id,session_key,date,position,overtaking_driver_number,overtaken_driver_number
1,7953,2023-03-05T15:03:45.594000+00:00,6,44,63
2,7953,2023-03-05T15:03:45.594000+00:00,5,44,14
3,7953,2023-03-05T15:03:45.594000+00:00,4,44,55
4,7953,2023-03-05T15:03:45.594000+00:00,3,44,16
5,7953,2023-03-05T15:03:45.594000+00:00,2,44,11
6,7953,2023-03-05T15:03:45.594000+00:00,1,44,1
7,7953,2023-03-05T15:03:45.750000+00:00,7,18,63
8,7953,2023-03-05T15:03:45.750000+00:00,6,18,14
9,7953,2023-03-05T15:03:45.750000+00:00,5,18,55
10,7953,2023-03-05T15:03:45.750000+00:00,4,18,16
11,7953,2023-03-05T15:03:45.750000+00:00,3,18,11
12,7953,2023-03-05T15:03:45.750000+00:00,2,18,1
13,7953,2023-03-05T15:03:45.828000+00:00,10,31,27
14,7953,2023-03-05T15:03:45.828000+00:00,9,31,63
15,7953,2023-03-05T15:03:45.828000+00:00,8,31,14
16,7953,2023-03-05T15:03:45.828000+00:00,7,31,55
17,7953,2023-03-05T15:03:45.828000+00:00,6,31,16
18,7953,2023-03-05T15:03:45.828000+00:00,5,31,11
19,7953,2023-03-05T15:03:45.828000+00:00,4,31,1
20,7953,2023-03-05T15:03:46.172000+00:00,10,27,63
21,7953,2023-03-05T15:03:46.172000+00:00,9,27,14
22,7953,2023-03-05T15:03:46.172000+00:00,8,27,55
23,7953,2023-03-05T15:03:46.172000+00:00,7,27,16
24,7953,2023-03-05T15:03:46.172000+00:00,6,27,11
25,7953,2023-03-05T15:03:46.172000+00:00,5,27,1
26,7953,2023-03-05T15:03:46.203000+00:00,11,77,63
27,7953,2023-03-05T15:03:46.203000+00:00,10,77,14
28,7953,2023-03-05T15:03:46.203000+00:00,9,77,55
29,7953,2023-03-05T15:03:46.203000+00:00,8,77,16
30,7953,2023-03-05T15:03:46.203000+00:00,7,77,11
31,7953,2023-03-05T15:03:46.203000+00:00,6,77,1
32,7953,2023-03-05T15:03:46.312000+00:00,14,23,22
33,7953,2023-03-05T15:03:46.312000+00:00,13,23,24
34,7953,2023-03-05T15:03:46.312000+00:00,12,23,63
35,7953,2023-03-05T15:03:46.312000+00:00,11,23,14
36,7953,2023-03-05T15:03:46.312000+00:00,10,23,55
37,7953,2023-03-05T15:03:46.312000+00:00,9,23,16
38,7953,2023-03-05T15:03:46.312000+00:00,8,23,11
39,7953,2023-03-05T15:03:46.312000+00:00,7,23,1
40,7953,2023-03-05T15:03:46.578000+00:00,13,24,63
41,7953,2023-03-05T15:03:46.578000+00:00,12,24,14
42,7953,2023-03-05T15:03:46.578000+00:00,11,24,55
43,7953,2023-03-05T15:03:46.578000+00:00,10,24,16
44,7953,2023-03-05T15:03:46.578000+00:00,9,24,11
45,7953,2023-03-05T15:03:46.578000+00:00,8,24,1
46,7953,2023-03-05T15:03:46.703000+00:00,8,1,24
47,7953,2023-03-05T15:03:46.703000+00:00,7,1,23
48,7953,2023-03-05T15:03:46.703000+00:00,6,1,77
49,7953,2023-03-05T15:03:46.703000+00:00,5,1,27
50,7953,2023-03-05T15:03:46.703000+00:00,4,1,4
51,7953,2023-03-05T15:03:46.703000+00:00,3,1,31
52,7953,2023-03-05T15:03:46.703000+00:00,2,1,18
53,7953,2023-03-05T15:03:46.703000+00:00,1,1,44
54,7953,2023-03-05T15:03:46.781000+00:00,14,22,63
55,7953,2023-03-05T15:03:46.781000+00:00,13,22,14
56,7953,2023-03-05T15:03:46.781000+00:00,12,22,55
57,7953,2023-03-05T15:03:46.781000+00:00,11,22,16
58,7953,2023-03-05T15:03:46.781000+00:00,10,22,11
59,7953,2023-03-05T15:03:46.812000+00:00,15,16,63
60,7953,2023-03-05T15:03:46.812000+00:00,14,16,14
61,7953,2023-03-05T15:03:46.812000+00:00,13,16,55
62,7953,2023-03-05T15:03:46.812000+00:00,12,16,11
63,7953,2023-03-05T15:03:46.812000+00:00,10,16,22
64,7953,2023-03-05T15:03:46.812000+00:00,9,16,24
65,7953,2023-03-05T15:03:46.812000+00:00,8,16,23
66,7953,2023-03-05T15:03:46.812000+00:00,7,16,77
67,7953,2023-03-05T15:03:46.812000+00:00,6,16,27
68,7953,2023-03-05T15:03:46.812000+00:00,5,16,4
69,7953,2023-03-05T15:03:46.812000+00:00,4,16,31
70,7953,2023-03-05T15:03:46.812000+00:00,3,16,18
71,7953,2023-03-05T15:03:46.812000+00:00,2,16,44
72,7953,2023-03-05T15:03:46.844000+00:00,16,11,63
73,7953,2023-03-05T15:03:46.844000+00:00,15,11,14
74,7953,2023-03-05T15:03:46.844000+00:00,14,11,55
75,7953,2023-03-05T15:03:46.844000+00:00,12,11,2
76,7953,2023-03-05T15:03:46.844000+00:00,11,11,22
77,7953,2023-03-05T15:03:46.844000+00:00,10,11,24
78,7953,2023-03-05T15:03:46.844000+00:00,9,11,23
79,7953,2023-03-05T15:03:46.844000+00:00,8,11,77
80,7953,2023-03-05T15:03:46.844000+00:00,7,11,27
81,7953,2023-03-05T15:03:46.844000+00:00,6,11,4
82,7953,2023-03-05T15:03:46.844000+00:00,5,11,31
83,7953,2023-03-05T15:03:46.844000+00:00,4,11,18
84,7953,2023-03-05T15:03:46.844000+00:00,3,11,44
85,7953,2023-03-05T15:03:46.875000+00:00,17,81,63
86,7953,2023-03-05T15:03:46.875000+00:00,16,81,14
87,7953,2023-03-05T15:03:46.875000+00:00,15,81,55
88,7953,2023-03-05T15:03:46.906000+00:00,15,55,81
89,7953,2023-03-05T15:03:46.906000+00:00,14,55,20
90,7953,2023-03-05T15:03:46.906000+00:00,13,55,2
91,7953,2023-03-05T15:03:46.906000+00:00,12,55,22
92,7953,2023-03-05T15:03:46.906000+00:00,11,55,24
93,7953,2023-03-05T15:03:46.906000+00:00,10,55,23
94,7953,2023-03-05T15:03:46.906000+00:00,9,55,77
95,7953,2023-03-05T15:03:46.906000+00:00,8,55,27
96,7953,2023-03-05T15:03:46.906000+00:00,7,55,4
97,7953,2023-03-05T15:03:46.906000+00:00,6,55,31
98,7953,2023-03-05T15:03:46.906000+00:00,5,55,18
99,7953,2023-03-05T15:03:46.906000+00:00,4,55,44
100,7953,2023-03-05T15:03:47.219000+00:00,16,14,81
101,7953,2023-03-05T15:03:47.219000+00:00,15,14,20
102,7953,2023-03-05T15:03:47.219000+00:00,14,14,2
103,7953,2023-03-05T15:03:47.219000+00:00,13,14,22
104,7953,2023-03-05T15:03:47.219000+00:00,12,14,24
105,7953,2023-03-05T15:03:47.219000+00:00,11,14,23
106,7953,2023-03-05T15:03:47.219000+00:00,10,14,77
107,7953,2023-03-05T15:03:47.219000+00:00,9,14,27
108,7953,2023-03-05T15:03:47.219000+00:00,8,14,4
109,7953,2023-03-05T15:03:47.219000+00:00,7,14,31
110,7953,2023-03-05T15:03:47.219000+00:00,6,14,18
111,7953,2023-03-05T15:03:47.219000+00:00,5,14,44
112,7953,2023-03-05T15:03:47.312000+00:00,19,10,21
113,7953,2023-03-05T15:03:47.312000+00:00,18,10,63
114,7953,2023-03-05T15:03:47.328000+00:00,19,21,63
115,7953,2023-03-05T15:03:47.328000+00:00,18,21,10
116,7953,2023-03-05T15:03:47.609000+00:00,19,63,10
117,7953,2023-03-05T15:03:47.609000+00:00,18,63,21
118,7953,2023-03-05T15:03:47.609000+00:00,17,63,81
119,7953,2023-03-05T15:03:47.609000+00:00,16,63,20
120,7953,2023-03-05T15:03:47.609000+00:00,15,63,2
121,7953,2023-03-05T15:03:47.609000+00:00,14,63,22
122,7953,2023-03-05T15:03:47.609000+00:00,13,63,24
123,7953,2023-03-05T15:03:47.609000+00:00,12,63,23
124,7953,2023-03-05T15:03:47.609000+00:00,11,63,77
125,7953,2023-03-05T15:03:47.609000+00:00,10,63,27
126,7953,2023-03-05T15:03:47.609000+00:00,9,63,4
127,7953,2023-03-05T15:03:47.609000+00:00,8,63,31
128,7953,2023-03-05T15:03:47.609000+00:00,7,63,18
129,7953,2023-03-05T15:03:47.781000+00:00,9,4,31
130,7953,2023-03-05T15:03:50.015000+00:00,7,18,63
131,7953,2023-03-05T15:03:50.750000+00:00,11,77,27
132,7953,2023-03-05T15:03:50.797000+00:00,12,23,27
133,7953,2023-03-05T15:03:51.843000+00:00,19,10,21
134,7953,2023-03-05T15:03:55.312000+00:00,8,63,4
135,7953,2023-03-05T15:03:55.765000+00:00,10,77,31
136,7953,2023-03-05T15:03:56.187000+00:00,12,27,23
137,7953,2023-03-05T15:03:56.609000+00:00,14,22,24
138,7953,2023-03-05T15:03:56.671000+00:00,15,2,24
139,7953,2023-03-05T15:03:56.922000+00:00,17,81,20
140,7953,2023-03-05T15:04:00.125000+00:00,9,77,4
141,7953,2023-03-05T15:04:01.500000+00:00,16,81,24
142,7953,2023-03-05T15:04:05.171000+00:00,7,63,18
143,7953,2023-03-05T15:04:07.187000+00:00,17,20,24
144,7953,2023-03-05T15:04:09.453000+00:00,5,44,14
145,7953,2023-03-05T15:04:11.328000+00:00,12,23,27
146,7953,2023-03-05T15:04:11.906000+00:00,14,2,22
147,7953,2023-03-05T15:04:12.468000+00:00,16,20,81
148,7953,2023-03-05T15:04:12.859000+00:00,18,10,24
149,7953,2023-03-05T15:04:13.406000+00:00,6,63,14
150,7953,2023-03-05T15:04:14.109000+00:00,8,77,18
151,7953,2023-03-05T15:04:20.484000+00:00,16,81,20
152,7953,2023-03-05T15:04:20.890000+00:00,18,24,10
153,7953,2023-03-05T15:04:25.046000+00:00,17,24,20
154,7953,2023-03-05T15:04:30.749000+00:00,13,2,27
155,7953,2023-03-05T15:05:56.466000+00:00,18,10,20
156,7953,2023-03-05T15:08:14.839000+00:00,19,21,20
157,7953,2023-03-05T15:08:57.963000+00:00,10,31,4
158,7953,2023-03-05T15:09:00.744000+00:00,14,22,27
159,7953,2023-03-05T15:09:08.463000+00:00,11,23,4
160,7953,2023-03-05T15:10:35.664000+00:00,8,18,77
161,7953,2023-03-05T15:10:54.867000+00:00,12,4,2
162,7953,2023-03-05T15:18:56.983000+00:00,18,21,10
163,7953,2023-03-05T15:19:03.718000+00:00,19,20,10
164,7953,2023-03-05T15:20:32.560000+00:00,12,2,4
165,7953,2023-03-05T15:20:41.356000+00:00,15,81,27
166,7953,2023-03-05T15:20:41.356000+00:00,14,81,22
167,7953,2023-03-05T15:20:41.356000+00:00,13,81,4
168,7953,2023-03-05T15:20:41.419000+00:00,15,27,22
169,7953,2023-03-05T15:20:41.419000+00:00,14,27,4
170,7953,2023-03-05T15:20:41.981000+00:00,16,24,22
171,7953,2023-03-05T15:20:41.981000+00:00,15,24,4
172,7953,2023-03-05T15:20:43.497000+00:00,17,21,22
173,7953,2023-03-05T15:20:43.497000+00:00,16,21,4
174,7953,2023-03-05T15:20:45.434000+00:00,18,20,22
175,7953,2023-03-05T15:20:45.434000+00:00,17,20,4
176,7953,2023-03-05T15:20:59.590000+00:00,18,22,4
177,7953,2023-03-05T15:21:06.590000+00:00,19,10,4
178,7953,2023-03-05T15:21:43.293000+00:00,14,24,27
179,7953,2023-03-05T15:22:13.949000+00:00,9,31,77
180,7953,2023-03-05T15:22:14.152000+00:00,11,2,23
181,7953,2023-03-05T15:22:18.917000+00:00,10,2,77
182,7953,2023-03-05T15:22:22.667000+00:00,19,4,27
183,7953,2023-03-05T15:22:22.667000+00:00,19,27,4
184,7953,2023-03-05T15:22:22.667000+00:00,18,27,10
185,7953,2023-03-05T15:22:22.667000+00:00,17,27,22
186,7953,2023-03-05T15:22:22.667000+00:00,16,27,21
187,7953,2023-03-05T15:22:23.042000+00:00,12,81,23
188,7953,2023-03-05T15:22:23.042000+00:00,11,81,77
189,7953,2023-03-05T15:22:24.370000+00:00,13,24,23
190,7953,2023-03-05T15:22:24.370000+00:00,12,24,77
191,7953,2023-03-05T15:22:27.511000+00:00,14,20,23
192,7953,2023-03-05T15:22:27.511000+00:00,13,20,77
193,7953,2023-03-05T15:22:40.885000+00:00,17,22,21
194,7953,2023-03-05T15:22:40.885000+00:00,16,22,27
195,7953,2023-03-05T15:22:43.682000+00:00,18,10,21
196,7953,2023-03-05T15:22:43.682000+00:00,17,10,27
197,7953,2023-03-05T15:22:47.323000+00:00,18,21,27
198,7953,2023-03-05T15:22:50.370000+00:00,19,4,27
199,7953,2023-03-05T15:22:50.370000+00:00,18,4,21
200,7953,2023-03-05T15:23:41.884000+00:00,5,63,44
201,7953,2023-03-05T15:23:42.384000+00:00,6,14,44
202,7953,2023-03-05T15:23:48.384000+00:00,7,18,44
203,7953,2023-03-05T15:24:04.243000+00:00,10,81,2
204,7953,2023-03-05T15:24:04.243000+00:00,9,81,31
205,7953,2023-03-05T15:24:04.243000+00:00,8,81,44
206,7953,2023-03-05T15:24:05.509000+00:00,5,14,63
207,7953,2023-03-05T15:24:08.884000+00:00,12,20,24
208,7953,2023-03-05T15:24:08.884000+00:00,11,20,2
209,7953,2023-03-05T15:24:08.884000+00:00,10,20,31
210,7953,2023-03-05T15:24:12.946000+00:00,13,77,24
211,7953,2023-03-05T15:24:12.946000+00:00,12,77,2
212,7953,2023-03-05T15:24:12.946000+00:00,11,77,31
213,7953,2023-03-05T15:24:13.696000+00:00,5,63,14
214,7953,2023-03-05T15:24:18.040000+00:00,5,14,63
215,7953,2023-03-05T15:24:18.712000+00:00,14,23,24
216,7953,2023-03-05T15:24:18.712000+00:00,13,23,2
217,7953,2023-03-05T15:24:19.977000+00:00,15,22,24
218,7953,2023-03-05T15:24:19.977000+00:00,14,22,2
219,7953,2023-03-05T15:24:22.602000+00:00,16,10,24
220,7953,2023-03-05T15:24:24.212000+00:00,15,10,2
221,7953,2023-03-05T15:24:29.634000+00:00,17,4,24
222,7953,2023-03-05T15:24:31.868000+00:00,12,23,31
223,7953,2023-03-05T15:24:38.680000+00:00,18,21,24
224,7953,2023-03-05T15:24:48.868000+00:00,19,27,24
225,7953,2023-03-05T15:24:52.180000+00:00,8,44,81
226,7953,2023-03-05T15:25:04.305000+00:00,9,20,81
227,7953,2023-03-05T15:25:07.102000+00:00,2,11,16
228,7953,2023-03-05T15:25:08.602000+00:00,10,77,81
229,7953,2023-03-05T15:25:24.867000+00:00,6,18,63
230,7953,2023-03-05T15:25:27.632000+00:00,4,14,55
231,7953,2023-03-05T15:25:27.632000+00:00,3,14,16
232,7953,2023-03-05T15:25:29.367000+00:00,5,18,55
233,7953,2023-03-05T15:25:29.367000+00:00,4,18,16
234,7953,2023-03-05T15:25:41.773000+00:00,11,23,81
235,7953,2023-03-05T15:25:42.304000+00:00,12,31,81
236,7953,2023-03-05T15:25:46.445000+00:00,7,44,63
237,7953,2023-03-05T15:25:50.554000+00:00,8,20,63
238,7953,2023-03-05T15:25:50.695000+00:00,9,77,63
239,7953,2023-03-05T15:25:53.210000+00:00,13,22,81
240,7953,2023-03-05T15:25:54.148000+00:00,8,77,20
241,7953,2023-03-05T15:25:57.101000+00:00,14,10,81
242,7953,2023-03-05T15:25:58.210000+00:00,15,2,81
243,7953,2023-03-05T15:26:07.554000+00:00,16,4,81
244,7953,2023-03-05T15:26:09.100000+00:00,17,21,81
245,7953,2023-03-05T15:26:09.944000+00:00,18,27,81
246,7953,2023-03-05T15:26:10.038000+00:00,19,24,81
247,7953,2023-03-05T15:26:18.413000+00:00,18,24,27
248,7953,2023-03-05T15:26:33.006000+00:00,18,27,24
249,7953,2023-03-05T15:26:50.787000+00:00,1,11,1
250,7953,2023-03-05T15:27:04.678000+00:00,3,18,14
251,7953,2023-03-05T15:27:12.162000+00:00,4,16,14
252,7953,2023-03-05T15:27:23.302000+00:00,5,55,14
253,7953,2023-03-05T15:27:24.708000+00:00,6,44,14
254,7953,2023-03-05T15:27:30.708000+00:00,7,77,14
255,7953,2023-03-05T15:27:35.896000+00:00,9,63,20
256,7953,2023-03-05T15:28:45.691000+00:00,3,16,18
257,7953,2023-03-05T15:29:01.285000+00:00,4,55,18
258,7953,2023-03-05T15:29:03.254000+00:00,5,44,18
259,7953,2023-03-05T15:29:07.894000+00:00,6,77,18
260,7953,2023-03-05T15:29:09.472000+00:00,7,14,18
261,7953,2023-03-05T15:29:09.941000+00:00,8,63,18
262,7953,2023-03-05T15:29:10.269000+00:00,10,23,20
263,7953,2023-03-05T15:29:12.363000+00:00,12,22,31
264,7953,2023-03-05T15:29:17.160000+00:00,11,22,20
265,7953,2023-03-05T15:29:19.785000+00:00,13,10,31
266,7953,2023-03-05T15:29:19.785000+00:00,12,10,20
267,7953,2023-03-05T15:29:20.269000+00:00,14,2,31
268,7953,2023-03-05T15:29:20.269000+00:00,13,2,20
269,7953,2023-03-05T15:29:25.675000+00:00,15,4,31
270,7953,2023-03-05T15:29:25.675000+00:00,14,4,20
271,7953,2023-03-05T15:29:26.784000+00:00,16,21,31
272,7953,2023-03-05T15:29:26.784000+00:00,15,21,20
273,7953,2023-03-05T15:29:27.925000+00:00,17,27,31
274,7953,2023-03-05T15:29:27.925000+00:00,16,27,20
275,7953,2023-03-05T15:29:28.691000+00:00,18,24,31
276,7953,2023-03-05T15:29:28.691000+00:00,17,24,20
277,7953,2023-03-05T15:31:04.783000+00:00,6,14,77
278,7953,2023-03-05T15:31:56.110000+00:00,1,1,11
279,7953,2023-03-05T15:32:06.500000+00:00,2,16,11
280,7953,2023-03-05T15:32:40.062000+00:00,14,21,4
281,7953,2023-03-05T15:32:44.453000+00:00,7,63,77
282,7953,2023-03-05T15:32:46.468000+00:00,15,27,4
283,7953,2023-03-05T15:32:46.796000+00:00,16,24,4
284,7953,2023-03-05T15:32:56.077000+00:00,17,20,4
285,7953,2023-03-05T15:33:04.905000+00:00,15,24,27
286,7953,2023-03-05T15:33:14.687000+00:00,18,31,4
287,7953,2023-03-05T15:35:47.699000+00:00,8,18,77
288,7953,2023-03-05T15:35:47.715000+00:00,8,77,18
289,7953,2023-03-05T15:35:49.637000+00:00,8,18,77
290,7953,2023-03-05T15:41:46.037000+00:00,18,4,31
291,7953,2023-03-05T15:44:36.143000+00:00,14,24,21
292,7953,2023-03-05T15:45:19.173000+00:00,2,11,16
293,7953,2023-03-05T15:45:55.095000+00:00,12,2,10
294,7953,2023-03-05T15:45:59.657000+00:00,13,24,10
295,7953,2023-03-05T15:46:01.001000+00:00,14,21,10
296,7953,2023-03-05T15:46:05.641000+00:00,15,27,10
297,7953,2023-03-05T15:46:07.673000+00:00,16,20,10
298,7953,2023-03-05T15:47:35.140000+00:00,11,2,22
299,7953,2023-03-05T15:47:35.140000+00:00,10,2,23
300,7953,2023-03-05T15:47:39.093000+00:00,12,24,22
301,7953,2023-03-05T15:47:39.093000+00:00,11,24,23
302,7953,2023-03-05T15:47:40.983000+00:00,13,21,22
303,7953,2023-03-05T15:47:40.983000+00:00,12,21,23
304,7953,2023-03-05T15:47:42.405000+00:00,15,20,27
305,7953,2023-03-05T15:47:47.249000+00:00,14,20,22
306,7953,2023-03-05T15:47:47.249000+00:00,13,20,23
307,7953,2023-03-05T15:47:54.421000+00:00,16,10,27
308,7953,2023-03-05T15:48:02.045000+00:00,17,4,27
309,7953,2023-03-05T15:48:05.936000+00:00,18,31,27
310,7953,2023-03-05T15:48:07.420000+00:00,15,10,22
311,7953,2023-03-05T15:48:38.592000+00:00,15,22,10
312,7953,2023-03-05T15:48:44.685000+00:00,15,10,22
313,7953,2023-03-05T15:49:26.560000+00:00,12,20,21
314,7953,2023-03-05T15:49:32.263000+00:00,13,23,21
315,7953,2023-03-05T15:49:32.919000+00:00,14,10,21
316,7953,2023-03-05T15:49:33.575000+00:00,15,22,21
317,7953,2023-03-05T15:49:45.575000+00:00,17,31,4
318,7953,2023-03-05T15:50:00.653000+00:00,18,27,4
319,7953,2023-03-05T15:52:34.009000+00:00,9,2,77
320,7953,2023-03-05T15:52:37.072000+00:00,10,24,77
321,7953,2023-03-05T15:52:43.119000+00:00,12,23,20
322,7953,2023-03-05T15:52:48.697000+00:00,13,10,20
323,7953,2023-03-05T15:52:49.134000+00:00,14,22,20
324,7953,2023-03-05T15:53:01.509000+00:00,15,21,20
325,7953,2023-03-05T15:53:08.321000+00:00,16,31,20
326,7953,2023-03-05T15:53:37.399000+00:00,5,14,44
327,7953,2023-03-05T15:53:47.867000+00:00,6,63,44
328,7953,2023-03-05T15:54:11.679000+00:00,9,24,2
329,7953,2023-03-05T15:54:22.398000+00:00,10,77,2
330,7953,2023-03-05T15:54:25.632000+00:00,11,23,2
331,7953,2023-03-05T15:54:26.429000+00:00,12,10,2
332,7953,2023-03-05T15:54:27.304000+00:00,13,22,2
333,7953,2023-03-05T15:55:20.288000+00:00,4,14,55
334,7953,2023-03-05T15:55:42.568000+00:00,6,44,63
335,7953,2023-03-05T15:56:07.912000+00:00,7,18,63
336,7953,2023-03-05T15:57:16.520000+00:00,16,20,31
337,7953,2023-03-05T15:57:32.504000+00:00,9,77,24
338,7953,2023-03-05T15:57:41.676000+00:00,10,23,24
339,7953,2023-03-05T15:57:42.410000+00:00,11,10,24
340,7953,2023-03-05T15:57:43.113000+00:00,12,22,24
341,7953,2023-03-05T15:57:53.316000+00:00,13,2,24
342,7953,2023-03-05T15:57:54.988000+00:00,14,21,24
343,7953,2023-03-05T15:58:03.441000+00:00,17,27,31
344,7953,2023-03-05T15:58:21.191000+00:00,18,4,31
345,7953,2023-03-05T15:58:35.893000+00:00,3,14,16
346,7953,2023-03-05T16:00:22.704000+00:00,3,16,14
347,7953,2023-03-05T16:00:31.829000+00:00,4,55,14
348,7953,2023-03-05T16:00:37.469000+00:00,5,44,14
349,7953,2023-03-05T16:04:07.169000+00:00,5,14,44
350,7953,2023-03-05T16:04:12.512000+00:00,5,44,14
351,7953,2023-03-05T16:06:16.026000+00:00,5,14,44
352,7953,2023-03-05T16:06:57.728000+00:00,18,31,4
353,7953,2023-03-05T16:09:55.694000+00:00,3,55,16
354,7953,2023-03-05T16:09:57.928000+00:00,4,14,16
355,7953,2023-03-05T16:09:59.006000+00:00,5,44,16
356,7953,2023-03-05T16:10:05.272000+00:00,6,18,16
357,7953,2023-03-05T16:10:07.069000+00:00,7,63,16
358,7953,2023-03-05T16:10:19.146000+00:00,8,77,16
359,7953,2023-03-05T16:10:31.006000+00:00,9,23,16
360,7953,2023-03-05T16:10:32.131000+00:00,10,10,16
361,7953,2023-03-05T16:10:33.459000+00:00,11,22,16
362,7953,2023-03-05T16:10:42.849000+00:00,12,2,16
363,7953,2023-03-05T16:10:52.052000+00:00,13,21,16
364,7953,2023-03-05T16:10:53.021000+00:00,14,24,16
365,7953,2023-03-05T16:10:57.677000+00:00,15,20,16
366,7953,2023-03-05T16:11:04.380000+00:00,16,27,16
367,7953,2023-03-05T16:11:18.192000+00:00,12,21,2
368,7953,2023-03-05T16:11:18.192000+00:00,11,21,22
369,7953,2023-03-05T16:11:19.942000+00:00,13,24,2
370,7953,2023-03-05T16:11:20.395000+00:00,10,21,10
371,7953,2023-03-05T16:11:20.395000+00:00,9,21,23
372,7953,2023-03-05T16:11:22.380000+00:00,12,24,22
373,7953,2023-03-05T16:11:22.942000+00:00,9,23,21
374,7953,2023-03-05T16:11:23.598000+00:00,10,10,21
375,7953,2023-03-05T16:11:29.458000+00:00,10,21,10
376,7953,2023-03-05T16:11:40.723000+00:00,10,10,21
377,7953,2023-03-05T16:11:56.379000+00:00,17,31,16
378,7953,2023-03-05T16:12:07.707000+00:00,18,4,16
379,7953,2023-03-05T16:13:15.784000+00:00,9,10,23
380,7953,2023-03-05T16:13:24.018000+00:00,12,22,24
381,7953,2023-03-05T16:13:29.377000+00:00,11,22,21
382,7953,2023-03-05T16:14:06.533000+00:00,17,4,31
383,7953,2023-03-05T16:14:59.454000+00:00,12,24,21
384,7953,2023-03-05T16:16:30.671000+00:00,13,2,21
385,7953,2023-03-05T16:18:14.497000+00:00,3,14,55
386,7953,2023-03-05T16:19:46.949000+00:00,12,2,24
387,7953,2023-03-05T16:19:53.902000+00:00,12,24,2
388,7953,2023-03-05T16:21:42.025000+00:00,12,2,24
389,7953,2023-03-05T16:28:01.471000+00:00,6,63,18
390,7953,2023-03-05T16:28:02.893000+00:00,6,18,63
391,7953,2023-03-05T16:28:09.299000+00:00,14,20,21
392,7953,2023-03-05T16:34:39.823000+00:00,13,20,24
393,7953,2023-03-05T16:34:44.479000+00:00,14,21,24
394,7953,2023-03-05T16:34:46.464000+00:00,15,27,24
395,7779,2023-03-19T17:03:57.623000+00:00,1,14,11
396,7779,2023-03-19T17:03:59.389000+00:00,11,16,24
397,7779,2023-03-19T17:03:59.389000+00:00,10,16,27
398,7779,2023-03-19T17:03:59.404000+00:00,11,24,27
399,7779,2023-03-19T17:04:00.311000+00:00,16,23,22
400,7779,2023-03-19T17:04:00.389000+00:00,16,22,23
401,7779,2023-03-19T17:04:00.498000+00:00,18,4,21
402,7779,2023-03-19T17:04:02.842000+00:00,8,10,81
403,7779,2023-03-19T17:04:07.935000+00:00,8,81,10
404,7779,2023-03-19T17:04:13.779000+00:00,16,23,22
405,7779,2023-03-19T17:04:19.466000+00:00,16,22,23
406,7779,2023-03-19T17:04:32.904000+00:00,4,18,55
407,7779,2023-03-19T17:04:41.607000+00:00,8,10,81
408,7779,2023-03-19T17:04:43.560000+00:00,16,23,22
409,7779,2023-03-19T17:04:48.232000+00:00,16,22,23
410,7779,2023-03-19T17:04:57.294000+00:00,9,16,81
411,7779,2023-03-19T17:05:03.497000+00:00,9,81,16
412,7779,2023-03-19T17:05:05.981000+00:00,9,16,81
413,7779,2023-03-19T17:05:06.716000+00:00,12,20,27
414,7779,2023-03-19T17:05:21.637000+00:00,14,1,77
415,7779,2023-03-19T17:05:23.856000+00:00,10,24,81
416,7779,2023-03-19T17:05:27.981000+00:00,10,81,24
417,7779,2023-03-19T17:05:35.528000+00:00,10,24,81
418,7779,2023-03-19T17:05:35.637000+00:00,11,20,81
419,7779,2023-03-19T17:05:35.715000+00:00,12,27,81
420,7779,2023-03-19T17:05:36.153000+00:00,13,1,81
421,7779,2023-03-19T17:05:36.684000+00:00,15,22,77
422,7779,2023-03-19T17:05:36.684000+00:00,14,22,81
423,7779,2023-03-19T17:05:36.746000+00:00,15,77,81
424,7779,2023-03-19T17:05:37.043000+00:00,16,23,81
425,7779,2023-03-19T17:05:37.293000+00:00,17,4,81
426,7779,2023-03-19T17:05:37.684000+00:00,18,21,81
427,7779,2023-03-19T17:05:38.996000+00:00,10,20,24
428,7779,2023-03-19T17:05:41.559000+00:00,19,2,81
429,7779,2023-03-19T17:05:44.355000+00:00,10,24,20
430,7779,2023-03-19T17:06:25.792000+00:00,18,2,21
431,7779,2023-03-19T17:07:17.651000+00:00,17,2,4
432,7779,2023-03-19T17:07:18.416000+00:00,18,21,4
433,7779,2023-03-19T17:07:46.650000+00:00,19,81,4
434,7779,2023-03-19T17:08:47.649000+00:00,1,11,14
435,7779,2023-03-19T17:09:08.211000+00:00,12,1,27
436,7779,2023-03-19T17:10:30.132000+00:00,11,1,20
437,7779,2023-03-19T17:12:07.505000+00:00,12,27,20
438,7779,2023-03-19T17:13:43.362000+00:00,8,16,10
439,7779,2023-03-19T17:15:22.361000+00:00,10,1,24
440,7779,2023-03-19T17:15:30.345000+00:00,15,23,77
441,7779,2023-03-19T17:15:37.173000+00:00,17,21,2
442,7779,2023-03-19T17:16:55.031000+00:00,7,16,44
443,7779,2023-03-19T17:16:55.593000+00:00,13,22,20
444,7779,2023-03-19T17:17:02.062000+00:00,14,23,20
445,7779,2023-03-19T17:17:03.484000+00:00,15,77,20
446,7779,2023-03-19T17:17:03.656000+00:00,16,21,20
447,7779,2023-03-19T17:17:04.187000+00:00,17,2,20
448,7779,2023-03-19T17:18:13.326000+00:00,9,1,10
449,7779,2023-03-19T17:18:37.623000+00:00,15,21,77
450,7779,2023-03-19T17:18:38.154000+00:00,16,2,77
451,7779,2023-03-19T17:18:53.013000+00:00,17,20,77
452,7779,2023-03-19T17:18:55.888000+00:00,18,81,77
453,7779,2023-03-19T17:21:38.401000+00:00,8,1,44
454,7779,2023-03-19T17:21:44.276000+00:00,12,22,27
455,7779,2023-03-19T17:21:47.713000+00:00,11,22,24
456,7779,2023-03-19T17:21:50.354000+00:00,13,23,27
457,7779,2023-03-19T17:21:50.354000+00:00,12,23,24
458,7779,2023-03-19T17:21:54.244000+00:00,14,21,27
459,7779,2023-03-19T17:21:54.244000+00:00,13,21,24
460,7779,2023-03-19T17:21:54.932000+00:00,15,2,27
461,7779,2023-03-19T17:21:54.932000+00:00,14,2,24
462,7779,2023-03-19T17:22:04.603000+00:00,16,20,27
463,7779,2023-03-19T17:22:15.056000+00:00,15,20,24
464,7779,2023-03-19T17:23:16.540000+00:00,6,16,31
465,7779,2023-03-19T17:23:27.211000+00:00,16,27,24
466,7779,2023-03-19T17:23:41.695000+00:00,16,24,27
467,7779,2023-03-19T17:24:38.851000+00:00,4,55,18
468,7779,2023-03-19T17:24:46.694000+00:00,5,16,18
469,7779,2023-03-19T17:24:48.397000+00:00,6,31,18
470,7779,2023-03-19T17:24:48.429000+00:00,7,1,18
471,7779,2023-03-19T17:24:50.835000+00:00,8,44,18
472,7779,2023-03-19T17:24:52.741000+00:00,9,10,18
473,7779,2023-03-19T17:24:53.757000+00:00,6,1,31
474,7779,2023-03-19T17:24:59.678000+00:00,10,22,18
475,7779,2023-03-19T17:26:35.598000+00:00,9,22,10
476,7779,2023-03-19T17:26:38.989000+00:00,10,18,10
477,7779,2023-03-19T17:26:39.177000+00:00,11,23,10
478,7779,2023-03-19T17:26:42.958000+00:00,12,21,10
479,7779,2023-03-19T17:26:44.192000+00:00,13,2,10
480,7779,2023-03-19T17:27:56.394000+00:00,4,16,55
481,7779,2023-03-19T17:27:57.331000+00:00,5,1,55
482,7779,2023-03-19T17:28:01.175000+00:00,6,31,55
483,7779,2023-03-19T17:28:02.222000+00:00,7,44,55
484,7779,2023-03-19T17:28:16.612000+00:00,8,22,55
485,7779,2023-03-19T17:29:28.439000+00:00,4,1,16
486,7779,2023-03-19T17:29:34.002000+00:00,6,44,31
487,7779,2023-03-19T17:29:37.376000+00:00,5,44,16
488,7779,2023-03-19T17:29:46.861000+00:00,7,22,31
489,7779,2023-03-19T17:29:46.861000+00:00,6,22,16
490,7779,2023-03-19T17:29:48.267000+00:00,8,55,31
491,7779,2023-03-19T17:29:48.267000+00:00,7,55,16
492,7779,2023-03-19T17:29:51.845000+00:00,9,18,31
493,7779,2023-03-19T17:29:52.751000+00:00,10,23,31
494,7779,2023-03-19T17:29:55.110000+00:00,11,21,31
495,7779,2023-03-19T17:30:02.142000+00:00,12,2,31
496,7779,2023-03-19T17:30:34.579000+00:00,9,23,18
497,7779,2023-03-19T17:30:36.610000+00:00,10,21,18
498,7779,2023-03-19T17:30:38.594000+00:00,11,2,18
499,7779,2023-03-19T17:30:39.422000+00:00,12,31,18
500,7779,2023-03-19T17:30:41.766000+00:00,13,10,18
501,7779,2023-03-19T17:30:43.594000+00:00,14,20,18
502,7779,2023-03-19T17:30:45.672000+00:00,15,24,18
503,7779,2023-03-19T17:30:48.297000+00:00,16,27,18
504,7779,2023-03-19T17:30:50.969000+00:00,17,81,18
505,7779,2023-03-19T17:30:57.266000+00:00,18,77,18
506,7779,2023-03-19T17:30:58.906000+00:00,19,4,18
507,7779,2023-03-19T17:31:32.312000+00:00,6,55,22
508,7779,2023-03-19T17:31:34.718000+00:00,7,16,22
509,7779,2023-03-19T17:31:40.437000+00:00,10,2,21
510,7779,2023-03-19T17:31:45.030000+00:00,9,2,23
511,7779,2023-03-19T17:31:45.030000+00:00,8,2,22
512,7779,2023-03-19T17:31:46.780000+00:00,11,31,21
513,7779,2023-03-19T17:31:46.780000+00:00,10,31,23
514,7779,2023-03-19T17:31:49.296000+00:00,12,10,21
515,7779,2023-03-19T17:31:49.296000+00:00,11,10,23
516,7779,2023-03-19T17:31:51.827000+00:00,13,20,21
517,7779,2023-03-19T17:31:51.827000+00:00,12,20,23
518,7779,2023-03-19T17:31:55.124000+00:00,14,24,21
519,7779,2023-03-19T17:31:57.952000+00:00,15,27,21
520,7779,2023-03-19T17:31:59.155000+00:00,9,31,22
521,7779,2023-03-19T17:32:06.014000+00:00,9,22,31
522,7779,2023-03-19T17:32:09.171000+00:00,18,4,77
523,7779,2023-03-19T17:33:43.575000+00:00,5,55,44
524,7779,2023-03-19T17:33:55.044000+00:00,8,22,2
525,7779,2023-03-19T17:33:56.372000+00:00,9,31,2
526,7779,2023-03-19T17:34:03.434000+00:00,10,10,2
527,7779,2023-03-19T17:34:06.903000+00:00,11,20,2
528,7779,2023-03-19T17:34:08.700000+00:00,12,23,2
529,7779,2023-03-19T17:34:13.621000+00:00,14,27,24
530,7779,2023-03-19T17:34:13.621000+00:00,13,27,2
531,7779,2023-03-19T17:34:14.825000+00:00,15,21,24
532,7779,2023-03-19T17:34:14.825000+00:00,14,21,2
533,7779,2023-03-19T17:34:17.434000+00:00,16,81,24
534,7779,2023-03-19T17:36:41.213000+00:00,18,77,4
535,7779,2023-03-19T17:38:47.085000+00:00,12,27,23
536,7779,2023-03-19T17:38:47.679000+00:00,14,2,21
537,7779,2023-03-19T17:38:54.382000+00:00,16,24,81
538,7779,2023-03-19T17:40:27.787000+00:00,17,77,81
539,7779,2023-03-19T17:40:31.786000+00:00,5,44,55
540,7779,2023-03-19T17:40:33.380000+00:00,17,81,77
541,7779,2023-03-19T17:41:51.598000+00:00,18,4,77
542,7779,2023-03-19T17:42:04.394000+00:00,15,24,21
543,7779,2023-03-19T17:43:12.252000+00:00,3,1,63
544,7779,2023-03-19T17:43:35.580000+00:00,8,31,22
545,7779,2023-03-19T17:45:03.657000+00:00,2,1,14
546,7779,2023-03-19T17:45:17.766000+00:00,9,10,22
547,7779,2023-03-19T17:45:18.500000+00:00,17,4,81
548,7779,2023-03-19T17:48:09.684000+00:00,13,2,23
549,7779,2023-03-19T17:48:17.481000+00:00,14,24,23
550,7779,2023-03-19T17:48:28.450000+00:00,15,21,23
551,7779,2023-03-19T17:48:34.496000+00:00,16,4,23
552,7779,2023-03-19T17:48:41.246000+00:00,17,81,23
553,7779,2023-03-19T17:48:43.824000+00:00,18,77,23
554,7779,2023-03-19T18:06:02.259000+00:00,13,24,2
555,7779,2023-03-19T18:12:08.627000+00:00,14,21,2
556,7779,2023-03-19T18:16:52.013000+00:00,16,81,4
557,7779,2023-03-19T18:17:12.122000+00:00,16,4,81
558,7779,2023-03-19T18:18:12.667000+00:00,10,20,22
559,7779,2023-03-19T18:18:19.886000+00:00,10,22,20
560,7779,2023-03-19T18:18:29.511000+00:00,10,20,22
561,7779,2023-03-19T18:21:56.320000+00:00,16,81,4
562,7779,2023-03-19T18:25:04.801000+00:00,15,81,2
563,7787,2023-04-02T05:03:28.996000+00:00,8,10,23
564,7787,2023-04-02T05:03:28.996000+00:00,10,31,27
565,7787,2023-04-02T05:03:29.496000+00:00,15,81,21
566,7787,2023-04-02T05:03:32.793000+00:00,1,63,1
567,7787,2023-04-02T05:03:34.824000+00:00,19,11,77
568,7787,2023-04-02T05:03:36.231000+00:00,16,24,21
569,7787,2023-04-02T05:03:37.418000+00:00,4,55,14
570,7787,2023-04-02T05:03:40.621000+00:00,3,55,44
571,7787,2023-04-02T05:03:41.106000+00:00,6,16,18
572,7787,2023-04-02T05:03:43.418000+00:00,15,24,81
573,7787,2023-04-02T05:03:44.684000+00:00,3,44,55
574,7787,2023-04-02T05:03:44.684000+00:00,2,44,1
575,7787,2023-04-02T05:03:45.840000+00:00,8,23,10
576,7787,2023-04-02T05:03:45.840000+00:00,7,23,18
577,7787,2023-04-02T05:03:45.840000+00:00,6,23,16
578,7787,2023-04-02T05:03:45.887000+00:00,7,18,16
579,7787,2023-04-02T05:03:46.277000+00:00,8,10,16
580,7787,2023-04-02T05:03:46.355000+00:00,9,31,16
581,7787,2023-04-02T05:03:46.496000+00:00,10,27,16
582,7787,2023-04-02T05:03:46.793000+00:00,11,22,16
583,7787,2023-04-02T05:03:47.059000+00:00,12,4,16
584,7787,2023-04-02T05:03:47.371000+00:00,13,20,16
585,7787,2023-04-02T05:03:47.684000+00:00,15,81,24
586,7787,2023-04-02T05:03:47.684000+00:00,14,81,16
587,7787,2023-04-02T05:03:47.699000+00:00,15,24,16
588,7787,2023-04-02T05:03:47.699000+00:00,14,24,81
589,7787,2023-04-02T05:03:48.309000+00:00,16,21,16
590,7787,2023-04-02T05:03:48.699000+00:00,17,2,16
591,7787,2023-04-02T05:03:52.012000+00:00,18,11,16
592,7787,2023-04-02T05:03:53.074000+00:00,14,81,24
593,7787,2023-04-02T05:03:53.246000+00:00,19,77,16
594,7787,2023-04-02T05:04:18.433000+00:00,16,2,21
595,7787,2023-04-02T05:04:23.027000+00:00,16,21,2
596,7787,2023-04-02T05:05:01.620000+00:00,9,27,31
597,7787,2023-04-02T05:05:03.433000+00:00,10,22,31
598,7787,2023-04-02T05:05:05.667000+00:00,11,4,31
599,7787,2023-04-02T05:05:06.683000+00:00,12,20,31
600,7787,2023-04-02T05:05:07.339000+00:00,13,81,31
601,7787,2023-04-02T05:05:08.480000+00:00,15,21,24
602,7787,2023-04-02T05:05:08.480000+00:00,14,21,31
603,7787,2023-04-02T05:07:23.431000+00:00,18,77,11
604,7787,2023-04-02T05:07:23.431000+00:00,17,77,2
605,7787,2023-04-02T05:07:42.759000+00:00,18,11,2
606,7787,2023-04-02T05:10:25.898000+00:00,17,11,77
607,7787,2023-04-02T05:13:10.255000+00:00,16,11,24
608,7787,2023-04-02T05:14:09.661000+00:00,6,18,23
609,7787,2023-04-02T05:14:11.145000+00:00,7,10,23
610,7787,2023-04-02T05:14:12.098000+00:00,8,27,23
611,7787,2023-04-02T05:14:14.442000+00:00,9,22,23
612,7787,2023-04-02T05:14:14.817000+00:00,10,4,23
613,7787,2023-04-02T05:14:15.504000+00:00,11,20,23
614,7787,2023-04-02T05:14:16.286000+00:00,12,81,23
615,7787,2023-04-02T05:14:17.395000+00:00,13,21,23
616,7787,2023-04-02T05:14:18.317000+00:00,14,31,23
617,7787,2023-04-02T05:14:19.223000+00:00,15,11,23
618,7787,2023-04-02T05:14:20.317000+00:00,16,24,23
619,7787,2023-04-02T05:14:21.692000+00:00,17,77,23
620,7787,2023-04-02T05:14:22.598000+00:00,18,2,23
621,7787,2023-04-02T05:14:58.582000+00:00,1,44,63
622,7787,2023-04-02T05:14:59.895000+00:00,2,1,63
623,7787,2023-04-02T05:15:03.176000+00:00,4,14,55
624,7787,2023-04-02T05:15:03.176000+00:00,3,14,63
625,7787,2023-04-02T05:15:08.691000+00:00,5,18,55
626,7787,2023-04-02T05:15:08.691000+00:00,4,18,63
627,7787,2023-04-02T05:15:09.051000+00:00,6,10,55
628,7787,2023-04-02T05:15:09.051000+00:00,5,10,63
629,7787,2023-04-02T05:15:11.676000+00:00,7,27,55
630,7787,2023-04-02T05:15:11.676000+00:00,6,27,63
631,7787,2023-04-02T05:15:16.707000+00:00,8,22,55
632,7787,2023-04-02T05:15:16.707000+00:00,7,22,63
633,7787,2023-04-02T05:15:17.738000+00:00,9,4,55
634,7787,2023-04-02T05:15:17.738000+00:00,8,4,63
635,7787,2023-04-02T05:15:18.426000+00:00,11,81,20
636,7787,2023-04-02T05:15:18.426000+00:00,10,81,55
637,7787,2023-04-02T05:15:18.426000+00:00,9,81,63
638,7787,2023-04-02T05:15:19.051000+00:00,9,63,81
639,7787,2023-04-02T05:15:19.051000+00:00,8,63,4
640,7787,2023-04-02T05:15:19.051000+00:00,7,63,22
641,7787,2023-04-02T05:15:19.707000+00:00,12,21,20
642,7787,2023-04-02T05:15:19.707000+00:00,11,21,55
643,7787,2023-04-02T05:15:20.129000+00:00,13,31,20
644,7787,2023-04-02T05:15:20.129000+00:00,12,31,55
645,7787,2023-04-02T05:15:20.894000+00:00,14,11,20
646,7787,2023-04-02T05:15:20.894000+00:00,13,11,55
647,7787,2023-04-02T05:15:21.910000+00:00,15,24,20
648,7787,2023-04-02T05:15:21.910000+00:00,14,24,55
649,7787,2023-04-02T05:15:22.285000+00:00,14,55,24
650,7787,2023-04-02T05:15:22.285000+00:00,13,55,11
651,7787,2023-04-02T05:15:22.285000+00:00,12,55,31
652,7787,2023-04-02T05:15:22.285000+00:00,11,55,21
653,7787,2023-04-02T05:15:22.285000+00:00,10,55,81
654,7787,2023-04-02T05:15:22.285000+00:00,9,55,4
655,7787,2023-04-02T05:15:22.285000+00:00,8,55,22
656,7787,2023-04-02T05:15:23.879000+00:00,16,77,20
657,7787,2023-04-02T05:15:24.629000+00:00,17,2,20
658,7787,2023-04-02T05:15:26.629000+00:00,8,22,55
659,7787,2023-04-02T05:15:27.300000+00:00,9,4,55
660,7787,2023-04-02T05:15:28.082000+00:00,10,81,55
661,7787,2023-04-02T05:34:43.459000+00:00,14,24,11
662,7787,2023-04-02T05:34:43.459000+00:00,13,24,31
663,7787,2023-04-02T05:34:43.459000+00:00,12,24,21
664,7787,2023-04-02T05:34:43.537000+00:00,12,21,24
665,7787,2023-04-02T05:34:46.928000+00:00,16,2,77
666,7787,2023-04-02T05:34:46.928000+00:00,15,2,11
667,7787,2023-04-02T05:35:00.646000+00:00,13,31,24
668,7787,2023-04-02T05:35:02.021000+00:00,15,11,2
669,7787,2023-04-02T05:35:02.021000+00:00,14,11,24
670,7787,2023-04-02T05:35:04.740000+00:00,16,77,2
671,7787,2023-04-02T05:36:53.161000+00:00,13,11,31
672,7787,2023-04-02T05:36:53.551000+00:00,16,2,77
673,7787,2023-04-02T05:36:55.411000+00:00,4,10,18
674,7787,2023-04-02T05:36:55.645000+00:00,6,63,27
675,7787,2023-04-02T05:36:56.317000+00:00,10,55,81
676,7787,2023-04-02T05:36:56.567000+00:00,13,31,11
677,7787,2023-04-02T05:36:56.817000+00:00,14,24,11
678,7787,2023-04-02T05:36:58.176000+00:00,8,4,22
679,7787,2023-04-02T05:36:58.582000+00:00,12,31,21
680,7787,2023-04-02T05:37:03.707000+00:00,5,63,18
681,7787,2023-04-02T05:37:05.457000+00:00,15,2,11
682,7787,2023-04-02T05:37:05.629000+00:00,17,20,77
683,7787,2023-04-02T05:37:05.629000+00:00,16,20,11
684,7787,2023-04-02T05:37:11.598000+00:00,8,22,4
685,7787,2023-04-02T05:37:12.379000+00:00,12,21,31
686,7787,2023-04-02T05:37:16.918000+00:00,13,24,31
687,7787,2023-04-02T05:37:16.918000+00:00,12,24,21
688,7787,2023-04-02T05:37:17.082000+00:00,13,31,21
689,7787,2023-04-02T05:37:17.254000+00:00,13,21,31
690,7787,2023-04-02T05:37:22.598000+00:00,13,31,21
691,7787,2023-04-02T05:37:22.785000+00:00,15,20,2
692,7787,2023-04-02T05:37:22.785000+00:00,14,20,21
693,7787,2023-04-02T05:37:22.926000+00:00,15,2,21
694,7787,2023-04-02T05:37:23.379000+00:00,16,11,21
695,7787,2023-04-02T05:38:43.269000+00:00,9,55,4
696,7787,2023-04-02T05:40:07.268000+00:00,8,55,22
697,7787,2023-04-02T05:40:27.908000+00:00,1,1,44
698,7787,2023-04-02T05:42:09.766000+00:00,4,63,10
699,7787,2023-04-02T05:42:22.579000+00:00,15,11,2
700,7787,2023-04-02T05:42:53.094000+00:00,7,55,27
701,7787,2023-04-02T05:43:23.187000+00:00,9,4,22
702,7787,2023-04-02T05:44:15.827000+00:00,6,55,18
703,7787,2023-04-02T05:44:53.796000+00:00,14,11,20
704,7787,2023-04-02T05:46:13.998000+00:00,12,31,24
705,7787,2023-04-02T05:46:28.591000+00:00,13,11,24
706,7787,2023-04-02T05:47:48.075000+00:00,4,10,63
707,7787,2023-04-02T05:47:57.903000+00:00,5,55,63
708,7787,2023-04-02T05:48:00.543000+00:00,6,18,63
709,7787,2023-04-02T05:48:07.325000+00:00,7,27,63
710,7787,2023-04-02T05:48:09.278000+00:00,8,4,63
711,7787,2023-04-02T05:48:11.887000+00:00,9,22,63
712,7787,2023-04-02T05:48:12.465000+00:00,10,81,63
713,7787,2023-04-02T05:48:12.965000+00:00,11,31,63
714,7787,2023-04-02T05:48:13.590000+00:00,12,11,63
715,7787,2023-04-02T05:48:15.043000+00:00,13,24,63
716,7787,2023-04-02T05:48:15.762000+00:00,14,20,63
717,7787,2023-04-02T05:48:19.184000+00:00,15,2,63
718,7787,2023-04-02T05:48:19.590000+00:00,16,21,63
719,7787,2023-04-02T05:48:19.981000+00:00,17,77,63
720,7787,2023-04-02T05:48:26.574000+00:00,16,77,21
721,7787,2023-04-02T05:52:45.587000+00:00,16,21,77
722,7787,2023-04-02T05:53:51.758000+00:00,11,11,31
723,7787,2023-04-02T05:54:01.352000+00:00,9,81,22
724,7787,2023-04-02T05:54:01.367000+00:00,9,22,81
725,7787,2023-04-02T05:55:15.554000+00:00,10,11,81
726,7787,2023-04-02T05:56:34.319000+00:00,9,11,22
727,7787,2023-04-02T05:58:41.239000+00:00,4,55,10
728,7787,2023-04-02T06:00:50.050000+00:00,11,31,81
729,7787,2023-04-02T06:01:50.471000+00:00,16,77,21
730,7787,2023-04-02T06:02:08.893000+00:00,10,31,22
731,7787,2023-04-02T06:04:55.922000+00:00,11,81,22
732,7787,2023-04-02T06:12:32.761000+00:00,12,24,22
733,7787,2023-04-02T06:12:58.526000+00:00,15,77,2
734,7787,2023-04-02T06:13:22.698000+00:00,13,20,22
735,7787,2023-04-02T06:14:54.931000+00:00,12,20,24
736,7787,2023-04-02T06:15:33.165000+00:00,16,21,2
737,7787,2023-04-02T06:23:51.331000+00:00,8,11,4
738,7787,2023-04-02T06:25:25.596000+00:00,7,11,27
739,7787,2023-04-02T06:28:10.141000+00:00,16,2,21
740,7787,2023-04-02T06:35:07.027000+00:00,8,4,27
741,7787,2023-04-02T06:37:31.228000+00:00,12,24,20
742,7787,2023-04-02T06:37:38.884000+00:00,13,22,20
743,7787,2023-04-02T06:37:55.915000+00:00,14,77,20
744,7787,2023-04-02T06:38:21.696000+00:00,15,2,20
745,7787,2023-04-02T06:38:31.071000+00:00,16,21,20
746,7787,2023-04-02T07:00:04.291000+00:00,12,22,24
747,7787,2023-04-02T07:00:04.838000+00:00,15,21,2
748,7787,2023-04-02T07:00:06.572000+00:00,4,10,55
749,7787,2023-04-02T07:00:07.650000+00:00,11,22,81
750,7787,2023-04-02T07:00:08.869000+00:00,6,11,18
751,7787,2023-04-02T07:00:09.103000+00:00,8,27,4
752,7787,2023-04-02T07:00:15.056000+00:00,6,18,11
753,7787,2023-04-02T07:00:15.056000+00:00,5,18,55
754,7787,2023-04-02T07:00:15.056000+00:00,4,18,10
755,7787,2023-04-02T07:00:15.056000+00:00,3,18,14
756,7787,2023-04-02T07:00:15.134000+00:00,5,55,10
757,7787,2023-04-02T07:00:15.134000+00:00,4,55,14
758,7787,2023-04-02T07:00:15.478000+00:00,7,27,11
759,7787,2023-04-02T07:00:15.478000+00:00,6,27,10
760,7787,2023-04-02T07:00:15.478000+00:00,5,27,14
761,7787,2023-04-02T07:00:15.619000+00:00,8,4,11
762,7787,2023-04-02T07:00:15.619000+00:00,7,4,10
763,7787,2023-04-02T07:00:15.619000+00:00,6,4,14
764,7787,2023-04-02T07:00:15.853000+00:00,10,22,31
765,7787,2023-04-02T07:00:15.853000+00:00,9,22,11
766,7787,2023-04-02T07:00:15.853000+00:00,8,22,10
767,7787,2023-04-02T07:00:15.853000+00:00,7,22,14
768,7787,2023-04-02T07:00:16.166000+00:00,8,10,14
769,7787,2023-04-02T07:00:16.416000+00:00,11,81,31
770,7787,2023-04-02T07:00:16.416000+00:00,10,81,11
771,7787,2023-04-02T07:00:16.416000+00:00,9,81,14
772,7787,2023-04-02T07:00:16.556000+00:00,11,31,11
773,7787,2023-04-02T07:00:16.556000+00:00,10,31,14
774,7787,2023-04-02T07:00:16.556000+00:00,9,31,81
775,7787,2023-04-02T07:00:16.619000+00:00,12,24,11
776,7787,2023-04-02T07:00:16.619000+00:00,11,24,14
777,7787,2023-04-02T07:00:17.478000+00:00,13,77,11
778,7787,2023-04-02T07:00:17.478000+00:00,12,77,14
779,7787,2023-04-02T07:00:17.509000+00:00,13,11,14
780,7787,2023-04-02T07:00:17.509000+00:00,12,11,77
781,7787,2023-04-02T07:00:20.291000+00:00,9,81,31
782,7787,2023-04-02T07:00:20.291000+00:00,8,81,10
783,7787,2023-04-02T07:00:21.400000+00:00,10,24,31
784,7787,2023-04-02T07:00:21.400000+00:00,9,24,10
785,7787,2023-04-02T07:00:22.056000+00:00,3,55,18
786,7787,2023-04-02T07:00:23.447000+00:00,12,77,11
787,7787,2023-04-02T07:00:23.447000+00:00,11,77,31
788,7787,2023-04-02T07:00:23.447000+00:00,10,77,10
789,7787,2023-04-02T07:00:23.525000+00:00,12,11,31
790,7787,2023-04-02T07:00:23.525000+00:00,11,11,10
791,7787,2023-04-02T07:00:24.587000+00:00,13,14,31
792,7787,2023-04-02T07:00:24.587000+00:00,12,14,10
793,7787,2023-04-02T07:00:26.853000+00:00,4,27,18
794,7787,2023-04-02T07:00:27.025000+00:00,6,22,4
795,7787,2023-04-02T07:00:27.025000+00:00,5,22,18
796,7787,2023-04-02T07:00:27.416000+00:00,6,4,18
797,7787,2023-04-02T07:00:27.947000+00:00,7,81,18
798,7787,2023-04-02T07:00:29.087000+00:00,8,24,18
799,7787,2023-04-02T07:00:30.869000+00:00,9,77,18
800,7787,2023-04-02T07:00:31.947000+00:00,10,11,18
801,7787,2023-04-02T07:00:33.009000+00:00,11,14,18
802,7787,2023-04-02T07:33:09.331000+00:00,10,14,11
803,7787,2023-04-02T07:33:09.331000+00:00,9,14,77
804,7787,2023-04-02T07:33:09.331000+00:00,8,14,24
805,7787,2023-04-02T07:33:09.331000+00:00,7,14,81
806,7787,2023-04-02T07:33:09.331000+00:00,6,14,4
807,7787,2023-04-02T07:33:09.331000+00:00,5,14,22
808,7787,2023-04-02T07:33:09.331000+00:00,4,14,27
809,7787,2023-04-02T07:33:09.331000+00:00,3,14,55
810,7787,2023-04-02T07:33:13.362000+00:00,11,18,11
811,7787,2023-04-02T07:33:13.362000+00:00,10,18,77
812,7787,2023-04-02T07:33:13.362000+00:00,9,18,24
813,7787,2023-04-02T07:33:13.362000+00:00,8,18,81
814,7787,2023-04-02T07:33:13.362000+00:00,7,18,4
815,7787,2023-04-02T07:33:13.362000+00:00,6,18,22
816,7787,2023-04-02T07:33:13.362000+00:00,5,18,27
817,7787,2023-04-02T07:33:17.424000+00:00,11,11,77
818,7787,2023-04-02T07:33:17.424000+00:00,10,11,24
819,7787,2023-04-02T07:33:17.424000+00:00,9,11,81
820,7787,2023-04-02T07:33:17.424000+00:00,8,11,4
821,7787,2023-04-02T07:33:17.424000+00:00,7,11,22
822,7787,2023-04-02T07:33:17.424000+00:00,6,11,27
823,7787,2023-04-02T07:33:20.065000+00:00,8,4,22
824,7787,2023-04-02T07:33:20.065000+00:00,7,4,27
825,7787,2023-04-02T07:33:24.518000+00:00,9,81,22
826,7787,2023-04-02T07:33:25.580000+00:00,10,24,22
827,9069,2023-04-29T13:34:13.539000+00:00,11,27,81
828,9069,2023-04-29T13:34:13.930000+00:00,14,77,24
829,9069,2023-04-29T13:34:14.399000+00:00,16,10,22
830,9069,2023-04-29T13:34:14.399000+00:00,15,10,24
831,9069,2023-04-29T13:34:14.930000+00:00,17,21,22
832,9069,2023-04-29T13:34:18.164000+00:00,7,14,23
833,9069,2023-04-29T13:34:18.617000+00:00,9,4,18
834,9069,2023-04-29T13:34:19.664000+00:00,13,77,20
835,9069,2023-04-29T13:34:22.914000+00:00,3,63,1
836,9069,2023-04-29T13:34:26.242000+00:00,15,24,10
837,9069,2023-04-29T13:34:30.961000+00:00,13,20,77
838,9069,2023-04-29T13:34:33.273000+00:00,4,55,1
839,9069,2023-04-29T13:34:38.523000+00:00,4,1,55
840,9069,2023-04-29T13:34:41.351000+00:00,11,81,27
841,9069,2023-04-29T13:35:25.780000+00:00,18,31,22
842,9069,2023-04-29T13:46:29.859000+00:00,3,1,63
843,9069,2023-04-29T13:46:36.484000+00:00,6,14,44
844,9069,2023-04-29T13:46:42.656000+00:00,9,18,4
845,9069,2023-04-29T13:46:53.640000+00:00,9,4,18
846,9069,2023-04-29T13:49:58.825000+00:00,1,11,16
847,9069,2023-04-29T13:51:48.949000+00:00,10,81,4
848,9069,2023-04-29T13:54:01.791000+00:00,11,27,4
849,9069,2023-04-29T13:54:12.369000+00:00,12,20,4
850,9069,2023-04-29T13:55:11.525000+00:00,13,77,4
851,9069,2023-04-29T13:55:11.697000+00:00,14,24,4
852,9069,2023-04-29T13:55:11.946000+00:00,15,10,4
853,9069,2023-04-29T13:55:24.728000+00:00,13,24,77
854,9069,2023-04-29T13:55:28.681000+00:00,14,10,77
855,9069,2023-04-29T13:55:29.540000+00:00,16,21,4
856,9069,2023-04-29T13:55:29.634000+00:00,17,31,4
857,9069,2023-04-29T13:55:33.712000+00:00,16,31,21
858,9069,2023-04-29T13:55:53.602000+00:00,11,20,27
859,9069,2023-04-29T13:57:06.742000+00:00,8,18,23
860,9069,2023-04-29T13:57:18.289000+00:00,16,21,31
861,9069,2023-04-29T13:59:10.209000+00:00,12,24,27
862,9069,2023-04-29T13:59:15.803000+00:00,13,10,27
863,9069,2023-04-29T13:59:27.819000+00:00,17,4,31
864,9069,2023-04-29T14:00:56.083000+00:00,15,21,77
865,9069,2023-04-29T14:02:39.535000+00:00,14,21,27
866,9070,2023-04-30T11:04:17.883000+00:00,8,18,22
867,9070,2023-04-30T11:04:18.149000+00:00,10,63,81
868,9070,2023-04-30T11:04:18.149000+00:00,9,63,22
869,9070,2023-04-30T11:04:18.664000+00:00,12,77,23
870,9070,2023-04-30T11:04:18.852000+00:00,15,20,24
871,9070,2023-04-30T11:04:18.852000+00:00,14,20,2
872,9070,2023-04-30T11:04:24.867000+00:00,12,23,77
873,9070,2023-04-30T11:04:25.258000+00:00,14,2,20
874,9070,2023-04-30T11:04:25.258000+00:00,13,2,77
875,9070,2023-04-30T11:04:25.414000+00:00,14,20,77
876,9070,2023-04-30T11:04:25.633000+00:00,16,10,24
877,9070,2023-04-30T11:04:25.633000+00:00,15,10,77
878,9070,2023-04-30T11:04:25.946000+00:00,16,24,77
879,9070,2023-04-30T11:04:29.227000+00:00,7,18,4
880,9070,2023-04-30T11:04:32.055000+00:00,17,21,77
881,9070,2023-04-30T11:04:32.055000+00:00,16,21,24
882,9070,2023-04-30T11:04:37.461000+00:00,16,24,21
883,9070,2023-04-30T11:04:47.570000+00:00,13,20,2
884,9070,2023-04-30T11:09:29.331000+00:00,1,1,16
885,9070,2023-04-30T11:13:09.561000+00:00,2,11,16
886,9070,2023-04-30T11:13:21.702000+00:00,15,24,10
887,9070,2023-04-30T11:13:22.014000+00:00,16,21,10
888,9070,2023-04-30T11:13:23.045000+00:00,17,77,10
889,9070,2023-04-30T11:13:23.514000+00:00,18,31,10
890,9070,2023-04-30T11:13:28.873000+00:00,19,27,10
891,9070,2023-04-30T11:15:12.621000+00:00,17,31,77
892,9070,2023-04-30T11:15:13.481000+00:00,18,27,77
893,9070,2023-04-30T11:15:33.496000+00:00,19,10,77
894,9070,2023-04-30T11:16:56.510000+00:00,12,20,23
895,9070,2023-04-30T11:16:58.463000+00:00,13,2,23
896,9070,2023-04-30T11:17:04.447000+00:00,14,24,23
897,9070,2023-04-30T11:17:04.932000+00:00,15,21,23
898,9070,2023-04-30T11:17:05.557000+00:00,16,31,23
899,9070,2023-04-30T11:17:06.463000+00:00,17,27,23
900,9070,2023-04-30T11:18:45.539000+00:00,19,23,81
901,9070,2023-04-30T11:18:45.539000+00:00,19,81,77
902,9070,2023-04-30T11:18:45.539000+00:00,18,81,10
903,9070,2023-04-30T11:18:45.539000+00:00,17,81,23
904,9070,2023-04-30T11:18:45.539000+00:00,16,81,27
905,9070,2023-04-30T11:18:45.539000+00:00,15,81,31
906,9070,2023-04-30T11:18:45.539000+00:00,14,81,21
907,9070,2023-04-30T11:18:45.539000+00:00,13,81,24
908,9070,2023-04-30T11:18:45.539000+00:00,12,81,2
909,9070,2023-04-30T11:18:49.321000+00:00,13,24,2
910,9070,2023-04-30T11:18:49.836000+00:00,14,21,2
911,9070,2023-04-30T11:18:49.914000+00:00,10,20,22
912,9070,2023-04-30T11:18:50.399000+00:00,15,31,2
913,9070,2023-04-30T11:18:50.727000+00:00,16,27,2
914,9070,2023-04-30T11:18:53.774000+00:00,12,24,81
915,9070,2023-04-30T11:18:53.774000+00:00,11,24,22
916,9070,2023-04-30T11:18:54.242000+00:00,13,21,81
917,9070,2023-04-30T11:18:54.242000+00:00,12,21,22
918,9070,2023-04-30T11:18:54.695000+00:00,14,31,81
919,9070,2023-04-30T11:18:54.695000+00:00,13,31,22
920,9070,2023-04-30T11:18:55.195000+00:00,15,27,81
921,9070,2023-04-30T11:18:55.195000+00:00,14,27,22
922,9070,2023-04-30T11:19:09.961000+00:00,17,23,2
923,9070,2023-04-30T11:19:10.383000+00:00,18,10,2
924,9070,2023-04-30T11:20:21.335000+00:00,19,14,44
925,9070,2023-04-30T11:20:21.335000+00:00,19,44,77
926,9070,2023-04-30T11:20:21.335000+00:00,18,44,2
927,9070,2023-04-30T11:20:21.335000+00:00,17,44,10
928,9070,2023-04-30T11:20:21.335000+00:00,16,44,23
929,9070,2023-04-30T11:20:21.335000+00:00,15,44,81
930,9070,2023-04-30T11:20:21.335000+00:00,14,44,22
931,9070,2023-04-30T11:20:21.335000+00:00,13,44,27
932,9070,2023-04-30T11:20:21.335000+00:00,12,44,31
933,9070,2023-04-30T11:20:21.335000+00:00,11,44,21
934,9070,2023-04-30T11:20:21.335000+00:00,10,44,24
935,9070,2023-04-30T11:20:21.335000+00:00,9,44,20
936,9070,2023-04-30T11:20:21.335000+00:00,8,44,63
937,9070,2023-04-30T11:20:21.335000+00:00,7,44,4
938,9070,2023-04-30T11:20:21.335000+00:00,6,44,18
939,9070,2023-04-30T11:20:22.210000+00:00,6,18,44
940,9070,2023-04-30T11:20:25.616000+00:00,19,22,4
941,9070,2023-04-30T11:20:25.616000+00:00,19,4,77
942,9070,2023-04-30T11:20:25.616000+00:00,18,4,2
943,9070,2023-04-30T11:20:25.616000+00:00,17,4,10
944,9070,2023-04-30T11:20:25.616000+00:00,16,4,23
945,9070,2023-04-30T11:20:25.616000+00:00,15,4,81
946,9070,2023-04-30T11:20:25.616000+00:00,14,4,22
947,9070,2023-04-30T11:20:25.616000+00:00,13,4,27
948,9070,2023-04-30T11:20:25.616000+00:00,12,4,31
949,9070,2023-04-30T11:20:25.616000+00:00,11,4,21
950,9070,2023-04-30T11:20:25.616000+00:00,10,4,24
951,9070,2023-04-30T11:20:25.616000+00:00,9,4,20
952,9070,2023-04-30T11:20:29.881000+00:00,7,63,44
953,9070,2023-04-30T11:20:38.975000+00:00,9,20,4
954,9070,2023-04-30T11:20:38.975000+00:00,8,20,44
955,9070,2023-04-30T11:20:43.131000+00:00,10,24,4
956,9070,2023-04-30T11:20:43.131000+00:00,9,24,44
957,9070,2023-04-30T11:20:43.506000+00:00,11,21,4
958,9070,2023-04-30T11:20:43.506000+00:00,10,21,44
959,9070,2023-04-30T11:20:43.897000+00:00,12,31,4
960,9070,2023-04-30T11:20:43.897000+00:00,11,31,44
961,9070,2023-04-30T11:20:44.568000+00:00,13,27,4
962,9070,2023-04-30T11:20:50.084000+00:00,12,27,44
963,9070,2023-04-30T11:21:09.146000+00:00,8,24,20
964,9070,2023-04-30T11:21:09.693000+00:00,9,21,20
965,9070,2023-04-30T11:21:10.318000+00:00,10,31,20
966,9070,2023-04-30T11:21:10.881000+00:00,11,27,20
967,9070,2023-04-30T11:21:11.334000+00:00,12,44,20
968,9070,2023-04-30T11:21:25.240000+00:00,9,31,21
969,9070,2023-04-30T11:21:25.958000+00:00,10,27,21
970,9070,2023-04-30T11:21:26.287000+00:00,11,44,21
971,9070,2023-04-30T11:21:28.036000+00:00,12,20,21
972,9070,2023-04-30T11:21:30.896000+00:00,13,4,21
973,9070,2023-04-30T11:21:34.833000+00:00,14,22,21
974,9070,2023-04-30T11:21:36.333000+00:00,15,81,21
975,9070,2023-04-30T11:21:38.599000+00:00,16,23,21
976,9070,2023-04-30T11:21:39.302000+00:00,17,10,21
977,9070,2023-04-30T11:21:43.021000+00:00,18,2,21
978,9070,2023-04-30T11:21:45.005000+00:00,19,77,21
979,9070,2023-04-30T11:21:59.348000+00:00,1,11,1
980,9070,2023-04-30T11:22:02.473000+00:00,2,16,1
981,9070,2023-04-30T11:22:09.536000+00:00,3,55,1
982,9070,2023-04-30T11:22:13.036000+00:00,4,14,1
983,9070,2023-04-30T11:22:14.473000+00:00,5,18,1
984,9070,2023-04-30T11:22:17.629000+00:00,6,63,1
985,9070,2023-04-30T11:22:49.738000+00:00,12,4,20
986,9070,2023-04-30T11:22:54.472000+00:00,13,22,20
987,9070,2023-04-30T11:22:57.863000+00:00,14,81,20
988,9070,2023-04-30T11:23:00.550000+00:00,15,23,20
989,9070,2023-04-30T11:23:01.035000+00:00,16,10,20
990,9070,2023-04-30T11:24:43.861000+00:00,5,63,18
991,9070,2023-04-30T11:24:52.017000+00:00,6,1,18
992,9070,2023-04-30T11:24:52.017000+00:00,5,1,63
993,9070,2023-04-30T11:24:52.017000+00:00,4,1,14
994,9070,2023-04-30T11:24:52.017000+00:00,3,1,55
995,9070,2023-04-30T11:25:09.345000+00:00,8,31,24
996,9070,2023-04-30T11:25:10.986000+00:00,9,27,24
997,9070,2023-04-30T11:25:11.407000+00:00,10,44,24
998,9070,2023-04-30T11:25:16.595000+00:00,11,4,24
999,9070,2023-04-30T11:25:23.454000+00:00,12,22,24
1000,9070,2023-04-30T11:25:30.470000+00:00,13,81,24
1001,9070,2023-04-30T11:30:10.824000+00:00,9,44,27
1002,9070,2023-04-30T11:30:11.230000+00:00,12,81,22
1003,9070,2023-04-30T11:30:17.605000+00:00,14,23,24
1004,9070,2023-04-30T11:30:21.121000+00:00,6,18,63
1005,9070,2023-04-30T11:30:22.683000+00:00,12,22,81
1006,9070,2023-04-30T11:30:23.292000+00:00,15,10,24
1007,9070,2023-04-30T11:30:27.652000+00:00,8,44,31
1008,9070,2023-04-30T11:30:30.042000+00:00,2,1,16
1009,9070,2023-04-30T11:30:33.855000+00:00,12,81,22
1010,9070,2023-04-30T11:30:39.198000+00:00,12,22,81
1011,9070,2023-04-30T11:30:40.948000+00:00,4,14,55
1012,9070,2023-04-30T11:30:44.636000+00:00,12,81,22
1013,9070,2023-04-30T11:30:47.854000+00:00,12,22,81
1014,9070,2023-04-30T11:32:00.291000+00:00,7,44,63
1015,9070,2023-04-30T11:35:42.318000+00:00,16,20,24
1016,9070,2023-04-30T11:35:48.458000+00:00,16,24,20
1017,9070,2023-04-30T11:39:18.986000+00:00,16,20,24
1018,9070,2023-04-30T11:40:47.734000+00:00,6,44,18
1019,9070,2023-04-30T11:48:13.695000+00:00,15,20,10
1020,9070,2023-04-30T11:48:21.945000+00:00,16,24,10
1021,9070,2023-04-30T11:48:22.929000+00:00,17,2,10
1022,9070,2023-04-30T11:48:24.288000+00:00,18,77,10
1023,9070,2023-04-30T12:04:39.240000+00:00,18,10,77
1024,9070,2023-04-30T12:11:40.685000+00:00,16,2,24
1025,9070,2023-04-30T12:11:41.466000+00:00,17,10,24
1026,9070,2023-04-30T12:12:11.606000+00:00,18,77,24
1027,9070,2023-04-30T12:22:28.627000+00:00,16,10,2
1028,9070,2023-04-30T12:23:54.547000+00:00,10,4,27
1029,9070,2023-04-30T12:23:54.719000+00:00,10,27,4
1030,9070,2023-04-30T12:26:29.560000+00:00,10,4,27
1031,9070,2023-04-30T12:29:18.588000+00:00,11,22,27
1032,9070,2023-04-30T12:31:11.289000+00:00,12,81,27
1033,9070,2023-04-30T12:32:52.521000+00:00,13,23,27
1034,9070,2023-04-30T12:33:00.709000+00:00,14,20,27
1035,9070,2023-04-30T12:34:45.832000+00:00,15,10,27
1036,9070,2023-04-30T12:34:57.957000+00:00,16,2,27
1037,9070,2023-04-30T12:36:19.893000+00:00,9,4,31
1038,9070,2023-04-30T12:36:28.346000+00:00,10,22,31
1039,9070,2023-04-30T12:36:31.002000+00:00,11,81,31
1040,9070,2023-04-30T12:36:32.861000+00:00,12,23,31
1041,9070,2023-04-30T12:36:34.064000+00:00,13,20,31
1042,9070,2023-04-30T12:36:35.611000+00:00,14,10,31
1043,9078,2023-05-07T19:33:55.745000+00:00,4,10,20
1044,9078,2023-05-07T19:33:55.886000+00:00,5,63,20
1045,9078,2023-05-07T19:33:56.526000+00:00,9,77,1
1046,9078,2023-05-07T19:33:56.526000+00:00,8,77,31
1047,9078,2023-05-07T19:33:57.120000+00:00,12,44,27
1048,9078,2023-05-07T19:33:57.448000+00:00,15,4,21
1049,9078,2023-05-07T19:33:57.448000+00:00,14,4,24
1050,9078,2023-05-07T19:33:57.667000+00:00,15,21,24
1051,9078,2023-05-07T19:33:57.885000+00:00,18,81,18
1052,9078,2023-05-07T19:33:57.885000+00:00,17,81,22
1053,9078,2023-05-07T19:33:58.026000+00:00,18,18,22
1054,9078,2023-05-07T19:34:02.495000+00:00,12,27,44
1055,9078,2023-05-07T19:34:02.495000+00:00,11,27,23
1056,9078,2023-05-07T19:34:03.229000+00:00,16,81,24
1057,9078,2023-05-07T19:34:03.229000+00:00,15,81,21
1058,9078,2023-05-07T19:34:03.229000+00:00,14,81,4
1059,9078,2023-05-07T19:34:03.245000+00:00,16,24,21
1060,9078,2023-05-07T19:34:03.245000+00:00,15,24,4
1061,9078,2023-05-07T19:34:03.245000+00:00,14,24,81
1062,9078,2023-05-07T19:34:03.635000+00:00,17,18,21
1063,9078,2023-05-07T19:34:03.635000+00:00,16,18,4
1064,9078,2023-05-07T19:34:03.729000+00:00,18,22,21
1065,9078,2023-05-07T19:34:03.729000+00:00,17,22,4
1066,9078,2023-05-07T19:34:03.807000+00:00,19,2,21
1067,9078,2023-05-07T19:34:03.807000+00:00,18,2,4
1068,9078,2023-05-07T19:34:07.042000+00:00,11,23,27
1069,9078,2023-05-07T19:34:07.526000+00:00,14,81,24
1070,9078,2023-05-07T19:34:27.651000+00:00,13,81,44
1071,9078,2023-05-07T19:34:29.370000+00:00,18,4,2
1072,9078,2023-05-07T19:34:32.791000+00:00,18,2,4
1073,9078,2023-05-07T19:34:40.057000+00:00,11,27,23
1074,9078,2023-05-07T19:34:40.994000+00:00,13,44,81
1075,9078,2023-05-07T19:34:42.463000+00:00,6,16,20
1076,9078,2023-05-07T19:34:43.510000+00:00,9,1,31
1077,9078,2023-05-07T19:34:45.697000+00:00,16,22,18
1078,9078,2023-05-07T19:34:51.229000+00:00,13,81,44
1079,9078,2023-05-07T19:34:51.963000+00:00,16,18,22
1080,9078,2023-05-07T19:34:55.354000+00:00,13,44,81
1081,9078,2023-05-07T19:34:56.010000+00:00,16,22,18
1082,9078,2023-05-07T19:35:01.228000+00:00,15,22,24
1083,9078,2023-05-07T19:35:06.432000+00:00,15,24,22
1084,9078,2023-05-07T19:35:19.760000+00:00,15,22,24
1085,9078,2023-05-07T19:36:18.790000+00:00,8,1,77
1086,9078,2023-05-07T19:37:11.227000+00:00,18,4,2
1087,9078,2023-05-07T19:37:11.696000+00:00,19,21,2
1088,9078,2023-05-07T19:37:57.633000+00:00,6,20,16
1089,9078,2023-05-07T19:37:57.898000+00:00,15,24,22
1090,9078,2023-05-07T19:38:03.664000+00:00,15,22,24
1091,9078,2023-05-07T19:38:30.710000+00:00,6,16,20
1092,9078,2023-05-07T19:38:40.695000+00:00,7,1,20
1093,9078,2023-05-07T19:38:40.695000+00:00,6,1,16
1094,9078,2023-05-07T19:38:40.695000+00:00,7,20,16
1095,9078,2023-05-07T19:40:20.491000+00:00,18,21,4
1096,9078,2023-05-07T19:41:01.709000+00:00,9,31,77
1097,9078,2023-05-07T19:41:50.677000+00:00,14,22,81
1098,9078,2023-05-07T19:41:51.115000+00:00,15,24,81
1099,9078,2023-05-07T19:41:51.755000+00:00,16,18,81
1100,9078,2023-05-07T19:41:54.833000+00:00,17,21,81
1101,9078,2023-05-07T19:46:15.002000+00:00,5,1,63
1102,9078,2023-05-07T19:47:47.970000+00:00,4,1,10
1103,9078,2023-05-07T19:48:05.141000+00:00,5,63,10
1104,9078,2023-05-07T19:53:16.216000+00:00,18,4,81
1105,9078,2023-05-07T19:54:51.840000+00:00,3,1,55
1106,9078,2023-05-07T19:55:47.105000+00:00,7,16,20
1107,9078,2023-05-07T19:55:48.043000+00:00,8,31,20
1108,9078,2023-05-07T19:55:49.933000+00:00,9,77,20
1109,9078,2023-05-07T19:55:50.699000+00:00,10,27,20
1110,9078,2023-05-07T19:55:51.636000+00:00,11,23,20
1111,9078,2023-05-07T19:55:54.996000+00:00,12,44,20
1112,9078,2023-05-07T19:55:55.667000+00:00,13,22,20
1113,9078,2023-05-07T19:55:56.542000+00:00,14,24,20
1114,9078,2023-05-07T19:55:58.214000+00:00,15,18,20
1115,9078,2023-05-07T19:56:03.558000+00:00,16,21,20
1116,9078,2023-05-07T19:56:24.058000+00:00,2,1,14
1117,9078,2023-05-07T19:56:40.417000+00:00,11,44,23
1118,9078,2023-05-07T19:56:44.776000+00:00,9,27,77
1119,9078,2023-05-07T19:57:17.760000+00:00,9,77,27
1120,9078,2023-05-07T19:57:20.526000+00:00,6,16,10
1121,9078,2023-05-07T19:57:21.245000+00:00,7,31,10
1122,9078,2023-05-07T19:57:25.213000+00:00,9,27,77
1123,9078,2023-05-07T19:57:25.588000+00:00,10,44,77
1124,9078,2023-05-07T19:57:26.057000+00:00,11,23,77
1125,9078,2023-05-07T19:57:26.541000+00:00,12,22,77
1126,9078,2023-05-07T19:57:27.432000+00:00,13,24,77
1127,9078,2023-05-07T19:57:27.995000+00:00,8,27,10
1128,9078,2023-05-07T19:57:28.323000+00:00,9,44,10
1129,9078,2023-05-07T19:57:28.729000+00:00,14,18,77
1130,9078,2023-05-07T19:57:28.823000+00:00,10,23,10
1131,9078,2023-05-07T19:57:29.307000+00:00,11,22,10
1132,9078,2023-05-07T19:57:30.229000+00:00,12,24,10
1133,9078,2023-05-07T19:57:31.604000+00:00,13,18,10
1134,9078,2023-05-07T19:57:39.104000+00:00,16,20,21
1135,9078,2023-05-07T19:57:42.072000+00:00,15,20,77
1136,9078,2023-05-07T19:57:49.494000+00:00,17,4,21
1137,9078,2023-05-07T19:57:51.479000+00:00,18,81,21
1138,9078,2023-05-07T20:00:27.680000+00:00,6,31,16
1139,9078,2023-05-07T20:00:30.555000+00:00,5,31,63
1140,9078,2023-05-07T20:00:34.774000+00:00,7,27,16
1141,9078,2023-05-07T20:00:34.774000+00:00,6,27,63
1142,9078,2023-05-07T20:00:34.883000+00:00,8,44,16
1143,9078,2023-05-07T20:00:34.883000+00:00,7,44,63
1144,9078,2023-05-07T20:00:36.555000+00:00,9,23,16
1145,9078,2023-05-07T20:00:36.555000+00:00,8,23,63
1146,9078,2023-05-07T20:00:37.430000+00:00,10,22,16
1147,9078,2023-05-07T20:00:37.430000+00:00,9,22,63
1148,9078,2023-05-07T20:00:37.789000+00:00,11,24,16
1149,9078,2023-05-07T20:00:37.789000+00:00,10,24,63
1150,9078,2023-05-07T20:00:38.367000+00:00,12,18,16
1151,9078,2023-05-07T20:00:38.367000+00:00,11,18,63
1152,9078,2023-05-07T20:00:45.508000+00:00,13,10,16
1153,9078,2023-05-07T20:00:46.805000+00:00,14,20,16
1154,9078,2023-05-07T20:02:03.601000+00:00,4,31,55
1155,9078,2023-05-07T20:02:08.569000+00:00,5,27,55
1156,9078,2023-05-07T20:02:08.882000+00:00,6,44,55
1157,9078,2023-05-07T20:02:18.288000+00:00,10,18,24
1158,9078,2023-05-07T20:03:48.959000+00:00,6,55,44
1159,9078,2023-05-07T20:04:49.818000+00:00,1,1,11
1160,9078,2023-05-07T20:04:53.474000+00:00,2,14,11
1161,9078,2023-05-07T20:05:03.646000+00:00,11,63,24
1162,9078,2023-05-07T20:05:09.646000+00:00,3,31,11
1163,9078,2023-05-07T20:05:21.177000+00:00,5,55,27
1164,9078,2023-05-07T20:06:41.941000+00:00,8,22,23
1165,9078,2023-05-07T20:07:28.097000+00:00,3,11,31
1166,9078,2023-05-07T20:07:37.394000+00:00,12,10,24
1167,9078,2023-05-07T20:08:23.612000+00:00,9,18,23
1168,9078,2023-05-07T20:08:24.018000+00:00,10,63,23
1169,9078,2023-05-07T20:08:25.721000+00:00,11,10,23
1170,9078,2023-05-07T20:08:26.690000+00:00,12,24,23
1171,9078,2023-05-07T20:08:27.596000+00:00,13,20,23
1172,9078,2023-05-07T20:08:34.753000+00:00,14,16,23
1173,9078,2023-05-07T20:08:39.768000+00:00,15,77,23
1174,9078,2023-05-07T20:08:42.268000+00:00,16,4,23
1175,9078,2023-05-07T20:09:07.174000+00:00,6,44,27
1176,9078,2023-05-07T20:09:59.564000+00:00,9,63,18
1177,9078,2023-05-07T20:11:18.454000+00:00,2,11,14
1178,9078,2023-05-07T20:11:20.798000+00:00,12,20,24
1179,9078,2023-05-07T20:11:22.548000+00:00,3,31,14
1180,9078,2023-05-07T20:11:24.469000+00:00,4,55,14
1181,9078,2023-05-07T20:12:18.719000+00:00,10,10,18
1182,9078,2023-05-07T20:13:49.327000+00:00,8,63,22
1183,9078,2023-05-07T20:15:14.561000+00:00,4,14,55
1184,9078,2023-05-07T20:15:30.498000+00:00,13,16,24
1185,9078,2023-05-07T20:15:40.857000+00:00,16,23,4
1186,9078,2023-05-07T20:16:54.763000+00:00,7,63,27
1187,9078,2023-05-07T20:18:16.012000+00:00,3,14,31
1188,9078,2023-05-07T20:19:53.307000+00:00,4,55,31
1189,9078,2023-05-07T20:20:32.760000+00:00,18,21,81
1190,9078,2023-05-07T20:22:32.274000+00:00,14,77,24
1191,9078,2023-05-07T20:22:38.087000+00:00,15,23,24
1192,9078,2023-05-07T20:22:41.274000+00:00,16,4,24
1193,9078,2023-05-07T20:23:08.180000+00:00,6,63,44
1194,9078,2023-05-07T20:24:23.586000+00:00,8,22,27
1195,9078,2023-05-07T20:24:28.898000+00:00,4,31,55
1196,9078,2023-05-07T20:24:41.929000+00:00,10,18,10
1197,9078,2023-05-07T20:24:48.226000+00:00,10,10,18
1198,9078,2023-05-07T20:25:27.429000+00:00,9,10,27
1199,9078,2023-05-07T20:25:27.929000+00:00,10,18,27
1200,9078,2023-05-07T20:25:28.397000+00:00,11,20,27
1201,9078,2023-05-07T20:25:28.960000+00:00,12,16,27
1202,9078,2023-05-07T20:25:40.272000+00:00,13,77,27
1203,9078,2023-05-07T20:25:42.944000+00:00,14,23,27
1204,9078,2023-05-07T20:25:46.913000+00:00,15,4,27
1205,9078,2023-05-07T20:26:10.913000+00:00,4,55,31
1206,9078,2023-05-07T20:28:32.911000+00:00,5,63,31
1207,9078,2023-05-07T20:30:00.222000+00:00,11,16,20
1208,9078,2023-05-07T20:30:04.363000+00:00,8,10,22
1209,9078,2023-05-07T20:30:05.722000+00:00,9,18,22
1210,9078,2023-05-07T20:30:09.988000+00:00,10,16,22
1211,9078,2023-05-07T20:30:10.097000+00:00,11,20,22
1212,9078,2023-05-07T20:30:16.925000+00:00,10,20,16
1213,9078,2023-05-07T20:30:17.722000+00:00,12,77,22
1214,9078,2023-05-07T20:30:19.941000+00:00,13,23,22
1215,9078,2023-05-07T20:30:24.957000+00:00,15,27,4
1216,9078,2023-05-07T20:30:43.206000+00:00,4,63,55
1217,9078,2023-05-07T20:31:09.597000+00:00,14,27,22
1218,9078,2023-05-07T20:31:15.222000+00:00,14,22,27
1219,9078,2023-05-07T20:31:39.612000+00:00,7,10,44
1220,9078,2023-05-07T20:31:41.081000+00:00,8,18,44
1221,9078,2023-05-07T20:31:43.534000+00:00,9,20,44
1222,9078,2023-05-07T20:31:43.581000+00:00,10,16,44
1223,9078,2023-05-07T20:31:50.143000+00:00,9,16,20
1224,9078,2023-05-07T20:31:50.206000+00:00,11,77,44
1225,9078,2023-05-07T20:31:52.237000+00:00,12,23,44
1226,9078,2023-05-07T20:32:37.564000+00:00,12,44,23
1227,9078,2023-05-07T20:34:44.188000+00:00,6,10,31
1228,9078,2023-05-07T20:34:45.782000+00:00,7,18,31
1229,9078,2023-05-07T20:34:48.360000+00:00,8,16,31
1230,9078,2023-05-07T20:34:48.672000+00:00,11,44,77
1231,9078,2023-05-07T20:34:49.688000+00:00,9,20,31
1232,9078,2023-05-07T20:34:55.579000+00:00,10,44,31
1233,9078,2023-05-07T20:34:55.657000+00:00,11,77,31
1234,9078,2023-05-07T20:35:02.391000+00:00,11,31,77
1235,9078,2023-05-07T20:39:21.247000+00:00,7,16,18
1236,9078,2023-05-07T20:39:27.669000+00:00,8,20,18
1237,9078,2023-05-07T20:39:30.404000+00:00,9,44,18
1238,9078,2023-05-07T20:39:31.529000+00:00,10,31,18
1239,9078,2023-05-07T20:39:34.779000+00:00,11,77,18
1240,9078,2023-05-07T20:39:35.997000+00:00,12,23,18
1241,9078,2023-05-07T20:39:36.607000+00:00,13,22,18
1242,9078,2023-05-07T20:39:38.341000+00:00,14,27,18
1243,9078,2023-05-07T20:43:20.604000+00:00,1,11,1
1244,9078,2023-05-07T20:44:45.744000+00:00,8,44,20
1245,9078,2023-05-07T20:46:09.837000+00:00,1,1,11
1246,9078,2023-05-07T20:46:09.899000+00:00,1,11,1
1247,9078,2023-05-07T20:46:22.586000+00:00,9,31,20
1248,9078,2023-05-07T20:46:23.930000+00:00,1,1,11
1249,9078,2023-05-07T20:47:07.914000+00:00,12,22,23
1250,9078,2023-05-07T20:47:09.211000+00:00,14,18,27
1251,9078,2023-05-07T20:48:11.741000+00:00,16,24,4
1252,9078,2023-05-07T20:48:57.538000+00:00,13,18,23
1253,9078,2023-05-07T20:51:39.411000+00:00,11,22,77
1254,9078,2023-05-07T20:53:16.894000+00:00,12,18,77
1255,9078,2023-05-07T20:54:48.800000+00:00,6,16,10
1256,9078,2023-05-07T20:55:28.252000+00:00,7,44,10
1257,9078,2023-05-07T20:56:59.532000+00:00,6,44,16
1258,9094,2023-05-28T13:03:19.895000+00:00,11,21,81
1259,9094,2023-05-28T13:03:20.676000+00:00,15,2,77
1260,9094,2023-05-28T13:03:21.613000+00:00,19,11,24
1261,9094,2023-05-28T13:03:27.207000+00:00,11,81,21
1262,9094,2023-05-28T13:03:28.426000+00:00,17,27,20
1263,9094,2023-05-28T13:03:33.816000+00:00,16,27,77
1264,9094,2023-05-28T13:03:36.707000+00:00,19,24,11
1265,9094,2023-05-28T13:03:43.347000+00:00,15,27,2
1266,9094,2023-05-28T13:03:43.738000+00:00,16,77,2
1267,9094,2023-05-28T13:03:51.863000+00:00,19,24,11
1268,9094,2023-05-28T13:03:51.863000+00:00,18,24,20
1269,9094,2023-05-28T13:03:53.129000+00:00,14,27,18
1270,9094,2023-05-28T13:03:59.550000+00:00,18,20,24
1271,9094,2023-05-28T13:04:09.738000+00:00,15,77,18
1272,9094,2023-05-28T13:04:10.347000+00:00,16,2,18
1273,9094,2023-05-28T13:04:10.956000+00:00,17,20,18
1274,9094,2023-05-28T13:04:37.409000+00:00,14,77,27
1275,9094,2023-05-28T13:04:38.143000+00:00,15,2,27
1276,9094,2023-05-28T13:04:38.878000+00:00,16,20,27
1277,9094,2023-05-28T13:04:40.065000+00:00,17,18,27
1278,9094,2023-05-28T13:05:02.409000+00:00,19,11,24
1279,9094,2023-05-28T13:05:02.409000+00:00,18,11,27
1280,9094,2023-05-28T13:05:02.987000+00:00,19,24,27
1281,9094,2023-05-28T13:25:09.278000+00:00,15,20,2
1282,9094,2023-05-28T13:25:55.746000+00:00,16,18,2
1283,9094,2023-05-28T13:26:01.027000+00:00,17,11,2
1284,9094,2023-05-28T13:26:29.839000+00:00,13,77,23
1285,9094,2023-05-28T13:27:16.619000+00:00,14,20,23
1286,9094,2023-05-28T13:27:18.088000+00:00,15,18,23
1287,9094,2023-05-28T13:27:19.135000+00:00,16,11,23
1288,9094,2023-05-28T13:27:22.963000+00:00,17,2,23
1289,9094,2023-05-28T13:27:23.260000+00:00,18,24,23
1290,9094,2023-05-28T13:27:23.932000+00:00,19,27,23
1291,9094,2023-05-28T13:27:36.025000+00:00,18,27,24
1292,9094,2023-05-28T13:28:16.649000+00:00,17,27,2
1293,9094,2023-05-28T13:30:06.116000+00:00,18,24,2
1294,9094,2023-05-28T13:30:14.429000+00:00,19,23,2
1295,9094,2023-05-28T13:43:41.117000+00:00,6,10,44
1296,9094,2023-05-28T13:43:43.102000+00:00,7,63,44
1297,9094,2023-05-28T13:43:59.336000+00:00,15,11,18
1298,9094,2023-05-28T13:44:51.882000+00:00,3,55,31
1299,9094,2023-05-28T13:44:56.491000+00:00,4,16,31
1300,9094,2023-05-28T13:44:58.475000+00:00,5,10,31
1301,9094,2023-05-28T13:45:00.507000+00:00,6,63,31
1302,9094,2023-05-28T13:46:13.662000+00:00,3,16,55
1303,9094,2023-05-28T13:46:15.943000+00:00,4,10,55
1304,9094,2023-05-28T13:46:18.021000+00:00,5,63,55
1305,9094,2023-05-28T13:46:26.489000+00:00,6,31,55
1306,9094,2023-05-28T13:46:29.161000+00:00,7,44,55
1307,9094,2023-05-28T13:46:29.193000+00:00,7,55,44
1308,9094,2023-05-28T13:46:29.193000+00:00,6,55,31
1309,9094,2023-05-28T13:46:35.411000+00:00,6,31,55
1310,9094,2023-05-28T13:46:43.692000+00:00,15,18,11
1311,9094,2023-05-28T13:46:43.708000+00:00,15,11,18
1312,9094,2023-05-28T13:46:46.489000+00:00,15,18,11
1313,9094,2023-05-28T13:48:30.362000+00:00,16,27,11
1314,9094,2023-05-28T13:48:31.128000+00:00,17,24,11
1315,9094,2023-05-28T13:48:31.565000+00:00,18,23,11
1316,9094,2023-05-28T13:48:57.190000+00:00,19,2,11
1317,9094,2023-05-28T13:48:58.737000+00:00,19,11,2
1318,9094,2023-05-28T14:00:29.349000+00:00,3,10,16
1319,9094,2023-05-28T14:00:30.490000+00:00,4,63,16
1320,9094,2023-05-28T14:00:33.818000+00:00,5,31,16
1321,9094,2023-05-28T14:00:36.693000+00:00,6,55,16
1322,9094,2023-05-28T14:00:38.084000+00:00,7,44,16
1323,9094,2023-05-28T14:04:22.126000+00:00,3,63,10
1324,9094,2023-05-28T14:04:24.845000+00:00,4,31,10
1325,9094,2023-05-28T14:04:27.829000+00:00,5,55,10
1326,9094,2023-05-28T14:04:30.033000+00:00,6,44,10
1327,9094,2023-05-28T14:04:37.157000+00:00,7,16,10
1328,9094,2023-05-28T14:04:40.157000+00:00,7,10,16
1329,9094,2023-05-28T14:04:46.064000+00:00,7,16,10
1330,9094,2023-05-28T14:08:58.575000+00:00,10,81,4
1331,9094,2023-05-28T14:10:31.432000+00:00,17,23,24
1332,9094,2023-05-28T14:10:32.510000+00:00,4,55,31
1333,9094,2023-05-28T14:10:39.417000+00:00,17,24,23
1334,9094,2023-05-28T14:10:39.807000+00:00,4,31,55
1335,9094,2023-05-28T14:10:53.979000+00:00,13,20,77
1336,9094,2023-05-28T14:11:00.151000+00:00,15,27,18
1337,9094,2023-05-28T14:11:00.151000+00:00,14,27,77
1338,9094,2023-05-28T14:11:04.604000+00:00,16,24,18
1339,9094,2023-05-28T14:11:04.604000+00:00,15,24,77
1340,9094,2023-05-28T14:11:04.900000+00:00,17,23,18
1341,9094,2023-05-28T14:11:04.900000+00:00,16,23,77
1342,9094,2023-05-28T14:11:05.760000+00:00,18,11,18
1343,9094,2023-05-28T14:11:05.760000+00:00,17,11,77
1344,9094,2023-05-28T14:12:43.899000+00:00,16,11,23
1345,9094,2023-05-28T14:12:43.899000+00:00,15,11,24
1346,9094,2023-05-28T14:12:44.930000+00:00,17,77,23
1347,9094,2023-05-28T14:12:44.930000+00:00,16,77,24
1348,9094,2023-05-28T14:12:45.617000+00:00,18,18,23
1349,9094,2023-05-28T14:12:45.617000+00:00,17,18,24
1350,9094,2023-05-28T14:13:25.617000+00:00,15,77,11
1351,9094,2023-05-28T14:13:28.820000+00:00,9,81,22
1352,9094,2023-05-28T14:13:34.913000+00:00,16,18,11
1353,9094,2023-05-28T14:13:38.085000+00:00,10,4,22
1354,9094,2023-05-28T14:14:03.475000+00:00,12,20,21
1355,9094,2023-05-28T14:14:10.960000+00:00,4,55,31
1356,9094,2023-05-28T14:14:10.960000+00:00,3,55,63
1357,9094,2023-05-28T14:14:15.616000+00:00,6,16,44
1358,9094,2023-05-28T14:14:15.616000+00:00,5,16,31
1359,9094,2023-05-28T14:14:15.616000+00:00,4,16,63
1360,9094,2023-05-28T14:14:33.522000+00:00,17,24,11
1361,9094,2023-05-28T14:14:36.865000+00:00,18,23,11
1362,9094,2023-05-28T14:14:54.365000+00:00,3,16,55
1363,9094,2023-05-28T14:15:06.724000+00:00,5,31,63
1364,9094,2023-05-28T14:15:10.052000+00:00,16,24,18
1365,9094,2023-05-28T14:15:10.787000+00:00,6,44,63
1366,9094,2023-05-28T14:15:14.349000+00:00,17,23,18
1367,9094,2023-05-28T14:15:16.208000+00:00,14,77,27
1368,9094,2023-05-28T14:15:19.974000+00:00,18,11,18
1369,9094,2023-05-28T14:15:29.193000+00:00,10,22,4
1370,9094,2023-05-28T14:15:29.193000+00:00,9,22,81
1371,9094,2023-05-28T14:15:53.161000+00:00,11,20,4
1372,9094,2023-05-28T14:15:53.864000+00:00,11,4,20
1373,9094,2023-05-28T14:16:09.645000+00:00,4,31,55
1374,9094,2023-05-28T14:16:09.645000+00:00,3,31,16
1375,9094,2023-05-28T14:16:10.864000+00:00,13,77,21
1376,9094,2023-05-28T14:16:11.207000+00:00,5,44,55
1377,9094,2023-05-28T14:16:11.207000+00:00,4,44,16
1378,9094,2023-05-28T14:16:14.004000+00:00,15,24,27
1379,9094,2023-05-28T14:16:14.504000+00:00,19,2,18
1380,9094,2023-05-28T14:16:14.926000+00:00,16,23,27
1381,9094,2023-05-28T14:16:19.942000+00:00,6,63,55
1382,9094,2023-05-28T14:16:19.942000+00:00,5,63,16
1383,9094,2023-05-28T14:16:21.504000+00:00,17,11,27
1384,9094,2023-05-28T14:16:26.988000+00:00,7,10,55
1385,9094,2023-05-28T14:16:26.988000+00:00,6,10,16
1386,9094,2023-05-28T14:16:28.363000+00:00,12,77,20
1387,9094,2023-05-28T14:16:28.551000+00:00,6,16,10
1388,9094,2023-05-28T14:16:28.926000+00:00,13,21,20
1389,9094,2023-05-28T14:18:04.221000+00:00,14,24,20
1390,9094,2023-05-28T14:18:04.659000+00:00,15,23,20
1391,9094,2023-05-28T14:18:13.455000+00:00,16,11,20
1392,9094,2023-05-28T14:19:10.517000+00:00,17,27,20
1393,9094,2023-05-28T14:20:19.687000+00:00,18,2,20
1394,9094,2023-05-28T14:21:42.108000+00:00,16,27,11
1395,9094,2023-05-28T14:22:30.451000+00:00,10,4,81
1396,9094,2023-05-28T14:25:19.401000+00:00,16,11,27
1397,9094,2023-05-28T14:36:01.030000+00:00,9,4,22
1398,9094,2023-05-28T14:37:38.559000+00:00,10,81,22
1399,9094,2023-05-28T14:38:07.824000+00:00,11,77,22
1400,9094,2023-05-28T14:38:29.762000+00:00,12,21,22
1401,9094,2023-05-28T14:39:56.932000+00:00,13,24,22
1402,9094,2023-05-28T14:39:57.166000+00:00,14,23,22
1403,9094,2023-05-28T14:43:21.053000+00:00,16,27,11
1404,9102,2023-06-04T13:03:26.812000+00:00,7,14,27
1405,9102,2023-06-04T13:03:26.891000+00:00,11,63,11
1406,9102,2023-06-04T13:03:26.891000+00:00,10,63,10
1407,9102,2023-06-04T13:03:27.281000+00:00,16,20,77
1408,9102,2023-06-04T13:03:27.500000+00:00,17,23,77
1409,9102,2023-06-04T13:03:28.672000+00:00,1,55,1
1410,9102,2023-06-04T13:03:28.953000+00:00,3,44,4
1411,9102,2023-06-04T13:03:29.703000+00:00,8,81,27
1412,9102,2023-06-04T13:03:30.406000+00:00,16,23,20
1413,9102,2023-06-04T13:03:32.703000+00:00,19,2,16
1414,9102,2023-06-04T13:03:34.047000+00:00,1,1,55
1415,9102,2023-06-04T13:03:35.203000+00:00,9,63,27
1416,9102,2023-06-04T13:03:35.203000+00:00,8,63,81
1417,9102,2023-06-04T13:03:35.453000+00:00,9,27,81
1418,9102,2023-06-04T13:03:35.922000+00:00,12,24,11
1419,9102,2023-06-04T13:03:35.922000+00:00,11,24,10
1420,9102,2023-06-04T13:03:36.047000+00:00,12,11,10
1421,9102,2023-06-04T13:03:36.281000+00:00,14,22,21
1422,9102,2023-06-04T13:03:36.281000+00:00,13,22,10
1423,9102,2023-06-04T13:03:36.297000+00:00,13,10,22
1424,9102,2023-06-04T13:03:36.297000+00:00,12,10,11
1425,9102,2023-06-04T13:03:36.625000+00:00,16,20,23
1426,9102,2023-06-04T13:03:38.062000+00:00,4,18,4
1427,9102,2023-06-04T13:03:38.593000+00:00,8,27,63
1428,9102,2023-06-04T13:03:39.500000+00:00,12,11,10
1429,9102,2023-06-04T13:03:39.547000+00:00,13,22,10
1430,9102,2023-06-04T13:03:42.953000+00:00,10,24,81
1431,9102,2023-06-04T13:03:44.031000+00:00,15,20,21
1432,9102,2023-06-04T13:03:49.015000+00:00,5,31,4
1433,9102,2023-06-04T13:03:50.265000+00:00,10,81,24
1434,9102,2023-06-04T13:03:55.578000+00:00,8,63,27
1435,9102,2023-06-04T13:03:55.999000+00:00,10,24,81
1436,9102,2023-06-04T13:03:57.546000+00:00,17,77,23
1437,9102,2023-06-04T13:03:57.546000+00:00,16,77,21
1438,9102,2023-06-04T13:03:59.531000+00:00,3,18,44
1439,9102,2023-06-04T13:04:02.843000+00:00,14,20,10
1440,9102,2023-06-04T13:04:03.421000+00:00,16,21,77
1441,9102,2023-06-04T13:04:03.734000+00:00,17,23,77
1442,9102,2023-06-04T13:04:41.061000+00:00,6,14,4
1443,9102,2023-06-04T13:04:41.483000+00:00,7,63,4
1444,9102,2023-06-04T13:04:42.124000+00:00,8,27,4
1445,9102,2023-06-04T13:04:42.499000+00:00,9,24,4
1446,9102,2023-06-04T13:04:42.999000+00:00,10,81,4
1447,9102,2023-06-04T13:04:43.280000+00:00,11,11,4
1448,9102,2023-06-04T13:04:43.795000+00:00,12,22,4
1449,9102,2023-06-04T13:04:44.108000+00:00,13,20,4
1450,9102,2023-06-04T13:04:44.452000+00:00,14,10,4
1451,9102,2023-06-04T13:04:44.733000+00:00,15,21,4
1452,9102,2023-06-04T13:04:45.217000+00:00,16,23,4
1453,9102,2023-06-04T13:04:45.545000+00:00,17,77,4
1454,9102,2023-06-04T13:04:47.233000+00:00,18,2,4
1455,9102,2023-06-04T13:04:47.592000+00:00,18,4,2
1456,9102,2023-06-04T13:04:47.592000+00:00,17,4,77
1457,9102,2023-06-04T13:04:47.592000+00:00,16,4,23
1458,9102,2023-06-04T13:04:47.592000+00:00,15,4,21
1459,9102,2023-06-04T13:04:47.592000+00:00,14,4,10
1460,9102,2023-06-04T13:04:51.561000+00:00,14,10,4
1461,9102,2023-06-04T13:04:51.733000+00:00,15,21,4
1462,9102,2023-06-04T13:04:52.202000+00:00,16,23,4
1463,9102,2023-06-04T13:04:52.623000+00:00,17,77,4
1464,9102,2023-06-04T13:04:54.311000+00:00,18,2,4
1465,9102,2023-06-04T13:04:55.686000+00:00,10,11,81
1466,9102,2023-06-04T13:04:55.748000+00:00,19,16,4
1467,9102,2023-06-04T13:06:18.638000+00:00,11,22,81
1468,9102,2023-06-04T13:07:49.651000+00:00,18,16,2
1469,9102,2023-06-04T13:08:57.182000+00:00,8,24,27
1470,9102,2023-06-04T13:10:18.977000+00:00,17,16,77
1471,9102,2023-06-04T13:10:20.524000+00:00,18,2,77
1472,9102,2023-06-04T13:10:21.836000+00:00,9,11,27
1473,9102,2023-06-04T13:11:40.413000+00:00,6,63,14
1474,9102,2023-06-04T13:11:48.507000+00:00,16,16,23
1475,9102,2023-06-04T13:11:49.475000+00:00,10,22,27
1476,9102,2023-06-04T13:12:56.755000+00:00,3,44,18
1477,9102,2023-06-04T13:13:07.099000+00:00,11,81,27
1478,9102,2023-06-04T13:14:21.754000+00:00,12,20,27
1479,9102,2023-06-04T13:14:22.160000+00:00,13,10,27
1480,9102,2023-06-04T13:14:22.582000+00:00,14,21,27
1481,9102,2023-06-04T13:14:23.363000+00:00,15,16,27
1482,9102,2023-06-04T13:14:24.785000+00:00,16,23,27
1483,9102,2023-06-04T13:14:29.941000+00:00,8,11,24
1484,9102,2023-06-04T13:14:30.379000+00:00,17,2,27
1485,9102,2023-06-04T13:14:52.378000+00:00,18,77,27
1486,9102,2023-06-04T13:15:39.518000+00:00,9,22,24
1487,9102,2023-06-04T13:15:41.831000+00:00,10,81,24
1488,9102,2023-06-04T13:15:45.112000+00:00,14,16,21
1489,9102,2023-06-04T13:15:47.034000+00:00,11,20,24
1490,9102,2023-06-04T13:15:47.237000+00:00,15,23,21
1491,9102,2023-06-04T13:15:47.315000+00:00,12,10,24
1492,9102,2023-06-04T13:15:48.705000+00:00,13,16,24
1493,9102,2023-06-04T13:15:51.033000+00:00,14,23,24
1494,9102,2023-06-04T13:15:52.690000+00:00,11,10,20
1495,9102,2023-06-04T13:15:52.737000+00:00,16,2,21
1496,9102,2023-06-04T13:15:52.737000+00:00,15,2,24
1497,9102,2023-06-04T13:16:07.143000+00:00,17,77,21
1498,9102,2023-06-04T13:16:07.221000+00:00,18,27,21
1499,9102,2023-06-04T13:16:10.111000+00:00,17,27,77
1500,9102,2023-06-04T13:17:03.220000+00:00,9,81,22
1501,9102,2023-06-04T13:17:07.001000+00:00,12,16,20
1502,9102,2023-06-04T13:17:08.891000+00:00,10,10,22
1503,9102,2023-06-04T13:17:09.423000+00:00,5,63,31
1504,9102,2023-06-04T13:17:09.735000+00:00,13,23,20
1505,9102,2023-06-04T13:17:10.563000+00:00,11,16,22
1506,9102,2023-06-04T13:17:13.501000+00:00,12,23,22
1507,9102,2023-06-04T13:17:15.266000+00:00,14,2,20
1508,9102,2023-06-04T13:17:15.266000+00:00,13,2,22
1509,9102,2023-06-04T13:17:26.969000+00:00,15,24,20
1510,9102,2023-06-04T13:17:27.313000+00:00,16,27,20
1511,9102,2023-06-04T13:17:32.516000+00:00,15,27,24
1512,9102,2023-06-04T13:17:32.875000+00:00,17,77,20
1513,9102,2023-06-04T13:17:37.391000+00:00,14,27,22
1514,9102,2023-06-04T13:17:42.703000+00:00,18,21,20
1515,9102,2023-06-04T13:17:44.500000+00:00,15,24,22
1516,9102,2023-06-04T13:18:55.827000+00:00,18,20,21
1517,9102,2023-06-04T13:21:01.950000+00:00,6,14,31
1518,9102,2023-06-04T13:21:03.294000+00:00,7,11,31
1519,9102,2023-06-04T13:21:10.606000+00:00,8,81,31
1520,9102,2023-06-04T13:21:12.278000+00:00,9,10,31
1521,9102,2023-06-04T13:21:14.825000+00:00,10,16,31
1522,9102,2023-06-04T13:21:20.059000+00:00,11,23,31
1523,9102,2023-06-04T13:21:21.856000+00:00,12,2,31
1524,9102,2023-06-04T13:21:38.840000+00:00,17,20,77
1525,9102,2023-06-04T13:21:41.965000+00:00,15,22,24
1526,9102,2023-06-04T13:21:45.621000+00:00,15,24,22
1527,9102,2023-06-04T13:21:52.402000+00:00,15,22,24
1528,9102,2023-06-04T13:22:19.355000+00:00,4,63,18
1529,9102,2023-06-04T13:22:26.683000+00:00,5,14,18
1530,9102,2023-06-04T13:22:28.417000+00:00,6,11,18
1531,9102,2023-06-04T13:22:31.886000+00:00,7,81,18
1532,9102,2023-06-04T13:22:33.589000+00:00,8,10,18
1533,9102,2023-06-04T13:22:36.557000+00:00,9,16,18
1534,9102,2023-06-04T13:22:45.292000+00:00,10,23,18
1535,9102,2023-06-04T13:22:47.151000+00:00,11,2,18
1536,9102,2023-06-04T13:22:52.604000+00:00,14,22,27
1537,9102,2023-06-04T13:23:01.166000+00:00,18,21,77
1538,9102,2023-06-04T13:23:33.306000+00:00,2,44,55
1539,9102,2023-06-04T13:23:43.869000+00:00,3,63,55
1540,9102,2023-06-04T13:23:45.291000+00:00,11,18,2
1541,9102,2023-06-04T13:23:47.775000+00:00,4,14,55
1542,9102,2023-06-04T13:23:49.697000+00:00,5,11,55
1543,9102,2023-06-04T13:23:53.259000+00:00,6,81,55
1544,9102,2023-06-04T13:23:54.947000+00:00,7,10,55
1545,9102,2023-06-04T13:24:01.134000+00:00,8,16,55
1546,9102,2023-06-04T13:24:21.821000+00:00,15,24,27
1547,9102,2023-06-04T13:24:51.102000+00:00,8,55,16
1548,9102,2023-06-04T13:25:08.367000+00:00,12,31,2
1549,9102,2023-06-04T13:25:14.320000+00:00,10,18,23
1550,9102,2023-06-04T13:25:25.289000+00:00,19,4,23
1551,9102,2023-06-04T13:25:25.289000+00:00,19,23,4
1552,9102,2023-06-04T13:25:25.289000+00:00,18,23,77
1553,9102,2023-06-04T13:25:25.289000+00:00,17,23,21
1554,9102,2023-06-04T13:25:25.289000+00:00,16,23,20
1555,9102,2023-06-04T13:25:25.289000+00:00,15,23,27
1556,9102,2023-06-04T13:25:25.289000+00:00,14,23,24
1557,9102,2023-06-04T13:25:25.289000+00:00,13,23,22
1558,9102,2023-06-04T13:25:25.289000+00:00,12,23,2
1559,9102,2023-06-04T13:25:26.179000+00:00,12,2,23
1560,9102,2023-06-04T13:25:26.648000+00:00,13,22,23
1561,9102,2023-06-04T13:25:26.758000+00:00,9,18,16
1562,9102,2023-06-04T13:25:29.039000+00:00,10,31,16
1563,9102,2023-06-04T13:25:29.851000+00:00,11,2,16
1564,9102,2023-06-04T13:25:30.226000+00:00,12,22,16
1565,9102,2023-06-04T13:25:32.632000+00:00,14,24,23
1566,9102,2023-06-04T13:25:32.632000+00:00,13,24,16
1567,9102,2023-06-04T13:25:34.507000+00:00,15,27,23
1568,9102,2023-06-04T13:25:34.507000+00:00,14,27,16
1569,9102,2023-06-04T13:25:36.773000+00:00,16,20,23
1570,9102,2023-06-04T13:25:36.773000+00:00,15,20,16
1571,9102,2023-06-04T13:25:37.851000+00:00,17,21,23
1572,9102,2023-06-04T13:25:37.851000+00:00,16,21,16
1573,9102,2023-06-04T13:25:40.539000+00:00,18,77,23
1574,9102,2023-06-04T13:25:43.304000+00:00,19,4,23
1575,9102,2023-06-04T13:25:43.695000+00:00,17,77,16
1576,9102,2023-06-04T13:26:09.600000+00:00,11,22,2
1577,9102,2023-06-04T13:26:34.272000+00:00,6,10,81
1578,9102,2023-06-04T13:26:35.866000+00:00,7,55,81
1579,9102,2023-06-04T13:26:46.975000+00:00,8,18,81
1580,9102,2023-06-04T13:26:49.584000+00:00,9,31,81
1581,9102,2023-06-04T13:26:49.600000+00:00,12,24,2
1582,9102,2023-06-04T13:26:51.490000+00:00,10,22,81
1583,9102,2023-06-04T13:26:52.225000+00:00,13,27,2
1584,9102,2023-06-04T13:26:53.287000+00:00,11,24,81
1585,9102,2023-06-04T13:26:57.959000+00:00,14,20,2
1586,9102,2023-06-04T13:26:58.600000+00:00,15,21,2
1587,9102,2023-06-04T13:26:58.990000+00:00,12,27,81
1588,9102,2023-06-04T13:27:00.990000+00:00,13,20,81
1589,9102,2023-06-04T13:27:02.303000+00:00,16,77,2
1590,9102,2023-06-04T13:27:03.818000+00:00,14,21,81
1591,9102,2023-06-04T13:27:04.256000+00:00,17,16,2
1592,9102,2023-06-04T13:27:05.834000+00:00,18,4,2
1593,9102,2023-06-04T13:27:16.537000+00:00,19,23,2
1594,9102,2023-06-04T13:28:02.302000+00:00,6,55,10
1595,9102,2023-06-04T13:28:25.082000+00:00,14,81,21
1596,9102,2023-06-04T13:29:10.050000+00:00,4,11,14
1597,9102,2023-06-04T13:29:19.441000+00:00,5,55,14
1598,9102,2023-06-04T13:29:19.472000+00:00,13,81,20
1599,9102,2023-06-04T13:29:27.706000+00:00,7,18,10
1600,9102,2023-06-04T13:29:27.706000+00:00,6,18,14
1601,9102,2023-06-04T13:29:30.363000+00:00,8,31,10
1602,9102,2023-06-04T13:29:30.363000+00:00,7,31,14
1603,9102,2023-06-04T13:29:31.878000+00:00,9,22,10
1604,9102,2023-06-04T13:29:31.878000+00:00,8,22,14
1605,9102,2023-06-04T13:29:34.487000+00:00,10,24,10
1606,9102,2023-06-04T13:29:38.503000+00:00,11,27,10
1607,9102,2023-06-04T13:29:39.987000+00:00,12,81,10
1608,9102,2023-06-04T13:29:40.175000+00:00,9,24,14
1609,9102,2023-06-04T13:29:40.581000+00:00,13,20,10
1610,9102,2023-06-04T13:29:41.331000+00:00,14,21,10
1611,9102,2023-06-04T13:29:48.409000+00:00,16,16,77
1612,9102,2023-06-04T13:29:55.690000+00:00,15,16,10
1613,9102,2023-06-04T13:30:57.955000+00:00,9,14,24
1614,9102,2023-06-04T13:31:02.720000+00:00,11,81,27
1615,9102,2023-06-04T13:31:11.204000+00:00,15,10,16
1616,9102,2023-06-04T13:33:56.498000+00:00,14,10,21
1617,9102,2023-06-04T13:33:57.795000+00:00,18,23,4
1618,9102,2023-06-04T13:34:00.670000+00:00,19,2,4
1619,9102,2023-06-04T13:35:10.372000+00:00,13,10,20
1620,9102,2023-06-04T13:35:50.090000+00:00,2,63,44
1621,9102,2023-06-04T13:35:56.434000+00:00,3,11,44
1622,9102,2023-06-04T13:36:04.152000+00:00,4,55,44
1623,9102,2023-06-04T13:36:26.043000+00:00,14,21,20
1624,9102,2023-06-04T13:36:26.699000+00:00,15,16,20
1625,9102,2023-06-04T13:36:35.605000+00:00,16,77,20
1626,9102,2023-06-04T13:36:40.027000+00:00,17,23,20
1627,9102,2023-06-04T13:36:42.292000+00:00,18,2,20
1628,9102,2023-06-04T13:37:17.620000+00:00,2,11,63
1629,9102,2023-06-04T13:37:21.745000+00:00,3,55,63
1630,9102,2023-06-04T13:37:24.166000+00:00,4,44,63
1631,9102,2023-06-04T13:37:33.869000+00:00,5,18,63
1632,9102,2023-06-04T13:37:55.807000+00:00,14,16,21
1633,9102,2023-06-04T13:39:03.883000+00:00,12,10,27
1634,9102,2023-06-04T13:39:07.227000+00:00,13,16,27
1635,9102,2023-06-04T13:39:12.336000+00:00,14,21,27
1636,9102,2023-06-04T13:39:17.946000+00:00,15,77,27
1637,9102,2023-06-04T13:39:22.180000+00:00,16,23,27
1638,9102,2023-06-04T13:39:58.648000+00:00,2,55,11
1639,9102,2023-06-04T13:39:59.195000+00:00,3,44,11
1640,9102,2023-06-04T13:40:08.054000+00:00,2,44,55
1641,9102,2023-06-04T13:40:11.820000+00:00,4,18,11
1642,9102,2023-06-04T13:40:11.835000+00:00,5,63,11
1643,9102,2023-06-04T13:40:14.726000+00:00,4,63,18
1644,9102,2023-06-04T13:40:15.351000+00:00,6,31,11
1645,9102,2023-06-04T13:40:16.163000+00:00,7,22,11
1646,9102,2023-06-04T13:40:22.476000+00:00,8,14,11
1647,9102,2023-06-04T13:44:23.878000+00:00,8,11,14
1648,9102,2023-06-04T13:44:50.799000+00:00,17,27,2
1649,9102,2023-06-04T13:46:17.094000+00:00,16,27,23
1650,9102,2023-06-04T13:47:09.593000+00:00,7,11,22
1651,9102,2023-06-04T13:48:23.811000+00:00,6,11,31
1652,9102,2023-06-04T13:48:51.514000+00:00,15,27,77
1653,9102,2023-06-04T13:49:33.935000+00:00,5,11,18
1654,9102,2023-06-04T13:49:35.966000+00:00,6,31,18
1655,9102,2023-06-04T13:49:36.450000+00:00,3,63,55
1656,9102,2023-06-04T13:49:39.747000+00:00,8,14,22
1657,9102,2023-06-04T13:49:43.481000+00:00,7,14,18
1658,9102,2023-06-04T13:49:47.700000+00:00,9,24,22
1659,9102,2023-06-04T13:49:47.700000+00:00,8,24,18
1660,9102,2023-06-04T13:49:49.216000+00:00,10,81,22
1661,9102,2023-06-04T13:49:49.216000+00:00,9,81,18
1662,9102,2023-06-04T13:49:49.841000+00:00,11,10,22
1663,9102,2023-06-04T13:49:49.841000+00:00,10,10,18
1664,9102,2023-06-04T13:49:53.637000+00:00,12,16,22
1665,9102,2023-06-04T13:49:53.637000+00:00,11,16,18
1666,9102,2023-06-04T13:49:57.622000+00:00,13,21,22
1667,9102,2023-06-04T13:49:57.622000+00:00,12,21,18
1668,9102,2023-06-04T13:50:18.949000+00:00,18,20,2
1669,9102,2023-06-04T13:51:00.183000+00:00,6,14,31
1670,9102,2023-06-04T13:51:08.105000+00:00,7,24,31
1671,9102,2023-06-04T13:51:09.683000+00:00,8,81,31
1672,9102,2023-06-04T13:51:10.964000+00:00,9,10,31
1673,9102,2023-06-04T13:51:14.042000+00:00,10,16,31
1674,9102,2023-06-04T13:51:18.402000+00:00,11,21,31
1675,9102,2023-06-04T13:51:21.480000+00:00,12,18,31
1676,9102,2023-06-04T13:51:26.792000+00:00,13,22,31
1677,9102,2023-06-04T13:52:26.775000+00:00,7,81,24
1678,9102,2023-06-04T13:52:28.088000+00:00,8,10,24
1679,9102,2023-06-04T13:52:34.588000+00:00,9,16,24
1680,9102,2023-06-04T13:52:39.166000+00:00,10,21,24
1681,9102,2023-06-04T13:52:41.197000+00:00,11,18,24
1682,9102,2023-06-04T13:52:42.806000+00:00,12,22,24
1683,9102,2023-06-04T13:52:44.853000+00:00,13,31,24
1684,9102,2023-06-04T13:52:46.369000+00:00,14,27,24
1685,9102,2023-06-04T13:52:55.056000+00:00,19,4,2
1686,9102,2023-06-04T13:54:12.492000+00:00,17,20,23
1687,9102,2023-06-04T13:54:15.523000+00:00,18,4,23
1688,9102,2023-06-04T13:55:17.397000+00:00,10,18,21
1689,9102,2023-06-04T13:55:19.444000+00:00,11,22,21
1690,9102,2023-06-04T13:55:19.725000+00:00,12,31,21
1691,9102,2023-06-04T13:55:26.163000+00:00,11,31,22
1692,9102,2023-06-04T13:55:26.460000+00:00,13,27,21
1693,9102,2023-06-04T13:55:31.022000+00:00,14,24,21
1694,9102,2023-06-04T13:55:37.475000+00:00,15,77,21
1695,9102,2023-06-04T13:55:37.584000+00:00,16,20,21
1696,9102,2023-06-04T13:55:40.459000+00:00,15,20,77
1697,9102,2023-06-04T13:55:44.522000+00:00,17,4,21
1698,9102,2023-06-04T13:56:32.490000+00:00,8,16,10
1699,9102,2023-06-04T13:56:36.271000+00:00,7,16,81
1700,9102,2023-06-04T13:56:40.349000+00:00,9,18,10
1701,9102,2023-06-04T13:56:40.349000+00:00,8,18,81
1702,9102,2023-06-04T13:56:42.771000+00:00,10,31,10
1703,9102,2023-06-04T13:56:42.771000+00:00,9,31,81
1704,9102,2023-06-04T13:56:43.974000+00:00,11,22,10
1705,9102,2023-06-04T13:56:43.974000+00:00,10,22,81
1706,9102,2023-06-04T13:56:46.771000+00:00,12,27,10
1707,9102,2023-06-04T13:56:46.771000+00:00,11,27,81
1708,9102,2023-06-04T13:56:50.005000+00:00,13,24,10
1709,9102,2023-06-04T13:56:50.005000+00:00,12,24,81
1710,9102,2023-06-04T13:56:58.114000+00:00,16,4,77
1711,9102,2023-06-04T13:56:58.958000+00:00,17,21,77
1712,9102,2023-06-04T13:57:18.489000+00:00,18,23,77
1713,9102,2023-06-04T13:57:21.301000+00:00,19,2,77
1714,9102,2023-06-04T13:58:24.800000+00:00,16,21,4
1715,9102,2023-06-04T13:58:48.518000+00:00,4,11,55
1716,9102,2023-06-04T13:59:04.096000+00:00,5,14,55
1717,9102,2023-06-04T13:59:15.799000+00:00,7,18,16
1718,9102,2023-06-04T13:59:22.268000+00:00,8,31,16
1719,9102,2023-06-04T13:59:23.565000+00:00,9,22,16
1720,9102,2023-06-04T13:59:26.846000+00:00,10,27,16
1721,9102,2023-06-04T13:59:28.174000+00:00,11,24,16
1722,9102,2023-06-04T13:59:33.455000+00:00,12,81,16
1723,9102,2023-06-04T13:59:35.283000+00:00,13,10,16
1724,9102,2023-06-04T13:59:43.408000+00:00,15,21,20
1725,9102,2023-06-04T14:00:49.844000+00:00,10,24,27
1726,9102,2023-06-04T14:00:59.735000+00:00,16,4,20
1727,9102,2023-06-04T14:01:17.078000+00:00,17,23,20
1728,9102,2023-06-04T14:01:19.781000+00:00,18,2,20
1729,9102,2023-06-04T14:02:07.452000+00:00,11,81,27
1730,9102,2023-06-04T14:02:12.515000+00:00,12,10,27
1731,9102,2023-06-04T14:02:17.983000+00:00,13,16,27
1732,9102,2023-06-04T14:02:20.140000+00:00,14,21,27
1733,9102,2023-06-04T14:02:23.093000+00:00,15,4,27
1734,9102,2023-06-04T14:03:11.592000+00:00,5,55,14
1735,9102,2023-06-04T14:03:18.779000+00:00,6,18,14
1736,9102,2023-06-04T14:03:21.514000+00:00,7,31,14
1737,9102,2023-06-04T14:03:22.889000+00:00,8,22,14
1738,9102,2023-06-04T14:03:28.717000+00:00,9,24,14
1739,9102,2023-06-04T14:04:09.325000+00:00,3,11,63
1740,9102,2023-06-04T14:07:26.181000+00:00,9,14,24
1741,9102,2023-06-04T14:07:33.634000+00:00,11,10,81
1742,9102,2023-06-04T14:08:04.024000+00:00,18,20,2
1743,9102,2023-06-04T14:08:44.414000+00:00,8,14,22
1744,9102,2023-06-04T14:10:54.959000+00:00,3,63,11
1745,9102,2023-06-04T14:11:03.818000+00:00,4,55,11
1746,9102,2023-06-04T14:11:21.442000+00:00,7,14,31
1747,9102,2023-06-04T14:11:35.458000+00:00,12,16,81
1748,9102,2023-06-04T14:11:46.692000+00:00,15,27,4
1749,9102,2023-06-04T14:11:54.286000+00:00,16,23,4
1750,9102,2023-06-04T14:11:56.082000+00:00,17,20,4
1751,9102,2023-06-04T14:11:59.520000+00:00,18,2,4
1752,9102,2023-06-04T14:12:10.160000+00:00,19,77,4
1753,9102,2023-06-04T14:13:46.440000+00:00,4,11,55
1754,9102,2023-06-04T14:14:43.158000+00:00,19,4,77
1755,9102,2023-06-04T14:17:22.123000+00:00,18,4,2
1756,9102,2023-06-04T14:18:07.638000+00:00,9,24,22
1757,9102,2023-06-04T14:18:10.732000+00:00,9,22,24
1758,9102,2023-06-04T14:23:56.569000+00:00,17,4,20
1759,9102,2023-06-04T14:24:01.851000+00:00,17,20,4
1760,9102,2023-06-04T14:25:30.943000+00:00,19,77,2
1761,9102,2023-06-04T14:29:15.501000+00:00,17,4,20
1762,9110,2023-06-18T18:03:21.264000+00:00,2,44,14
1763,9110,2023-06-18T18:03:21.639000+00:00,3,63,14
1764,9110,2023-06-18T18:03:21.671000+00:00,3,14,63
1765,9110,2023-06-18T18:03:22.093000+00:00,5,31,27
1766,9110,2023-06-18T18:03:22.686000+00:00,7,81,4
1767,9110,2023-06-18T18:03:23.202000+00:00,9,16,23
1768,9110,2023-06-18T18:03:23.671000+00:00,11,11,55
1769,9110,2023-06-18T18:03:23.733000+00:00,12,20,55
1770,9110,2023-06-18T18:03:24.171000+00:00,15,18,10
1771,9110,2023-06-18T18:03:24.171000+00:00,14,18,77
1772,9110,2023-06-18T18:03:24.171000+00:00,15,10,77
1773,9110,2023-06-18T18:03:27.217000+00:00,12,55,20
1774,9110,2023-06-18T18:03:33.717000+00:00,14,10,18
1775,9110,2023-06-18T18:03:56.670000+00:00,11,55,11
1776,9110,2023-06-18T18:03:59.201000+00:00,18,22,2
1777,9110,2023-06-18T18:04:00.639000+00:00,11,11,55
1778,9110,2023-06-18T18:04:25.904000+00:00,18,2,22
1779,9110,2023-06-18T18:04:27.966000+00:00,11,55,11
1780,9110,2023-06-18T18:04:28.482000+00:00,12,20,11
1781,9110,2023-06-18T18:04:31.357000+00:00,12,11,20
1782,9110,2023-06-18T18:04:34.482000+00:00,19,24,22
1783,9110,2023-06-18T18:04:36.997000+00:00,13,10,20
1784,9110,2023-06-18T18:04:37.435000+00:00,14,18,20
1785,9110,2023-06-18T18:11:15.069000+00:00,6,81,27
1786,9110,2023-06-18T18:11:44.099000+00:00,18,24,2
1787,9110,2023-06-18T18:11:56.537000+00:00,19,22,2
1788,9110,2023-06-18T18:16:22.219000+00:00,13,18,10
1789,9110,2023-06-18T18:16:33.969000+00:00,13,10,18
1790,9110,2023-06-18T18:16:41.953000+00:00,13,18,10
1791,9110,2023-06-18T18:16:42.547000+00:00,14,20,10
1792,9110,2023-06-18T18:16:43.110000+00:00,15,77,10
1793,9110,2023-06-18T18:16:43.781000+00:00,16,21,10
1794,9110,2023-06-18T18:16:46.719000+00:00,17,24,10
1795,9110,2023-06-18T18:16:57.562000+00:00,18,22,10
1796,9110,2023-06-18T18:17:57.624000+00:00,7,4,27
1797,9110,2023-06-18T18:17:57.733000+00:00,8,16,27
1798,9110,2023-06-18T18:17:58.608000+00:00,9,23,27
1799,9110,2023-06-18T18:17:59.155000+00:00,10,55,27
1800,9110,2023-06-18T18:17:59.671000+00:00,11,11,27
1801,9110,2023-06-18T18:18:01.124000+00:00,13,20,18
1802,9110,2023-06-18T18:18:01.124000+00:00,12,20,27
1803,9110,2023-06-18T18:18:01.843000+00:00,14,77,18
1804,9110,2023-06-18T18:18:01.843000+00:00,13,77,27
1805,9110,2023-06-18T18:18:05.280000+00:00,16,24,21
1806,9110,2023-06-18T18:18:05.280000+00:00,15,24,18
1807,9110,2023-06-18T18:18:05.280000+00:00,14,24,27
1808,9110,2023-06-18T18:18:15.592000+00:00,17,22,21
1809,9110,2023-06-18T18:18:15.592000+00:00,16,22,18
1810,9110,2023-06-18T18:18:23.295000+00:00,15,22,27
1811,9110,2023-06-18T18:18:38.404000+00:00,4,31,63
1812,9110,2023-06-18T18:18:49.482000+00:00,5,81,63
1813,9110,2023-06-18T18:18:52.342000+00:00,6,4,63
1814,9110,2023-06-18T18:18:53.060000+00:00,7,16,63
1815,9110,2023-06-18T18:18:55.060000+00:00,8,23,63
1816,9110,2023-06-18T18:18:56.967000+00:00,9,55,63
1817,9110,2023-06-18T18:18:58.076000+00:00,10,11,63
1818,9110,2023-06-18T18:19:11.341000+00:00,11,20,63
1819,9110,2023-06-18T18:19:12.435000+00:00,12,77,63
1820,9110,2023-06-18T18:19:18.232000+00:00,13,24,63
1821,9110,2023-06-18T18:19:31.435000+00:00,6,16,4
1822,9110,2023-06-18T18:19:31.435000+00:00,5,16,81
1823,9110,2023-06-18T18:19:31.435000+00:00,4,16,31
1824,9110,2023-06-18T18:19:32.950000+00:00,19,63,4
1825,9110,2023-06-18T18:19:32.950000+00:00,6,63,81
1826,9110,2023-06-18T18:19:32.950000+00:00,5,63,31
1827,9110,2023-06-18T18:19:32.950000+00:00,19,4,2
1828,9110,2023-06-18T18:19:32.950000+00:00,18,4,10
1829,9110,2023-06-18T18:19:32.950000+00:00,17,4,21
1830,9110,2023-06-18T18:19:32.950000+00:00,16,4,18
1831,9110,2023-06-18T18:19:32.950000+00:00,15,4,27
1832,9110,2023-06-18T18:19:32.950000+00:00,14,4,22
1833,9110,2023-06-18T18:19:32.950000+00:00,13,4,63
1834,9110,2023-06-18T18:19:32.950000+00:00,12,4,24
1835,9110,2023-06-18T18:19:32.950000+00:00,11,4,77
1836,9110,2023-06-18T18:19:32.950000+00:00,10,4,20
1837,9110,2023-06-18T18:19:32.950000+00:00,9,4,11
1838,9110,2023-06-18T18:19:32.950000+00:00,8,4,23
1839,9110,2023-06-18T18:19:33.716000+00:00,9,11,23
1840,9110,2023-06-18T18:19:33.716000+00:00,8,11,4
1841,9110,2023-06-18T18:19:33.716000+00:00,7,11,81
1842,9110,2023-06-18T18:19:33.716000+00:00,6,11,31
1843,9110,2023-06-18T18:19:35.403000+00:00,10,20,23
1844,9110,2023-06-18T18:19:35.403000+00:00,9,20,4
1845,9110,2023-06-18T18:19:35.403000+00:00,8,20,81
1846,9110,2023-06-18T18:19:35.403000+00:00,7,20,31
1847,9110,2023-06-18T18:19:37.028000+00:00,11,77,23
1848,9110,2023-06-18T18:19:37.028000+00:00,10,77,4
1849,9110,2023-06-18T18:19:37.028000+00:00,9,77,81
1850,9110,2023-06-18T18:19:38.685000+00:00,14,22,63
1851,9110,2023-06-18T18:19:40.310000+00:00,15,27,63
1852,9110,2023-06-18T18:19:45.388000+00:00,7,31,20
1853,9110,2023-06-18T18:19:48.091000+00:00,16,18,63
1854,9110,2023-06-18T18:19:49.747000+00:00,7,20,31
1855,9110,2023-06-18T18:19:50.684000+00:00,8,77,31
1856,9110,2023-06-18T18:20:03.465000+00:00,13,22,24
1857,9110,2023-06-18T18:20:04.668000+00:00,17,21,63
1858,9110,2023-06-18T18:20:06.278000+00:00,18,10,63
1859,9110,2023-06-18T18:28:55.425000+00:00,10,4,81
1860,9110,2023-06-18T18:31:48.969000+00:00,8,31,77
1861,9110,2023-06-18T18:31:58.406000+00:00,11,23,81
1862,9110,2023-06-18T18:32:43.343000+00:00,7,31,20
1863,9110,2023-06-18T18:33:03.420000+00:00,8,77,20
1864,9110,2023-06-18T18:33:24.123000+00:00,9,4,20
1865,9110,2023-06-18T18:35:31.668000+00:00,2,14,44
1866,9110,2023-06-18T18:35:45.355000+00:00,10,23,20
1867,9110,2023-06-18T18:35:53.886000+00:00,10,20,23
1868,9110,2023-06-18T18:35:54.230000+00:00,11,81,23
1869,9110,2023-06-18T18:38:30.899000+00:00,10,81,20
1870,9110,2023-06-18T18:42:21.098000+00:00,15,18,27
1871,9110,2023-06-18T18:42:29.176000+00:00,15,27,18
1872,9110,2023-06-18T18:42:30.113000+00:00,16,21,18
1873,9110,2023-06-18T18:42:30.457000+00:00,17,10,18
1874,9110,2023-06-18T18:42:31.364000+00:00,18,63,18
1875,9110,2023-06-18T18:43:45.690000+00:00,11,23,20
1876,9110,2023-06-18T18:47:43.858000+00:00,15,21,27
1877,9110,2023-06-18T18:47:44.358000+00:00,16,10,27
1878,9110,2023-06-18T18:47:45.155000+00:00,17,63,27
1879,9110,2023-06-18T18:47:58.873000+00:00,18,18,27
1880,9110,2023-06-18T18:49:02.357000+00:00,14,21,24
1881,9110,2023-06-18T18:49:02.497000+00:00,15,10,24
1882,9110,2023-06-18T18:49:03.482000+00:00,16,63,24
1883,9110,2023-06-18T18:49:16.200000+00:00,17,18,24
1884,9110,2023-06-18T18:49:19.825000+00:00,18,27,24
1885,9110,2023-06-18T18:50:21.433000+00:00,15,63,10
1886,9110,2023-06-18T18:50:33.308000+00:00,16,18,10
1887,9110,2023-06-18T18:50:37.105000+00:00,17,27,10
1888,9110,2023-06-18T18:51:29.354000+00:00,12,22,20
1889,9110,2023-06-18T18:51:38.651000+00:00,12,20,22
1890,9110,2023-06-18T18:51:38.791000+00:00,13,21,22
1891,9110,2023-06-18T18:51:39.307000+00:00,14,63,22
1892,9110,2023-06-18T18:51:47.401000+00:00,13,63,21
1893,9110,2023-06-18T18:51:47.401000+00:00,12,63,20
1894,9110,2023-06-18T18:51:50.385000+00:00,15,18,22
1895,9110,2023-06-18T18:51:54.791000+00:00,16,27,22
1896,9110,2023-06-18T18:52:06.181000+00:00,17,10,22
1897,9110,2023-06-18T18:52:08.916000+00:00,14,18,21
1898,9110,2023-06-18T18:52:08.916000+00:00,13,18,20
1899,9110,2023-06-18T18:52:13.603000+00:00,15,27,21
1900,9110,2023-06-18T18:52:13.603000+00:00,14,27,20
1901,9110,2023-06-18T18:52:17.056000+00:00,16,10,21
1902,9110,2023-06-18T18:52:17.056000+00:00,15,10,20
1903,9110,2023-06-18T18:52:19.259000+00:00,17,22,21
1904,9110,2023-06-18T18:52:19.259000+00:00,16,22,20
1905,9110,2023-06-18T18:52:19.744000+00:00,18,24,21
1906,9110,2023-06-18T18:52:19.744000+00:00,17,24,20
1907,9110,2023-06-18T18:52:51.571000+00:00,9,81,4
1908,9110,2023-06-18T18:52:52.884000+00:00,10,23,4
1909,9110,2023-06-18T18:52:57.618000+00:00,11,63,4
1910,9110,2023-06-18T18:54:06.289000+00:00,18,21,20
1911,9110,2023-06-18T18:54:10.179000+00:00,8,81,77
1912,9110,2023-06-18T18:54:10.179000+00:00,7,81,31
1913,9110,2023-06-18T18:54:10.882000+00:00,9,23,77
1914,9110,2023-06-18T18:54:10.882000+00:00,8,23,31
1915,9110,2023-06-18T18:54:15.273000+00:00,10,63,77
1916,9110,2023-06-18T18:54:15.273000+00:00,9,63,31
1917,9110,2023-06-18T18:55:29.037000+00:00,7,23,81
1918,9110,2023-06-18T18:55:32.834000+00:00,8,63,81
1919,9110,2023-06-18T18:55:36.646000+00:00,6,23,11
1920,9110,2023-06-18T18:55:39.990000+00:00,9,31,81
1921,9110,2023-06-18T18:55:41.240000+00:00,10,77,81
1922,9110,2023-06-18T18:55:41.850000+00:00,11,4,81
1923,9110,2023-06-18T18:55:43.709000+00:00,12,18,81
1924,9110,2023-06-18T18:57:52.800000+00:00,6,11,23
1925,9110,2023-06-18T19:03:22.982000+00:00,14,10,27
1926,9110,2023-06-18T19:05:38.183000+00:00,18,20,21
1927,9110,2023-06-18T19:09:55.616000+00:00,15,22,27
1928,9110,2023-06-18T19:17:06.577000+00:00,8,31,63
1929,9110,2023-06-18T19:17:07.374000+00:00,9,77,63
1930,9110,2023-06-18T19:17:07.921000+00:00,10,4,63
1931,9110,2023-06-18T19:17:17.577000+00:00,11,18,63
1932,9110,2023-06-18T19:17:38.608000+00:00,12,81,63
1933,9110,2023-06-18T19:17:40.842000+00:00,13,10,63
1934,9110,2023-06-18T19:17:44.811000+00:00,14,22,63
1935,9110,2023-06-18T19:17:51.701000+00:00,15,27,63
1936,9110,2023-06-18T19:17:54.748000+00:00,16,24,63
1937,9110,2023-06-18T19:19:03.387000+00:00,17,20,63
1938,9110,2023-06-18T19:19:03.903000+00:00,18,21,63
1939,9110,2023-06-18T19:28:42.002000+00:00,9,4,77
1940,9110,2023-06-18T19:37:53.633000+00:00,8,4,31
1941,9110,2023-06-18T19:38:05.774000+00:00,8,31,4
1942,9110,2023-06-18T19:38:08.477000+00:00,10,18,77
1943,9117,2023-07-01T14:33:11.995000+00:00,1,11,1
1944,9117,2023-07-01T14:33:13.635000+00:00,10,23,20
1945,9117,2023-07-01T14:33:13.635000+00:00,9,23,16
1946,9117,2023-07-01T14:33:14.073000+00:00,14,63,21
1947,9117,2023-07-01T14:33:14.073000+00:00,13,63,22
1948,9117,2023-07-01T14:33:14.073000+00:00,12,63,10
1949,9117,2023-07-01T14:33:14.073000+00:00,11,63,20
1950,9117,2023-07-01T14:33:14.448000+00:00,13,22,10
1951,9117,2023-07-01T14:33:14.620000+00:00,17,44,81
1952,9117,2023-07-01T14:33:14.620000+00:00,16,44,24
1953,9117,2023-07-01T14:33:14.620000+00:00,15,44,21
1954,9117,2023-07-01T14:33:14.620000+00:00,14,44,10
1955,9117,2023-07-01T14:33:14.995000+00:00,17,81,24
1956,9117,2023-07-01T14:33:14.995000+00:00,16,81,21
1957,9117,2023-07-01T14:33:16.073000+00:00,19,2,77
1958,9117,2023-07-01T14:33:19.167000+00:00,8,23,31
1959,9117,2023-07-01T14:33:21.714000+00:00,16,21,81
1960,9117,2023-07-01T14:33:24.385000+00:00,13,44,22
1961,9117,2023-07-01T14:33:29.964000+00:00,5,14,55
1962,9117,2023-07-01T14:33:29.964000+00:00,4,14,27
1963,9117,2023-07-01T14:33:32.729000+00:00,13,22,44
1964,9117,2023-07-01T14:33:36.448000+00:00,1,1,11
1965,9117,2023-07-01T14:33:37.010000+00:00,4,27,14
1966,9117,2023-07-01T14:33:37.010000+00:00,3,27,4
1967,9117,2023-07-01T14:33:37.244000+00:00,5,55,14
1968,9117,2023-07-01T14:33:37.244000+00:00,4,55,4
1969,9117,2023-07-01T14:33:37.666000+00:00,6,18,14
1970,9117,2023-07-01T14:33:37.666000+00:00,5,18,4
1971,9117,2023-07-01T14:33:37.666000+00:00,6,14,4
1972,9117,2023-07-01T14:33:39.057000+00:00,11,20,63
1973,9117,2023-07-01T14:33:40.885000+00:00,15,21,10
1974,9117,2023-07-01T14:33:41.229000+00:00,17,24,81
1975,9117,2023-07-01T14:33:42.885000+00:00,7,23,4
1976,9117,2023-07-01T14:33:42.885000+00:00,6,23,14
1977,9117,2023-07-01T14:33:43.104000+00:00,8,31,4
1978,9117,2023-07-01T14:33:44.885000+00:00,13,44,22
1979,9117,2023-07-01T14:33:45.119000+00:00,7,31,14
1980,9117,2023-07-01T14:33:45.901000+00:00,15,10,21
1981,9117,2023-07-01T14:33:46.619000+00:00,18,2,81
1982,9117,2023-07-01T14:33:52.885000+00:00,2,27,11
1983,9117,2023-07-01T14:33:54.213000+00:00,7,14,31
1984,9117,2023-07-01T14:33:54.213000+00:00,6,14,23
1985,9117,2023-07-01T14:33:59.369000+00:00,9,16,4
1986,9117,2023-07-01T14:34:03.135000+00:00,18,81,2
1987,9117,2023-07-01T14:34:03.135000+00:00,17,81,24
1988,9117,2023-07-01T14:34:18.057000+00:00,10,20,4
1989,9117,2023-07-01T14:34:20.885000+00:00,10,4,20
1990,9117,2023-07-01T14:34:59.509000+00:00,15,21,10
1991,9117,2023-07-01T14:35:06.087000+00:00,15,10,21
1992,9117,2023-07-01T14:35:08.947000+00:00,18,2,24
1993,9117,2023-07-01T14:35:09.197000+00:00,11,63,20
1994,9117,2023-07-01T14:35:16.150000+00:00,18,24,2
1995,9117,2023-07-01T14:35:16.165000+00:00,18,2,24
1996,9117,2023-07-01T14:35:25.134000+00:00,18,24,2
1997,9117,2023-07-01T14:35:36.009000+00:00,18,2,24
1998,9117,2023-07-01T14:35:41.509000+00:00,11,20,63
1999,9117,2023-07-01T14:39:20.647000+00:00,8,16,31
2000,9117,2023-07-01T14:39:26.475000+00:00,8,31,16
