id,session_key,driver_id,driver_number,lap_number,pit_duration,lane_duration,date
1,9102,norris,4,1,37.7,37.7,2023-06-04T13:05:22.607000+00:00
2,9102,bottas,77,5,23.6,23.6,2023-06-04T13:10:42.773000+00:00
3,9102,hulkenberg,27,8,22.2,22.2,2023-06-04T13:14:44.785000+00:00
4,9102,zhou,24,9,23.4,23.4,2023-06-04T13:16:02.690000+00:00
5,9102,de_vries,21,9,22.5,22.5,2023-06-04T13:16:07.674000+00:00
6,9102,tsunoda,22,10,22.1,22.1,2023-06-04T13:17:23.938000+00:00
7,9102,kevin_magnussen,20,10,22.1,22.1,2023-06-04T13:17:29.391000+00:00
8,9102,ocon,31,13,22.1,22.1,2023-06-04T13:21:24.402000+00:00
9,9102,stroll,18,14,22.3,22.3,2023-06-04T13:22:41.917000+00:00
10,9102,sainz,55,15,22.3,22.3,2023-06-04T13:23:56.212000+00:00
11,9102,leclerc,16,16,21.7,21.7,2023-06-04T13:25:39.726000+00:00
12,9102,albon,23,16,23.3,23.3,2023-06-04T13:25:48.070000+00:00
13,9102,piastri,81,17,22.3,22.3,2023-06-04T13:26:55.740000+00:00
14,9102,sargeant,2,17,22.5,22.5,2023-06-04T13:27:13.177000+00:00
15,9102,alonso,14,19,22.5,22.5,2023-06-04T13:29:32.284000+00:00
16,9102,gasly,10,19,23.3,23.3,2023-06-04T13:29:42.394000+00:00
17,9102,norris,4,22,22.8,22.8,2023-06-04T13:34:13.936000+00:00
18,9102,hamilton,44,24,22.5,22.5,2023-06-04T13:36:00.934000+00:00
19,9102,kevin_magnussen,20,24,24.8,24.8,2023-06-04T13:36:51.636000+00:00
20,9102,russell,63,25,22.2,22.2,2023-06-04T13:37:30.510000+00:00
21,9102,max_verstappen,1,26,22.2,22.2,2023-06-04T13:38:29.056000+00:00
22,9102,hulkenberg,27,26,23.2,23.2,2023-06-04T13:39:27.836000+00:00
23,9102,perez,11,27,21.7,21.7,2023-06-04T13:40:19.241000+00:00
24,9102,stroll,18,34,23.3,23.3,2023-06-04T13:49:58.247000+00:00
25,9102,tsunoda,22,34,22.0,22.0,2023-06-04T13:50:01.059000+00:00
26,9102,ocon,31,35,24.1,24.1,2023-06-04T13:51:21.730000+00:00
27,9102,zhou,24,36,22.8,22.8,2023-06-04T13:52:48.775000+00:00
28,9102,sargeant,2,36,23.8,23.8,2023-06-04T13:53:18.056000+00:00
29,9102,albon,23,37,23.4,23.4,2023-06-04T13:54:36.804000+00:00
30,9102,de_vries,21,38,21.9,21.9,2023-06-04T13:55:39.834000+00:00
31,9102,piastri,81,39,22.8,22.8,2023-06-04T13:56:52.146000+00:00
32,9102,gasly,10,39,23.6,23.6,2023-06-04T13:56:54.067000+00:00
33,9102,bottas,77,39,24.0,24.0,2023-06-04T13:57:22.504000+00:00
34,9102,sainz,55,41,22.3,22.3,2023-06-04T13:59:09.768000+00:00
35,9102,leclerc,16,41,23.0,23.0,2023-06-04T13:59:36.752000+00:00
36,9102,kevin_magnussen,20,42,22.2,22.2,2023-06-04T14:01:22.406000+00:00
37,9102,hulkenberg,27,43,24.4,24.4,2023-06-04T14:02:29.968000+00:00
38,9102,alonso,14,44,22.8,22.8,2023-06-04T14:03:24.420000+00:00
39,9102,russell,63,45,22.0,22.0,2023-06-04T14:04:20.497000+00:00
40,9102,hamilton,44,50,22.7,22.7,2023-06-04T14:10:45.927000+00:00
41,9102,perez,11,50,21.5,21.5,2023-06-04T14:11:04.287000+00:00
42,9102,norris,4,50,22.0,22.0,2023-06-04T14:12:02.129000+00:00
43,9102,max_verstappen,1,52,22.3,22.3,2023-06-04T14:13:07.441000+00:00
44,9110,tsunoda,22,1,23.6,23.6,2023-06-18T18:04:56.528000+00:00
45,9110,gasly,10,10,27.5,27.5,2023-06-18T18:17:04.109000+00:00
46,9110,hulkenberg,27,11,24.8,24.8,2023-06-18T18:18:16.186000+00:00
47,9110,stroll,18,11,23.7,23.7,2023-06-18T18:18:17.999000+00:00
48,9110,de_vries,21,11,24.9,24.9,2023-06-18T18:18:21.467000+00:00
49,9110,max_verstappen,1,12,23.6,23.6,2023-06-18T18:19:13.935000+00:00
50,9110,hamilton,44,12,24.3,24.3,2023-06-18T18:19:24.482000+00:00
51,9110,alonso,14,12,24.0,24.0,2023-06-18T18:19:25.014000+00:00
52,9110,ocon,31,12,24.4,24.4,2023-06-18T18:19:37.606000+00:00
53,9110,piastri,81,12,24.8,24.8,2023-06-18T18:19:41.653000+00:00
54,9110,norris,4,12,25.8,25.8,2023-06-18T18:19:50.356000+00:00
55,9110,albon,23,12,25.0,25.0,2023-06-18T18:19:50.684000+00:00
56,9110,zhou,24,12,24.1,24.1,2023-06-18T18:19:55.606000+00:00
57,9110,russell,63,12,88.9,88.9,2023-06-18T18:21:25.245000+00:00
58,9110,stroll,18,27,23.8,23.8,2023-06-18T18:42:47.254000+00:00
59,9110,hulkenberg,27,31,24.2,24.2,2023-06-18T18:48:01.826000+00:00
60,9110,zhou,24,32,27.5,27.5,2023-06-18T18:49:22.997000+00:00
61,9110,gasly,10,33,24.1,24.1,2023-06-18T18:50:39.183000+00:00
62,9110,tsunoda,22,34,27.5,27.5,2023-06-18T18:51:59.213000+00:00
63,9110,norris,4,35,23.5,23.5,2023-06-18T18:53:06.212000+00:00
64,9110,kevin_magnussen,20,35,24.9,24.9,2023-06-18T18:53:59.883000+00:00
65,9110,ocon,31,36,23.6,23.6,2023-06-18T18:54:20.679000+00:00
66,9110,bottas,77,36,24.0,24.0,2023-06-18T18:54:23.367000+00:00
67,9110,perez,11,37,23.2,23.2,2023-06-18T18:55:29.865000+00:00
68,9110,piastri,81,37,23.4,23.4,2023-06-18T18:55:45.818000+00:00
69,9110,sainz,55,38,24.1,24.1,2023-06-18T18:56:41.458000+00:00
70,9110,leclerc,16,39,24.3,24.3,2023-06-18T18:57:57.238000+00:00
71,9110,hamilton,44,40,23.7,23.7,2023-06-18T18:59:10.596000+00:00
72,9110,alonso,14,41,23.9,23.9,2023-06-18T19:00:23.204000+00:00
73,9110,max_verstappen,1,42,23.9,23.9,2023-06-18T19:01:35+00:00
74,9110,de_vries,21,50,23.7,23.7,2023-06-18T19:13:54.658000+00:00
75,9110,kevin_magnussen,20,53,24.5,24.5,2023-06-18T19:17:43.092000+00:00
76,9110,perez,11,68,23.2,23.2,2023-06-18T19:35:21.042000+00:00
77,9117,russell,63,15,22.5,22.5,2023-07-01T14:53:08.810000+00:00
78,9117,piastri,81,16,22.5,22.5,2023-07-01T14:54:38.731000+00:00
79,9117,hulkenberg,27,17,23.3,23.3,2023-07-01T14:55:31.902000+00:00
80,9117,hamilton,44,17,22.1,22.1,2023-07-01T14:55:41.230000+00:00
81,9117,kevin_magnussen,20,17,23.4,23.4,2023-07-01T14:55:50.964000+00:00
82,9117,sargeant,2,17,23.7,23.7,2023-07-01T14:56:00.042000+00:00
83,9117,de_vries,21,17,24.0,24.0,2023-07-01T14:56:02.386000+00:00
84,9117,zhou,24,17,22.6,22.6,2023-07-01T14:56:02.933000+00:00
85,9117,albon,23,18,24.9,24.9,2023-07-01T14:56:57.229000+00:00
86,9117,leclerc,16,18,23.3,23.3,2023-07-01T14:56:58.385000+00:00
87,9117,tsunoda,22,18,22.7,22.7,2023-07-01T14:57:08.995000+00:00
88,9118,kevin_magnussen,20,1,26.5,26.5,2023-07-02T13:04:43.005000+00:00
89,9118,tsunoda,22,1,29.6,29.6,2023-07-02T13:05:01.224000+00:00
90,9118,max_verstappen,1,2,16.3,16.3,2023-07-02T13:06:14.582000+00:00
91,9118,leclerc,16,2,16.3,16.3,2023-07-02T13:06:16.238000+00:00
92,9118,sainz,55,2,16.3,16.3,2023-07-02T13:06:17.863000+00:00
93,9118,hamilton,44,2,16.4,16.4,2023-07-02T13:06:20.738000+00:00
94,9118,norris,4,2,18.0,18.0,2023-07-02T13:06:23.691000+00:00
95,9118,alonso,14,2,16.6,16.6,2023-07-02T13:06:25.347000+00:00
96,9118,hulkenberg,27,2,16.7,16.7,2023-07-02T13:06:26.707000+00:00
97,9118,stroll,18,2,16.6,16.6,2023-07-02T13:06:28.160000+00:00
98,9118,gasly,10,2,16.3,16.3,2023-07-02T13:06:29.488000+00:00
99,9118,albon,23,2,16.7,16.7,2023-07-02T13:06:31.050000+00:00
100,9118,russell,63,2,17.9,17.9,2023-07-02T13:06:36.097000+00:00
101,9118,ocon,31,2,18.1,18.1,2023-07-02T13:06:37.675000+00:00
102,9118,perez,11,2,17.4,17.4,2023-07-02T13:06:38.706000+00:00
103,9118,zhou,24,2,17.4,17.4,2023-07-02T13:06:40.534000+00:00
104,9118,piastri,81,2,17.3,17.3,2023-07-02T13:06:41.269000+00:00
105,9118,sargeant,2,2,17.3,17.3,2023-07-02T13:06:42.800000+00:00
106,9118,bottas,77,2,17.1,17.1,2023-07-02T13:06:44.597000+00:00
107,9118,de_vries,21,2,17.0,17.0,2023-07-02T13:06:45.707000+00:00
108,9118,tsunoda,22,2,16.2,16.2,2023-07-02T13:06:50.097000+00:00
109,9118,kevin_magnussen,20,2,25.6,25.6,2023-07-02T13:06:57.519000+00:00
110,9118,zhou,24,8,24.3,24.3,2023-07-02T13:14:34.839000+00:00
111,9118,hulkenberg,27,11,21.8,21.8,2023-07-02T13:18:03.819000+00:00
112,9118,de_vries,21,12,21.3,21.3,2023-07-02T13:19:23.521000+00:00
113,9118,hamilton,44,14,21.9,21.9,2023-07-02T13:21:33.050000+00:00
114,9118,norris,4,14,21.2,21.2,2023-07-02T13:21:34.425000+00:00
115,9118,gasly,10,14,21.8,21.8,2023-07-02T13:21:42.472000+00:00
116,9118,albon,23,14,21.5,21.5,2023-07-02T13:21:44.846000+00:00
117,9118,russell,63,14,22.2,22.2,2023-07-02T13:21:46.206000+00:00
118,9118,ocon,31,14,22.0,22.0,2023-07-02T13:21:49.221000+00:00
119,9118,piastri,81,14,22.4,22.4,2023-07-02T13:21:50.378000+00:00
120,9118,sargeant,2,14,23.1,23.1,2023-07-02T13:21:55.831000+00:00
121,9118,leclerc,16,15,23.4,23.4,2023-07-02T13:23:00.314000+00:00
122,9118,sainz,55,15,26.2,26.2,2023-07-02T13:23:08.314000+00:00
123,9118,alonso,14,15,22.3,22.3,2023-07-02T13:23:11.501000+00:00
124,9118,stroll,18,15,24.3,24.3,2023-07-02T13:23:19.298000+00:00
125,9118,bottas,77,21,31.7,31.7,2023-07-02T13:30:59.930000+00:00
126,9118,piastri,81,22,29.9,29.9,2023-07-02T13:32:10.351000+00:00
127,9118,tsunoda,22,23,27.2,27.2,2023-07-02T13:33:18.069000+00:00
128,9118,max_verstappen,1,24,21.3,21.3,2023-07-02T13:33:35.443000+00:00
129,9118,perez,11,25,21.6,21.6,2023-07-02T13:35:09.988000+00:00
130,9118,kevin_magnussen,20,34,22.2,22.2,2023-07-02T13:46:31.476000+00:00
131,9118,stroll,18,36,22.0,22.0,2023-07-02T13:48:33.021000+00:00
132,9118,de_vries,21,37,21.0,21.0,2023-07-02T13:50:02.972000+00:00
133,9118,zhou,24,38,21.9,21.9,2023-07-02T13:51:11.206000+00:00
134,9118,ocon,31,40,30.4,30.4,2023-07-02T13:53:26.781000+00:00
135,9118,bottas,77,40,21.9,21.9,2023-07-02T13:53:44.797000+00:00
136,9118,norris,4,41,22.0,22.0,2023-07-02T13:54:01.562000+00:00
137,9118,russell,63,41,21.7,21.7,2023-07-02T13:54:19.468000+00:00
138,9118,albon,23,41,27.6,27.6,2023-07-02T13:54:32.593000+00:00
139,9118,piastri,81,41,22.3,22.3,2023-07-02T13:54:59.592000+00:00
140,9118,hamilton,44,42,27.7,27.7,2023-07-02T13:55:18.873000+00:00
141,9118,sargeant,2,43,21.5,21.5,2023-07-02T13:57:02.277000+00:00
142,9118,tsunoda,22,43,21.3,21.3,2023-07-02T13:57:18.496000+00:00
143,9118,alonso,14,44,21.9,21.9,2023-07-02T13:57:37.886000+00:00
144,9118,gasly,10,44,27.8,27.8,2023-07-02T13:57:58.776000+00:00
145,9118,sainz,55,45,28.5,28.5,2023-07-02T13:58:39.385000+00:00
146,9118,leclerc,16,47,21.4,21.4,2023-07-02T14:00:48.336000+00:00
147,9118,max_verstappen,1,49,21.6,21.6,2023-07-02T14:02:53.490000+00:00
148,9118,perez,11,50,21.2,21.2,2023-07-02T14:04:28.879000+00:00
149,9118,stroll,18,54,21.8,21.8,2023-07-02T14:09:50.842000+00:00
150,9118,max_verstappen,1,69,21.3,21.3,2023-07-02T14:26:05.356000+00:00
151,9126,hulkenberg,27,7,41.9,41.9,2023-07-09T14:14:59.362000+00:00
152,9126,tsunoda,22,14,28.3,28.3,2023-07-09T14:25:44.273000+00:00
153,9126,leclerc,16,18,28.2,28.2,2023-07-09T14:31:37.391000+00:00
154,9126,zhou,24,24,29.1,29.1,2023-07-09T14:41:26.225000+00:00
155,9126,sainz,55,26,28.8,28.8,2023-07-09T14:44:05.366000+00:00
156,9126,de_vries,21,27,28.2,28.2,2023-07-09T14:46:03.349000+00:00
157,9126,russell,63,28,29.4,29.4,2023-07-09T14:47:07.832000+00:00
158,9126,perez,11,28,28.0,28.0,2023-07-09T14:47:18.879000+00:00
159,9126,piastri,81,29,28.6,28.6,2023-07-09T14:48:34.502000+00:00
160,9126,sargeant,2,29,28.8,28.8,2023-07-09T14:49:06.924000+00:00
161,9126,gasly,10,31,28.4,28.4,2023-07-09T14:51:59.061000+00:00
162,9126,stroll,18,31,28.5,28.5,2023-07-09T14:52:09.014000+00:00
163,9126,albon,23,32,29.6,29.6,2023-07-09T14:53:40.184000+00:00
164,9126,leclerc,16,32,28.8,28.8,2023-07-09T14:53:40.559000+00:00
165,9126,bottas,77,32,29.6,29.6,2023-07-09T14:54:08.949000+00:00
166,9126,tsunoda,22,32,28.6,28.6,2023-07-09T14:54:17.418000+00:00
167,9126,de_vries,21,32,28.4,28.4,2023-07-09T14:54:24.543000+00:00
168,9126,hulkenberg,27,32,30.0,30.0,2023-07-09T14:54:41.464000+00:00
169,9126,max_verstappen,1,33,29.0,29.0,2023-07-09T14:54:58.871000+00:00
170,9126,norris,4,33,28.4,28.4,2023-07-09T14:55:12.183000+00:00
171,9126,hamilton,44,33,29.1,29.1,2023-07-09T14:55:27.761000+00:00
172,9126,alonso,14,33,28.6,28.6,2023-07-09T14:55:38.635000+00:00
173,9126,zhou,24,33,28.7,28.7,2023-07-09T14:56:37.462000+00:00
174,9126,zhou,24,36,34.3,34.3,2023-07-09T15:03:13.908000+00:00
175,9133,albon,23,8,22.0,22.0,2023-07-23T13:15:10.245000+00:00
176,9133,stroll,18,9,21.9,21.9,2023-07-23T13:16:32.384000+00:00
177,9133,bottas,77,9,22.1,22.1,2023-07-23T13:16:34.056000+00:00
178,9133,tsunoda,22,9,26.1,26.1,2023-07-23T13:16:37.321000+00:00
179,9133,zhou,24,10,29.2,29.2,2023-07-23T13:18:10.351000+00:00
180,9133,sargeant,2,13,24.0,24.0,2023-07-23T13:22:23.628000+00:00
181,9133,kevin_magnussen,20,14,22.7,22.7,2023-07-23T13:23:47.501000+00:00
182,9133,sainz,55,15,21.4,21.4,2023-07-23T13:24:58.984000+00:00
183,9133,hamilton,44,16,21.9,21.9,2023-07-23T13:26:18.452000+00:00
184,9133,hulkenberg,27,16,22.9,22.9,2023-07-23T13:26:34.904000+00:00
185,9133,norris,4,17,21.5,21.5,2023-07-23T13:27:38.903000+00:00
186,9133,leclerc,16,17,28.4,28.4,2023-07-23T13:27:52.778000+00:00
187,9133,piastri,81,18,21.1,21.1,2023-07-23T13:29:01.402000+00:00
188,9133,ricciardo,3,18,21.9,21.9,2023-07-23T13:29:32.901000+00:00
189,9133,alonso,14,20,22.9,22.9,2023-07-23T13:32:09.852000+00:00
190,9133,max_verstappen,1,23,21.4,21.4,2023-07-23T13:35:54.223000+00:00
191,9133,perez,11,24,21.8,21.8,2023-07-23T13:37:42.736000+00:00
192,9133,russell,63,28,21.8,21.8,2023-07-23T13:43:43.095000+00:00
193,9133,ricciardo,3,29,22.2,22.2,2023-07-23T13:45:35.625000+00:00
194,9133,albon,23,31,21.7,21.7,2023-07-23T13:48:16.247000+00:00
195,9133,stroll,18,34,22.4,22.4,2023-07-23T13:52:25.274000+00:00
196,9133,sargeant,2,34,22.1,22.1,2023-07-23T13:52:46.773000+00:00
197,9133,hulkenberg,27,38,21.9,21.9,2023-07-23T13:58:20.720000+00:00
198,9133,zhou,24,38,22.8,22.8,2023-07-23T13:58:26.142000+00:00
199,9133,bottas,77,40,23.2,23.2,2023-07-23T14:01:02.843000+00:00
200,9133,kevin_magnussen,20,41,22.1,22.1,2023-07-23T14:02:55.184000+00:00
201,9133,piastri,81,42,22.0,22.0,2023-07-23T14:03:10.559000+00:00
202,9133,perez,11,42,20.8,20.8,2023-07-23T14:03:12.700000+00:00
203,9133,leclerc,16,43,21.4,21.4,2023-07-23T14:04:53.776000+00:00
204,9133,alonso,14,43,24.1,24.1,2023-07-23T14:05:04.463000+00:00
205,9133,norris,4,44,21.4,21.4,2023-07-23T14:05:50.087000+00:00
206,9133,sainz,55,44,22.0,22.0,2023-07-23T14:06:18.603000+00:00
207,9133,tsunoda,22,44,21.1,21.1,2023-07-23T14:06:55.477000+00:00
208,9133,russell,63,46,21.6,21.6,2023-07-23T14:09:11.959000+00:00
209,9133,hamilton,44,49,21.7,21.7,2023-07-23T14:13:04.017000+00:00
210,9133,max_verstappen,1,51,21.6,21.6,2023-07-23T14:15:15.906000+00:00
211,9140,max_verstappen,1,1,24.3,24.3,2023-07-29T15:53:13.311000+00:00
212,9140,leclerc,16,1,26.5,26.5,2023-07-29T15:53:19.764000+00:00
213,9140,norris,4,1,26.3,26.3,2023-07-29T15:53:21.530000+00:00
214,9140,ocon,31,1,24.0,24.0,2023-07-29T15:53:22.030000+00:00
215,9140,russell,63,1,24.5,24.5,2023-07-29T15:53:23.842000+00:00
216,9140,alonso,14,1,23.9,23.9,2023-07-29T15:53:26.561000+00:00
217,9140,sargeant,2,1,24.9,24.9,2023-07-29T15:53:26.873000+00:00
218,9140,tsunoda,22,1,23.3,23.3,2023-07-29T15:53:28.233000+00:00
219,9140,kevin_magnussen,20,1,24.4,24.4,2023-07-29T15:53:30.326000+00:00
220,9140,zhou,24,1,24.8,24.8,2023-07-29T15:53:33.920000+00:00
221,9141,norris,4,5,25.0,25.0,2023-07-30T13:13:52.872000+00:00
222,9141,ricciardo,3,5,22.8,22.8,2023-07-30T13:13:54.732000+00:00
223,9141,kevin_magnussen,20,5,23.6,23.6,2023-07-30T13:13:54.872000+00:00
224,9141,ocon,31,6,23.0,23.0,2023-07-30T13:15:47.371000+00:00
225,9141,bottas,77,6,23.3,23.3,2023-07-30T13:15:48.574000+00:00
226,9141,albon,23,7,25.0,25.0,2023-07-30T13:17:39.917000+00:00
227,9141,sainz,55,7,23.3,23.3,2023-07-30T13:17:44.135000+00:00
228,9141,zhou,24,7,24.4,24.4,2023-07-30T13:17:46.151000+00:00
229,9141,sargeant,2,8,23.5,23.5,2023-07-30T13:19:38.525000+00:00
230,9141,tsunoda,22,9,22.6,22.6,2023-07-30T13:21:22.102000+00:00
231,9141,alonso,14,10,23.0,23.0,2023-07-30T13:23:11.944000+00:00
232,9141,hamilton,44,12,23.0,23.0,2023-07-30T13:26:50.911000+00:00
233,9141,hulkenberg,27,12,24.5,24.5,2023-07-30T13:27:21.129000+00:00
234,9141,perez,11,13,23.6,23.6,2023-07-30T13:28:34.034000+00:00
235,9141,leclerc,16,13,23.2,23.2,2023-07-30T13:28:39.784000+00:00
236,9141,max_verstappen,1,14,22.8,22.8,2023-07-30T13:30:28.299000+00:00
237,9141,norris,4,17,23.7,23.7,2023-07-30T13:37:01.638000+00:00
238,9141,stroll,18,20,25.3,25.3,2023-07-30T13:42:38.463000+00:00
239,9141,russell,63,22,23.8,23.8,2023-07-30T13:46:24.960000+00:00
240,9141,ricciardo,3,22,23.2,23.2,2023-07-30T13:46:42.507000+00:00
241,9141,albon,23,23,23.5,23.5,2023-07-30T13:48:26.459000+00:00
242,9141,gasly,10,23,25.6,25.6,2023-07-30T13:48:26.709000+00:00
243,9141,tsunoda,22,24,22.7,22.7,2023-07-30T13:50:15.661000+00:00
244,9141,bottas,77,24,23.7,23.7,2023-07-30T13:50:26.723000+00:00
245,9141,hulkenberg,27,24,25.2,25.2,2023-07-30T13:50:29.661000+00:00
246,9141,sargeant,2,24,23.9,23.9,2023-07-30T13:50:34.082000+00:00
247,9141,ocon,31,25,23.3,23.3,2023-07-30T13:52:14.362000+00:00
248,9141,kevin_magnussen,20,25,23.5,23.5,2023-07-30T13:52:19.066000+00:00
249,9141,zhou,24,25,24.0,24.0,2023-07-30T13:52:25.862000+00:00
250,9141,hamilton,44,27,23.0,23.0,2023-07-30T13:55:23.423000+00:00
251,9141,leclerc,16,28,23.1,23.1,2023-07-30T13:57:11.766000+00:00
252,9141,perez,11,29,22.7,22.7,2023-07-30T13:58:57.311000+00:00
253,9141,alonso,14,29,23.7,23.7,2023-07-30T13:59:25.733000+00:00
254,9141,max_verstappen,1,30,23.0,23.0,2023-07-30T14:00:39.544000+00:00
255,9141,albon,23,33,23.5,23.5,2023-07-30T14:07:30.446000+00:00
256,9141,sargeant,2,34,23.1,23.1,2023-07-30T14:09:33.023000+00:00
257,9141,hamilton,44,42,23.1,23.1,2023-07-30T14:23:28.733000+00:00
258,9149,perez,11,1,22.6,22.6,2023-08-27T13:05:06.440000+00:00
259,9149,zhou,24,1,23.0,23.0,2023-08-27T13:05:12.596000+00:00
260,9149,gasly,10,1,28.4,28.4,2023-08-27T13:05:16.565000+00:00
261,9149,leclerc,16,1,32.6,32.6,2023-08-27T13:05:19.518000+00:00
262,9149,tsunoda,22,1,32.3,32.3,2023-08-27T13:05:23.252000+00:00
263,9149,kevin_magnussen,20,1,31.3,31.3,2023-08-27T13:05:27.440000+00:00
264,9149,lawson,40,1,42.6,42.6,2023-08-27T13:05:36.987000+00:00
265,9149,max_verstappen,1,2,20.3,20.3,2023-08-27T13:06:45.985000+00:00
266,9149,alonso,14,2,20.6,20.6,2023-08-27T13:06:47.579000+00:00
267,9149,sainz,55,2,20.9,20.9,2023-08-27T13:06:52.766000+00:00
268,9149,ocon,31,2,22.5,22.5,2023-08-27T13:07:02.688000+00:00
269,9149,norris,4,3,20.1,20.1,2023-08-27T13:08:39.468000+00:00
270,9149,hamilton,44,3,20.2,20.2,2023-08-27T13:08:56.514000+00:00
271,9149,russell,63,4,21.2,21.2,2023-08-27T13:10:22.356000+00:00
272,9149,stroll,18,4,20.0,20.0,2023-08-27T13:10:37.481000+00:00
273,9149,kevin_magnussen,20,9,20.1,20.1,2023-08-27T13:17:20.068000+00:00
274,9149,hamilton,44,9,19.9,19.9,2023-08-27T13:17:47.286000+00:00
275,9149,stroll,18,9,20.2,20.2,2023-08-27T13:18:05.598000+00:00
276,9149,zhou,24,10,20.2,20.2,2023-08-27T13:18:29.723000+00:00
277,9149,alonso,14,10,20.1,20.1,2023-08-27T13:18:31.192000+00:00
278,9149,sainz,55,10,19.5,19.5,2023-08-27T13:18:36.504000+00:00
279,9149,tsunoda,22,10,18.9,18.9,2023-08-27T13:18:44.129000+00:00
280,9149,ocon,31,10,19.7,19.7,2023-08-27T13:18:47.066000+00:00
281,9149,norris,4,10,20.3,20.3,2023-08-27T13:18:54.488000+00:00
282,9149,lawson,40,10,30.8,30.8,2023-08-27T13:19:09.253000+00:00
283,9149,russell,63,10,20.1,20.1,2023-08-27T13:19:16.410000+00:00
284,9149,max_verstappen,1,11,19.2,19.2,2023-08-27T13:19:44.190000+00:00
285,9149,gasly,10,11,19.5,19.5,2023-08-27T13:19:54.034000+00:00
286,9149,leclerc,16,11,27.2,27.2,2023-08-27T13:20:14.346000+00:00
287,9149,perez,11,12,19.4,19.4,2023-08-27T13:21:06.845000+00:00
288,9149,piastri,81,15,18.9,18.9,2023-08-27T13:25:37.934000+00:00
289,9149,bottas,77,16,20.1,20.1,2023-08-27T13:27:29.916000+00:00
290,9149,hulkenberg,27,16,20.4,20.4,2023-08-27T13:27:31.229000+00:00
291,9149,russell,63,16,19.6,19.6,2023-08-27T13:27:51.057000+00:00
292,9149,stroll,18,16,19.6,19.6,2023-08-27T13:28:13.650000+00:00
293,9149,lawson,40,17,19.6,19.6,2023-08-27T13:29:42.539000+00:00
294,9149,stroll,18,34,19.9,19.9,2023-08-27T13:53:58.873000+00:00
295,9149,kevin_magnussen,20,35,20.5,20.5,2023-08-27T13:55:09.153000+00:00
296,9149,zhou,24,37,20.4,20.4,2023-08-27T13:57:40.728000+00:00
297,9149,sainz,55,41,19.3,19.3,2023-08-27T14:02:27.004000+00:00
298,9149,norris,4,42,18.8,18.8,2023-08-27T14:03:56.940000+00:00
299,9149,ocon,31,43,19.0,19.0,2023-08-27T14:05:09.704000+00:00
300,9149,albon,23,44,19.6,19.6,2023-08-27T14:06:21.547000+00:00
301,9149,perez,11,45,18.7,18.7,2023-08-27T14:07:17.874000+00:00
302,9149,hamilton,44,45,19.3,19.3,2023-08-27T14:07:46.827000+00:00
303,9149,gasly,10,46,25.4,25.4,2023-08-27T14:08:47.607000+00:00
304,9149,piastri,81,46,19.1,19.1,2023-08-27T14:09:05.747000+00:00
305,9149,lawson,40,46,19.1,19.1,2023-08-27T14:09:28.965000+00:00
306,9149,bottas,77,47,20.2,20.2,2023-08-27T14:10:38.230000+00:00
307,9149,alonso,14,48,25.1,25.1,2023-08-27T14:11:16.807000+00:00
308,9149,hulkenberg,27,48,19.7,19.7,2023-08-27T14:11:51.900000+00:00
309,9149,max_verstappen,1,49,18.7,18.7,2023-08-27T14:12:11.416000+00:00
310,9149,bottas,77,59,19.7,19.7,2023-08-27T14:26:05.432000+00:00
311,9149,lawson,40,59,19.3,19.3,2023-08-27T14:26:08.760000+00:00
312,9149,perez,11,60,27.5,27.5,2023-08-27T14:26:28.650000+00:00
313,9149,gasly,10,60,20.4,20.4,2023-08-27T14:26:42.119000+00:00
314,9149,sainz,55,60,19.8,19.8,2023-08-27T14:26:43.384000+00:00
315,9149,hamilton,44,60,20.7,20.7,2023-08-27T14:26:51.822000+00:00
316,9149,norris,4,60,19.8,19.8,2023-08-27T14:26:55.759000+00:00
317,9149,russell,63,60,24.0,24.0,2023-08-27T14:26:58.603000+00:00
318,9149,piastri,81,60,22.3,22.3,2023-08-27T14:27:03.572000+00:00
319,9149,tsunoda,22,60,20.6,20.6,2023-08-27T14:27:11.837000+00:00
320,9149,zhou,24,60,21.4,21.4,2023-08-27T14:27:15.899000+00:00
321,9149,stroll,18,60,21.5,21.5,2023-08-27T14:27:20.165000+00:00
322,9149,hulkenberg,27,60,23.5,23.5,2023-08-27T14:27:22.821000+00:00
323,9149,max_verstappen,1,61,19.4,19.4,2023-08-27T14:27:30.852000+00:00
324,9149,kevin_magnussen,20,60,23.5,23.5,2023-08-27T14:27:33.274000+00:00
325,9149,alonso,14,61,20.6,20.6,2023-08-27T14:27:56.493000+00:00
326,9149,albon,23,61,21.3,21.3,2023-08-27T14:28:18.914000+00:00
327,9149,ocon,31,61,22.0,22.0,2023-08-27T14:28:25.758000+00:00
328,9149,max_verstappen,1,63,20.4,20.4,2023-08-27T14:30:47.349000+00:00
329,9149,perez,11,63,2461.6,2461.6,2023-08-27T15:12:06.164000+00:00
330,9149,norris,4,63,2443.2,2443.2,2023-08-27T15:12:12.539000+00:00
331,9149,russell,63,63,2446.2,2446.2,2023-08-27T15:12:18.554000+00:00
332,9149,albon,23,63,2443.4,2443.4,2023-08-27T15:12:21.820000+00:00
333,9149,piastri,81,63,2434.6,2434.6,2023-08-27T15:12:24.242000+00:00
334,9149,ocon,31,63,2432.2,2432.2,2023-08-27T15:12:25.992000+00:00
335,9149,tsunoda,22,63,2414.8,2414.8,2023-08-27T15:12:29.304000+00:00
336,9149,stroll,18,63,2410.7,2410.7,2023-08-27T15:12:31.914000+00:00
337,9149,hulkenberg,27,63,2410.7,2410.7,2023-08-27T15:12:33.789000+00:00
338,9149,bottas,77,63,2405.1,2405.1,2023-08-27T15:12:35.367000+00:00
339,9149,lawson,40,63,2396.3,2396.3,2023-08-27T15:12:40.054000+00:00
340,9149,kevin_magnussen,20,63,2394.7,2394.7,2023-08-27T15:12:43.601000+00:00
341,9149,max_verstappen,1,64,2483.3,2483.3,2023-08-27T15:14:14.599000+00:00
342,9149,alonso,14,64,2455.3,2455.3,2023-08-27T15:14:17.943000+00:00
343,9149,perez,11,64,35.5,35.5,2023-08-27T15:14:22.318000+00:00
344,9149,gasly,10,64,2443.1,2443.1,2023-08-27T15:14:23.771000+00:00
345,9149,sainz,55,64,2443.1,2443.1,2023-08-27T15:14:28.224000+00:00
346,9149,hamilton,44,64,2431.1,2431.1,2023-08-27T15:14:31.490000+00:00
347,9149,norris,4,64,44.2,44.2,2023-08-27T15:14:33.974000+00:00
348,9149,russell,63,64,39.8,39.8,2023-08-27T15:14:39.849000+00:00
349,9149,albon,23,64,39.2,39.2,2023-08-27T15:14:42.474000+00:00
350,9149,piastri,81,64,38.4,38.4,2023-08-27T15:14:45.818000+00:00
351,9149,ocon,31,64,37.0,37.0,2023-08-27T15:14:47.396000+00:00
352,9149,tsunoda,22,64,34.9,34.9,2023-08-27T15:14:49.646000+00:00
353,9149,stroll,18,64,33.5,33.5,2023-08-27T15:14:51.458000+00:00
354,9149,hulkenberg,27,64,32.8,32.8,2023-08-27T15:14:53.239000+00:00
355,9149,bottas,77,64,32.5,32.5,2023-08-27T15:14:55.083000+00:00
356,9149,lawson,40,64,31.3,31.3,2023-08-27T15:14:59.661000+00:00
357,9149,kevin_magnussen,20,64,30.6,30.6,2023-08-27T15:15:02.755000+00:00
358,9149,russell,63,67,22.3,22.3,2023-08-27T15:21:14.482000+00:00
359,9157,gasly,10,10,27.3,27.3,2023-09-03T13:38:35.432000+00:00
360,9157,zhou,24,11,24.3,24.3,2023-09-03T13:39:58.556000+00:00
361,9157,kevin_magnussen,20,12,24.6,24.6,2023-09-03T13:41:37.664000+00:00
362,9157,lawson,40,13,24.2,24.2,2023-09-03T13:42:51.944000+00:00
363,9157,sargeant,2,14,24.7,24.7,2023-09-03T13:44:22.740000+00:00
364,9157,hulkenberg,27,14,26.0,26.0,2023-09-03T13:44:23.021000+00:00
365,9157,albon,23,15,24.5,24.5,2023-09-03T13:45:38.552000+00:00
366,9157,sainz,55,19,25.1,25.1,2023-09-03T13:51:17.736000+00:00
367,9157,russell,63,19,24.2,24.2,2023-09-03T13:51:20.751000+00:00
368,9157,max_verstappen,1,20,24.2,24.2,2023-09-03T13:52:38.344000+00:00
369,9157,leclerc,16,20,23.9,23.9,2023-09-03T13:52:44.031000+00:00
370,9157,stroll,18,20,25.6,25.6,2023-09-03T13:53:16.531000+00:00
371,9157,perez,11,21,23.8,23.8,2023-09-03T13:54:11.031000+00:00
372,9157,alonso,14,21,24.7,24.7,2023-09-03T13:54:28.858000+00:00
373,9157,norris,4,22,23.7,23.7,2023-09-03T13:55:50.951000+00:00
374,9157,piastri,81,23,24.1,24.1,2023-09-03T13:57:18.185000+00:00
375,9157,ocon,31,24,24.2,24.2,2023-09-03T13:59:09.918000+00:00
376,9157,bottas,77,25,24.6,24.6,2023-09-03T14:00:31.198000+00:00
377,9157,hamilton,44,27,24.2,24.2,2023-09-03T14:03:10.712000+00:00
378,9157,gasly,10,31,24.6,24.6,2023-09-03T14:09:34.036000+00:00
379,9157,lawson,40,33,24.2,24.2,2023-09-03T14:12:20.987000+00:00
380,9157,zhou,24,33,25.9,25.9,2023-09-03T14:12:25.190000+00:00
381,9157,kevin_magnussen,20,33,24.7,24.7,2023-09-03T14:12:41.034000+00:00
382,9157,hulkenberg,27,39,24.3,24.3,2023-09-03T14:21:17.278000+00:00
383,9157,piastri,81,41,31.7,31.7,2023-09-03T14:23:53.651000+00:00
384,9165,zhou,24,2,30.0,30.0,2023-09-17T12:07:52.155000+00:00
385,9165,sargeant,2,19,63.5,63.5,2023-09-17T12:37:46.963000+00:00
386,9165,sainz,55,20,29.4,29.4,2023-09-17T12:37:49.400000+00:00
387,9165,russell,63,20,29.9,29.9,2023-09-17T12:37:59.947000+00:00
388,9165,norris,4,20,29.4,29.4,2023-09-17T12:38:01.291000+00:00
389,9165,leclerc,16,20,32.8,32.8,2023-09-17T12:38:02.009000+00:00
390,9165,hamilton,44,20,32.6,32.6,2023-09-17T12:38:06.900000+00:00
391,9165,alonso,14,20,30.6,30.6,2023-09-17T12:38:11.166000+00:00
392,9165,ocon,31,20,29.7,29.7,2023-09-17T12:38:13.447000+00:00
393,9165,kevin_magnussen,20,20,31.4,31.4,2023-09-17T12:38:22.400000+00:00
394,9165,gasly,10,20,31.8,31.8,2023-09-17T12:38:26.353000+00:00
395,9165,piastri,81,20,29.3,29.3,2023-09-17T12:38:27.994000+00:00
396,9165,lawson,40,20,32.3,32.3,2023-09-17T12:38:28.665000+00:00
397,9165,hulkenberg,27,20,35.4,35.4,2023-09-17T12:38:29.447000+00:00
398,9165,albon,23,20,30.1,30.1,2023-09-17T12:38:30.056000+00:00
399,9165,zhou,24,20,30.6,30.6,2023-09-17T12:39:01.571000+00:00
400,9165,perez,11,39,28.9,28.9,2023-09-17T13:12:23.111000+00:00
401,9165,max_verstappen,1,40,29.6,29.6,2023-09-17T13:13:51.688000+00:00
402,9165,bottas,77,40,30.4,30.4,2023-09-17T13:14:18.391000+00:00
403,9165,albon,23,43,29.7,29.7,2023-09-17T13:19:21.934000+00:00
404,9165,kevin_magnussen,20,43,33.0,33.0,2023-09-17T13:19:37.637000+00:00
405,9165,sargeant,2,43,31.0,31.0,2023-09-17T13:19:49.215000+00:00
406,9165,russell,63,44,30.0,30.0,2023-09-17T13:20:52.511000+00:00
407,9165,hamilton,44,44,33.5,33.5,2023-09-17T13:20:58.339000+00:00
408,9165,alonso,14,44,52.7,52.7,2023-09-17T13:21:52.432000+00:00
409,9173,ocon,31,1,27.0,27.0,2023-09-24T05:07:12.968000+00:00
410,9173,zhou,24,1,41.0,41.0,2023-09-24T05:07:15.655000+00:00
411,9173,albon,23,1,50.1,50.1,2023-09-24T05:07:19.952000+00:00
412,9173,bottas,77,1,55.8,55.8,2023-09-24T05:07:54.608000+00:00
413,9173,perez,11,2,32.4,32.4,2023-09-24T05:09:29.028000+00:00
414,9173,sargeant,2,2,32.7,32.7,2023-09-24T05:09:44.387000+00:00
415,9173,sargeant,2,5,43.8,43.8,2023-09-24T05:17:08.457000+00:00
416,9173,bottas,77,6,53.5,53.5,2023-09-24T05:19:22.908000+00:00
417,9173,hulkenberg,27,8,23.5,23.5,2023-09-24T05:21:42.405000+00:00
418,9173,tsunoda,22,9,22.9,22.9,2023-09-24T05:23:20.388000+00:00
419,9173,lawson,40,10,23.1,23.1,2023-09-24T05:24:59.089000+00:00
420,9173,zhou,24,10,24.0,24.0,2023-09-24T05:25:09.105000+00:00
421,9173,alonso,14,11,24.0,24.0,2023-09-24T05:26:35.525000+00:00
422,9173,kevin_magnussen,20,12,23.8,23.8,2023-09-24T05:28:47.742000+00:00
423,9173,perez,11,12,41.4,41.4,2023-09-24T05:29:04.194000+00:00
424,9173,piastri,81,13,24.4,24.4,2023-09-24T05:29:49.553000+00:00
425,9173,albon,23,13,52.1,52.1,2023-09-24T05:30:50.864000+00:00
426,9173,stroll,18,14,23.4,23.4,2023-09-24T05:32:01.707000+00:00
427,9173,max_verstappen,1,16,24.3,24.3,2023-09-24T05:34:56.563000+00:00
428,9173,hamilton,44,16,24.8,24.8,2023-09-24T05:35:14.813000+00:00
429,9173,norris,4,17,23.5,23.5,2023-09-24T05:36:44.936000+00:00
430,9173,leclerc,16,17,23.1,23.1,2023-09-24T05:36:47.342000+00:00
431,9173,sainz,55,18,23.0,23.0,2023-09-24T05:38:27.966000+00:00
432,9173,gasly,10,18,24.4,24.4,2023-09-24T05:38:45.809000+00:00
433,9173,hulkenberg,27,21,23.6,23.6,2023-09-24T05:44:03.803000+00:00
434,9173,sargeant,2,21,35.1,35.1,2023-09-24T05:44:51.896000+00:00
435,9173,russell,63,24,24.0,24.0,2023-09-24T05:48:30.017000+00:00
436,9173,alonso,14,25,24.2,24.2,2023-09-24T05:50:32.297000+00:00
437,9173,lawson,40,25,23.6,23.6,2023-09-24T05:50:44.796000+00:00
438,9173,ocon,31,28,23.7,23.7,2023-09-24T05:55:32.932000+00:00
439,9173,zhou,24,29,24.1,24.1,2023-09-24T05:57:30.867000+00:00
440,9173,tsunoda,22,30,23.3,23.3,2023-09-24T05:59:05.413000+00:00
441,9173,kevin_magnussen,20,31,23.8,23.8,2023-09-24T06:01:03.864000+00:00
442,9173,leclerc,16,34,22.9,22.9,2023-09-24T06:05:01.859000+00:00
443,9173,hamilton,44,34,23.6,23.6,2023-09-24T06:05:07.953000+00:00
444,9173,gasly,10,34,24.6,24.6,2023-09-24T06:05:29.046000+00:00
445,9173,piastri,81,35,23.1,23.1,2023-09-24T06:06:35.420000+00:00
446,9173,norris,4,36,23.1,23.1,2023-09-24T06:08:07.059000+00:00
447,9173,max_verstappen,1,37,23.6,23.6,2023-09-24T06:09:30.183000+00:00
448,9173,hulkenberg,27,37,23.3,23.3,2023-09-24T06:10:47.666000+00:00
449,9173,sainz,55,38,23.3,23.3,2023-09-24T06:11:39.493000+00:00
450,9173,perez,11,13,2485.9,2485.9,2023-09-24T06:13:16.726000+00:00
451,9173,perez,11,14,30.6,30.6,2023-09-24T06:15:30.208000+00:00
452,9220,stroll,18,11,28.9,28.9,2023-10-07T17:54:53.041000+00:00
453,9220,zhou,24,11,29.1,29.1,2023-10-07T17:54:53.869000+00:00
454,9220,kevin_magnussen,20,11,28.9,28.9,2023-10-07T17:54:55.603000+00:00
455,9221,russell,63,1,39.6,39.6,2023-10-08T17:06:26.461000+00:00
456,9221,bottas,77,3,29.9,29.9,2023-10-08T17:10:53.223000+00:00
457,9221,kevin_magnussen,20,3,28.7,28.7,2023-10-08T17:10:56.083000+00:00
458,9221,stroll,18,3,28.8,28.8,2023-10-08T17:10:56.458000+00:00
459,9221,lawson,40,3,29.3,29.3,2023-10-08T17:10:57.786000+00:00
460,9221,tsunoda,22,9,27.7,27.7,2023-10-08T17:20:57.076000+00:00
461,9221,ocon,31,10,28.9,28.9,2023-10-08T17:22:22.700000+00:00
462,9221,alonso,14,11,28.3,28.3,2023-10-08T17:23:48.121000+00:00
463,9221,gasly,10,11,28.4,28.4,2023-10-08T17:23:54.543000+00:00
464,9221,piastri,81,12,28.8,28.8,2023-10-08T17:25:14.557000+00:00
465,9221,leclerc,16,12,28.2,28.2,2023-10-08T17:25:18.417000+00:00
466,9221,norris,4,13,28.1,28.1,2023-10-08T17:26:49.963000+00:00
467,9221,sargeant,2,13,29.4,29.4,2023-10-08T17:27:05.025000+00:00
468,9221,hulkenberg,27,13,39.8,39.8,2023-10-08T17:27:12.353000+00:00
469,9221,russell,63,14,28.5,28.5,2023-10-08T17:28:26.290000+00:00
470,9221,max_verstappen,1,17,28.2,28.2,2023-10-08T17:32:34.037000+00:00
471,9221,perez,11,17,27.8,27.8,2023-10-08T17:33:00.662000+00:00
472,9221,albon,23,18,29.2,29.2,2023-10-08T17:34:28.254000+00:00
473,9221,zhou,24,18,28.9,28.9,2023-10-08T17:34:36.411000+00:00
474,9221,bottas,77,21,29.3,29.3,2023-10-08T17:39:12.642000+00:00
475,9221,stroll,18,21,28.1,28.1,2023-10-08T17:39:13.751000+00:00
476,9221,kevin_magnussen,20,21,28.9,28.9,2023-10-08T17:39:21.751000+00:00
477,9221,lawson,40,21,28.6,28.6,2023-10-08T17:39:23.220000+00:00
478,9221,tsunoda,22,22,27.5,27.5,2023-10-08T17:40:53.328000+00:00
479,9221,piastri,81,25,27.8,27.8,2023-10-08T17:44:55.122000+00:00
480,9221,leclerc,16,25,27.8,27.8,2023-10-08T17:45:09.310000+00:00
481,9221,ocon,31,25,28.9,28.9,2023-10-08T17:45:11.872000+00:00
482,9221,alonso,14,26,28.4,28.4,2023-10-08T17:46:30.731000+00:00
483,9221,gasly,10,26,30.1,30.1,2023-10-08T17:46:43.605000+00:00
484,9221,sargeant,2,26,29.3,29.3,2023-10-08T17:46:57.605000+00:00
485,9221,norris,4,27,27.6,27.6,2023-10-08T17:47:58.011000+00:00
486,9221,hulkenberg,27,27,28.2,28.2,2023-10-08T17:48:27.557000+00:00
487,9221,perez,11,31,33.2,33.2,2023-10-08T17:54:08.632000+00:00
488,9221,albon,23,31,28.7,28.7,2023-10-08T17:54:12.475000+00:00
489,9221,russell,63,32,28.3,28.3,2023-10-08T17:55:21.678000+00:00
490,9221,max_verstappen,1,34,28.1,28.1,2023-10-08T17:57:52.582000+00:00
491,9221,zhou,24,35,28.8,28.8,2023-10-08T18:00:11.003000+00:00
492,9221,bottas,77,39,28.9,28.9,2023-10-08T18:06:12.311000+00:00
493,9221,stroll,18,39,29.3,29.3,2023-10-08T18:06:14.858000+00:00
494,9221,kevin_magnussen,20,39,30.3,30.3,2023-10-08T18:06:24.030000+00:00
495,9221,lawson,40,39,28.1,28.1,2023-10-08T18:06:33.967000+00:00
496,9221,hulkenberg,27,39,28.5,28.5,2023-10-08T18:06:37.186000+00:00
497,9221,tsunoda,22,40,27.8,27.8,2023-10-08T18:07:58.372000+00:00
498,9221,piastri,81,43,27.4,27.4,2023-10-08T18:11:23.901000+00:00
499,9221,leclerc,16,43,27.5,27.5,2023-10-08T18:11:45.667000+00:00
500,9221,ocon,31,43,29.1,29.1,2023-10-08T18:11:57.229000+00:00
501,9221,perez,11,43,33.1,33.1,2023-10-08T18:12:08.745000+00:00
502,9221,norris,4,44,27.6,27.6,2023-10-08T18:12:52.322000+00:00
503,9221,alonso,14,44,28.3,28.3,2023-10-08T18:13:19.666000+00:00
504,9221,gasly,10,44,34.8,34.8,2023-10-08T18:13:33.337000+00:00
505,9221,albon,23,44,28.9,28.9,2023-10-08T18:13:41.931000+00:00
506,9221,russell,63,50,28.1,28.1,2023-10-08T18:21:40.394000+00:00
507,9221,max_verstappen,1,51,29.7,29.7,2023-10-08T18:22:43.206000+00:00
508,9221,zhou,24,52,28.8,28.8,2023-10-08T18:25:18.126000+00:00
509,9213,zhou,24,9,25.6,25.6,2023-10-22T19:19:48.306000+00:00
510,9213,albon,23,10,24.5,24.5,2023-10-22T19:21:32.851000+00:00
511,9213,bottas,77,10,24.7,24.7,2023-10-22T19:21:34.633000+00:00
512,9213,kevin_magnussen,20,10,25.0,25.0,2023-10-22T19:21:36.539000+00:00
513,9213,sargeant,2,11,24.9,24.9,2023-10-22T19:23:21.350000+00:00
514,9213,max_verstappen,1,16,23.7,23.7,2023-10-22T19:31:30.278000+00:00
515,9213,norris,4,17,24.1,24.1,2023-10-22T19:33:06.808000+00:00
516,9213,sainz,55,17,23.6,23.6,2023-10-22T19:33:18.589000+00:00
517,9213,perez,11,17,24.2,24.2,2023-10-22T19:33:22.870000+00:00
518,9213,tsunoda,22,17,24.3,24.3,2023-10-22T19:33:31.073000+00:00
519,9213,gasly,10,18,23.9,23.9,2023-10-22T19:35:10.384000+00:00
520,9213,alonso,14,19,25.0,25.0,2023-10-22T19:37:06.772000+00:00
521,9213,hulkenberg,27,19,26.5,26.5,2023-10-22T19:37:15.772000+00:00
522,9213,hamilton,44,20,24.9,24.9,2023-10-22T19:38:19.318000+00:00
523,9213,stroll,18,20,24.4,24.4,2023-10-22T19:38:53.458000+00:00
524,9213,russell,63,21,24.3,24.3,2023-10-22T19:40:14.316000+00:00
525,9213,ricciardo,3,22,24.3,24.3,2023-10-22T19:42:16.017000+00:00
526,9213,leclerc,16,23,23.9,23.9,2023-10-22T19:43:34.656000+00:00
527,9213,zhou,24,27,24.7,24.7,2023-10-22T19:51:14.054000+00:00
528,9213,bottas,77,28,25.0,25.0,2023-10-22T19:52:54.896000+00:00
529,9213,albon,23,29,24.3,24.3,2023-10-22T19:54:33.519000+00:00
530,9213,kevin_magnussen,20,29,24.7,24.7,2023-10-22T19:54:49.581000+00:00
531,9213,sargeant,2,32,25.5,25.5,2023-10-22T19:59:50.420000+00:00
532,9213,norris,4,34,23.3,23.3,2023-10-22T20:02:16.870000+00:00
533,9213,tsunoda,22,34,24.1,24.1,2023-10-22T20:02:51.557000+00:00
534,9213,hulkenberg,27,34,24.3,24.3,2023-10-22T20:03:12.572000+00:00
535,9213,max_verstappen,1,35,24.9,24.9,2023-10-22T20:03:56.681000+00:00
536,9213,sainz,55,35,23.6,23.6,2023-10-22T20:04:06.900000+00:00
537,9213,perez,11,37,23.7,23.7,2023-10-22T20:07:31.958000+00:00
538,9213,gasly,10,37,24.8,24.8,2023-10-22T20:07:53.521000+00:00
539,9213,hamilton,44,38,24.6,24.6,2023-10-22T20:09:06.800000+00:00
540,9213,russell,63,39,23.9,23.9,2023-10-22T20:11:11.814000+00:00
541,9213,stroll,18,40,23.9,23.9,2023-10-22T20:13:10.359000+00:00
542,9213,alonso,14,42,24.8,24.8,2023-10-22T20:16:26.105000+00:00
543,9213,ricciardo,3,47,26.5,26.5,2023-10-22T20:25:42.017000+00:00
544,9213,tsunoda,22,54,23.4,23.4,2023-10-22T20:36:59.521000+00:00
545,9181,tsunoda,22,9,30.1,30.1,2023-10-29T20:17:05.197000+00:00
546,9181,norris,4,11,23.4,23.4,2023-10-29T20:19:47.351000+00:00
547,9181,max_verstappen,1,19,22.4,22.4,2023-10-29T20:30:33.105000+00:00
548,9181,zhou,24,21,22.8,22.8,2023-10-29T20:33:58.070000+00:00
549,9181,sargeant,2,22,23.9,23.9,2023-10-29T20:35:28.068000+00:00
550,9181,hulkenberg,27,23,23.1,23.1,2023-10-29T20:36:42.817000+00:00
551,9181,kevin_magnussen,20,23,23.6,23.6,2023-10-29T20:36:51.911000+00:00
552,9181,hamilton,44,24,22.2,22.2,2023-10-29T20:37:44.379000+00:00
553,9181,piastri,81,25,23.7,23.7,2023-10-29T20:39:17.908000+00:00
554,9181,russell,63,26,22.3,22.3,2023-10-29T20:40:41.625000+00:00
555,9181,ricciardo,3,27,22.4,22.4,2023-10-29T20:42:02.155000+00:00
556,9181,gasly,10,28,22.6,22.6,2023-10-29T20:43:47.122000+00:00
557,9181,alonso,14,29,22.8,22.8,2023-10-29T20:45:30.292000+00:00
558,9181,sainz,55,30,22.0,22.0,2023-10-29T20:46:09.495000+00:00
559,9181,stroll,18,30,22.5,22.5,2023-10-29T20:46:51.072000+00:00
560,9181,leclerc,16,31,22.2,22.2,2023-10-29T20:47:24.415000+00:00
561,9181,bottas,77,31,23.6,23.6,2023-10-29T20:48:12.289000+00:00
562,9181,max_verstappen,1,33,22.3,22.3,2023-10-29T20:50:25.006000+00:00
563,9181,norris,4,33,22.5,22.5,2023-10-29T20:51:13.692000+00:00
564,9181,albon,23,33,23.6,23.6,2023-10-29T20:51:18.942000+00:00
565,9181,max_verstappen,1,34,1209.1,1209.1,2023-10-29T21:13:05.935000+00:00
566,9181,leclerc,16,34,1210.5,1210.5,2023-10-29T21:13:08.857000+00:00
567,9181,hamilton,44,34,1212.9,1212.9,2023-10-29T21:13:12.669000+00:00
568,9181,sainz,55,34,1215.4,1215.4,2023-10-29T21:13:16.700000+00:00
569,9181,ricciardo,3,34,1217.1,1217.1,2023-10-29T21:13:20.325000+00:00
570,9181,piastri,81,34,1219.0,1219.0,2023-10-29T21:13:24.216000+00:00
571,9181,russell,63,34,1218.2,1218.2,2023-10-29T21:13:29.216000+00:00
572,9181,tsunoda,22,34,1218.0,1218.0,2023-10-29T21:13:32.497000+00:00
573,9181,hulkenberg,27,34,1219.8,1219.8,2023-10-29T21:13:36.153000+00:00
574,9181,norris,4,34,1226.3,1226.3,2023-10-29T21:13:44.403000+00:00
575,9181,gasly,10,34,1225.6,1225.6,2023-10-29T21:13:46.591000+00:00
576,9181,albon,23,34,1227.9,1227.9,2023-10-29T21:13:50.419000+00:00
577,9181,zhou,24,34,1229.5,1229.5,2023-10-29T21:13:54.997000+00:00
578,9181,ocon,31,34,1226.2,1226.2,2023-10-29T21:13:57.809000+00:00
579,9181,sargeant,2,34,1227.7,1227.7,2023-10-29T21:14:01.559000+00:00
580,9181,bottas,77,34,1229.3,1229.3,2023-10-29T21:14:05.309000+00:00
581,9181,stroll,18,34,1229.6,1229.6,2023-10-29T21:14:09.043000+00:00
582,9181,alonso,14,34,1229.8,1229.8,2023-10-29T21:14:13.137000+00:00
583,9205,max_verstappen,1,1,18.5,18.5,2023-11-05T17:05:38.680000+00:00
584,9205,norris,4,1,19.3,19.3,2023-11-05T17:05:41.227000+00:00
585,9205,hamilton,44,1,18.5,18.5,2023-11-05T17:05:43.508000+00:00
586,9205,alonso,14,1,18.4,18.4,2023-11-05T17:05:45.993000+00:00
587,9205,stroll,18,1,18.5,18.5,2023-11-05T17:05:47.336000+00:00
588,9205,russell,63,1,20.4,20.4,2023-11-05T17:05:51.383000+00:00
589,9205,perez,11,1,20.8,20.8,2023-11-05T17:05:53.665000+00:00
590,9205,sainz,55,1,23.0,23.0,2023-11-05T17:05:56.914000+00:00
591,9205,ocon,31,1,22.2,22.2,2023-11-05T17:05:58.024000+00:00
592,9205,tsunoda,22,1,20.9,20.9,2023-11-05T17:06:00.914000+00:00
593,9205,gasly,10,1,20.5,20.5,2023-11-05T17:06:01.961000+00:00
594,9205,bottas,77,1,20.7,20.7,2023-11-05T17:06:02.774000+00:00
595,9205,zhou,24,1,21.2,21.2,2023-11-05T17:06:07.227000+00:00
596,9205,sargeant,2,1,27.4,27.4,2023-11-05T17:06:14.461000+00:00
597,9205,hulkenberg,27,1,34.2,34.2,2023-11-05T17:06:23.945000+00:00
598,9205,max_verstappen,1,2,1402.6,1402.6,2023-11-05T17:31:06.038000+00:00
599,9205,norris,4,2,1404.6,1404.6,2023-11-05T17:31:09.178000+00:00
600,9205,hamilton,44,2,1406.3,1406.3,2023-11-05T17:31:13.288000+00:00
601,9205,alonso,14,2,1408.1,1408.1,2023-11-05T17:31:16.631000+00:00
602,9205,stroll,18,2,1409.9,1409.9,2023-11-05T17:31:20.725000+00:00
603,9205,russell,63,2,1410.9,1410.9,2023-11-05T17:31:25.162000+00:00
604,9205,perez,11,2,1411.7,1411.7,2023-11-05T17:31:28.194000+00:00
605,9205,sainz,55,2,1413.7,1413.7,2023-11-05T17:31:31.772000+00:00
606,9205,ocon,31,2,1414.7,1414.7,2023-11-05T17:31:34.397000+00:00
607,9205,tsunoda,22,2,1415.4,1415.4,2023-11-05T17:31:38.428000+00:00
608,9205,gasly,10,2,1416.7,1416.7,2023-11-05T17:31:41.475000+00:00
609,9205,bottas,77,2,1418.1,1418.1,2023-11-05T17:31:44.693000+00:00
610,9205,zhou,24,2,1419.9,1419.9,2023-11-05T17:31:49.693000+00:00
611,9205,sargeant,2,2,1421.2,1421.2,2023-11-05T17:31:52.521000+00:00
612,9205,hulkenberg,27,2,1421.0,1421.0,2023-11-05T17:31:56.006000+00:00
613,9205,piastri,81,1,1584.0,1584.0,2023-11-05T17:32:01.021000+00:00
614,9205,ricciardo,3,1,1576.7,1576.7,2023-11-05T17:32:05.115000+00:00
615,9205,piastri,81,2,38.4,38.4,2023-11-05T17:34:20.660000+00:00
616,9205,ricciardo,3,2,32.7,32.7,2023-11-05T17:34:21.145000+00:00
617,9205,ocon,31,14,24.0,24.0,2023-11-05T17:48:45.244000+00:00
618,9205,zhou,24,15,23.9,23.9,2023-11-05T17:50:05.353000+00:00
619,9205,sargeant,2,17,24.3,24.3,2023-11-05T17:52:43.163000+00:00
620,9205,hamilton,44,18,23.5,23.5,2023-11-05T17:53:47.912000+00:00
621,9205,bottas,77,18,24.0,24.0,2023-11-05T17:53:55.912000+00:00
622,9205,russell,63,19,23.7,23.7,2023-11-05T17:55:06.068000+00:00
623,9205,perez,11,20,23.1,23.1,2023-11-05T17:56:21.051000+00:00
624,9205,hulkenberg,27,21,24.4,24.4,2023-11-05T17:57:58.175000+00:00
625,9205,stroll,18,22,23.5,23.5,2023-11-05T17:58:58.487000+00:00
626,9205,alonso,14,25,24.2,24.2,2023-11-05T18:02:37.359000+00:00
627,9205,piastri,81,24,23.5,23.5,2023-11-05T18:03:02.594000+00:00
628,9205,sainz,55,26,23.5,23.5,2023-11-05T18:04:07.765000+00:00
629,9205,gasly,10,26,25.2,25.2,2023-11-05T18:04:12.796000+00:00
630,9205,tsunoda,22,26,27.1,27.1,2023-11-05T18:04:16.577000+00:00
631,9205,max_verstappen,1,27,22.9,22.9,2023-11-05T18:04:58.858000+00:00
632,9205,norris,4,27,23.8,23.8,2023-11-05T18:05:03.670000+00:00
633,9205,ricciardo,3,26,23.9,23.9,2023-11-05T18:05:32.311000+00:00
634,9205,ocon,31,31,24.4,24.4,2023-11-05T18:10:53.682000+00:00
635,9205,sargeant,2,44,24.1,24.1,2023-11-05T18:27:41.108000+00:00
636,9205,russell,63,45,23.9,23.9,2023-11-05T18:28:41.904000+00:00
637,9205,perez,11,46,23.5,23.5,2023-11-05T18:29:37.669000+00:00
638,9205,hamilton,44,46,24.0,24.0,2023-11-05T18:29:52.950000+00:00
639,9205,gasly,10,46,23.5,23.5,2023-11-05T18:29:56.278000+00:00
640,9205,hulkenberg,27,46,23.8,23.8,2023-11-05T18:30:24.684000+00:00
641,9205,alonso,14,47,23.8,23.8,2023-11-05T18:30:49.918000+00:00
642,9205,sainz,55,51,23.7,23.7,2023-11-05T18:36:08.883000+00:00
643,9205,ocon,31,51,23.5,23.5,2023-11-05T18:36:36.539000+00:00
644,9205,stroll,18,52,25.2,25.2,2023-11-05T18:37:21.414000+00:00
645,9205,piastri,81,52,23.3,23.3,2023-11-05T18:39:01.037000+00:00
646,9205,tsunoda,22,55,23.4,23.4,2023-11-05T18:41:24.723000+00:00
647,9205,max_verstappen,1,56,23.3,23.3,2023-11-05T18:41:45.004000+00:00
648,9205,ricciardo,3,55,23.5,23.5,2023-11-05T18:42:40.801000+00:00
649,9205,norris,4,59,23.6,23.6,2023-11-05T18:45:40.627000+00:00
650,9189,perez,11,1,33.5,33.5,2023-11-19T06:06:40.131000+00:00
651,9189,alonso,14,1,29.3,29.3,2023-11-19T06:06:56.818000+00:00
652,9189,bottas,77,1,43.9,43.9,2023-11-19T06:07:14.818000+00:00
653,9189,stroll,18,3,22.2,22.2,2023-11-19T06:10:29.283000+00:00
654,9189,sainz,55,3,21.2,21.2,2023-11-19T06:10:41.158000+00:00
655,9189,tsunoda,22,10,20.6,20.6,2023-11-19T06:25:48.048000+00:00
656,9189,hulkenberg,27,12,22.1,22.1,2023-11-19T06:29:08.123000+00:00
657,9189,kevin_magnussen,20,14,21.6,21.6,2023-11-19T06:32:24.760000+00:00
658,9189,russell,63,15,21.2,21.2,2023-11-19T06:33:50.836000+00:00
659,9189,sargeant,2,15,21.3,21.3,2023-11-19T06:34:02.508000+00:00
660,9189,max_verstappen,1,16,26.6,26.6,2023-11-19T06:35:32.163000+00:00
661,9189,albon,23,16,21.2,21.2,2023-11-19T06:35:38.928000+00:00
662,9189,piastri,81,16,23.2,23.2,2023-11-19T06:35:43.334000+00:00
663,9189,gasly,10,17,22.2,22.2,2023-11-19T06:37:16.630000+00:00
664,9189,ricciardo,3,17,22.2,22.2,2023-11-19T06:37:36.489000+00:00
665,9189,hamilton,44,17,25.0,25.0,2023-11-19T06:37:37.520000+00:00
666,9189,ocon,31,20,21.7,21.7,2023-11-19T06:42:20.437000+00:00
667,9189,leclerc,16,21,22.5,22.5,2023-11-19T06:43:41.467000+00:00
668,9189,tsunoda,22,21,20.8,20.8,2023-11-19T06:44:38.372000+00:00
669,9189,bottas,77,24,21.5,21.5,2023-11-19T06:49:32.226000+00:00
670,9189,perez,11,26,21.5,21.5,2023-11-19T06:52:14.786000+00:00
671,9189,max_verstappen,1,26,21.3,21.3,2023-11-19T06:52:30.348000+00:00
672,9189,stroll,18,26,22.5,22.5,2023-11-19T06:52:30.957000+00:00
673,9189,russell,63,26,21.9,21.9,2023-11-19T06:52:33.926000+00:00
674,9189,sainz,55,26,22.6,22.6,2023-11-19T06:52:36.863000+00:00
675,9189,alonso,14,26,23.2,23.2,2023-11-19T06:52:41.519000+00:00
676,9189,zhou,24,26,22.1,22.1,2023-11-19T06:52:49.676000+00:00
677,9189,kevin_magnussen,20,26,21.8,21.8,2023-11-19T06:53:01.316000+00:00
678,9189,hulkenberg,27,26,25.4,25.4,2023-11-19T06:53:08.363000+00:00
679,9189,hamilton,44,26,22.5,22.5,2023-11-19T06:53:12.597000+00:00
680,9189,piastri,81,43,20.5,20.5,2023-11-19T07:22:32.753000+00:00
681,9197,kevin_magnussen,20,5,22.7,22.7,2023-11-26T13:11:39.528000+00:00
682,9197,ricciardo,3,7,21.6,21.6,2023-11-26T13:14:37.589000+00:00
683,9197,alonso,14,12,22.4,22.4,2023-11-26T13:22:07.037000+00:00
684,9197,piastri,81,13,21.6,21.6,2023-11-26T13:23:35.848000+00:00
685,9197,hulkenberg,27,13,21.8,21.8,2023-11-26T13:23:47.614000+00:00
686,9197,zhou,24,13,22.8,22.8,2023-11-26T13:23:51.395000+00:00
687,9197,russell,63,14,21.6,21.6,2023-11-26T13:25:04.660000+00:00
688,9197,norris,4,14,24.0,24.0,2023-11-26T13:25:05.129000+00:00
689,9197,hamilton,44,15,22.1,22.1,2023-11-26T13:26:44.159000+00:00
690,9197,ocon,31,15,22.1,22.1,2023-11-26T13:26:45.128000+00:00
691,9197,sargeant,2,15,22.1,22.1,2023-11-26T13:26:58.221000+00:00
692,9197,max_verstappen,1,16,21.6,21.6,2023-11-26T13:27:58.955000+00:00
693,9197,albon,23,16,22.1,22.1,2023-11-26T13:28:27.548000+00:00
694,9197,leclerc,16,17,21.9,21.9,2023-11-26T13:29:31.907000+00:00
695,9197,perez,11,17,21.4,21.4,2023-11-26T13:29:43.610000+00:00
696,9197,gasly,10,17,23.0,23.0,2023-11-26T13:29:49.782000+00:00
697,9197,tsunoda,22,22,21.4,21.4,2023-11-26T13:37:16.167000+00:00
698,9197,stroll,18,22,21.8,21.8,2023-11-26T13:37:21.792000+00:00
699,9197,kevin_magnussen,20,22,22.1,22.1,2023-11-26T13:37:53.370000+00:00
700,9197,sainz,55,23,21.2,21.2,2023-11-26T13:38:58.291000+00:00
701,9197,bottas,77,29,22.6,22.6,2023-11-26T13:48:24.863000+00:00
702,9197,ricciardo,3,31,21.7,21.7,2023-11-26T13:51:14.017000+00:00
703,9197,gasly,10,32,23.4,23.4,2023-11-26T13:52:50.297000+00:00
704,9197,norris,4,33,21.4,21.4,2023-11-26T13:53:53.484000+00:00
705,9197,hulkenberg,27,33,22.0,22.0,2023-11-26T13:54:27.577000+00:00
706,9197,russell,63,34,22.0,22.0,2023-11-26T13:55:20.374000+00:00
707,9197,leclerc,16,35,21.2,21.2,2023-11-26T13:56:47.498000+00:00
708,9197,hamilton,44,35,22.0,22.0,2023-11-26T13:57:05.138000+00:00
709,9197,piastri,81,36,21.1,21.1,2023-11-26T13:58:30.168000+00:00
710,9197,alonso,14,36,21.8,21.8,2023-11-26T13:58:33.621000+00:00
711,9197,zhou,24,37,22.3,22.3,2023-11-26T14:00:35.448000+00:00
712,9197,sargeant,2,41,21.8,21.8,2023-11-26T14:06:42.506000+00:00
713,9197,perez,11,42,21.2,21.2,2023-11-26T14:07:17.818000+00:00
714,9197,stroll,18,42,21.6,21.6,2023-11-26T14:07:42.678000+00:00
715,9197,max_verstappen,1,43,21.2,21.2,2023-11-26T14:08:30.771000+00:00
716,9197,albon,23,43,21.9,21.9,2023-11-26T14:09:32.067000+00:00
717,9197,sainz,55,56,21.5,21.5,2023-11-26T14:28:46.679000+00:00
718,9472,hulkenberg,27,1,36.6,36.6,2024-03-02T15:06:11.115000+00:00
719,9472,zhou,24,9,25.2,25.2,2024-03-02T15:19:05.235000+00:00
720,9472,stroll,18,9,24.4,24.4,2024-03-02T15:19:07.623000+00:00
721,9472,ocon,31,10,24.8,24.8,2024-03-02T15:20:46.058000+00:00
722,9472,sargeant,2,10,35.7,35.7,2024-03-02T15:21:55.789000+00:00
723,9472,russell,63,11,24.7,24.7,2024-03-02T15:22:03.605000+00:00
724,9472,leclerc,16,11,24.0,24.0,2024-03-02T15:22:06.457000+00:00
725,9472,kevin_magnussen,20,11,25.9,25.9,2024-03-02T15:22:22.107000+00:00
726,9472,perez,11,12,24.5,24.5,2024-03-02T15:23:41.972000+00:00
727,9472,piastri,81,12,25.4,25.4,2024-03-02T15:23:50.520000+00:00
728,9472,hamilton,44,12,25.0,25.0,2024-03-02T15:23:52.389000+00:00
729,9472,gasly,10,12,29.9,29.9,2024-03-02T15:24:09.090000+00:00
730,9472,bottas,77,12,26.4,26.4,2024-03-02T15:24:09.531000+00:00
731,9472,norris,4,13,24.2,24.2,2024-03-02T15:25:25.101000+00:00
732,9472,ricciardo,3,13,24.9,24.9,2024-03-02T15:25:42.894000+00:00
733,9472,sainz,55,14,24.4,24.4,2024-03-02T15:26:57.817000+00:00
734,9472,tsunoda,22,14,24.7,24.7,2024-03-02T15:27:13.176000+00:00
735,9472,alonso,14,15,24.7,24.7,2024-03-02T15:28:49.395000+00:00
736,9472,albon,23,15,24.6,24.6,2024-03-02T15:28:54.348000+00:00
737,9472,max_verstappen,1,17,25.0,25.0,2024-03-02T15:31:37.825000+00:00
738,9472,hulkenberg,27,20,24.7,24.7,2024-03-02T15:37:33.888000+00:00
739,9472,stroll,18,27,24.5,24.5,2024-03-02T15:48:50.340000+00:00
740,9472,zhou,24,28,25.0,25.0,2024-03-02T15:50:25.427000+00:00
741,9472,sargeant,2,28,25.0,25.0,2024-03-02T15:51:59.543000+00:00
742,9472,ocon,31,30,25.1,25.1,2024-03-02T15:53:55.836000+00:00
743,9472,russell,63,31,24.8,24.8,2024-03-02T15:54:47.117000+00:00
744,9472,bottas,77,30,74.7,74.7,2024-03-02T15:54:47.631000+00:00
745,9472,gasly,10,31,26.4,26.4,2024-03-02T15:55:37.993000+00:00
746,9472,kevin_magnussen,20,32,24.4,24.4,2024-03-02T15:57:02.477000+00:00
747,9472,norris,4,33,24.7,24.7,2024-03-02T15:58:04.902000+00:00
748,9472,hamilton,44,33,24.0,24.0,2024-03-02T15:58:10.632000+00:00
749,9472,leclerc,16,34,24.1,24.1,2024-03-02T15:59:38.514000+00:00
750,9472,piastri,81,34,24.8,24.8,2024-03-02T15:59:45.850000+00:00
751,9472,tsunoda,22,34,24.3,24.3,2024-03-02T16:00:12.070000+00:00
752,9472,sainz,55,35,23.8,23.8,2024-03-02T16:01:02.991000+00:00
753,9472,ricciardo,3,35,24.8,24.8,2024-03-02T16:01:59.612000+00:00
754,9472,perez,11,36,24.5,24.5,2024-03-02T16:02:37.212000+00:00
755,9472,albon,23,36,24.6,24.6,2024-03-02T16:03:35.177000+00:00
756,9472,max_verstappen,1,37,24.2,24.2,2024-03-02T16:03:54.529000+00:00
757,9472,alonso,14,41,25.1,25.1,2024-03-02T16:11:23.921000+00:00
758,9472,sargeant,2,40,25.3,25.3,2024-03-02T16:11:47.875000+00:00
759,9472,hulkenberg,27,41,24.3,24.3,2024-03-02T16:11:54.741000+00:00
760,9472,gasly,10,43,25.2,25.2,2024-03-02T16:15:21.252000+00:00
761,9480,max_verstappen,1,7,20.6,20.6,2024-03-09T17:15:47.097000+00:00
762,9480,perez,11,7,22.1,22.1,2024-03-09T17:15:52.880000+00:00
763,9480,leclerc,16,7,23.4,23.4,2024-03-09T17:15:55.889000+00:00
764,9480,piastri,81,7,21.4,21.4,2024-03-09T17:15:58.220000+00:00
765,9480,alonso,14,7,22.1,22.1,2024-03-09T17:15:59.780000+00:00
766,9480,russell,63,7,21.0,21.0,2024-03-09T17:16:04.281000+00:00
767,9480,tsunoda,22,7,21.6,21.6,2024-03-09T17:16:13.313000+00:00
768,9480,bearman,38,7,22.4,22.4,2024-03-09T17:16:14.973000+00:00
769,9480,kevin_magnussen,20,7,21.4,21.4,2024-03-09T17:16:14.973000+00:00
770,9480,albon,23,7,21.7,21.7,2024-03-09T17:16:15.932000+00:00
771,9480,ocon,31,7,22.5,22.5,2024-03-09T17:16:22.416000+00:00
772,9480,bottas,77,7,22.7,22.7,2024-03-09T17:16:23.903000+00:00
773,9480,sargeant,2,7,23.6,23.6,2024-03-09T17:16:26.084000+00:00
774,9480,ricciardo,3,7,63.3,63.3,2024-03-09T17:17:01.115000+00:00
775,9480,hulkenberg,27,33,21.0,21.0,2024-03-09T17:59:43.237000+00:00
776,9480,bottas,77,35,23.2,23.2,2024-03-09T18:03:22.747000+00:00
777,9480,hamilton,44,36,20.1,20.1,2024-03-09T18:03:59.429000+00:00
778,9480,norris,4,37,22.2,22.2,2024-03-09T18:05:31.365000+00:00
779,9480,zhou,24,41,46.3,46.3,2024-03-09T18:12:50.460000+00:00
780,9488,ricciardo,3,5,18.2,18.2,2024-03-24T04:10:44.051000+00:00
781,9488,albon,23,6,17.7,17.7,2024-03-24T04:12:03.960000+00:00
782,9488,zhou,24,6,19.0,19.0,2024-03-24T04:12:08.895000+00:00
783,9488,hamilton,44,7,17.5,17.5,2024-03-24T04:13:22.694000+00:00
784,9488,kevin_magnussen,20,7,18.3,18.3,2024-03-24T04:13:27.578000+00:00
785,9488,russell,63,8,18.0,18.0,2024-03-24T04:14:42.668000+00:00
786,9488,stroll,18,8,17.9,17.9,2024-03-24T04:14:44.598000+00:00
787,9488,bottas,77,8,46.9,46.9,2024-03-24T04:15:18.023000+00:00
788,9488,leclerc,16,9,17.4,17.4,2024-03-24T04:16:00.710000+00:00
789,9488,piastri,81,9,17.5,17.5,2024-03-24T04:16:02.012000+00:00
790,9488,tsunoda,22,9,18.5,18.5,2024-03-24T04:16:09.821000+00:00
791,9488,ocon,31,9,18.2,18.2,2024-03-24T04:16:14.735000+00:00
792,9488,norris,4,14,17.7,17.7,2024-03-24T04:22:56.216000+00:00
793,9488,perez,11,14,18.1,18.1,2024-03-24T04:23:04.121000+00:00
794,9488,sainz,55,16,17.5,17.5,2024-03-24T04:25:32.675000+00:00
795,9488,ocon,31,16,30.6,30.6,2024-03-24T04:26:30.153000+00:00
796,9488,alonso,14,17,18.1,18.1,2024-03-24T04:27:25.795000+00:00
797,9488,hulkenberg,27,17,18.3,18.3,2024-03-24T04:27:48.004000+00:00
798,9488,gasly,10,17,20.3,20.3,2024-03-24T04:27:53.252000+00:00
799,9488,albon,23,27,17.7,17.7,2024-03-24T04:41:53.767000+00:00
800,9488,ricciardo,3,29,17.7,17.7,2024-03-24T04:44:47.613000+00:00
801,9488,kevin_magnussen,20,33,18.1,18.1,2024-03-24T04:50:17.139000+00:00
802,9488,leclerc,16,34,17.3,17.3,2024-03-24T04:50:53.181000+00:00
803,9488,perez,11,35,17.2,17.2,2024-03-24T04:52:36.668000+00:00
804,9488,hulkenberg,27,35,18.1,18.1,2024-03-24T04:52:59.402000+00:00
805,9488,zhou,24,35,36.8,36.8,2024-03-24T04:53:28.344000+00:00
806,9488,tsunoda,22,36,17.5,17.5,2024-03-24T04:54:17.272000+00:00
807,9488,bottas,77,36,18.9,18.9,2024-03-24T04:54:49.601000+00:00
808,9488,stroll,18,37,17.9,17.9,2024-03-24T04:55:38.194000+00:00
809,9488,piastri,81,39,18.5,18.5,2024-03-24T04:57:51.886000+00:00
810,9488,norris,4,40,17.6,17.6,2024-03-24T04:59:05.080000+00:00
811,9488,sainz,55,41,17.7,17.7,2024-03-24T05:00:15.825000+00:00
812,9488,alonso,14,41,17.9,17.9,2024-03-24T05:00:56.344000+00:00
813,9488,gasly,10,41,17.6,17.6,2024-03-24T05:01:39.520000+00:00
814,9488,ocon,31,42,18.0,18.0,2024-03-24T05:03:10.391000+00:00
815,9488,russell,63,45,17.9,17.9,2024-03-24T05:06:26.148000+00:00
816,9496,max_verstappen,1,1,1575.6,1575.6,2024-04-07T05:32:07.088000+00:00
817,9496,perez,11,1,1577.6,1577.6,2024-04-07T05:32:11.228000+00:00
818,9496,norris,4,1,1580.1,1580.1,2024-04-07T05:32:15.605000+00:00
819,9496,sainz,55,1,1580.0,1580.0,2024-04-07T05:32:17.863000+00:00
820,9496,alonso,14,1,1580.9,1580.9,2024-04-07T05:32:21.901000+00:00
821,9496,piastri,81,1,1580.2,1580.2,2024-04-07T05:32:24.731000+00:00
822,9496,hamilton,44,1,1580.6,1580.6,2024-04-07T05:32:33.770000+00:00
823,9496,leclerc,16,1,1583.3,1583.3,2024-04-07T05:32:37.738000+00:00
824,9496,russell,63,1,1581.2,1581.2,2024-04-07T05:32:40.039000+00:00
825,9496,hulkenberg,27,1,1580.8,1580.8,2024-04-07T05:32:42.543000+00:00
826,9496,bottas,77,1,1582.5,1582.5,2024-04-07T05:32:45.909000+00:00
827,9496,tsunoda,22,1,1584.5,1584.5,2024-04-07T05:32:50.762000+00:00
828,9496,ocon,31,1,1586.0,1586.0,2024-04-07T05:32:55.037000+00:00
829,9496,gasly,10,1,1586.7,1586.7,2024-04-07T05:32:58.104000+00:00
830,9496,stroll,18,1,1585.9,1585.9,2024-04-07T05:33:02.066000+00:00
831,9496,kevin_magnussen,20,1,1584.6,1584.6,2024-04-07T05:33:05.236000+00:00
832,9496,sargeant,2,1,1585.2,1585.2,2024-04-07T05:33:08.853000+00:00
833,9496,zhou,24,1,1582.9,1582.9,2024-04-07T05:33:13.702000+00:00
834,9496,hulkenberg,27,5,23.6,23.6,2024-04-07T05:41:11.036000+00:00
835,9496,bottas,77,6,24.8,24.8,2024-04-07T05:42:47.149000+00:00
836,9496,tsunoda,22,7,23.3,23.3,2024-04-07T05:44:23.658000+00:00
837,9496,zhou,24,7,23.9,23.9,2024-04-07T05:44:31.628000+00:00
838,9496,norris,4,11,23.0,23.0,2024-04-07T05:50:44.884000+00:00
839,9496,zhou,24,11,26.6,26.6,2024-04-07T05:51:28.738000+00:00
840,9496,piastri,81,12,23.4,23.4,2024-04-07T05:52:30.861000+00:00
841,9496,stroll,18,12,23.3,23.3,2024-04-07T05:52:41.007000+00:00
842,9496,alonso,14,13,22.9,22.9,2024-04-07T05:54:07.567000+00:00
843,9496,perez,11,15,22.9,22.9,2024-04-07T05:57:14.863000+00:00
844,9496,sainz,55,15,23.1,23.1,2024-04-07T05:57:18.818000+00:00
845,9496,max_verstappen,1,16,23.1,23.1,2024-04-07T05:58:47.121000+00:00
846,9496,gasly,10,16,23.8,23.8,2024-04-07T05:59:43.262000+00:00
847,9496,ocon,31,19,23.3,23.3,2024-04-07T06:04:35.659000+00:00
848,9496,russell,63,22,23.5,23.5,2024-04-07T06:09:03.514000+00:00
849,9496,tsunoda,22,22,23.4,23.4,2024-04-07T06:09:29.413000+00:00
850,9496,kevin_magnussen,20,22,26.1,26.1,2024-04-07T06:09:30.179000+00:00
851,9496,stroll,18,22,23.2,23.2,2024-04-07T06:09:30.269000+00:00
852,9496,bottas,77,22,25.9,25.9,2024-04-07T06:09:30.585000+00:00
853,9496,sargeant,2,22,25.5,25.5,2024-04-07T06:09:30.908000+00:00
854,9496,hamilton,44,23,23.3,23.3,2024-04-07T06:10:45.740000+00:00
855,9496,leclerc,16,26,23.2,23.2,2024-04-07T06:15:25.709000+00:00
856,9496,norris,4,26,23.2,23.2,2024-04-07T06:15:26.492000+00:00
857,9496,piastri,81,32,22.8,22.8,2024-04-07T06:25:23.438000+00:00
858,9496,gasly,10,32,23.1,23.1,2024-04-07T06:26:27.249000+00:00
859,9496,perez,11,33,22.9,22.9,2024-04-07T06:26:41.709000+00:00
860,9496,alonso,14,33,23.1,23.1,2024-04-07T06:26:57.226000+00:00
861,9496,hulkenberg,27,33,23.9,23.9,2024-04-07T06:27:47.111000+00:00
862,9496,ocon,31,33,24.1,24.1,2024-04-07T06:27:58.668000+00:00
863,9496,max_verstappen,1,34,23.2,23.2,2024-04-07T06:28:07.304000+00:00
864,9496,stroll,18,34,22.9,22.9,2024-04-07T06:29:22.122000+00:00
865,9496,sargeant,2,34,24.2,24.2,2024-04-07T06:29:29.509000+00:00
866,9496,sainz,55,36,23.5,23.5,2024-04-07T06:31:38.439000+00:00
867,9496,russell,63,37,22.9,22.9,2024-04-07T06:33:31.539000+00:00
868,9496,hamilton,44,39,23.9,23.9,2024-04-07T06:36:50.085000+00:00
869,9496,sargeant,2,41,23.2,23.2,2024-04-07T06:41:48.805000+00:00
870,9672,alonso,14,16,23.3,23.3,2024-04-20T03:31:46.612000+00:00
871,9673,hulkenberg,27,8,23.0,23.0,2024-04-21T07:17:54.233000+00:00
872,9673,tsunoda,22,8,23.1,23.1,2024-04-21T07:17:58.818000+00:00
873,9673,zhou,24,8,23.3,23.3,2024-04-21T07:18:03.165000+00:00
874,9673,stroll,18,9,23.8,23.8,2024-04-21T07:19:34.534000+00:00
875,9673,bottas,77,9,22.9,22.9,2024-04-21T07:19:35.920000+00:00
876,9673,ocon,31,9,23.1,23.1,2024-04-21T07:19:38.517000+00:00
877,9673,albon,23,9,23.2,23.2,2024-04-21T07:19:39.721000+00:00
878,9673,hamilton,44,9,22.5,22.5,2024-04-21T07:19:42.310000+00:00
879,9673,alonso,14,11,23.0,23.0,2024-04-21T07:22:51.787000+00:00
880,9673,russell,63,11,22.4,22.4,2024-04-21T07:22:55.186000+00:00
881,9673,gasly,10,11,39.7,39.7,2024-04-21T07:23:24.239000+00:00
882,9673,sargeant,2,12,23.2,23.2,2024-04-21T07:24:57.873000+00:00
883,9673,max_verstappen,1,13,22.4,22.4,2024-04-21T07:25:56.763000+00:00
884,9673,perez,11,13,22.0,22.0,2024-04-21T07:26:05.986000+00:00
885,9673,ricciardo,3,14,22.5,22.5,2024-04-21T07:28:16.873000+00:00
886,9673,piastri,81,16,22.6,22.6,2024-04-21T07:31:26.972000+00:00
887,9673,sainz,55,17,22.6,22.6,2024-04-21T07:33:12.635000+00:00
888,9673,kevin_magnussen,20,17,22.9,22.9,2024-04-21T07:33:37.510000+00:00
889,9673,leclerc,16,21,22.3,22.3,2024-04-21T07:39:57.405000+00:00
890,9673,stroll,18,21,22.9,22.9,2024-04-21T07:40:30.736000+00:00
891,9673,hamilton,44,21,22.6,22.6,2024-04-21T07:40:46.670000+00:00
892,9673,norris,4,22,22.1,22.1,2024-04-21T07:41:59.952000+00:00
893,9673,max_verstappen,1,23,22.2,22.2,2024-04-21T07:44:07.683000+00:00
894,9673,perez,11,23,22.3,22.3,2024-04-21T07:44:26.611000+00:00
895,9673,alonso,14,23,22.6,22.6,2024-04-21T07:44:44.517000+00:00
896,9673,russell,63,23,22.7,22.7,2024-04-21T07:44:48.706000+00:00
897,9673,hulkenberg,27,23,23.3,23.3,2024-04-21T07:45:05.889000+00:00
898,9673,ocon,31,23,23.2,23.2,2024-04-21T07:45:12.139000+00:00
899,9673,tsunoda,22,23,22.3,22.3,2024-04-21T07:45:17.677000+00:00
900,9673,albon,23,23,23.6,23.6,2024-04-21T07:45:21.571000+00:00
901,9673,zhou,24,23,25.6,25.6,2024-04-21T07:45:28.719000+00:00
902,9673,gasly,10,23,23.9,23.9,2024-04-21T07:45:36.934000+00:00
903,9673,piastri,81,24,22.2,22.2,2024-04-21T07:47:04.642000+00:00
904,9673,sargeant,2,24,22.6,22.6,2024-04-21T07:47:38.247000+00:00
905,9673,stroll,18,26,93.2,93.2,2024-04-21T07:53:19.912000+00:00
906,9673,kevin_magnussen,20,27,25.7,25.7,2024-04-21T07:54:48.761000+00:00
907,9673,stroll,18,35,34.7,34.7,2024-04-21T08:10:45.289000+00:00
908,9673,gasly,10,38,22.8,22.8,2024-04-21T08:15:35.007000+00:00
909,9673,zhou,24,40,23.2,23.2,2024-04-21T08:18:59.803000+00:00
910,9673,alonso,14,43,23.1,23.1,2024-04-21T08:23:42.506000+00:00
911,9506,max_verstappen,1,1,19.5,19.5,2024-05-04T16:05:51.566000+00:00
912,9506,leclerc,16,1,19.0,19.0,2024-05-04T16:05:53.499000+00:00
913,9506,ricciardo,3,1,21.2,21.2,2024-05-04T16:05:57.948000+00:00
914,9506,perez,11,1,21.2,21.2,2024-05-04T16:05:59.679000+00:00
915,9506,sainz,55,1,21.3,21.3,2024-05-04T16:06:01.040000+00:00
916,9506,piastri,81,1,21.9,21.9,2024-05-04T16:06:03.568000+00:00
917,9506,hulkenberg,27,1,22.0,22.0,2024-05-04T16:06:05.480000+00:00
918,9506,kevin_magnussen,20,1,21.8,21.8,2024-05-04T16:06:06.450000+00:00
919,9506,hamilton,44,1,23.3,23.3,2024-05-04T16:06:09.393000+00:00
920,9506,tsunoda,22,1,21.2,21.2,2024-05-04T16:06:11.502000+00:00
921,9506,gasly,10,1,21.0,21.0,2024-05-04T16:06:15.337000+00:00
922,9506,sargeant,2,1,21.6,21.6,2024-05-04T16:06:16.875000+00:00
923,9506,zhou,24,1,20.9,20.9,2024-05-04T16:06:18.990000+00:00
924,9506,russell,63,1,22.9,22.9,2024-05-04T16:06:22.457000+00:00
925,9506,bottas,77,1,23.2,23.2,2024-05-04T16:06:24.060000+00:00
926,9506,albon,23,1,22.2,22.2,2024-05-04T16:06:25.818000+00:00
927,9506,ocon,31,1,40.3,40.3,2024-05-04T16:06:31.733000+00:00
928,9506,alonso,14,1,35.3,35.3,2024-05-04T16:06:40.909000+00:00
929,9506,max_verstappen,1,2,17.6,17.6,2024-05-04T16:08:23.026000+00:00
930,9506,leclerc,16,2,18.1,18.1,2024-05-04T16:08:25.171000+00:00
931,9506,ricciardo,3,2,19.2,19.2,2024-05-04T16:08:28.143000+00:00
932,9506,perez,11,2,19.6,19.6,2024-05-04T16:08:30.440000+00:00
933,9506,sainz,55,2,19.7,19.7,2024-05-04T16:08:31.493000+00:00
934,9506,piastri,81,2,19.0,19.0,2024-05-04T16:08:33.169000+00:00
935,9506,hulkenberg,27,2,19.4,19.4,2024-05-04T16:08:35.667000+00:00
936,9506,kevin_magnussen,20,2,19.3,19.3,2024-05-04T16:08:37.937000+00:00
937,9506,hamilton,44,2,23.8,23.8,2024-05-04T16:08:43.699000+00:00
938,9506,tsunoda,22,2,23.3,23.3,2024-05-04T16:08:45.779000+00:00
939,9506,gasly,10,2,23.7,23.7,2024-05-04T16:08:48.004000+00:00
940,9506,sargeant,2,2,23.8,23.8,2024-05-04T16:08:49.455000+00:00
941,9506,zhou,24,2,23.8,23.8,2024-05-04T16:08:50.700000+00:00
942,9506,russell,63,2,24.6,24.6,2024-05-04T16:08:52.440000+00:00
943,9506,bottas,77,2,23.8,23.8,2024-05-04T16:08:53.479000+00:00
944,9506,albon,23,2,24.0,24.0,2024-05-04T16:08:55.194000+00:00
945,9506,ocon,31,2,23.9,23.9,2024-05-04T16:08:56.420000+00:00
946,9506,alonso,14,2,22.8,22.8,2024-05-04T16:09:00.657000+00:00
947,9506,alonso,14,18,20.8,20.8,2024-05-04T16:34:41.167000+00:00
948,9507,albon,23,10,22.8,22.8,2024-05-05T20:19:39.371000+00:00
949,9507,stroll,18,11,23.0,23.0,2024-05-05T20:21:11.694000+00:00
950,9507,sargeant,2,11,22.6,22.6,2024-05-05T20:21:15.599000+00:00
951,9507,bottas,77,11,23.7,23.7,2024-05-05T20:21:19.373000+00:00
952,9507,hulkenberg,27,12,23.0,23.0,2024-05-05T20:22:45.279000+00:00
953,9507,gasly,10,12,22.4,22.4,2024-05-05T20:22:45.973000+00:00
954,9507,perez,11,17,21.6,21.6,2024-05-05T20:30:19.386000+00:00
955,9507,leclerc,16,19,21.8,21.8,2024-05-05T20:33:18.881000+00:00
956,9507,ocon,31,22,22.6,22.6,2024-05-05T20:38:31.386000+00:00
957,9507,alonso,14,22,22.3,22.3,2024-05-05T20:38:34.448000+00:00
958,9507,kevin_magnussen,20,22,23.2,23.2,2024-05-05T20:38:42.299000+00:00
959,9507,max_verstappen,1,23,22.1,22.1,2024-05-05T20:39:40.124000+00:00
960,9507,russell,63,24,22.8,22.8,2024-05-05T20:41:42.351000+00:00
961,9507,hamilton,44,26,22.1,22.1,2024-05-05T20:44:45.874000+00:00
962,9507,piastri,81,27,22.2,22.2,2024-05-05T20:45:54.132000+00:00
963,9507,sainz,55,27,22.8,22.8,2024-05-05T20:45:57.233000+00:00
964,9507,perez,11,28,22.3,22.3,2024-05-05T20:48:03.247000+00:00
965,9507,tsunoda,22,28,22.1,22.1,2024-05-05T20:48:06.859000+00:00
966,9507,zhou,24,28,23.0,23.0,2024-05-05T20:48:24.627000+00:00
967,9507,ricciardo,3,28,22.5,22.5,2024-05-05T20:48:28.816000+00:00
968,9507,hulkenberg,27,28,22.4,22.4,2024-05-05T20:48:36.053000+00:00
969,9507,stroll,18,28,22.6,22.6,2024-05-05T20:48:38.702000+00:00
970,9507,kevin_magnussen,20,28,29.7,29.7,2024-05-05T20:49:18.254000+00:00
971,9507,norris,4,29,22.0,22.0,2024-05-05T20:49:38.496000+00:00
972,9507,bottas,77,29,22.7,22.7,2024-05-05T20:50:57.695000+00:00
973,9507,kevin_magnussen,20,31,30.7,30.7,2024-05-05T20:55:08.149000+00:00
974,9507,piastri,81,40,30.4,30.4,2024-05-05T21:09:05.656000+00:00
975,9507,albon,23,53,22.5,22.5,2024-05-05T21:29:26.144000+00:00
976,9515,alonso,14,7,31.3,31.3,2024-05-19T13:13:40.698000+00:00
977,9515,albon,23,8,30.0,30.0,2024-05-19T13:14:55.977000+00:00
978,9515,gasly,10,8,30.0,30.0,2024-05-19T13:14:56.934000+00:00
979,9515,bottas,77,8,30.2,30.2,2024-05-19T13:14:59.233000+00:00
980,9515,albon,23,9,33.1,33.1,2024-05-19T13:17:41.933000+00:00
981,9515,ricciardo,3,11,30.0,30.0,2024-05-19T13:19:00.497000+00:00
982,9515,tsunoda,22,12,29.6,29.6,2024-05-19T13:20:19.893000+00:00
983,9515,hulkenberg,27,13,29.7,29.7,2024-05-19T13:21:41.812000+00:00
984,9515,russell,63,21,29.6,29.6,2024-05-19T13:32:27.700000+00:00
985,9515,norris,4,22,29.9,29.9,2024-05-19T13:33:39.268000+00:00
986,9515,piastri,81,23,29.7,29.7,2024-05-19T13:35:08.129000+00:00
987,9515,max_verstappen,1,24,30.4,30.4,2024-05-19T13:36:17.100000+00:00
988,9515,albon,23,23,38.4,38.4,2024-05-19T13:37:31.686000+00:00
989,9515,leclerc,16,25,30.1,30.1,2024-05-19T13:37:46.511000+00:00
990,9515,ocon,31,25,30.6,30.6,2024-05-19T13:38:27.998000+00:00
991,9515,sainz,55,27,30.5,30.5,2024-05-19T13:40:34.603000+00:00
992,9515,hamilton,44,27,29.5,29.5,2024-05-19T13:40:44.324000+00:00
993,9515,albon,23,28,31.1,31.1,2024-05-19T13:44:56.973000+00:00
994,9515,gasly,10,30,30.6,30.6,2024-05-19T13:45:37.321000+00:00
995,9515,sargeant,2,31,31.0,31.0,2024-05-19T13:47:00.196000+00:00
996,9515,zhou,24,33,30.2,30.2,2024-05-19T13:49:40.143000+00:00
997,9515,perez,11,37,29.6,29.6,2024-05-19T13:54:46.675000+00:00
998,9515,stroll,18,37,29.9,29.9,2024-05-19T13:54:52.888000+00:00
999,9515,kevin_magnussen,20,37,31.3,31.3,2024-05-19T13:55:08.067000+00:00
1000,9515,alonso,14,40,30.4,30.4,2024-05-19T13:59:34.672000+00:00
1001,9515,russell,63,52,29.6,29.6,2024-05-19T14:14:52.415000+00:00
1002,9515,alonso,14,59,29.9,29.9,2024-05-19T14:25:53.783000+00:00
1003,9523,leclerc,16,1,2358.0,2358.0,2024-05-26T13:44:08.648000+00:00
1004,9523,piastri,81,1,2357.6,2357.6,2024-05-26T13:44:10.929000+00:00
1005,9523,sainz,55,1,2327.0,2327.0,2024-05-26T13:44:15.005000+00:00
1006,9523,norris,4,1,2365.5,2365.5,2024-05-26T13:44:20.326000+00:00
1007,9523,russell,63,1,2369.3,2369.3,2024-05-26T13:44:26.200000+00:00
1008,9523,max_verstappen,1,1,2372.6,2372.6,2024-05-26T13:44:31.202000+00:00
1009,9523,hamilton,44,1,2375.3,2375.3,2024-05-26T13:44:36.048000+00:00
1010,9523,tsunoda,22,1,2377.5,2377.5,2024-05-26T13:44:40.843000+00:00
1011,9523,albon,23,1,2381.3,2381.3,2024-05-26T13:44:47.191000+00:00
1012,9523,gasly,10,1,2381.8,2381.8,2024-05-26T13:44:50.012000+00:00
1013,9523,stroll,18,1,2383.5,2383.5,2024-05-26T13:44:55.032000+00:00
1014,9523,ricciardo,3,1,2385.8,2385.8,2024-05-26T13:45:00.056000+00:00
1015,9523,alonso,14,1,2389.4,2389.4,2024-05-26T13:45:05.469000+00:00
1016,9523,sargeant,2,1,2391.6,2391.6,2024-05-26T13:45:09.110000+00:00
1017,9523,bottas,77,1,2394.0,2394.0,2024-05-26T13:45:13.910000+00:00
1018,9523,zhou,24,1,2386.4,2386.4,2024-05-26T13:45:18.455000+00:00
1019,9523,bottas,77,15,24.2,24.2,2024-05-26T14:05:22.140000+00:00
1020,9523,stroll,18,42,24.1,24.1,2024-05-26T14:41:30.599000+00:00
1021,9523,stroll,18,48,28.2,28.2,2024-05-26T14:49:56.313000+00:00
1022,9523,hamilton,44,51,24.2,24.2,2024-05-26T14:52:35.455000+00:00
1023,9523,max_verstappen,1,52,23.8,23.8,2024-05-26T14:53:50.854000+00:00
1024,9523,sargeant,2,57,24.3,24.3,2024-05-26T15:02:08.732000+00:00
1025,9523,zhou,24,70,24.3,24.3,2024-05-26T15:19:29.604000+00:00
1026,9531,kevin_magnussen,20,7,30.4,30.4,2024-06-09T18:14:57.067000+00:00
1027,9531,hulkenberg,27,12,24.2,24.2,2024-06-09T18:22:58.338000+00:00
1028,9531,zhou,24,24,25.5,25.5,2024-06-09T18:41:08.894000+00:00
1029,9531,max_verstappen,1,25,24.3,24.3,2024-06-09T18:41:16.833000+00:00
1030,9531,russell,63,25,24.0,24.0,2024-06-09T18:41:17.188000+00:00
1031,9531,piastri,81,25,23.9,23.9,2024-06-09T18:41:18.206000+00:00
1032,9531,hamilton,44,25,23.7,23.7,2024-06-09T18:41:37.963000+00:00
1033,9531,alonso,14,25,25.7,25.7,2024-06-09T18:41:39.235000+00:00
1034,9531,stroll,18,25,24.2,24.2,2024-06-09T18:42:12.056000+00:00
1035,9531,albon,23,25,24.7,24.7,2024-06-09T18:42:19.997000+00:00
1036,9531,leclerc,16,25,24.0,24.0,2024-06-09T18:42:23.162000+00:00
1037,9531,sainz,55,25,27.6,27.6,2024-06-09T18:42:30.087000+00:00
1038,9531,kevin_magnussen,20,25,26.7,26.7,2024-06-09T18:42:30.955000+00:00
1039,9531,gasly,10,25,24.9,24.9,2024-06-09T18:42:31.911000+00:00
1040,9531,perez,11,25,33.7,33.7,2024-06-09T18:42:43.648000+00:00
1041,9531,hulkenberg,27,25,24.6,24.6,2024-06-09T18:42:46.791000+00:00
1042,9531,norris,4,26,23.4,23.4,2024-06-09T18:43:08.307000+00:00
1043,9531,ricciardo,3,26,30.2,30.2,2024-06-09T18:44:07.949000+00:00
1044,9531,leclerc,16,28,47.1,47.1,2024-06-09T18:48:19.047000+00:00
1045,9531,leclerc,16,31,24.6,24.6,2024-06-09T18:53:57.163000+00:00
1046,9531,gasly,10,40,24.4,24.4,2024-06-09T19:06:20.775000+00:00
1047,9531,kevin_magnussen,20,41,24.8,24.8,2024-06-09T19:07:49.606000+00:00
1048,9531,bottas,77,42,24.9,24.9,2024-06-09T19:09:10.865000+00:00
1049,9531,hamilton,44,43,24.2,24.2,2024-06-09T19:10:11.665000+00:00
1050,9531,ricciardo,3,43,23.8,23.8,2024-06-09T19:10:34.901000+00:00
1051,9531,sainz,55,43,24.1,24.1,2024-06-09T19:10:37.059000+00:00
1052,9531,perez,11,43,24.4,24.4,2024-06-09T19:10:37.798000+00:00
1053,9531,piastri,81,44,23.4,23.4,2024-06-09T19:11:34.047000+00:00
1054,9531,alonso,14,44,24.3,24.3,2024-06-09T19:11:48.531000+00:00
1055,9531,tsunoda,22,44,25.5,25.5,2024-06-09T19:11:52.689000+00:00
1056,9531,stroll,18,44,25.0,25.0,2024-06-09T19:11:55.703000+00:00
1057,9531,ocon,31,44,24.4,24.4,2024-06-09T19:11:57.263000+00:00
1058,9531,albon,23,44,24.8,24.8,2024-06-09T19:11:59.794000+00:00
1059,9531,hulkenberg,27,44,24.7,24.7,2024-06-09T19:12:08.566000+00:00
1060,9531,max_verstappen,1,45,24.2,24.2,2024-06-09T19:12:53.824000+00:00
1061,9531,russell,63,45,25.4,25.4,2024-06-09T19:12:57.884000+00:00
1062,9531,zhou,24,44,65.5,65.5,2024-06-09T19:12:59.918000+00:00
1063,9531,norris,4,47,23.9,23.9,2024-06-09T19:15:43.631000+00:00
1064,9531,zhou,24,52,28.3,28.3,2024-06-09T19:25:31.543000+00:00
1065,9531,russell,63,54,28.1,28.1,2024-06-09T19:25:48.175000+00:00
1066,9531,hamilton,44,54,28.8,28.8,2024-06-09T19:25:54.234000+00:00
1067,9531,kevin_magnussen,20,54,26.8,26.8,2024-06-09T19:26:52.500000+00:00
1068,9539,zhou,24,9,22.5,22.5,2024-06-23T13:16:10.214000+00:00
1069,9539,tsunoda,22,9,22.0,22.0,2024-06-23T13:16:11.335000+00:00
1070,9539,kevin_magnussen,20,10,23.3,23.3,2024-06-23T13:17:32.083000+00:00
1071,9539,bottas,77,11,22.7,22.7,2024-06-23T13:18:51.710000+00:00
1072,9539,hulkenberg,27,12,22.7,22.7,2024-06-23T13:20:08.058000+00:00
1073,9539,ocon,31,13,21.8,21.8,2024-06-23T13:21:25.661000+00:00
1074,9539,perez,11,13,22.1,22.1,2024-06-23T13:21:28.108000+00:00
1075,9539,gasly,10,14,26.0,26.0,2024-06-23T13:22:46.357000+00:00
1076,9539,sargeant,2,14,22.4,22.4,2024-06-23T13:23:07.967000+00:00
1077,9539,russell,63,15,25.0,25.0,2024-06-23T13:23:59.253000+00:00
1078,9539,sainz,55,15,22.1,22.1,2024-06-23T13:23:59.579000+00:00
1079,9539,hamilton,44,16,21.8,21.8,2024-06-23T13:25:20.180000+00:00
1080,9539,ricciardo,3,16,22.3,22.3,2024-06-23T13:25:47.108000+00:00
1081,9539,max_verstappen,1,17,21.5,21.5,2024-06-23T13:26:33.819000+00:00
1082,9539,stroll,18,17,21.8,21.8,2024-06-23T13:27:01.983000+00:00
1083,9539,albon,23,18,23.2,23.2,2024-06-23T13:28:39.113000+00:00
1084,9539,alonso,14,19,21.9,21.9,2024-06-23T13:29:48.043000+00:00
1085,9539,piastri,81,21,22.2,22.2,2024-06-23T13:32:17.699000+00:00
1086,9539,norris,4,23,21.6,21.6,2024-06-23T13:34:43.606000+00:00
1087,9539,leclerc,16,24,22.2,22.2,2024-06-23T13:36:12.078000+00:00
1088,9539,tsunoda,22,27,22.0,22.0,2024-06-23T13:41:07.510000+00:00
1089,9539,bottas,77,28,22.9,22.9,2024-06-23T13:42:21.765000+00:00
1090,9539,kevin_magnussen,20,29,28.9,28.9,2024-06-23T13:43:52.100000+00:00
1091,9539,perez,11,31,21.4,21.4,2024-06-23T13:46:05.658000+00:00
1092,9539,sargeant,2,34,22.5,22.5,2024-06-23T13:50:51.692000+00:00
1093,9539,russell,63,36,22.7,22.7,2024-06-23T13:52:24.915000+00:00
1094,9539,sainz,55,36,22.2,22.2,2024-06-23T13:52:28.245000+00:00
1095,9539,ocon,31,37,21.9,21.9,2024-06-23T13:54:16.424000+00:00
1096,9539,stroll,18,37,23.3,23.3,2024-06-23T13:54:30.700000+00:00
1097,9539,gasly,10,38,21.6,21.6,2024-06-23T13:55:28.473000+00:00
1098,9539,hulkenberg,27,38,22.5,22.5,2024-06-23T13:55:41.083000+00:00
1099,9539,zhou,24,41,24.2,24.2,2024-06-23T13:59:56.159000+00:00
1100,9539,ricciardo,3,42,22.1,22.1,2024-06-23T14:01:24.423000+00:00
1101,9539,hamilton,44,43,21.6,21.6,2024-06-23T14:01:43.645000+00:00
1102,9539,max_verstappen,1,44,22.3,22.3,2024-06-23T14:02:52.696000+00:00
1103,9539,albon,23,43,21.8,21.8,2024-06-23T14:02:56.355000+00:00
1104,9539,tsunoda,22,44,22.5,22.5,2024-06-23T14:04:29.136000+00:00
1105,9539,alonso,14,45,22.5,22.5,2024-06-23T14:05:17.419000+00:00
1106,9539,piastri,81,46,22.4,22.4,2024-06-23T14:06:00.444000+00:00
1107,9539,norris,4,47,22.6,22.6,2024-06-23T14:06:54.841000+00:00
1108,9539,leclerc,16,47,21.6,21.6,2024-06-23T14:07:06.625000+00:00
1109,9539,perez,11,49,21.4,21.4,2024-06-23T14:10:14.792000+00:00
1110,9550,leclerc,16,1,31.9,31.9,2024-06-30T13:04:53.204000+00:00
1111,9550,sargeant,2,1,31.7,31.7,2024-06-30T13:04:55.523000+00:00
1112,9550,kevin_magnussen,20,10,21.5,21.5,2024-06-30T13:15:24.903000+00:00
1113,9550,ricciardo,3,10,21.5,21.5,2024-06-30T13:15:25.998000+00:00
1114,9550,hulkenberg,27,11,22.3,22.3,2024-06-30T13:16:35.747000+00:00
1115,9550,alonso,14,11,21.4,21.4,2024-06-30T13:16:40.741000+00:00
1116,9550,albon,23,12,21.8,21.8,2024-06-30T13:17:53.027000+00:00
1117,9550,leclerc,16,16,21.6,21.6,2024-06-30T13:23:00.965000+00:00
1118,9550,ocon,31,19,22.2,22.2,2024-06-30T13:26:14.563000+00:00
1119,9550,bottas,77,19,21.9,21.9,2024-06-30T13:26:23.447000+00:00
1120,9550,gasly,10,20,21.4,21.4,2024-06-30T13:27:27.391000+00:00
1121,9550,stroll,18,20,21.3,21.3,2024-06-30T13:27:33.892000+00:00
1122,9550,sargeant,2,20,22.5,22.5,2024-06-30T13:28:14.659000+00:00
1123,9550,hamilton,44,21,21.5,21.5,2024-06-30T13:28:25.744000+00:00
1124,9550,perez,11,21,21.2,21.2,2024-06-30T13:28:31.893000+00:00
1125,9550,tsunoda,22,21,21.2,21.2,2024-06-30T13:28:43.636000+00:00
1126,9550,russell,63,22,21.6,21.6,2024-06-30T13:29:31.828000+00:00
1127,9550,sainz,55,22,21.2,21.2,2024-06-30T13:29:34.062000+00:00
1128,9550,max_verstappen,1,23,21.8,21.8,2024-06-30T13:30:32.553000+00:00
1129,9550,norris,4,23,21.6,21.6,2024-06-30T13:30:38.218000+00:00
1130,9550,piastri,81,25,20.9,20.9,2024-06-30T13:33:11.119000+00:00
1131,9550,zhou,24,28,23.1,23.1,2024-06-30T13:37:32.855000+00:00
1132,9550,leclerc,16,33,22.2,22.2,2024-06-30T13:43:26.505000+00:00
1133,9550,alonso,14,35,33.9,33.9,2024-06-30T13:45:53.752000+00:00
1134,9550,ricciardo,3,37,21.0,21.0,2024-06-30T13:48:00.851000+00:00
1135,9550,kevin_magnussen,20,38,21.8,21.8,2024-06-30T13:49:11.394000+00:00
1136,9550,hulkenberg,27,39,21.8,21.8,2024-06-30T13:50:18.236000+00:00
1137,9550,albon,23,39,21.6,21.6,2024-06-30T13:50:33.828000+00:00
1138,9550,gasly,10,42,22.0,22.0,2024-06-30T13:54:02.921000+00:00
1139,9550,bottas,77,42,21.9,21.9,2024-06-30T13:54:11.713000+00:00
1140,9550,ocon,31,43,21.2,21.2,2024-06-30T13:55:14.488000+00:00
1141,9550,stroll,18,43,21.3,21.3,2024-06-30T13:55:20.077000+00:00
1142,9550,tsunoda,22,44,23.4,23.4,2024-06-30T13:56:31.100000+00:00
1143,9550,russell,63,46,21.2,21.2,2024-06-30T13:58:03.267000+00:00
1144,9550,sainz,55,47,21.2,21.2,2024-06-30T13:59:17.091000+00:00
1145,9550,sargeant,2,49,22.0,22.0,2024-06-30T14:03:26.889000+00:00
1146,9550,max_verstappen,1,51,25.8,25.8,2024-06-30T14:03:40.307000+00:00
1147,9550,norris,4,51,21.4,21.4,2024-06-30T14:03:43.418000+00:00
1148,9550,piastri,81,51,20.7,20.7,2024-06-30T14:04:02.252000+00:00
1149,9550,perez,11,51,27.5,27.5,2024-06-30T14:04:31.937000+00:00
1150,9550,leclerc,16,51,20.9,20.9,2024-06-30T14:04:54.872000+00:00
1151,9550,zhou,24,51,21.5,21.5,2024-06-30T14:05:25.103000+00:00
1152,9550,hamilton,44,53,27.2,27.2,2024-06-30T14:06:34.098000+00:00
1153,9550,max_verstappen,1,64,22.7,22.7,2024-06-30T14:19:30.264000+00:00
1154,9550,alonso,14,68,22.4,22.4,2024-06-30T14:25:54.074000+00:00
1155,9558,zhou,24,12,29.1,29.1,2024-07-07T14:22:36.871000+00:00
1156,9558,leclerc,16,19,28.4,28.4,2024-07-07T14:33:20.548000+00:00
1157,9558,perez,11,19,28.3,28.3,2024-07-07T14:33:28.571000+00:00
1158,9558,ocon,31,19,28.4,28.4,2024-07-07T14:33:50.761000+00:00
1159,9558,zhou,24,19,29.8,29.8,2024-07-07T14:34:16.841000+00:00
1160,9558,ocon,31,21,28.2,28.2,2024-07-07T14:37:31.335000+00:00
1161,9558,max_verstappen,1,26,28.3,28.3,2024-07-07T14:44:10.113000+00:00
1162,9558,sainz,55,26,29.1,29.1,2024-07-07T14:44:12.103000+00:00
1163,9558,hulkenberg,27,26,29.4,29.4,2024-07-07T14:44:29.373000+00:00
1164,9558,stroll,18,26,29.0,29.0,2024-07-07T14:44:31.110000+00:00
1165,9558,ricciardo,3,26,28.8,28.8,2024-07-07T14:44:53.151000+00:00
1166,9558,bottas,77,26,30.6,30.6,2024-07-07T14:45:13.048000+00:00
1167,9558,norris,4,27,28.6,28.6,2024-07-07T14:45:43.021000+00:00
1168,9558,hamilton,44,27,28.9,28.9,2024-07-07T14:45:46.533000+00:00
1169,9558,russell,63,27,32.0,32.0,2024-07-07T14:45:53.162000+00:00
1170,9558,alonso,14,27,29.3,29.3,2024-07-07T14:46:21.489000+00:00
1171,9558,tsunoda,22,27,30.0,30.0,2024-07-07T14:46:23.350000+00:00
1172,9558,ocon,31,26,29.2,29.2,2024-07-07T14:46:27.115000+00:00
1173,9558,albon,23,27,34.7,34.7,2024-07-07T14:46:28.874000+00:00
1174,9558,kevin_magnussen,20,27,30.3,30.3,2024-07-07T14:46:30.479000+00:00
1175,9558,sargeant,2,27,32.8,32.8,2024-07-07T14:46:35.044000+00:00
1176,9558,zhou,24,26,29.1,29.1,2024-07-07T14:47:09.190000+00:00
1177,9558,piastri,81,28,29.5,29.5,2024-07-07T14:47:42.392000+00:00
1178,9558,leclerc,16,27,29.2,29.2,2024-07-07T14:47:47.730000+00:00
1179,9558,perez,11,28,32.3,32.3,2024-07-07T14:49:46.310000+00:00
1180,9558,kevin_magnussen,20,37,29.8,29.8,2024-07-07T15:04:12.072000+00:00
1181,9558,ricciardo,3,37,29.8,29.8,2024-07-07T15:04:14.921000+00:00
1182,9558,bottas,77,37,31.5,31.5,2024-07-07T15:04:37.729000+00:00
1183,9558,hamilton,44,38,30.0,30.0,2024-07-07T15:04:39.618000+00:00
1184,9558,max_verstappen,1,38,29.0,29.0,2024-07-07T15:04:44.360000+00:00
1185,9558,piastri,81,38,29.2,29.2,2024-07-07T15:04:58.871000+00:00
1186,9558,leclerc,16,37,29.1,29.1,2024-07-07T15:05:10.357000+00:00
1187,9558,perez,11,37,29.3,29.3,2024-07-07T15:05:29.184000+00:00
1188,9558,alonso,14,38,29.6,29.6,2024-07-07T15:05:33.207000+00:00
1189,9558,tsunoda,22,38,29.6,29.6,2024-07-07T15:05:38.006000+00:00
1190,9558,albon,23,38,29.4,29.4,2024-07-07T15:05:40.930000+00:00
1191,9558,sargeant,2,38,29.4,29.4,2024-07-07T15:05:53.739000+00:00
1192,9558,norris,4,39,30.3,30.3,2024-07-07T15:06:15.514000+00:00
1193,9558,zhou,24,37,33.0,33.0,2024-07-07T15:06:34.386000+00:00
1194,9558,sainz,55,39,29.0,29.0,2024-07-07T15:06:35.846000+00:00
1195,9558,hulkenberg,27,39,30.2,30.2,2024-07-07T15:06:59.589000+00:00
1196,9558,stroll,18,39,29.4,29.4,2024-07-07T15:07:03.351000+00:00
1197,9558,ocon,31,38,29.0,29.0,2024-07-07T15:07:22.420000+00:00
1198,9558,perez,11,47,28.8,28.8,2024-07-07T15:21:08.369000+00:00
1199,9558,sainz,55,50,28.7,28.7,2024-07-07T15:23:29.144000+00:00
1200,9566,hulkenberg,27,2,22.2,22.2,2024-07-21T13:06:24.217000+00:00
1201,9566,albon,23,6,22.0,22.0,2024-07-21T13:12:05.656000+00:00
1202,9566,kevin_magnussen,20,6,21.8,21.8,2024-07-21T13:12:06.276000+00:00
1203,9566,ocon,31,6,21.8,21.8,2024-07-21T13:12:09.585000+00:00
1204,9566,alonso,14,7,22.5,22.5,2024-07-21T13:13:28.576000+00:00
1205,9566,ricciardo,3,7,21.0,21.0,2024-07-21T13:13:29.972000+00:00
1206,9566,zhou,24,7,21.9,21.9,2024-07-21T13:13:37.622000+00:00
1207,9566,sargeant,2,8,21.7,21.7,2024-07-21T13:15:00.663000+00:00
1208,9566,stroll,18,14,23.2,23.2,2024-07-21T13:23:25.719000+00:00
1209,9566,hamilton,44,16,21.3,21.3,2024-07-21T13:25:58.070000+00:00
1210,9566,bottas,77,16,22.1,22.1,2024-07-21T13:26:20.677000+00:00
1211,9566,norris,4,17,21.8,21.8,2024-07-21T13:27:17.491000+00:00
1212,9566,piastri,81,18,21.6,21.6,2024-07-21T13:28:37.926000+00:00
1213,9566,max_verstappen,1,21,22.1,22.1,2024-07-21T13:33:00.759000+00:00
1214,9566,sainz,55,21,21.6,21.6,2024-07-21T13:33:09.169000+00:00
1215,9566,leclerc,16,23,21.8,21.8,2024-07-21T13:35:53.032000+00:00
1216,9566,perez,11,28,21.3,21.3,2024-07-21T13:43:25.912000+00:00
1217,9566,gasly,10,28,21.4,21.4,2024-07-21T13:43:38.770000+00:00
1218,9566,ricciardo,3,28,21.3,21.3,2024-07-21T13:43:45.142000+00:00
1219,9566,tsunoda,22,29,21.4,21.4,2024-07-21T13:44:49.927000+00:00
1220,9566,hulkenberg,27,29,22.4,22.4,2024-07-21T13:45:08.414000+00:00
1221,9566,albon,23,29,23.4,23.4,2024-07-21T13:45:10.742000+00:00
1222,9566,ocon,31,30,21.4,21.4,2024-07-21T13:46:39.865000+00:00
1223,9566,russell,63,33,21.3,21.3,2024-07-21T13:50:31.708000+00:00
1224,9566,sargeant,2,33,21.3,21.3,2024-07-21T13:50:56.807000+00:00
1225,9566,kevin_magnussen,20,34,22.5,22.5,2024-07-21T13:52:20.306000+00:00
1226,9566,zhou,24,36,22.1,22.1,2024-07-21T13:55:25.996000+00:00
1227,9566,alonso,14,37,21.8,21.8,2024-07-21T13:56:19.367000+00:00
1228,9566,hamilton,44,40,21.9,21.9,2024-07-21T13:59:50.770000+00:00
1229,9566,leclerc,16,40,21.7,21.7,2024-07-21T13:59:51.867000+00:00
1230,9566,norris,4,45,21.2,21.2,2024-07-21T14:06:40.704000+00:00
1231,9566,stroll,18,45,22.2,22.2,2024-07-21T14:07:40.324000+00:00
1232,9566,bottas,77,45,21.9,21.9,2024-07-21T14:07:58.265000+00:00
1233,9566,piastri,81,47,21.8,21.8,2024-07-21T14:09:27.380000+00:00
1234,9566,sainz,55,47,21.4,21.4,2024-07-21T14:09:45.943000+00:00
1235,9566,perez,11,47,21.0,21.0,2024-07-21T14:10:07.588000+00:00
1236,9566,max_verstappen,1,49,21.3,21.3,2024-07-21T14:12:24.668000+00:00
1237,9566,russell,63,53,21.3,21.3,2024-07-21T14:18:26.955000+00:00
1238,9566,sargeant,2,63,21.9,21.9,2024-07-21T14:33:45.149000+00:00
1239,9566,ocon,31,64,21.3,21.3,2024-07-21T14:35:08.797000+00:00
1240,9574,hulkenberg,27,7,23.5,23.5,2024-07-28T13:17:24.624000+00:00
1241,9574,albon,23,8,23.6,23.6,2024-07-28T13:19:10.060000+00:00
1242,9574,ricciardo,3,8,22.6,22.6,2024-07-28T13:19:12.907000+00:00
1243,9574,sargeant,2,8,23.3,23.3,2024-07-28T13:19:19.028000+00:00
1244,9574,gasly,10,9,22.9,22.9,2024-07-28T13:21:03.384000+00:00
1245,9574,russell,63,10,22.6,22.6,2024-07-28T13:22:42.566000+00:00
1246,9574,max_verstappen,1,10,23.2,23.2,2024-07-28T13:22:45.409000+00:00
1247,9574,hamilton,44,11,23.1,23.1,2024-07-28T13:24:25.722000+00:00
1248,9574,perez,11,11,22.6,22.6,2024-07-28T13:24:30.065000+00:00
1249,9574,piastri,81,11,22.6,22.6,2024-07-28T13:24:31.174000+00:00
1250,9574,bottas,77,11,23.1,23.1,2024-07-28T13:24:45.955000+00:00
1251,9574,leclerc,16,12,22.9,22.9,2024-07-28T13:26:17.756000+00:00
1252,9574,ocon,31,12,23.3,23.3,2024-07-28T13:26:35.403000+00:00
1253,9574,stroll,18,12,23.0,23.0,2024-07-28T13:26:38.729000+00:00
1254,9574,alonso,14,13,23.0,23.0,2024-07-28T13:28:22.402000+00:00
1255,9574,norris,4,15,22.6,22.6,2024-07-28T13:31:52.973000+00:00
1256,9574,tsunoda,22,15,23.4,23.4,2024-07-28T13:32:19.721000+00:00
1257,9574,kevin_magnussen,20,17,23.6,23.6,2024-07-28T13:35:57.049000+00:00
1258,9574,sainz,55,20,23.0,23.0,2024-07-28T13:40:57.194000+00:00
1259,9574,hulkenberg,27,20,23.2,23.2,2024-07-28T13:41:36.270000+00:00
1260,9574,perez,11,21,22.6,22.6,2024-07-28T13:42:57.879000+00:00
1261,9574,ricciardo,3,21,22.3,22.3,2024-07-28T13:43:18.205000+00:00
1262,9574,albon,23,23,23.1,23.1,2024-07-28T13:46:57.912000+00:00
1263,9574,sargeant,2,24,23.6,23.6,2024-07-28T13:49:10.623000+00:00
1264,9574,leclerc,16,25,23.3,23.3,2024-07-28T13:50:03.231000+00:00
1265,9574,hamilton,44,26,22.7,22.7,2024-07-28T13:51:47.753000+00:00
1266,9574,max_verstappen,1,28,22.9,22.9,2024-07-28T13:55:34.221000+00:00
1267,9574,sainz,55,28,23.0,23.0,2024-07-28T13:55:40.948000+00:00
1268,9574,gasly,10,28,22.8,22.8,2024-07-28T13:56:09.349000+00:00
1269,9574,norris,4,29,22.6,22.6,2024-07-28T13:57:22.371000+00:00
1270,9574,piastri,81,30,24.1,24.1,2024-07-28T13:59:03.646000+00:00
1271,9574,ocon,31,30,23.5,23.5,2024-07-28T13:59:38.848000+00:00
1272,9574,bottas,77,35,22.9,22.9,2024-07-28T14:08:54.722000+00:00
1273,9574,perez,11,42,22.6,22.6,2024-07-28T14:21:03.852000+00:00
1274,9582,albon,23,12,21.2,21.2,2024-08-25T13:19:18.319000+00:00
1275,9582,hulkenberg,27,14,21.6,21.6,2024-08-25T13:21:48.477000+00:00
1276,9582,tsunoda,22,14,21.2,21.2,2024-08-25T13:21:48.821000+00:00
1277,9582,bottas,77,15,21.0,21.0,2024-08-25T13:23:11.905000+00:00
1278,9582,zhou,24,18,21.2,21.2,2024-08-25T13:27:15.008000+00:00
1279,9582,sargeant,2,22,22.0,22.0,2024-08-25T13:32:23.447000+00:00
1280,9582,hamilton,44,23,21.1,21.1,2024-08-25T13:33:18.033000+00:00
1281,9582,leclerc,16,24,20.8,20.8,2024-08-25T13:34:18.648000+00:00
1282,9582,russell,63,25,21.8,21.8,2024-08-25T13:35:34.224000+00:00
1283,9582,max_verstappen,1,27,20.7,20.7,2024-08-25T13:38:00.708000+00:00
1284,9582,norris,4,28,21.5,21.5,2024-08-25T13:39:10.796000+00:00
1285,9582,perez,11,29,22.9,22.9,2024-08-25T13:40:46.942000+00:00
1286,9582,ricciardo,3,29,20.9,20.9,2024-08-25T13:41:13.508000+00:00
1287,9582,sainz,55,30,20.8,20.8,2024-08-25T13:42:03.037000+00:00
1288,9582,stroll,18,30,21.3,21.3,2024-08-25T13:42:27.754000+00:00
1289,9582,ocon,31,30,21.0,21.0,2024-08-25T13:42:38.935000+00:00
1290,9582,alonso,14,31,21.3,21.3,2024-08-25T13:43:41.426000+00:00
1291,9582,gasly,10,32,22.6,22.6,2024-08-25T13:44:54.767000+00:00
1292,9582,tsunoda,22,32,20.8,20.8,2024-08-25T13:45:12.246000+00:00
1293,9582,piastri,81,33,20.9,20.9,2024-08-25T13:45:43.994000+00:00
1294,9582,kevin_magnussen,20,40,21.4,21.4,2024-08-25T13:55:32.659000+00:00
1295,9582,bottas,77,43,21.2,21.2,2024-08-25T13:59:34.144000+00:00
1296,9582,hamilton,44,48,21.0,21.0,2024-08-25T14:05:02.172000+00:00
1297,9582,zhou,24,51,22.0,22.0,2024-08-25T14:10:20.051000+00:00
1298,9582,russell,63,54,21.1,21.1,2024-08-25T14:12:24.747000+00:00
1299,9582,albon,23,54,21.0,21.0,2024-08-25T14:13:22.343000+00:00
1300,9590,hulkenberg,27,5,38.8,38.8,2024-09-01T13:11:37.491000+00:00
1301,9590,gasly,10,10,24.3,24.3,2024-09-01T13:18:33.172000+00:00
1302,9590,russell,63,11,32.6,32.6,2024-09-01T13:19:55.341000+00:00
1303,9590,ricciardo,3,11,30.3,30.3,2024-09-01T13:20:02.519000+00:00
1304,9590,alonso,14,12,24.8,24.8,2024-09-01T13:21:19.343000+00:00
1305,9590,norris,4,14,24.1,24.1,2024-09-01T13:23:51.408000+00:00
1306,9590,kevin_magnussen,20,14,25.6,25.6,2024-09-01T13:24:14.191000+00:00
1307,9590,leclerc,16,15,24.5,24.5,2024-09-01T13:25:17.176000+00:00
1308,9590,hamilton,44,15,24.4,24.4,2024-09-01T13:25:23.746000+00:00
1309,9590,zhou,24,15,27.1,27.1,2024-09-01T13:25:55.958000+00:00
1310,9590,piastri,81,16,23.7,23.7,2024-09-01T13:26:37.919000+00:00
1311,9590,colapinto,43,16,25.1,25.1,2024-09-01T13:27:16.390000+00:00
1312,9590,albon,23,17,24.8,24.8,2024-09-01T13:28:30.112000+00:00
1313,9590,sainz,55,19,24.3,24.3,2024-09-01T13:31:02.505000+00:00
1314,9590,stroll,18,19,24.9,24.9,2024-09-01T13:31:32.794000+00:00
1315,9590,max_verstappen,1,22,28.1,28.1,2024-09-01T13:35:25.550000+00:00
1316,9590,perez,11,23,24.7,24.7,2024-09-01T13:36:51.246000+00:00
1317,9590,gasly,10,30,24.2,24.2,2024-09-01T13:47:30.599000+00:00
1318,9590,ocon,31,31,24.1,24.1,2024-09-01T13:48:44.910000+00:00
1319,9590,norris,4,32,24.8,24.8,2024-09-01T13:49:24.643000+00:00
1320,9590,hulkenberg,27,32,36.5,36.5,2024-09-01T13:50:42.556000+00:00
1321,9590,russell,63,33,26.2,26.2,2024-09-01T13:51:18.271000+00:00
1322,9590,bottas,77,33,24.4,24.4,2024-09-01T13:51:49.466000+00:00
1323,9590,perez,11,35,24.0,24.0,2024-09-01T13:54:02.598000+00:00
1324,9590,alonso,14,35,24.5,24.5,2024-09-01T13:54:20.055000+00:00
1325,9590,stroll,18,36,24.2,24.2,2024-09-01T13:56:01.044000+00:00
1326,9590,hamilton,44,37,24.1,24.1,2024-09-01T13:56:35.902000+00:00
1327,9590,piastri,81,38,24.6,24.6,2024-09-01T13:57:41.127000+00:00
1328,9590,max_verstappen,1,41,24.1,24.1,2024-09-01T14:02:19.148000+00:00
1329,9590,stroll,18,50,25.2,25.2,2024-09-01T14:16:07.298000+00:00
1330,9598,stroll,18,1,21.1,21.1,2024-09-15T11:06:42.160000+00:00
1331,9598,colapinto,43,10,20.5,20.5,2024-09-15T11:23:01.011000+00:00
1332,9598,alonso,14,11,20.0,20.0,2024-09-15T11:24:48.471000+00:00
1333,9598,bottas,77,11,20.0,20.0,2024-09-15T11:25:22.131000+00:00
1334,9598,max_verstappen,1,12,21.1,21.1,2024-09-15T11:26:32.458000+00:00
1335,9598,russell,63,12,19.9,19.9,2024-09-15T11:26:35.450000+00:00
1336,9598,hamilton,44,12,21.2,21.2,2024-09-15T11:26:55.973000+00:00
1337,9598,tsunoda,22,12,20.9,20.9,2024-09-15T11:27:15.657000+00:00
1338,9598,perez,11,13,20.6,20.6,2024-09-15T11:28:13.148000+00:00
1339,9598,bearman,50,14,21.2,21.2,2024-09-15T11:30:31.510000+00:00
1340,9598,piastri,81,15,20.1,20.1,2024-09-15T11:31:49.530000+00:00
1341,9598,hulkenberg,27,15,21.6,21.6,2024-09-15T11:32:19.677000+00:00
1342,9598,leclerc,16,16,20.6,20.6,2024-09-15T11:33:34.615000+00:00
1343,9598,sainz,55,17,21.4,21.4,2024-09-15T11:35:33.370000+00:00
1344,9598,stroll,18,22,20.2,20.2,2024-09-15T11:45:38.278000+00:00
1345,9598,albon,23,31,20.2,20.2,2024-09-15T12:01:15.716000+00:00
1346,9598,zhou,24,34,20.5,20.5,2024-09-15T12:07:33.526000+00:00
1347,9598,norris,4,37,19.7,19.7,2024-09-15T12:12:01.387000+00:00
1348,9598,max_verstappen,1,49,20.7,20.7,2024-09-15T12:33:34.735000+00:00
1349,9598,ricciardo,3,49,21.9,21.9,2024-09-15T12:34:35.128000+00:00
1350,9598,ocon,31,49,20.6,20.6,2024-09-15T12:35:03.839000+00:00
1351,9598,gasly,10,50,20.2,20.2,2024-09-15T12:36:40.927000+00:00
1352,9606,ricciardo,3,10,30.3,30.3,2024-09-22T12:21:17.341000+00:00
1353,9606,albon,23,11,29.1,29.1,2024-09-22T12:22:52.705000+00:00
1354,9606,sainz,55,13,29.3,29.3,2024-09-22T12:26:07.271000+00:00
1355,9606,hamilton,44,17,29.2,29.2,2024-09-22T12:32:24.811000+00:00
1356,9606,alonso,14,25,29.2,29.2,2024-09-22T12:45:51.540000+00:00
1357,9606,stroll,18,26,29.8,29.8,2024-09-22T12:48:02.117000+00:00
1358,9606,russell,63,27,28.7,28.7,2024-09-22T12:48:51.363000+00:00
1359,9606,perez,11,28,28.9,28.9,2024-09-22T12:50:55.951000+00:00
1360,9606,kevin_magnussen,20,28,29.7,29.7,2024-09-22T12:51:17.715000+00:00
1361,9606,max_verstappen,1,29,29.6,29.6,2024-09-22T12:51:58.937000+00:00
1362,9606,hulkenberg,27,29,29.8,29.8,2024-09-22T12:52:30.694000+00:00
1363,9606,colapinto,43,29,29.7,29.7,2024-09-22T12:52:32.748000+00:00
1364,9606,ocon,31,29,29.6,29.6,2024-09-22T12:52:52.879000+00:00
1365,9606,norris,4,30,29.0,29.0,2024-09-22T12:53:14.632000+00:00
1366,9606,tsunoda,22,33,29.6,29.6,2024-09-22T12:59:24.565000+00:00
1367,9606,bottas,77,33,30.4,30.4,2024-09-22T12:59:53.659000+00:00
1368,9606,zhou,24,34,29.3,29.3,2024-09-22T13:01:31.680000+00:00
1369,9606,leclerc,16,36,29.0,29.0,2024-09-22T13:03:59.209000+00:00
1370,9606,gasly,10,37,31.5,31.5,2024-09-22T13:06:36.761000+00:00
1371,9606,piastri,81,38,29.1,29.1,2024-09-22T13:06:52.128000+00:00
1372,9606,ricciardo,3,46,29.0,29.0,2024-09-22T13:21:28.626000+00:00
1373,9606,kevin_magnussen,20,49,31.2,31.2,2024-09-22T13:27:24.320000+00:00
1374,9606,ricciardo,3,58,29.6,29.6,2024-09-22T13:41:28.946000+00:00
1375,9617,albon,23,3,34.983,34.983,2024-10-20T19:10:15.705000+00:00
1376,9617,zhou,24,13,24.433,24.433,2024-10-20T19:28:48.028000+00:00
1377,9617,bottas,77,15,24.439,24.439,2024-10-20T19:32:04.880000+00:00
1378,9617,kevin_magnussen,20,17,23.966,23.966,2024-10-20T19:35:15.642000+00:00
1379,9617,gasly,10,18,28.228,28.228,2024-10-20T19:36:58.722000+00:00
1380,9617,tsunoda,22,18,24.193,24.193,2024-10-20T19:37:00.812000+00:00
1381,9617,sainz,55,21,23.963,23.963,2024-10-20T19:41:38.183000+00:00
1382,9617,max_verstappen,1,25,24.228,24.228,2024-10-20T19:48:17.561000+00:00
1383,9617,leclerc,16,26,23.817,23.817,2024-10-20T19:49:45.492000+00:00
1384,9617,perez,11,26,23.58,23.58,2024-10-20T19:50:21.889000+00:00
1385,9617,alonso,14,26,24.247,24.247,2024-10-20T19:50:40.317000+00:00
1386,9617,hulkenberg,27,27,24.5,24.5,2024-10-20T19:52:06.297000+00:00
1387,9617,stroll,18,27,26.399,26.399,2024-10-20T19:52:33.253000+00:00
1388,9617,norris,4,31,23.731,23.731,2024-10-20T19:58:17.472000+00:00
1389,9617,ocon,31,31,24.156,24.156,2024-10-20T19:59:12.307000+00:00
1390,9617,piastri,81,32,24.107,24.107,2024-10-20T20:00:03.248000+00:00
1391,9617,albon,23,33,24.391,24.391,2024-10-20T20:02:43.018000+00:00
1392,9617,zhou,24,35,24.89,24.89,2024-10-20T20:06:25.241000+00:00
1393,9617,lawson,30,36,23.839,23.839,2024-10-20T20:07:17.103000+00:00
1394,9617,kevin_magnussen,20,38,24.087,24.087,2024-10-20T20:10:43.657000+00:00
1395,9617,colapinto,43,39,23.971,23.971,2024-10-20T20:12:21.335000+00:00
1396,9617,russell,63,40,29.327,29.327,2024-10-20T20:13:46.808000+00:00
1397,9617,ocon,31,51,26.175,26.175,2024-10-20T20:32:59.117000+00:00
1398,9625,perez,11,20,27.73,27.73,2024-10-27T20:36:23.517000+00:00
1399,9625,max_verstappen,1,26,43.73,43.73,2024-10-27T20:44:28.025000+00:00
1400,9625,stroll,18,26,22.592,22.592,2024-10-27T20:44:40.300000+00:00
1401,9625,hamilton,44,28,22.538,22.538,2024-10-27T20:47:06.281000+00:00
1402,9625,gasly,10,28,23.204,23.204,2024-10-27T20:47:20.014000+00:00
1403,9625,hulkenberg,27,29,23.077,23.077,2024-10-27T20:48:39.726000+00:00
1404,9625,norris,4,30,22.111,22.111,2024-10-27T20:49:37.868000+00:00
1405,9625,kevin_magnussen,20,30,23.332,23.332,2024-10-27T20:50:00.893000+00:00
1406,9625,leclerc,16,31,22.86,22.86,2024-10-27T20:50:54.123000+00:00
1407,9625,russell,63,31,22.462,22.462,2024-10-27T20:51:07.736000+00:00
1408,9625,sainz,55,32,22.249,22.249,2024-10-27T20:52:06.503000+00:00
1409,9625,piastri,81,39,21.825,21.825,2024-10-27T21:02:32.103000+00:00
1410,9625,lawson,30,39,22.586,22.586,2024-10-27T21:02:38.497000+00:00
1411,9625,zhou,24,43,22.935,22.935,2024-10-27T21:08:33.457000+00:00
1412,9625,perez,11,43,22.174,22.174,2024-10-27T21:08:36.792000+00:00
1413,9625,colapinto,43,47,23.895,23.895,2024-10-27T21:13:47.146000+00:00
1414,9625,ocon,31,48,23.245,23.245,2024-10-27T21:15:23.096000+00:00
1415,9625,bottas,77,49,22.505,22.505,2024-10-27T21:16:39.366000+00:00
1416,9625,lawson,30,65,30.299,30.299,2024-10-27T21:38:46.256000+00:00
1417,9625,leclerc,16,69,22.69,22.69,2024-10-27T21:42:28.014000+00:00
1418,9625,perez,11,68,21.92,21.92,2024-10-27T21:43:04.158000+00:00
1419,9636,leclerc,16,24,24.573,24.573,2024-11-03T16:24:31.874000+00:00
1420,9636,hulkenberg,27,25,25.369,25.369,2024-11-03T16:26:10.648000+00:00
1421,9636,colapinto,43,26,25.287,25.287,2024-11-03T16:27:50.033000+00:00
1422,9636,piastri,81,27,26.05,26.05,2024-11-03T16:29:04.454000+00:00
1423,9636,alonso,14,27,25.107,25.107,2024-11-03T16:29:07.063000+00:00
1424,9636,hamilton,44,27,25.205,25.205,2024-11-03T16:29:21.294000+00:00
1425,9636,sainz,55,27,25.9,25.9,2024-11-03T16:29:28.104000+00:00
1426,9636,bearman,50,27,35.7,35.7,2024-11-03T16:29:29.277000+00:00
1427,9636,perez,11,27,26.6,26.6,2024-11-03T16:29:31.909000+00:00
1428,9636,zhou,24,27,25.2,25.2,2024-11-03T16:29:58.131000+00:00
1429,9636,russell,63,28,25.6,25.6,2024-11-03T16:30:26.235000+00:00
1430,9636,norris,4,28,24.7,24.7,2024-11-03T16:30:26.835000+00:00
1431,9636,tsunoda,22,28,25.4,25.4,2024-11-03T16:30:42.947000+00:00
1432,9636,lawson,30,28,28.167,28.167,2024-11-03T16:31:04.523000+00:00
1433,9636,zhou,24,28,27.067,27.067,2024-11-03T16:32:06.153000+00:00
1434,9636,hulkenberg,27,27,58.984,58.984,2024-11-03T16:32:21.233000+00:00
1435,9636,colapinto,43,30,25.239,25.239,2024-11-03T16:35:28.710000+00:00
1436,9636,hulkenberg,27,29,28.59,28.59,2024-11-03T16:36:47.096000+00:00
1437,9636,zhou,24,31,1283.1,1283.1,2024-11-03T17:00:06.199000+00:00
1438,9636,ocon,31,32,1408.6,1408.6,2024-11-03T17:02:07.040000+00:00
1439,9636,max_verstappen,1,32,1409.3,1409.3,2024-11-03T17:02:09.788000+00:00
1440,9636,gasly,10,32,1407.5,1407.5,2024-11-03T17:02:13.315000+00:00
1441,9636,norris,4,32,1415.3,1415.3,2024-11-03T17:02:22.123000+00:00
1442,9636,russell,63,32,1415.8,1415.8,2024-11-03T17:02:27.963000+00:00
1443,9636,tsunoda,22,32,1419.0,1419.0,2024-11-03T17:02:32.857000+00:00
1444,9636,leclerc,16,32,1420.2,1420.2,2024-11-03T17:02:36.466000+00:00
1445,9636,piastri,81,32,1420.2,1420.2,2024-11-03T17:02:39.343000+00:00
1446,9636,alonso,14,32,1422.8,1422.8,2024-11-03T17:02:44.066000+00:00
1447,9636,lawson,30,32,1422.7,1422.7,2024-11-03T17:02:46.841000+00:00
1448,9636,hamilton,44,32,1425.7,1425.7,2024-11-03T17:02:51.473000+00:00
1449,9636,bottas,77,32,1422.0,1422.0,2024-11-03T17:02:53.242000+00:00
1450,9636,sainz,55,32,1424.6,1424.6,2024-11-03T17:02:57.164000+00:00
1451,9636,perez,11,32,1425.2,1425.2,2024-11-03T17:02:59.628000+00:00
1452,9636,bearman,50,32,1424.7,1424.7,2024-11-03T17:03:01.408000+00:00
1453,9636,zhou,24,32,68.542,68.542,2024-11-03T17:03:04.904000+00:00
1454,9644,alonso,14,4,21.407,21.407,2024-11-24T06:10:57.685000+00:00
1455,9644,leclerc,16,9,21.329,21.329,2024-11-24T06:19:06.266000+00:00
1456,9644,norris,4,9,21.194,21.194,2024-11-24T06:19:07.617000+00:00
1457,9644,albon,23,9,22.012,22.012,2024-11-24T06:19:18.900000+00:00
1458,9644,stroll,18,9,34.863,34.863,2024-11-24T06:19:33.118000+00:00
1459,9644,sainz,55,10,21.048,21.048,2024-11-24T06:20:42.836000+00:00
1460,9644,tsunoda,22,10,21.168,21.168,2024-11-24T06:20:51.630000+00:00
1461,9644,gasly,10,10,22.179,22.179,2024-11-24T06:20:51.948000+00:00
1462,9644,piastri,81,10,27.732,27.732,2024-11-24T06:20:58.606000+00:00
1463,9644,max_verstappen,1,11,20.697,20.697,2024-11-24T06:22:21.475000+00:00
1464,9644,ocon,31,11,15.7,15.7,2024-11-24T06:22:29.432000+00:00
1465,9644,zhou,24,11,22.96,22.96,2024-11-24T06:22:38.168000+00:00
1466,9644,lawson,30,11,21.049,21.049,2024-11-24T06:22:39.393000+00:00
1467,9644,russell,63,12,21.072,21.072,2024-11-24T06:23:51.641000+00:00
1468,9644,ocon,31,12,21.142,21.142,2024-11-24T06:24:29.841000+00:00
1469,9644,hamilton,44,13,21.067,21.067,2024-11-24T06:25:45.957000+00:00
1470,9644,hulkenberg,27,14,21.511,21.511,2024-11-24T06:27:37.827000+00:00
1471,9644,colapinto,43,16,21.17,21.17,2024-11-24T06:31:11.999000+00:00
1472,9644,perez,11,17,21.294,21.294,2024-11-24T06:32:42.506000+00:00
1473,9644,kevin_magnussen,20,17,21.963,21.963,2024-11-24T06:32:54.368000+00:00
1474,9644,bottas,77,17,21.623,21.623,2024-11-24T06:32:56.786000+00:00
1475,9644,alonso,14,24,21.407,21.407,2024-11-24T06:44:31.742000+00:00
1476,9644,piastri,81,25,21.082,21.082,2024-11-24T06:45:59.959000+00:00
1477,9644,colapinto,43,26,21.221,21.221,2024-11-24T06:47:56.973000+00:00
1478,9644,max_verstappen,1,27,22.254,22.254,2024-11-24T06:48:53.604000+00:00
1479,9644,hamilton,44,27,21.355,21.355,2024-11-24T06:48:56.621000+00:00
1480,9644,sainz,55,28,20.879,20.879,2024-11-24T06:50:36.753000+00:00
1481,9644,stroll,18,28,21.588,21.588,2024-11-24T06:51:18.369000+00:00
1482,9644,tsunoda,22,29,21.208,21.208,2024-11-24T06:52:36.039000+00:00
1483,9644,norris,4,30,20.668,20.668,2024-11-24T06:54:02.252000+00:00
1484,9644,leclerc,16,31,21.585,21.585,2024-11-24T06:55:28.479000+00:00
1485,9644,russell,63,32,20.975,20.975,2024-11-24T06:56:48.548000+00:00
1486,9644,perez,11,32,21.034,21.034,2024-11-24T06:57:41.036000+00:00
1487,9644,hulkenberg,27,33,21.702,21.702,2024-11-24T06:59:12.147000+00:00
1488,9644,zhou,24,34,21.761,21.761,2024-11-24T07:01:07.676000+00:00
1489,9644,bottas,77,35,22.821,22.821,2024-11-24T07:03:12.172000+00:00
1490,9644,lawson,30,38,20.642,20.642,2024-11-24T07:07:50.439000+00:00
1491,9644,ocon,31,45,21.858,21.858,2024-11-24T07:19:22.430000+00:00
1492,9644,norris,4,48,21.059,21.059,2024-11-24T07:23:21.033000+00:00
1493,9654,zhou,24,10,28.428,28.428,2024-11-30T14:18:51.066000+00:00
1494,9654,perez,11,14,38.263,38.263,2024-11-30T14:24:37.690000+00:00
1495,9655,stroll,18,1,29.783,29.783,2024-12-01T16:06:16.114000+00:00
1496,9655,hulkenberg,27,1,32.957,32.957,2024-12-01T16:06:47.801000+00:00
1497,9655,stroll,18,7,41.674,41.674,2024-12-01T16:18:02.146000+00:00
1498,9655,russell,63,23,32.308,32.308,2024-12-01T16:40:26.391000+00:00
1499,9655,bottas,77,24,29.034,29.034,2024-12-01T16:42:26.421000+00:00
1500,9655,kevin_magnussen,20,27,28.543,28.543,2024-12-01T16:46:33.456000+00:00
1501,9655,hulkenberg,27,31,28.343,28.343,2024-12-01T16:52:37.524000+00:00
1502,9655,piastri,81,34,27.818,27.818,2024-12-01T16:55:56.718000+00:00
1503,9655,sainz,55,34,36.143,36.143,2024-12-01T16:56:29.627000+00:00
1504,9655,max_verstappen,1,35,28.303,28.303,2024-12-01T16:57:12.738000+00:00
1505,9655,hamilton,44,34,37.915,37.915,2024-12-01T16:57:15.167000+00:00
1506,9655,norris,4,35,28.024,28.024,2024-12-01T16:57:16.341000+00:00
1507,9655,leclerc,16,35,28.46,28.46,2024-12-01T16:57:32.728000+00:00
1508,9655,perez,11,35,28.088,28.088,2024-12-01T16:57:58.787000+00:00
1509,9655,gasly,10,35,28.792,28.792,2024-12-01T16:58:20.238000+00:00
1510,9655,russell,63,35,27.87,27.87,2024-12-01T16:58:28.445000+00:00
1511,9655,alonso,14,35,28.628,28.628,2024-12-01T16:58:30.522000+00:00
1512,9655,zhou,24,35,29.085,29.085,2024-12-01T16:58:33.762000+00:00
1513,9655,tsunoda,22,35,29.024,29.024,2024-12-01T16:58:53.548000+00:00
1514,9655,albon,23,35,29.179,29.179,2024-12-01T16:58:55.885000+00:00
1515,9655,lawson,30,35,45.049,45.049,2024-12-01T16:59:14.397000+00:00
1516,9655,max_verstappen,1,36,23.8,23.8,2024-12-01T16:59:57.391000+00:00
1517,9655,hamilton,44,35,23.4,23.4,2024-12-01T16:59:58.493000+00:00
1518,9655,norris,4,36,25.5,25.5,2024-12-01T17:00:03.433000+00:00
1519,9655,bottas,77,35,28.968,28.968,2024-12-01T17:00:05.489000+00:00
1520,9655,leclerc,16,36,25.6,25.6,2024-12-01T17:00:06.458000+00:00
1521,9655,piastri,81,36,22.8,22.8,2024-12-01T17:00:07.448000+00:00
1522,9655,perez,11,36,22.7,22.7,2024-12-01T17:00:16.876000+00:00
1523,9655,gasly,10,36,22.7,22.7,2024-12-01T17:00:36.113000+00:00
1524,9655,russell,63,36,22.7,22.7,2024-12-01T17:00:45.252000+00:00
1525,9655,sainz,55,36,22.7,22.7,2024-12-01T17:00:47.867000+00:00
1526,9655,zhou,24,36,23.2,23.2,2024-12-01T17:00:53.207000+00:00
1527,9655,alonso,14,36,28.592,28.592,2024-12-01T17:00:56.730000+00:00
1528,9655,kevin_magnussen,20,36,22.6,22.6,2024-12-01T17:00:56.690000+00:00
1529,9655,tsunoda,22,36,22.7,22.7,2024-12-01T17:01:10.357000+00:00
1530,9655,albon,23,36,22.7,22.7,2024-12-01T17:01:11.986000+00:00
1531,9655,hulkenberg,27,36,23.8,23.8,2024-12-01T17:01:14.642000+00:00
1532,9655,lawson,30,36,22.7,22.7,2024-12-01T17:01:31.396000+00:00
1533,9655,max_verstappen,1,37,22.7,22.7,2024-12-01T17:02:44.854000+00:00
1534,9655,hamilton,44,36,26.8,26.8,2024-12-01T17:02:50.788000+00:00
1535,9655,norris,4,37,28.7,28.7,2024-12-01T17:02:53.341000+00:00
1536,9655,bottas,77,36,28.1,28.1,2024-12-01T17:02:54.439000+00:00
1537,9655,leclerc,16,37,28.9,28.9,2024-12-01T17:02:56.722000+00:00
1538,9655,piastri,81,37,29.3,29.3,2024-12-01T17:02:58.699000+00:00
1539,9655,perez,11,37,29.4,29.4,2024-12-01T17:03:00.768000+00:00
1540,9655,gasly,10,37,30.4,30.4,2024-12-01T17:03:04.251000+00:00
1541,9655,russell,63,37,34.0,34.0,2024-12-01T17:03:08.929000+00:00
1542,9655,sainz,55,37,34.3,34.3,2024-12-01T17:03:10.610000+00:00
1543,9655,zhou,24,37,34.8,34.8,2024-12-01T17:03:12.770000+00:00
1544,9655,alonso,14,37,32.8,32.8,2024-12-01T17:03:15.314000+00:00
1545,9655,kevin_magnussen,20,37,33.3,33.3,2024-12-01T17:03:16.452000+00:00
1546,9655,tsunoda,22,37,35.8,35.8,2024-12-01T17:03:21.452000+00:00
1547,9655,albon,23,37,36.5,36.5,2024-12-01T17:03:23.176000+00:00
1548,9655,hulkenberg,27,37,37.6,37.6,2024-12-01T17:03:26.493000+00:00
1549,9655,lawson,30,37,26.7,26.7,2024-12-01T17:03:31.230000+00:00
1550,9655,tsunoda,22,40,29.271,29.271,2024-12-01T17:09:51.860000+00:00
1551,9655,lawson,30,40,34.655,34.655,2024-12-01T17:09:59.872000+00:00
1552,9655,norris,4,45,36.069,36.069,2024-12-01T17:18:36.556000+00:00
1553,9655,hamilton,44,47,22.7,22.7,2024-12-01T17:21:28.004000+00:00
1554,9655,albon,23,55,39.687,39.687,2024-12-01T17:33:23.892000+00:00
1555,9662,colapinto,43,3,24.941,24.941,2024-12-08T13:09:54.663000+00:00
1556,9662,piastri,81,4,23.582,23.582,2024-12-08T13:10:50.793000+00:00
1557,9662,bottas,77,6,41.144,41.144,2024-12-08T13:14:05.238000+00:00
1558,9662,stroll,18,11,23.266,23.266,2024-12-08T13:21:14.719000+00:00
1559,9662,kevin_magnussen,20,12,26.363,26.363,2024-12-08T13:22:47.153000+00:00
1560,9662,zhou,24,12,23.024,23.024,2024-12-08T13:22:49.740000+00:00
1561,9662,albon,23,12,22.065,22.065,2024-12-08T13:22:50.176000+00:00
1562,9662,hulkenberg,27,13,21.53,21.53,2024-12-08T13:24:07.929000+00:00
1563,9662,alonso,14,13,23.326,23.326,2024-12-08T13:24:13.849000+00:00
1564,9662,gasly,10,14,22.059,22.059,2024-12-08T13:25:34.002000+00:00
1565,9662,leclerc,16,20,21.869,21.869,2024-12-08T13:34:35.212000+00:00
1566,9662,tsunoda,22,22,21.869,21.869,2024-12-08T13:38:02.632000+00:00
1567,9662,doornbos,61,22,22.08,22.08,2024-12-08T13:38:05.033000+00:00
1568,9662,lawson,30,23,23.415,23.415,2024-12-08T13:39:28.628000+00:00
1569,9662,lawson,30,24,22.565,22.565,2024-12-08T13:41:24.188000+00:00
1570,9662,sainz,55,25,21.28,21.28,2024-12-08T13:41:44.930000+00:00
1571,9662,norris,4,26,21.276,21.276,2024-12-08T13:43:11.101000+00:00
1572,9662,russell,63,26,21.656,21.656,2024-12-08T13:43:34.032000+00:00
1573,9662,max_verstappen,1,29,32.652,32.652,2024-12-08T13:48:20.136000+00:00
1574,9662,kevin_magnussen,20,29,21.678,21.678,2024-12-08T13:48:41.187000+00:00
1575,9662,lawson,30,29,32.317,32.317,2024-12-08T13:49:25.632000+00:00
1576,9662,kevin_magnussen,20,30,22.815,22.815,2024-12-08T13:50:44.261000+00:00
1577,9662,stroll,18,32,22.053,22.053,2024-12-08T13:53:11.117000+00:00
1578,9662,piastri,81,32,32.774,32.774,2024-12-08T13:53:15.592000+00:00
1579,9662,hamilton,44,34,21.694,21.694,2024-12-08T13:55:40.171000+00:00
1580,9662,alonso,14,37,22.437,22.437,2024-12-08T14:00:33.716000+00:00
1581,9662,zhou,24,39,28.765,28.765,2024-12-08T14:03:51.458000+00:00
1582,9662,kevin_magnussen,20,55,22.09,22.09,2024-12-08T14:28:28.764000+00:00
1583,9693,norris,4,2,13.3,13.3,2025-03-16T04:23:12.761000+00:00
1584,9693,max_verstappen,1,2,13.4,13.4,2025-03-16T04:23:14.282000+00:00
1585,9693,piastri,81,2,13.0,13.0,2025-03-16T04:23:15.787000+00:00
1586,9693,russell,63,2,13.6,13.6,2025-03-16T04:23:18.291000+00:00
1587,9693,leclerc,16,2,14.1,14.1,2025-03-16T04:23:21.181000+00:00
1588,9693,tsunoda,22,2,14.9,14.9,2025-03-16T04:23:24.246000+00:00
1589,9693,albon,23,2,15.0,15.0,2025-03-16T04:23:26.497000+00:00
1590,9693,hamilton,44,2,15.0,15.0,2025-03-16T04:23:28.680000+00:00
1591,9693,gasly,10,2,15.1,15.1,2025-03-16T04:23:31.233000+00:00
1592,9693,alonso,14,2,15.5,15.5,2025-03-16T04:23:33.032000+00:00
1593,9693,stroll,18,2,15.5,15.5,2025-03-16T04:23:35.723000+00:00
1594,9693,hulkenberg,27,2,15.1,15.1,2025-03-16T04:23:37.404000+00:00
1595,9693,antonelli,12,2,14.6,14.6,2025-03-16T04:23:38.906000+00:00
1596,9693,bortoleto,5,2,14.4,14.4,2025-03-16T04:23:40.336000+00:00
1597,9693,ocon,31,2,14.3,14.3,2025-03-16T04:23:42.208000+00:00
1598,9693,lawson,30,2,14.7,14.7,2025-03-16T04:23:44.866000+00:00
1599,9693,bearman,87,2,14.6,14.6,2025-03-16T04:23:45.808000+00:00
1600,9693,norris,4,3,12.9,12.9,2025-03-16T04:25:54.261000+00:00
1601,9693,max_verstappen,1,3,13.7,13.7,2025-03-16T04:25:56.710000+00:00
1602,9693,piastri,81,3,13.8,13.8,2025-03-16T04:25:58.250000+00:00
1603,9693,russell,63,3,14.1,14.1,2025-03-16T04:26:00.588000+00:00
1604,9693,leclerc,16,3,14.6,14.6,2025-03-16T04:26:03.317000+00:00
1605,9693,tsunoda,22,3,15.2,15.2,2025-03-16T04:26:07.237000+00:00
1606,9693,albon,23,3,16.9,16.9,2025-03-16T04:26:11.014000+00:00
1607,9693,hamilton,44,3,16.1,16.1,2025-03-16T04:26:12.947000+00:00
1608,9693,gasly,10,3,15.7,15.7,2025-03-16T04:26:14.535000+00:00
1609,9693,alonso,14,3,16.2,16.2,2025-03-16T04:26:16.239000+00:00
1610,9693,stroll,18,3,16.0,16.0,2025-03-16T04:26:18.773000+00:00
1611,9693,hulkenberg,27,3,15.9,15.9,2025-03-16T04:26:20.410000+00:00
1612,9693,antonelli,12,3,16.3,16.3,2025-03-16T04:26:22.648000+00:00
1613,9693,bortoleto,5,3,16.3,16.3,2025-03-16T04:26:24.517000+00:00
1614,9693,ocon,31,3,16.4,16.4,2025-03-16T04:26:26.647000+00:00
1615,9693,lawson,30,3,16.3,16.3,2025-03-16T04:26:29.150000+00:00
1616,9693,bearman,87,3,16.3,16.3,2025-03-16T04:26:30.064000+00:00
1617,9693,norris,4,4,12.8,12.8,2025-03-16T04:28:30.190000+00:00
1618,9693,max_verstappen,1,4,12.9,12.9,2025-03-16T04:28:32.243000+00:00
1619,9693,piastri,81,4,12.8,12.8,2025-03-16T04:28:33.914000+00:00
1620,9693,russell,63,4,13.6,13.6,2025-03-16T04:28:37.172000+00:00
1621,9693,leclerc,16,4,14.1,14.1,2025-03-16T04:28:39.089000+00:00
1622,9693,tsunoda,22,4,13.6,13.6,2025-03-16T04:28:42.407000+00:00
1623,9693,albon,23,4,14.2,14.2,2025-03-16T04:28:44.788000+00:00
1624,9693,hamilton,44,4,14.7,14.7,2025-03-16T04:28:47.101000+00:00
1625,9693,gasly,10,4,14.7,14.7,2025-03-16T04:28:49.811000+00:00
1626,9693,alonso,14,4,15.0,15.0,2025-03-16T04:28:51.748000+00:00
1627,9693,stroll,18,4,14.4,14.4,2025-03-16T04:28:54.348000+00:00
1628,9693,hulkenberg,27,4,14.1,14.1,2025-03-16T04:28:56.162000+00:00
1629,9693,antonelli,12,4,13.9,13.9,2025-03-16T04:28:57.988000+00:00
1630,9693,bortoleto,5,4,14.2,14.2,2025-03-16T04:29:00.339000+00:00
1631,9693,ocon,31,4,19.649,19.649,2025-03-16T04:29:08.858000+00:00
1632,9693,lawson,30,4,18.88,18.88,2025-03-16T04:29:09.440000+00:00
1633,9693,bearman,87,4,22.494,22.494,2025-03-16T04:29:15.713000+00:00
1634,9693,tsunoda,22,33,18.997,18.997,2025-03-16T05:15:54.883000+00:00
1635,9693,albon,23,33,18.573,18.573,2025-03-16T05:15:55.546000+00:00
1636,9693,hamilton,44,33,18.526,18.526,2025-03-16T05:15:57.301000+00:00
1637,9693,gasly,10,33,19.589,19.589,2025-03-16T05:16:00.331000+00:00
1638,9693,antonelli,12,33,18.912,18.912,2025-03-16T05:16:04.800000+00:00
1639,9693,stroll,18,33,18.802,18.802,2025-03-16T05:16:26.408000+00:00
1640,9693,hulkenberg,27,33,21.123,21.123,2025-03-16T05:16:36.934000+00:00
1641,9693,norris,4,34,18.464,18.464,2025-03-16T05:16:41.267000+00:00
1642,9693,bortoleto,5,33,24.073,24.073,2025-03-16T05:16:45.940000+00:00
1643,9693,piastri,81,34,19.719,19.719,2025-03-16T05:16:49.493000+00:00
1644,9693,lawson,30,33,20.067,20.067,2025-03-16T05:16:53.230000+00:00
1645,9693,max_verstappen,1,34,18.7,18.7,2025-03-16T05:17:05.874000+00:00
1646,9693,russell,63,34,19.125,19.125,2025-03-16T05:17:27.880000+00:00
1647,9693,leclerc,16,34,18.154,18.154,2025-03-16T05:17:35.896000+00:00
1648,9693,ocon,31,39,18.778,18.778,2025-03-16T05:30:19.227000+00:00
1649,9693,bearman,87,39,22.441,22.441,2025-03-16T05:30:28.080000+00:00
1650,9693,norris,4,44,18.031,18.031,2025-03-16T05:37:14.711000+00:00
1651,9693,russell,63,44,19.378,19.378,2025-03-16T05:37:22.212000+00:00
1652,9693,albon,23,44,18.952,18.952,2025-03-16T05:37:23.180000+00:00
1653,9693,stroll,18,44,18.901,18.901,2025-03-16T05:37:26.634000+00:00
1654,9693,antonelli,12,44,21.946,21.946,2025-03-16T05:37:28.705000+00:00
1655,9693,hulkenberg,27,44,20.209,20.209,2025-03-16T05:37:29.199000+00:00
1656,9693,bortoleto,5,44,26.214,26.214,2025-03-16T05:37:44.745000+00:00
1657,9693,piastri,81,44,19.85,19.85,2025-03-16T05:38:42.285000+00:00
1658,9693,bearman,87,44,19.37,19.37,2025-03-16T05:38:52.612000+00:00
1659,9693,max_verstappen,1,46,18.721,18.721,2025-03-16T05:40:24.422000+00:00
1660,9693,gasly,10,46,19.482,19.482,2025-03-16T05:40:37.586000+00:00
1661,9693,ocon,31,46,19.858,19.858,2025-03-16T05:41:57.402000+00:00
1662,9693,hamilton,44,47,20.802,20.802,2025-03-16T05:42:48.260000+00:00
1663,9693,leclerc,16,47,24.528,24.528,2025-03-16T05:42:54.048000+00:00
1664,9693,tsunoda,22,47,19.312,19.312,2025-03-16T05:42:55.649000+00:00
1665,9993,sainz,55,11,22.4,22.4,2025-03-22T03:22:20.561000+00:00
1666,9998,bortoleto,5,1,23.385,23.385,2025-03-23T07:06:04.340000+00:00
1667,9998,gasly,10,10,23.138,23.138,2025-03-23T07:20:44.723000+00:00
1668,9998,tsunoda,22,11,22.519,22.519,2025-03-23T07:22:19.754000+00:00
1669,9998,ocon,31,11,23.114,23.114,2025-03-23T07:22:21.968000+00:00
1670,9998,doornbos,7,11,22.793,22.793,2025-03-23T07:22:27.138000+00:00
1671,9998,antonelli,12,12,22.675,22.675,2025-03-23T07:23:56.527000+00:00
1672,9998,hadjar,6,12,22.896,22.896,2025-03-23T07:23:59.507000+00:00
1673,9998,hamilton,44,13,22.388,22.388,2025-03-23T07:25:26.243000+00:00
1674,9998,max_verstappen,1,13,22.454,22.454,2025-03-23T07:25:31.444000+00:00
1675,9998,piastri,81,14,23.938,23.938,2025-03-23T07:26:57.345000+00:00
1676,9998,russell,63,14,22.324,22.324,2025-03-23T07:27:01.311000+00:00
1677,9998,norris,4,15,22.213,22.213,2025-03-23T07:28:37.122000+00:00
1678,9998,leclerc,16,15,22.1,22.1,2025-03-23T07:28:42.400000+00:00
1679,9998,sainz,55,17,22.721,22.721,2025-03-23T07:32:20.876000+00:00
1680,9998,lawson,30,18,22.536,22.536,2025-03-23T07:34:04.511000+00:00
1681,9998,albon,23,20,23.362,23.362,2025-03-23T07:37:11.948000+00:00
1682,9998,hulkenberg,27,20,22.959,22.959,2025-03-23T07:37:39.728000+00:00
1683,9998,bearman,87,26,22.808,22.808,2025-03-23T07:47:11.720000+00:00
1684,9998,bortoleto,5,26,22.79,22.79,2025-03-23T07:47:46.464000+00:00
1685,9998,lawson,30,30,22.355,22.355,2025-03-23T07:54:02.377000+00:00
1686,9998,hadjar,6,33,22.234,22.234,2025-03-23T07:58:46.021000+00:00
1687,9998,tsunoda,22,35,22.583,22.583,2025-03-23T08:01:56.370000+00:00
1688,9998,stroll,18,36,22.995,22.995,2025-03-23T08:03:32.324000+00:00
1689,9998,hamilton,44,37,22.364,22.364,2025-03-23T08:04:48.706000+00:00
1690,9998,tsunoda,22,46,38.102,38.102,2025-03-23T08:20:25.204000+00:00
1691,10006,stroll,18,9,23.724,23.724,2025-04-06T05:18:42.712000+00:00
1692,10006,doornbos,7,15,23.382,23.382,2025-04-06T05:28:10.894000+00:00
1693,10006,russell,63,19,23.184,23.184,2025-04-06T05:33:59.151000+00:00
1694,10006,piastri,81,20,23.037,23.037,2025-04-06T05:35:38.006000+00:00
1695,10006,max_verstappen,1,21,24.397,24.397,2025-04-06T05:36:57.801000+00:00
1696,10006,norris,4,21,23.222,23.222,2025-04-06T05:36:57.957000+00:00
1697,10006,leclerc,16,21,23.346,23.346,2025-04-06T05:37:04.066000+00:00
1698,10006,hulkenberg,27,22,23.515,23.515,2025-04-06T05:39:09.192000+00:00
1699,10006,bearman,87,23,24.834,24.834,2025-04-06T05:40:33.084000+00:00
1700,10006,tsunoda,22,23,24.181,24.181,2025-04-06T05:40:38.849000+00:00
1701,10006,albon,23,24,23.093,23.093,2025-04-06T05:41:59.678000+00:00
1702,10006,alonso,14,24,25.708,25.708,2025-04-06T05:42:11.438000+00:00
1703,10006,gasly,10,24,26.041,26.041,2025-04-06T05:42:14.929000+00:00
1704,10006,hadjar,6,25,23.333,23.333,2025-04-06T05:43:29.773000+00:00
1705,10006,hamilton,44,30,22.937,22.937,2025-04-06T05:51:11.930000+00:00
1706,10006,stroll,18,30,23.608,23.608,2025-04-06T05:52:06.619000+00:00
1707,10006,antonelli,12,31,24.38,24.38,2025-04-06T05:52:41.258000+00:00
1708,10006,bortoleto,5,31,23.419,23.419,2025-04-06T05:53:22.493000+00:00
1709,10006,ocon,31,32,24.464,24.464,2025-04-06T05:54:54.863000+00:00
1710,10006,lawson,30,33,23.662,23.662,2025-04-06T05:56:25.345000+00:00
1711,10006,sainz,55,33,23.337,23.337,2025-04-06T05:56:27.204000+00:00
1712,10014,hulkenberg,27,5,24.2,24.2,2025-04-13T15:12:43.873000+00:00
1713,10014,hadjar,6,6,25.265,25.265,2025-04-13T15:14:22.192000+00:00
1714,10014,ocon,31,8,24.876,24.876,2025-04-13T15:17:35.761000+00:00
1715,10014,doornbos,7,9,24.791,24.791,2025-04-13T15:19:15.767000+00:00
1716,10014,norris,4,10,29.822,29.822,2025-04-13T15:20:47.938000+00:00
1717,10014,gasly,10,10,25.033,25.033,2025-04-13T15:20:49.907000+00:00
1718,10014,max_verstappen,1,10,26.518,26.518,2025-04-13T15:20:52.266000+00:00
1719,10014,tsunoda,22,11,26.493,26.493,2025-04-13T15:22:35.432000+00:00
1720,10014,antonelli,12,12,24.807,24.807,2025-04-13T15:24:07.047000+00:00
1721,10014,stroll,18,12,24.611,24.611,2025-04-13T15:24:25.037000+00:00
1722,10014,russell,63,13,24.044,24.044,2025-04-13T15:25:38.508000+00:00
1723,10014,bortoleto,5,13,24.143,24.143,2025-04-13T15:26:07.068000+00:00
1724,10014,piastri,81,14,24.498,24.498,2025-04-13T15:27:13.344000+00:00
1725,10014,sainz,55,14,24.6,24.6,2025-04-13T15:27:36.042000+00:00
1726,10014,bearman,87,14,24.562,24.562,2025-04-13T15:27:38.565000+00:00
1727,10014,lawson,30,14,25.242,25.242,2025-04-13T15:27:44.924000+00:00
1728,10014,albon,23,16,25.394,25.394,2025-04-13T15:30:58.785000+00:00
1729,10014,alonso,14,16,24.826,24.826,2025-04-13T15:31:03.591000+00:00
1730,10014,leclerc,16,17,24.802,24.802,2025-04-13T15:32:17.130000+00:00
1731,10014,hamilton,44,17,24.34,24.34,2025-04-13T15:32:26.694000+00:00
1732,10014,max_verstappen,1,26,28.067,28.067,2025-04-13T15:47:39.342000+00:00
1733,10014,ocon,31,27,24.832,24.832,2025-04-13T15:49:11.397000+00:00
1734,10014,antonelli,12,27,24.506,24.506,2025-04-13T15:49:11.833000+00:00
1735,10014,hulkenberg,27,27,24.2,24.2,2025-04-13T15:49:32.563000+00:00
1736,10014,gasly,10,28,24.958,24.958,2025-04-13T15:50:43.738000+00:00
1737,10014,doornbos,7,28,25.093,25.093,2025-04-13T15:50:56.202000+00:00
1738,10014,hadjar,6,28,24.64,24.64,2025-04-13T15:51:07.542000+00:00
1739,10014,piastri,81,32,24.9,24.9,2025-04-13T15:57:04.064000+00:00
1740,10014,russell,63,32,24.1,24.1,2025-04-13T15:57:12.763000+00:00
1741,10014,leclerc,16,32,24.241,24.241,2025-04-13T15:57:14.330000+00:00
1742,10014,norris,4,32,24.035,24.035,2025-04-13T15:57:16.814000+00:00
1743,10014,hamilton,44,32,24.35,24.35,2025-04-13T15:57:30.119000+00:00
1744,10014,sainz,55,32,24.315,24.315,2025-04-13T15:57:56.692000+00:00
1745,10014,tsunoda,22,32,24.771,24.771,2025-04-13T15:57:58.398000+00:00
1746,10014,bearman,87,32,24.895,24.895,2025-04-13T15:58:03.317000+00:00
1747,10014,albon,23,32,25.99,25.99,2025-04-13T15:58:03.712000+00:00
1748,10014,antonelli,12,32,24.693,24.693,2025-04-13T15:58:06.819000+00:00
1749,10014,alonso,14,32,24.846,24.846,2025-04-13T15:58:10.059000+00:00
1750,10014,lawson,30,32,24.191,24.191,2025-04-13T15:58:20.848000+00:00
1751,10014,stroll,18,32,24.592,24.592,2025-04-13T15:58:22.181000+00:00
1752,10014,bortoleto,5,32,25.396,25.396,2025-04-13T15:58:30.418000+00:00
1753,10014,sainz,55,44,37.116,37.116,2025-04-13T16:19:49.065000+00:00
1754,10022,doornbos,7,1,20.571,20.571,2025-04-20T17:06:43.644000+00:00
1755,10022,ocon,31,1,21.512,21.512,2025-04-20T17:06:45.644000+00:00
1756,10022,bortoleto,5,1,21.854,21.854,2025-04-20T17:06:46.504000+00:00
1757,10022,bearman,87,18,22.095,22.095,2025-04-20T17:36:05.973000+00:00
1758,10022,piastri,81,19,21.388,21.388,2025-04-20T17:37:06.014000+00:00
1759,10022,antonelli,12,19,20.399,20.399,2025-04-20T17:37:20.145000+00:00
1760,10022,alonso,14,19,21.891,21.891,2025-04-20T17:37:38.585000+00:00
1761,10022,russell,63,20,20.329,20.329,2025-04-20T17:38:45.260000+00:00
1762,10022,lawson,30,20,20.534,20.534,2025-04-20T17:39:10.227000+00:00
1763,10022,max_verstappen,1,21,26.03,26.03,2025-04-20T17:40:15.987000+00:00
1764,10022,sainz,55,21,24.148,24.148,2025-04-20T17:40:41.796000+00:00
1765,10022,albon,23,22,22.135,22.135,2025-04-20T17:42:19.024000+00:00
1766,10022,hamilton,44,23,20.144,20.144,2025-04-20T17:43:43.458000+00:00
1767,10022,leclerc,16,29,20.131,20.131,2025-04-20T17:52:49.740000+00:00
1768,10022,doornbos,7,32,21.521,21.521,2025-04-20T17:58:38.095000+00:00
1769,10022,hulkenberg,27,33,20.441,20.441,2025-04-20T18:00:03.353000+00:00
1770,10022,norris,4,34,20.427,20.427,2025-04-20T18:00:38.881000+00:00
1771,10022,hadjar,6,34,20.827,20.827,2025-04-20T18:01:14.102000+00:00
1772,10022,stroll,18,39,20.487,20.487,2025-04-20T18:09:33.789000+00:00
1773,10028,tsunoda,22,10,22.565,22.565,2025-05-03T16:48:42.996000+00:00
1774,10028,hamilton,44,11,22.398,22.398,2025-05-03T16:50:10.720000+00:00
1775,10028,stroll,18,11,22.819,22.819,2025-05-03T16:50:20.814000+00:00
1776,10028,sainz,55,11,22.324,22.324,2025-05-03T16:50:21.142000+00:00
1777,10028,antonelli,12,12,18.4,18.4,2025-05-03T16:51:41.578000+00:00
1778,10028,max_verstappen,1,12,25.804,25.804,2025-05-03T16:51:44.168000+00:00
1779,10028,albon,23,12,22.872,22.872,2025-05-03T16:51:54.411000+00:00
1780,10028,lawson,30,12,23.159,23.159,2025-05-03T16:52:00.524000+00:00
1781,10028,bearman,87,12,22.546,22.546,2025-05-03T16:52:05.695000+00:00
1782,10028,gasly,10,12,23.232,23.232,2025-05-03T16:52:10.353000+00:00
1783,10028,hulkenberg,27,12,24.593,24.593,2025-05-03T16:52:12.596000+00:00
1784,10028,bortoleto,5,12,25.777,25.777,2025-05-03T16:52:19.456000+00:00
1785,10028,doornbos,7,12,31.771,31.771,2025-05-03T16:52:21.439000+00:00
1786,10028,piastri,81,13,22.2,22.2,2025-05-03T16:53:16.992000+00:00
1787,10028,russell,63,13,22.907,22.907,2025-05-03T16:53:32.125000+00:00
1788,10028,alonso,14,13,23.466,23.466,2025-05-03T16:53:40.217000+00:00
1789,10028,antonelli,12,13,24.023,24.023,2025-05-03T16:53:45.957000+00:00
1790,10028,hadjar,6,13,22.87,22.87,2025-05-03T16:53:49.657000+00:00
1791,10028,ocon,31,13,22.745,22.745,2025-05-03T16:53:53.945000+00:00
1792,10028,norris,4,14,23.433,23.433,2025-05-03T16:54:59.318000+00:00
1793,10033,bortoleto,5,19,22.188,22.188,2025-05-04T20:34:44.021000+00:00
1794,10033,stroll,18,20,22.317,22.317,2025-05-04T20:36:21.748000+00:00
1795,10033,hadjar,6,22,22.115,22.115,2025-05-04T20:39:20.295000+00:00
1796,10033,ocon,31,23,23.162,23.162,2025-05-04T20:40:53.467000+00:00
1797,10033,antonelli,12,25,24.383,24.383,2025-05-04T20:43:43.128000+00:00
1798,10033,sainz,55,25,22.415,22.415,2025-05-04T20:43:47.326000+00:00
1799,10033,max_verstappen,1,26,22.501,22.501,2025-05-04T20:45:11.303000+00:00
1800,10033,albon,23,26,21.906,21.906,2025-05-04T20:45:15.024000+00:00
1801,10033,tsunoda,22,27,22.56,22.56,2025-05-04T20:46:56.575000+00:00
1802,10033,hamilton,44,28,23.104,23.104,2025-05-04T20:48:37.887000+00:00
1803,10033,alonso,14,28,23.602,23.602,2025-05-04T20:49:02.324000+00:00
1804,10033,lawson,30,28,22.439,22.439,2025-05-04T20:49:36.837000+00:00
1805,10033,piastri,81,29,22.106,22.106,2025-05-04T20:49:50.673000+00:00
1806,10033,norris,4,29,22.044,22.044,2025-05-04T20:50:02.131000+00:00
1807,10033,russell,63,29,24.257,24.257,2025-05-04T20:50:24.094000+00:00
1808,10033,leclerc,16,29,22.183,22.183,2025-05-04T20:50:32.175000+00:00
1809,10033,gasly,10,32,22.06,22.06,2025-05-04T20:55:38.007000+00:00
1810,10033,hulkenberg,27,36,22.108,22.108,2025-05-04T21:02:11.272000+00:00
1811,9987,ocon,31,1,30.506,30.506,2025-05-18T13:05:35.954000+00:00
1812,9987,gasly,10,9,31.488,31.488,2025-05-18T13:16:32.985000+00:00
1813,9987,leclerc,16,10,29.634,29.634,2025-05-18T13:17:48.791000+00:00
1814,9987,lawson,30,10,29.695,29.695,2025-05-18T13:17:54.304000+00:00
1815,9987,russell,63,11,29.784,29.784,2025-05-18T13:19:09.863000+00:00
1816,9987,sainz,55,11,30.08,30.08,2025-05-18T13:19:11.457000+00:00
1817,9987,alonso,14,12,30.163,30.163,2025-05-18T13:20:32.826000+00:00
1818,9987,bortoleto,5,12,30.906,30.906,2025-05-18T13:20:40.339000+00:00
1819,9987,piastri,81,13,30.973,30.973,2025-05-18T13:21:45.574000+00:00
1820,9987,stroll,18,14,31.218,31.218,2025-05-18T13:23:21.071000+00:00
1821,9987,colapinto,43,22,30.317,30.317,2025-05-18T13:34:31.375000+00:00
1822,9987,norris,4,28,29.513,29.513,2025-05-18T13:42:09.669000+00:00
1823,9987,max_verstappen,1,29,29.991,29.991,2025-05-18T13:43:28.454000+00:00
1824,9987,albon,23,29,30.471,30.471,2025-05-18T13:44:04.660000+00:00
1825,9987,hadjar,6,29,30.123,30.123,2025-05-18T13:44:16.270000+00:00
1826,9987,antonelli,12,29,30.051,30.051,2025-05-18T13:44:16.613000+00:00
1827,9987,hamilton,44,29,29.949,29.949,2025-05-18T13:44:16.991000+00:00
1828,9987,leclerc,16,29,31.898,31.898,2025-05-18T13:44:24.145000+00:00
1829,9987,hulkenberg,27,29,30.184,30.184,2025-05-18T13:44:27.364000+00:00
1830,9987,russell,63,29,30.754,30.754,2025-05-18T13:44:30.255000+00:00
1831,9987,bearman,87,29,31.414,31.414,2025-05-18T13:44:30.614000+00:00
1832,9987,tsunoda,22,29,29.807,29.807,2025-05-18T13:44:36.052000+00:00
1833,9987,sainz,55,29,30.635,30.635,2025-05-18T13:44:37.333000+00:00
1834,9987,gasly,10,29,32.003,32.003,2025-05-18T13:44:52.195000+00:00
1835,9987,lawson,30,29,30.291,30.291,2025-05-18T13:44:53.898000+00:00
1836,9987,bortoleto,5,29,30.605,30.605,2025-05-18T13:44:56.898000+00:00
1837,9987,piastri,81,30,30.609,30.609,2025-05-18T13:46:06.139000+00:00
1838,9987,bearman,87,31,56.757,56.757,2025-05-18T13:48:38.350000+00:00
1839,9987,max_verstappen,1,46,29.657,29.657,2025-05-18T14:07:31.467000+00:00
1840,9987,norris,4,46,31.675,31.675,2025-05-18T14:08:00.101000+00:00
1841,9987,hamilton,44,46,29.95,29.95,2025-05-18T14:08:32.132000+00:00
1842,9987,hadjar,6,46,30.096,30.096,2025-05-18T14:08:41.836000+00:00
1843,9987,alonso,14,46,30.886,30.886,2025-05-18T14:09:17.721000+00:00
1844,9987,stroll,18,46,34.496,34.496,2025-05-18T14:09:24.776000+00:00
1845,9987,colapinto,43,46,31.107,31.107,2025-05-18T14:09:28.081000+00:00
1846,9987,bortoleto,5,46,29.917,29.917,2025-05-18T14:09:30.819000+00:00
1847,9987,albon,23,47,29.786,29.786,2025-05-18T14:10:16.509000+00:00
1848,9979,tsunoda,22,1,24.525,24.525,2025-05-25T13:05:00.714000+00:00
1849,9979,gasly,10,1,24.376,24.376,2025-05-25T13:05:02.483000+00:00
1850,9979,bearman,87,1,50.191,50.191,2025-05-25T13:05:30.195000+00:00
1851,9979,bortoleto,5,1,37.243,37.243,2025-05-25T13:05:35.820000+00:00
1852,9979,hulkenberg,27,12,24.065,24.065,2025-05-25T13:21:04.879000+00:00
1853,9979,colapinto,43,13,24.355,24.355,2025-05-25T13:22:26.270000+00:00
1854,9979,hadjar,6,14,24.311,24.311,2025-05-25T13:23:19.864000+00:00
1855,9979,alonso,14,16,25.375,25.375,2025-05-25T13:25:54.877000+00:00
1856,9979,ocon,31,16,25.575,25.575,2025-05-25T13:26:00.002000+00:00
1857,9979,stroll,18,17,23.978,23.978,2025-05-25T13:27:46.469000+00:00
1858,9979,bearman,87,17,24.58,24.58,2025-05-25T13:27:48.411000+00:00
1859,9979,hamilton,44,18,23.565,23.565,2025-05-25T13:28:25.231000+00:00
1860,9979,norris,4,19,24.545,24.545,2025-05-25T13:29:25.731000+00:00
1861,9979,hadjar,6,19,24.031,24.031,2025-05-25T13:30:02.482000+00:00
1862,9979,piastri,81,20,25.756,25.756,2025-05-25T13:30:48.575000+00:00
1863,9979,leclerc,16,22,23.576,23.576,2025-05-25T13:33:15.011000+00:00
1864,9979,bortoleto,5,26,24.483,24.483,2025-05-25T13:39:33.903000+00:00
1865,9979,colapinto,43,26,24.497,24.497,2025-05-25T13:39:35.090000+00:00
1866,9979,max_verstappen,1,28,24.114,24.114,2025-05-25T13:40:54.216000+00:00
1867,9979,ocon,31,28,24.773,24.773,2025-05-25T13:41:44.900000+00:00
1868,9979,lawson,30,31,24.206,24.206,2025-05-25T13:45:47.184000+00:00
1869,9979,albon,23,32,23.927,23.927,2025-05-25T13:47:05.165000+00:00
1870,9979,bortoleto,5,35,24.246,24.246,2025-05-25T13:51:32.327000+00:00
1871,9979,lawson,30,40,24.32,24.32,2025-05-25T13:57:37.401000+00:00
1872,9979,albon,23,40,24.19,24.19,2025-05-25T13:57:39.323000+00:00
1873,9979,hulkenberg,27,44,24.397,24.397,2025-05-25T14:03:16.358000+00:00
1874,9979,piastri,81,48,23.908,23.908,2025-05-25T14:06:10.466000+00:00
1875,9979,leclerc,16,49,23.678,23.678,2025-05-25T14:07:17.044000+00:00
1876,9979,sainz,55,48,24.498,24.498,2025-05-25T14:08:10.982000+00:00
1877,9979,norris,4,50,23.704,23.704,2025-05-25T14:08:27.170000+00:00
1878,9979,sainz,55,53,24.049,24.049,2025-05-25T14:14:45.772000+00:00
1879,9979,russell,63,53,19.4,19.4,2025-05-25T14:14:47.147000+00:00
1880,9979,hamilton,44,56,24.256,24.256,2025-05-25T14:16:41.123000+00:00
1881,9979,russell,63,62,25.063,25.063,2025-05-25T14:26:38.027000+00:00
1882,9979,stroll,18,64,25.916,25.916,2025-05-25T14:29:40.406000+00:00
1883,9979,russell,63,68,24.025,24.025,2025-05-25T14:34:22.421000+00:00
1884,9979,antonelli,12,69,24.457,24.457,2025-05-25T14:36:00.507000+00:00
1885,9979,antonelli,12,71,24.837,24.837,2025-05-25T14:38:51.533000+00:00
1886,9979,tsunoda,22,73,24.086,24.086,2025-05-25T14:41:05.576000+00:00
1887,9979,max_verstappen,1,77,23.95,23.95,2025-05-25T14:42:47.010000+00:00
1888,9971,albon,23,6,30.823,30.823,2025-06-01T13:12:13.654000+00:00
1889,9971,bearman,87,8,22.009,22.009,2025-06-01T13:14:49.875000+00:00
1890,9971,tsunoda,22,8,21.868,21.868,2025-06-01T13:19:35.821000+00:00
1891,9971,hulkenberg,27,9,22.233,22.233,2025-06-01T13:16:07.039000+00:00
1892,9971,sainz,55,9,30.547,30.547,2025-06-01T13:16:24.654000+00:00
1893,9971,gasly,10,10,22.224,22.224,2025-06-01T13:17:27.032000+00:00
1894,9971,max_verstappen,1,13,21.869,21.869,2025-06-01T13:21:17.088000+00:00
1895,9971,colapinto,43,14,22.491,22.491,2025-06-01T13:23:12.878000+00:00
1896,9971,alonso,14,15,22.782,22.782,2025-06-01T13:24:35.450000+00:00
1897,9971,hamilton,44,16,21.957,21.957,2025-06-01T13:25:31.587000+00:00
1898,9971,leclerc,16,17,21.863,21.863,2025-06-01T13:26:50.882000+00:00
1899,9971,lawson,30,18,22.039,22.039,2025-06-01T13:28:34.699000+00:00
1900,9971,hadjar,6,19,21.769,21.769,2025-06-01T13:29:48.856000+00:00
1901,9971,bortoleto,5,19,22.041,22.041,2025-06-01T13:30:07.914000+00:00
1902,9971,russell,63,20,21.739,21.739,2025-06-01T13:31:01.089000+00:00
1903,9971,ocon,31,20,22.554,22.554,2025-06-01T13:31:32.319000+00:00
1904,9971,norris,4,21,22.454,22.454,2025-06-01T13:32:04.917000+00:00
1905,9971,antonelli,12,21,22.234,22.234,2025-06-01T13:32:28.543000+00:00
1906,9971,piastri,81,22,21.858,21.858,2025-06-01T13:33:20.042000+00:00
1907,9971,tsunoda,22,24,22.056,22.056,2025-06-01T13:37:05.525000+00:00
1908,9971,albon,23,26,37.674,37.674,2025-06-01T13:40:13.803000+00:00
1909,9971,max_verstappen,1,29,21.933,21.933,2025-06-01T13:42:59.372000+00:00
1910,9971,gasly,10,31,22.006,22.006,2025-06-01T13:46:33.982000+00:00
1911,9971,sainz,55,34,22.346,22.346,2025-06-01T13:50:52.991000+00:00
1912,9971,bearman,87,35,22.27,22.27,2025-06-01T13:52:07.362000+00:00
1913,9971,leclerc,16,40,21.893,21.893,2025-06-01T13:57:58.470000+00:00
1914,9971,colapinto,43,39,22.119,22.119,2025-06-01T13:58:06.002000+00:00
1915,9971,russell,63,41,21.752,21.752,2025-06-01T13:59:29.893000+00:00
1916,9971,alonso,14,42,22.242,22.242,2025-06-01T14:01:40.017000+00:00
1917,9971,ocon,31,43,22.468,22.468,2025-06-01T14:03:11.902000+00:00
1918,9971,lawson,30,44,22.127,22.127,2025-06-01T14:04:16.481000+00:00
1919,9971,tsunoda,22,44,21.822,21.822,2025-06-01T14:04:32.386000+00:00
1920,9971,hulkenberg,27,45,21.849,21.849,2025-06-01T14:05:29.605000+00:00
1921,9971,hamilton,44,46,24.416,24.416,2025-06-01T14:06:15.959000+00:00
1922,9971,max_verstappen,1,47,21.802,21.802,2025-06-01T14:07:10.374000+00:00
1923,9971,norris,4,48,21.863,21.863,2025-06-01T14:08:26.277000+00:00
1924,9971,hadjar,6,48,22.019,22.019,2025-06-01T14:09:20.535000+00:00
1925,9971,piastri,81,49,21.838,21.838,2025-06-01T14:09:39.403000+00:00
1926,9971,antonelli,12,49,23.457,23.457,2025-06-01T14:10:32.650000+00:00
1927,9971,bortoleto,5,49,22.953,22.953,2025-06-01T14:11:18.414000+00:00
1928,9971,piastri,81,55,22.748,22.748,2025-06-01T14:18:02.898000+00:00
1929,9971,norris,4,55,23.562,23.562,2025-06-01T14:18:08.762000+00:00
1930,9971,max_verstappen,1,55,22.197,22.197,2025-06-01T14:18:11.362000+00:00
1931,9971,alonso,14,54,22.216,22.216,2025-06-01T14:18:20.041000+00:00
1932,9971,bearman,87,54,22.765,22.765,2025-06-01T14:18:23.590000+00:00
1933,9971,tsunoda,22,54,22.283,22.283,2025-06-01T14:18:27.128000+00:00
1934,9971,leclerc,16,55,22.383,22.383,2025-06-01T14:18:34.491000+00:00
1935,9971,russell,63,55,23.167,23.167,2025-06-01T14:18:39.415000+00:00
1936,9971,hamilton,44,55,22.83,22.83,2025-06-01T14:18:50.955000+00:00
1937,9971,colapinto,43,54,21.874,21.874,2025-06-01T14:19:00.832000+00:00
1938,9971,hadjar,6,55,21.841,21.841,2025-06-01T14:19:35.767000+00:00
1939,9971,gasly,10,55,22.818,22.818,2025-06-01T14:20:05.783000+00:00
1940,9971,sainz,55,55,21.984,21.984,2025-06-01T14:20:33.319000+00:00
1941,9971,hulkenberg,27,56,21.904,21.904,2025-06-01T14:21:28.036000+00:00
1942,9963,max_verstappen,1,12,23.604,23.604,2025-06-15T18:18:46.909000+00:00
1943,9963,russell,63,13,23.231,23.231,2025-06-15T18:20:00.568000+00:00
1944,9963,hadjar,6,13,24.13,24.13,2025-06-15T18:20:28.381000+00:00
1945,9963,antonelli,12,14,23.32,23.32,2025-06-15T18:21:22.053000+00:00
1946,9963,colapinto,43,14,24.735,24.735,2025-06-15T18:21:42.506000+00:00
1947,9963,hamilton,44,15,23.604,23.604,2025-06-15T18:22:45.572000+00:00
1948,9963,alonso,14,15,24.021,24.021,2025-06-15T18:22:54.213000+00:00
1949,9963,piastri,81,16,23.245,23.245,2025-06-15T18:23:58.495000+00:00
1950,9963,bearman,87,18,23.562,23.562,2025-06-15T18:27:00.309000+00:00
1951,9963,hulkenberg,27,19,23.476,23.476,2025-06-15T18:28:08.403000+00:00
1952,9963,albon,23,23,23.898,23.898,2025-06-15T18:33:34.193000+00:00
1953,9963,stroll,18,24,23.742,23.742,2025-06-15T18:34:50.901000+00:00
1954,9963,leclerc,16,28,23.36,23.36,2025-06-15T18:39:19.256000+00:00
1955,9963,norris,4,29,23.223,23.223,2025-06-15T18:40:32.682000+00:00
1956,9963,max_verstappen,1,37,23.121,23.121,2025-06-15T18:50:44.061000+00:00
1957,9963,antonelli,12,38,23.416,23.416,2025-06-15T18:52:00.218000+00:00
1958,9963,lawson,30,38,23.28,23.28,2025-06-15T18:52:59.709000+00:00
1959,9963,russell,63,42,24.262,24.262,2025-06-15T18:56:57.358000+00:00
1960,9963,piastri,81,45,23.174,23.174,2025-06-15T19:00:51.238000+00:00
1961,9963,hamilton,44,45,23.338,23.338,2025-06-15T19:01:17.519000+00:00
1962,9963,norris,4,47,23.471,23.471,2025-06-15T19:03:25.680000+00:00
1963,9963,bortoleto,5,49,23.715,23.715,2025-06-15T19:07:07.635000+00:00
1964,9963,alonso,14,50,23.409,23.409,2025-06-15T19:07:59.919000+00:00
1965,9963,stroll,18,51,34.742,34.742,2025-06-15T19:09:55.498000+00:00
1966,9963,leclerc,16,53,23.859,23.859,2025-06-15T19:11:03.280000+00:00
1967,9963,gasly,10,53,23.987,23.987,2025-06-15T19:12:18.953000+00:00
1968,9963,tsunoda,22,56,25.178,25.178,2025-06-15T19:15:57.626000+00:00
1969,9963,ocon,31,57,24.452,24.452,2025-06-15T19:17:03.230000+00:00
1970,9963,sainz,55,57,23.269,23.269,2025-06-15T19:17:07.152000+00:00
1971,9963,alonso,14,66,18.2,18.2,2025-06-15T19:28:33.451000+00:00
1972,9963,hulkenberg,27,66,18.2,18.2,2025-06-15T19:28:37.654000+00:00
1973,9963,russell,63,67,18.2,18.2,2025-06-15T19:28:41.123000+00:00
1974,9963,max_verstappen,1,67,18.2,18.2,2025-06-15T19:28:43.779000+00:00
1975,9963,antonelli,12,67,18.2,18.2,2025-06-15T19:28:46.904000+00:00
1976,9963,ocon,31,66,18.2,18.2,2025-06-15T19:28:54.639000+00:00
1977,9963,sainz,55,66,18.2,18.2,2025-06-15T19:28:55.248000+00:00
1978,9963,piastri,81,67,26.385,26.385,2025-06-15T19:28:56.092000+00:00
1979,9963,leclerc,16,67,18.3,18.3,2025-06-15T19:29:14.030000+00:00
1980,9963,bearman,87,66,27.985,27.985,2025-06-15T19:29:16.967000+00:00
1981,9963,tsunoda,22,66,18.2,18.2,2025-06-15T19:29:19.201000+00:00
1982,9963,colapinto,43,66,18.1,18.1,2025-06-15T19:29:21.748000+00:00
1983,9963,bortoleto,5,66,18.2,18.2,2025-06-15T19:29:22.670000+00:00
1984,9963,gasly,10,66,18.2,18.2,2025-06-15T19:29:26.092000+00:00
1985,9963,hadjar,6,66,23.693,23.693,2025-06-15T19:29:32.417000+00:00
1986,9963,stroll,18,66,23.772,23.772,2025-06-15T19:29:35.126000+00:00
1987,9963,hamilton,44,67,18.2,18.2,2025-06-15T19:29:45.861000+00:00
1988,9963,alonso,14,67,18.1,18.1,2025-06-15T19:30:27.190000+00:00
1989,9963,hulkenberg,27,67,18.2,18.2,2025-06-15T19:30:30.052000+00:00
1990,9963,russell,63,68,19.4,19.4,2025-06-15T19:30:47.996000+00:00
1991,9963,max_verstappen,1,68,19.2,19.2,2025-06-15T19:30:49.058000+00:00
1992,9963,antonelli,12,68,18.9,18.9,2025-06-15T19:30:50.277000+00:00
1993,9963,ocon,31,67,18.2,18.2,2025-06-15T19:30:51.777000+00:00
1994,9963,sainz,55,67,18.1,18.1,2025-06-15T19:30:52.730000+00:00
1995,9963,piastri,81,68,18.2,18.2,2025-06-15T19:30:53.949000+00:00
1996,9963,leclerc,16,68,18.2,18.2,2025-06-15T19:31:08.887000+00:00
1997,9963,bearman,87,67,18.2,18.2,2025-06-15T19:31:13.668000+00:00
1998,9963,tsunoda,22,67,18.2,18.2,2025-06-15T19:31:16.491000+00:00
1999,9963,colapinto,43,67,18.1,18.1,2025-06-15T19:31:18.654000+00:00
2000,9963,bortoleto,5,67,18.2,18.2,2025-06-15T19:31:20.346000+00:00
2001,9963,gasly,10,67,18.2,18.2,2025-06-15T19:31:21.526000+00:00
2002,9963,hadjar,6,67,18.2,18.2,2025-06-15T19:31:27.900000+00:00
2003,9963,stroll,18,67,18.2,18.2,2025-06-15T19:31:30.993000+00:00
2004,9963,hamilton,44,68,18.2,18.2,2025-06-15T19:31:36.447000+00:00
2005,9963,alonso,14,68,18.2,18.2,2025-06-15T19:32:06.587000+00:00
2006,9963,hulkenberg,27,68,18.3,18.3,2025-06-15T19:32:09.150000+00:00
2007,9963,russell,63,69,18.2,18.2,2025-06-15T19:32:51.728000+00:00
2008,9963,max_verstappen,1,69,18.3,18.3,2025-06-15T19:32:52.760000+00:00
2009,9963,antonelli,12,69,18.2,18.2,2025-06-15T19:32:53.900000+00:00
2010,9963,ocon,31,68,18.2,18.2,2025-06-15T19:32:55.228000+00:00
2011,9963,sainz,55,68,18.1,18.1,2025-06-15T19:32:56.228000+00:00
2012,9963,piastri,81,69,18.2,18.2,2025-06-15T19:32:57.822000+00:00
2013,9963,leclerc,16,69,18.2,18.2,2025-06-15T19:32:59.650000+00:00
2014,9963,bearman,87,68,18.2,18.2,2025-06-15T19:33:00.697000+00:00
2015,9963,tsunoda,22,68,18.2,18.2,2025-06-15T19:33:02.791000+00:00
2016,9963,colapinto,43,68,18.1,18.1,2025-06-15T19:33:04.510000+00:00
2017,9963,bortoleto,5,68,18.2,18.2,2025-06-15T19:33:06.244000+00:00
2018,9963,gasly,10,68,18.2,18.2,2025-06-15T19:33:08.260000+00:00
2019,9963,hadjar,6,68,18.2,18.2,2025-06-15T19:33:10.916000+00:00
2020,9963,stroll,18,68,18.2,18.2,2025-06-15T19:33:13.025000+00:00
2021,9963,hamilton,44,69,18.2,18.2,2025-06-15T19:33:14.229000+00:00
2022,9963,alonso,14,69,18.2,18.2,2025-06-15T19:33:43.135000+00:00
2023,9963,hulkenberg,27,69,18.3,18.3,2025-06-15T19:33:46.010000+00:00
2024,9955,hadjar,6,2,21.297,21.297,2025-06-29T13:21:58.785000+00:00
2025,9955,bearman,87,11,21.91,21.91,2025-06-29T13:33:15.023000+00:00
2026,9955,gasly,10,12,21.959,21.959,2025-06-29T13:34:25.507000+00:00
2027,9955,hulkenberg,27,12,21.236,21.236,2025-06-29T13:34:29.788000+00:00
2028,9955,albon,23,13,21.21,21.21,2025-06-29T13:35:33.152000+00:00
2029,9955,colapinto,43,13,23.038,23.038,2025-06-29T13:35:43.334000+00:00
2030,9955,russell,63,18,21.344,21.344,2025-06-29T13:41:30.636000+00:00
2031,9955,tsunoda,22,18,21.492,21.492,2025-06-29T13:41:42.896000+00:00
2032,9955,ocon,31,19,23.188,23.188,2025-06-29T13:42:53.542000+00:00
2033,9955,norris,4,20,22.131,22.131,2025-06-29T13:43:35.564000+00:00
2034,9955,bortoleto,5,21,21.676,21.676,2025-06-29T13:45:08.630000+00:00
2035,9955,piastri,81,24,22.599,22.599,2025-06-29T13:48:21.332000+00:00
2036,9955,leclerc,16,25,21.308,21.308,2025-06-29T13:49:38.562000+00:00
2037,9955,hamilton,44,26,21.287,21.287,2025-06-29T13:50:52.763000+00:00
2038,9955,stroll,18,26,22.907,22.907,2025-06-29T13:51:27.716000+00:00
2039,9955,hadjar,6,28,21.68,21.68,2025-06-29T13:53:45.441000+00:00
2040,9955,tsunoda,22,30,30.0,30.0,2025-06-29T13:56:28.687000+00:00
2041,9955,lawson,30,32,21.434,21.434,2025-06-29T13:58:21.124000+00:00
2042,9955,alonso,14,33,21.865,21.865,2025-06-29T13:59:35.606000+00:00
2043,9955,gasly,10,38,22.105,22.105,2025-06-29T14:05:48.294000+00:00
2044,9955,bearman,87,39,21.771,21.771,2025-06-29T14:06:55.950000+00:00
2045,9955,colapinto,43,39,21.087,21.087,2025-06-29T14:07:09.171000+00:00
2046,9955,hulkenberg,27,42,21.045,21.045,2025-06-29T14:10:20.552000+00:00
2047,9955,russell,63,45,21.854,21.854,2025-06-29T14:13:44.466000+00:00
2048,9955,leclerc,16,49,21.536,21.536,2025-06-29T14:17:56.986000+00:00
2049,9955,bortoleto,5,49,21.286,21.286,2025-06-29T14:18:32.536000+00:00
2050,9955,hamilton,44,50,21.158,21.158,2025-06-29T14:19:16.051000+00:00
2051,9955,ocon,31,50,22.284,22.284,2025-06-29T14:19:50.397000+00:00
2052,9955,norris,4,52,21.427,21.427,2025-06-29T14:21:10.318000+00:00
2053,9955,piastri,81,53,21.033,21.033,2025-06-29T14:22:22.916000+00:00
2054,9955,stroll,18,53,21.763,21.763,2025-06-29T14:23:47.998000+00:00
2055,9955,tsunoda,22,60,32.643,32.643,2025-06-29T14:32:24.688000+00:00
2056,9947,antonelli,12,2,28.721,28.721,2025-07-06T14:08:17.498000+00:00
2057,9947,stroll,18,6,29.125,29.125,2025-07-06T14:16:33.376000+00:00
2058,9947,hulkenberg,27,9,29.736,29.736,2025-07-06T14:22:11.077000+00:00
2059,9947,antonelli,12,9,28.707,28.707,2025-07-06T14:22:24.173000+00:00
2060,9947,stroll,18,10,28.853,28.853,2025-07-06T14:23:53.899000+00:00
2061,9947,russell,63,10,28.647,28.647,2025-07-06T14:23:59.805000+00:00
2062,9947,leclerc,16,10,29.089,29.089,2025-07-06T14:24:06.524000+00:00
2063,9947,hadjar,6,10,28.523,28.523,2025-07-06T14:24:11.518000+00:00
2064,9947,bearman,87,10,29.201,29.201,2025-07-06T14:24:14.486000+00:00
2065,9947,piastri,81,11,29.491,29.491,2025-07-06T14:25:25.048000+00:00
2066,9947,max_verstappen,1,11,28.182,28.182,2025-07-06T14:25:32.725000+00:00
2067,9947,norris,4,11,30.63,30.63,2025-07-06T14:25:33.734000+00:00
2068,9947,hamilton,44,11,28.917,28.917,2025-07-06T14:25:42.487000+00:00
2069,9947,gasly,10,11,28.912,28.912,2025-07-06T14:25:43.534000+00:00
2070,9947,alonso,14,11,28.707,28.707,2025-07-06T14:25:44.440000+00:00
2071,9947,sainz,55,11,29.554,29.554,2025-07-06T14:25:46.815000+00:00
2072,9947,tsunoda,22,11,28.544,28.544,2025-07-06T14:25:59.565000+00:00
2073,9947,albon,23,12,29.251,29.251,2025-07-06T14:27:41.561000+00:00
2074,9947,ocon,31,18,29.562,29.562,2025-07-06T14:42:15.259000+00:00
2075,9947,antonelli,12,20,29.728,29.728,2025-07-06T14:47:35.833000+00:00
2076,9947,alonso,14,37,28.534,28.534,2025-07-06T15:18:04.337000+00:00
2077,9947,russell,63,38,28.205,28.205,2025-07-06T15:19:45.200000+00:00
2078,9947,hamilton,44,41,29.127,29.127,2025-07-06T15:24:34.802000+00:00
2079,9947,stroll,18,41,28.5,28.5,2025-07-06T15:24:46.957000+00:00
2080,9947,max_verstappen,1,41,29.6,29.6,2025-07-06T15:24:51.692000+00:00
2081,9947,gasly,10,41,28.4,28.4,2025-07-06T15:24:52.755000+00:00
2082,9947,sainz,55,41,28.6,28.6,2025-07-06T15:25:01.917000+00:00
2083,9947,bearman,87,41,29.0,29.0,2025-07-06T15:25:03.733000+00:00
2084,9947,tsunoda,22,41,40.1,40.1,2025-07-06T15:25:39.003000+00:00
2085,9947,hulkenberg,27,42,29.952,29.952,2025-07-06T15:26:13.413000+00:00
2086,9947,leclerc,16,42,28.84,28.84,2025-07-06T15:26:39.555000+00:00
2087,9947,albon,23,42,29.2,29.2,2025-07-06T15:26:43.790000+00:00
2088,9947,ocon,31,42,28.646,28.646,2025-07-06T15:26:45.946000+00:00
2089,9947,piastri,81,43,40.28,40.28,2025-07-06T15:27:27.684000+00:00
2090,9947,norris,4,44,28.214,28.214,2025-07-06T15:28:57.318000+00:00
2091,9939,hamilton,44,11,23.284,23.284,2025-07-27T14:46:51.232000+00:00
2092,9939,hulkenberg,27,11,23.599,23.599,2025-07-27T14:46:55.195000+00:00
2093,9939,gasly,10,11,26.825,26.825,2025-07-27T14:46:57.838000+00:00
2094,9939,alonso,14,11,23.404,23.404,2025-07-27T14:46:58.342000+00:00
2095,9939,piastri,81,12,23.844,23.844,2025-07-27T14:48:23.686000+00:00
2096,9939,leclerc,16,12,23.806,23.806,2025-07-27T14:48:33.936000+00:00
2097,9939,max_verstappen,1,12,25.913,25.913,2025-07-27T14:48:36.639000+00:00
2098,9939,russell,63,12,23.635,23.635,2025-07-27T14:48:38.404000+00:00
2099,9939,albon,23,12,24.029,24.029,2025-07-27T14:48:40.404000+00:00
2100,9939,lawson,30,12,23.269,23.269,2025-07-27T14:48:46.326000+00:00
2101,9939,bortoleto,5,12,23.274,23.274,2025-07-27T14:48:48.514000+00:00
2102,9939,bearman,87,12,24.13,24.13,2025-07-27T14:48:50.448000+00:00
2103,9939,colapinto,43,12,23.665,23.665,2025-07-27T14:48:58.204000+00:00
2104,9939,antonelli,12,12,23.609,23.609,2025-07-27T14:49:01.423000+00:00
2105,9939,stroll,18,12,23.787,23.787,2025-07-27T14:49:02.220000+00:00
2106,9939,sainz,55,12,27.528,27.528,2025-07-27T14:49:03.120000+00:00
2107,9939,norris,4,13,24.376,24.376,2025-07-27T14:50:23.650000+00:00
2108,9939,tsunoda,22,13,23.33,23.33,2025-07-27T14:50:46.228000+00:00
2109,9939,hadjar,6,13,23.58,23.58,2025-07-27T14:50:48.009000+00:00
2110,9939,ocon,31,13,23.802,23.802,2025-07-27T14:50:58.918000+00:00
2111,9939,hadjar,6,20,23.376,23.376,2025-07-27T15:04:04.883000+00:00
2112,9939,sainz,55,26,23.77,23.77,2025-07-27T15:14:55.941000+00:00
2113,9939,colapinto,43,28,23.449,23.449,2025-07-27T15:18:31.792000+00:00
2114,9939,alonso,14,29,23.692,23.692,2025-07-27T15:20:11.108000+00:00
2115,9939,antonelli,12,30,23.059,23.059,2025-07-27T15:21:56.569000+00:00
2116,9939,hulkenberg,27,32,23.89,23.89,2025-07-27T15:25:26.166000+00:00
2117,9928,hulkenberg,27,5,21.5,21.5,2025-08-03T13:10:42.523000+00:00
2118,9928,colapinto,43,13,30.248,30.248,2025-08-03T13:22:01.414000+00:00
2119,9928,albon,23,14,21.345,21.345,2025-08-03T13:23:14.814000+00:00
2120,9928,ocon,31,14,22.444,22.444,2025-08-03T13:23:15.143000+00:00
2121,9928,sainz,55,15,21.67,21.67,2025-08-03T13:24:35.579000+00:00
2122,9928,max_verstappen,1,17,21.433,21.433,2025-08-03T13:27:14.953000+00:00
2123,9928,piastri,81,18,21.145,21.145,2025-08-03T13:28:15.303000+00:00
2124,9928,leclerc,16,19,21.13,21.13,2025-08-03T13:29:34.867000+00:00
2125,9928,russell,63,19,21.703,21.703,2025-08-03T13:29:41.506000+00:00
2126,9928,tsunoda,22,20,21.295,21.295,2025-08-03T13:31:41.726000+00:00
2127,9928,antonelli,12,21,22.328,22.328,2025-08-03T13:32:58.761000+00:00
2128,9928,bearman,87,30,21.754,21.754,2025-08-03T13:45:32.129000+00:00
2129,9928,norris,4,31,20.94,20.94,2025-08-03T13:46:07.537000+00:00
2130,9928,gasly,10,32,21.699,21.699,2025-08-03T13:48:23.595000+00:00
2131,9928,hadjar,6,33,21.096,21.096,2025-08-03T13:49:42.725000+00:00
2132,9928,colapinto,43,35,26.28,26.28,2025-08-03T13:52:42.991000+00:00
2133,9928,stroll,18,36,21.464,21.464,2025-08-03T13:53:38.463000+00:00
2134,9928,tsunoda,22,37,21.541,21.541,2025-08-03T13:55:26.296000+00:00
2135,9928,albon,23,38,22.726,22.726,2025-08-03T13:56:46.767000+00:00
2136,9928,alonso,14,39,22.204,22.204,2025-08-03T13:57:35.927000+00:00
2137,9928,leclerc,16,40,21.136,21.136,2025-08-03T13:58:22.592000+00:00
2138,9928,bortoleto,5,40,21.773,21.773,2025-08-03T13:59:03.655000+00:00
2139,9928,lawson,30,40,22.136,22.136,2025-08-03T13:59:09.858000+00:00
2140,9928,hulkenberg,27,41,28.7,28.7,2025-08-03T14:00:56.554000+00:00
2141,9928,hamilton,44,42,21.15,21.15,2025-08-03T14:02:07.096000+00:00
2142,9928,russell,63,43,21.45,21.45,2025-08-03T14:02:38.276000+00:00
2143,9928,piastri,81,45,20.94,20.94,2025-08-03T14:05:10.901000+00:00
2144,9928,max_verstappen,1,48,21.258,21.258,2025-08-03T14:10:05.385000+00:00
2145,9928,sainz,55,51,21.423,21.423,2025-08-03T14:14:40.796000+00:00
2146,9920,stroll,18,8,17.561,17.561,2025-08-31T13:14:08.910000+00:00
2147,9920,alonso,14,18,17.417,17.417,2025-08-31T13:26:54.464000+00:00
2148,9920,tsunoda,22,19,18.348,18.348,2025-08-31T13:28:11.388000+00:00
2149,9920,colapinto,43,19,17.986,17.986,2025-08-31T13:28:15.263000+00:00
2150,9920,hulkenberg,27,19,17.602,17.602,2025-08-31T13:28:15.588000+00:00
2151,9920,leclerc,16,22,17.081,17.081,2025-08-31T13:31:42.364000+00:00
2152,9920,bortoleto,5,22,17.908,17.908,2025-08-31T13:32:12.034000+00:00
2153,9920,piastri,81,23,17.375,17.375,2025-08-31T13:32:42.802000+00:00
2154,9920,norris,4,23,20.042,20.042,2025-08-31T13:32:50.571000+00:00
2155,9920,max_verstappen,1,23,18.74,18.74,2025-08-31T13:33:08.690000+00:00
2156,9920,hadjar,6,23,17.414,17.414,2025-08-31T13:33:10.759000+00:00
2157,9920,russell,63,23,18.832,18.832,2025-08-31T13:33:15.415000+00:00
2158,9920,lawson,30,23,17.549,17.549,2025-08-31T13:33:26.707000+00:00
2159,9920,sainz,55,23,17.67,17.67,2025-08-31T13:33:27.973000+00:00
2160,9920,albon,23,23,19.692,19.692,2025-08-31T13:33:36.849000+00:00
2161,9920,antonelli,12,23,17.476,17.476,2025-08-31T13:33:38.078000+00:00
2162,9920,gasly,10,23,19.223,19.223,2025-08-31T13:33:46.306000+00:00
2163,9920,lawson,30,27,22.209,22.209,2025-08-31T13:41:04.116000+00:00
2164,9920,sainz,55,27,29.443,29.443,2025-08-31T13:41:10.549000+00:00
2165,9920,alonso,14,40,17.949,17.949,2025-08-31T13:57:13.739000+00:00
2166,9920,antonelli,12,51,17.365,17.365,2025-08-31T14:10:41.425000+00:00
2167,9920,leclerc,16,52,17.042,17.042,2025-08-31T14:11:54.453000+00:00
2168,9920,sainz,55,51,30.34,30.34,2025-08-31T14:12:27.454000+00:00
2169,9920,stroll,18,52,17.598,17.598,2025-08-31T14:12:28.628000+00:00
2170,9920,ocon,31,52,18.27,18.27,2025-08-31T14:12:31.402000+00:00
2171,9920,piastri,81,53,18.589,18.589,2025-08-31T14:12:57.881000+00:00
2172,9920,norris,4,53,22.608,22.608,2025-08-31T14:13:05.704000+00:00
2173,9920,max_verstappen,1,53,18.261,18.261,2025-08-31T14:13:14.523000+00:00
2174,9920,hadjar,6,53,18.535,18.535,2025-08-31T14:13:18.898000+00:00
2175,9920,russell,63,53,17.344,17.344,2025-08-31T14:13:36.861000+00:00
2176,9920,albon,23,53,17.84,17.84,2025-08-31T14:13:40.892000+00:00
2177,9920,lawson,30,52,18.552,18.552,2025-08-31T14:13:57.375000+00:00
2178,9920,antonelli,12,53,21.3,21.3,2025-08-31T14:13:59.140000+00:00
2179,9920,bearman,87,53,18.622,18.622,2025-08-31T14:14:13.278000+00:00
2180,9920,tsunoda,22,53,18.147,18.147,2025-08-31T14:14:13.825000+00:00
2181,9920,colapinto,43,53,17.586,17.586,2025-08-31T14:14:23.235000+00:00
2182,9920,hulkenberg,27,53,17.944,17.944,2025-08-31T14:14:23.517000+00:00
2183,9920,bortoleto,5,60,17.491,17.491,2025-08-31T14:25:15.124000+00:00
2184,9920,colapinto,43,65,18.077,18.077,2025-08-31T14:31:49.153000+00:00
2185,9920,sainz,55,65,18.043,18.043,2025-08-31T14:32:08.359000+00:00
2186,9912,lawson,30,9,24.156,24.156,2025-09-07T13:16:53.530000+00:00
2187,9912,bearman,87,18,25.372,25.372,2025-09-07T13:29:32.907000+00:00
2188,9912,tsunoda,22,19,24.372,24.372,2025-09-07T13:30:55.654000+00:00
2189,9912,alonso,14,20,25.16,25.16,2025-09-07T13:32:17.708000+00:00
2190,9912,bortoleto,5,20,26.143,26.143,2025-09-07T13:32:18.150000+00:00
2191,9912,russell,63,27,25.021,25.021,2025-09-07T13:41:53.352000+00:00
2192,9912,antonelli,12,28,24.916,24.916,2025-09-07T13:43:27.992000+00:00
2193,9912,sainz,55,30,24.605,24.605,2025-09-07T13:46:20.012000+00:00
2194,9912,hadjar,6,32,24.326,24.326,2025-09-07T13:49:09.846000+00:00
2195,9912,leclerc,16,33,24.235,24.235,2025-09-07T13:50:04.888000+00:00
2196,9912,colapinto,43,33,24.971,24.971,2025-09-07T13:50:45.890000+00:00
2197,9912,max_verstappen,1,37,24.545,24.545,2025-09-07T13:55:17.647000+00:00
2198,9912,hamilton,44,38,23.971,23.971,2025-09-07T13:57:08.320000+00:00
2199,9912,albon,23,41,24.717,24.717,2025-09-07T14:01:27.096000+00:00
2200,9912,piastri,81,45,23.602,23.602,2025-09-07T14:06:26.957000+00:00
2201,9912,norris,4,46,27.498,27.498,2025-09-07T14:07:50.629000+00:00
2202,9912,gasly,10,49,25.012,25.012,2025-09-07T14:12:58.481000+00:00
2203,9912,stroll,18,49,38.418,38.418,2025-09-07T14:13:01.946000+00:00
2204,9912,ocon,31,51,30.754,30.754,2025-09-07T14:15:37.886000+00:00
2205,9904,ocon,31,1,20.691,20.691,2025-09-21T11:06:46.440000+00:00
2206,9904,albon,23,1,20.758,20.758,2025-09-21T11:06:49.890000+00:00
2207,9904,ocon,31,2,20.759,20.759,2025-09-21T11:09:33.338000+00:00
2208,9904,albon,23,15,20.489,20.489,2025-09-21T11:35:01.462000+00:00
2209,9904,colapinto,43,16,21.088,21.088,2025-09-21T11:36:47.589000+00:00
2210,9904,antonelli,12,18,20.669,20.669,2025-09-21T11:39:57.929000+00:00
2211,9904,leclerc,16,19,20.5,20.5,2025-09-21T11:41:48.078000+00:00
2212,9904,lawson,30,20,20.283,20.283,2025-09-21T11:43:29.987000+00:00
2213,9904,alonso,14,21,25.768,25.768,2025-09-21T11:45:39.568000+00:00
2214,9904,bortoleto,5,26,20.845,20.845,2025-09-21T11:54:26.724000+00:00
2215,9904,sainz,55,27,20.508,20.508,2025-09-21T11:55:46.106000+00:00
2216,9904,bearman,87,28,21.194,21.194,2025-09-21T11:58:15.827000+00:00
2217,9904,hadjar,6,29,20.294,20.294,2025-09-21T11:59:39.966000+00:00
2218,9904,gasly,10,35,21.5,21.5,2025-09-21T12:10:52.502000+00:00
2219,9904,hamilton,44,36,20.062,20.062,2025-09-21T12:11:50.527000+00:00
2220,9904,hulkenberg,27,36,19.97,19.97,2025-09-21T12:12:31.329000+00:00
2221,9904,norris,4,37,21.975,21.975,2025-09-21T12:13:29.850000+00:00
2222,9904,stroll,18,37,21.82,21.82,2025-09-21T12:14:16.997000+00:00
2223,9904,tsunoda,22,38,20.323,20.323,2025-09-21T12:15:11.802000+00:00
2224,9904,russell,63,39,19.809,19.809,2025-09-21T12:16:46.908000+00:00
2225,9904,max_verstappen,1,40,20.221,20.221,2025-09-21T12:18:18.941000+00:00
2226,9896,tsunoda,22,13,24.61,24.61,2025-10-05T12:25:48.079000+00:00
2227,9896,bortoleto,5,13,32.856,32.856,2025-10-05T12:25:51.721000+00:00
2228,9896,colapinto,43,14,24.04,24.04,2025-10-05T12:27:18.400000+00:00
2229,9896,max_verstappen,1,19,24.008,24.008,2025-10-05T12:34:57.215000+00:00
2230,9896,hadjar,6,20,23.827,23.827,2025-10-05T12:37:03.329000+00:00
2231,9896,leclerc,16,21,23.63,23.63,2025-10-05T12:38:22.641000+00:00
2232,9896,bearman,87,23,23.979,23.979,2025-10-05T12:41:57.960000+00:00
2233,9896,hamilton,44,24,24.794,24.794,2025-10-05T12:43:21.169000+00:00
2234,9896,gasly,10,24,25.583,25.583,2025-10-05T12:43:56.518000+00:00
2235,9896,russell,63,25,23.966,23.966,2025-10-05T12:44:30.970000+00:00
2236,9896,antonelli,12,25,23.806,23.806,2025-10-05T12:44:51.800000+00:00
2237,9896,hulkenberg,27,25,24.1,24.1,2025-10-05T12:45:19.688000+00:00
2238,9896,norris,4,26,23.314,23.314,2025-10-05T12:46:15.810000+00:00
2239,9896,piastri,81,27,26.637,26.637,2025-10-05T12:48:00.511000+00:00
2240,9896,alonso,14,27,30.749,30.749,2025-10-05T12:48:33.356000+00:00
2241,9896,ocon,31,30,25.078,25.078,2025-10-05T12:53:39.945000+00:00
2242,9896,stroll,18,38,24.012,24.012,2025-10-05T13:06:50.853000+00:00
2243,9896,albon,23,42,25.732,25.732,2025-10-05T13:13:32.820000+00:00
2244,9896,hulkenberg,27,44,31.8,31.8,2025-10-05T13:17:22.947000+00:00
2245,9896,hamilton,44,46,23.344,23.344,2025-10-05T13:19:00.893000+00:00
2246,9896,lawson,30,48,24.027,24.027,2025-10-05T13:23:18.249000+00:00
2247,9896,sainz,55,50,24.075,24.075,2025-10-05T13:26:35.223000+00:00
2248,9896,gasly,10,51,25.188,25.188,2025-10-05T13:28:40.228000+00:00
2249,9883,stroll,18,1,33.853,33.853,2025-10-18T17:06:48.175000+00:00
2250,9883,hulkenberg,27,1,31.294,31.294,2025-10-18T17:06:48.285000+00:00
2251,9883,colapinto,43,1,29.418,29.418,2025-10-18T17:07:32.926000+00:00
2252,9888,albon,23,7,23.763,23.763,2025-10-19T19:16:40.245000+00:00
2253,9888,bortoleto,5,14,25.567,25.567,2025-10-19T19:28:52.915000+00:00
2254,9888,leclerc,16,22,23.718,23.718,2025-10-19T19:41:52.626000+00:00
2255,9888,ocon,31,24,25.06,25.06,2025-10-19T19:45:54.440000+00:00
2256,9888,gasly,10,27,26.631,26.631,2025-10-19T19:50:53.659000+00:00
2257,9888,stroll,18,28,24.192,24.192,2025-10-19T19:52:29.263000+00:00
2258,9888,hadjar,6,28,23.831,23.831,2025-10-19T19:52:41.432000+00:00
2259,9888,tsunoda,22,29,24.539,24.539,2025-10-19T19:53:50.773000+00:00
2260,9888,piastri,81,30,23.452,23.452,2025-10-19T19:55:20.165000+00:00
2261,9888,bearman,87,30,24.11,24.11,2025-10-19T19:55:32.548000+00:00
2262,9888,alonso,14,30,24.054,24.054,2025-10-19T19:55:43.948000+00:00
2263,9888,lawson,30,30,23.681,23.681,2025-10-19T19:55:46.326000+00:00
2264,9888,hamilton,44,31,23.937,23.937,2025-10-19T19:56:56.565000+00:00
2265,9888,antonelli,12,31,23.949,23.949,2025-10-19T19:57:34.602000+00:00
2266,9888,norris,4,32,24.58,24.58,2025-10-19T19:58:29.205000+00:00
2267,9888,colapinto,43,32,24.045,24.045,2025-10-19T19:59:24.550000+00:00
2268,9888,max_verstappen,1,33,23.987,23.987,2025-10-19T19:59:59.042000+00:00
2269,9888,russell,63,33,23.555,23.555,2025-10-19T20:00:24.120000+00:00
2270,9888,hulkenberg,27,33,23.753,23.753,2025-10-19T20:00:34.358000+00:00
2271,9888,albon,23,36,24.582,24.582,2025-10-19T20:06:00.064000+00:00
2272,9888,bortoleto,5,36,24.007,24.007,2025-10-19T20:06:12.150000+00:00
2273,9877,lawson,30,2,34.212,34.212,2025-10-26T20:06:52.641000+00:00
2274,9877,sainz,55,17,22.502,22.502,2025-10-26T20:27:37.255000+00:00
2275,9877,alonso,14,20,26.816,26.816,2025-10-26T20:31:56.534000+00:00
2276,9877,antonelli,12,22,22.476,22.476,2025-10-26T20:34:19.665000+00:00
2277,9877,hamilton,44,23,33.308,33.308,2025-10-26T20:35:48.975000+00:00
2278,9877,bearman,87,24,22.647,22.647,2025-10-26T20:37:02.592000+00:00
2279,9877,piastri,81,24,23.211,23.211,2025-10-26T20:37:09.936000+00:00
2280,9877,russell,63,25,22.347,22.347,2025-10-26T20:38:30.984000+00:00
2281,9877,stroll,18,26,22.071,22.071,2025-10-26T20:40:14.300000+00:00
2282,9877,ocon,31,27,23.203,23.203,2025-10-26T20:41:30.822000+00:00
2283,9877,leclerc,16,31,22.215,22.215,2025-10-26T20:46:37.358000+00:00
2284,9877,gasly,10,33,22.834,22.834,2025-10-26T20:50:26.031000+00:00
2285,9877,norris,4,34,22.567,22.567,2025-10-26T20:50:29.025000+00:00
2286,9877,hadjar,6,34,22.196,22.196,2025-10-26T20:51:23.005000+00:00
2287,9877,tsunoda,22,36,31.63,31.63,2025-10-26T20:54:14.394000+00:00
2288,9877,max_verstappen,1,37,22.762,22.762,2025-10-26T20:55:10.670000+00:00
2289,9877,bortoleto,5,37,22.41,22.41,2025-10-26T20:55:36.348000+00:00
2290,9877,albon,23,41,22.04,22.04,2025-10-26T21:01:19.045000+00:00
2291,9877,stroll,18,43,23.713,23.713,2025-10-26T21:04:01.158000+00:00
2292,9877,sainz,55,46,30.5,30.5,2025-10-26T21:08:05.554000+00:00
2293,9877,piastri,81,47,22.159,22.159,2025-10-26T21:09:49.689000+00:00
2294,9877,antonelli,12,47,24.523,24.523,2025-10-26T21:09:06.973000+00:00
2295,9877,hamilton,44,47,23.342,23.342,2025-10-26T21:09:09.701000+00:00
2296,9877,bearman,87,48,22.174,22.174,2025-10-26T21:10:22.169000+00:00
2297,9877,russell,63,48,22.47,22.47,2025-10-26T21:10:24.920000+00:00
2298,9877,colapinto,43,48,22.789,22.789,2025-10-26T21:11:28.773000+00:00
2299,9877,sainz,55,56,17.9,17.9,2025-10-26T21:21:53.849000+00:00
2300,9864,hulkenberg,27,6,1245.3,1245.3,2025-11-08T14:33:05.308000+00:00
2301,9864,norris,4,7,1329.1,1329.1,2025-11-08T14:35:11.554000+00:00
2302,9864,antonelli,12,7,1329.0,1329.0,2025-11-08T14:35:13.499000+00:00
2303,9864,russell,63,7,1330.6,1330.6,2025-11-08T14:35:17.698000+00:00
2304,9864,max_verstappen,1,7,1331.4,1331.4,2025-11-08T14:35:20.407000+00:00
2305,9864,alonso,14,7,1326.9,1326.9,2025-11-08T14:35:24.771000+00:00
2306,9864,leclerc,16,7,1329.1,1329.1,2025-11-08T14:35:29.507000+00:00
2307,9864,hamilton,44,7,1329.5,1329.5,2025-11-08T14:35:33.051000+00:00
2308,9864,stroll,18,7,1331.4,1331.4,2025-11-08T14:35:36.848000+00:00
2309,9864,gasly,10,7,1329.9,1329.9,2025-11-08T14:35:38.457000+00:00
2310,9864,albon,23,7,1331.1,1331.1,2025-11-08T14:35:41.191000+00:00
2311,9864,hadjar,6,7,1332.7,1332.7,2025-11-08T14:35:45.949000+00:00
2312,9864,bortoleto,5,7,1333.4,1333.4,2025-11-08T14:35:49.223000+00:00
2313,9864,lawson,30,7,1334.4,1334.4,2025-11-08T14:35:54.157000+00:00
2314,9864,ocon,31,7,1335.7,1335.7,2025-11-08T14:35:58.571000+00:00
2315,9864,bearman,87,7,1335.9,1335.9,2025-11-08T14:36:00.785000+00:00
2316,9864,tsunoda,22,7,1337.1,1337.1,2025-11-08T14:36:04.884000+00:00
2317,9864,sainz,55,7,1342.0,1342.0,2025-11-08T14:36:10.994000+00:00
2318,9864,hulkenberg,27,7,103.0,103.0,2025-11-08T14:36:14.400000+00:00
2319,9869,tsunoda,22,2,22.974,22.974,2025-11-09T17:06:59.702000+00:00
2320,9869,hamilton,44,2,40.076,40.076,2025-11-09T17:07:24.400000+00:00
2321,9869,max_verstappen,1,7,23.197,23.197,2025-11-09T17:15:31.935000+00:00
2322,9869,ocon,31,8,24.204,24.204,2025-11-09T17:17:13.579000+00:00
2323,9869,hamilton,44,14,23.426,23.426,2025-11-09T17:24:47.649000+00:00
2324,9869,bearman,87,17,23.748,23.748,2025-11-09T17:28:28.124000+00:00
2325,9869,sainz,55,17,26.064,26.064,2025-11-09T17:28:34.078000+00:00
2326,9869,hadjar,6,18,23.708,23.708,2025-11-09T17:29:42.776000+00:00
2327,9869,gasly,10,18,23.673,23.673,2025-11-09T17:29:45.653000+00:00
2328,9869,lawson,30,19,22.899,22.899,2025-11-09T17:31:02.424000+00:00
2329,9869,antonelli,12,21,23.356,23.356,2025-11-09T17:33:20.888000+00:00
2330,9869,tsunoda,22,24,34.185,34.185,2025-11-09T17:37:36.928000+00:00
2331,9869,alonso,14,28,23.942,23.942,2025-11-09T17:42:30.689000+00:00
2332,9869,colapinto,43,29,23.71,23.71,2025-11-09T17:43:48.580000+00:00
2333,9869,stroll,18,29,23.76,23.76,2025-11-09T17:43:49.293000+00:00
2334,9869,norris,4,30,23.49,23.49,2025-11-09T17:44:26.554000+00:00
2335,9869,hamilton,44,32,30.752,30.752,2025-11-09T17:47:56.309000+00:00
2336,9869,russell,63,34,23.358,23.358,2025-11-09T17:49:42.685000+00:00
2337,9869,max_verstappen,1,34,23.058,23.058,2025-11-09T17:49:48.897000+00:00
2338,9869,albon,23,35,23.061,23.061,2025-11-09T17:51:17.776000+00:00
2339,9869,hulkenberg,27,36,23.0,23.0,2025-11-09T17:52:30.227000+00:00
2340,9869,hadjar,6,37,23.46,23.46,2025-11-09T17:53:50.990000+00:00
2341,9869,piastri,81,38,34.644,34.644,2025-11-09T17:54:47.696000+00:00
2342,9869,sainz,55,38,23.234,23.234,2025-11-09T17:55:10.135000+00:00
2343,9869,gasly,10,39,23.648,23.648,2025-11-09T17:56:21.926000+00:00
2344,9869,bearman,87,42,24.654,24.654,2025-11-09T17:59:59.590000+00:00
2345,9869,colapinto,43,43,26.124,26.124,2025-11-09T18:01:41.658000+00:00
2346,9869,alonso,14,46,23.563,23.563,2025-11-09T18:05:21.290000+00:00
2347,9869,antonelli,12,47,23.401,23.401,2025-11-09T18:06:00.862000+00:00
2348,9869,ocon,31,47,24.177,24.177,2025-11-09T18:06:32.445000+00:00
2349,9869,tsunoda,22,47,33.841,33.841,2025-11-09T18:06:55.174000+00:00
2350,9869,russell,63,48,23.128,23.128,2025-11-09T18:07:18.286000+00:00
2351,9869,norris,4,50,23.238,23.238,2025-11-09T18:09:35.109000+00:00
2352,9869,piastri,81,51,23.113,23.113,2025-11-09T18:11:07.234000+00:00
2353,9869,max_verstappen,1,54,23.311,23.311,2025-11-09T18:14:45.259000+00:00
2354,9869,stroll,18,54,22.968,22.968,2025-11-09T18:15:22.847000+00:00
2355,9869,albon,23,55,23.112,23.112,2025-11-09T18:16:32.416000+00:00
2356,9858,tsunoda,22,1,21.383,21.383,2025-11-23T04:06:24.941000+00:00
2357,9858,bortoleto,5,1,33.23,33.23,2025-11-23T04:06:49.609000+00:00
2358,9858,antonelli,12,2,21.968,21.968,2025-11-23T04:08:21.548000+00:00
2359,9858,gasly,10,2,23.903,23.903,2025-11-23T04:08:33.857000+00:00
2360,9858,lawson,30,2,32.736,32.736,2025-11-23T04:08:42.280000+00:00
2361,9858,albon,23,13,23.361,23.361,2025-11-23T04:26:53.267000+00:00
2362,9858,albon,23,14,30.065,30.065,2025-11-23T04:29:02.515000+00:00
2363,9858,alonso,14,16,21.068,21.068,2025-11-23T04:32:00.114000+00:00
2364,9858,russell,63,17,20.929,20.929,2025-11-23T04:33:13.981000+00:00
2365,9858,bearman,87,17,21.491,21.491,2025-11-23T04:33:38.004000+00:00
2366,9858,hadjar,6,20,21.324,21.324,2025-11-23T04:38:22.909000+00:00
2367,9858,piastri,81,21,21.371,21.371,2025-11-23T04:39:54.483000+00:00
2368,9858,norris,4,22,21.049,21.049,2025-11-23T04:41:15.397000+00:00
2369,9858,sainz,55,22,21.164,21.164,2025-11-23T04:41:30.088000+00:00
2370,9858,leclerc,16,24,21.351,21.351,2025-11-23T04:44:43.963000+00:00
2371,9858,max_verstappen,1,25,21.708,21.708,2025-11-23T04:45:59.349000+00:00
2372,9858,colapinto,43,25,22.842,22.842,2025-11-23T04:46:56.693000+00:00
2373,9858,ocon,31,27,22.389,22.389,2025-11-23T04:49:49.465000+00:00
2374,9858,tsunoda,22,27,20.68,20.68,2025-11-23T04:50:08.739000+00:00
2375,9858,lawson,30,28,21.287,21.287,2025-11-23T04:51:50.731000+00:00
2376,9858,hamilton,44,29,21.638,21.638,2025-11-23T04:52:53.262000+00:00
2377,9858,hulkenberg,27,30,22.3,22.3,2025-11-23T04:54:29.901000+00:00
2378,9858,albon,23,34,29.308,29.308,2025-11-23T05:01:52.169000+00:00
2379,9845,stroll,18,13,30.852,30.852,2025-11-29T14:23:01.416000+00:00
2380,9845,gasly,10,17,28.876,28.876,2025-11-29T14:28:47.409000+00:00
2381,9845,colapinto,43,17,31.299,31.299,2025-11-29T14:28:55.585000+00:00
2382,9850,max_verstappen,1,7,29.97,29.97,2025-11-30T16:14:20.672000+00:00
2383,9850,sainz,55,7,28.56,28.56,2025-11-30T16:14:27.141000+00:00
2384,9850,antonelli,12,7,32.002,32.002,2025-11-30T16:14:28.078000+00:00
2385,9850,alonso,14,7,28.288,28.288,2025-11-30T16:14:29.422000+00:00
2386,9850,hadjar,6,7,28.815,28.815,2025-11-30T16:14:32.844000+00:00
2387,9850,russell,63,7,33.241,33.241,2025-11-30T16:14:35.063000+00:00
2388,9850,leclerc,16,7,30.395,30.395,2025-11-30T16:14:39.047000+00:00
2389,9850,bearman,87,7,28.837,28.837,2025-11-30T16:14:39.078000+00:00
2390,9850,lawson,30,7,28.993,28.993,2025-11-30T16:14:40.610000+00:00
2391,9850,tsunoda,22,7,29.188,29.188,2025-11-30T16:14:42.782000+00:00
2392,9850,albon,23,7,28.89,28.89,2025-11-30T16:14:43.641000+00:00
2393,9850,hamilton,44,7,32.166,32.166,2025-11-30T16:14:44.469000+00:00
2394,9850,bortoleto,5,7,28.471,28.471,2025-11-30T16:14:45.563000+00:00
2395,9850,stroll,18,7,28.124,28.124,2025-11-30T16:14:45.719000+00:00
2396,9850,colapinto,43,7,29.538,29.538,2025-11-30T16:14:47.735000+00:00
2397,9850,gasly,10,7,31.343,31.343,2025-11-30T16:15:12.668000+00:00
2398,9850,ocon,31,8,34.006,34.006,2025-11-30T16:16:50.755000+00:00
2399,9850,ocon,31,9,34.54,34.54,2025-11-30T16:19:32.036000+00:00
2400,9850,piastri,81,24,29.047,29.047,2025-11-30T16:41:27.928000+00:00
2401,9850,stroll,18,24,28.064,28.064,2025-11-30T16:42:05.819000+00:00
2402,9850,norris,4,25,27.938,27.938,2025-11-30T16:42:56.225000+00:00
2403,9850,max_verstappen,1,32,28.168,28.168,2025-11-30T16:52:57.981000+00:00
2404,9850,sainz,55,32,28.181,28.181,2025-11-30T16:53:16.514000+00:00
2405,9850,antonelli,12,32,28.544,28.544,2025-11-30T16:53:20.955000+00:00
2406,9850,alonso,14,32,28.935,28.935,2025-11-30T16:53:27.633000+00:00
2407,9850,hadjar,6,32,27.931,27.931,2025-11-30T16:53:29.980000+00:00
2408,9850,russell,63,32,29.077,29.077,2025-11-30T16:53:33.480000+00:00
2409,9850,leclerc,16,32,28.999,28.999,2025-11-30T16:53:36.294000+00:00
2410,9850,lawson,30,32,28.078,28.078,2025-11-30T16:53:38.635000+00:00
2411,9850,tsunoda,22,32,28.33,28.33,2025-11-30T16:53:39.921000+00:00
2412,9850,albon,23,32,29.457,29.457,2025-11-30T16:53:42.521000+00:00
2413,9850,hamilton,44,32,28.541,28.541,2025-11-30T16:53:42.997000+00:00
2414,9850,bortoleto,5,32,28.234,28.234,2025-11-30T16:53:45.788000+00:00
2415,9850,colapinto,43,32,28.942,28.942,2025-11-30T16:53:47.468000+00:00
2416,9850,bearman,87,32,45.232,45.232,2025-11-30T16:53:53.810000+00:00
2417,9850,gasly,10,32,30.559,30.559,2025-11-30T16:53:54.435000+00:00
2418,9850,ocon,31,34,30.469,30.469,2025-11-30T16:56:44.641000+00:00
2419,9850,bearman,87,40,37.513,37.513,2025-11-30T17:05:53.736000+00:00
2420,9850,piastri,81,42,27.853,27.853,2025-11-30T17:07:22.436000+00:00
2421,9850,norris,4,44,28.243,28.243,2025-11-30T17:10:20.448000+00:00
2422,9850,stroll,18,49,35.671,35.671,2025-11-30T17:18:27.412000+00:00
2423,9839,hulkenberg,27,7,21.6,21.6,2025-12-07T13:14:35.391000+00:00
2424,9839,hamilton,44,8,21.601,21.601,2025-12-07T13:16:02.970000+00:00
2425,9839,albon,23,8,21.551,21.551,2025-12-07T13:16:05.538000+00:00
2426,9839,gasly,10,13,22.585,22.585,2025-12-07T13:23:44.702000+00:00
2427,9839,russell,63,14,21.979,21.979,2025-12-07T13:24:56.676000+00:00
2428,9839,hadjar,6,14,21.932,21.932,2025-12-07T13:25:03.744000+00:00
2429,9839,bearman,87,14,22.263,22.263,2025-12-07T13:25:07.866000+00:00
2430,9839,bortoleto,5,15,22.121,22.121,2025-12-07T13:26:30.094000+00:00
2431,9839,colapinto,43,15,21.953,21.953,2025-12-07T13:26:47.592000+00:00
2432,9839,norris,4,16,21.323,21.323,2025-12-07T13:27:50.505000+00:00
2433,9839,leclerc,16,16,21.692,21.692,2025-12-07T13:27:53.297000+00:00
2434,9839,alonso,14,16,23.267,23.267,2025-12-07T13:27:59.378000+00:00
2435,9839,sainz,55,18,21.799,21.799,2025-12-07T13:31:13.956000+00:00
2436,9839,ocon,31,19,22.254,22.254,2025-12-07T13:32:39.350000+00:00
2437,9839,lawson,30,21,28.369,28.369,2025-12-07T13:35:56.234000+00:00
2438,9839,max_verstappen,1,23,21.703,21.703,2025-12-07T13:38:12.048000+00:00
2439,9839,hamilton,44,31,21.417,21.417,2025-12-07T13:50:48.636000+00:00
2440,9839,tsunoda,22,32,27.041,27.041,2025-12-07T13:52:20.008000+00:00
2441,9839,antonelli,12,32,22.155,22.155,2025-12-07T13:52:27.790000+00:00
2442,9839,albon,23,33,21.495,21.495,2025-12-07T13:53:58.599000+00:00
2443,9839,leclerc,16,39,20.902,20.902,2025-12-07T14:02:15.372000+00:00
2444,9839,norris,4,40,21.407,21.407,2025-12-07T14:03:37.692000+00:00
2445,9839,gasly,10,40,22.234,22.234,2025-12-07T14:04:37.122000+00:00
2446,9839,colapinto,43,40,22.955,22.955,2025-12-07T14:04:44.299000+00:00
2447,9839,piastri,81,41,21.565,21.565,2025-12-07T14:05:01.126000+00:00
2448,9839,stroll,18,42,21.535,21.535,2025-12-07T14:07:18.986000+00:00
2449,9839,hulkenberg,27,42,21.468,21.468,2025-12-07T14:07:26.254000+00:00
2450,11234,colapinto,43,9,27.7,27.7,2026-03-08T04:17:09.480000+00:00
2451,11234,norris,1,11,18.2,18.2,2026-03-08T04:19:40.861000+00:00
2452,11234,ocon,31,11,18.5,18.5,2026-03-08T04:19:45.997000+00:00
2453,11234,gasly,10,11,18.6,18.6,2026-03-08T04:19:46.650000+00:00
2454,11234,sainz,55,11,19.8,19.8,2026-03-08T04:19:56.659000+00:00
2455,11234,lawson,30,11,19.1,19.1,2026-03-08T04:20:02.746000+00:00
2456,11234,alonso,14,11,25.895,25.895,2026-03-08T04:20:48.545000+00:00
2457,11234,stroll,18,11,36.686,36.686,2026-03-08T04:20:37.821000+00:00
2458,11234,russell,63,12,17.794,17.794,2026-03-08T04:21:15.981000+00:00
2459,11234,antonelli,12,12,20.985,20.985,2026-03-08T04:22:00.272000+00:00
2460,11234,albon,23,12,18.118,18.118,2026-03-08T04:22:01.303000+00:00
2461,11234,bottas,77,12,30.387,30.387,2026-03-08T04:23:57.952000+00:00
2462,11234,arvid_lindblad,41,18,18.506,18.506,2026-03-08T04:31:07.099000+00:00
2463,11234,max_verstappen,3,18,19.07,19.07,2026-03-08T04:31:12.593000+00:00
2464,11234,bearman,87,18,18.774,18.774,2026-03-08T04:30:50.106000+00:00
2465,11234,bortoleto,5,18,22.619,22.619,2026-03-08T04:53:09.209000+00:00
2466,11234,perez,11,18,21.371,21.371,2026-03-08T04:31:56.620000+00:00
2467,11234,alonso,14,13,972.3,972.3,2026-03-08T04:40:09.040000+00:00
2468,11234,leclerc,16,25,17.6,17.6,2026-03-08T04:40:48.354000+00:00
2469,11234,leclerc,16,18,17.664,17.664,2026-03-08T04:40:49.682000+00:00
2470,11234,stroll,18,26,33.1,33.1,2026-03-08T04:44:26.700000+00:00
2471,11234,stroll,18,18,33.182,33.182,2026-03-08T04:44:40.626000+00:00
2472,11234,hamilton,44,28,17.7,17.7,2026-03-08T04:45:03.940000+00:00
2473,11234,hamilton,44,18,17.741,17.741,2026-03-08T04:45:19.036000+00:00
2474,11234,bortoleto,5,33,22.6,22.6,2026-03-08T04:52:53.935000+00:00
2475,11234,albon,23,33,18.404,18.404,2026-03-08T04:53:24.013000+00:00
2476,11234,lawson,30,33,18.19,18.19,2026-03-08T04:54:27.845000+00:00
2477,11234,sainz,55,33,25.939,25.939,2026-03-08T04:54:41.807000+00:00
2478,11234,norris,1,34,17.6,17.6,2026-03-08T04:54:07.060000+00:00
2479,11234,max_verstappen,3,41,18.0,18.0,2026-03-08T05:03:56.712000+00:00
2480,11234,perez,11,43,18.951,18.951,2026-03-08T05:09:13.750000+00:00
2481,11234,sainz,55,45,34.615,34.615,2026-03-08T05:11:24.061000+00:00
2482,11234,colapinto,43,46,18.561,18.561,2026-03-08T05:12:34.739000+00:00
2483,11234,stroll,18,34,1081.5,1081.5,2026-03-08T05:14:27.249000+00:00
2484,11234,stroll,18,39,22.4,22.4,2026-03-08T05:22:06.866000+00:00
2485,11234,stroll,18,46,22.469,22.469,2026-03-08T05:22:16.614000+00:00
2486,11240,russell,63,13,23.373,23.373,2026-03-14T03:25:32.321000+00:00
2487,11240,leclerc,16,13,23.2,23.2,2026-03-14T03:25:41.542000+00:00
2488,11240,norris,1,13,22.529,22.529,2026-03-14T03:25:43.698000+00:00
2489,11240,hamilton,44,13,27.854,27.854,2026-03-14T03:25:47.088000+00:00
2490,11240,antonelli,12,13,33.682,33.682,2026-03-14T03:25:51.182000+00:00
2491,11240,piastri,81,13,23.514,23.514,2026-03-14T03:25:51.495000+00:00
2492,11240,max_verstappen,3,13,24.1,24.1,2026-03-14T03:26:18.339000+00:00
2493,11240,colapinto,43,13,23.554,23.554,2026-03-14T03:26:21.813000+00:00
2494,11240,albon,23,13,24.34,24.34,2026-03-14T03:26:23.218000+00:00
2495,11240,hadjar,6,13,31.17,31.17,2026-03-14T03:26:27.213000+00:00
2496,11240,stroll,18,13,23.059,23.059,2026-03-14T03:26:33.855000+00:00
2497,11240,perez,11,13,25.793,25.793,2026-03-14T03:26:42.810000+00:00
2498,11245,hadjar,6,1,23.062,23.062,2026-03-15T07:06:25.125000+00:00
2499,11245,lawson,30,9,22.721,22.721,2026-03-15T07:19:30.772000+00:00
2500,11245,max_verstappen,3,9,23.678,23.678,2026-03-15T07:19:31.880000+00:00
2501,11245,sainz,55,9,23.106,23.106,2026-03-15T07:19:34.317000+00:00
2502,11245,antonelli,12,10,23.005,23.005,2026-03-15T07:20:48.777000+00:00
2503,11245,russell,63,10,23.39,23.39,2026-03-15T07:20:56.454000+00:00
2504,11245,hamilton,44,10,22.433,22.433,2026-03-15T07:20:56.799000+00:00
2505,11245,leclerc,16,10,25.633,25.633,2026-03-15T07:21:02.954000+00:00
2506,11245,gasly,10,10,23.539,23.539,2026-03-15T07:21:06.329000+00:00
2507,11245,bearman,87,10,22.967,22.967,2026-03-15T07:21:23.314000+00:00
2508,11245,bottas,77,10,27.795,27.795,2026-03-15T07:21:49.224000+00:00
2509,11245,hadjar,6,10,25.748,25.748,2026-03-15T07:22:06.849000+00:00
2510,11245,perez,11,11,26.213,26.213,2026-03-15T07:24:08.630000+00:00
2511,11245,ocon,31,29,25.997,25.997,2026-03-15T07:55:08.164000+00:00
2512,11245,alonso,14,31,23.291,23.291,2026-03-15T07:58:53.861000+00:00
2513,11245,colapinto,43,32,23.195,23.195,2026-03-15T07:59:58.613000+00:00
2514,11245,hulkenberg,27,35,37.358,37.358,2026-03-15T08:05:10.947000+00:00
2515,11245,arvid_lindblad,41,42,23.29,23.29,2026-03-15T08:16:43.743000+00:00
2516,11245,ocon,31,46,47.067,47.067,2026-03-15T08:23:53.817000+00:00
2517,11253,norris,1,16,23.316,23.316,2026-03-29T05:39:55.436000+00:00
2518,11253,bearman,87,16,25.0,25.0,2026-03-29T05:40:25.536000+00:00
2519,11253,leclerc,16,17,22.992,22.992,2026-03-29T05:41:28.501000+00:00
2520,11253,colapinto,43,17,23.649,23.649,2026-03-29T05:41:59.154000+00:00
2521,11253,piastri,81,18,23.444,23.444,2026-03-29T05:42:58.405000+00:00
2522,11253,arvid_lindblad,41,18,26.3,26.3,2026-03-29T05:43:35.557000+00:00
2523,11253,ocon,31,19,24.629,24.629,2026-03-29T05:45:07.194000+00:00
2524,11253,hadjar,6,19,23.698,23.698,2026-03-29T05:45:09.104000+00:00
2525,11253,bottas,77,19,25.129,25.129,2026-03-29T05:45:58.890000+00:00
2526,11253,russell,63,21,22.937,22.937,2026-03-29T05:47:43.226000+00:00
2527,11253,perez,11,21,27.307,27.307,2026-03-29T05:49:05.815000+00:00
2528,11253,stroll,18,21,25.083,25.083,2026-03-29T05:49:15.293000+00:00
2529,11253,alonso,14,21,26.458,26.458,2026-03-29T05:49:24.243000+00:00
2530,11253,antonelli,12,22,23.288,23.288,2026-03-29T05:49:36.575000+00:00
2531,11253,hamilton,44,22,22.891,22.891,2026-03-29T05:49:45.182000+00:00
2532,11253,gasly,10,22,24.304,24.304,2026-03-29T05:50:01.959000+00:00
2533,11253,max_verstappen,3,22,24.49,24.49,2026-03-29T05:50:06.296000+00:00
2534,11253,lawson,30,22,24.1,24.1,2026-03-29T05:50:28.632000+00:00
2535,11253,bortoleto,5,22,24.63,24.63,2026-03-29T05:50:29.968000+00:00
2536,11253,sainz,55,22,24.396,24.396,2026-03-29T05:50:36.919000+00:00
2537,11253,albon,23,22,24.6,24.6,2026-03-29T05:50:44.394000+00:00
2538,11253,hulkenberg,27,23,23.9,23.9,2026-03-29T05:52:37.648000+00:00
2539,11253,alonso,14,23,24.014,24.014,2026-03-29T05:53:39.693000+00:00
2540,11253,stroll,18,24,23.501,23.501,2026-03-29T05:55:13.349000+00:00
2541,11253,albon,23,45,23.072,23.072,2026-03-29T06:30:59.545000+00:00
2542,11253,albon,23,46,24.1,24.1,2026-03-29T06:32:57.159000+00:00
2543,11253,albon,23,47,26.0,26.0,2026-03-29T06:34:56.701000+00:00
2544,11253,albon,23,48,32.7,32.7,2026-03-29T06:37:02.998000+00:00
2545,11253,albon,23,49,24.3,24.3,2026-03-29T06:39:01.736000+00:00
2546,11275,albon,23,13,40.821,40.821,2026-05-02T16:25:14.670000+00:00
2547,11280,hulkenberg,27,1,33.71,33.71,2026-05-03T17:06:24.855000+00:00
2548,11280,max_verstappen,3,6,22.547,22.547,2026-05-03T17:14:40.156000+00:00
2549,11280,bottas,77,6,23.529,23.529,2026-05-03T17:15:01.436000+00:00
2550,11280,russell,63,20,22.0,22.0,2026-05-03T17:40:30.702000+00:00
2551,11280,leclerc,16,21,23.386,23.386,2026-05-03T17:42:03.129000+00:00
2552,11280,bottas,77,21,23.827,23.827,2026-05-03T17:42:42.184000+00:00
2553,11280,stroll,18,21,22.63,22.63,2026-05-03T17:42:43.220000+00:00
2554,11280,antonelli,12,26,22.128,22.128,2026-05-03T17:49:41.487000+00:00
2555,11280,bearman,87,26,23.474,23.474,2026-05-03T17:50:16.658000+00:00
2556,11280,norris,1,27,22.565,22.565,2026-05-03T17:51:13.396000+00:00
2557,11280,hamilton,44,27,23.779,23.779,2026-05-03T17:51:33.718000+00:00
2558,11280,albon,23,27,23.016,23.016,2026-05-03T17:51:49.624000+00:00
2559,11280,piastri,81,28,23.024,23.024,2026-05-03T17:53:01.295000+00:00
2560,11280,sainz,55,28,23.595,23.595,2026-05-03T17:53:22.109000+00:00
2561,11280,arvid_lindblad,41,28,22.731,22.731,2026-05-03T17:53:42.425000+00:00
2562,11280,perez,11,29,23.2,23.2,2026-05-03T17:55:29.195000+00:00
2563,11280,bottas,77,30,17.1,17.1,2026-05-03T17:57:25.955000+00:00
2564,11280,colapinto,43,31,23.093,23.093,2026-05-03T17:57:54.710000+00:00
2565,11280,ocon,31,31,24.027,24.027,2026-05-03T17:58:16.484000+00:00
2566,11280,bortoleto,5,32,23.986,23.986,2026-05-03T17:59:55.617000+00:00
2567,11280,stroll,18,37,22.09,22.09,2026-05-03T18:08:38.349000+00:00
2568,11280,alonso,14,41,23.16,23.16,2026-05-03T18:14:48.371000+00:00
2569,11286,hadjar,6,7,155.1,155.1,2026-05-23T16:15:39.227000+00:00
2570,11286,hadjar,6,9,23.5,23.5,2026-05-23T16:18:32.832000+00:00
2571,11286,albon,23,14,24.0,24.0,2026-05-23T16:22:01.414000+00:00
2572,11286,alonso,14,15,24.6,24.6,2026-05-23T16:23:24.074000+00:00
2573,11286,bearman,87,18,38.4,38.4,2026-05-23T16:27:20.351000+00:00
2574,11286,gasly,10,19,70.6,70.6,2026-05-23T16:29:03.467000+00:00
2575,11291,piastri,81,1,24.1,24.1,2026-05-24T20:11:35.201000+00:00
2576,11291,norris,1,2,23.4,23.4,2026-05-24T20:12:53.655000+00:00
2577,11291,hulkenberg,27,2,24.9,24.9,2026-05-24T20:13:06.553000+00:00
2578,11291,sainz,55,2,24.7,24.7,2026-05-24T20:13:10.208000+00:00
2579,11291,bortoleto,5,2,28.1,28.1,2026-05-24T20:13:12.614000+00:00
2580,11291,perez,11,2,25.7,25.7,2026-05-24T20:13:13.091000+00:00
2581,11291,bottas,77,3,28.2,28.2,2026-05-24T20:14:43.855000+00:00
2582,11291,bottas,77,9,24.8,24.8,2026-05-24T20:23:13.509000+00:00
2583,11291,piastri,81,12,36.6,36.6,2026-05-24T20:26:37.176000+00:00
2584,11291,stroll,18,14,24.2,24.2,2026-05-24T20:29:29.471000+00:00
2585,11291,norris,1,15,28.8,28.8,2026-05-24T20:30:15.392000+00:00
2586,11291,perez,11,15,25.1,25.1,2026-05-24T20:30:47.863000+00:00
2587,11291,ocon,31,16,24.8,24.8,2026-05-24T20:31:52.896000+00:00
2588,11291,bortoleto,5,18,24.7,24.7,2026-05-24T20:34:34.135000+00:00
2589,11291,hulkenberg,27,20,31.0,31.0,2026-05-24T20:37:09.895000+00:00
2590,11291,alonso,14,20,24.7,24.7,2026-05-24T20:37:15.069000+00:00
2591,11291,colapinto,43,30,25.6,25.6,2026-05-24T20:49:34.153000+00:00
2592,11291,perez,11,29,24.9,24.9,2026-05-24T20:49:46.801000+00:00
2593,11291,lawson,30,30,24.1,24.1,2026-05-24T20:49:47.971000+00:00
2594,11291,gasly,10,30,25.6,25.6,2026-05-24T20:49:55.410000+00:00
2595,11291,sainz,55,30,25.6,25.6,2026-05-24T20:50:09.459000+00:00
2596,11291,antonelli,12,31,25.1,25.1,2026-05-24T20:50:16.912000+00:00
2597,11291,bearman,87,30,44.9,44.9,2026-05-24T20:50:19.553000+00:00
2598,11291,max_verstappen,3,31,25.1,25.1,2026-05-24T20:50:23.022000+00:00
2599,11291,hamilton,44,31,25.9,25.9,2026-05-24T20:50:34.865000+00:00
2600,11291,hadjar,6,31,24.9,24.9,2026-05-24T20:50:38.006000+00:00
2601,11291,leclerc,16,31,30.1,30.1,2026-05-24T20:50:40.850000+00:00
2602,11291,bottas,77,29,24.4,24.4,2026-05-24T20:51:02.188000+00:00
2603,11291,ocon,31,30,35.3,35.3,2026-05-24T20:51:29.219000+00:00
2604,11291,stroll,18,49,24.1,24.1,2026-05-24T21:17:51.300000+00:00
2605,11291,hadjar,6,52,34.7,34.7,2026-05-24T21:18:25.134000+00:00
2606,11291,bottas,77,49,31.1,31.1,2026-05-24T21:18:48.229000+00:00
2607,11291,piastri,81,51,36.1,36.1,2026-05-24T21:18:50.366000+00:00
2608,11291,hadjar,6,62,34.8,34.8,2026-05-24T21:31:49.681000+00:00
2609,11299,bottas,77,1,26.7,26.7,2026-06-07T13:05:11.097000+00:00
2610,11299,bortoleto,5,1,25.9,25.9,2026-06-07T13:05:11.753000+00:00
2611,11299,bearman,87,1,32.1,32.1,2026-06-07T13:05:15.738000+00:00
2612,11299,alonso,14,3,24.9,24.9,2026-06-07T13:07:51.620000+00:00
2613,11299,perez,11,4,27.1,27.1,2026-06-07T13:09:10.136000+00:00
2614,11299,stroll,18,4,24.8,24.8,2026-06-07T13:09:14.620000+00:00
2615,11299,ocon,31,9,25.4,25.4,2026-06-07T13:15:47.335000+00:00
2616,11299,perez,11,9,19.7,19.7,2026-06-07T13:15:59.835000+00:00
2617,11299,hulkenberg,27,12,24.8,24.8,2026-06-07T13:19:39.858000+00:00
2618,11299,hamilton,44,28,24.1,24.1,2026-06-07T13:39:40.204000+00:00
2619,11299,russell,63,31,24.0,24.0,2026-06-07T13:44:09.388000+00:00
2620,11299,hadjar,6,32,24.7,24.7,2026-06-07T13:45:28.474000+00:00
2621,11299,leclerc,16,35,25.3,25.3,2026-06-07T13:48:48.285000+00:00
2622,11299,colapinto,43,35,25.7,25.7,2026-06-07T13:50:05.535000+00:00
2623,11299,antonelli,12,37,24.1,24.1,2026-06-07T13:50:58.679000+00:00
2624,11299,albon,23,43,25.5,25.5,2026-06-07T14:00:37.472000+00:00
2625,11299,bortoleto,5,43,24.6,24.6,2026-06-07T14:01:33.347000+00:00
2626,11299,lawson,30,44,25.6,25.6,2026-06-07T14:01:42.457000+00:00
2627,11299,gasly,10,45,25.5,25.5,2026-06-07T14:02:41.495000+00:00
2628,11299,piastri,81,48,24.2,24.2,2026-06-07T14:06:31.029000+00:00
2629,11299,sainz,55,52,25.6,25.6,2026-06-07T14:12:46.971000+00:00
2630,11299,hulkenberg,27,58,20.5,20.5,2026-06-07T14:21:17.307000+00:00
2631,11299,piastri,81,59,31.4,31.4,2026-06-07T14:21:25.635000+00:00
2632,11299,hamilton,44,60,31.2,31.2,2026-06-07T14:21:26.073000+00:00
2633,11299,alonso,14,58,26.3,26.3,2026-06-07T14:21:34.338000+00:00
2634,11299,leclerc,16,60,34.9,34.9,2026-06-07T14:21:34.463000+00:00
2635,11299,bortoleto,5,58,20.3,20.3,2026-06-07T14:22:10.057000+00:00
2636,11299,antonelli,12,61,26.8,26.8,2026-06-07T14:22:39.778000+00:00
2637,11299,hadjar,6,60,19.6,19.6,2026-06-07T14:22:46.086000+00:00
2638,11299,russell,63,60,35.2,35.2,2026-06-07T14:22:50.085000+00:00
2639,11299,arvid_lindblad,41,59,20.2,20.2,2026-06-07T14:22:51.100000+00:00
2640,11299,albon,23,59,19.7,19.7,2026-06-07T14:22:52.596000+00:00
2641,11299,sainz,55,59,19.8,19.8,2026-06-07T14:22:54.064000+00:00
2642,11299,ocon,31,59,19.9,19.9,2026-06-07T14:23:09.338000+00:00
2643,11299,hulkenberg,27,59,19.9,19.9,2026-06-07T14:23:11.197000+00:00
2644,11299,colapinto,43,59,21.9,21.9,2026-06-07T14:23:14.713000+00:00
2645,11299,gasly,10,60,19.8,19.8,2026-06-07T14:23:15.900000+00:00
2646,11299,piastri,81,60,20.1,20.1,2026-06-07T14:23:20.338000+00:00
2647,11299,hamilton,44,61,24.2,24.2,2026-06-07T14:23:26.682000+00:00
2648,11299,alonso,14,59,20.2,20.2,2026-06-07T14:23:27.510000+00:00
2649,11299,leclerc,16,61,20.0,20.0,2026-06-07T14:23:29.885000+00:00
2650,11299,lawson,30,60,19.9,19.9,2026-06-07T14:23:41.002000+00:00
2651,11299,perez,11,59,26.0,26.0,2026-06-07T14:23:51.502000+00:00
2652,11299,bortoleto,5,59,24.8,24.8,2026-06-07T14:24:06.813000+00:00
2653,11299,antonelli,12,66,20.7,20.7,2026-06-07T14:32:43.844000+00:00
2654,11299,hamilton,44,66,22.5,22.5,2026-06-07T14:32:47.250000+00:00
2655,11299,hadjar,6,66,22.3,22.3,2026-06-07T14:32:48.418000+00:00
2656,11299,russell,63,66,22.5,22.5,2026-06-07T14:32:50.457000+00:00
2657,11299,arvid_lindblad,41,65,22.7,22.7,2026-06-07T14:32:52.040000+00:00
2658,11299,albon,23,65,22.7,22.7,2026-06-07T14:32:53.440000+00:00
2659,11299,sainz,55,65,22.1,22.1,2026-06-07T14:32:54.289000+00:00
2660,11299,ocon,31,65,21.4,21.4,2026-06-07T14:32:55.584000+00:00
2661,11299,hulkenberg,27,65,22.3,22.3,2026-06-07T14:32:57.280000+00:00
2662,11299,gasly,10,66,23.3,23.3,2026-06-07T14:33:01.288000+00:00
2663,11299,colapinto,43,65,23.3,23.3,2026-06-07T14:33:02.693000+00:00
2664,11299,piastri,81,66,23.4,23.4,2026-06-07T14:33:03.979000+00:00
2665,11299,alonso,14,65,24.0,24.0,2026-06-07T14:33:05.205000+00:00
2666,11299,perez,11,65,23.8,23.8,2026-06-07T14:33:06.706000+00:00
2667,11299,bortoleto,5,65,22.7,22.7,2026-06-07T14:33:07.685000+00:00
2668,11299,lawson,30,66,20.3,20.3,2026-06-07T14:33:11.784000+00:00
2669,11299,arvid_lindblad,41,67,2023.0,2023.0,2026-06-07T15:10:07.188000+00:00
2670,11299,albon,23,67,2024.1,2024.1,2026-06-07T15:10:09.758000+00:00
2671,11299,sainz,55,67,2025.7,2025.7,2026-06-07T15:10:12.693000+00:00
2672,11299,ocon,31,67,2025.9,2025.9,2026-06-07T15:10:14.530000+00:00
2673,11299,hulkenberg,27,67,2027.0,2027.0,2026-06-07T15:10:17.140000+00:00
2674,11299,colapinto,43,67,2025.8,2025.8,2026-06-07T15:10:18.492000+00:00
2675,11299,alonso,14,67,2024.7,2024.7,2026-06-07T15:10:21.680000+00:00
2676,11299,perez,11,67,2026.8,2026.8,2026-06-07T15:10:25.367000+00:00
2677,11299,bortoleto,5,67,2029.9,2029.9,2026-06-07T15:10:29.774000+00:00
2678,11299,antonelli,12,68,2154.1,2154.1,2026-06-07T15:12:12.024000+00:00
2679,11299,hamilton,44,68,2156.2,2156.2,2026-06-07T15:12:15.196000+00:00
2680,11299,hadjar,6,68,2156.6,2156.6,2026-06-07T15:12:17.821000+00:00
2681,11299,russell,63,68,2158.1,2158.1,2026-06-07T15:12:20.728000+00:00
2682,11299,gasly,10,68,2151.5,2151.5,2026-06-07T15:12:23.290000+00:00
2683,11299,piastri,81,68,2151.4,2151.4,2026-06-07T15:12:26.556000+00:00
2684,11299,lawson,30,68,2146.0,2146.0,2026-06-07T15:12:29.165000+00:00
2685,11299,arvid_lindblad,41,68,62.5,62.5,2026-06-07T15:12:32.696000+00:00
2686,11299,albon,23,68,62.2,62.2,2026-06-07T15:12:34.790000+00:00
2687,11299,sainz,55,68,61.9,61.9,2026-06-07T15:12:37.618000+00:00
2688,11299,ocon,31,68,62.6,62.6,2026-06-07T15:12:39.884000+00:00
2689,11299,hulkenberg,27,68,61.9,61.9,2026-06-07T15:12:42.993000+00:00
2690,11299,colapinto,43,68,64.4,64.4,2026-06-07T15:12:48.759000+00:00
2691,11299,alonso,14,68,64.9,64.9,2026-06-07T15:12:51.994000+00:00
2692,11299,perez,11,68,65.8,65.8,2026-06-07T15:12:54.552000+00:00
2693,11299,bortoleto,5,68,63.9,63.9,2026-06-07T15:12:56.029000+00:00
2694,11299,russell,63,72,19.7,19.7,2026-06-07T15:19:38.018000+00:00
2695,11307,hamilton,44,11,22.48,22.48,2026-06-14T13:19:06.289000+00:00
2696,11307,lawson,30,11,25.983,25.983,2026-06-14T13:19:32.167000+00:00
2697,11307,russell,63,12,22.08,22.08,2026-06-14T13:20:25.691000+00:00
2698,11307,max_verstappen,3,12,22.273,22.273,2026-06-14T13:20:38.434000+00:00
2699,11307,colapinto,43,12,22.983,22.983,2026-06-14T13:21:02.197000+00:00
2700,11307,perez,11,12,24.805,24.805,2026-06-14T13:21:18.159000+00:00
2701,11307,norris,1,13,21.7,21.7,2026-06-14T13:21:56.796000+00:00
2702,11307,hulkenberg,27,13,22.869,22.869,2026-06-14T13:22:21.978000+00:00
2703,11307,ocon,31,13,23.256,23.256,2026-06-14T13:22:36.805000+00:00
2704,11307,albon,23,13,24.005,24.005,2026-06-14T13:22:40.415000+00:00
2705,11307,antonelli,12,14,22.038,22.038,2026-06-14T13:23:17.696000+00:00
2706,11307,piastri,81,14,21.776,21.776,2026-06-14T13:23:29.775000+00:00
2707,11307,gasly,10,14,22.682,22.682,2026-06-14T13:23:54.707000+00:00
2708,11307,sainz,55,14,22.977,22.977,2026-06-14T13:23:58.472000+00:00
2709,11307,bottas,77,14,23.28,23.28,2026-06-14T13:24:22.993000+00:00
2710,11307,hadjar,6,15,22.444,22.444,2026-06-14T13:25:11.329000+00:00
2711,11307,bortoleto,5,15,22.783,22.783,2026-06-14T13:25:30.323000+00:00
2712,11307,leclerc,16,16,22.249,22.249,2026-06-14T13:26:14.211000+00:00
2713,11307,bearman,87,18,23.118,23.118,2026-06-14T13:29:49.096000+00:00
2714,11307,alonso,14,21,22.22,22.22,2026-06-14T13:34:34.480000+00:00
2715,11307,arvid_lindblad,41,22,22.476,22.476,2026-06-14T13:35:21.209000+00:00
2716,11307,hamilton,44,27,22.477,22.477,2026-06-14T13:41:28.951000+00:00
2717,11307,max_verstappen,3,29,24.189,24.189,2026-06-14T13:44:29.360000+00:00
2718,11307,albon,23,29,22.027,22.027,2026-06-14T13:45:56.713000+00:00
2719,11307,sainz,55,30,22.595,22.595,2026-06-14T13:46:59.052000+00:00
2720,11307,perez,11,31,24.432,24.432,2026-06-14T13:49:02.396000+00:00
2721,11307,hadjar,6,32,22.528,22.528,2026-06-14T13:49:09.615000+00:00
2722,11307,bortoleto,5,33,22.285,22.285,2026-06-14T13:51:21.181000+00:00
2723,11307,colapinto,43,34,22.29,22.29,2026-06-14T13:52:24.989000+00:00
2724,11307,norris,1,35,22.0,22.0,2026-06-14T13:52:36.546000+00:00
2725,11307,ocon,31,34,26.449,26.449,2026-06-14T13:53:02.214000+00:00
2726,11307,lawson,30,35,23.172,23.172,2026-06-14T13:53:49.609000+00:00
2727,11307,russell,63,36,21.677,21.677,2026-06-14T13:53:54.451000+00:00
2728,11307,piastri,81,36,22.661,22.661,2026-06-14T13:54:19.600000+00:00
2729,11307,antonelli,12,37,22.21,22.21,2026-06-14T13:55:16.919000+00:00
2730,11307,arvid_lindblad,41,37,24.01,24.01,2026-06-14T13:56:55.952000+00:00
2731,11307,leclerc,16,39,22.125,22.125,2026-06-14T13:58:21.402000+00:00
2732,11307,max_verstappen,3,40,22.786,22.786,2026-06-14T13:59:59.158000+00:00
2733,11307,bearman,87,39,23.901,23.901,2026-06-14T14:00:06.515000+00:00
2734,11307,perez,11,39,23.912,23.912,2026-06-14T14:01:08.272000+00:00
2735,11307,hamilton,44,41,22.837,22.837,2026-06-14T14:01:13.428000+00:00
2736,11307,gasly,10,40,23.31,23.31,2026-06-14T14:01:19.722000+00:00
2737,11307,albon,23,34,777.7,777.7,2026-06-14T14:05:58.019000+00:00
2738,11307,bortoleto,5,53,25.915,25.915,2026-06-14T14:20:20.533000+00:00
2739,11307,sainz,55,55,22.772,22.772,2026-06-14T14:23:04.365000+00:00
2740,11307,hadjar,6,58,21.949,21.949,2026-06-14T14:25:54.289000+00:00
2741,11307,ocon,31,58,22.9,22.9,2026-06-14T14:27:44.973000+00:00
2742,11307,albon,23,50,22.703,22.703,2026-06-14T14:28:47.306000+00:00
2743,11315,hamilton,44,12,21.3,21.3,2026-06-28T13:18:16+00:00
2744,11315,leclerc,16,13,21.7,21.7,2026-06-28T13:19:34.611000+00:00
2745,11315,gasly,10,13,21.6,21.6,2026-06-28T13:19:57.672000+00:00
2746,11315,sainz,55,14,21.3,21.3,2026-06-28T13:21:15.449000+00:00
2747,11315,bortoleto,5,17,22.6,22.6,2026-06-28T13:24:47.179000+00:00
2748,11315,max_verstappen,3,18,21.3,21.3,2026-06-28T13:25:32.461000+00:00
2749,11315,hadjar,6,18,21.7,21.7,2026-06-28T13:25:46.069000+00:00
2750,11315,arvid_lindblad,41,18,21.4,21.4,2026-06-28T13:25:56.802000+00:00
2751,11315,ocon,31,18,21.8,21.8,2026-06-28T13:26:14.833000+00:00
2752,11315,albon,23,18,21.2,21.2,2026-06-28T13:26:17.113000+00:00
2753,11315,russell,63,19,21.2,21.2,2026-06-28T13:26:40.718000+00:00
2754,11315,piastri,81,19,22.0,22.0,2026-06-28T13:26:56.641000+00:00
2755,11315,lawson,30,19,22.0,22.0,2026-06-28T13:27:09.009000+00:00
2756,11315,colapinto,43,20,21.5,21.5,2026-06-28T13:28:48.729000+00:00
2757,11315,norris,1,21,21.5,21.5,2026-06-28T13:29:25.824000+00:00
2758,11315,hulkenberg,27,21,21.5,21.5,2026-06-28T13:29:55.706000+00:00
2759,11315,antonelli,12,24,21.4,21.4,2026-06-28T13:32:54.499000+00:00
2760,11315,bearman,87,24,21.5,21.5,2026-06-28T13:33:53.795000+00:00
2761,11315,alonso,14,24,22.3,22.3,2026-06-28T13:34:21.799000+00:00
2762,11315,stroll,18,24,23.5,23.5,2026-06-28T13:34:30.473000+00:00
2763,11315,hamilton,44,25,21.2,21.2,2026-06-28T13:34:41.205000+00:00
2764,11315,ocon,31,33,25.4,25.4,2026-06-28T13:45:46.672000+00:00
2765,11315,leclerc,16,37,21.0,21.0,2026-06-28T13:49:36.347000+00:00
2766,11315,albon,23,37,21.2,21.2,2026-06-28T13:50:46.204000+00:00
2767,11315,gasly,10,38,21.2,21.2,2026-06-28T13:51:34.103000+00:00
2768,11315,hadjar,6,40,21.2,21.2,2026-06-28T13:53:16.481000+00:00
2769,11315,piastri,81,42,21.2,21.2,2026-06-28T13:55:35.812000+00:00
2770,11315,hamilton,44,42,21.2,21.2,2026-06-28T13:55:37.472000+00:00
2771,11315,russell,63,43,21.2,21.2,2026-06-28T13:56:31.785000+00:00
2772,11315,bortoleto,5,44,21.8,21.8,2026-06-28T13:58:47.094000+00:00
2773,11315,lawson,30,45,21.5,21.5,2026-06-28T13:59:53.792000+00:00
2774,11315,hulkenberg,27,45,22.5,22.5,2026-06-28T14:00:09.488000+00:00
2775,11315,bearman,87,45,22.0,22.0,2026-06-28T14:00:27.963000+00:00
2776,11315,arvid_lindblad,41,46,21.5,21.5,2026-06-28T14:01:06.281000+00:00
2777,11315,norris,1,47,21.8,21.8,2026-06-28T14:01:44.351000+00:00
2778,11315,colapinto,43,46,21.4,21.4,2026-06-28T14:01:49.515000+00:00
2779,11315,max_verstappen,3,49,21.2,21.2,2026-06-28T14:03:48.538000+00:00
2780,11315,antonelli,12,51,21.5,21.5,2026-06-28T14:06:14.731000+00:00
2781,11315,alonso,14,49,28.7,28.7,2026-06-28T14:06:29.094000+00:00
2782,11315,gasly,10,51,21.5,21.5,2026-06-28T14:07:41.166000+00:00
2783,11315,leclerc,16,59,22.7,22.7,2026-06-28T14:16:33.840000+00:00
2784,11321,perez,11,2,48.6,48.6,2026-07-04T11:08:06.286000+00:00
2785,11321,stroll,18,14,30.9,30.9,2026-07-04T11:27:18.703000+00:00
2786,11326,albon,23,1,44.1,44.1,2026-07-05T14:06:54.499000+00:00
2787,11326,piastri,81,2,40.5,40.5,2026-07-05T14:08:15.448000+00:00
2788,11326,albon,23,14,41.2,41.2,2026-07-05T14:28:42.786000+00:00
2789,11326,max_verstappen,3,17,28.7,28.7,2026-07-05T14:31:12.628000+00:00
2790,11326,hulkenberg,27,17,28.9,28.9,2026-07-05T14:31:54.573000+00:00
2791,11326,stroll,18,18,28.7,28.7,2026-07-05T14:34:11.122000+00:00
2792,11326,hadjar,6,19,29.9,29.9,2026-07-05T14:34:30.503000+00:00
2793,11326,sainz,55,20,28.8,28.8,2026-07-05T14:36:40.733000+00:00
2794,11326,alonso,14,20,28.7,28.7,2026-07-05T14:37:30.798000+00:00
2795,11326,perez,11,21,29.3,29.3,2026-07-05T14:38:39.595000+00:00
2796,11326,ocon,31,21,43.2,43.2,2026-07-05T14:38:40.451000+00:00
2797,11326,colapinto,43,22,29.3,29.3,2026-07-05T14:39:57.554000+00:00
2798,11326,russell,63,23,28.6,28.6,2026-07-05T14:40:52.147000+00:00
2799,11326,hamilton,44,23,34.8,34.8,2026-07-05T14:40:53.747000+00:00
2800,11326,gasly,10,23,33.6,33.6,2026-07-05T14:41:36.072000+00:00
2801,11326,leclerc,16,25,28.4,28.4,2026-07-05T14:43:45.836000+00:00
2802,11326,albon,23,23,39.6,39.6,2026-07-05T14:43:56.211000+00:00
2803,11326,bortoleto,5,26,28.6,28.6,2026-07-05T14:46:11.109000+00:00
2804,11326,arvid_lindblad,41,27,28.9,28.9,2026-07-05T14:47:43.893000+00:00
2805,11326,norris,1,28,28.8,28.8,2026-07-05T14:48:53.303000+00:00
2806,11326,lawson,30,28,28.7,28.7,2026-07-05T14:49:15.954000+00:00
2807,11326,bearman,87,29,29.9,29.9,2026-07-05T14:51:35.455000+00:00
2808,11326,bottas,77,29,31.5,31.5,2026-07-05T14:52:01.983000+00:00
2809,11326,russell,63,34,28.3,28.3,2026-07-05T14:58:20.856000+00:00
2810,11326,antonelli,12,35,28.9,28.9,2026-07-05T14:59:25.087000+00:00
2811,11326,hulkenberg,27,34,35.8,35.8,2026-07-05T14:59:28.796000+00:00
2812,11326,piastri,81,36,29.5,29.5,2026-07-05T15:02:44.835000+00:00
2813,11326,albon,23,35,31.4,31.4,2026-07-05T15:03:32.875000+00:00
2814,11326,max_verstappen,3,38,28.9,28.9,2026-07-05T15:04:38.769000+00:00
2815,11326,norris,1,38,29.8,29.8,2026-07-05T15:04:55.474000+00:00
2816,11326,hadjar,6,38,36.4,36.4,2026-07-05T15:05:14.352000+00:00
2817,11326,antonelli,12,41,41.2,41.2,2026-07-05T15:09:41.585000+00:00
2818,11326,albon,23,40,32.5,32.5,2026-07-05T15:12:16.429000+00:00
2819,11326,antonelli,12,43,33.6,33.6,2026-07-05T15:13:31.663000+00:00
2820,11326,hadjar,6,47,29.6,29.6,2026-07-05T15:19:36.825000+00:00
2821,11326,perez,11,46,29.8,29.8,2026-07-05T15:19:42.582000+00:00
2822,11326,lawson,30,47,28.5,28.5,2026-07-05T15:19:57.160000+00:00
2823,11326,arvid_lindblad,41,47,32.1,32.1,2026-07-05T15:20:03.631000+00:00
2824,11326,bortoleto,5,47,29.9,29.9,2026-07-05T15:20:09.066000+00:00
2825,11326,bottas,77,46,29.5,29.5,2026-07-05T15:20:26.714000+00:00
2826,11326,colapinto,43,47,29.4,29.4,2026-07-05T15:20:31.463000+00:00
2827,11326,leclerc,16,48,28.8,28.8,2026-07-05T15:20:34.854000+00:00
2828,11326,hamilton,44,48,28.7,28.7,2026-07-05T15:21:02.149000+00:00
2829,11326,piastri,81,47,29.0,29.0,2026-07-05T15:21:03.857000+00:00
2830,11326,alonso,14,46,29.9,29.9,2026-07-05T15:21:17.735000+00:00
2831,11326,bearman,87,47,30.2,30.2,2026-07-05T15:21:26.513000+00:00
2832,11326,norris,1,48,28.4,28.4,2026-07-05T15:21:31.210000+00:00
2833,11326,ocon,31,47,31.2,31.2,2026-07-05T15:21:33.609000+00:00
2834,11326,stroll,18,46,46.2,46.2,2026-07-05T15:21:40.753000+00:00
2835,11326,gasly,10,48,28.7,28.7,2026-07-05T15:22:41.160000+00:00
2836,11326,sainz,55,48,29.2,29.2,2026-07-05T15:23:19.064000+00:00
2837,11334,hadjar,6,1,24.156,24.156,2026-07-19T13:06:46.970000+00:00
2838,11334,bearman,87,1,26.554,26.554,2026-07-19T13:06:48.812000+00:00
2839,11334,perez,11,1,25.372,25.372,2026-07-19T13:06:49.762000+00:00
2840,11334,bottas,77,1,30.594,30.594,2026-07-19T13:06:58.031000+00:00
2841,11334,ocon,31,1,33.74,33.74,2026-07-19T13:07:06.712000+00:00
2842,11334,hadjar,6,2,22.997,22.997,2026-07-19T13:09:26.425000+00:00
2843,11334,perez,11,12,27.617,27.617,2026-07-19T13:30:09.549000+00:00
2844,11334,gasly,10,14,24.177,24.177,2026-07-19T13:33:19.807000+00:00
2845,11334,sainz,55,14,34.841,34.841,2026-07-19T13:33:42.400000+00:00
2846,11334,lawson,30,15,23.722,23.722,2026-07-19T13:35:10.555000+00:00
2847,11334,colapinto,43,15,24.146,24.146,2026-07-19T13:35:14.306000+00:00
2848,11334,arvid_lindblad,41,16,24.81,24.81,2026-07-19T13:37:02.469000+00:00
2849,11334,ocon,31,16,24.124,24.124,2026-07-19T13:37:26.226000+00:00
2850,11334,max_verstappen,3,17,23.128,23.128,2026-07-19T13:38:36.203000+00:00
2851,11334,stroll,18,17,31.649,31.649,2026-07-19T13:40:00.392000+00:00
2852,11334,antonelli,12,18,23.093,23.093,2026-07-19T13:40:35.827000+00:00
2853,11334,albon,23,18,22.638,22.638,2026-07-19T13:41:12.806000+00:00
2854,11334,alonso,14,19,23.19,23.19,2026-07-19T13:43:52.834000+00:00
2855,11334,leclerc,16,20,23.164,23.164,2026-07-19T13:44:36.129000+00:00
2856,11334,piastri,81,20,23.292,23.292,2026-07-19T13:44:45.881000+00:00
2857,11334,hamilton,44,20,32.201,32.201,2026-07-19T13:44:50.764000+00:00
2858,11334,hadjar,6,20,24.727,24.727,2026-07-19T13:45:02.530000+00:00
2859,11334,bortoleto,5,20,23.127,23.127,2026-07-19T13:45:05.930000+00:00
2860,11334,hulkenberg,27,20,26.098,26.098,2026-07-19T13:45:12.467000+00:00
2861,11334,bearman,87,20,28.982,28.982,2026-07-19T13:45:28.693000+00:00
2862,11334,norris,1,30,28.314,28.314,2026-07-19T14:03:34.566000+00:00
2863,11334,alonso,14,31,24.746,24.746,2026-07-19T14:07:43.290000+00:00
2864,11334,bottas,77,32,25.91,25.91,2026-07-19T14:08:56.694000+00:00
2865,11342,stroll,18,8,21.7,21.7,2026-07-26T13:15:41.346000+00:00
2866,11342,hamilton,44,13,21.7,21.7,2026-07-26T13:22:21.620000+00:00
2867,11342,max_verstappen,3,14,21.6,21.6,2026-07-26T13:23:46.669000+00:00
2868,11342,colapinto,43,15,22.9,22.9,2026-07-26T13:25:55.040000+00:00
2869,11342,piastri,81,16,21.7,21.7,2026-07-26T13:26:33.852000+00:00
2870,11342,leclerc,16,16,21.9,21.9,2026-07-26T13:26:41.676000+00:00
2871,11342,gasly,10,16,21.4,21.4,2026-07-26T13:27:14.786000+00:00
2872,11342,norris,1,17,22.1,22.1,2026-07-26T13:28:00.540000+00:00
2873,11342,ocon,31,17,22.5,22.5,2026-07-26T13:28:49.903000+00:00
2874,11342,sainz,55,18,21.6,21.6,2026-07-26T13:30:22.324000+00:00
2875,11342,hadjar,6,19,21.8,21.8,2026-07-26T13:31:16.420000+00:00
2876,11342,hulkenberg,27,19,21.4,21.4,2026-07-26T13:31:30.310000+00:00
2877,11342,arvid_lindblad,41,20,21.3,21.3,2026-07-26T13:32:55.402000+00:00
2878,11342,lawson,30,21,21.9,21.9,2026-07-26T13:34:20.885000+00:00
2879,11342,perez,11,21,23.2,23.2,2026-07-26T13:35:15.179000+00:00
2880,11342,antonelli,12,22,21.3,21.3,2026-07-26T13:35:16.642000+00:00
2881,11342,bearman,87,22,22.5,22.5,2026-07-26T13:36:16.382000+00:00
2882,11342,albon,23,26,22.1,22.1,2026-07-26T13:42:20.136000+00:00
2883,11342,russell,63,27,22.2,22.2,2026-07-26T13:42:56.696000+00:00
2884,11342,bortoleto,5,29,21.7,21.7,2026-07-26T13:46:11.589000+00:00
2885,11342,hamilton,44,30,21.6,21.6,2026-07-26T13:46:55.302000+00:00
2886,11342,piastri,81,33,21.7,21.7,2026-07-26T13:51:04.546000+00:00
2887,11342,alonso,14,34,22.1,22.1,2026-07-26T13:53:49.332000+00:00
2888,11342,ocon,31,35,22.3,22.3,2026-07-26T13:55:29.069000+00:00
2889,11342,leclerc,16,36,21.7,21.7,2026-07-26T13:55:31.438000+00:00
2890,11342,stroll,18,37,24.2,24.2,2026-07-26T13:58:17.740000+00:00
2891,11342,colapinto,43,37,22.2,22.2,2026-07-26T13:58:20.671000+00:00
2892,11342,hulkenberg,27,39,22.1,22.1,2026-07-26T14:00:41.461000+00:00
2893,11342,gasly,10,39,21.5,21.5,2026-07-26T14:00:56.586000+00:00
2894,11342,max_verstappen,3,41,22.0,22.0,2026-07-26T14:02:34.058000+00:00
2895,11342,hadjar,6,42,22.2,22.2,2026-07-26T14:04:31.983000+00:00
2896,11342,lawson,30,42,21.5,21.5,2026-07-26T14:04:54.514000+00:00
2897,11342,bearman,87,42,22.3,22.3,2026-07-26T14:06:05.054000+00:00
2898,11342,sainz,55,43,28.6,28.6,2026-07-26T14:07:30.243000+00:00
2899,11342,perez,11,46,24.2,24.2,2026-07-26T14:12:30.716000+00:00
2900,11342,antonelli,12,53,21.3,21.3,2026-07-26T14:19:33.974000+00:00
2901,11342,russell,63,54,22.0,22.0,2026-07-26T14:21:36.025000+00:00
2902,11342,albon,23,54,22.7,22.7,2026-07-26T14:23:39.271000+00:00
2903,11342,norris,1,56,21.8,21.8,2026-07-26T14:23:44.520000+00:00
2904,11342,sainz,55,54,22.0,22.0,2026-07-26T14:23:47.468000+00:00
2905,11342,hamilton,44,56,22.4,22.4,2026-07-26T14:24:03.700000+00:00
2906,11342,leclerc,16,56,21.9,21.9,2026-07-26T14:24:17.788000+00:00
2907,11342,gasly,10,55,21.7,21.7,2026-07-26T14:24:28.241000+00:00
2908,11342,alonso,14,55,22.6,22.6,2026-07-26T14:24:38.573000+00:00
2909,11348,sainz,55,16,24.0,24.0,2026-08-22T10:24:52.249000+00:00
2910,11348,hulkenberg,27,5,1270.4,1270.4,2026-08-22T10:31:13.623000+00:00
2911,11353,norris,1,2,1571.5,1571.5,2026-08-23T13:33:05.260000+00:00
2912,11353,antonelli,12,2,1572.5,1572.5,2026-08-23T13:33:08.095000+00:00
2913,11353,russell,63,2,1573.6,1573.6,2026-08-23T13:33:12.352000+00:00
2914,11353,leclerc,16,2,1573.7,1573.7,2026-08-23T13:33:16.132000+00:00
2915,11353,piastri,81,2,1574.8,1574.8,2026-08-23T13:33:19.752000+00:00
2916,11353,hamilton,44,2,1576.6,1576.6,2026-08-23T13:33:25.023000+00:00
2917,11353,lawson,30,2,1576.8,1576.8,2026-08-23T13:33:27.758000+00:00
2918,11353,arvid_lindblad,41,2,1578.2,1578.2,2026-08-23T13:33:33.508000+00:00
2919,11353,gasly,10,2,1577.2,1577.2,2026-08-23T13:33:36.629000+00:00
2920,11353,colapinto,43,2,1578.8,1578.8,2026-08-23T13:33:40.026000+00:00
2921,11353,tsunoda,22,2,1581.1,1581.1,2026-08-23T13:33:45.824000+00:00
2922,11353,hulkenberg,27,2,1582.9,1582.9,2026-08-23T13:33:49.090000+00:00
2923,11353,albon,23,2,1579.2,1579.2,2026-08-23T13:33:50.913000+00:00
2924,11353,ocon,31,2,1584.8,1584.8,2026-08-23T13:33:54.503000+00:00
2925,11353,alonso,14,2,1587.1,1587.1,2026-08-23T13:34:00.266000+00:00
2926,11353,bearman,87,2,1584.6,1584.6,2026-08-23T13:34:02.610000+00:00
2927,11353,bortoleto,5,2,1583.7,1583.7,2026-08-23T13:34:05.710000+00:00
2928,11353,stroll,18,2,1619.9,1619.9,2026-08-23T13:34:40.026000+00:00
2929,11353,sainz,55,2,1617.4,1617.4,2026-08-23T13:34:41.698000+00:00
2930,11353,bottas,77,2,1612.1,1612.1,2026-08-23T13:34:44.151000+00:00
2931,11353,perez,11,2,1618.0,1618.0,2026-08-23T13:34:46.016000+00:00
2932,11353,arvid_lindblad,41,5,12.3,12.3,2026-08-23T13:41:20.293000+00:00
2933,11353,colapinto,43,8,12.0,12.0,2026-08-23T13:45:19.012000+00:00
2934,11353,bortoleto,5,11,18.0,18.0,2026-08-23T13:49:24.979000+00:00
2935,11353,stroll,18,15,17.6,17.6,2026-08-23T13:54:45.114000+00:00
2936,11353,ocon,31,16,18.6,18.6,2026-08-23T13:56:02.015000+00:00
2937,11353,russell,63,17,18.0,18.0,2026-08-23T13:56:54.016000+00:00
2938,11353,piastri,81,18,20.2,20.2,2026-08-23T13:58:11.766000+00:00
2939,11353,gasly,10,18,18.0,18.0,2026-08-23T13:58:30.380000+00:00
2940,11353,tsunoda,22,18,18.0,18.0,2026-08-23T13:58:34.848000+00:00
2941,11353,hulkenberg,27,19,17.0,17.0,2026-08-23T13:59:49.557000+00:00
2942,11353,antonelli,12,21,18.7,18.7,2026-08-23T14:01:55.449000+00:00
2943,11353,norris,1,21,18.0,18.0,2026-08-23T14:01:57.042000+00:00
2944,11353,leclerc,16,21,19.7,19.7,2026-08-23T14:02:07.026000+00:00
2945,11353,lawson,30,21,18.6,18.6,2026-08-23T14:02:18.875000+00:00
2946,11353,colapinto,43,21,19.4,19.4,2026-08-23T14:03:00.159000+00:00
2947,11353,hamilton,44,25,17.8,17.8,2026-08-23T14:07:17.499000+00:00
2948,11353,albon,23,26,17.5,17.5,2026-08-23T14:09:11.916000+00:00
2949,11353,bottas,77,28,20.0,20.0,2026-08-23T14:12:22.125000+00:00
2950,11353,perez,11,29,18.4,18.4,2026-08-23T14:13:42.184000+00:00
2951,11353,sainz,55,30,17.8,17.8,2026-08-23T14:14:42.578000+00:00
2952,11353,alonso,14,34,17.6,17.6,2026-08-23T14:19:45.499000+00:00
2953,11353,bortoleto,5,34,17.5,17.5,2026-08-23T14:19:59.920000+00:00
2954,11353,stroll,18,35,17.2,17.2,2026-08-23T14:21:28.904000+00:00
2955,11353,arvid_lindblad,41,36,18.5,18.5,2026-08-23T14:22:41.117000+00:00
2956,11353,ocon,31,36,17.9,17.9,2026-08-23T14:22:44.742000+00:00
2957,11353,antonelli,12,40,17.7,17.7,2026-08-23T14:26:27.430000+00:00
2958,11353,russell,63,40,17.4,17.4,2026-08-23T14:26:37.440000+00:00
2959,11353,leclerc,16,43,18.7,18.7,2026-08-23T14:30:30.957000+00:00
2960,11353,piastri,81,44,18.1,18.1,2026-08-23T14:31:58.200000+00:00
2961,11353,tsunoda,22,44,17.8,17.8,2026-08-23T14:32:58.543000+00:00
2962,11353,colapinto,43,45,18.3,18.3,2026-08-23T14:34:49.935000+00:00
2963,11353,norris,1,47,17.5,17.5,2026-08-23T14:35:24.577000+00:00
2964,11353,gasly,10,46,18.1,18.1,2026-08-23T14:35:35.606000+00:00
2965,11353,lawson,30,47,18.2,18.2,2026-08-23T14:36:11.351000+00:00
2966,11353,hulkenberg,27,48,17.7,17.7,2026-08-23T14:37:55.220000+00:00
2967,11353,albon,23,49,17.4,17.4,2026-08-23T14:39:53.413000+00:00
2968,11353,bottas,77,51,19.6,19.6,2026-08-23T14:43:19.720000+00:00
2969,11353,perez,11,52,18.5,18.5,2026-08-23T14:44:15.983000+00:00
2970,11353,bortoleto,5,53,19.2,19.2,2026-08-23T14:45:02.725000+00:00
2971,11353,hamilton,44,55,18.7,18.7,2026-08-23T14:46:10.280000+00:00
2972,11353,leclerc,16,55,18.7,18.7,2026-08-23T14:46:18.402000+00:00
2973,11353,piastri,81,55,17.8,17.8,2026-08-23T14:46:39.148000+00:00
2974,11353,antonelli,12,56,19.1,19.1,2026-08-23T14:47:52.045000+00:00
2975,11353,sainz,55,65,18.0,18.0,2026-08-23T15:02:28.164000+00:00
