race_id,season_year,round,race_name,circuit_name,date,country,locality,race_time,lat,lng,schedule_json
2023_1,2023,1,Bahrain Grand Prix,Bahrain International Circuit,2023-03-05,Bahrain,Sakhir,15:00:00Z,26.0325,50.5106,"{""FirstPractice"": {""date"": ""2023-03-03"", ""time"": ""11:30:00Z""}, ""SecondPractice"": {""date"": ""2023-03-03"", ""time"": ""15:00:00Z""}, ""ThirdPractice"": {""date"": ""2023-03-04"", ""time"": ""11:30:00Z""}, ""Qualifying"": {""date"": ""2023-03-04"", ""time"": ""15:00:00Z""}}"
2023_2,2023,2,Saudi Arabian Grand Prix,Jeddah Corniche Circuit,2023-03-19,Saudi Arabia,Jeddah,17:00:00Z,21.6319,39.1044,"{""FirstPractice"": {""date"": ""2023-03-17"", ""time"": ""13:30:00Z""}, ""SecondPractice"": {""date"": ""2023-03-17"", ""time"": ""17:00:00Z""}, ""ThirdPractice"": {""date"": ""2023-03-18"", ""time"": ""13:30:00Z""}, ""Qualifying"": {""date"": ""2023-03-18"", ""time"": ""17:00:00Z""}}"
2023_3,2023,3,Australian Grand Prix,Albert Park Grand Prix Circuit,2023-04-02,Australia,Melbourne,05:00:00Z,-37.8497,144.968,"{""FirstPractice"": {""date"": ""2023-03-31"", ""time"": ""01:30:00Z""}, ""SecondPractice"": {""date"": ""2023-03-31"", ""time"": ""05:00:00Z""}, ""ThirdPractice"": {""date"": ""2023-04-01"", ""time"": ""01:30:00Z""}, ""Qualifying"": {""date"": ""2023-04-01"", ""time"": ""05:00:00Z""}}"
2023_4,2023,4,Azerbaijan Grand Prix,Baku City Circuit,2023-04-30,Azerbaijan,Baku,11:00:00Z,40.3725,49.8533,"{""FirstPractice"": {""date"": ""2023-04-28"", ""time"": ""09:30:00Z""}, ""SprintShootout"": {""date"": ""2023-04-29"", ""time"": ""09:30:00Z""}, ""Sprint"": {""date"": ""2023-04-29"", ""time"": ""13:30:00Z""}, ""Qualifying"": {""date"": ""2023-04-28"", ""time"": ""13:00:00Z""}}"
2023_5,2023,5,Miami Grand Prix,Miami International Autodrome,2023-05-07,USA,Miami,19:30:00Z,25.9581,-80.2389,"{""FirstPractice"": {""date"": ""2023-05-05"", ""time"": ""18:00:00Z""}, ""SecondPractice"": {""date"": ""2023-05-05"", ""time"": ""21:30:00Z""}, ""ThirdPractice"": {""date"": ""2023-05-06"", ""time"": ""16:30:00Z""}, ""Qualifying"": {""date"": ""2023-05-06"", ""time"": ""20:00:00Z""}}"
2002_1,2002,1,Australian Grand Prix,Albert Park Grand Prix Circuit,2002-03-03,Australia,Melbourne,,-37.8497,144.968,
2002_2,2002,2,Malaysian Grand Prix,Sepang International Circuit,2002-03-17,Malaysia,Kuala Lumpur,,2.76083,101.738,
2002_3,2002,3,Brazilian Grand Prix,Autódromo José Carlos Pace,2002-03-31,Brazil,São Paulo,,-23.7036,-46.6997,
2002_4,2002,4,San Marino Grand Prix,Autodromo Enzo e Dino Ferrari,2002-04-14,Italy,Imola,,44.3439,11.7167,
2002_5,2002,5,Spanish Grand Prix,Circuit de Barcelona-Catalunya,2002-04-28,Spain,Barcelona,,41.57,2.26111,
2002_6,2002,6,Austrian Grand Prix,Red Bull Ring,2002-05-12,Austria,Spielberg,,47.2197,14.7647,
2002_7,2002,7,Monaco Grand Prix,Circuit de Monaco,2002-05-26,Monaco,Monte Carlo,,43.7347,7.42056,
2002_8,2002,8,Canadian Grand Prix,Circuit Gilles Villeneuve,2002-06-09,Canada,Montreal,,45.5,-73.5228,
2002_9,2002,9,European Grand Prix,Nürburgring,2002-06-23,Germany,Nürburg,,50.3356,6.9475,
2002_10,2002,10,British Grand Prix,Silverstone Circuit,2002-07-07,UK,Silverstone,,52.0786,-1.01694,
2002_11,2002,11,French Grand Prix,Circuit de Nevers Magny-Cours,2002-07-21,France,Magny Cours,,46.8642,3.16361,
2002_12,2002,12,German Grand Prix,Hockenheimring,2002-07-28,Germany,Hockenheim,,49.3278,8.56583,
2002_13,2002,13,Hungarian Grand Prix,Hungaroring,2002-08-18,Hungary,Budapest,,47.5789,19.2486,
2002_14,2002,14,Belgian Grand Prix,Circuit de Spa-Francorchamps,2002-09-01,Belgium,Spa,,50.4372,5.97139,
2002_15,2002,15,Italian Grand Prix,Autodromo Nazionale di Monza,2002-09-15,Italy,Monza,,45.6156,9.28111,
2002_16,2002,16,United States Grand Prix,Indianapolis Motor Speedway,2002-09-29,USA,Indianapolis,,39.795,-86.2347,
2002_17,2002,17,Japanese Grand Prix,Suzuka Circuit,2002-10-13,Japan,Suzuka,,34.8431,136.541,
2003_1,2003,1,Australian Grand Prix,Albert Park Grand Prix Circuit,2003-03-09,Australia,Melbourne,,-37.8497,144.968,
2003_2,2003,2,Malaysian Grand Prix,Sepang International Circuit,2003-03-23,Malaysia,Kuala Lumpur,,2.76083,101.738,
2003_3,2003,3,Brazilian Grand Prix,Autódromo José Carlos Pace,2003-04-06,Brazil,São Paulo,,-23.7036,-46.6997,
2003_4,2003,4,San Marino Grand Prix,Autodromo Enzo e Dino Ferrari,2003-04-20,Italy,Imola,,44.3439,11.7167,
2003_5,2003,5,Spanish Grand Prix,Circuit de Barcelona-Catalunya,2003-05-04,Spain,Barcelona,,41.57,2.26111,
2003_6,2003,6,Austrian Grand Prix,Red Bull Ring,2003-05-18,Austria,Spielberg,,47.2197,14.7647,
2003_7,2003,7,Monaco Grand Prix,Circuit de Monaco,2003-06-01,Monaco,Monte Carlo,,43.7347,7.42056,
2003_8,2003,8,Canadian Grand Prix,Circuit Gilles Villeneuve,2003-06-15,Canada,Montreal,,45.5,-73.5228,
2003_9,2003,9,European Grand Prix,Nürburgring,2003-06-29,Germany,Nürburg,,50.3356,6.9475,
2003_10,2003,10,French Grand Prix,Circuit de Nevers Magny-Cours,2003-07-06,France,Magny Cours,,46.8642,3.16361,
2003_11,2003,11,British Grand Prix,Silverstone Circuit,2003-07-20,UK,Silverstone,,52.0786,-1.01694,
2003_12,2003,12,German Grand Prix,Hockenheimring,2003-08-03,Germany,Hockenheim,,49.3278,8.56583,
2003_13,2003,13,Hungarian Grand Prix,Hungaroring,2003-08-24,Hungary,Budapest,,47.5789,19.2486,
2003_14,2003,14,Italian Grand Prix,Autodromo Nazionale di Monza,2003-09-14,Italy,Monza,,45.6156,9.28111,
2003_15,2003,15,United States Grand Prix,Indianapolis Motor Speedway,2003-09-28,USA,Indianapolis,,39.795,-86.2347,
2003_16,2003,16,Japanese Grand Prix,Suzuka Circuit,2003-10-12,Japan,Suzuka,,34.8431,136.541,
2004_1,2004,1,Australian Grand Prix,Albert Park Grand Prix Circuit,2004-03-07,Australia,Melbourne,,-37.8497,144.968,
2004_2,2004,2,Malaysian Grand Prix,Sepang International Circuit,2004-03-21,Malaysia,Kuala Lumpur,,2.76083,101.738,
2004_3,2004,3,Bahrain Grand Prix,Bahrain International Circuit,2004-04-04,Bahrain,Sakhir,,26.0325,50.5106,
2004_4,2004,4,San Marino Grand Prix,Autodromo Enzo e Dino Ferrari,2004-04-25,Italy,Imola,,44.3439,11.7167,
2004_5,2004,5,Spanish Grand Prix,Circuit de Barcelona-Catalunya,2004-05-09,Spain,Barcelona,,41.57,2.26111,
2004_6,2004,6,Monaco Grand Prix,Circuit de Monaco,2004-05-23,Monaco,Monte Carlo,,43.7347,7.42056,
2004_7,2004,7,European Grand Prix,Nürburgring,2004-05-30,Germany,Nürburg,,50.3356,6.9475,
2004_8,2004,8,Canadian Grand Prix,Circuit Gilles Villeneuve,2004-06-13,Canada,Montreal,,45.5,-73.5228,
2004_9,2004,9,United States Grand Prix,Indianapolis Motor Speedway,2004-06-20,USA,Indianapolis,,39.795,-86.2347,
2004_10,2004,10,French Grand Prix,Circuit de Nevers Magny-Cours,2004-07-04,France,Magny Cours,,46.8642,3.16361,
2004_11,2004,11,British Grand Prix,Silverstone Circuit,2004-07-11,UK,Silverstone,,52.0786,-1.01694,
2004_12,2004,12,German Grand Prix,Hockenheimring,2004-07-25,Germany,Hockenheim,,49.3278,8.56583,
2004_13,2004,13,Hungarian Grand Prix,Hungaroring,2004-08-15,Hungary,Budapest,,47.5789,19.2486,
2004_14,2004,14,Belgian Grand Prix,Circuit de Spa-Francorchamps,2004-08-29,Belgium,Spa,,50.4372,5.97139,
2004_15,2004,15,Italian Grand Prix,Autodromo Nazionale di Monza,2004-09-12,Italy,Monza,,45.6156,9.28111,
2004_16,2004,16,Chinese Grand Prix,Shanghai International Circuit,2004-09-26,China,Shanghai,,31.3389,121.22,
2004_17,2004,17,Japanese Grand Prix,Suzuka Circuit,2004-10-10,Japan,Suzuka,,34.8431,136.541,
2004_18,2004,18,Brazilian Grand Prix,Autódromo José Carlos Pace,2004-10-24,Brazil,São Paulo,,-23.7036,-46.6997,
2005_1,2005,1,Australian Grand Prix,Albert Park Grand Prix Circuit,2005-03-06,Australia,Melbourne,14:00:00Z,-37.8497,144.968,
2005_2,2005,2,Malaysian Grand Prix,Sepang International Circuit,2005-03-20,Malaysia,Kuala Lumpur,15:00:00Z,2.76083,101.738,
2005_3,2005,3,Bahrain Grand Prix,Bahrain International Circuit,2005-04-03,Bahrain,Sakhir,14:30:00Z,26.0325,50.5106,
2005_4,2005,4,San Marino Grand Prix,Autodromo Enzo e Dino Ferrari,2005-04-24,Italy,Imola,14:00:00Z,44.3439,11.7167,
2005_5,2005,5,Spanish Grand Prix,Circuit de Barcelona-Catalunya,2005-05-08,Spain,Barcelona,14:00:00Z,41.57,2.26111,
2005_6,2005,6,Monaco Grand Prix,Circuit de Monaco,2005-05-22,Monaco,Monte Carlo,14:00:00Z,43.7347,7.42056,
2005_7,2005,7,European Grand Prix,Nürburgring,2005-05-29,Germany,Nürburg,14:00:00Z,50.3356,6.9475,
2005_8,2005,8,Canadian Grand Prix,Circuit Gilles Villeneuve,2005-06-12,Canada,Montreal,13:00:00Z,45.5,-73.5228,
2005_9,2005,9,United States Grand Prix,Indianapolis Motor Speedway,2005-06-19,USA,Indianapolis,14:00:00Z,39.795,-86.2347,
2005_10,2005,10,French Grand Prix,Circuit de Nevers Magny-Cours,2005-07-03,France,Magny Cours,14:00:00Z,46.8642,3.16361,
2005_11,2005,11,British Grand Prix,Silverstone Circuit,2005-07-10,UK,Silverstone,14:00:00Z,52.0786,-1.01694,
2005_12,2005,12,German Grand Prix,Hockenheimring,2005-07-24,Germany,Hockenheim,14:00:00Z,49.3278,8.56583,
2005_13,2005,13,Hungarian Grand Prix,Hungaroring,2005-07-31,Hungary,Budapest,14:00:00Z,47.5789,19.2486,
2005_14,2005,14,Turkish Grand Prix,Istanbul Park,2005-08-21,Turkey,Istanbul,15:00:00Z,40.9517,29.405,
2005_15,2005,15,Italian Grand Prix,Autodromo Nazionale di Monza,2005-09-04,Italy,Monza,14:00:00Z,45.6156,9.28111,
2005_16,2005,16,Belgian Grand Prix,Circuit de Spa-Francorchamps,2005-09-11,Belgium,Spa,14:00:00Z,50.4372,5.97139,
2005_17,2005,17,Brazilian Grand Prix,Autódromo José Carlos Pace,2005-09-25,Brazil,São Paulo,14:00:00Z,-23.7036,-46.6997,
2005_18,2005,18,Japanese Grand Prix,Suzuka Circuit,2005-10-09,Japan,Suzuka,14:00:00Z,34.8431,136.541,
2005_19,2005,19,Chinese Grand Prix,Shanghai International Circuit,2005-10-16,China,Shanghai,14:00:00Z,31.3389,121.22,
2006_1,2006,1,Bahrain Grand Prix,Bahrain International Circuit,2006-03-12,Bahrain,Sakhir,14:30:00Z,26.0325,50.5106,"{""FirstPractice"": {""date"": ""2006-03-10""}, ""SecondPractice"": {""date"": ""2006-03-10""}, ""ThirdPractice"": {""date"": ""2006-03-11""}, ""Qualifying"": {""date"": ""2006-03-11""}}"
2006_2,2006,2,Malaysian Grand Prix,Sepang International Circuit,2006-03-19,Malaysia,Kuala Lumpur,15:00:00Z,2.76083,101.738,"{""FirstPractice"": {""date"": ""2006-03-17""}, ""SecondPractice"": {""date"": ""2006-03-17""}, ""ThirdPractice"": {""date"": ""2006-03-18""}, ""Qualifying"": {""date"": ""2006-03-18""}}"
2006_3,2006,3,Australian Grand Prix,Albert Park Grand Prix Circuit,2006-04-02,Australia,Melbourne,14:00:00Z,-37.8497,144.968,"{""FirstPractice"": {""date"": ""2006-03-31""}, ""SecondPractice"": {""date"": ""2006-03-31""}, ""ThirdPractice"": {""date"": ""2006-04-01""}, ""Qualifying"": {""date"": ""2006-04-01""}}"
2006_4,2006,4,San Marino Grand Prix,Autodromo Enzo e Dino Ferrari,2006-04-23,Italy,Imola,14:00:00Z,44.3439,11.7167,"{""FirstPractice"": {""date"": ""2006-04-21""}, ""SecondPractice"": {""date"": ""2006-04-21""}, ""ThirdPractice"": {""date"": ""2006-04-22""}, ""Qualifying"": {""date"": ""2006-04-22""}}"
2006_5,2006,5,European Grand Prix,Nürburgring,2006-05-07,Germany,Nürburg,14:00:00Z,50.3356,6.9475,"{""FirstPractice"": {""date"": ""2006-05-05""}, ""SecondPractice"": {""date"": ""2006-05-05""}, ""ThirdPractice"": {""date"": ""2006-05-06""}, ""Qualifying"": {""date"": ""2006-05-06""}}"
2006_6,2006,6,Spanish Grand Prix,Circuit de Barcelona-Catalunya,2006-05-14,Spain,Barcelona,14:00:00Z,41.57,2.26111,"{""FirstPractice"": {""date"": ""2006-05-12""}, ""SecondPractice"": {""date"": ""2006-05-12""}, ""ThirdPractice"": {""date"": ""2006-05-13""}, ""Qualifying"": {""date"": ""2006-05-13""}}"
2006_7,2006,7,Monaco Grand Prix,Circuit de Monaco,2006-05-28,Monaco,Monte Carlo,14:00:00Z,43.7347,7.42056,"{""FirstPractice"": {""date"": ""2006-05-25""}, ""SecondPractice"": {""date"": ""2006-05-25""}, ""ThirdPractice"": {""date"": ""2006-05-27""}, ""Qualifying"": {""date"": ""2006-05-27""}}"
2006_8,2006,8,British Grand Prix,Silverstone Circuit,2006-06-11,UK,Silverstone,12:00:00Z,52.0786,-1.01694,"{""FirstPractice"": {""date"": ""2006-06-09""}, ""SecondPractice"": {""date"": ""2006-06-09""}, ""ThirdPractice"": {""date"": ""2006-06-10""}, ""Qualifying"": {""date"": ""2006-06-10""}}"
2006_9,2006,9,Canadian Grand Prix,Circuit Gilles Villeneuve,2006-06-25,Canada,Montreal,13:00:00Z,45.5,-73.5228,"{""FirstPractice"": {""date"": ""2006-06-23""}, ""SecondPractice"": {""date"": ""2006-06-23""}, ""ThirdPractice"": {""date"": ""2006-06-24""}, ""Qualifying"": {""date"": ""2006-06-24""}}"
2006_10,2006,10,United States Grand Prix,Indianapolis Motor Speedway,2006-07-02,USA,Indianapolis,14:00:00Z,39.795,-86.2347,"{""FirstPractice"": {""date"": ""2006-06-30""}, ""SecondPractice"": {""date"": ""2006-06-30""}, ""ThirdPractice"": {""date"": ""2006-07-01""}, ""Qualifying"": {""date"": ""2006-07-01""}}"
2006_11,2006,11,French Grand Prix,Circuit de Nevers Magny-Cours,2006-07-16,France,Magny Cours,14:00:00Z,46.8642,3.16361,"{""FirstPractice"": {""date"": ""2006-07-14""}, ""SecondPractice"": {""date"": ""2006-07-14""}, ""ThirdPractice"": {""date"": ""2006-07-15""}, ""Qualifying"": {""date"": ""2006-07-15""}}"
2006_12,2006,12,German Grand Prix,Hockenheimring,2006-07-30,Germany,Hockenheim,14:00:00Z,49.3278,8.56583,"{""FirstPractice"": {""date"": ""2006-07-28""}, ""SecondPractice"": {""date"": ""2006-07-28""}, ""ThirdPractice"": {""date"": ""2006-07-29""}, ""Qualifying"": {""date"": ""2006-07-29""}}"
2006_13,2006,13,Hungarian Grand Prix,Hungaroring,2006-08-06,Hungary,Budapest,14:00:00Z,47.5789,19.2486,"{""FirstPractice"": {""date"": ""2006-08-04""}, ""SecondPractice"": {""date"": ""2006-08-04""}, ""ThirdPractice"": {""date"": ""2006-08-05""}, ""Qualifying"": {""date"": ""2006-08-05""}}"
2006_14,2006,14,Turkish Grand Prix,Istanbul Park,2006-08-27,Turkey,Istanbul,15:00:00Z,40.9517,29.405,"{""FirstPractice"": {""date"": ""2006-08-25""}, ""SecondPractice"": {""date"": ""2006-08-25""}, ""ThirdPractice"": {""date"": ""2006-08-26""}, ""Qualifying"": {""date"": ""2006-08-26""}}"
2006_15,2006,15,Italian Grand Prix,Autodromo Nazionale di Monza,2006-09-10,Italy,Monza,14:00:00Z,45.6156,9.28111,"{""FirstPractice"": {""date"": ""2006-09-08""}, ""SecondPractice"": {""date"": ""2006-09-08""}, ""ThirdPractice"": {""date"": ""2006-09-09""}, ""Qualifying"": {""date"": ""2006-09-09""}}"
2006_16,2006,16,Chinese Grand Prix,Shanghai International Circuit,2006-10-01,China,Shanghai,14:00:00Z,31.3389,121.22,"{""FirstPractice"": {""date"": ""2006-09-29""}, ""SecondPractice"": {""date"": ""2006-09-29""}, ""ThirdPractice"": {""date"": ""2006-09-30""}, ""Qualifying"": {""date"": ""2006-09-30""}}"
2006_17,2006,17,Japanese Grand Prix,Suzuka Circuit,2006-10-08,Japan,Suzuka,14:00:00Z,34.8431,136.541,"{""FirstPractice"": {""date"": ""2006-10-06""}, ""SecondPractice"": {""date"": ""2006-10-06""}, ""ThirdPractice"": {""date"": ""2006-10-07""}, ""Qualifying"": {""date"": ""2006-10-07""}}"
2006_18,2006,18,Brazilian Grand Prix,Autódromo José Carlos Pace,2006-10-22,Brazil,São Paulo,14:00:00Z,-23.7036,-46.6997,"{""FirstPractice"": {""date"": ""2006-10-20""}, ""SecondPractice"": {""date"": ""2006-10-20""}, ""ThirdPractice"": {""date"": ""2006-10-21""}, ""Qualifying"": {""date"": ""2006-10-21""}}"
2007_1,2007,1,Australian Grand Prix,Albert Park Grand Prix Circuit,2007-03-18,Australia,Melbourne,03:00:00Z,-37.8497,144.968,"{""FirstPractice"": {""date"": ""2007-03-16""}, ""SecondPractice"": {""date"": ""2007-03-16""}, ""ThirdPractice"": {""date"": ""2007-03-17""}, ""Qualifying"": {""date"": ""2007-03-17""}}"
2007_2,2007,2,Malaysian Grand Prix,Sepang International Circuit,2007-04-08,Malaysia,Kuala Lumpur,07:00:00Z,2.76083,101.738,"{""FirstPractice"": {""date"": ""2007-04-06""}, ""SecondPractice"": {""date"": ""2007-04-06""}, ""ThirdPractice"": {""date"": ""2007-04-07""}, ""Qualifying"": {""date"": ""2007-04-07""}}"
2007_3,2007,3,Bahrain Grand Prix,Bahrain International Circuit,2007-04-15,Bahrain,Sakhir,11:30:00Z,26.0325,50.5106,"{""FirstPractice"": {""date"": ""2007-04-13""}, ""SecondPractice"": {""date"": ""2007-04-13""}, ""ThirdPractice"": {""date"": ""2007-04-14""}, ""Qualifying"": {""date"": ""2007-04-14""}}"
2007_4,2007,4,Spanish Grand Prix,Circuit de Barcelona-Catalunya,2007-05-13,Spain,Barcelona,12:00:00Z,41.57,2.26111,"{""FirstPractice"": {""date"": ""2007-05-11""}, ""SecondPractice"": {""date"": ""2007-05-11""}, ""ThirdPractice"": {""date"": ""2007-05-12""}, ""Qualifying"": {""date"": ""2007-05-12""}}"
2007_5,2007,5,Monaco Grand Prix,Circuit de Monaco,2007-05-27,Monaco,Monte Carlo,12:00:00Z,43.7347,7.42056,"{""FirstPractice"": {""date"": ""2007-05-24""}, ""SecondPractice"": {""date"": ""2007-05-24""}, ""ThirdPractice"": {""date"": ""2007-05-26""}, ""Qualifying"": {""date"": ""2007-05-26""}}"
2007_6,2007,6,Canadian Grand Prix,Circuit Gilles Villeneuve,2007-06-10,Canada,Montreal,17:00:00Z,45.5,-73.5228,"{""FirstPractice"": {""date"": ""2007-06-08""}, ""SecondPractice"": {""date"": ""2007-06-08""}, ""ThirdPractice"": {""date"": ""2007-06-09""}, ""Qualifying"": {""date"": ""2007-06-09""}}"
2007_7,2007,7,United States Grand Prix,Indianapolis Motor Speedway,2007-06-17,USA,Indianapolis,17:00:00Z,39.795,-86.2347,"{""FirstPractice"": {""date"": ""2007-06-15""}, ""SecondPractice"": {""date"": ""2007-06-15""}, ""ThirdPractice"": {""date"": ""2007-06-16""}, ""Qualifying"": {""date"": ""2007-06-16""}}"
2007_8,2007,8,French Grand Prix,Circuit de Nevers Magny-Cours,2007-07-01,France,Magny Cours,12:00:00Z,46.8642,3.16361,"{""FirstPractice"": {""date"": ""2007-06-29""}, ""SecondPractice"": {""date"": ""2007-06-29""}, ""ThirdPractice"": {""date"": ""2007-06-30""}, ""Qualifying"": {""date"": ""2007-06-30""}}"
2007_9,2007,9,British Grand Prix,Silverstone Circuit,2007-07-08,UK,Silverstone,12:00:00Z,52.0786,-1.01694,"{""FirstPractice"": {""date"": ""2007-07-06""}, ""SecondPractice"": {""date"": ""2007-07-06""}, ""ThirdPractice"": {""date"": ""2007-07-07""}, ""Qualifying"": {""date"": ""2007-07-07""}}"
2007_10,2007,10,European Grand Prix,Nürburgring,2007-07-22,Germany,Nürburg,12:00:00Z,50.3356,6.9475,"{""FirstPractice"": {""date"": ""2007-07-20""}, ""SecondPractice"": {""date"": ""2007-07-20""}, ""ThirdPractice"": {""date"": ""2007-07-21""}, ""Qualifying"": {""date"": ""2007-07-21""}}"
2007_11,2007,11,Hungarian Grand Prix,Hungaroring,2007-08-05,Hungary,Budapest,12:00:00Z,47.5789,19.2486,"{""FirstPractice"": {""date"": ""2007-08-03""}, ""SecondPractice"": {""date"": ""2007-08-03""}, ""ThirdPractice"": {""date"": ""2007-08-04""}, ""Qualifying"": {""date"": ""2007-08-04""}}"
2007_12,2007,12,Turkish Grand Prix,Istanbul Park,2007-08-26,Turkey,Istanbul,12:00:00Z,40.9517,29.405,"{""FirstPractice"": {""date"": ""2007-08-24""}, ""SecondPractice"": {""date"": ""2007-08-24""}, ""ThirdPractice"": {""date"": ""2007-08-25""}, ""Qualifying"": {""date"": ""2007-08-25""}}"
2007_13,2007,13,Italian Grand Prix,Autodromo Nazionale di Monza,2007-09-09,Italy,Monza,12:00:00Z,45.6156,9.28111,"{""FirstPractice"": {""date"": ""2007-09-07""}, ""SecondPractice"": {""date"": ""2007-09-07""}, ""ThirdPractice"": {""date"": ""2007-09-08""}, ""Qualifying"": {""date"": ""2007-09-08""}}"
2007_14,2007,14,Belgian Grand Prix,Circuit de Spa-Francorchamps,2007-09-16,Belgium,Spa,12:00:00Z,50.4372,5.97139,"{""FirstPractice"": {""date"": ""2007-09-14""}, ""SecondPractice"": {""date"": ""2007-09-14""}, ""ThirdPractice"": {""date"": ""2007-09-15""}, ""Qualifying"": {""date"": ""2007-09-15""}}"
2007_15,2007,15,Japanese Grand Prix,Fuji Speedway,2007-09-30,Japan,Oyama,04:30:00Z,35.3717,138.927,"{""FirstPractice"": {""date"": ""2007-09-28""}, ""SecondPractice"": {""date"": ""2007-09-28""}, ""ThirdPractice"": {""date"": ""2007-09-29""}, ""Qualifying"": {""date"": ""2007-09-29""}}"
2007_16,2007,16,Chinese Grand Prix,Shanghai International Circuit,2007-10-07,China,Shanghai,06:00:00Z,31.3389,121.22,"{""FirstPractice"": {""date"": ""2007-10-05""}, ""SecondPractice"": {""date"": ""2007-10-05""}, ""ThirdPractice"": {""date"": ""2007-10-06""}, ""Qualifying"": {""date"": ""2007-10-06""}}"
2007_17,2007,17,Brazilian Grand Prix,Autódromo José Carlos Pace,2007-10-21,Brazil,São Paulo,16:00:00Z,-23.7036,-46.6997,"{""FirstPractice"": {""date"": ""2007-10-19""}, ""SecondPractice"": {""date"": ""2007-10-19""}, ""ThirdPractice"": {""date"": ""2007-10-20""}, ""Qualifying"": {""date"": ""2007-10-20""}}"
2008_1,2008,1,Australian Grand Prix,Albert Park Grand Prix Circuit,2008-03-16,Australia,Melbourne,04:30:00Z,-37.8497,144.968,"{""FirstPractice"": {""date"": ""2008-03-14""}, ""SecondPractice"": {""date"": ""2008-03-14""}, ""ThirdPractice"": {""date"": ""2008-03-15""}, ""Qualifying"": {""date"": ""2008-03-15""}}"
2008_2,2008,2,Malaysian Grand Prix,Sepang International Circuit,2008-03-23,Malaysia,Kuala Lumpur,07:00:00Z,2.76083,101.738,"{""FirstPractice"": {""date"": ""2008-03-21""}, ""SecondPractice"": {""date"": ""2008-03-21""}, ""ThirdPractice"": {""date"": ""2008-03-22""}, ""Qualifying"": {""date"": ""2008-03-22""}}"
2008_3,2008,3,Bahrain Grand Prix,Bahrain International Circuit,2008-04-06,Bahrain,Sakhir,11:30:00Z,26.0325,50.5106,"{""FirstPractice"": {""date"": ""2008-04-04""}, ""SecondPractice"": {""date"": ""2008-04-04""}, ""ThirdPractice"": {""date"": ""2008-04-05""}, ""Qualifying"": {""date"": ""2008-04-05""}}"
2008_4,2008,4,Spanish Grand Prix,Circuit de Barcelona-Catalunya,2008-04-27,Spain,Barcelona,12:00:00Z,41.57,2.26111,"{""FirstPractice"": {""date"": ""2008-04-25""}, ""SecondPractice"": {""date"": ""2008-04-25""}, ""ThirdPractice"": {""date"": ""2008-04-26""}, ""Qualifying"": {""date"": ""2008-04-26""}}"
2008_5,2008,5,Turkish Grand Prix,Istanbul Park,2008-05-11,Turkey,Istanbul,12:00:00Z,40.9517,29.405,"{""FirstPractice"": {""date"": ""2008-05-09""}, ""SecondPractice"": {""date"": ""2008-05-09""}, ""ThirdPractice"": {""date"": ""2008-05-10""}, ""Qualifying"": {""date"": ""2008-05-10""}}"
2008_6,2008,6,Monaco Grand Prix,Circuit de Monaco,2008-05-25,Monaco,Monte Carlo,12:00:00Z,43.7347,7.42056,"{""FirstPractice"": {""date"": ""2008-05-22""}, ""SecondPractice"": {""date"": ""2008-05-22""}, ""ThirdPractice"": {""date"": ""2008-05-24""}, ""Qualifying"": {""date"": ""2008-05-24""}}"
2008_7,2008,7,Canadian Grand Prix,Circuit Gilles Villeneuve,2008-06-08,Canada,Montreal,17:00:00Z,45.5,-73.5228,"{""FirstPractice"": {""date"": ""2008-06-06""}, ""SecondPractice"": {""date"": ""2008-06-06""}, ""ThirdPractice"": {""date"": ""2008-06-07""}, ""Qualifying"": {""date"": ""2008-06-07""}}"
2008_8,2008,8,French Grand Prix,Circuit de Nevers Magny-Cours,2008-06-22,France,Magny Cours,12:00:00Z,46.8642,3.16361,"{""FirstPractice"": {""date"": ""2008-06-20""}, ""SecondPractice"": {""date"": ""2008-06-20""}, ""ThirdPractice"": {""date"": ""2008-06-21""}, ""Qualifying"": {""date"": ""2008-06-21""}}"
2008_9,2008,9,British Grand Prix,Silverstone Circuit,2008-07-06,UK,Silverstone,12:00:00Z,52.0786,-1.01694,"{""FirstPractice"": {""date"": ""2008-07-04""}, ""SecondPractice"": {""date"": ""2008-07-04""}, ""ThirdPractice"": {""date"": ""2008-07-05""}, ""Qualifying"": {""date"": ""2008-07-05""}}"
2008_10,2008,10,German Grand Prix,Hockenheimring,2008-07-20,Germany,Hockenheim,12:00:00Z,49.3278,8.56583,"{""FirstPractice"": {""date"": ""2008-07-18""}, ""SecondPractice"": {""date"": ""2008-07-18""}, ""ThirdPractice"": {""date"": ""2008-07-19""}, ""Qualifying"": {""date"": ""2008-07-19""}}"
2008_11,2008,11,Hungarian Grand Prix,Hungaroring,2008-08-03,Hungary,Budapest,12:00:00Z,47.5789,19.2486,"{""FirstPractice"": {""date"": ""2008-08-01""}, ""SecondPractice"": {""date"": ""2008-08-01""}, ""ThirdPractice"": {""date"": ""2008-08-02""}, ""Qualifying"": {""date"": ""2008-08-02""}}"
2008_12,2008,12,European Grand Prix,Valencia Street Circuit,2008-08-24,Spain,Valencia,12:00:00Z,39.4589,-0.331667,"{""FirstPractice"": {""date"": ""2008-08-22""}, ""SecondPractice"": {""date"": ""2008-08-22""}, ""ThirdPractice"": {""date"": ""2008-08-23""}, ""Qualifying"": {""date"": ""2008-08-23""}}"
2008_13,2008,13,Belgian Grand Prix,Circuit de Spa-Francorchamps,2008-09-07,Belgium,Spa,12:00:00Z,50.4372,5.97139,"{""FirstPractice"": {""date"": ""2008-09-05""}, ""SecondPractice"": {""date"": ""2008-09-05""}, ""ThirdPractice"": {""date"": ""2008-09-06""}, ""Qualifying"": {""date"": ""2008-09-06""}}"
2008_14,2008,14,Italian Grand Prix,Autodromo Nazionale di Monza,2008-09-14,Italy,Monza,12:00:00Z,45.6156,9.28111,"{""FirstPractice"": {""date"": ""2008-09-12""}, ""SecondPractice"": {""date"": ""2008-09-12""}, ""ThirdPractice"": {""date"": ""2008-09-13""}, ""Qualifying"": {""date"": ""2008-09-13""}}"
2008_15,2008,15,Singapore Grand Prix,Marina Bay Street Circuit,2008-09-28,Singapore,Marina Bay,12:00:00Z,1.2914,103.864,"{""FirstPractice"": {""date"": ""2008-09-26""}, ""SecondPractice"": {""date"": ""2008-09-26""}, ""ThirdPractice"": {""date"": ""2008-09-27""}, ""Qualifying"": {""date"": ""2008-09-27""}}"
2008_16,2008,16,Japanese Grand Prix,Fuji Speedway,2008-10-12,Japan,Oyama,04:30:00Z,35.3717,138.927,"{""FirstPractice"": {""date"": ""2008-10-10""}, ""SecondPractice"": {""date"": ""2008-10-10""}, ""ThirdPractice"": {""date"": ""2008-10-11""}, ""Qualifying"": {""date"": ""2008-10-11""}}"
2008_17,2008,17,Chinese Grand Prix,Shanghai International Circuit,2008-10-19,China,Shanghai,07:00:00Z,31.3389,121.22,"{""FirstPractice"": {""date"": ""2008-10-17""}, ""SecondPractice"": {""date"": ""2008-10-17""}, ""ThirdPractice"": {""date"": ""2008-10-18""}, ""Qualifying"": {""date"": ""2008-10-18""}}"
2008_18,2008,18,Brazilian Grand Prix,Autódromo José Carlos Pace,2008-11-02,Brazil,São Paulo,17:00:00Z,-23.7036,-46.6997,"{""FirstPractice"": {""date"": ""2008-10-31""}, ""SecondPractice"": {""date"": ""2008-10-31""}, ""ThirdPractice"": {""date"": ""2008-11-01""}, ""Qualifying"": {""date"": ""2008-11-01""}}"
2009_1,2009,1,Australian Grand Prix,Albert Park Grand Prix Circuit,2009-03-29,Australia,Melbourne,06:00:00Z,-37.8497,144.968,"{""FirstPractice"": {""date"": ""2009-03-27""}, ""SecondPractice"": {""date"": ""2009-03-27""}, ""ThirdPractice"": {""date"": ""2009-03-28""}, ""Qualifying"": {""date"": ""2009-03-28""}}"
2009_2,2009,2,Malaysian Grand Prix,Sepang International Circuit,2009-04-05,Malaysia,Kuala Lumpur,09:00:00Z,2.76083,101.738,"{""FirstPractice"": {""date"": ""2009-04-03""}, ""SecondPractice"": {""date"": ""2009-04-03""}, ""ThirdPractice"": {""date"": ""2009-04-04""}, ""Qualifying"": {""date"": ""2009-04-04""}}"
2009_3,2009,3,Chinese Grand Prix,Shanghai International Circuit,2009-04-19,China,Shanghai,07:00:00Z,31.3389,121.22,"{""FirstPractice"": {""date"": ""2009-04-17""}, ""SecondPractice"": {""date"": ""2009-04-17""}, ""ThirdPractice"": {""date"": ""2009-04-18""}, ""Qualifying"": {""date"": ""2009-04-18""}}"
2009_4,2009,4,Bahrain Grand Prix,Bahrain International Circuit,2009-04-26,Bahrain,Sakhir,12:00:00Z,26.0325,50.5106,"{""FirstPractice"": {""date"": ""2009-04-24""}, ""SecondPractice"": {""date"": ""2009-04-24""}, ""ThirdPractice"": {""date"": ""2009-04-25""}, ""Qualifying"": {""date"": ""2009-04-25""}}"
2009_5,2009,5,Spanish Grand Prix,Circuit de Barcelona-Catalunya,2009-05-10,Spain,Barcelona,12:00:00Z,41.57,2.26111,"{""FirstPractice"": {""date"": ""2009-05-08""}, ""SecondPractice"": {""date"": ""2009-05-08""}, ""ThirdPractice"": {""date"": ""2009-05-09""}, ""Qualifying"": {""date"": ""2009-05-09""}}"
2009_6,2009,6,Monaco Grand Prix,Circuit de Monaco,2009-05-24,Monaco,Monte Carlo,12:00:00Z,43.7347,7.42056,"{""FirstPractice"": {""date"": ""2009-05-21""}, ""SecondPractice"": {""date"": ""2009-05-21""}, ""ThirdPractice"": {""date"": ""2009-05-23""}, ""Qualifying"": {""date"": ""2009-05-23""}}"
2009_7,2009,7,Turkish Grand Prix,Istanbul Park,2009-06-07,Turkey,Istanbul,12:00:00Z,40.9517,29.405,"{""FirstPractice"": {""date"": ""2009-06-05""}, ""SecondPractice"": {""date"": ""2009-06-05""}, ""ThirdPractice"": {""date"": ""2009-06-06""}, ""Qualifying"": {""date"": ""2009-06-06""}}"
2009_8,2009,8,British Grand Prix,Silverstone Circuit,2009-06-21,UK,Silverstone,12:00:00Z,52.0786,-1.01694,"{""FirstPractice"": {""date"": ""2009-06-19""}, ""SecondPractice"": {""date"": ""2009-06-19""}, ""ThirdPractice"": {""date"": ""2009-06-20""}, ""Qualifying"": {""date"": ""2009-06-20""}}"
2009_9,2009,9,German Grand Prix,Nürburgring,2009-07-12,Germany,Nürburg,12:00:00Z,50.3356,6.9475,"{""FirstPractice"": {""date"": ""2009-07-10""}, ""SecondPractice"": {""date"": ""2009-07-10""}, ""ThirdPractice"": {""date"": ""2009-07-11""}, ""Qualifying"": {""date"": ""2009-07-11""}}"
2009_10,2009,10,Hungarian Grand Prix,Hungaroring,2009-07-26,Hungary,Budapest,12:00:00Z,47.5789,19.2486,"{""FirstPractice"": {""date"": ""2009-07-24""}, ""SecondPractice"": {""date"": ""2009-07-24""}, ""ThirdPractice"": {""date"": ""2009-07-25""}, ""Qualifying"": {""date"": ""2009-07-25""}}"
2009_11,2009,11,European Grand Prix,Valencia Street Circuit,2009-08-23,Spain,Valencia,12:00:00Z,39.4589,-0.331667,"{""FirstPractice"": {""date"": ""2009-08-21""}, ""SecondPractice"": {""date"": ""2009-08-21""}, ""ThirdPractice"": {""date"": ""2009-08-22""}, ""Qualifying"": {""date"": ""2009-08-22""}}"
2009_12,2009,12,Belgian Grand Prix,Circuit de Spa-Francorchamps,2009-08-30,Belgium,Spa,12:00:00Z,50.4372,5.97139,"{""FirstPractice"": {""date"": ""2009-08-28""}, ""SecondPractice"": {""date"": ""2009-08-28""}, ""ThirdPractice"": {""date"": ""2009-08-29""}, ""Qualifying"": {""date"": ""2009-08-29""}}"
2009_13,2009,13,Italian Grand Prix,Autodromo Nazionale di Monza,2009-09-13,Italy,Monza,12:00:00Z,45.6156,9.28111,"{""FirstPractice"": {""date"": ""2009-09-11""}, ""SecondPractice"": {""date"": ""2009-09-11""}, ""ThirdPractice"": {""date"": ""2009-09-12""}, ""Qualifying"": {""date"": ""2009-09-12""}}"
2009_14,2009,14,Singapore Grand Prix,Marina Bay Street Circuit,2009-09-27,Singapore,Marina Bay,12:00:00Z,1.2914,103.864,"{""FirstPractice"": {""date"": ""2009-09-25""}, ""SecondPractice"": {""date"": ""2009-09-25""}, ""ThirdPractice"": {""date"": ""2009-09-26""}, ""Qualifying"": {""date"": ""2009-09-26""}}"
2009_15,2009,15,Japanese Grand Prix,Suzuka Circuit,2009-10-04,Japan,Suzuka,05:00:00Z,34.8431,136.541,"{""FirstPractice"": {""date"": ""2009-10-02""}, ""SecondPractice"": {""date"": ""2009-10-02""}, ""ThirdPractice"": {""date"": ""2009-10-03""}, ""Qualifying"": {""date"": ""2009-10-03""}}"
2009_16,2009,16,Brazilian Grand Prix,Autódromo José Carlos Pace,2009-10-18,Brazil,São Paulo,16:00:00Z,-23.7036,-46.6997,"{""FirstPractice"": {""date"": ""2009-10-16""}, ""SecondPractice"": {""date"": ""2009-10-16""}, ""ThirdPractice"": {""date"": ""2009-10-17""}, ""Qualifying"": {""date"": ""2009-10-17""}}"
2009_17,2009,17,Abu Dhabi Grand Prix,Yas Marina Circuit,2009-11-01,UAE,Abu Dhabi,11:00:00Z,24.4672,54.6031,"{""FirstPractice"": {""date"": ""2009-10-30""}, ""SecondPractice"": {""date"": ""2009-10-30""}, ""ThirdPractice"": {""date"": ""2009-10-31""}, ""Qualifying"": {""date"": ""2009-10-31""}}"
2010_1,2010,1,Bahrain Grand Prix,Bahrain International Circuit,2010-03-14,Bahrain,Sakhir,12:00:00Z,26.0325,50.5106,"{""FirstPractice"": {""date"": ""2010-03-12""}, ""SecondPractice"": {""date"": ""2010-03-12""}, ""ThirdPractice"": {""date"": ""2010-03-13""}, ""Qualifying"": {""date"": ""2010-03-13""}}"
2010_2,2010,2,Australian Grand Prix,Albert Park Grand Prix Circuit,2010-03-28,Australia,Melbourne,06:00:00Z,-37.8497,144.968,"{""FirstPractice"": {""date"": ""2010-03-26""}, ""SecondPractice"": {""date"": ""2010-03-26""}, ""ThirdPractice"": {""date"": ""2010-03-27""}, ""Qualifying"": {""date"": ""2010-03-27""}}"
2010_3,2010,3,Malaysian Grand Prix,Sepang International Circuit,2010-04-04,Malaysia,Kuala Lumpur,08:00:00Z,2.76083,101.738,"{""FirstPractice"": {""date"": ""2010-04-02""}, ""SecondPractice"": {""date"": ""2010-04-02""}, ""ThirdPractice"": {""date"": ""2010-04-03""}, ""Qualifying"": {""date"": ""2010-04-03""}}"
2010_4,2010,4,Chinese Grand Prix,Shanghai International Circuit,2010-04-18,China,Shanghai,06:00:00Z,31.3389,121.22,"{""FirstPractice"": {""date"": ""2010-04-16""}, ""SecondPractice"": {""date"": ""2010-04-16""}, ""ThirdPractice"": {""date"": ""2010-04-17""}, ""Qualifying"": {""date"": ""2010-04-17""}}"
2010_5,2010,5,Spanish Grand Prix,Circuit de Barcelona-Catalunya,2010-05-09,Spain,Barcelona,12:00:00Z,41.57,2.26111,"{""FirstPractice"": {""date"": ""2010-05-07""}, ""SecondPractice"": {""date"": ""2010-05-07""}, ""ThirdPractice"": {""date"": ""2010-05-08""}, ""Qualifying"": {""date"": ""2010-05-08""}}"
2010_6,2010,6,Monaco Grand Prix,Circuit de Monaco,2010-05-16,Monaco,Monte Carlo,12:00:00Z,43.7347,7.42056,"{""FirstPractice"": {""date"": ""2010-05-13""}, ""SecondPractice"": {""date"": ""2010-05-13""}, ""ThirdPractice"": {""date"": ""2010-05-15""}, ""Qualifying"": {""date"": ""2010-05-15""}}"
2010_7,2010,7,Turkish Grand Prix,Istanbul Park,2010-05-30,Turkey,Istanbul,11:00:00Z,40.9517,29.405,"{""FirstPractice"": {""date"": ""2010-05-28""}, ""SecondPractice"": {""date"": ""2010-05-28""}, ""ThirdPractice"": {""date"": ""2010-05-29""}, ""Qualifying"": {""date"": ""2010-05-29""}}"
2010_8,2010,8,Canadian Grand Prix,Circuit Gilles Villeneuve,2010-06-13,Canada,Montreal,16:00:00Z,45.5,-73.5228,"{""FirstPractice"": {""date"": ""2010-06-11""}, ""SecondPractice"": {""date"": ""2010-06-11""}, ""ThirdPractice"": {""date"": ""2010-06-12""}, ""Qualifying"": {""date"": ""2010-06-12""}}"
2010_9,2010,9,European Grand Prix,Valencia Street Circuit,2010-06-27,Spain,Valencia,12:00:00Z,39.4589,-0.331667,"{""FirstPractice"": {""date"": ""2010-06-25""}, ""SecondPractice"": {""date"": ""2010-06-25""}, ""ThirdPractice"": {""date"": ""2010-06-26""}, ""Qualifying"": {""date"": ""2010-06-26""}}"
2010_10,2010,10,British Grand Prix,Silverstone Circuit,2010-07-11,UK,Silverstone,12:00:00Z,52.0786,-1.01694,"{""FirstPractice"": {""date"": ""2010-07-09""}, ""SecondPractice"": {""date"": ""2010-07-09""}, ""ThirdPractice"": {""date"": ""2010-07-10""}, ""Qualifying"": {""date"": ""2010-07-10""}}"
2010_11,2010,11,German Grand Prix,Hockenheimring,2010-07-25,Germany,Hockenheim,12:00:00Z,49.3278,8.56583,"{""FirstPractice"": {""date"": ""2010-07-23""}, ""SecondPractice"": {""date"": ""2010-07-23""}, ""ThirdPractice"": {""date"": ""2010-07-24""}, ""Qualifying"": {""date"": ""2010-07-24""}}"
2010_12,2010,12,Hungarian Grand Prix,Hungaroring,2010-08-01,Hungary,Budapest,12:00:00Z,47.5789,19.2486,"{""FirstPractice"": {""date"": ""2010-07-30""}, ""SecondPractice"": {""date"": ""2010-07-30""}, ""ThirdPractice"": {""date"": ""2010-07-31""}, ""Qualifying"": {""date"": ""2010-07-31""}}"
2010_13,2010,13,Belgian Grand Prix,Circuit de Spa-Francorchamps,2010-08-29,Belgium,Spa,12:00:00Z,50.4372,5.97139,"{""FirstPractice"": {""date"": ""2010-08-27""}, ""SecondPractice"": {""date"": ""2010-08-27""}, ""ThirdPractice"": {""date"": ""2010-08-28""}, ""Qualifying"": {""date"": ""2010-08-28""}}"
2010_14,2010,14,Italian Grand Prix,Autodromo Nazionale di Monza,2010-09-12,Italy,Monza,12:00:00Z,45.6156,9.28111,"{""FirstPractice"": {""date"": ""2010-09-10""}, ""SecondPractice"": {""date"": ""2010-09-10""}, ""ThirdPractice"": {""date"": ""2010-09-11""}, ""Qualifying"": {""date"": ""2010-09-11""}}"
2010_15,2010,15,Singapore Grand Prix,Marina Bay Street Circuit,2010-09-26,Singapore,Marina Bay,12:00:00Z,1.2914,103.864,"{""FirstPractice"": {""date"": ""2010-09-24""}, ""SecondPractice"": {""date"": ""2010-09-24""}, ""ThirdPractice"": {""date"": ""2010-09-25""}, ""Qualifying"": {""date"": ""2010-09-25""}}"
2010_16,2010,16,Japanese Grand Prix,Suzuka Circuit,2010-10-10,Japan,Suzuka,06:00:00Z,34.8431,136.541,"{""FirstPractice"": {""date"": ""2010-10-08""}, ""SecondPractice"": {""date"": ""2010-10-08""}, ""ThirdPractice"": {""date"": ""2010-10-09""}, ""Qualifying"": {""date"": ""2010-10-09""}}"
2010_17,2010,17,Korean Grand Prix,Korean International Circuit,2010-10-24,Korea,Yeongam County,05:00:00Z,34.7333,126.417,"{""FirstPractice"": {""date"": ""2010-10-22""}, ""SecondPractice"": {""date"": ""2010-10-22""}, ""ThirdPractice"": {""date"": ""2010-10-23""}, ""Qualifying"": {""date"": ""2010-10-23""}}"
2010_18,2010,18,Brazilian Grand Prix,Autódromo José Carlos Pace,2010-11-07,Brazil,São Paulo,16:00:00Z,-23.7036,-46.6997,"{""FirstPractice"": {""date"": ""2010-11-05""}, ""SecondPractice"": {""date"": ""2010-11-05""}, ""ThirdPractice"": {""date"": ""2010-11-06""}, ""Qualifying"": {""date"": ""2010-11-06""}}"
2010_19,2010,19,Abu Dhabi Grand Prix,Yas Marina Circuit,2010-11-14,UAE,Abu Dhabi,13:00:00Z,24.4672,54.6031,"{""FirstPractice"": {""date"": ""2010-11-12""}, ""SecondPractice"": {""date"": ""2010-11-12""}, ""ThirdPractice"": {""date"": ""2010-11-13""}, ""Qualifying"": {""date"": ""2010-11-13""}}"
2011_1,2011,1,Australian Grand Prix,Albert Park Grand Prix Circuit,2011-03-27,Australia,Melbourne,06:00:00Z,-37.8497,144.968,"{""FirstPractice"": {""date"": ""2011-03-25""}, ""SecondPractice"": {""date"": ""2011-03-25""}, ""ThirdPractice"": {""date"": ""2011-03-26""}, ""Qualifying"": {""date"": ""2011-03-26""}}"
2011_2,2011,2,Malaysian Grand Prix,Sepang International Circuit,2011-04-10,Malaysia,Kuala Lumpur,08:00:00Z,2.76083,101.738,"{""FirstPractice"": {""date"": ""2011-04-08""}, ""SecondPractice"": {""date"": ""2011-04-08""}, ""ThirdPractice"": {""date"": ""2011-04-09""}, ""Qualifying"": {""date"": ""2011-04-09""}}"
2011_3,2011,3,Chinese Grand Prix,Shanghai International Circuit,2011-04-17,China,Shanghai,07:00:00Z,31.3389,121.22,"{""FirstPractice"": {""date"": ""2011-04-15""}, ""SecondPractice"": {""date"": ""2011-04-15""}, ""ThirdPractice"": {""date"": ""2011-04-16""}, ""Qualifying"": {""date"": ""2011-04-16""}}"
2011_4,2011,4,Turkish Grand Prix,Istanbul Park,2011-05-08,Turkey,Istanbul,12:00:00Z,40.9517,29.405,"{""FirstPractice"": {""date"": ""2011-05-06""}, ""SecondPractice"": {""date"": ""2011-05-06""}, ""ThirdPractice"": {""date"": ""2011-05-07""}, ""Qualifying"": {""date"": ""2011-05-07""}}"
2011_5,2011,5,Spanish Grand Prix,Circuit de Barcelona-Catalunya,2011-05-22,Spain,Barcelona,12:00:00Z,41.57,2.26111,"{""FirstPractice"": {""date"": ""2011-05-20""}, ""SecondPractice"": {""date"": ""2011-05-20""}, ""ThirdPractice"": {""date"": ""2011-05-21""}, ""Qualifying"": {""date"": ""2011-05-21""}}"
2011_6,2011,6,Monaco Grand Prix,Circuit de Monaco,2011-05-29,Monaco,Monte Carlo,12:00:00Z,43.7347,7.42056,"{""FirstPractice"": {""date"": ""2011-05-26""}, ""SecondPractice"": {""date"": ""2011-05-26""}, ""ThirdPractice"": {""date"": ""2011-05-28""}, ""Qualifying"": {""date"": ""2011-05-28""}}"
2011_7,2011,7,Canadian Grand Prix,Circuit Gilles Villeneuve,2011-06-12,Canada,Montreal,17:00:00Z,45.5,-73.5228,"{""FirstPractice"": {""date"": ""2011-06-10""}, ""SecondPractice"": {""date"": ""2011-06-10""}, ""ThirdPractice"": {""date"": ""2011-06-11""}, ""Qualifying"": {""date"": ""2011-06-11""}}"
2011_8,2011,8,European Grand Prix,Valencia Street Circuit,2011-06-26,Spain,Valencia,12:00:00Z,39.4589,-0.331667,"{""FirstPractice"": {""date"": ""2011-06-24""}, ""SecondPractice"": {""date"": ""2011-06-24""}, ""ThirdPractice"": {""date"": ""2011-06-25""}, ""Qualifying"": {""date"": ""2011-06-25""}}"
2011_9,2011,9,British Grand Prix,Silverstone Circuit,2011-07-10,UK,Silverstone,12:00:00Z,52.0786,-1.01694,"{""FirstPractice"": {""date"": ""2011-07-08""}, ""SecondPractice"": {""date"": ""2011-07-08""}, ""ThirdPractice"": {""date"": ""2011-07-09""}, ""Qualifying"": {""date"": ""2011-07-09""}}"
2011_10,2011,10,German Grand Prix,Nürburgring,2011-07-24,Germany,Nürburg,12:00:00Z,50.3356,6.9475,"{""FirstPractice"": {""date"": ""2011-07-22""}, ""SecondPractice"": {""date"": ""2011-07-22""}, ""ThirdPractice"": {""date"": ""2011-07-23""}, ""Qualifying"": {""date"": ""2011-07-23""}}"
2011_11,2011,11,Hungarian Grand Prix,Hungaroring,2011-07-31,Hungary,Budapest,12:00:00Z,47.5789,19.2486,"{""FirstPractice"": {""date"": ""2011-07-29""}, ""SecondPractice"": {""date"": ""2011-07-29""}, ""ThirdPractice"": {""date"": ""2011-07-30""}, ""Qualifying"": {""date"": ""2011-07-30""}}"
2011_12,2011,12,Belgian Grand Prix,Circuit de Spa-Francorchamps,2011-08-28,Belgium,Spa,12:00:00Z,50.4372,5.97139,"{""FirstPractice"": {""date"": ""2011-08-26""}, ""SecondPractice"": {""date"": ""2011-08-26""}, ""ThirdPractice"": {""date"": ""2011-08-27""}, ""Qualifying"": {""date"": ""2011-08-27""}}"
2011_13,2011,13,Italian Grand Prix,Autodromo Nazionale di Monza,2011-09-11,Italy,Monza,12:00:00Z,45.6156,9.28111,"{""FirstPractice"": {""date"": ""2011-09-09""}, ""SecondPractice"": {""date"": ""2011-09-09""}, ""ThirdPractice"": {""date"": ""2011-09-10""}, ""Qualifying"": {""date"": ""2011-09-10""}}"
2011_14,2011,14,Singapore Grand Prix,Marina Bay Street Circuit,2011-09-25,Singapore,Marina Bay,12:00:00Z,1.2914,103.864,"{""FirstPractice"": {""date"": ""2011-09-23""}, ""SecondPractice"": {""date"": ""2011-09-23""}, ""ThirdPractice"": {""date"": ""2011-09-24""}, ""Qualifying"": {""date"": ""2011-09-24""}}"
2011_15,2011,15,Japanese Grand Prix,Suzuka Circuit,2011-10-09,Japan,Suzuka,06:00:00Z,34.8431,136.541,"{""FirstPractice"": {""date"": ""2011-10-07""}, ""SecondPractice"": {""date"": ""2011-10-07""}, ""ThirdPractice"": {""date"": ""2011-10-08""}, ""Qualifying"": {""date"": ""2011-10-08""}}"
2011_16,2011,16,Korean Grand Prix,Korean International Circuit,2011-10-16,Korea,Yeongam County,06:00:00Z,34.7333,126.417,"{""FirstPractice"": {""date"": ""2011-10-14""}, ""SecondPractice"": {""date"": ""2011-10-14""}, ""ThirdPractice"": {""date"": ""2011-10-15""}, ""Qualifying"": {""date"": ""2011-10-15""}}"
2011_17,2011,17,Indian Grand Prix,Buddh International Circuit,2011-10-30,India,Uttar Pradesh,09:30:00Z,28.3487,77.5331,"{""FirstPractice"": {""date"": ""2011-10-28""}, ""SecondPractice"": {""date"": ""2011-10-28""}, ""ThirdPractice"": {""date"": ""2011-10-29""}, ""Qualifying"": {""date"": ""2011-10-29""}}"
2011_18,2011,18,Abu Dhabi Grand Prix,Yas Marina Circuit,2011-11-13,UAE,Abu Dhabi,13:00:00Z,24.4672,54.6031,"{""FirstPractice"": {""date"": ""2011-11-11""}, ""SecondPractice"": {""date"": ""2011-11-11""}, ""ThirdPractice"": {""date"": ""2011-11-12""}, ""Qualifying"": {""date"": ""2011-11-12""}}"
2011_19,2011,19,Brazilian Grand Prix,Autódromo José Carlos Pace,2011-11-27,Brazil,São Paulo,16:00:00Z,-23.7036,-46.6997,"{""FirstPractice"": {""date"": ""2011-11-25""}, ""SecondPractice"": {""date"": ""2011-11-25""}, ""ThirdPractice"": {""date"": ""2011-11-26""}, ""Qualifying"": {""date"": ""2011-11-26""}}"
2012_1,2012,1,Australian Grand Prix,Albert Park Grand Prix Circuit,2012-03-18,Australia,Melbourne,06:00:00Z,-37.8497,144.968,"{""FirstPractice"": {""date"": ""2012-03-16""}, ""SecondPractice"": {""date"": ""2012-03-16""}, ""ThirdPractice"": {""date"": ""2012-03-17""}, ""Qualifying"": {""date"": ""2012-03-17""}}"
2012_2,2012,2,Malaysian Grand Prix,Sepang International Circuit,2012-03-25,Malaysia,Kuala Lumpur,08:00:00Z,2.76083,101.738,"{""FirstPractice"": {""date"": ""2012-03-23""}, ""SecondPractice"": {""date"": ""2012-03-23""}, ""ThirdPractice"": {""date"": ""2012-03-24""}, ""Qualifying"": {""date"": ""2012-03-24""}}"
2012_3,2012,3,Chinese Grand Prix,Shanghai International Circuit,2012-04-15,China,Shanghai,07:00:00Z,31.3389,121.22,"{""FirstPractice"": {""date"": ""2012-04-13""}, ""SecondPractice"": {""date"": ""2012-04-13""}, ""ThirdPractice"": {""date"": ""2012-04-14""}, ""Qualifying"": {""date"": ""2012-04-14""}}"
2012_4,2012,4,Bahrain Grand Prix,Bahrain International Circuit,2012-04-22,Bahrain,Sakhir,12:00:00Z,26.0325,50.5106,"{""FirstPractice"": {""date"": ""2012-04-20""}, ""SecondPractice"": {""date"": ""2012-04-20""}, ""ThirdPractice"": {""date"": ""2012-04-21""}, ""Qualifying"": {""date"": ""2012-04-21""}}"
2012_5,2012,5,Spanish Grand Prix,Circuit de Barcelona-Catalunya,2012-05-13,Spain,Barcelona,12:00:00Z,41.57,2.26111,"{""FirstPractice"": {""date"": ""2012-05-11""}, ""SecondPractice"": {""date"": ""2012-05-11""}, ""ThirdPractice"": {""date"": ""2012-05-12""}, ""Qualifying"": {""date"": ""2012-05-12""}}"
2012_6,2012,6,Monaco Grand Prix,Circuit de Monaco,2012-05-27,Monaco,Monte Carlo,12:00:00Z,43.7347,7.42056,"{""FirstPractice"": {""date"": ""2012-05-24""}, ""SecondPractice"": {""date"": ""2012-05-24""}, ""ThirdPractice"": {""date"": ""2012-05-26""}, ""Qualifying"": {""date"": ""2012-05-26""}}"
2012_7,2012,7,Canadian Grand Prix,Circuit Gilles Villeneuve,2012-06-10,Canada,Montreal,18:00:00Z,45.5,-73.5228,"{""FirstPractice"": {""date"": ""2012-06-08""}, ""SecondPractice"": {""date"": ""2012-06-08""}, ""ThirdPractice"": {""date"": ""2012-06-09""}, ""Qualifying"": {""date"": ""2012-06-09""}}"
2012_8,2012,8,European Grand Prix,Valencia Street Circuit,2012-06-24,Spain,Valencia,12:00:00Z,39.4589,-0.331667,"{""FirstPractice"": {""date"": ""2012-06-22""}, ""SecondPractice"": {""date"": ""2012-06-22""}, ""ThirdPractice"": {""date"": ""2012-06-23""}, ""Qualifying"": {""date"": ""2012-06-23""}}"
2012_9,2012,9,British Grand Prix,Silverstone Circuit,2012-07-08,UK,Silverstone,12:00:00Z,52.0786,-1.01694,"{""FirstPractice"": {""date"": ""2012-07-06""}, ""SecondPractice"": {""date"": ""2012-07-06""}, ""ThirdPractice"": {""date"": ""2012-07-07""}, ""Qualifying"": {""date"": ""2012-07-07""}}"
2012_10,2012,10,German Grand Prix,Hockenheimring,2012-07-22,Germany,Hockenheim,12:00:00Z,49.3278,8.56583,"{""FirstPractice"": {""date"": ""2012-07-20""}, ""SecondPractice"": {""date"": ""2012-07-20""}, ""ThirdPractice"": {""date"": ""2012-07-21""}, ""Qualifying"": {""date"": ""2012-07-21""}}"
2012_11,2012,11,Hungarian Grand Prix,Hungaroring,2012-07-29,Hungary,Budapest,12:00:00Z,47.5789,19.2486,"{""FirstPractice"": {""date"": ""2012-07-27""}, ""SecondPractice"": {""date"": ""2012-07-27""}, ""ThirdPractice"": {""date"": ""2012-07-28""}, ""Qualifying"": {""date"": ""2012-07-28""}}"
2012_12,2012,12,Belgian Grand Prix,Circuit de Spa-Francorchamps,2012-09-02,Belgium,Spa,12:00:00Z,50.4372,5.97139,"{""FirstPractice"": {""date"": ""2012-08-31""}, ""SecondPractice"": {""date"": ""2012-08-31""}, ""ThirdPractice"": {""date"": ""2012-09-01""}, ""Qualifying"": {""date"": ""2012-09-01""}}"
2012_13,2012,13,Italian Grand Prix,Autodromo Nazionale di Monza,2012-09-09,Italy,Monza,12:00:00Z,45.6156,9.28111,"{""FirstPractice"": {""date"": ""2012-09-07""}, ""SecondPractice"": {""date"": ""2012-09-07""}, ""ThirdPractice"": {""date"": ""2012-09-08""}, ""Qualifying"": {""date"": ""2012-09-08""}}"
2012_14,2012,14,Singapore Grand Prix,Marina Bay Street Circuit,2012-09-23,Singapore,Marina Bay,12:00:00Z,1.2914,103.864,"{""FirstPractice"": {""date"": ""2012-09-21""}, ""SecondPractice"": {""date"": ""2012-09-21""}, ""ThirdPractice"": {""date"": ""2012-09-22""}, ""Qualifying"": {""date"": ""2012-09-22""}}"
2012_15,2012,15,Japanese Grand Prix,Suzuka Circuit,2012-10-07,Japan,Suzuka,06:00:00Z,34.8431,136.541,"{""FirstPractice"": {""date"": ""2012-10-05""}, ""SecondPractice"": {""date"": ""2012-10-05""}, ""ThirdPractice"": {""date"": ""2012-10-06""}, ""Qualifying"": {""date"": ""2012-10-06""}}"
2012_16,2012,16,Korean Grand Prix,Korean International Circuit,2012-10-14,Korea,Yeongam County,06:00:00Z,34.7333,126.417,"{""FirstPractice"": {""date"": ""2012-10-12""}, ""SecondPractice"": {""date"": ""2012-10-12""}, ""ThirdPractice"": {""date"": ""2012-10-13""}, ""Qualifying"": {""date"": ""2012-10-13""}}"
2012_17,2012,17,Indian Grand Prix,Buddh International Circuit,2012-10-28,India,Uttar Pradesh,09:30:00Z,28.3487,77.5331,"{""FirstPractice"": {""date"": ""2012-10-26""}, ""SecondPractice"": {""date"": ""2012-10-26""}, ""ThirdPractice"": {""date"": ""2012-10-27""}, ""Qualifying"": {""date"": ""2012-10-27""}}"
2012_18,2012,18,Abu Dhabi Grand Prix,Yas Marina Circuit,2012-11-04,UAE,Abu Dhabi,13:00:00Z,24.4672,54.6031,"{""FirstPractice"": {""date"": ""2012-11-02""}, ""SecondPractice"": {""date"": ""2012-11-02""}, ""ThirdPractice"": {""date"": ""2012-11-03""}, ""Qualifying"": {""date"": ""2012-11-03""}}"
2012_19,2012,19,United States Grand Prix,Circuit of the Americas,2012-11-18,USA,Austin,19:00:00Z,30.1328,-97.6411,"{""FirstPractice"": {""date"": ""2012-11-16""}, ""SecondPractice"": {""date"": ""2012-11-16""}, ""ThirdPractice"": {""date"": ""2012-11-17""}, ""Qualifying"": {""date"": ""2012-11-17""}}"
2012_20,2012,20,Brazilian Grand Prix,Autódromo José Carlos Pace,2012-11-25,Brazil,São Paulo,16:00:00Z,-23.7036,-46.6997,"{""FirstPractice"": {""date"": ""2012-11-23""}, ""SecondPractice"": {""date"": ""2012-11-23""}, ""ThirdPractice"": {""date"": ""2012-11-24""}, ""Qualifying"": {""date"": ""2012-11-24""}}"
2013_1,2013,1,Australian Grand Prix,Albert Park Grand Prix Circuit,2013-03-17,Australia,Melbourne,06:00:00Z,-37.8497,144.968,"{""FirstPractice"": {""date"": ""2013-03-15""}, ""SecondPractice"": {""date"": ""2013-03-15""}, ""ThirdPractice"": {""date"": ""2013-03-16""}, ""Qualifying"": {""date"": ""2013-03-16""}}"
2013_2,2013,2,Malaysian Grand Prix,Sepang International Circuit,2013-03-24,Malaysia,Kuala Lumpur,08:00:00Z,2.76083,101.738,"{""FirstPractice"": {""date"": ""2013-03-22""}, ""SecondPractice"": {""date"": ""2013-03-22""}, ""ThirdPractice"": {""date"": ""2013-03-23""}, ""Qualifying"": {""date"": ""2013-03-23""}}"
2013_3,2013,3,Chinese Grand Prix,Shanghai International Circuit,2013-04-14,China,Shanghai,07:00:00Z,31.3389,121.22,"{""FirstPractice"": {""date"": ""2013-04-12""}, ""SecondPractice"": {""date"": ""2013-04-12""}, ""ThirdPractice"": {""date"": ""2013-04-13""}, ""Qualifying"": {""date"": ""2013-04-13""}}"
2013_4,2013,4,Bahrain Grand Prix,Bahrain International Circuit,2013-04-21,Bahrain,Sakhir,12:00:00Z,26.0325,50.5106,"{""FirstPractice"": {""date"": ""2013-04-19""}, ""SecondPractice"": {""date"": ""2013-04-19""}, ""ThirdPractice"": {""date"": ""2013-04-20""}, ""Qualifying"": {""date"": ""2013-04-20""}}"
2013_5,2013,5,Spanish Grand Prix,Circuit de Barcelona-Catalunya,2013-05-12,Spain,Barcelona,12:00:00Z,41.57,2.26111,"{""FirstPractice"": {""date"": ""2013-05-10""}, ""SecondPractice"": {""date"": ""2013-05-10""}, ""ThirdPractice"": {""date"": ""2013-05-11""}, ""Qualifying"": {""date"": ""2013-05-11""}}"
2013_6,2013,6,Monaco Grand Prix,Circuit de Monaco,2013-05-26,Monaco,Monte Carlo,12:00:00Z,43.7347,7.42056,"{""FirstPractice"": {""date"": ""2013-05-23""}, ""SecondPractice"": {""date"": ""2013-05-23""}, ""ThirdPractice"": {""date"": ""2013-05-25""}, ""Qualifying"": {""date"": ""2013-05-25""}}"
2013_7,2013,7,Canadian Grand Prix,Circuit Gilles Villeneuve,2013-06-09,Canada,Montreal,18:00:00Z,45.5,-73.5228,"{""FirstPractice"": {""date"": ""2013-06-07""}, ""SecondPractice"": {""date"": ""2013-06-07""}, ""ThirdPractice"": {""date"": ""2013-06-08""}, ""Qualifying"": {""date"": ""2013-06-08""}}"
2013_8,2013,8,British Grand Prix,Silverstone Circuit,2013-06-30,UK,Silverstone,12:00:00Z,52.0786,-1.01694,"{""FirstPractice"": {""date"": ""2013-06-28""}, ""SecondPractice"": {""date"": ""2013-06-28""}, ""ThirdPractice"": {""date"": ""2013-06-29""}, ""Qualifying"": {""date"": ""2013-06-29""}}"
2013_9,2013,9,German Grand Prix,Nürburgring,2013-07-07,Germany,Nürburg,12:00:00Z,50.3356,6.9475,"{""FirstPractice"": {""date"": ""2013-07-05""}, ""SecondPractice"": {""date"": ""2013-07-05""}, ""ThirdPractice"": {""date"": ""2013-07-06""}, ""Qualifying"": {""date"": ""2013-07-06""}}"
2013_10,2013,10,Hungarian Grand Prix,Hungaroring,2013-07-28,Hungary,Budapest,12:00:00Z,47.5789,19.2486,"{""FirstPractice"": {""date"": ""2013-07-26""}, ""SecondPractice"": {""date"": ""2013-07-26""}, ""ThirdPractice"": {""date"": ""2013-07-27""}, ""Qualifying"": {""date"": ""2013-07-27""}}"
2013_11,2013,11,Belgian Grand Prix,Circuit de Spa-Francorchamps,2013-08-25,Belgium,Spa,12:00:00Z,50.4372,5.97139,"{""FirstPractice"": {""date"": ""2013-08-23""}, ""SecondPractice"": {""date"": ""2013-08-23""}, ""ThirdPractice"": {""date"": ""2013-08-24""}, ""Qualifying"": {""date"": ""2013-08-24""}}"
2013_12,2013,12,Italian Grand Prix,Autodromo Nazionale di Monza,2013-09-08,Italy,Monza,12:00:00Z,45.6156,9.28111,"{""FirstPractice"": {""date"": ""2013-09-06""}, ""SecondPractice"": {""date"": ""2013-09-06""}, ""ThirdPractice"": {""date"": ""2013-09-07""}, ""Qualifying"": {""date"": ""2013-09-07""}}"
2013_13,2013,13,Singapore Grand Prix,Marina Bay Street Circuit,2013-09-22,Singapore,Marina Bay,12:00:00Z,1.2914,103.864,"{""FirstPractice"": {""date"": ""2013-09-20""}, ""SecondPractice"": {""date"": ""2013-09-20""}, ""ThirdPractice"": {""date"": ""2013-09-21""}, ""Qualifying"": {""date"": ""2013-09-21""}}"
2013_14,2013,14,Korean Grand Prix,Korean International Circuit,2013-10-06,Korea,Yeongam County,06:00:00Z,34.7333,126.417,"{""FirstPractice"": {""date"": ""2013-10-04""}, ""SecondPractice"": {""date"": ""2013-10-04""}, ""ThirdPractice"": {""date"": ""2013-10-05""}, ""Qualifying"": {""date"": ""2013-10-05""}}"
2013_15,2013,15,Japanese Grand Prix,Suzuka Circuit,2013-10-13,Japan,Suzuka,06:00:00Z,34.8431,136.541,"{""FirstPractice"": {""date"": ""2013-10-11""}, ""SecondPractice"": {""date"": ""2013-10-11""}, ""ThirdPractice"": {""date"": ""2013-10-12""}, ""Qualifying"": {""date"": ""2013-10-12""}}"
2013_16,2013,16,Indian Grand Prix,Buddh International Circuit,2013-10-27,India,Uttar Pradesh,09:30:00Z,28.3487,77.5331,"{""FirstPractice"": {""date"": ""2013-10-25""}, ""SecondPractice"": {""date"": ""2013-10-25""}, ""ThirdPractice"": {""date"": ""2013-10-26""}, ""Qualifying"": {""date"": ""2013-10-26""}}"
2013_17,2013,17,Abu Dhabi Grand Prix,Yas Marina Circuit,2013-11-03,UAE,Abu Dhabi,13:00:00Z,24.4672,54.6031,"{""FirstPractice"": {""date"": ""2013-11-01""}, ""SecondPractice"": {""date"": ""2013-11-01""}, ""ThirdPractice"": {""date"": ""2013-11-02""}, ""Qualifying"": {""date"": ""2013-11-02""}}"
2013_18,2013,18,United States Grand Prix,Circuit of the Americas,2013-11-17,USA,Austin,19:00:00Z,30.1328,-97.6411,"{""FirstPractice"": {""date"": ""2013-11-15""}, ""SecondPractice"": {""date"": ""2013-11-15""}, ""ThirdPractice"": {""date"": ""2013-11-16""}, ""Qualifying"": {""date"": ""2013-11-16""}}"
2013_19,2013,19,Brazilian Grand Prix,Autódromo José Carlos Pace,2013-11-24,Brazil,São Paulo,16:00:00Z,-23.7036,-46.6997,"{""FirstPractice"": {""date"": ""2013-11-22""}, ""SecondPractice"": {""date"": ""2013-11-22""}, ""ThirdPractice"": {""date"": ""2013-11-23""}, ""Qualifying"": {""date"": ""2013-11-23""}}"
2014_1,2014,1,Australian Grand Prix,Albert Park Grand Prix Circuit,2014-03-16,Australia,Melbourne,06:00:00Z,-37.8497,144.968,"{""FirstPractice"": {""date"": ""2014-03-14""}, ""SecondPractice"": {""date"": ""2014-03-14""}, ""ThirdPractice"": {""date"": ""2014-03-15""}, ""Qualifying"": {""date"": ""2014-03-15""}}"
2014_2,2014,2,Malaysian Grand Prix,Sepang International Circuit,2014-03-30,Malaysia,Kuala Lumpur,08:00:00Z,2.76083,101.738,"{""FirstPractice"": {""date"": ""2014-03-28""}, ""SecondPractice"": {""date"": ""2014-03-28""}, ""ThirdPractice"": {""date"": ""2014-03-29""}, ""Qualifying"": {""date"": ""2014-03-29""}}"
2014_3,2014,3,Bahrain Grand Prix,Bahrain International Circuit,2014-04-06,Bahrain,Sakhir,15:00:00Z,26.0325,50.5106,"{""FirstPractice"": {""date"": ""2014-04-04""}, ""SecondPractice"": {""date"": ""2014-04-04""}, ""ThirdPractice"": {""date"": ""2014-04-05""}, ""Qualifying"": {""date"": ""2014-04-05""}}"
2014_4,2014,4,Chinese Grand Prix,Shanghai International Circuit,2014-04-20,China,Shanghai,07:00:00Z,31.3389,121.22,"{""FirstPractice"": {""date"": ""2014-04-18""}, ""SecondPractice"": {""date"": ""2014-04-18""}, ""ThirdPractice"": {""date"": ""2014-04-19""}, ""Qualifying"": {""date"": ""2014-04-19""}}"
2014_5,2014,5,Spanish Grand Prix,Circuit de Barcelona-Catalunya,2014-05-11,Spain,Barcelona,12:00:00Z,41.57,2.26111,"{""FirstPractice"": {""date"": ""2014-05-09""}, ""SecondPractice"": {""date"": ""2014-05-09""}, ""ThirdPractice"": {""date"": ""2014-05-10""}, ""Qualifying"": {""date"": ""2014-05-10""}}"
2014_6,2014,6,Monaco Grand Prix,Circuit de Monaco,2014-05-25,Monaco,Monte Carlo,12:00:00Z,43.7347,7.42056,"{""FirstPractice"": {""date"": ""2014-05-22""}, ""SecondPractice"": {""date"": ""2014-05-22""}, ""ThirdPractice"": {""date"": ""2014-05-24""}, ""Qualifying"": {""date"": ""2014-05-24""}}"
2014_7,2014,7,Canadian Grand Prix,Circuit Gilles Villeneuve,2014-06-08,Canada,Montreal,18:00:00Z,45.5,-73.5228,"{""FirstPractice"": {""date"": ""2014-06-06""}, ""SecondPractice"": {""date"": ""2014-06-06""}, ""ThirdPractice"": {""date"": ""2014-06-07""}, ""Qualifying"": {""date"": ""2014-06-07""}}"
2014_8,2014,8,Austrian Grand Prix,Red Bull Ring,2014-06-22,Austria,Spielberg,12:00:00Z,47.2197,14.7647,"{""FirstPractice"": {""date"": ""2014-06-20""}, ""SecondPractice"": {""date"": ""2014-06-20""}, ""ThirdPractice"": {""date"": ""2014-06-21""}, ""Qualifying"": {""date"": ""2014-06-21""}}"
2014_9,2014,9,British Grand Prix,Silverstone Circuit,2014-07-06,UK,Silverstone,12:00:00Z,52.0786,-1.01694,"{""FirstPractice"": {""date"": ""2014-07-04""}, ""SecondPractice"": {""date"": ""2014-07-04""}, ""ThirdPractice"": {""date"": ""2014-07-05""}, ""Qualifying"": {""date"": ""2014-07-05""}}"
2014_10,2014,10,German Grand Prix,Hockenheimring,2014-07-20,Germany,Hockenheim,12:00:00Z,49.3278,8.56583,"{""FirstPractice"": {""date"": ""2014-07-18""}, ""SecondPractice"": {""date"": ""2014-07-18""}, ""ThirdPractice"": {""date"": ""2014-07-19""}, ""Qualifying"": {""date"": ""2014-07-19""}}"
2014_11,2014,11,Hungarian Grand Prix,Hungaroring,2014-07-27,Hungary,Budapest,12:00:00Z,47.5789,19.2486,"{""FirstPractice"": {""date"": ""2014-07-25""}, ""SecondPractice"": {""date"": ""2014-07-25""}, ""ThirdPractice"": {""date"": ""2014-07-26""}, ""Qualifying"": {""date"": ""2014-07-26""}}"
2014_12,2014,12,Belgian Grand Prix,Circuit de Spa-Francorchamps,2014-08-24,Belgium,Spa,12:00:00Z,50.4372,5.97139,"{""FirstPractice"": {""date"": ""2014-08-22""}, ""SecondPractice"": {""date"": ""2014-08-22""}, ""ThirdPractice"": {""date"": ""2014-08-23""}, ""Qualifying"": {""date"": ""2014-08-23""}}"
2014_13,2014,13,Italian Grand Prix,Autodromo Nazionale di Monza,2014-09-07,Italy,Monza,12:00:00Z,45.6156,9.28111,"{""FirstPractice"": {""date"": ""2014-09-05""}, ""SecondPractice"": {""date"": ""2014-09-05""}, ""ThirdPractice"": {""date"": ""2014-09-06""}, ""Qualifying"": {""date"": ""2014-09-06""}}"
2014_14,2014,14,Singapore Grand Prix,Marina Bay Street Circuit,2014-09-21,Singapore,Marina Bay,12:00:00Z,1.2914,103.864,"{""FirstPractice"": {""date"": ""2014-09-19""}, ""SecondPractice"": {""date"": ""2014-09-19""}, ""ThirdPractice"": {""date"": ""2014-09-20""}, ""Qualifying"": {""date"": ""2014-09-20""}}"
2014_15,2014,15,Japanese Grand Prix,Suzuka Circuit,2014-10-05,Japan,Suzuka,06:00:00Z,34.8431,136.541,"{""FirstPractice"": {""date"": ""2014-10-03""}, ""SecondPractice"": {""date"": ""2014-10-03""}, ""ThirdPractice"": {""date"": ""2014-10-04""}, ""Qualifying"": {""date"": ""2014-10-04""}}"
2014_16,2014,16,Russian Grand Prix,Sochi Autodrom,2014-10-12,Russia,Sochi,11:00:00Z,43.4057,39.9578,"{""FirstPractice"": {""date"": ""2014-10-10""}, ""SecondPractice"": {""date"": ""2014-10-10""}, ""ThirdPractice"": {""date"": ""2014-10-11""}, ""Qualifying"": {""date"": ""2014-10-11""}}"
2014_17,2014,17,United States Grand Prix,Circuit of the Americas,2014-11-02,USA,Austin,20:00:00Z,30.1328,-97.6411,"{""FirstPractice"": {""date"": ""2014-10-31""}, ""SecondPractice"": {""date"": ""2014-10-31""}, ""ThirdPractice"": {""date"": ""2014-11-01""}, ""Qualifying"": {""date"": ""2014-11-01""}}"
2014_18,2014,18,Brazilian Grand Prix,Autódromo José Carlos Pace,2014-11-09,Brazil,São Paulo,16:00:00Z,-23.7036,-46.6997,"{""FirstPractice"": {""date"": ""2014-11-07""}, ""SecondPractice"": {""date"": ""2014-11-07""}, ""ThirdPractice"": {""date"": ""2014-11-08""}, ""Qualifying"": {""date"": ""2014-11-08""}}"
2014_19,2014,19,Abu Dhabi Grand Prix,Yas Marina Circuit,2014-11-23,UAE,Abu Dhabi,13:00:00Z,24.4672,54.6031,"{""FirstPractice"": {""date"": ""2014-11-21""}, ""SecondPractice"": {""date"": ""2014-11-21""}, ""ThirdPractice"": {""date"": ""2014-11-22""}, ""Qualifying"": {""date"": ""2014-11-22""}}"
2015_1,2015,1,Australian Grand Prix,Albert Park Grand Prix Circuit,2015-03-15,Australia,Melbourne,05:00:00Z,-37.8497,144.968,"{""FirstPractice"": {""date"": ""2015-03-13""}, ""SecondPractice"": {""date"": ""2015-03-13""}, ""ThirdPractice"": {""date"": ""2015-03-14""}, ""Qualifying"": {""date"": ""2015-03-14""}}"
2015_2,2015,2,Malaysian Grand Prix,Sepang International Circuit,2015-03-29,Malaysia,Kuala Lumpur,07:00:00Z,2.76083,101.738,"{""FirstPractice"": {""date"": ""2015-03-27""}, ""SecondPractice"": {""date"": ""2015-03-27""}, ""ThirdPractice"": {""date"": ""2015-03-28""}, ""Qualifying"": {""date"": ""2015-03-28""}}"
2015_3,2015,3,Chinese Grand Prix,Shanghai International Circuit,2015-04-12,China,Shanghai,06:00:00Z,31.3389,121.22,"{""FirstPractice"": {""date"": ""2015-04-10""}, ""SecondPractice"": {""date"": ""2015-04-10""}, ""ThirdPractice"": {""date"": ""2015-04-11""}, ""Qualifying"": {""date"": ""2015-04-11""}}"
2015_4,2015,4,Bahrain Grand Prix,Bahrain International Circuit,2015-04-19,Bahrain,Sakhir,15:00:00Z,26.0325,50.5106,"{""FirstPractice"": {""date"": ""2015-04-17""}, ""SecondPractice"": {""date"": ""2015-04-17""}, ""ThirdPractice"": {""date"": ""2015-04-18""}, ""Qualifying"": {""date"": ""2015-04-18""}}"
2015_5,2015,5,Spanish Grand Prix,Circuit de Barcelona-Catalunya,2015-05-10,Spain,Barcelona,12:00:00Z,41.57,2.26111,"{""FirstPractice"": {""date"": ""2015-05-08""}, ""SecondPractice"": {""date"": ""2015-05-08""}, ""ThirdPractice"": {""date"": ""2015-05-09""}, ""Qualifying"": {""date"": ""2015-05-09""}}"
2015_6,2015,6,Monaco Grand Prix,Circuit de Monaco,2015-05-24,Monaco,Monte Carlo,12:00:00Z,43.7347,7.42056,"{""FirstPractice"": {""date"": ""2015-05-21""}, ""SecondPractice"": {""date"": ""2015-05-21""}, ""ThirdPractice"": {""date"": ""2015-05-23""}, ""Qualifying"": {""date"": ""2015-05-23""}}"
2015_7,2015,7,Canadian Grand Prix,Circuit Gilles Villeneuve,2015-06-07,Canada,Montreal,18:00:00Z,45.5,-73.5228,"{""FirstPractice"": {""date"": ""2015-06-05""}, ""SecondPractice"": {""date"": ""2015-06-05""}, ""ThirdPractice"": {""date"": ""2015-06-06""}, ""Qualifying"": {""date"": ""2015-06-06""}}"
2015_8,2015,8,Austrian Grand Prix,Red Bull Ring,2015-06-21,Austria,Spielberg,12:00:00Z,47.2197,14.7647,"{""FirstPractice"": {""date"": ""2015-06-19""}, ""SecondPractice"": {""date"": ""2015-06-19""}, ""ThirdPractice"": {""date"": ""2015-06-20""}, ""Qualifying"": {""date"": ""2015-06-20""}}"
2015_9,2015,9,British Grand Prix,Silverstone Circuit,2015-07-05,UK,Silverstone,12:00:00Z,52.0786,-1.01694,"{""FirstPractice"": {""date"": ""2015-07-03""}, ""SecondPractice"": {""date"": ""2015-07-03""}, ""ThirdPractice"": {""date"": ""2015-07-04""}, ""Qualifying"": {""date"": ""2015-07-04""}}"
2015_10,2015,10,Hungarian Grand Prix,Hungaroring,2015-07-26,Hungary,Budapest,12:00:00Z,47.5789,19.2486,"{""FirstPractice"": {""date"": ""2015-07-24""}, ""SecondPractice"": {""date"": ""2015-07-24""}, ""ThirdPractice"": {""date"": ""2015-07-25""}, ""Qualifying"": {""date"": ""2015-07-25""}}"
2015_11,2015,11,Belgian Grand Prix,Circuit de Spa-Francorchamps,2015-08-23,Belgium,Spa,12:00:00Z,50.4372,5.97139,"{""FirstPractice"": {""date"": ""2015-08-21""}, ""SecondPractice"": {""date"": ""2015-08-21""}, ""ThirdPractice"": {""date"": ""2015-08-22""}, ""Qualifying"": {""date"": ""2015-08-22""}}"
2015_12,2015,12,Italian Grand Prix,Autodromo Nazionale di Monza,2015-09-06,Italy,Monza,12:00:00Z,45.6156,9.28111,"{""FirstPractice"": {""date"": ""2015-09-04""}, ""SecondPractice"": {""date"": ""2015-09-04""}, ""ThirdPractice"": {""date"": ""2015-09-05""}, ""Qualifying"": {""date"": ""2015-09-05""}}"
2015_13,2015,13,Singapore Grand Prix,Marina Bay Street Circuit,2015-09-20,Singapore,Marina Bay,12:00:00Z,1.2914,103.864,"{""FirstPractice"": {""date"": ""2015-09-18""}, ""SecondPractice"": {""date"": ""2015-09-18""}, ""ThirdPractice"": {""date"": ""2015-09-19""}, ""Qualifying"": {""date"": ""2015-09-19""}}"
2015_14,2015,14,Japanese Grand Prix,Suzuka Circuit,2015-09-27,Japan,Suzuka,05:00:00Z,34.8431,136.541,"{""FirstPractice"": {""date"": ""2015-09-25""}, ""SecondPractice"": {""date"": ""2015-09-25""}, ""ThirdPractice"": {""date"": ""2015-09-26""}, ""Qualifying"": {""date"": ""2015-09-26""}}"
2015_15,2015,15,Russian Grand Prix,Sochi Autodrom,2015-10-11,Russia,Sochi,11:00:00Z,43.4057,39.9578,"{""FirstPractice"": {""date"": ""2015-10-09""}, ""SecondPractice"": {""date"": ""2015-10-09""}, ""ThirdPractice"": {""date"": ""2015-10-10""}, ""Qualifying"": {""date"": ""2015-10-10""}}"
2015_16,2015,16,United States Grand Prix,Circuit of the Americas,2015-10-25,USA,Austin,19:00:00Z,30.1328,-97.6411,"{""FirstPractice"": {""date"": ""2015-10-23""}, ""SecondPractice"": {""date"": ""2015-10-23""}, ""ThirdPractice"": {""date"": ""2015-10-24""}, ""Qualifying"": {""date"": ""2015-10-24""}}"
2015_17,2015,17,Mexican Grand Prix,Autódromo Hermanos Rodríguez,2015-11-01,Mexico,Mexico City,19:00:00Z,19.4042,-99.0907,"{""FirstPractice"": {""date"": ""2015-10-30""}, ""SecondPractice"": {""date"": ""2015-10-30""}, ""ThirdPractice"": {""date"": ""2015-10-31""}, ""Qualifying"": {""date"": ""2015-10-31""}}"
2015_18,2015,18,Brazilian Grand Prix,Autódromo José Carlos Pace,2015-11-15,Brazil,São Paulo,16:00:00Z,-23.7036,-46.6997,"{""FirstPractice"": {""date"": ""2015-11-13""}, ""SecondPractice"": {""date"": ""2015-11-13""}, ""ThirdPractice"": {""date"": ""2015-11-14""}, ""Qualifying"": {""date"": ""2015-11-14""}}"
2015_19,2015,19,Abu Dhabi Grand Prix,Yas Marina Circuit,2015-11-29,UAE,Abu Dhabi,13:00:00Z,24.4672,54.6031,"{""FirstPractice"": {""date"": ""2015-11-27""}, ""SecondPractice"": {""date"": ""2015-11-27""}, ""ThirdPractice"": {""date"": ""2015-11-28""}, ""Qualifying"": {""date"": ""2015-11-28""}}"
2016_1,2016,1,Australian Grand Prix,Albert Park Grand Prix Circuit,2016-03-20,Australia,Melbourne,05:00:00Z,-37.8497,144.968,"{""FirstPractice"": {""date"": ""2016-03-18""}, ""SecondPractice"": {""date"": ""2016-03-18""}, ""ThirdPractice"": {""date"": ""2016-03-19""}, ""Qualifying"": {""date"": ""2016-03-19""}}"
2016_2,2016,2,Bahrain Grand Prix,Bahrain International Circuit,2016-04-03,Bahrain,Sakhir,15:00:00Z,26.0325,50.5106,"{""FirstPractice"": {""date"": ""2016-04-01""}, ""SecondPractice"": {""date"": ""2016-04-01""}, ""ThirdPractice"": {""date"": ""2016-04-02""}, ""Qualifying"": {""date"": ""2016-04-02""}}"
2016_3,2016,3,Chinese Grand Prix,Shanghai International Circuit,2016-04-17,China,Shanghai,06:00:00Z,31.3389,121.22,"{""FirstPractice"": {""date"": ""2016-04-15""}, ""SecondPractice"": {""date"": ""2016-04-15""}, ""ThirdPractice"": {""date"": ""2016-04-16""}, ""Qualifying"": {""date"": ""2016-04-16""}}"
2016_4,2016,4,Russian Grand Prix,Sochi Autodrom,2016-05-01,Russia,Sochi,12:00:00Z,43.4057,39.9578,"{""FirstPractice"": {""date"": ""2016-04-29""}, ""SecondPractice"": {""date"": ""2016-04-29""}, ""ThirdPractice"": {""date"": ""2016-04-30""}, ""Qualifying"": {""date"": ""2016-04-30""}}"
2016_5,2016,5,Spanish Grand Prix,Circuit de Barcelona-Catalunya,2016-05-15,Spain,Barcelona,12:00:00Z,41.57,2.26111,"{""FirstPractice"": {""date"": ""2016-05-13""}, ""SecondPractice"": {""date"": ""2016-05-13""}, ""ThirdPractice"": {""date"": ""2016-05-14""}, ""Qualifying"": {""date"": ""2016-05-14""}}"
2016_6,2016,6,Monaco Grand Prix,Circuit de Monaco,2016-05-29,Monaco,Monte Carlo,12:00:00Z,43.7347,7.42056,"{""FirstPractice"": {""date"": ""2016-05-26""}, ""SecondPractice"": {""date"": ""2016-05-26""}, ""ThirdPractice"": {""date"": ""2016-05-28""}, ""Qualifying"": {""date"": ""2016-05-28""}}"
2016_7,2016,7,Canadian Grand Prix,Circuit Gilles Villeneuve,2016-06-12,Canada,Montreal,18:00:00Z,45.5,-73.5228,"{""FirstPractice"": {""date"": ""2016-06-10""}, ""SecondPractice"": {""date"": ""2016-06-10""}, ""ThirdPractice"": {""date"": ""2016-06-11""}, ""Qualifying"": {""date"": ""2016-06-11""}}"
2016_8,2016,8,European Grand Prix,Baku City Circuit,2016-06-19,Azerbaijan,Baku,13:00:00Z,40.3725,49.8533,"{""FirstPractice"": {""date"": ""2016-06-17""}, ""SecondPractice"": {""date"": ""2016-06-17""}, ""ThirdPractice"": {""date"": ""2016-06-18""}, ""Qualifying"": {""date"": ""2016-06-18""}}"
2016_9,2016,9,Austrian Grand Prix,Red Bull Ring,2016-07-03,Austria,Spielberg,12:00:00Z,47.2197,14.7647,"{""FirstPractice"": {""date"": ""2016-07-01""}, ""SecondPractice"": {""date"": ""2016-07-01""}, ""ThirdPractice"": {""date"": ""2016-07-02""}, ""Qualifying"": {""date"": ""2016-07-02""}}"
2016_10,2016,10,British Grand Prix,Silverstone Circuit,2016-07-10,UK,Silverstone,12:00:00Z,52.0786,-1.01694,"{""FirstPractice"": {""date"": ""2016-07-08""}, ""SecondPractice"": {""date"": ""2016-07-08""}, ""ThirdPractice"": {""date"": ""2016-07-09""}, ""Qualifying"": {""date"": ""2016-07-09""}}"
2016_11,2016,11,Hungarian Grand Prix,Hungaroring,2016-07-24,Hungary,Budapest,12:00:00Z,47.5789,19.2486,"{""FirstPractice"": {""date"": ""2016-07-22""}, ""SecondPractice"": {""date"": ""2016-07-22""}, ""ThirdPractice"": {""date"": ""2016-07-23""}, ""Qualifying"": {""date"": ""2016-07-23""}}"
2016_12,2016,12,German Grand Prix,Hockenheimring,2016-07-31,Germany,Hockenheim,12:00:00Z,49.3278,8.56583,"{""FirstPractice"": {""date"": ""2016-07-29""}, ""SecondPractice"": {""date"": ""2016-07-29""}, ""ThirdPractice"": {""date"": ""2016-07-30""}, ""Qualifying"": {""date"": ""2016-07-30""}}"
2016_13,2016,13,Belgian Grand Prix,Circuit de Spa-Francorchamps,2016-08-28,Belgium,Spa,12:00:00Z,50.4372,5.97139,"{""FirstPractice"": {""date"": ""2016-08-26""}, ""SecondPractice"": {""date"": ""2016-08-26""}, ""ThirdPractice"": {""date"": ""2016-08-27""}, ""Qualifying"": {""date"": ""2016-08-27""}}"
2016_14,2016,14,Italian Grand Prix,Autodromo Nazionale di Monza,2016-09-04,Italy,Monza,12:00:00Z,45.6156,9.28111,"{""FirstPractice"": {""date"": ""2016-09-02""}, ""SecondPractice"": {""date"": ""2016-09-02""}, ""ThirdPractice"": {""date"": ""2016-09-03""}, ""Qualifying"": {""date"": ""2016-09-03""}}"
2016_15,2016,15,Singapore Grand Prix,Marina Bay Street Circuit,2016-09-18,Singapore,Marina Bay,12:00:00Z,1.2914,103.864,"{""FirstPractice"": {""date"": ""2016-09-16""}, ""SecondPractice"": {""date"": ""2016-09-16""}, ""ThirdPractice"": {""date"": ""2016-09-17""}, ""Qualifying"": {""date"": ""2016-09-17""}}"
2016_16,2016,16,Malaysian Grand Prix,Sepang International Circuit,2016-10-02,Malaysia,Kuala Lumpur,07:00:00Z,2.76083,101.738,"{""FirstPractice"": {""date"": ""2016-09-30""}, ""SecondPractice"": {""date"": ""2016-09-30""}, ""ThirdPractice"": {""date"": ""2016-10-01""}, ""Qualifying"": {""date"": ""2016-10-01""}}"
2016_17,2016,17,Japanese Grand Prix,Suzuka Circuit,2016-10-09,Japan,Suzuka,05:00:00Z,34.8431,136.541,"{""FirstPractice"": {""date"": ""2016-10-07""}, ""SecondPractice"": {""date"": ""2016-10-07""}, ""ThirdPractice"": {""date"": ""2016-10-08""}, ""Qualifying"": {""date"": ""2016-10-08""}}"
2016_18,2016,18,United States Grand Prix,Circuit of the Americas,2016-10-23,USA,Austin,19:00:00Z,30.1328,-97.6411,"{""FirstPractice"": {""date"": ""2016-10-21""}, ""SecondPractice"": {""date"": ""2016-10-21""}, ""ThirdPractice"": {""date"": ""2016-10-22""}, ""Qualifying"": {""date"": ""2016-10-22""}}"
2016_19,2016,19,Mexican Grand Prix,Autódromo Hermanos Rodríguez,2016-10-30,Mexico,Mexico City,19:00:00Z,19.4042,-99.0907,"{""FirstPractice"": {""date"": ""2016-10-28""}, ""SecondPractice"": {""date"": ""2016-10-28""}, ""ThirdPractice"": {""date"": ""2016-10-29""}, ""Qualifying"": {""date"": ""2016-10-29""}}"
2016_20,2016,20,Brazilian Grand Prix,Autódromo José Carlos Pace,2016-11-13,Brazil,São Paulo,16:00:00Z,-23.7036,-46.6997,"{""FirstPractice"": {""date"": ""2016-11-11""}, ""SecondPractice"": {""date"": ""2016-11-11""}, ""ThirdPractice"": {""date"": ""2016-11-12""}, ""Qualifying"": {""date"": ""2016-11-12""}}"
2016_21,2016,21,Abu Dhabi Grand Prix,Yas Marina Circuit,2016-11-27,UAE,Abu Dhabi,13:00:00Z,24.4672,54.6031,"{""FirstPractice"": {""date"": ""2016-11-25""}, ""SecondPractice"": {""date"": ""2016-11-25""}, ""ThirdPractice"": {""date"": ""2016-11-26""}, ""Qualifying"": {""date"": ""2016-11-26""}}"
2017_1,2017,1,Australian Grand Prix,Albert Park Grand Prix Circuit,2017-03-26,Australia,Melbourne,05:00:00Z,-37.8497,144.968,"{""FirstPractice"": {""date"": ""2017-03-24""}, ""SecondPractice"": {""date"": ""2017-03-24""}, ""ThirdPractice"": {""date"": ""2017-03-25""}, ""Qualifying"": {""date"": ""2017-03-25""}}"
2017_2,2017,2,Chinese Grand Prix,Shanghai International Circuit,2017-04-09,China,Shanghai,06:00:00Z,31.3389,121.22,"{""FirstPractice"": {""date"": ""2017-04-07""}, ""SecondPractice"": {""date"": ""2017-04-07""}, ""ThirdPractice"": {""date"": ""2017-04-08""}, ""Qualifying"": {""date"": ""2017-04-08""}}"
2017_3,2017,3,Bahrain Grand Prix,Bahrain International Circuit,2017-04-16,Bahrain,Sakhir,15:00:00Z,26.0325,50.5106,"{""FirstPractice"": {""date"": ""2017-04-14""}, ""SecondPractice"": {""date"": ""2017-04-14""}, ""ThirdPractice"": {""date"": ""2017-04-15""}, ""Qualifying"": {""date"": ""2017-04-15""}}"
2017_4,2017,4,Russian Grand Prix,Sochi Autodrom,2017-04-30,Russia,Sochi,12:00:00Z,43.4057,39.9578,"{""FirstPractice"": {""date"": ""2017-04-28""}, ""SecondPractice"": {""date"": ""2017-04-28""}, ""ThirdPractice"": {""date"": ""2017-04-29""}, ""Qualifying"": {""date"": ""2017-04-29""}}"
2017_5,2017,5,Spanish Grand Prix,Circuit de Barcelona-Catalunya,2017-05-14,Spain,Barcelona,12:00:00Z,41.57,2.26111,"{""FirstPractice"": {""date"": ""2017-05-12""}, ""SecondPractice"": {""date"": ""2017-05-12""}, ""ThirdPractice"": {""date"": ""2017-05-13""}, ""Qualifying"": {""date"": ""2017-05-13""}}"
2017_6,2017,6,Monaco Grand Prix,Circuit de Monaco,2017-05-28,Monaco,Monte Carlo,12:00:00Z,43.7347,7.42056,"{""FirstPractice"": {""date"": ""2017-05-25""}, ""SecondPractice"": {""date"": ""2017-05-25""}, ""ThirdPractice"": {""date"": ""2017-05-27""}, ""Qualifying"": {""date"": ""2017-05-27""}}"
2017_7,2017,7,Canadian Grand Prix,Circuit Gilles Villeneuve,2017-06-11,Canada,Montreal,18:00:00Z,45.5,-73.5228,"{""FirstPractice"": {""date"": ""2017-06-09""}, ""SecondPractice"": {""date"": ""2017-06-09""}, ""ThirdPractice"": {""date"": ""2017-06-10""}, ""Qualifying"": {""date"": ""2017-06-10""}}"
2017_8,2017,8,Azerbaijan Grand Prix,Baku City Circuit,2017-06-25,Azerbaijan,Baku,13:00:00Z,40.3725,49.8533,"{""FirstPractice"": {""date"": ""2017-06-23""}, ""SecondPractice"": {""date"": ""2017-06-23""}, ""ThirdPractice"": {""date"": ""2017-06-24""}, ""Qualifying"": {""date"": ""2017-06-24""}}"
2017_9,2017,9,Austrian Grand Prix,Red Bull Ring,2017-07-09,Austria,Spielberg,12:00:00Z,47.2197,14.7647,"{""FirstPractice"": {""date"": ""2017-07-07""}, ""SecondPractice"": {""date"": ""2017-07-07""}, ""ThirdPractice"": {""date"": ""2017-07-08""}, ""Qualifying"": {""date"": ""2017-07-08""}}"
2017_10,2017,10,British Grand Prix,Silverstone Circuit,2017-07-16,UK,Silverstone,12:00:00Z,52.0786,-1.01694,"{""FirstPractice"": {""date"": ""2017-07-14""}, ""SecondPractice"": {""date"": ""2017-07-14""}, ""ThirdPractice"": {""date"": ""2017-07-15""}, ""Qualifying"": {""date"": ""2017-07-15""}}"
2017_11,2017,11,Hungarian Grand Prix,Hungaroring,2017-07-30,Hungary,Budapest,12:00:00Z,47.5789,19.2486,"{""FirstPractice"": {""date"": ""2017-07-28""}, ""SecondPractice"": {""date"": ""2017-07-28""}, ""ThirdPractice"": {""date"": ""2017-07-29""}, ""Qualifying"": {""date"": ""2017-07-29""}}"
2017_12,2017,12,Belgian Grand Prix,Circuit de Spa-Francorchamps,2017-08-27,Belgium,Spa,12:00:00Z,50.4372,5.97139,"{""FirstPractice"": {""date"": ""2017-08-25""}, ""SecondPractice"": {""date"": ""2017-08-25""}, ""ThirdPractice"": {""date"": ""2017-08-26""}, ""Qualifying"": {""date"": ""2017-08-26""}}"
2017_13,2017,13,Italian Grand Prix,Autodromo Nazionale di Monza,2017-09-03,Italy,Monza,12:00:00Z,45.6156,9.28111,"{""FirstPractice"": {""date"": ""2017-09-01""}, ""SecondPractice"": {""date"": ""2017-09-01""}, ""ThirdPractice"": {""date"": ""2017-09-02""}, ""Qualifying"": {""date"": ""2017-09-02""}}"
2017_14,2017,14,Singapore Grand Prix,Marina Bay Street Circuit,2017-09-17,Singapore,Marina Bay,12:00:00Z,1.2914,103.864,"{""FirstPractice"": {""date"": ""2017-09-15""}, ""SecondPractice"": {""date"": ""2017-09-15""}, ""ThirdPractice"": {""date"": ""2017-09-16""}, ""Qualifying"": {""date"": ""2017-09-16""}}"
2017_15,2017,15,Malaysian Grand Prix,Sepang International Circuit,2017-10-01,Malaysia,Kuala Lumpur,07:00:00Z,2.76083,101.738,"{""FirstPractice"": {""date"": ""2017-09-29""}, ""SecondPractice"": {""date"": ""2017-09-29""}, ""ThirdPractice"": {""date"": ""2017-09-30""}, ""Qualifying"": {""date"": ""2017-09-30""}}"
2017_16,2017,16,Japanese Grand Prix,Suzuka Circuit,2017-10-08,Japan,Suzuka,05:00:00Z,34.8431,136.541,"{""FirstPractice"": {""date"": ""2017-10-06""}, ""SecondPractice"": {""date"": ""2017-10-06""}, ""ThirdPractice"": {""date"": ""2017-10-07""}, ""Qualifying"": {""date"": ""2017-10-07""}}"
2017_17,2017,17,United States Grand Prix,Circuit of the Americas,2017-10-22,USA,Austin,19:00:00Z,30.1328,-97.6411,"{""FirstPractice"": {""date"": ""2017-10-20""}, ""SecondPractice"": {""date"": ""2017-10-20""}, ""ThirdPractice"": {""date"": ""2017-10-21""}, ""Qualifying"": {""date"": ""2017-10-21""}}"
2017_18,2017,18,Mexican Grand Prix,Autódromo Hermanos Rodríguez,2017-10-29,Mexico,Mexico City,19:00:00Z,19.4042,-99.0907,"{""FirstPractice"": {""date"": ""2017-10-27""}, ""SecondPractice"": {""date"": ""2017-10-27""}, ""ThirdPractice"": {""date"": ""2017-10-28""}, ""Qualifying"": {""date"": ""2017-10-28""}}"
2017_19,2017,19,Brazilian Grand Prix,Autódromo José Carlos Pace,2017-11-12,Brazil,São Paulo,16:00:00Z,-23.7036,-46.6997,"{""FirstPractice"": {""date"": ""2017-11-10""}, ""SecondPractice"": {""date"": ""2017-11-10""}, ""ThirdPractice"": {""date"": ""2017-11-11""}, ""Qualifying"": {""date"": ""2017-11-11""}}"
2017_20,2017,20,Abu Dhabi Grand Prix,Yas Marina Circuit,2017-11-26,UAE,Abu Dhabi,13:00:00Z,24.4672,54.6031,"{""FirstPractice"": {""date"": ""2017-11-24""}, ""SecondPractice"": {""date"": ""2017-11-24""}, ""ThirdPractice"": {""date"": ""2017-11-25""}, ""Qualifying"": {""date"": ""2017-11-25""}}"
2018_1,2018,1,Australian Grand Prix,Albert Park Grand Prix Circuit,2018-03-25,Australia,Melbourne,05:10:00Z,-37.8497,144.968,"{""FirstPractice"": {""date"": ""2018-03-23""}, ""SecondPractice"": {""date"": ""2018-03-23""}, ""ThirdPractice"": {""date"": ""2018-03-24""}, ""Qualifying"": {""date"": ""2018-03-24""}}"
2018_2,2018,2,Bahrain Grand Prix,Bahrain International Circuit,2018-04-08,Bahrain,Sakhir,15:10:00Z,26.0325,50.5106,"{""FirstPractice"": {""date"": ""2018-04-06""}, ""SecondPractice"": {""date"": ""2018-04-06""}, ""ThirdPractice"": {""date"": ""2018-04-07""}, ""Qualifying"": {""date"": ""2018-04-07""}}"
2018_3,2018,3,Chinese Grand Prix,Shanghai International Circuit,2018-04-15,China,Shanghai,06:10:00Z,31.3389,121.22,"{""FirstPractice"": {""date"": ""2018-04-13""}, ""SecondPractice"": {""date"": ""2018-04-13""}, ""ThirdPractice"": {""date"": ""2018-04-14""}, ""Qualifying"": {""date"": ""2018-04-14""}}"
2018_4,2018,4,Azerbaijan Grand Prix,Baku City Circuit,2018-04-29,Azerbaijan,Baku,12:10:00Z,40.3725,49.8533,"{""FirstPractice"": {""date"": ""2018-04-27""}, ""SecondPractice"": {""date"": ""2018-04-27""}, ""ThirdPractice"": {""date"": ""2018-04-28""}, ""Qualifying"": {""date"": ""2018-04-28""}}"
2018_5,2018,5,Spanish Grand Prix,Circuit de Barcelona-Catalunya,2018-05-13,Spain,Barcelona,13:10:00Z,41.57,2.26111,"{""FirstPractice"": {""date"": ""2018-05-11""}, ""SecondPractice"": {""date"": ""2018-05-11""}, ""ThirdPractice"": {""date"": ""2018-05-12""}, ""Qualifying"": {""date"": ""2018-05-12""}}"
2018_6,2018,6,Monaco Grand Prix,Circuit de Monaco,2018-05-27,Monaco,Monte Carlo,13:10:00Z,43.7347,7.42056,"{""FirstPractice"": {""date"": ""2018-05-24""}, ""SecondPractice"": {""date"": ""2018-05-24""}, ""ThirdPractice"": {""date"": ""2018-05-26""}, ""Qualifying"": {""date"": ""2018-05-26""}}"
2018_7,2018,7,Canadian Grand Prix,Circuit Gilles Villeneuve,2018-06-10,Canada,Montreal,18:10:00Z,45.5,-73.5228,"{""FirstPractice"": {""date"": ""2018-06-08""}, ""SecondPractice"": {""date"": ""2018-06-08""}, ""ThirdPractice"": {""date"": ""2018-06-09""}, ""Qualifying"": {""date"": ""2018-06-09""}}"
2018_8,2018,8,French Grand Prix,Circuit Paul Ricard,2018-06-24,France,Le Castellet,14:10:00Z,43.2506,5.79167,"{""FirstPractice"": {""date"": ""2018-06-22""}, ""SecondPractice"": {""date"": ""2018-06-22""}, ""ThirdPractice"": {""date"": ""2018-06-23""}, ""Qualifying"": {""date"": ""2018-06-23""}}"
2018_9,2018,9,Austrian Grand Prix,Red Bull Ring,2018-07-01,Austria,Spielberg,13:10:00Z,47.2197,14.7647,"{""FirstPractice"": {""date"": ""2018-06-29""}, ""SecondPractice"": {""date"": ""2018-06-29""}, ""ThirdPractice"": {""date"": ""2018-06-30""}, ""Qualifying"": {""date"": ""2018-06-30""}}"
2018_10,2018,10,British Grand Prix,Silverstone Circuit,2018-07-08,UK,Silverstone,13:10:00Z,52.0786,-1.01694,"{""FirstPractice"": {""date"": ""2018-07-06""}, ""SecondPractice"": {""date"": ""2018-07-06""}, ""ThirdPractice"": {""date"": ""2018-07-07""}, ""Qualifying"": {""date"": ""2018-07-07""}}"
2018_11,2018,11,German Grand Prix,Hockenheimring,2018-07-22,Germany,Hockenheim,13:10:00Z,49.3278,8.56583,"{""FirstPractice"": {""date"": ""2018-07-20""}, ""SecondPractice"": {""date"": ""2018-07-20""}, ""ThirdPractice"": {""date"": ""2018-07-21""}, ""Qualifying"": {""date"": ""2018-07-21""}}"
2018_12,2018,12,Hungarian Grand Prix,Hungaroring,2018-07-29,Hungary,Budapest,13:10:00Z,47.5789,19.2486,"{""FirstPractice"": {""date"": ""2018-07-27""}, ""SecondPractice"": {""date"": ""2018-07-27""}, ""ThirdPractice"": {""date"": ""2018-07-28""}, ""Qualifying"": {""date"": ""2018-07-28""}}"
2018_13,2018,13,Belgian Grand Prix,Circuit de Spa-Francorchamps,2018-08-26,Belgium,Spa,13:10:00Z,50.4372,5.97139,"{""FirstPractice"": {""date"": ""2018-08-24""}, ""SecondPractice"": {""date"": ""2018-08-24""}, ""ThirdPractice"": {""date"": ""2018-08-25""}, ""Qualifying"": {""date"": ""2018-08-25""}}"
2018_14,2018,14,Italian Grand Prix,Autodromo Nazionale di Monza,2018-09-02,Italy,Monza,13:10:00Z,45.6156,9.28111,"{""FirstPractice"": {""date"": ""2018-08-31""}, ""SecondPractice"": {""date"": ""2018-08-31""}, ""ThirdPractice"": {""date"": ""2018-09-01""}, ""Qualifying"": {""date"": ""2018-09-01""}}"
2018_15,2018,15,Singapore Grand Prix,Marina Bay Street Circuit,2018-09-16,Singapore,Marina Bay,12:10:00Z,1.2914,103.864,"{""FirstPractice"": {""date"": ""2018-09-14""}, ""SecondPractice"": {""date"": ""2018-09-14""}, ""ThirdPractice"": {""date"": ""2018-09-15""}, ""Qualifying"": {""date"": ""2018-09-15""}}"
2018_16,2018,16,Russian Grand Prix,Sochi Autodrom,2018-09-30,Russia,Sochi,11:10:00Z,43.4057,39.9578,"{""FirstPractice"": {""date"": ""2018-09-28""}, ""SecondPractice"": {""date"": ""2018-09-28""}, ""ThirdPractice"": {""date"": ""2018-09-29""}, ""Qualifying"": {""date"": ""2018-09-29""}}"
2018_17,2018,17,Japanese Grand Prix,Suzuka Circuit,2018-10-07,Japan,Suzuka,05:10:00Z,34.8431,136.541,"{""FirstPractice"": {""date"": ""2018-10-05""}, ""SecondPractice"": {""date"": ""2018-10-05""}, ""ThirdPractice"": {""date"": ""2018-10-06""}, ""Qualifying"": {""date"": ""2018-10-06""}}"
2018_18,2018,18,United States Grand Prix,Circuit of the Americas,2018-10-21,USA,Austin,18:10:00Z,30.1328,-97.6411,"{""FirstPractice"": {""date"": ""2018-10-19""}, ""SecondPractice"": {""date"": ""2018-10-19""}, ""ThirdPractice"": {""date"": ""2018-10-20""}, ""Qualifying"": {""date"": ""2018-10-20""}}"
2018_19,2018,19,Mexican Grand Prix,Autódromo Hermanos Rodríguez,2018-10-28,Mexico,Mexico City,19:10:00Z,19.4042,-99.0907,"{""FirstPractice"": {""date"": ""2018-10-26""}, ""SecondPractice"": {""date"": ""2018-10-26""}, ""ThirdPractice"": {""date"": ""2018-10-27""}, ""Qualifying"": {""date"": ""2018-10-27""}}"
2018_20,2018,20,Brazilian Grand Prix,Autódromo José Carlos Pace,2018-11-11,Brazil,São Paulo,17:10:00Z,-23.7036,-46.6997,"{""FirstPractice"": {""date"": ""2018-11-09""}, ""SecondPractice"": {""date"": ""2018-11-09""}, ""ThirdPractice"": {""date"": ""2018-11-10""}, ""Qualifying"": {""date"": ""2018-11-10""}}"
2018_21,2018,21,Abu Dhabi Grand Prix,Yas Marina Circuit,2018-11-25,UAE,Abu Dhabi,13:10:00Z,24.4672,54.6031,"{""FirstPractice"": {""date"": ""2018-11-23""}, ""SecondPractice"": {""date"": ""2018-11-23""}, ""ThirdPractice"": {""date"": ""2018-11-24""}, ""Qualifying"": {""date"": ""2018-11-24""}}"
2019_1,2019,1,Australian Grand Prix,Albert Park Grand Prix Circuit,2019-03-17,Australia,Melbourne,05:10:00Z,-37.8497,144.968,"{""FirstPractice"": {""date"": ""2019-03-15""}, ""SecondPractice"": {""date"": ""2019-03-15""}, ""ThirdPractice"": {""date"": ""2019-03-16""}, ""Qualifying"": {""date"": ""2019-03-16""}}"
2019_2,2019,2,Bahrain Grand Prix,Bahrain International Circuit,2019-03-31,Bahrain,Sakhir,15:10:00Z,26.0325,50.5106,"{""FirstPractice"": {""date"": ""2019-03-29""}, ""SecondPractice"": {""date"": ""2019-03-29""}, ""ThirdPractice"": {""date"": ""2019-03-30""}, ""Qualifying"": {""date"": ""2019-03-30""}}"
2019_3,2019,3,Chinese Grand Prix,Shanghai International Circuit,2019-04-14,China,Shanghai,06:10:00Z,31.3389,121.22,"{""FirstPractice"": {""date"": ""2019-04-12""}, ""SecondPractice"": {""date"": ""2019-04-12""}, ""ThirdPractice"": {""date"": ""2019-04-13""}, ""Qualifying"": {""date"": ""2019-04-13""}}"
2019_4,2019,4,Azerbaijan Grand Prix,Baku City Circuit,2019-04-28,Azerbaijan,Baku,12:10:00Z,40.3725,49.8533,"{""FirstPractice"": {""date"": ""2019-04-26""}, ""SecondPractice"": {""date"": ""2019-04-26""}, ""ThirdPractice"": {""date"": ""2019-04-27""}, ""Qualifying"": {""date"": ""2019-04-27""}}"
2019_5,2019,5,Spanish Grand Prix,Circuit de Barcelona-Catalunya,2019-05-12,Spain,Barcelona,13:10:00Z,41.57,2.26111,"{""FirstPractice"": {""date"": ""2019-05-10""}, ""SecondPractice"": {""date"": ""2019-05-10""}, ""ThirdPractice"": {""date"": ""2019-05-11""}, ""Qualifying"": {""date"": ""2019-05-11""}}"
2019_6,2019,6,Monaco Grand Prix,Circuit de Monaco,2019-05-26,Monaco,Monte Carlo,13:10:00Z,43.7347,7.42056,"{""FirstPractice"": {""date"": ""2019-05-23""}, ""SecondPractice"": {""date"": ""2019-05-23""}, ""ThirdPractice"": {""date"": ""2019-05-25""}, ""Qualifying"": {""date"": ""2019-05-25""}}"
2019_7,2019,7,Canadian Grand Prix,Circuit Gilles Villeneuve,2019-06-09,Canada,Montreal,18:10:00Z,45.5,-73.5228,"{""FirstPractice"": {""date"": ""2019-06-07""}, ""SecondPractice"": {""date"": ""2019-06-07""}, ""ThirdPractice"": {""date"": ""2019-06-08""}, ""Qualifying"": {""date"": ""2019-06-08""}}"
2019_8,2019,8,French Grand Prix,Circuit Paul Ricard,2019-06-23,France,Le Castellet,13:10:00Z,43.2506,5.79167,"{""FirstPractice"": {""date"": ""2019-06-21""}, ""SecondPractice"": {""date"": ""2019-06-21""}, ""ThirdPractice"": {""date"": ""2019-06-22""}, ""Qualifying"": {""date"": ""2019-06-22""}}"
2019_9,2019,9,Austrian Grand Prix,Red Bull Ring,2019-06-30,Austria,Spielberg,13:10:00Z,47.2197,14.7647,"{""FirstPractice"": {""date"": ""2019-06-28""}, ""SecondPractice"": {""date"": ""2019-06-28""}, ""ThirdPractice"": {""date"": ""2019-06-29""}, ""Qualifying"": {""date"": ""2019-06-29""}}"
2019_10,2019,10,British Grand Prix,Silverstone Circuit,2019-07-14,UK,Silverstone,13:10:00Z,52.0786,-1.01694,"{""FirstPractice"": {""date"": ""2019-07-12""}, ""SecondPractice"": {""date"": ""2019-07-12""}, ""ThirdPractice"": {""date"": ""2019-07-13""}, ""Qualifying"": {""date"": ""2019-07-13""}}"
2019_11,2019,11,German Grand Prix,Hockenheimring,2019-07-28,Germany,Hockenheim,13:10:00Z,49.3278,8.56583,"{""FirstPractice"": {""date"": ""2019-07-26""}, ""SecondPractice"": {""date"": ""2019-07-26""}, ""ThirdPractice"": {""date"": ""2019-07-27""}, ""Qualifying"": {""date"": ""2019-07-27""}}"
2019_12,2019,12,Hungarian Grand Prix,Hungaroring,2019-08-04,Hungary,Budapest,13:10:00Z,47.5789,19.2486,"{""FirstPractice"": {""date"": ""2019-08-02""}, ""SecondPractice"": {""date"": ""2019-08-02""}, ""ThirdPractice"": {""date"": ""2019-08-03""}, ""Qualifying"": {""date"": ""2019-08-03""}}"
2019_13,2019,13,Belgian Grand Prix,Circuit de Spa-Francorchamps,2019-09-01,Belgium,Spa,13:10:00Z,50.4372,5.97139,"{""FirstPractice"": {""date"": ""2019-08-30""}, ""SecondPractice"": {""date"": ""2019-08-30""}, ""ThirdPractice"": {""date"": ""2019-08-31""}, ""Qualifying"": {""date"": ""2019-08-31""}}"
2019_14,2019,14,Italian Grand Prix,Autodromo Nazionale di Monza,2019-09-08,Italy,Monza,13:10:00Z,45.6156,9.28111,"{""FirstPractice"": {""date"": ""2019-09-06""}, ""SecondPractice"": {""date"": ""2019-09-06""}, ""ThirdPractice"": {""date"": ""2019-09-07""}, ""Qualifying"": {""date"": ""2019-09-07""}}"
2019_15,2019,15,Singapore Grand Prix,Marina Bay Street Circuit,2019-09-22,Singapore,Marina Bay,12:10:00Z,1.2914,103.864,"{""FirstPractice"": {""date"": ""2019-09-20""}, ""SecondPractice"": {""date"": ""2019-09-20""}, ""ThirdPractice"": {""date"": ""2019-09-21""}, ""Qualifying"": {""date"": ""2019-09-21""}}"
2019_16,2019,16,Russian Grand Prix,Sochi Autodrom,2019-09-29,Russia,Sochi,11:10:00Z,43.4057,39.9578,"{""FirstPractice"": {""date"": ""2019-09-27""}, ""SecondPractice"": {""date"": ""2019-09-27""}, ""ThirdPractice"": {""date"": ""2019-09-28""}, ""Qualifying"": {""date"": ""2019-09-28""}}"
2019_17,2019,17,Japanese Grand Prix,Suzuka Circuit,2019-10-13,Japan,Suzuka,05:10:00Z,34.8431,136.541,"{""FirstPractice"": {""date"": ""2019-10-11""}, ""SecondPractice"": {""date"": ""2019-10-11""}, ""ThirdPractice"": {""date"": ""2019-10-12""}, ""Qualifying"": {""date"": ""2019-10-12""}}"
2019_18,2019,18,Mexican Grand Prix,Autódromo Hermanos Rodríguez,2019-10-27,Mexico,Mexico City,19:10:00Z,19.4042,-99.0907,"{""FirstPractice"": {""date"": ""2019-10-25""}, ""SecondPractice"": {""date"": ""2019-10-25""}, ""ThirdPractice"": {""date"": ""2019-10-26""}, ""Qualifying"": {""date"": ""2019-10-26""}}"
2019_19,2019,19,United States Grand Prix,Circuit of the Americas,2019-11-03,USA,Austin,19:10:00Z,30.1328,-97.6411,"{""FirstPractice"": {""date"": ""2019-11-01""}, ""SecondPractice"": {""date"": ""2019-11-01""}, ""ThirdPractice"": {""date"": ""2019-11-02""}, ""Qualifying"": {""date"": ""2019-11-02""}}"
2019_20,2019,20,Brazilian Grand Prix,Autódromo José Carlos Pace,2019-11-17,Brazil,São Paulo,17:10:00Z,-23.7036,-46.6997,"{""FirstPractice"": {""date"": ""2019-11-15""}, ""SecondPractice"": {""date"": ""2019-11-15""}, ""ThirdPractice"": {""date"": ""2019-11-16""}, ""Qualifying"": {""date"": ""2019-11-16""}}"
2019_21,2019,21,Abu Dhabi Grand Prix,Yas Marina Circuit,2019-12-01,UAE,Abu Dhabi,13:10:00Z,24.4672,54.6031,"{""FirstPractice"": {""date"": ""2019-11-29""}, ""SecondPractice"": {""date"": ""2019-11-29""}, ""ThirdPractice"": {""date"": ""2019-11-30""}, ""Qualifying"": {""date"": ""2019-11-30""}}"
2020_1,2020,1,Austrian Grand Prix,Red Bull Ring,2020-07-05,Austria,Spielberg,13:10:00Z,47.2197,14.7647,"{""FirstPractice"": {""date"": ""2020-07-03""}, ""SecondPractice"": {""date"": ""2020-07-03""}, ""ThirdPractice"": {""date"": ""2020-07-04""}, ""Qualifying"": {""date"": ""2020-07-04""}}"
2020_2,2020,2,Styrian Grand Prix,Red Bull Ring,2020-07-12,Austria,Spielberg,13:10:00Z,47.2197,14.7647,"{""FirstPractice"": {""date"": ""2020-07-10""}, ""SecondPractice"": {""date"": ""2020-07-10""}, ""ThirdPractice"": {""date"": ""2020-07-11""}, ""Qualifying"": {""date"": ""2020-07-11""}}"
2020_3,2020,3,Hungarian Grand Prix,Hungaroring,2020-07-19,Hungary,Budapest,13:10:00Z,47.5789,19.2486,"{""FirstPractice"": {""date"": ""2020-07-17""}, ""SecondPractice"": {""date"": ""2020-07-17""}, ""ThirdPractice"": {""date"": ""2020-07-18""}, ""Qualifying"": {""date"": ""2020-07-18""}}"
2020_4,2020,4,British Grand Prix,Silverstone Circuit,2020-08-02,UK,Silverstone,13:10:00Z,52.0786,-1.01694,"{""FirstPractice"": {""date"": ""2020-07-31""}, ""SecondPractice"": {""date"": ""2020-07-31""}, ""ThirdPractice"": {""date"": ""2020-08-01""}, ""Qualifying"": {""date"": ""2020-08-01""}}"
2020_5,2020,5,70th Anniversary Grand Prix,Silverstone Circuit,2020-08-09,UK,Silverstone,13:10:00Z,52.0786,-1.01694,"{""FirstPractice"": {""date"": ""2020-08-07""}, ""SecondPractice"": {""date"": ""2020-08-07""}, ""ThirdPractice"": {""date"": ""2020-08-08""}, ""Qualifying"": {""date"": ""2020-08-08""}}"
2020_6,2020,6,Spanish Grand Prix,Circuit de Barcelona-Catalunya,2020-08-16,Spain,Barcelona,13:10:00Z,41.57,2.26111,"{""FirstPractice"": {""date"": ""2020-08-14""}, ""SecondPractice"": {""date"": ""2020-08-14""}, ""ThirdPractice"": {""date"": ""2020-08-15""}, ""Qualifying"": {""date"": ""2020-08-15""}}"
2020_7,2020,7,Belgian Grand Prix,Circuit de Spa-Francorchamps,2020-08-30,Belgium,Spa,13:10:00Z,50.4372,5.97139,"{""FirstPractice"": {""date"": ""2020-08-28""}, ""SecondPractice"": {""date"": ""2020-08-28""}, ""ThirdPractice"": {""date"": ""2020-08-29""}, ""Qualifying"": {""date"": ""2020-08-29""}}"
2020_8,2020,8,Italian Grand Prix,Autodromo Nazionale di Monza,2020-09-06,Italy,Monza,13:10:00Z,45.6156,9.28111,"{""FirstPractice"": {""date"": ""2020-09-04""}, ""SecondPractice"": {""date"": ""2020-09-04""}, ""ThirdPractice"": {""date"": ""2020-09-05""}, ""Qualifying"": {""date"": ""2020-09-05""}}"
2020_9,2020,9,Tuscan Grand Prix,Autodromo Internazionale del Mugello,2020-09-13,Italy,Mugello,13:10:00Z,43.9975,11.3719,"{""FirstPractice"": {""date"": ""2020-09-11""}, ""SecondPractice"": {""date"": ""2020-09-11""}, ""ThirdPractice"": {""date"": ""2020-09-12""}, ""Qualifying"": {""date"": ""2020-09-12""}}"
2020_10,2020,10,Russian Grand Prix,Sochi Autodrom,2020-09-27,Russia,Sochi,11:10:00Z,43.4057,39.9578,"{""FirstPractice"": {""date"": ""2020-09-25""}, ""SecondPractice"": {""date"": ""2020-09-25""}, ""ThirdPractice"": {""date"": ""2020-09-26""}, ""Qualifying"": {""date"": ""2020-09-26""}}"
2020_11,2020,11,Eifel Grand Prix,Nürburgring,2020-10-11,Germany,Nürburg,13:10:00Z,50.3356,6.9475,"{""FirstPractice"": {""date"": ""2020-10-09""}, ""SecondPractice"": {""date"": ""2020-10-09""}, ""ThirdPractice"": {""date"": ""2020-10-10""}, ""Qualifying"": {""date"": ""2020-10-10""}}"
2020_12,2020,12,Portuguese Grand Prix,Autódromo Internacional do Algarve,2020-10-25,Portugal,Portimão,12:10:00Z,37.227,-8.6267,"{""FirstPractice"": {""date"": ""2020-10-23""}, ""SecondPractice"": {""date"": ""2020-10-23""}, ""ThirdPractice"": {""date"": ""2020-10-24""}, ""Qualifying"": {""date"": ""2020-10-24""}}"
2020_13,2020,13,Emilia Romagna Grand Prix,Autodromo Enzo e Dino Ferrari,2020-11-01,Italy,Imola,12:10:00Z,44.3439,11.7167,"{""FirstPractice"": {""date"": ""2020-10-30""}, ""SecondPractice"": {""date"": ""2020-10-30""}, ""ThirdPractice"": {""date"": ""2020-10-31""}, ""Qualifying"": {""date"": ""2020-10-31""}}"
2020_14,2020,14,Turkish Grand Prix,Istanbul Park,2020-11-15,Turkey,Istanbul,10:10:00Z,40.9517,29.405,"{""FirstPractice"": {""date"": ""2020-11-13""}, ""SecondPractice"": {""date"": ""2020-11-13""}, ""ThirdPractice"": {""date"": ""2020-11-14""}, ""Qualifying"": {""date"": ""2020-11-14""}}"
2020_15,2020,15,Bahrain Grand Prix,Bahrain International Circuit,2020-11-29,Bahrain,Sakhir,14:10:00Z,26.0325,50.5106,"{""FirstPractice"": {""date"": ""2020-11-27""}, ""SecondPractice"": {""date"": ""2020-11-27""}, ""ThirdPractice"": {""date"": ""2020-11-28""}, ""Qualifying"": {""date"": ""2020-11-28""}}"
2020_16,2020,16,Sakhir Grand Prix,Bahrain International Circuit,2020-12-06,Bahrain,Sakhir,17:10:00Z,26.0325,50.5106,"{""FirstPractice"": {""date"": ""2020-12-04""}, ""SecondPractice"": {""date"": ""2020-12-04""}, ""ThirdPractice"": {""date"": ""2020-12-05""}, ""Qualifying"": {""date"": ""2020-12-05""}}"
2020_17,2020,17,Abu Dhabi Grand Prix,Yas Marina Circuit,2020-12-13,UAE,Abu Dhabi,13:10:00Z,24.4672,54.6031,"{""FirstPractice"": {""date"": ""2020-12-11""}, ""SecondPractice"": {""date"": ""2020-12-11""}, ""ThirdPractice"": {""date"": ""2020-12-12""}, ""Qualifying"": {""date"": ""2020-12-12""}}"
2021_1,2021,1,Bahrain Grand Prix,Bahrain International Circuit,2021-03-28,Bahrain,Sakhir,15:00:00Z,26.0325,50.5106,"{""FirstPractice"": {""date"": ""2021-03-26""}, ""SecondPractice"": {""date"": ""2021-03-26""}, ""ThirdPractice"": {""date"": ""2021-03-27""}, ""Qualifying"": {""date"": ""2021-03-27""}}"
2021_2,2021,2,Emilia Romagna Grand Prix,Autodromo Enzo e Dino Ferrari,2021-04-18,Italy,Imola,13:00:00Z,44.3439,11.7167,"{""FirstPractice"": {""date"": ""2021-04-16""}, ""SecondPractice"": {""date"": ""2021-04-16""}, ""ThirdPractice"": {""date"": ""2021-04-17""}, ""Qualifying"": {""date"": ""2021-04-17""}}"
2021_3,2021,3,Portuguese Grand Prix,Autódromo Internacional do Algarve,2021-05-02,Portugal,Portimão,14:00:00Z,37.227,-8.6267,"{""FirstPractice"": {""date"": ""2021-04-30""}, ""SecondPractice"": {""date"": ""2021-04-30""}, ""ThirdPractice"": {""date"": ""2021-05-01""}, ""Qualifying"": {""date"": ""2021-05-01""}}"
2021_4,2021,4,Spanish Grand Prix,Circuit de Barcelona-Catalunya,2021-05-09,Spain,Barcelona,13:00:00Z,41.57,2.26111,"{""FirstPractice"": {""date"": ""2021-05-07""}, ""SecondPractice"": {""date"": ""2021-05-07""}, ""ThirdPractice"": {""date"": ""2021-05-08""}, ""Qualifying"": {""date"": ""2021-05-08""}}"
2021_5,2021,5,Monaco Grand Prix,Circuit de Monaco,2021-05-23,Monaco,Monte Carlo,13:00:00Z,43.7347,7.42056,"{""FirstPractice"": {""date"": ""2021-05-21""}, ""SecondPractice"": {""date"": ""2021-05-21""}, ""ThirdPractice"": {""date"": ""2021-05-22""}, ""Qualifying"": {""date"": ""2021-05-22""}}"
2021_6,2021,6,Azerbaijan Grand Prix,Baku City Circuit,2021-06-06,Azerbaijan,Baku,12:00:00Z,40.3725,49.8533,"{""FirstPractice"": {""date"": ""2021-06-04""}, ""SecondPractice"": {""date"": ""2021-06-04""}, ""ThirdPractice"": {""date"": ""2021-06-05""}, ""Qualifying"": {""date"": ""2021-06-05""}}"
2021_7,2021,7,French Grand Prix,Circuit Paul Ricard,2021-06-20,France,Le Castellet,13:00:00Z,43.2506,5.79167,"{""FirstPractice"": {""date"": ""2021-06-18""}, ""SecondPractice"": {""date"": ""2021-06-18""}, ""ThirdPractice"": {""date"": ""2021-06-19""}, ""Qualifying"": {""date"": ""2021-06-19""}}"
2021_8,2021,8,Styrian Grand Prix,Red Bull Ring,2021-06-27,Austria,Spielberg,13:00:00Z,47.2197,14.7647,"{""FirstPractice"": {""date"": ""2021-06-25""}, ""SecondPractice"": {""date"": ""2021-06-25""}, ""ThirdPractice"": {""date"": ""2021-06-26""}, ""Qualifying"": {""date"": ""2021-06-26""}}"
2021_9,2021,9,Austrian Grand Prix,Red Bull Ring,2021-07-04,Austria,Spielberg,13:00:00Z,47.2197,14.7647,"{""FirstPractice"": {""date"": ""2021-07-02""}, ""SecondPractice"": {""date"": ""2021-07-02""}, ""ThirdPractice"": {""date"": ""2021-07-03""}, ""Qualifying"": {""date"": ""2021-07-03""}}"
2021_10,2021,10,British Grand Prix,Silverstone Circuit,2021-07-18,UK,Silverstone,14:00:00Z,52.0786,-1.01694,"{""FirstPractice"": {""date"": ""2021-07-16""}, ""SecondPractice"": {""date"": ""2021-07-17""}, ""Sprint"": {""date"": ""2021-07-17""}, ""Qualifying"": {""date"": ""2021-07-16""}}"
2021_11,2021,11,Hungarian Grand Prix,Hungaroring,2021-08-01,Hungary,Budapest,13:00:00Z,47.5789,19.2486,"{""FirstPractice"": {""date"": ""2021-07-30""}, ""SecondPractice"": {""date"": ""2021-07-30""}, ""ThirdPractice"": {""date"": ""2021-07-31""}, ""Qualifying"": {""date"": ""2021-07-31""}}"
2021_12,2021,12,Belgian Grand Prix,Circuit de Spa-Francorchamps,2021-08-29,Belgium,Spa,13:00:00Z,50.4372,5.97139,"{""FirstPractice"": {""date"": ""2021-08-27""}, ""SecondPractice"": {""date"": ""2021-08-27""}, ""ThirdPractice"": {""date"": ""2021-08-28""}, ""Qualifying"": {""date"": ""2021-08-28""}}"
2021_13,2021,13,Dutch Grand Prix,Circuit Park Zandvoort,2021-09-05,Netherlands,Zandvoort,13:00:00Z,52.3888,4.54092,"{""FirstPractice"": {""date"": ""2021-09-03""}, ""SecondPractice"": {""date"": ""2021-09-03""}, ""ThirdPractice"": {""date"": ""2021-09-04""}, ""Qualifying"": {""date"": ""2021-09-04""}}"
2021_14,2021,14,Italian Grand Prix,Autodromo Nazionale di Monza,2021-09-12,Italy,Monza,13:00:00Z,45.6156,9.28111,"{""FirstPractice"": {""date"": ""2021-09-10""}, ""SecondPractice"": {""date"": ""2021-09-11""}, ""Sprint"": {""date"": ""2021-09-11""}, ""Qualifying"": {""date"": ""2021-09-10""}}"
2021_15,2021,15,Russian Grand Prix,Sochi Autodrom,2021-09-26,Russia,Sochi,12:00:00Z,43.4057,39.9578,"{""FirstPractice"": {""date"": ""2021-09-24""}, ""SecondPractice"": {""date"": ""2021-09-24""}, ""ThirdPractice"": {""date"": ""2021-09-25""}, ""Qualifying"": {""date"": ""2021-09-25""}}"
2021_16,2021,16,Turkish Grand Prix,Istanbul Park,2021-10-10,Turkey,Istanbul,12:00:00Z,40.9517,29.405,"{""FirstPractice"": {""date"": ""2021-10-08""}, ""SecondPractice"": {""date"": ""2021-10-08""}, ""ThirdPractice"": {""date"": ""2021-10-09""}, ""Qualifying"": {""date"": ""2021-10-09""}}"
2021_17,2021,17,United States Grand Prix,Circuit of the Americas,2021-10-24,USA,Austin,19:00:00Z,30.1328,-97.6411,"{""FirstPractice"": {""date"": ""2021-10-22""}, ""SecondPractice"": {""date"": ""2021-10-22""}, ""ThirdPractice"": {""date"": ""2021-10-23""}, ""Qualifying"": {""date"": ""2021-10-23""}}"
2021_18,2021,18,Mexico City Grand Prix,Autódromo Hermanos Rodríguez,2021-11-07,Mexico,Mexico City,19:00:00Z,19.4042,-99.0907,"{""FirstPractice"": {""date"": ""2021-11-05""}, ""SecondPractice"": {""date"": ""2021-11-05""}, ""ThirdPractice"": {""date"": ""2021-11-06""}, ""Qualifying"": {""date"": ""2021-11-06""}}"
2021_19,2021,19,São Paulo Grand Prix,Autódromo José Carlos Pace,2021-11-14,Brazil,São Paulo,17:00:00Z,-23.7036,-46.6997,"{""FirstPractice"": {""date"": ""2021-11-12""}, ""SecondPractice"": {""date"": ""2021-11-13""}, ""Sprint"": {""date"": ""2021-11-13""}, ""Qualifying"": {""date"": ""2021-11-12""}}"
2021_20,2021,20,Qatar Grand Prix,Losail International Circuit,2021-11-21,Qatar,Lusail,14:00:00Z,25.49,51.4542,"{""FirstPractice"": {""date"": ""2021-11-19""}, ""SecondPractice"": {""date"": ""2021-11-19""}, ""ThirdPractice"": {""date"": ""2021-11-20""}, ""Qualifying"": {""date"": ""2021-11-20""}}"
2021_21,2021,21,Saudi Arabian Grand Prix,Jeddah Corniche Circuit,2021-12-05,Saudi Arabia,Jeddah,17:30:00Z,21.6319,39.1044,"{""FirstPractice"": {""date"": ""2021-12-03""}, ""SecondPractice"": {""date"": ""2021-12-03""}, ""ThirdPractice"": {""date"": ""2021-12-04""}, ""Qualifying"": {""date"": ""2021-12-04""}}"
2021_22,2021,22,Abu Dhabi Grand Prix,Yas Marina Circuit,2021-12-12,UAE,Abu Dhabi,13:00:00Z,24.4672,54.6031,"{""FirstPractice"": {""date"": ""2021-12-10""}, ""SecondPractice"": {""date"": ""2021-12-10""}, ""ThirdPractice"": {""date"": ""2021-12-11""}, ""Qualifying"": {""date"": ""2021-12-11""}}"
2022_1,2022,1,Bahrain Grand Prix,Bahrain International Circuit,2022-03-20,Bahrain,Sakhir,15:00:00Z,26.0325,50.5106,"{""FirstPractice"": {""date"": ""2022-03-18"", ""time"": ""12:00:00Z""}, ""SecondPractice"": {""date"": ""2022-03-18"", ""time"": ""15:00:00Z""}, ""ThirdPractice"": {""date"": ""2022-03-19"", ""time"": ""12:00:00Z""}, ""Qualifying"": {""date"": ""2022-03-19"", ""time"": ""15:00:00Z""}}"
2022_2,2022,2,Saudi Arabian Grand Prix,Jeddah Corniche Circuit,2022-03-27,Saudi Arabia,Jeddah,17:00:00Z,21.6319,39.1044,"{""FirstPractice"": {""date"": ""2022-03-25"", ""time"": ""14:00:00Z""}, ""SecondPractice"": {""date"": ""2022-03-25"", ""time"": ""17:00:00Z""}, ""ThirdPractice"": {""date"": ""2022-03-26"", ""time"": ""14:00:00Z""}, ""Qualifying"": {""date"": ""2022-03-26"", ""time"": ""17:00:00Z""}}"
2022_3,2022,3,Australian Grand Prix,Albert Park Grand Prix Circuit,2022-04-10,Australia,Melbourne,05:00:00Z,-37.8497,144.968,"{""FirstPractice"": {""date"": ""2022-04-08"", ""time"": ""03:00:00Z""}, ""SecondPractice"": {""date"": ""2022-04-08"", ""time"": ""06:00:00Z""}, ""ThirdPractice"": {""date"": ""2022-04-09"", ""time"": ""03:00:00Z""}, ""Qualifying"": {""date"": ""2022-04-09"", ""time"": ""06:00:00Z""}}"
2022_4,2022,4,Emilia Romagna Grand Prix,Autodromo Enzo e Dino Ferrari,2022-04-24,Italy,Imola,13:00:00Z,44.3439,11.7167,"{""FirstPractice"": {""date"": ""2022-04-22"", ""time"": ""11:30:00Z""}, ""SecondPractice"": {""date"": ""2022-04-23"", ""time"": ""10:30:00Z""}, ""Sprint"": {""date"": ""2022-04-23"", ""time"": ""14:30:00Z""}, ""Qualifying"": {""date"": ""2022-04-22"", ""time"": ""15:00:00Z""}}"
2022_5,2022,5,Miami Grand Prix,Miami International Autodrome,2022-05-08,USA,Miami,19:30:00Z,25.9581,-80.2389,"{""FirstPractice"": {""date"": ""2022-05-06"", ""time"": ""18:30:00Z""}, ""SecondPractice"": {""date"": ""2022-05-06"", ""time"": ""21:30:00Z""}, ""ThirdPractice"": {""date"": ""2022-05-07"", ""time"": ""17:00:00Z""}, ""Qualifying"": {""date"": ""2022-05-07"", ""time"": ""20:00:00Z""}}"
2022_6,2022,6,Spanish Grand Prix,Circuit de Barcelona-Catalunya,2022-05-22,Spain,Barcelona,13:00:00Z,41.57,2.26111,"{""FirstPractice"": {""date"": ""2022-05-20"", ""time"": ""12:00:00Z""}, ""SecondPractice"": {""date"": ""2022-05-20"", ""time"": ""15:00:00Z""}, ""ThirdPractice"": {""date"": ""2022-05-21"", ""time"": ""11:00:00Z""}, ""Qualifying"": {""date"": ""2022-05-21"", ""time"": ""14:00:00Z""}}"
2022_7,2022,7,Monaco Grand Prix,Circuit de Monaco,2022-05-29,Monaco,Monte Carlo,13:00:00Z,43.7347,7.42056,"{""FirstPractice"": {""date"": ""2022-05-27"", ""time"": ""12:00:00Z""}, ""SecondPractice"": {""date"": ""2022-05-27"", ""time"": ""15:00:00Z""}, ""ThirdPractice"": {""date"": ""2022-05-28"", ""time"": ""11:00:00Z""}, ""Qualifying"": {""date"": ""2022-05-28"", ""time"": ""14:00:00Z""}}"
2022_8,2022,8,Azerbaijan Grand Prix,Baku City Circuit,2022-06-12,Azerbaijan,Baku,11:00:00Z,40.3725,49.8533,"{""FirstPractice"": {""date"": ""2022-06-10"", ""time"": ""11:00:00Z""}, ""SecondPractice"": {""date"": ""2022-06-10"", ""time"": ""14:00:00Z""}, ""ThirdPractice"": {""date"": ""2022-06-11"", ""time"": ""11:00:00Z""}, ""Qualifying"": {""date"": ""2022-06-11"", ""time"": ""14:00:00Z""}}"
2022_9,2022,9,Canadian Grand Prix,Circuit Gilles Villeneuve,2022-06-19,Canada,Montreal,18:00:00Z,45.5,-73.5228,"{""FirstPractice"": {""date"": ""2022-06-17"", ""time"": ""18:00:00Z""}, ""SecondPractice"": {""date"": ""2022-06-17"", ""time"": ""21:00:00Z""}, ""ThirdPractice"": {""date"": ""2022-06-18"", ""time"": ""17:00:00Z""}, ""Qualifying"": {""date"": ""2022-06-18"", ""time"": ""20:00:00Z""}}"
2022_10,2022,10,British Grand Prix,Silverstone Circuit,2022-07-03,UK,Silverstone,14:00:00Z,52.0786,-1.01694,"{""FirstPractice"": {""date"": ""2022-07-01"", ""time"": ""12:00:00Z""}, ""SecondPractice"": {""date"": ""2022-07-01"", ""time"": ""15:00:00Z""}, ""ThirdPractice"": {""date"": ""2022-07-02"", ""time"": ""11:00:00Z""}, ""Qualifying"": {""date"": ""2022-07-02"", ""time"": ""14:00:00Z""}}"
2022_11,2022,11,Austrian Grand Prix,Red Bull Ring,2022-07-10,Austria,Spielberg,13:00:00Z,47.2197,14.7647,"{""FirstPractice"": {""date"": ""2022-07-08"", ""time"": ""11:30:00Z""}, ""SecondPractice"": {""date"": ""2022-07-09"", ""time"": ""10:30:00Z""}, ""Sprint"": {""date"": ""2022-07-09"", ""time"": ""14:30:00Z""}, ""Qualifying"": {""date"": ""2022-07-08"", ""time"": ""15:00:00Z""}}"
2022_12,2022,12,French Grand Prix,Circuit Paul Ricard,2022-07-24,France,Le Castellet,13:00:00Z,43.2506,5.79167,"{""FirstPractice"": {""date"": ""2022-07-22"", ""time"": ""12:00:00Z""}, ""SecondPractice"": {""date"": ""2022-07-22"", ""time"": ""15:00:00Z""}, ""ThirdPractice"": {""date"": ""2022-07-23"", ""time"": ""11:00:00Z""}, ""Qualifying"": {""date"": ""2022-07-23"", ""time"": ""14:00:00Z""}}"
2022_13,2022,13,Hungarian Grand Prix,Hungaroring,2022-07-31,Hungary,Budapest,13:00:00Z,47.5789,19.2486,"{""FirstPractice"": {""date"": ""2022-07-29"", ""time"": ""12:00:00Z""}, ""SecondPractice"": {""date"": ""2022-07-29"", ""time"": ""15:00:00Z""}, ""ThirdPractice"": {""date"": ""2022-07-30"", ""time"": ""11:00:00Z""}, ""Qualifying"": {""date"": ""2022-07-30"", ""time"": ""14:00:00Z""}}"
2022_14,2022,14,Belgian Grand Prix,Circuit de Spa-Francorchamps,2022-08-28,Belgium,Spa,13:00:00Z,50.4372,5.97139,"{""FirstPractice"": {""date"": ""2022-08-26"", ""time"": ""12:00:00Z""}, ""SecondPractice"": {""date"": ""2022-08-26"", ""time"": ""15:00:00Z""}, ""ThirdPractice"": {""date"": ""2022-08-27"", ""time"": ""11:00:00Z""}, ""Qualifying"": {""date"": ""2022-08-27"", ""time"": ""14:00:00Z""}}"
2022_15,2022,15,Dutch Grand Prix,Circuit Park Zandvoort,2022-09-04,Netherlands,Zandvoort,13:00:00Z,52.3888,4.54092,"{""FirstPractice"": {""date"": ""2022-09-02"", ""time"": ""10:30:00Z""}, ""SecondPractice"": {""date"": ""2022-09-02"", ""time"": ""14:00:00Z""}, ""ThirdPractice"": {""date"": ""2022-09-03"", ""time"": ""10:00:00Z""}, ""Qualifying"": {""date"": ""2022-09-03"", ""time"": ""13:00:00Z""}}"
2022_16,2022,16,Italian Grand Prix,Autodromo Nazionale di Monza,2022-09-11,Italy,Monza,13:00:00Z,45.6156,9.28111,"{""FirstPractice"": {""date"": ""2022-09-09"", ""time"": ""12:00:00Z""}, ""SecondPractice"": {""date"": ""2022-09-09"", ""time"": ""15:00:00Z""}, ""ThirdPractice"": {""date"": ""2022-09-10"", ""time"": ""11:00:00Z""}, ""Qualifying"": {""date"": ""2022-09-10"", ""time"": ""14:00:00Z""}}"
2022_17,2022,17,Singapore Grand Prix,Marina Bay Street Circuit,2022-10-02,Singapore,Marina Bay,12:00:00Z,1.2914,103.864,"{""FirstPractice"": {""date"": ""2022-09-30"", ""time"": ""10:00:00Z""}, ""SecondPractice"": {""date"": ""2022-09-30"", ""time"": ""13:00:00Z""}, ""ThirdPractice"": {""date"": ""2022-10-01"", ""time"": ""10:00:00Z""}, ""Qualifying"": {""date"": ""2022-10-01"", ""time"": ""13:00:00Z""}}"
2022_18,2022,18,Japanese Grand Prix,Suzuka Circuit,2022-10-09,Japan,Suzuka,05:00:00Z,34.8431,136.541,"{""FirstPractice"": {""date"": ""2022-10-07"", ""time"": ""03:00:00Z""}, ""SecondPractice"": {""date"": ""2022-10-07"", ""time"": ""06:00:00Z""}, ""ThirdPractice"": {""date"": ""2022-10-08"", ""time"": ""03:00:00Z""}, ""Qualifying"": {""date"": ""2022-10-08"", ""time"": ""06:00:00Z""}}"
2022_19,2022,19,United States Grand Prix,Circuit of the Americas,2022-10-23,USA,Austin,19:00:00Z,30.1328,-97.6411,"{""FirstPractice"": {""date"": ""2022-10-21"", ""time"": ""19:00:00Z""}, ""SecondPractice"": {""date"": ""2022-10-21"", ""time"": ""22:00:00Z""}, ""ThirdPractice"": {""date"": ""2022-10-22"", ""time"": ""19:00:00Z""}, ""Qualifying"": {""date"": ""2022-10-22"", ""time"": ""22:00:00Z""}}"
2022_20,2022,20,Mexico City Grand Prix,Autódromo Hermanos Rodríguez,2022-10-30,Mexico,Mexico City,20:00:00Z,19.4042,-99.0907,"{""FirstPractice"": {""date"": ""2022-10-28"", ""time"": ""18:00:00Z""}, ""SecondPractice"": {""date"": ""2022-10-28"", ""time"": ""21:00:00Z""}, ""ThirdPractice"": {""date"": ""2022-10-29"", ""time"": ""17:00:00Z""}, ""Qualifying"": {""date"": ""2022-10-29"", ""time"": ""20:00:00Z""}}"
2022_21,2022,21,São Paulo Grand Prix,Autódromo José Carlos Pace,2022-11-13,Brazil,São Paulo,18:00:00Z,-23.7036,-46.6997,"{""FirstPractice"": {""date"": ""2022-11-11"", ""time"": ""15:30:00Z""}, ""SecondPractice"": {""date"": ""2022-11-12"", ""time"": ""15:30:00Z""}, ""Sprint"": {""date"": ""2022-11-12"", ""time"": ""19:30:00Z""}, ""Qualifying"": {""date"": ""2022-11-11"", ""time"": ""19:00:00Z""}}"
2022_22,2022,22,Abu Dhabi Grand Prix,Yas Marina Circuit,2022-11-20,UAE,Abu Dhabi,13:00:00Z,24.4672,54.6031,"{""FirstPractice"": {""date"": ""2022-11-18"", ""time"": ""10:00:00Z""}, ""SecondPractice"": {""date"": ""2022-11-18"", ""time"": ""13:00:00Z""}, ""ThirdPractice"": {""date"": ""2022-11-19"", ""time"": ""11:00:00Z""}, ""Qualifying"": {""date"": ""2022-11-19"", ""time"": ""14:00:00Z""}}"
2023_6,2023,6,Monaco Grand Prix,Circuit de Monaco,2023-05-28,Monaco,Monte Carlo,13:00:00Z,43.7347,7.42056,"{""FirstPractice"": {""date"": ""2023-05-26"", ""time"": ""11:30:00Z""}, ""SecondPractice"": {""date"": ""2023-05-26"", ""time"": ""15:00:00Z""}, ""ThirdPractice"": {""date"": ""2023-05-27"", ""time"": ""10:30:00Z""}, ""Qualifying"": {""date"": ""2023-05-27"", ""time"": ""14:00:00Z""}}"
2023_7,2023,7,Spanish Grand Prix,Circuit de Barcelona-Catalunya,2023-06-04,Spain,Barcelona,13:00:00Z,41.57,2.26111,"{""FirstPractice"": {""date"": ""2023-06-02"", ""time"": ""11:30:00Z""}, ""SecondPractice"": {""date"": ""2023-06-02"", ""time"": ""15:00:00Z""}, ""ThirdPractice"": {""date"": ""2023-06-03"", ""time"": ""10:30:00Z""}, ""Qualifying"": {""date"": ""2023-06-03"", ""time"": ""14:00:00Z""}}"
2023_8,2023,8,Canadian Grand Prix,Circuit Gilles Villeneuve,2023-06-18,Canada,Montreal,18:00:00Z,45.5,-73.5228,"{""FirstPractice"": {""date"": ""2023-06-16"", ""time"": ""17:30:00Z""}, ""SecondPractice"": {""date"": ""2023-06-16"", ""time"": ""21:00:00Z""}, ""ThirdPractice"": {""date"": ""2023-06-17"", ""time"": ""16:30:00Z""}, ""Qualifying"": {""date"": ""2023-06-17"", ""time"": ""20:00:00Z""}}"
2023_9,2023,9,Austrian Grand Prix,Red Bull Ring,2023-07-02,Austria,Spielberg,13:00:00Z,47.2197,14.7647,"{""FirstPractice"": {""date"": ""2023-06-30"", ""time"": ""11:30:00Z""}, ""SprintShootout"": {""date"": ""2023-07-01"", ""time"": ""10:30:00Z""}, ""Sprint"": {""date"": ""2023-07-01"", ""time"": ""14:30:00Z""}, ""Qualifying"": {""date"": ""2023-06-30"", ""time"": ""15:00:00Z""}}"
2023_10,2023,10,British Grand Prix,Silverstone Circuit,2023-07-09,UK,Silverstone,14:00:00Z,52.0786,-1.01694,"{""FirstPractice"": {""date"": ""2023-07-07"", ""time"": ""11:30:00Z""}, ""SecondPractice"": {""date"": ""2023-07-07"", ""time"": ""15:00:00Z""}, ""ThirdPractice"": {""date"": ""2023-07-08"", ""time"": ""10:30:00Z""}, ""Qualifying"": {""date"": ""2023-07-08"", ""time"": ""14:00:00Z""}}"
2023_11,2023,11,Hungarian Grand Prix,Hungaroring,2023-07-23,Hungary,Budapest,13:00:00Z,47.5789,19.2486,"{""FirstPractice"": {""date"": ""2023-07-21"", ""time"": ""11:30:00Z""}, ""SecondPractice"": {""date"": ""2023-07-21"", ""time"": ""15:00:00Z""}, ""ThirdPractice"": {""date"": ""2023-07-22"", ""time"": ""10:30:00Z""}, ""Qualifying"": {""date"": ""2023-07-22"", ""time"": ""14:00:00Z""}}"
2023_12,2023,12,Belgian Grand Prix,Circuit de Spa-Francorchamps,2023-07-30,Belgium,Spa,13:00:00Z,50.4372,5.97139,"{""FirstPractice"": {""date"": ""2023-07-28"", ""time"": ""11:30:00Z""}, ""SprintShootout"": {""date"": ""2023-07-29"", ""time"": ""10:30:00Z""}, ""Sprint"": {""date"": ""2023-07-29"", ""time"": ""14:30:00Z""}, ""Qualifying"": {""date"": ""2023-07-28"", ""time"": ""15:00:00Z""}}"
2023_13,2023,13,Dutch Grand Prix,Circuit Park Zandvoort,2023-08-27,Netherlands,Zandvoort,13:00:00Z,52.3888,4.54092,"{""FirstPractice"": {""date"": ""2023-08-25"", ""time"": ""10:30:00Z""}, ""SecondPractice"": {""date"": ""2023-08-25"", ""time"": ""14:00:00Z""}, ""ThirdPractice"": {""date"": ""2023-08-26"", ""time"": ""09:30:00Z""}, ""Qualifying"": {""date"": ""2023-08-26"", ""time"": ""13:00:00Z""}}"
2023_14,2023,14,Italian Grand Prix,Autodromo Nazionale di Monza,2023-09-03,Italy,Monza,13:00:00Z,45.6156,9.28111,"{""FirstPractice"": {""date"": ""2023-09-01"", ""time"": ""11:30:00Z""}, ""SecondPractice"": {""date"": ""2023-09-01"", ""time"": ""15:00:00Z""}, ""ThirdPractice"": {""date"": ""2023-09-02"", ""time"": ""10:30:00Z""}, ""Qualifying"": {""date"": ""2023-09-02"", ""time"": ""14:00:00Z""}}"
2023_15,2023,15,Singapore Grand Prix,Marina Bay Street Circuit,2023-09-17,Singapore,Marina Bay,12:00:00Z,1.2914,103.864,"{""FirstPractice"": {""date"": ""2023-09-15"", ""time"": ""09:30:00Z""}, ""SecondPractice"": {""date"": ""2023-09-15"", ""time"": ""13:00:00Z""}, ""ThirdPractice"": {""date"": ""2023-09-16"", ""time"": ""09:30:00Z""}, ""Qualifying"": {""date"": ""2023-09-16"", ""time"": ""13:00:00Z""}}"
2023_16,2023,16,Japanese Grand Prix,Suzuka Circuit,2023-09-24,Japan,Suzuka,05:00:00Z,34.8431,136.541,"{""FirstPractice"": {""date"": ""2023-09-22"", ""time"": ""02:30:00Z""}, ""SecondPractice"": {""date"": ""2023-09-22"", ""time"": ""06:00:00Z""}, ""ThirdPractice"": {""date"": ""2023-09-23"", ""time"": ""02:30:00Z""}, ""Qualifying"": {""date"": ""2023-09-23"", ""time"": ""06:00:00Z""}}"
2023_17,2023,17,Qatar Grand Prix,Losail International Circuit,2023-10-08,Qatar,Lusail,17:00:00Z,25.49,51.4542,"{""FirstPractice"": {""date"": ""2023-10-06"", ""time"": ""13:30:00Z""}, ""SprintShootout"": {""date"": ""2023-10-07"", ""time"": ""13:00:00Z""}, ""Sprint"": {""date"": ""2023-10-07"", ""time"": ""17:30:00Z""}, ""Qualifying"": {""date"": ""2023-10-06"", ""time"": ""17:00:00Z""}}"
2023_18,2023,18,United States Grand Prix,Circuit of the Americas,2023-10-22,USA,Austin,19:00:00Z,30.1328,-97.6411,"{""FirstPractice"": {""date"": ""2023-10-20"", ""time"": ""17:30:00Z""}, ""SprintShootout"": {""date"": ""2023-10-21"", ""time"": ""18:00:00Z""}, ""Sprint"": {""date"": ""2023-10-21"", ""time"": ""22:00:00Z""}, ""Qualifying"": {""date"": ""2023-10-20"", ""time"": ""21:00:00Z""}}"
2023_19,2023,19,Mexico City Grand Prix,Autódromo Hermanos Rodríguez,2023-10-29,Mexico,Mexico City,20:00:00Z,19.4042,-99.0907,"{""FirstPractice"": {""date"": ""2023-10-27"", ""time"": ""18:30:00Z""}, ""SecondPractice"": {""date"": ""2023-10-27"", ""time"": ""22:00:00Z""}, ""ThirdPractice"": {""date"": ""2023-10-28"", ""time"": ""17:30:00Z""}, ""Qualifying"": {""date"": ""2023-10-28"", ""time"": ""21:00:00Z""}}"
2023_20,2023,20,São Paulo Grand Prix,Autódromo José Carlos Pace,2023-11-05,Brazil,São Paulo,17:00:00Z,-23.7036,-46.6997,"{""FirstPractice"": {""date"": ""2023-11-03"", ""time"": ""14:30:00Z""}, ""SprintShootout"": {""date"": ""2023-11-04"", ""time"": ""14:30:00Z""}, ""Sprint"": {""date"": ""2023-11-04"", ""time"": ""18:30:00Z""}, ""Qualifying"": {""date"": ""2023-11-03"", ""time"": ""18:00:00Z""}}"
2023_21,2023,21,Las Vegas Grand Prix,Las Vegas Strip Street Circuit,2023-11-19,USA,Las Vegas,06:00:00Z,36.1147,-115.173,"{""FirstPractice"": {""date"": ""2023-11-16"", ""time"": ""04:30:00Z""}, ""SecondPractice"": {""date"": ""2023-11-16"", ""time"": ""08:00:00Z""}, ""ThirdPractice"": {""date"": ""2023-11-17"", ""time"": ""04:30:00Z""}, ""Qualifying"": {""date"": ""2023-11-17"", ""time"": ""08:00:00Z""}}"
2023_22,2023,22,Abu Dhabi Grand Prix,Yas Marina Circuit,2023-11-26,UAE,Abu Dhabi,13:00:00Z,24.4672,54.6031,"{""FirstPractice"": {""date"": ""2023-11-24"", ""time"": ""09:30:00Z""}, ""SecondPractice"": {""date"": ""2023-11-24"", ""time"": ""13:00:00Z""}, ""ThirdPractice"": {""date"": ""2023-11-25"", ""time"": ""10:30:00Z""}, ""Qualifying"": {""date"": ""2023-11-25"", ""time"": ""14:00:00Z""}}"
2024_1,2024,1,Bahrain Grand Prix,Bahrain International Circuit,2024-03-02,Bahrain,Sakhir,15:00:00Z,26.0325,50.5106,"{""FirstPractice"": {""date"": ""2024-02-29"", ""time"": ""11:30:00Z""}, ""SecondPractice"": {""date"": ""2024-02-29"", ""time"": ""15:00:00Z""}, ""ThirdPractice"": {""date"": ""2024-03-01"", ""time"": ""12:30:00Z""}, ""Qualifying"": {""date"": ""2024-03-01"", ""time"": ""16:00:00Z""}}"
2024_2,2024,2,Saudi Arabian Grand Prix,Jeddah Corniche Circuit,2024-03-09,Saudi Arabia,Jeddah,17:00:00Z,21.6319,39.1044,"{""FirstPractice"": {""date"": ""2024-03-07"", ""time"": ""13:30:00Z""}, ""SecondPractice"": {""date"": ""2024-03-07"", ""time"": ""17:00:00Z""}, ""ThirdPractice"": {""date"": ""2024-03-08"", ""time"": ""13:30:00Z""}, ""Qualifying"": {""date"": ""2024-03-08"", ""time"": ""17:00:00Z""}}"
2024_3,2024,3,Australian Grand Prix,Albert Park Grand Prix Circuit,2024-03-24,Australia,Melbourne,04:00:00Z,-37.8497,144.968,"{""FirstPractice"": {""date"": ""2024-03-22"", ""time"": ""01:30:00Z""}, ""SecondPractice"": {""date"": ""2024-03-22"", ""time"": ""05:00:00Z""}, ""ThirdPractice"": {""date"": ""2024-03-23"", ""time"": ""01:30:00Z""}, ""Qualifying"": {""date"": ""2024-03-23"", ""time"": ""05:00:00Z""}}"
2024_4,2024,4,Japanese Grand Prix,Suzuka Circuit,2024-04-07,Japan,Suzuka,05:00:00Z,34.8431,136.541,"{""FirstPractice"": {""date"": ""2024-04-05"", ""time"": ""02:30:00Z""}, ""SecondPractice"": {""date"": ""2024-04-05"", ""time"": ""06:00:00Z""}, ""ThirdPractice"": {""date"": ""2024-04-06"", ""time"": ""02:30:00Z""}, ""Qualifying"": {""date"": ""2024-04-06"", ""time"": ""06:00:00Z""}}"
2024_5,2024,5,Chinese Grand Prix,Shanghai International Circuit,2024-04-21,China,Shanghai,07:00:00Z,31.3389,121.22,"{""FirstPractice"": {""date"": ""2024-04-19"", ""time"": ""03:30:00Z""}, ""SprintQualifying"": {""date"": ""2024-04-19"", ""time"": ""07:30:00Z""}, ""Sprint"": {""date"": ""2024-04-20"", ""time"": ""03:00:00Z""}, ""Qualifying"": {""date"": ""2024-04-20"", ""time"": ""07:00:00Z""}}"
2024_6,2024,6,Miami Grand Prix,Miami International Autodrome,2024-05-05,USA,Miami,20:00:00Z,25.9581,-80.2389,"{""FirstPractice"": {""date"": ""2024-05-03"", ""time"": ""16:30:00Z""}, ""SprintQualifying"": {""date"": ""2024-05-03"", ""time"": ""20:30:00Z""}, ""Sprint"": {""date"": ""2024-05-04"", ""time"": ""16:00:00Z""}, ""Qualifying"": {""date"": ""2024-05-04"", ""time"": ""20:00:00Z""}}"
2024_7,2024,7,Emilia Romagna Grand Prix,Autodromo Enzo e Dino Ferrari,2024-05-19,Italy,Imola,13:00:00Z,44.3439,11.7167,"{""FirstPractice"": {""date"": ""2024-05-17"", ""time"": ""11:30:00Z""}, ""SecondPractice"": {""date"": ""2024-05-17"", ""time"": ""15:00:00Z""}, ""ThirdPractice"": {""date"": ""2024-05-18"", ""time"": ""10:30:00Z""}, ""Qualifying"": {""date"": ""2024-05-18"", ""time"": ""14:00:00Z""}}"
2024_8,2024,8,Monaco Grand Prix,Circuit de Monaco,2024-05-26,Monaco,Monte Carlo,13:00:00Z,43.7347,7.42056,"{""FirstPractice"": {""date"": ""2024-05-24"", ""time"": ""11:30:00Z""}, ""SecondPractice"": {""date"": ""2024-05-24"", ""time"": ""15:00:00Z""}, ""ThirdPractice"": {""date"": ""2024-05-25"", ""time"": ""10:30:00Z""}, ""Qualifying"": {""date"": ""2024-05-25"", ""time"": ""14:00:00Z""}}"
2024_9,2024,9,Canadian Grand Prix,Circuit Gilles Villeneuve,2024-06-09,Canada,Montreal,18:00:00Z,45.5,-73.5228,"{""FirstPractice"": {""date"": ""2024-06-07"", ""time"": ""17:30:00Z""}, ""SecondPractice"": {""date"": ""2024-06-07"", ""time"": ""21:00:00Z""}, ""ThirdPractice"": {""date"": ""2024-06-08"", ""time"": ""16:30:00Z""}, ""Qualifying"": {""date"": ""2024-06-08"", ""time"": ""20:00:00Z""}}"
2024_10,2024,10,Spanish Grand Prix,Circuit de Barcelona-Catalunya,2024-06-23,Spain,Barcelona,13:00:00Z,41.57,2.26111,"{""FirstPractice"": {""date"": ""2024-06-21"", ""time"": ""11:30:00Z""}, ""SecondPractice"": {""date"": ""2024-06-21"", ""time"": ""15:00:00Z""}, ""ThirdPractice"": {""date"": ""2024-06-22"", ""time"": ""10:30:00Z""}, ""Qualifying"": {""date"": ""2024-06-22"", ""time"": ""14:00:00Z""}}"
2024_11,2024,11,Austrian Grand Prix,Red Bull Ring,2024-06-30,Austria,Spielberg,13:00:00Z,47.2197,14.7647,"{""FirstPractice"": {""date"": ""2024-06-28"", ""time"": ""10:30:00Z""}, ""SprintQualifying"": {""date"": ""2024-06-28"", ""time"": ""14:30:00Z""}, ""Sprint"": {""date"": ""2024-06-29"", ""time"": ""10:00:00Z""}, ""Qualifying"": {""date"": ""2024-06-29"", ""time"": ""14:00:00Z""}}"
2024_12,2024,12,British Grand Prix,Silverstone Circuit,2024-07-07,UK,Silverstone,14:00:00Z,52.0786,-1.01694,"{""FirstPractice"": {""date"": ""2024-07-05"", ""time"": ""11:30:00Z""}, ""SecondPractice"": {""date"": ""2024-07-05"", ""time"": ""15:00:00Z""}, ""ThirdPractice"": {""date"": ""2024-07-06"", ""time"": ""10:30:00Z""}, ""Qualifying"": {""date"": ""2024-07-06"", ""time"": ""14:00:00Z""}}"
2024_13,2024,13,Hungarian Grand Prix,Hungaroring,2024-07-21,Hungary,Budapest,13:00:00Z,47.5789,19.2486,"{""FirstPractice"": {""date"": ""2024-07-19"", ""time"": ""11:30:00Z""}, ""SecondPractice"": {""date"": ""2024-07-19"", ""time"": ""15:00:00Z""}, ""ThirdPractice"": {""date"": ""2024-07-20"", ""time"": ""10:30:00Z""}, ""Qualifying"": {""date"": ""2024-07-20"", ""time"": ""14:00:00Z""}}"
2024_14,2024,14,Belgian Grand Prix,Circuit de Spa-Francorchamps,2024-07-28,Belgium,Spa,13:00:00Z,50.4372,5.97139,"{""FirstPractice"": {""date"": ""2024-07-26"", ""time"": ""11:30:00Z""}, ""SecondPractice"": {""date"": ""2024-07-26"", ""time"": ""15:00:00Z""}, ""ThirdPractice"": {""date"": ""2024-07-27"", ""time"": ""10:30:00Z""}, ""Qualifying"": {""date"": ""2024-07-27"", ""time"": ""14:00:00Z""}}"
2024_15,2024,15,Dutch Grand Prix,Circuit Park Zandvoort,2024-08-25,Netherlands,Zandvoort,13:00:00Z,52.3888,4.54092,"{""FirstPractice"": {""date"": ""2024-08-23"", ""time"": ""10:30:00Z""}, ""SecondPractice"": {""date"": ""2024-08-23"", ""time"": ""14:00:00Z""}, ""ThirdPractice"": {""date"": ""2024-08-24"", ""time"": ""09:30:00Z""}, ""Qualifying"": {""date"": ""2024-08-24"", ""time"": ""13:00:00Z""}}"
2024_16,2024,16,Italian Grand Prix,Autodromo Nazionale di Monza,2024-09-01,Italy,Monza,13:00:00Z,45.6156,9.28111,"{""FirstPractice"": {""date"": ""2024-08-30"", ""time"": ""11:30:00Z""}, ""SecondPractice"": {""date"": ""2024-08-30"", ""time"": ""15:00:00Z""}, ""ThirdPractice"": {""date"": ""2024-08-31"", ""time"": ""10:30:00Z""}, ""Qualifying"": {""date"": ""2024-08-31"", ""time"": ""14:00:00Z""}}"
2024_17,2024,17,Azerbaijan Grand Prix,Baku City Circuit,2024-09-15,Azerbaijan,Baku,11:00:00Z,40.3725,49.8533,"{""FirstPractice"": {""date"": ""2024-09-13"", ""time"": ""09:30:00Z""}, ""SecondPractice"": {""date"": ""2024-09-13"", ""time"": ""13:00:00Z""}, ""ThirdPractice"": {""date"": ""2024-09-14"", ""time"": ""08:30:00Z""}, ""Qualifying"": {""date"": ""2024-09-14"", ""time"": ""12:00:00Z""}}"
2024_18,2024,18,Singapore Grand Prix,Marina Bay Street Circuit,2024-09-22,Singapore,Marina Bay,12:00:00Z,1.2914,103.864,"{""FirstPractice"": {""date"": ""2024-09-20"", ""time"": ""09:30:00Z""}, ""SecondPractice"": {""date"": ""2024-09-20"", ""time"": ""13:00:00Z""}, ""ThirdPractice"": {""date"": ""2024-09-21"", ""time"": ""09:30:00Z""}, ""Qualifying"": {""date"": ""2024-09-21"", ""time"": ""13:00:00Z""}}"
2024_19,2024,19,United States Grand Prix,Circuit of the Americas,2024-10-20,USA,Austin,19:00:00Z,30.1328,-97.6411,"{""FirstPractice"": {""date"": ""2024-10-18"", ""time"": ""17:30:00Z""}, ""SprintQualifying"": {""date"": ""2024-10-18"", ""time"": ""21:30:00Z""}, ""Sprint"": {""date"": ""2024-10-19"", ""time"": ""18:00:00Z""}, ""Qualifying"": {""date"": ""2024-10-19"", ""time"": ""22:00:00Z""}}"
2024_20,2024,20,Mexico City Grand Prix,Autódromo Hermanos Rodríguez,2024-10-27,Mexico,Mexico City,20:00:00Z,19.4042,-99.0907,"{""FirstPractice"": {""date"": ""2024-10-25"", ""time"": ""18:30:00Z""}, ""SecondPractice"": {""date"": ""2024-10-25"", ""time"": ""22:00:00Z""}, ""ThirdPractice"": {""date"": ""2024-10-26"", ""time"": ""17:30:00Z""}, ""Qualifying"": {""date"": ""2024-10-26"", ""time"": ""21:00:00Z""}}"
2024_21,2024,21,São Paulo Grand Prix,Autódromo José Carlos Pace,2024-11-03,Brazil,São Paulo,17:00:00Z,-23.7036,-46.6997,"{""FirstPractice"": {""date"": ""2024-11-01"", ""time"": ""14:30:00Z""}, ""SprintQualifying"": {""date"": ""2024-11-01"", ""time"": ""18:30:00Z""}, ""Sprint"": {""date"": ""2024-11-02"", ""time"": ""14:00:00Z""}, ""Qualifying"": {""date"": ""2024-11-02"", ""time"": ""18:00:00Z""}}"
2024_22,2024,22,Las Vegas Grand Prix,Las Vegas Strip Street Circuit,2024-11-23,USA,Las Vegas,06:00:00Z,36.1147,-115.173,"{""FirstPractice"": {""date"": ""2024-11-21"", ""time"": ""02:30:00Z""}, ""SecondPractice"": {""date"": ""2024-11-21"", ""time"": ""06:00:00Z""}, ""ThirdPractice"": {""date"": ""2024-11-22"", ""time"": ""02:30:00Z""}, ""Qualifying"": {""date"": ""2024-11-22"", ""time"": ""06:00:00Z""}}"
2024_23,2024,23,Qatar Grand Prix,Losail International Circuit,2024-12-01,Qatar,Lusail,16:00:00Z,25.49,51.4542,"{""FirstPractice"": {""date"": ""2024-11-29"", ""time"": ""13:30:00Z""}, ""SprintQualifying"": {""date"": ""2024-11-29"", ""time"": ""17:30:00Z""}, ""Sprint"": {""date"": ""2024-11-30"", ""time"": ""14:00:00Z""}, ""Qualifying"": {""date"": ""2024-11-30"", ""time"": ""18:00:00Z""}}"
2024_24,2024,24,Abu Dhabi Grand Prix,Yas Marina Circuit,2024-12-08,UAE,Abu Dhabi,13:00:00Z,24.4672,54.6031,"{""FirstPractice"": {""date"": ""2024-12-06"", ""time"": ""09:30:00Z""}, ""SecondPractice"": {""date"": ""2024-12-06"", ""time"": ""13:00:00Z""}, ""ThirdPractice"": {""date"": ""2024-12-07"", ""time"": ""10:30:00Z""}, ""Qualifying"": {""date"": ""2024-12-07"", ""time"": ""14:00:00Z""}}"
2025_1,2025,1,Australian Grand Prix,Albert Park Grand Prix Circuit,2025-03-16,Australia,Melbourne,04:00:00Z,-37.8497,144.968,"{""FirstPractice"": {""date"": ""2025-03-14"", ""time"": ""01:30:00Z""}, ""SecondPractice"": {""date"": ""2025-03-14"", ""time"": ""05:00:00Z""}, ""ThirdPractice"": {""date"": ""2025-03-15"", ""time"": ""01:30:00Z""}, ""Qualifying"": {""date"": ""2025-03-15"", ""time"": ""05:00:00Z""}}"
2025_2,2025,2,Chinese Grand Prix,Shanghai International Circuit,2025-03-23,China,Shanghai,07:00:00Z,31.3389,121.22,"{""FirstPractice"": {""date"": ""2025-03-21"", ""time"": ""03:30:00Z""}, ""SprintQualifying"": {""date"": ""2025-03-21"", ""time"": ""07:30:00Z""}, ""Sprint"": {""date"": ""2025-03-22"", ""time"": ""03:00:00Z""}, ""Qualifying"": {""date"": ""2025-03-22"", ""time"": ""07:00:00Z""}}"
2025_3,2025,3,Japanese Grand Prix,Suzuka Circuit,2025-04-06,Japan,Suzuka,05:00:00Z,34.8431,136.541,"{""FirstPractice"": {""date"": ""2025-04-04"", ""time"": ""02:30:00Z""}, ""SecondPractice"": {""date"": ""2025-04-04"", ""time"": ""06:00:00Z""}, ""ThirdPractice"": {""date"": ""2025-04-05"", ""time"": ""02:30:00Z""}, ""Qualifying"": {""date"": ""2025-04-05"", ""time"": ""06:00:00Z""}}"
2025_4,2025,4,Bahrain Grand Prix,Bahrain International Circuit,2025-04-13,Bahrain,Sakhir,15:00:00Z,26.0325,50.5106,"{""FirstPractice"": {""date"": ""2025-04-11"", ""time"": ""11:30:00Z""}, ""SecondPractice"": {""date"": ""2025-04-11"", ""time"": ""15:00:00Z""}, ""ThirdPractice"": {""date"": ""2025-04-12"", ""time"": ""12:30:00Z""}, ""Qualifying"": {""date"": ""2025-04-12"", ""time"": ""16:00:00Z""}}"
2025_5,2025,5,Saudi Arabian Grand Prix,Jeddah Corniche Circuit,2025-04-20,Saudi Arabia,Jeddah,17:00:00Z,21.6319,39.1044,"{""FirstPractice"": {""date"": ""2025-04-18"", ""time"": ""13:30:00Z""}, ""SecondPractice"": {""date"": ""2025-04-18"", ""time"": ""17:00:00Z""}, ""ThirdPractice"": {""date"": ""2025-04-19"", ""time"": ""13:30:00Z""}, ""Qualifying"": {""date"": ""2025-04-19"", ""time"": ""17:00:00Z""}}"
2025_6,2025,6,Miami Grand Prix,Miami International Autodrome,2025-05-04,USA,Miami,20:00:00Z,25.9581,-80.2389,"{""FirstPractice"": {""date"": ""2025-05-02"", ""time"": ""16:30:00Z""}, ""SprintQualifying"": {""date"": ""2025-05-02"", ""time"": ""20:30:00Z""}, ""Sprint"": {""date"": ""2025-05-03"", ""time"": ""16:00:00Z""}, ""Qualifying"": {""date"": ""2025-05-03"", ""time"": ""20:00:00Z""}}"
2025_7,2025,7,Emilia Romagna Grand Prix,Autodromo Enzo e Dino Ferrari,2025-05-18,Italy,Imola,13:00:00Z,44.3439,11.7167,"{""FirstPractice"": {""date"": ""2025-05-16"", ""time"": ""11:30:00Z""}, ""SecondPractice"": {""date"": ""2025-05-16"", ""time"": ""15:00:00Z""}, ""ThirdPractice"": {""date"": ""2025-05-17"", ""time"": ""10:30:00Z""}, ""Qualifying"": {""date"": ""2025-05-17"", ""time"": ""14:00:00Z""}}"
2025_8,2025,8,Monaco Grand Prix,Circuit de Monaco,2025-05-25,Monaco,Monte Carlo,13:00:00Z,43.7347,7.42056,"{""FirstPractice"": {""date"": ""2025-05-23"", ""time"": ""11:30:00Z""}, ""SecondPractice"": {""date"": ""2025-05-23"", ""time"": ""15:00:00Z""}, ""ThirdPractice"": {""date"": ""2025-05-24"", ""time"": ""10:30:00Z""}, ""Qualifying"": {""date"": ""2025-05-24"", ""time"": ""14:00:00Z""}}"
2025_9,2025,9,Spanish Grand Prix,Circuit de Barcelona-Catalunya,2025-06-01,Spain,Barcelona,13:00:00Z,41.57,2.26111,"{""FirstPractice"": {""date"": ""2025-05-30"", ""time"": ""11:30:00Z""}, ""SecondPractice"": {""date"": ""2025-05-30"", ""time"": ""15:00:00Z""}, ""ThirdPractice"": {""date"": ""2025-05-31"", ""time"": ""10:30:00Z""}, ""Qualifying"": {""date"": ""2025-05-31"", ""time"": ""14:00:00Z""}}"
2025_10,2025,10,Canadian Grand Prix,Circuit Gilles Villeneuve,2025-06-15,Canada,Montreal,18:00:00Z,45.5,-73.5228,"{""FirstPractice"": {""date"": ""2025-06-13"", ""time"": ""17:30:00Z""}, ""SecondPractice"": {""date"": ""2025-06-13"", ""time"": ""21:00:00Z""}, ""ThirdPractice"": {""date"": ""2025-06-14"", ""time"": ""16:30:00Z""}, ""Qualifying"": {""date"": ""2025-06-14"", ""time"": ""20:00:00Z""}}"
2025_11,2025,11,Austrian Grand Prix,Red Bull Ring,2025-06-29,Austria,Spielberg,13:00:00Z,47.2197,14.7647,"{""FirstPractice"": {""date"": ""2025-06-27"", ""time"": ""11:30:00Z""}, ""SecondPractice"": {""date"": ""2025-06-27"", ""time"": ""15:00:00Z""}, ""ThirdPractice"": {""date"": ""2025-06-28"", ""time"": ""10:30:00Z""}, ""Qualifying"": {""date"": ""2025-06-28"", ""time"": ""14:00:00Z""}}"
2025_12,2025,12,British Grand Prix,Silverstone Circuit,2025-07-06,UK,Silverstone,14:00:00Z,52.0786,-1.01694,"{""FirstPractice"": {""date"": ""2025-07-04"", ""time"": ""11:30:00Z""}, ""SecondPractice"": {""date"": ""2025-07-04"", ""time"": ""15:00:00Z""}, ""ThirdPractice"": {""date"": ""2025-07-05"", ""time"": ""10:30:00Z""}, ""Qualifying"": {""date"": ""2025-07-05"", ""time"": ""14:00:00Z""}}"
2025_13,2025,13,Belgian Grand Prix,Circuit de Spa-Francorchamps,2025-07-27,Belgium,Spa,13:00:00Z,50.4372,5.97139,"{""FirstPractice"": {""date"": ""2025-07-25"", ""time"": ""10:30:00Z""}, ""SprintQualifying"": {""date"": ""2025-07-25"", ""time"": ""14:30:00Z""}, ""Sprint"": {""date"": ""2025-07-26"", ""time"": ""10:00:00Z""}, ""Qualifying"": {""date"": ""2025-07-26"", ""time"": ""14:00:00Z""}}"
2025_14,2025,14,Hungarian Grand Prix,Hungaroring,2025-08-03,Hungary,Budapest,13:00:00Z,47.5789,19.2486,"{""FirstPractice"": {""date"": ""2025-08-01"", ""time"": ""11:30:00Z""}, ""SecondPractice"": {""date"": ""2025-08-01"", ""time"": ""15:00:00Z""}, ""ThirdPractice"": {""date"": ""2025-08-02"", ""time"": ""10:30:00Z""}, ""Qualifying"": {""date"": ""2025-08-02"", ""time"": ""14:00:00Z""}}"
2025_15,2025,15,Dutch Grand Prix,Circuit Park Zandvoort,2025-08-31,Netherlands,Zandvoort,13:00:00Z,52.3888,4.54092,"{""FirstPractice"": {""date"": ""2025-08-29"", ""time"": ""10:30:00Z""}, ""SecondPractice"": {""date"": ""2025-08-29"", ""time"": ""14:00:00Z""}, ""ThirdPractice"": {""date"": ""2025-08-30"", ""time"": ""09:30:00Z""}, ""Qualifying"": {""date"": ""2025-08-30"", ""time"": ""13:00:00Z""}}"
2025_16,2025,16,Italian Grand Prix,Autodromo Nazionale di Monza,2025-09-07,Italy,Monza,13:00:00Z,45.6156,9.28111,"{""FirstPractice"": {""date"": ""2025-09-05"", ""time"": ""11:30:00Z""}, ""SecondPractice"": {""date"": ""2025-09-05"", ""time"": ""15:00:00Z""}, ""ThirdPractice"": {""date"": ""2025-09-06"", ""time"": ""10:30:00Z""}, ""Qualifying"": {""date"": ""2025-09-06"", ""time"": ""14:00:00Z""}}"
2025_17,2025,17,Azerbaijan Grand Prix,Baku City Circuit,2025-09-21,Azerbaijan,Baku,11:00:00Z,40.3725,49.8533,"{""FirstPractice"": {""date"": ""2025-09-19"", ""time"": ""08:30:00Z""}, ""SecondPractice"": {""date"": ""2025-09-19"", ""time"": ""12:00:00Z""}, ""ThirdPractice"": {""date"": ""2025-09-20"", ""time"": ""08:30:00Z""}, ""Qualifying"": {""date"": ""2025-09-20"", ""time"": ""12:00:00Z""}}"
2025_18,2025,18,Singapore Grand Prix,Marina Bay Street Circuit,2025-10-05,Singapore,Marina Bay,12:00:00Z,1.2914,103.864,"{""FirstPractice"": {""date"": ""2025-10-03"", ""time"": ""09:30:00Z""}, ""SecondPractice"": {""date"": ""2025-10-03"", ""time"": ""13:00:00Z""}, ""ThirdPractice"": {""date"": ""2025-10-04"", ""time"": ""09:30:00Z""}, ""Qualifying"": {""date"": ""2025-10-04"", ""time"": ""13:00:00Z""}}"
2025_19,2025,19,United States Grand Prix,Circuit of the Americas,2025-10-19,USA,Austin,19:00:00Z,30.1328,-97.6411,"{""FirstPractice"": {""date"": ""2025-10-17"", ""time"": ""17:30:00Z""}, ""SprintQualifying"": {""date"": ""2025-10-17"", ""time"": ""21:30:00Z""}, ""Sprint"": {""date"": ""2025-10-18"", ""time"": ""17:00:00Z""}, ""Qualifying"": {""date"": ""2025-10-18"", ""time"": ""21:00:00Z""}}"
2025_20,2025,20,Mexico City Grand Prix,Autódromo Hermanos Rodríguez,2025-10-26,Mexico,Mexico City,20:00:00Z,19.4042,-99.0907,"{""FirstPractice"": {""date"": ""2025-10-24"", ""time"": ""18:30:00Z""}, ""SecondPractice"": {""date"": ""2025-10-24"", ""time"": ""22:00:00Z""}, ""ThirdPractice"": {""date"": ""2025-10-25"", ""time"": ""17:30:00Z""}, ""Qualifying"": {""date"": ""2025-10-25"", ""time"": ""21:00:00Z""}}"
2025_21,2025,21,São Paulo Grand Prix,Autódromo José Carlos Pace,2025-11-09,Brazil,São Paulo,17:00:00Z,-23.7036,-46.6997,"{""FirstPractice"": {""date"": ""2025-11-07"", ""time"": ""14:30:00Z""}, ""SprintQualifying"": {""date"": ""2025-11-07"", ""time"": ""18:30:00Z""}, ""Sprint"": {""date"": ""2025-11-08"", ""time"": ""14:00:00Z""}, ""Qualifying"": {""date"": ""2025-11-08"", ""time"": ""18:00:00Z""}}"
2025_22,2025,22,Las Vegas Grand Prix,Las Vegas Strip Street Circuit,2025-11-23,USA,Las Vegas,04:00:00Z,36.1147,-115.173,"{""FirstPractice"": {""date"": ""2025-11-21"", ""time"": ""00:30:00Z""}, ""SecondPractice"": {""date"": ""2025-11-21"", ""time"": ""04:00:00Z""}, ""ThirdPractice"": {""date"": ""2025-11-22"", ""time"": ""00:30:00Z""}, ""Qualifying"": {""date"": ""2025-11-22"", ""time"": ""04:00:00Z""}}"
2025_23,2025,23,Qatar Grand Prix,Losail International Circuit,2025-11-30,Qatar,Lusail,16:00:00Z,25.49,51.4542,"{""FirstPractice"": {""date"": ""2025-11-28"", ""time"": ""13:30:00Z""}, ""SprintQualifying"": {""date"": ""2025-11-28"", ""time"": ""17:30:00Z""}, ""Sprint"": {""date"": ""2025-11-29"", ""time"": ""14:00:00Z""}, ""Qualifying"": {""date"": ""2025-11-29"", ""time"": ""18:00:00Z""}}"
2025_24,2025,24,Abu Dhabi Grand Prix,Yas Marina Circuit,2025-12-07,UAE,Abu Dhabi,13:00:00Z,24.4672,54.6031,"{""FirstPractice"": {""date"": ""2025-12-05"", ""time"": ""09:30:00Z""}, ""SecondPractice"": {""date"": ""2025-12-05"", ""time"": ""13:00:00Z""}, ""ThirdPractice"": {""date"": ""2025-12-06"", ""time"": ""10:30:00Z""}, ""Qualifying"": {""date"": ""2025-12-06"", ""time"": ""14:00:00Z""}}"
2026_1,2026,1,Australian Grand Prix,Albert Park Grand Prix Circuit,2026-03-08,Australia,Melbourne,04:00:00Z,-37.8497,144.968,"{""FirstPractice"": {""date"": ""2026-03-06"", ""time"": ""01:30:00Z""}, ""SecondPractice"": {""date"": ""2026-03-06"", ""time"": ""05:00:00Z""}, ""ThirdPractice"": {""date"": ""2026-03-07"", ""time"": ""01:30:00Z""}, ""Qualifying"": {""date"": ""2026-03-07"", ""time"": ""05:00:00Z""}}"
2026_2,2026,2,Chinese Grand Prix,Shanghai International Circuit,2026-03-15,China,Shanghai,07:00:00Z,31.3389,121.22,"{""FirstPractice"": {""date"": ""2026-03-13"", ""time"": ""03:30:00Z""}, ""SprintQualifying"": {""date"": ""2026-03-13"", ""time"": ""07:30:00Z""}, ""Sprint"": {""date"": ""2026-03-14"", ""time"": ""03:00:00Z""}, ""Qualifying"": {""date"": ""2026-03-14"", ""time"": ""07:00:00Z""}}"
2026_3,2026,3,Japanese Grand Prix,Suzuka Circuit,2026-03-29,Japan,Suzuka,05:00:00Z,34.8431,136.541,"{""FirstPractice"": {""date"": ""2026-03-27"", ""time"": ""02:30:00Z""}, ""SecondPractice"": {""date"": ""2026-03-27"", ""time"": ""06:00:00Z""}, ""ThirdPractice"": {""date"": ""2026-03-28"", ""time"": ""02:30:00Z""}, ""Qualifying"": {""date"": ""2026-03-28"", ""time"": ""06:00:00Z""}}"
2026_4,2026,4,Miami Grand Prix,Miami International Autodrome,2026-05-03,USA,Miami,20:00:00Z,25.9581,-80.2389,"{""FirstPractice"": {""date"": ""2026-05-01"", ""time"": ""16:00:00Z""}, ""SprintQualifying"": {""date"": ""2026-05-01"", ""time"": ""20:30:00Z""}, ""Sprint"": {""date"": ""2026-05-02"", ""time"": ""16:00:00Z""}, ""Qualifying"": {""date"": ""2026-05-02"", ""time"": ""20:00:00Z""}}"
2026_5,2026,5,Canadian Grand Prix,Circuit Gilles Villeneuve,2026-05-24,Canada,Montreal,20:00:00Z,45.5,-73.5228,"{""FirstPractice"": {""date"": ""2026-05-22"", ""time"": ""16:30:00Z""}, ""SprintQualifying"": {""date"": ""2026-05-22"", ""time"": ""20:30:00Z""}, ""Sprint"": {""date"": ""2026-05-23"", ""time"": ""16:00:00Z""}, ""Qualifying"": {""date"": ""2026-05-23"", ""time"": ""20:00:00Z""}}"
2026_6,2026,6,Monaco Grand Prix,Circuit de Monaco,2026-06-07,Monaco,Monte Carlo,13:00:00Z,43.7347,7.42056,"{""FirstPractice"": {""date"": ""2026-06-05"", ""time"": ""11:30:00Z""}, ""SecondPractice"": {""date"": ""2026-06-05"", ""time"": ""15:00:00Z""}, ""ThirdPractice"": {""date"": ""2026-06-06"", ""time"": ""10:30:00Z""}, ""Qualifying"": {""date"": ""2026-06-06"", ""time"": ""14:00:00Z""}}"
2026_7,2026,7,Barcelona Grand Prix,Circuit de Barcelona-Catalunya,2026-06-14,Spain,Barcelona,13:00:00Z,41.57,2.26111,"{""FirstPractice"": {""date"": ""2026-06-12"", ""time"": ""11:30:00Z""}, ""SecondPractice"": {""date"": ""2026-06-12"", ""time"": ""15:00:00Z""}, ""ThirdPractice"": {""date"": ""2026-06-13"", ""time"": ""10:30:00Z""}, ""Qualifying"": {""date"": ""2026-06-13"", ""time"": ""14:00:00Z""}}"
2026_8,2026,8,Austrian Grand Prix,Red Bull Ring,2026-06-28,Austria,Spielberg,13:00:00Z,47.2197,14.7647,"{""FirstPractice"": {""date"": ""2026-06-26"", ""time"": ""11:30:00Z""}, ""SecondPractice"": {""date"": ""2026-06-26"", ""time"": ""15:00:00Z""}, ""ThirdPractice"": {""date"": ""2026-06-27"", ""time"": ""10:30:00Z""}, ""Qualifying"": {""date"": ""2026-06-27"", ""time"": ""14:00:00Z""}}"
2026_9,2026,9,British Grand Prix,Silverstone Circuit,2026-07-05,UK,Silverstone,14:00:00Z,52.0786,-1.01694,"{""FirstPractice"": {""date"": ""2026-07-03"", ""time"": ""11:30:00Z""}, ""SprintQualifying"": {""date"": ""2026-07-03"", ""time"": ""15:30:00Z""}, ""Sprint"": {""date"": ""2026-07-04"", ""time"": ""11:00:00Z""}, ""Qualifying"": {""date"": ""2026-07-04"", ""time"": ""15:00:00Z""}}"
2026_10,2026,10,Belgian Grand Prix,Circuit de Spa-Francorchamps,2026-07-19,Belgium,Spa,13:00:00Z,50.4372,5.97139,"{""FirstPractice"": {""date"": ""2026-07-17"", ""time"": ""11:30:00Z""}, ""SecondPractice"": {""date"": ""2026-07-17"", ""time"": ""15:00:00Z""}, ""ThirdPractice"": {""date"": ""2026-07-18"", ""time"": ""10:30:00Z""}, ""Qualifying"": {""date"": ""2026-07-18"", ""time"": ""14:00:00Z""}}"
2026_11,2026,11,Hungarian Grand Prix,Hungaroring,2026-07-26,Hungary,Budapest,13:00:00Z,47.5789,19.2486,"{""FirstPractice"": {""date"": ""2026-07-24"", ""time"": ""11:30:00Z""}, ""SecondPractice"": {""date"": ""2026-07-24"", ""time"": ""15:00:00Z""}, ""ThirdPractice"": {""date"": ""2026-07-25"", ""time"": ""10:30:00Z""}, ""Qualifying"": {""date"": ""2026-07-25"", ""time"": ""14:00:00Z""}}"
2026_12,2026,12,Dutch Grand Prix,Circuit Park Zandvoort,2026-08-23,Netherlands,Zandvoort,13:00:00Z,52.3888,4.54092,"{""FirstPractice"": {""date"": ""2026-08-21"", ""time"": ""10:30:00Z""}, ""SprintQualifying"": {""date"": ""2026-08-21"", ""time"": ""14:30:00Z""}, ""Sprint"": {""date"": ""2026-08-22"", ""time"": ""10:00:00Z""}, ""Qualifying"": {""date"": ""2026-08-22"", ""time"": ""14:00:00Z""}}"
2026_13,2026,13,Italian Grand Prix,Autodromo Nazionale di Monza,2026-09-06,Italy,Monza,13:00:00Z,45.6156,9.28111,"{""FirstPractice"": {""date"": ""2026-09-04"", ""time"": ""10:30:00Z""}, ""SecondPractice"": {""date"": ""2026-09-04"", ""time"": ""14:00:00Z""}, ""ThirdPractice"": {""date"": ""2026-09-05"", ""time"": ""10:30:00Z""}, ""Qualifying"": {""date"": ""2026-09-05"", ""time"": ""14:00:00Z""}}"
2026_14,2026,14,Spanish Grand Prix,Madring,2026-09-13,Spain,Madrid,13:00:00Z,40.46528,-3.61528,"{""FirstPractice"": {""date"": ""2026-09-11"", ""time"": ""11:30:00Z""}, ""SecondPractice"": {""date"": ""2026-09-11"", ""time"": ""15:00:00Z""}, ""ThirdPractice"": {""date"": ""2026-09-12"", ""time"": ""10:30:00Z""}, ""Qualifying"": {""date"": ""2026-09-12"", ""time"": ""14:00:00Z""}}"
2026_15,2026,15,Azerbaijan Grand Prix,Baku City Circuit,2026-09-26,Azerbaijan,Baku,11:00:00Z,40.3725,49.8533,"{""FirstPractice"": {""date"": ""2026-09-24"", ""time"": ""08:30:00Z""}, ""SecondPractice"": {""date"": ""2026-09-24"", ""time"": ""12:00:00Z""}, ""ThirdPractice"": {""date"": ""2026-09-25"", ""time"": ""08:30:00Z""}, ""Qualifying"": {""date"": ""2026-09-25"", ""time"": ""12:00:00Z""}}"
2026_16,2026,16,Bahrain Grand Prix in Malaysia,Sepang International Circuit,2026-10-04,Malaysia,Kuala Lumpur,07:00:00Z,2.76083,101.738,"{""FirstPractice"": {""date"": ""2026-10-02"", ""time"": ""04:30:00Z""}, ""SecondPractice"": {""date"": ""2026-10-02"", ""time"": ""08:00:00Z""}, ""ThirdPractice"": {""date"": ""2026-10-03"", ""time"": ""04:30:00Z""}, ""Qualifying"": {""date"": ""2026-10-03"", ""time"": ""08:00:00Z""}}"
2026_17,2026,17,Singapore Grand Prix,Marina Bay Street Circuit,2026-10-11,Singapore,Marina Bay,12:00:00Z,1.2914,103.864,"{""FirstPractice"": {""date"": ""2026-10-09"", ""time"": ""08:30:00Z""}, ""SprintQualifying"": {""date"": ""2026-10-09"", ""time"": ""12:30:00Z""}, ""Sprint"": {""date"": ""2026-10-10"", ""time"": ""09:00:00Z""}, ""Qualifying"": {""date"": ""2026-10-10"", ""time"": ""13:00:00Z""}}"
2026_18,2026,18,United States Grand Prix,Circuit of the Americas,2026-10-25,USA,Austin,20:00:00Z,30.1328,-97.6411,"{""FirstPractice"": {""date"": ""2026-10-23"", ""time"": ""17:30:00Z""}, ""SecondPractice"": {""date"": ""2026-10-23"", ""time"": ""21:00:00Z""}, ""ThirdPractice"": {""date"": ""2026-10-24"", ""time"": ""17:30:00Z""}, ""Qualifying"": {""date"": ""2026-10-24"", ""time"": ""21:00:00Z""}}"
2026_19,2026,19,Mexico City Grand Prix,Autódromo Hermanos Rodríguez,2026-11-01,Mexico,Mexico City,20:00:00Z,19.4042,-99.0907,"{""FirstPractice"": {""date"": ""2026-10-30"", ""time"": ""18:30:00Z""}, ""SecondPractice"": {""date"": ""2026-10-30"", ""time"": ""22:00:00Z""}, ""ThirdPractice"": {""date"": ""2026-10-31"", ""time"": ""17:30:00Z""}, ""Qualifying"": {""date"": ""2026-10-31"", ""time"": ""21:00:00Z""}}"
2026_20,2026,20,Brazilian Grand Prix,Autódromo José Carlos Pace,2026-11-08,Brazil,São Paulo,17:00:00Z,-23.7036,-46.6997,"{""FirstPractice"": {""date"": ""2026-11-06"", ""time"": ""15:30:00Z""}, ""SecondPractice"": {""date"": ""2026-11-06"", ""time"": ""19:00:00Z""}, ""ThirdPractice"": {""date"": ""2026-11-07"", ""time"": ""14:30:00Z""}, ""Qualifying"": {""date"": ""2026-11-07"", ""time"": ""18:00:00Z""}}"
2026_21,2026,21,Las Vegas Grand Prix,Las Vegas Strip Street Circuit,2026-11-22,USA,Las Vegas,04:00:00Z,36.1147,-115.173,"{""FirstPractice"": {""date"": ""2026-11-20"", ""time"": ""00:30:00Z""}, ""SecondPractice"": {""date"": ""2026-11-20"", ""time"": ""04:00:00Z""}, ""ThirdPractice"": {""date"": ""2026-11-21"", ""time"": ""00:30:00Z""}, ""Qualifying"": {""date"": ""2026-11-21"", ""time"": ""04:00:00Z""}}"
2026_22,2026,22,Qatar Grand Prix,Losail International Circuit,2026-11-29,Qatar,Lusail,16:00:00Z,25.49,51.4542,"{""FirstPractice"": {""date"": ""2026-11-27"", ""time"": ""13:30:00Z""}, ""SecondPractice"": {""date"": ""2026-11-27"", ""time"": ""17:00:00Z""}, ""ThirdPractice"": {""date"": ""2026-11-28"", ""time"": ""14:30:00Z""}, ""Qualifying"": {""date"": ""2026-11-28"", ""time"": ""18:00:00Z""}}"
2026_23,2026,23,Abu Dhabi Grand Prix,Yas Marina Circuit,2026-12-06,UAE,Abu Dhabi,13:00:00Z,24.4672,54.6031,"{""FirstPractice"": {""date"": ""2026-12-04"", ""time"": ""09:30:00Z""}, ""SecondPractice"": {""date"": ""2026-12-04"", ""time"": ""13:00:00Z""}, ""ThirdPractice"": {""date"": ""2026-12-05"", ""time"": ""10:30:00Z""}, ""Qualifying"": {""date"": ""2026-12-05"", ""time"": ""14:00:00Z""}}"
