id,session_key,date,lap_number,category,flag,scope,message,driver_number
1,7953,2023-03-05T14:04:34+00:00,1,Other,,,PINK HEAD PADDING MATERIAL MUST BE USED,
2,7953,2023-03-05T14:20:00+00:00,1,Flag,GREEN,Track,GREEN LIGHT - PIT EXIT OPEN,
3,7953,2023-03-05T14:23:00+00:00,1,Flag,YELLOW,Sector,YELLOW IN TRACK SECTOR 10,
4,7953,2023-03-05T14:23:04+00:00,1,Flag,CLEAR,Sector,CLEAR IN TRACK SECTOR 10,
5,7953,2023-03-05T14:30:00+00:00,1,Other,,,PIT EXIT CLOSED,
6,7953,2023-03-05T14:45:11+00:00,1,Other,,,RISK OF RAIN FOR F1 RACE IS 0%,
7,7953,2023-03-05T14:57:09+00:00,1,Drs,,,DRS DISABLED,
8,7953,2023-03-05T15:03:38+00:00,1,Flag,GREEN,Track,GREEN LIGHT - PIT EXIT OPEN,
9,7953,2023-03-05T15:03:38.500000+00:00,1,SessionStatus,,,SESSION STARTED,
10,7953,2023-03-05T15:04:09+00:00,1,Flag,YELLOW,Sector,YELLOW IN TRACK SECTOR 4,
11,7953,2023-03-05T15:04:09+00:00,1,Flag,CLEAR,Sector,CLEAR IN TRACK SECTOR 4,
12,7953,2023-03-05T15:05:17+00:00,2,Flag,YELLOW,Sector,YELLOW IN TRACK SECTOR 11,
13,7953,2023-03-05T15:05:52+00:00,2,Flag,CLEAR,Sector,CLEAR IN TRACK SECTOR 11,
14,7953,2023-03-05T15:05:59+00:00,2,Other,,,TRACK SURFACE SLIPPERY IN TRACK SECTOR 11,
15,7953,2023-03-05T15:06:47+00:00,2,Drs,,,DRS ENABLED,
16,7953,2023-03-05T15:06:52+00:00,2,Flag,CLEAR,Sector,CLEAR IN TRACK SECTOR 11,
17,7953,2023-03-05T15:07:37+00:00,3,Other,,,TURN 4 INCIDENT INVOLVING CARS 18 (STR) AND 14 (ALO) NOTED - CAUSING A COLLISION,
18,7953,2023-03-05T15:08:47+00:00,4,Other,,,CAR 4 (NOR) TIME 1:39.777 DELETED - TRACK LIMITS AT TURN 4 LAP 3 18:07:34,
19,7953,2023-03-05T15:10:36+00:00,5,Other,,,FIA STEWARDS: TURN 4 INCIDENT INVOLVING CARS 18 (STR) AND 14 (ALO) REVIEWED NO FURTHER INVESTIGATION - CAUSING A COLLISION,
20,7953,2023-03-05T15:17:20+00:00,9,CarEvent,,,CAR 63 (RUS) OFF TRACK AND CONTINUED AT TURN 10,63
21,7953,2023-03-05T15:18:43+00:00,10,Other,,,CAR 77 (BOT) TIME 1:40.564 DELETED - TRACK LIMITS AT TURN 4 LAP 7 18:14:14,
22,7953,2023-03-05T15:19:29+00:00,10,Other,,,CAR 16 (LEC) TIME 1:38.614 DELETED - TRACK LIMITS AT TURN 4 LAP 8 18:15:41,
23,7953,2023-03-05T15:22:32+00:00,12,Other,,, INCIDENT INVOLVING CAR 31 (OCO) NOTED - INACCURATE GRID POSITION,
24,7953,2023-03-05T15:26:56+00:00,15,Other,,,FIA STEWARDS: INCIDENT INVOLVING CAR 31 (OCO) UNDER INVESTIGATION - INACCURATE GRID POSITION,
25,7953,2023-03-05T15:27:19+00:00,15,Other,,,FIA STEWARDS: 5 SECOND TIME PENALTY FOR CAR 31 (OCO) - INACCURATE GRID POSITION,
26,7953,2023-03-05T15:29:33+00:00,16,Other,,,CAR 4 (NOR) TIME 1:38.870 DELETED - TRACK LIMITS AT TURN 4 LAP 15 18:28:10,
27,7953,2023-03-05T15:35:30+00:00,20,Other,,,INCIDENT INVOLVING CAR 31 (OCO) NOTED - SERVING TIME PENALTY INCORRECTLY ,
28,7953,2023-03-05T15:37:23+00:00,21,Other,,,CAR 21 (DEV) TIME 1:39.078 DELETED - TRACK LIMITS AT TURN 13 LAP 19 18:35:40,
29,7953,2023-03-05T15:42:44+00:00,24,Other,,,FIA STEWARDS: INCIDENT INVOLVING CAR 31 (OCO) UNDER INVESTIGATION - SERVING TIME PENALTY INCORRECTLY ,
30,7953,2023-03-05T15:43:16+00:00,25,Other,,,FIA STEWARDS: 10 SECOND TIME PENALTY FOR CAR 31 (OCO) - SERVING TIME PENALTY INCORRECTLY ,
31,7953,2023-03-05T15:43:39+00:00,25,Other,,,CAR 27 (HUL) TIME 1:39.703 DELETED - TRACK LIMITS AT TURN 4 LAP 21 18:39:51,
32,7953,2023-03-05T15:48:12+00:00,28,Other,,,INCIDENT INVOLVING CAR 31 (OCO) NOTED - SPEEDING IN THE PIT LANE,
33,7953,2023-03-05T15:48:50+00:00,28,Other,,,FIA STEWARDS: INCIDENT INVOLVING CAR 31 (OCO) UNDER INVESTIGATION - SPEEDING IN THE PIT LANE,
34,7953,2023-03-05T15:49:07+00:00,28,Other,,,FIA STEWARDS: 5 SECOND TIME PENALTY FOR CAR 31 (OCO) - SPEEDING IN THE PIT LANE,
35,7953,2023-03-05T15:51:04+00:00,29,Other,,,CAR 20 (MAG) TIME 1:39.316 DELETED - TRACK LIMITS AT TURN 4 LAP 28 18:49:51,
36,7953,2023-03-05T15:51:39+00:00,30,Flag,BLUE,Driver,WAVED BLUE FLAG FOR CAR 31 (OCO) TIMED AT 18:51:39,31
37,7953,2023-03-05T16:00:14+00:00,35,Other,,,CAR 14 (ALO) LAP DELETED - TRACK LIMITS AT TURN 4 LAP 34 18:58:59 (PIT),
38,7953,2023-03-05T16:03:19+00:00,37,Flag,BLUE,Driver,WAVED BLUE FLAG FOR CAR 4 (NOR) TIMED AT 19:03:18,4
39,7953,2023-03-05T16:07:05+00:00,39,Flag,BLUE,Driver,WAVED BLUE FLAG FOR CAR 4 (NOR) TIMED AT 19:07:05,4
40,7953,2023-03-05T16:09:58+00:00,41,Other,,,CAR 27 (HUL) TIME 1:38.184 DELETED - TRACK LIMITS AT TURN 4 LAP 39 19:08:20,
41,7953,2023-03-05T16:10:01+00:00,41,Flag,YELLOW,Sector,YELLOW IN TRACK SECTOR 16,
42,7953,2023-03-05T16:10:19+00:00,41,SafetyCar,,,VIRTUAL SAFETY CAR DEPLOYED,
43,7953,2023-03-05T16:11:53+00:00,42,Flag,CLEAR,Sector,CLEAR IN TRACK SECTOR 16,
44,7953,2023-03-05T16:11:55+00:00,42,SafetyCar,,,VIRTUAL SAFETY CAR ENDING,
45,7953,2023-03-05T16:12:08+00:00,42,Flag,CLEAR,Track,TRACK CLEAR,
46,7953,2023-03-05T16:12:16+00:00,42,Drs,,,DRS ENABLED,
47,7953,2023-03-05T16:12:30+00:00,42,Flag,BLUE,Driver,WAVED BLUE FLAG FOR CAR 27 (HUL) TIMED AT 19:12:29,27
48,7953,2023-03-05T16:13:54+00:00,43,Flag,BLUE,Driver,WAVED BLUE FLAG FOR CAR 31 (OCO) TIMED AT 19:13:53,31
49,7953,2023-03-05T16:14:39+00:00,43,Other,,,CAR 63 (RUS) TIME 1:37.035 DELETED - TRACK LIMITS AT TURN 13 LAP 42 19:13:49,
50,7953,2023-03-05T16:16:18+00:00,44,Other,,,CAR 10 (GAS) TIME 1:35.942 DELETED - TRACK LIMITS AT TURN 4 LAP 43 19:15:07,
51,7953,2023-03-05T16:17:53+00:00,45,Other,,,CAR 10 (GAS) TIME 1:35.792 DELETED - TRACK LIMITS AT TURN 4 LAP 44 19:16:41,
52,7953,2023-03-05T16:23:02+00:00,48,Flag,BLUE,Driver,WAVED BLUE FLAG FOR CAR 21 (DEV) TIMED AT 19:23:01,21
53,7953,2023-03-05T16:24:12+00:00,49,Other,,,CAR 27 (HUL) TIME 1:36.806 DELETED - TRACK LIMITS AT TURN 4 LAP 47 19:22:09,
54,7953,2023-03-05T16:24:21+00:00,49,Flag,BLUE,Driver,WAVED BLUE FLAG FOR CAR 4 (NOR) TIMED AT 19:24:20,4
55,7953,2023-03-05T16:24:25+00:00,49,Flag,BLACK AND WHITE,Driver,BLACK AND WHITE FLAG FOR CAR 27 (HUL) - TRACK LIMITS,27
56,7953,2023-03-05T16:27:18+00:00,51,Flag,BLUE,Driver,WAVED BLUE FLAG FOR CAR 24 (ZHO) TIMED AT 19:27:17,24
57,7953,2023-03-05T16:27:24+00:00,51,Flag,BLUE,Driver,WAVED BLUE FLAG FOR CAR 24 (ZHO) TIMED AT 19:27:24,24
58,7953,2023-03-05T16:27:25+00:00,51,Other,,,CAR 44 (HAM) TIME 1:37.770 DELETED - TRACK LIMITS AT TURN 8 LAP 50 19:26:02,
59,7953,2023-03-05T16:28:38+00:00,52,Other,,,CAR 21 (DEV) TIME 1:39.089 DELETED - TRACK LIMITS AT TURN 4 LAP 50 19:26:51,
60,7953,2023-03-05T16:29:05+00:00,52,CarEvent,,,CAR 18 (STR) OFF TRACK AND CONTINUED AT TURN 10,18
61,7953,2023-03-05T16:29:55+00:00,53,Flag,BLUE,Driver,WAVED BLUE FLAG FOR CAR 21 (DEV) TIMED AT 19:29:55,21
62,7953,2023-03-05T16:31:31+00:00,54,Other,,,CAR 27 (HUL) TIME 1:37.917 DELETED - TRACK LIMITS AT TURN 4 LAP 52 19:30:15,
63,7953,2023-03-05T16:31:38+00:00,54,Other,,,INCIDENT INVOLVING CAR 27 (HUL) NOTED - MULTIPLE TRACK LIMITS,
64,7953,2023-03-05T16:31:52+00:00,54,Other,,,FIA STEWARDS: INCIDENT INVOLVING CAR 27 (HUL) UNDER INVESTIGATION - MULTIPLE TRACK LIMITS,
65,7953,2023-03-05T16:32:12+00:00,54,Other,,,FIA STEWARDS: 5 SECOND TIME PENALTY FOR CAR 27 (HUL) - MULTIPLE TRACK LIMITS,
66,7953,2023-03-05T16:32:50+00:00,55,Other,,,CAR 4 (NOR) TIME 1:35.257 DELETED - TRACK LIMITS AT TURN 7 LAP 50 19:28:08,
67,7953,2023-03-05T16:33:02+00:00,55,Flag,BLACK AND WHITE,Driver,BLACK AND WHITE FLAG FOR CAR 4 (NOR) - TRACK LIMITS,4
68,7953,2023-03-05T16:33:50+00:00,55,Flag,BLUE,Driver,WAVED BLUE FLAG FOR CAR 20 (MAG) TIMED AT 19:33:50,20
69,7953,2023-03-05T16:36:52+00:00,57,Flag,BLUE,Driver,WAVED BLUE FLAG FOR CAR 2 (SAR) TIMED AT 19:36:51,2
70,7953,2023-03-05T16:37:31+00:00,57,Flag,CHEQUERED,Track,CHEQUERED FLAG,
71,7953,2023-03-05T16:37:35.429000+00:00,57,SessionStatus,,,SESSION FINISHED,
72,7953,2023-03-05T16:40:53+00:00,57,Other,,,CAR 27 (HUL) TIME 1:39.206 DELETED - TRACK LIMITS AT TURN 13 LAP 56 19:37:41,
73,7953,2023-03-05T16:42:16+00:00,57,Other,,,INCIDENT INVOLVING CAR 27 (HUL) NOTED - MULTIPLE TRACK LIMITS,
74,7953,2023-03-05T16:42:37+00:00,57,Other,,,FIA STEWARDS: INCIDENT INVOLVING CAR 27 (HUL) UNDER INVESTIGATION - MULTIPLE TRACK LIMITS,
75,7953,2023-03-05T16:42:52+00:00,57,Other,,,FIA STEWARDS: 10 SECOND TIME PENALTY FOR CAR 27 (HUL) - MULTIPLE TRACK LIMITS,
76,7779,2023-03-19T16:10:31+00:00,1,Other,,,PINK HEAD PADDING MATERIAL MUST BE USED,
77,7779,2023-03-19T16:20:00+00:00,1,Flag,GREEN,Track,GREEN LIGHT - PIT EXIT OPEN,
78,7779,2023-03-19T16:30:00+00:00,1,Other,,,PIT EXIT CLOSED,
79,7779,2023-03-19T16:45:27+00:00,1,Other,,,RISK OF RAIN FOR F1 RACE IS 0%,
80,7779,2023-03-19T16:57:03+00:00,1,Drs,,,DRS DISABLED,
81,7779,2023-03-19T17:03:50+00:00,1,Flag,GREEN,Track,GREEN LIGHT - PIT EXIT OPEN,
82,7779,2023-03-19T17:03:50.717000+00:00,1,SessionStatus,,,SESSION STARTED,
83,7779,2023-03-19T17:04:28+00:00,1,Other,,,INCIDENT INVOLVING CAR 14 (ALO) NOTED - INCORRECT STARTING LOCATION,
84,7779,2023-03-19T17:05:30+00:00,2,Other,,,TRACK SURFACE SLIPPERY IN TRACK SECTOR 3,
85,7779,2023-03-19T17:05:33+00:00,2,Other,,,TRACK SURFACE SLIPPERY IN TRACK SECTOR 4,
86,7779,2023-03-19T17:05:51+00:00,2,Other,,,FIA STEWARDS: INCIDENT INVOLVING CAR 14 (ALO) UNDER INVESTIGATION - INCORRECT STARTING LOCATION,
87,7779,2023-03-19T17:06:05+00:00,2,Other,,,FIA STEWARDS: 5 SECOND TIME PENALTY FOR CAR 14 (ALO) - INCORRECT STARTING LOCATION,
88,7779,2023-03-19T17:07:20+00:00,3,Drs,,,DRS ENABLED,
89,7779,2023-03-19T17:08:25+00:00,3,Flag,CLEAR,Sector,CLEAR IN TRACK SECTOR 3,
90,7779,2023-03-19T17:08:27+00:00,3,Flag,CLEAR,Sector,CLEAR IN TRACK SECTOR 4,
91,7779,2023-03-19T17:11:14+00:00,5,Other,,,CAR 20 (MAG) TIME 1:37.098 DELETED - TRACK LIMITS AT TURN 23 LAP 4 20:10:01,
92,7779,2023-03-19T17:12:23+00:00,6,Other,,,CAR 2 (SAR) TIME 1:36.881 DELETED - TRACK LIMITS AT TURN 23 LAP 5 20:11:41,
93,7779,2023-03-19T17:12:28+00:00,6,Other,,,CAR 1 (VER) TIME 1:35.359 DELETED - TRACK LIMITS AT TURN 23 LAP 5 20:11:37,
94,7779,2023-03-19T17:13:25+00:00,7,Other,,,CAR 23 (ALB) TIME 1:37.108 DELETED - TRACK LIMITS AT TURN 23 LAP 5 20:11:41,
95,7779,2023-03-19T17:15:21+00:00,8,Other,,,START STRAIGHT INCIDENT INVOLVING CAR 44 (HAM) NOTED - WEAVING ON STRAIGHT,
96,7779,2023-03-19T17:15:38+00:00,8,Other,,,FIA STEWARDS: START STRAIGHT INCIDENT INVOLVING CAR 44 (HAM) UNDER INVESTIGATION - WEAVING ON STRAIGHT,
97,7779,2023-03-19T17:16:35+00:00,9,Flag,BLACK AND WHITE,Driver,BLACK AND WHITE FLAG FOR CAR 44 (HAM) - WEAVING ON STRAIGHT,44
98,7779,2023-03-19T17:19:01+00:00,10,Other,,,CAR 27 (HUL) TIME 1:36.613 DELETED - TRACK LIMITS AT TURN 23 LAP 9 20:18:04,
99,7779,2023-03-19T17:23:45+00:00,13,CarEvent,,,CAR 18 (STR) MISSED THE APEX OF TURN 5,18
100,7779,2023-03-19T17:23:47+00:00,13,Other,,,CAR 18 (STR) TIME 1:36.522 DELETED - TRACK LIMITS AT TURN 5 LAP 12 20:21:45,
101,7779,2023-03-19T17:30:11+00:00,17,Other,,,CAR 55 (SAI) TIME 1:53.399 DELETED - TRACK LIMITS AT TURN 23 LAP 16 20:29:19,
102,7779,2023-03-19T17:30:31+00:00,17,Flag,YELLOW,Sector,YELLOW IN TRACK SECTOR 9,
103,7779,2023-03-19T17:30:33+00:00,17,Flag,DOUBLE YELLOW,Sector,DOUBLE YELLOW IN TRACK SECTOR 9,
104,7779,2023-03-19T17:30:49+00:00,18,Flag,YELLOW,Sector,YELLOW IN TRACK SECTOR 9,
105,7779,2023-03-19T17:30:59+00:00,18,Flag,DOUBLE YELLOW,Sector,DOUBLE YELLOW IN TRACK SECTOR 9,
106,7779,2023-03-19T17:31:01+00:00,18,Flag,YELLOW,Sector,YELLOW IN TRACK SECTOR 8,
107,7779,2023-03-19T17:31:10+00:00,18,SafetyCar,,,SAFETY CAR DEPLOYED,
108,7779,2023-03-19T17:34:23+00:00,19,Flag,CLEAR,Sector,CLEAR IN TRACK SECTOR 9,
109,7779,2023-03-19T17:34:26+00:00,19,Flag,CLEAR,Sector,CLEAR IN TRACK SECTOR 8,
110,7779,2023-03-19T17:36:10+00:00,20,SafetyCar,,,SAFETY CAR IN THIS LAP,
111,7779,2023-03-19T17:38:27+00:00,20,Flag,CLEAR,Track,TRACK CLEAR,
112,7779,2023-03-19T17:42:04+00:00,23,Drs,,,DRS ENABLED,
113,7779,2023-03-19T17:43:56+00:00,24,Flag,BLACK AND WHITE,Driver,BLACK AND WHITE FLAG FOR CAR 55 (SAI) - WEAVING ON STRAIGHT,55
114,7779,2023-03-19T17:44:02+00:00,24,Other,,,CAR 77 (BOT) TIME 1:38.366 DELETED - TRACK LIMITS AT TURN 2 LAP 22 20:40:33,
115,7779,2023-03-19T17:44:22+00:00,24,Other,,,CAR 20 (MAG) TIME 1:35.702 DELETED - TRACK LIMITS AT TURN 23 LAP 23 20:43:09,
116,7779,2023-03-19T17:48:54+00:00,27,Other,,,CAR 23 (ALB) TIME 1:38.229 DELETED - TRACK LIMITS AT TURN 23 LAP 26 20:47:59,
117,7779,2023-03-19T17:50:05+00:00,28,Other,,,CAR 77 (BOT) TIME 1:38.366 WILL BE REINSTATED,
118,7779,2023-03-19T17:50:26+00:00,28,Other,,,CAR 24 (ZHO) TIME 1:37.391 DELETED - TRACK LIMITS AT TURN 2 LAP 22 20:40:33,
119,7779,2023-03-19T17:57:10+00:00,32,Other,,,CAR 16 (LEC) TIME 1:34.082 DELETED - TRACK LIMITS AT TURN 23 LAP 31 20:55:40,
120,7779,2023-03-19T17:58:08+00:00,33,Other,,,CAR 16 (LEC) TIME 1:34.701 DELETED - TRACK LIMITS AT TURN 2 LAP 32 20:56:15,
121,7779,2023-03-19T17:58:25+00:00,33,Other,,,CAR 4 (NOR) TIME 1:35.478 DELETED - TRACK LIMITS AT TURN 23 LAP 32 20:57:34,
122,7779,2023-03-19T18:05:43+00:00,38,Other,,,CAR 11 (PER) TIME 1:32.638 DELETED - TRACK LIMITS AT TURN 23 LAP 37 21:04:35,
123,7779,2023-03-19T18:06:09+00:00,38,Other,,,CAR 1 (VER) TIME 1:32.496 DELETED - TRACK LIMITS AT TURN 23 LAP 37 21:04:40,
124,7779,2023-03-19T18:09:23+00:00,40,Flag,BLUE,Driver,WAVED BLUE FLAG FOR CAR 77 (BOT) TIMED AT 21:09:23,77
125,7779,2023-03-19T18:11:14+00:00,42,Flag,BLUE,Driver,WAVED BLUE FLAG FOR CAR 77 (BOT) TIMED AT 21:11:14,77
126,7779,2023-03-19T18:15:39+00:00,44,Other,,,CAR 81 (PIA) TIME 1:35.257 DELETED - TRACK LIMITS AT TURN 23 LAP 43 21:15:03,
127,7779,2023-03-19T18:21:31+00:00,48,Flag,BLUE,Driver,WAVED BLUE FLAG FOR CAR 77 (BOT) TIMED AT 21:21:31,77
128,7779,2023-03-19T18:23:23+00:00,49,Flag,BLUE,Driver,WAVED BLUE FLAG FOR CAR 77 (BOT) TIMED AT 21:23:22,77
129,7779,2023-03-19T18:25:05.801000+00:00,50,SessionStatus,,,SESSION FINISHED,
130,7779,2023-03-19T18:25:07+00:00,50,Flag,CHEQUERED,Track,CHEQUERED FLAG,
131,7779,2023-03-19T18:38:13+00:00,50,Other,,,PIT LANE INCIDENT INVOLVING CAR 14 (ALO) NOTED - SERVING PENALTY INCORRECTLY ,
132,7779,2023-03-19T18:38:32+00:00,50,Other,,,FIA STEWARDS: PIT LANE INCIDENT INVOLVING CAR 14 (ALO) UNDER INVESTIGATION - SERVING PENALTY INCORRECTLY ,
133,7779,2023-03-19T18:45:07+00:00,50,Other,,,FIA STEWARDS: 10 SECOND TIME PENALTY FOR CAR 14 (ALO) - SERVING PENALTY INCORRECTLY ,
134,7787,2023-04-02T04:05:11+00:00,1,Other,,,DRS DISABLED IN ZONE 3,
135,7787,2023-04-02T04:05:31+00:00,1,Other,,,PINK HEAD PADDING MATERIAL MUST BE USED,
136,7787,2023-04-02T04:14:09+00:00,1,Other,,,DRS ENABLED IN ZONE 3,
137,7787,2023-04-02T04:20:00+00:00,1,Flag,GREEN,Track,GREEN LIGHT - PIT EXIT OPEN,
138,7787,2023-04-02T04:30:00+00:00,1,Other,,,PIT EXIT CLOSED,
139,7787,2023-04-02T04:31:48+00:00,1,Flag,YELLOW,Sector,YELLOW IN TRACK SECTOR 15,
140,7787,2023-04-02T04:31:50+00:00,1,Other,,,DRS DISABLED IN ZONE 2,
141,7787,2023-04-02T04:31:50+00:00,1,Flag,DOUBLE YELLOW,Sector,DOUBLE YELLOW IN TRACK SECTOR 15,
142,7787,2023-04-02T04:32:22+00:00,1,Flag,YELLOW,Sector,YELLOW IN TRACK SECTOR 16,
143,7787,2023-04-02T04:34:02+00:00,1,Flag,DOUBLE YELLOW,Sector,DOUBLE YELLOW IN TRACK SECTOR 18,
144,7787,2023-04-02T04:35:18+00:00,1,Flag,CLEAR,Sector,CLEAR IN TRACK SECTOR 16,
145,7787,2023-04-02T04:35:36+00:00,1,Flag,YELLOW,Sector,YELLOW IN TRACK SECTOR 16,
146,7787,2023-04-02T04:37:08+00:00,1,Flag,CLEAR,Sector,CLEAR IN TRACK SECTOR 16,
147,7787,2023-04-02T04:39:31+00:00,1,Flag,CLEAR,Sector,CLEAR IN TRACK SECTOR 18,
148,7787,2023-04-02T04:40:14+00:00,1,Other,,,DRS ENABLED IN ZONE 2,
149,7787,2023-04-02T04:40:14+00:00,1,Flag,CLEAR,Sector,CLEAR IN TRACK SECTOR 15,
150,7787,2023-04-02T04:45:09+00:00,1,Other,,,RISK OF RAIN FOR F1 RACE IS 0%,
151,7787,2023-04-02T04:57:10+00:00,1,Drs,,,DRS DISABLED,
152,7787,2023-04-02T05:03:18+00:00,1,Flag,GREEN,Track,GREEN LIGHT - PIT EXIT OPEN,
153,7787,2023-04-02T05:03:18.684000+00:00,1,SessionStatus,,,SESSION STARTED,
154,7787,2023-04-02T05:03:46+00:00,1,Flag,YELLOW,Sector,YELLOW IN TRACK SECTOR 5,
155,7787,2023-04-02T05:04:25+00:00,1,Flag,DOUBLE YELLOW,Sector,DOUBLE YELLOW IN TRACK SECTOR 5,
156,7787,2023-04-02T05:04:27+00:00,1,SafetyCar,,,SAFETY CAR DEPLOYED,
157,7787,2023-04-02T05:05:41+00:00,2,Other,,,TURN 1 INCIDENT INVOLVING CARS 16 (LEC) AND 18 (STR) NOTED - CAUSING A COLLISION,
158,7787,2023-04-02T05:06:04+00:00,2,Other,,,FIA STEWARDS: TURN 1 INCIDENT INVOLVING CARS 16 (LEC) AND 18 (STR) REVIEWED NO FURTHER INVESTIGATION - CAUSING A COLLISION,
159,7787,2023-04-02T05:07:27+00:00,3,SafetyCar,,,SAFETY CAR IN THIS LAP,
160,7787,2023-04-02T05:07:34+00:00,3,Flag,CLEAR,Sector,CLEAR IN TRACK SECTOR 5,
161,7787,2023-04-02T05:09:12+00:00,3,Flag,CLEAR,Track,TRACK CLEAR,
162,7787,2023-04-02T05:12:15+00:00,6,Drs,,,DRS ENABLED,
163,7787,2023-04-02T05:14:12+00:00,7,Flag,YELLOW,Sector,YELLOW IN TRACK SECTOR 9,
164,7787,2023-04-02T05:14:24+00:00,7,SafetyCar,,,SAFETY CAR DEPLOYED,
165,7787,2023-04-02T05:15:22+00:00,8,Other,,,RECOVERY VEHICLE ON TRACK AT TURN 6,
166,7787,2023-04-02T05:17:02+00:00,8,Flag,RED,Track,RED FLAG,
167,7787,2023-04-02T05:17:02+00:00,8,Flag,CLEAR,Sector,CLEAR IN TRACK SECTOR 9,
168,7787,2023-04-02T05:17:02.518000+00:00,8,SessionStatus,,,SESSION ABORTED,
169,7787,2023-04-02T05:22:27+00:00,9,Other,,,RACE WILL RESUME AT 15:33,
170,7787,2023-04-02T05:32:01+00:00,9,Other,,,RACE WILL RESUME AT 15:33 - STANDING START PROCEDURE,
171,7787,2023-04-02T05:32:43+00:00,9,Flag,CLEAR,Track,TRACK CLEAR,
172,7787,2023-04-02T05:33:00.429000+00:00,9,SessionStatus,,,SESSION STARTED,
173,7787,2023-04-02T05:34:05+00:00,9,Other,,,STANDING START PROCEDURE,
174,7787,2023-04-02T05:36:23+00:00,10,Other,,,RESTART PROCEDURE UNDER INVESTIGATION,
175,7787,2023-04-02T05:36:39+00:00,10,Other,,,TRACK SURFACE SLIPPERY IN TRACK SECTOR 9,
176,7787,2023-04-02T05:39:29+00:00,11,Flag,CLEAR,Sector,CLEAR IN TRACK SECTOR 9,
177,7787,2023-04-02T05:39:46+00:00,12,Drs,,,DRS ENABLED,
178,7787,2023-04-02T05:40:23+00:00,12,Other,,,TURN 3 INCIDENT INVOLVING CARS 21 (DEV) AND 31 (OCO) NOTED - CAUSING A COLLISION,
179,7787,2023-04-02T05:41:58+00:00,13,Other,,,FIA STEWARDS: TURN 3 INCIDENT INVOLVING CARS 21 (DEV) AND 31 (OCO) REVIEWED NO FURTHER INVESTIGATION - CAUSING A COLLISION,
180,7787,2023-04-02T05:46:30+00:00,16,Other,,,RESTART PROCEDURE NO FURTHER ACTION ,
181,7787,2023-04-02T05:47:52+00:00,17,Other,,,TURN 1 INCIDENT INVOLVING CARS 22 (TSU) AND 81 (PIA) NOTED - CAUSING A COLLISION,
182,7787,2023-04-02T05:48:31+00:00,18,Other,,,PIT LANE ENTRY CLOSED,
183,7787,2023-04-02T05:48:36+00:00,18,SafetyCar,,,VIRTUAL SAFETY CAR DEPLOYED,
184,7787,2023-04-02T05:50:38+00:00,19,SafetyCar,,,VIRTUAL SAFETY CAR ENDING,
185,7787,2023-04-02T05:50:52+00:00,19,Flag,CLEAR,Track,TRACK CLEAR,
186,7787,2023-04-02T05:51:32+00:00,20,Drs,,,DRS ENABLED,
187,7787,2023-04-02T05:53:02+00:00,21,Other,,,PIT LANE ENTRY OPEN,
188,7787,2023-04-02T05:54:02+00:00,21,Other,,,FIA STEWARDS: TURN 1 INCIDENT INVOLVING CARS 22 (TSU) AND 81 (PIA) REVIEWED NO FURTHER INVESTIGATION - CAUSING A COLLISION,
189,7787,2023-04-02T06:17:17+00:00,39,Flag,BLUE,Driver,WAVED BLUE FLAG FOR CAR 2 (SAR) TIMED AT 16:17:17,2
190,7787,2023-04-02T06:23:50+00:00,43,Flag,BLUE,Driver,WAVED BLUE FLAG FOR CAR 21 (DEV) TIMED AT 16:23:49,21
191,7787,2023-04-02T06:29:30+00:00,48,Flag,BLUE,Driver,WAVED BLUE FLAG FOR CAR 2 (SAR) TIMED AT 16:29:30,2
192,7787,2023-04-02T06:29:54+00:00,48,Flag,BLUE,Driver,WAVED BLUE FLAG FOR CAR 2 (SAR) TIMED AT 16:29:54,2
193,7787,2023-04-02T06:30:08+00:00,48,CarEvent,,,CAR 1 (VER) OFF TRACK AND CONTINUED AT TURN 13,1
194,7787,2023-04-02T06:30:41+00:00,48,Other,,,CAR 1 (VER) TIME 1:24.107 DELETED - TRACK LIMITS AT TURN 13 LAP 47 16:29:18,
195,7787,2023-04-02T06:30:58+00:00,49,Flag,BLUE,Driver,WAVED BLUE FLAG FOR CAR 2 (SAR) TIMED AT 16:30:57,2
196,7787,2023-04-02T06:32:21+00:00,50,Flag,BLUE,Driver,WAVED BLUE FLAG FOR CAR 2 (SAR) TIMED AT 16:32:21,2
197,7787,2023-04-02T06:33:44+00:00,51,Flag,BLUE,Driver,WAVED BLUE FLAG FOR CAR 2 (SAR) TIMED AT 16:33:44,2
198,7787,2023-04-02T06:34:01+00:00,51,Flag,BLUE,Driver,WAVED BLUE FLAG FOR CAR 2 (SAR) TIMED AT 16:34:01,2
199,7787,2023-04-02T06:35:08+00:00,52,Flag,BLUE,Driver,WAVED BLUE FLAG FOR CAR 2 (SAR) TIMED AT 16:35:07,2
200,7787,2023-04-02T06:35:26+00:00,52,Flag,BLUE,Driver,WAVED BLUE FLAG FOR CAR 2 (SAR) TIMED AT 16:35:25,2
201,7787,2023-04-02T06:36:10+00:00,52,CarEvent,,,CAR 27 (HUL) OFF TRACK AND CONTINUED AT TURN 12,27
202,7787,2023-04-02T06:37:31+00:00,53,Flag,YELLOW,Sector,YELLOW IN TRACK SECTOR 4,
203,7787,2023-04-02T06:37:32+00:00,53,Other,,,DRS DISABLED IN ZONE 4,
204,7787,2023-04-02T06:37:39+00:00,54,Flag,CLEAR,Sector,CLEAR IN TRACK SECTOR 4,
205,7787,2023-04-02T06:37:39+00:00,54,Other,,,DRS ENABLED IN ZONE 4,
206,7787,2023-04-02T06:37:49+00:00,54,Other,,,TRACK SURFACE SLIPPERY IN TRACK SECTOR 4,
207,7787,2023-04-02T06:38:20+00:00,54,Flag,BLUE,Driver,WAVED BLUE FLAG FOR CAR 77 (BOT) TIMED AT 16:38:20,77
208,7787,2023-04-02T06:38:27+00:00,54,Other,,,TRACK SURFACE SLIPPERY IN TRACK SECTOR 3,
209,7787,2023-04-02T06:38:32+00:00,54,SafetyCar,,,SAFETY CAR DEPLOYED,
210,7787,2023-04-02T06:38:32+00:00,54,Flag,CLEAR,Sector,CLEAR IN TRACK SECTOR 3,
211,7787,2023-04-02T06:38:32+00:00,54,Flag,CLEAR,Sector,CLEAR IN TRACK SECTOR 4,
212,7787,2023-04-02T06:39:15+00:00,55,Other,,,RECOVERY VEHICLE ON TRACK AT TURN 3,
213,7787,2023-04-02T06:41:07+00:00,55,Flag,RED,Track,RED FLAG,
214,7787,2023-04-02T06:41:07.569000+00:00,55,SessionStatus,,,SESSION ABORTED,
215,7787,2023-04-02T06:45:37+00:00,56,Other,,,RACE WILL RESUME AT 16:56,
216,7787,2023-04-02T06:51:10+00:00,56,Flag,CLEAR,Track,TRACK CLEAR,
217,7787,2023-04-02T06:54:09+00:00,56,Flag,BLUE,Driver,WAVED BLUE FLAG FOR CAR 2 (SAR) TIMED AT 16:54:09,2
218,7787,2023-04-02T06:55:05+00:00,56,Other,,,RACE WILL RESUME AT 16:56 - STANDING START PROCEDURE,
219,7787,2023-04-02T06:56:00.419000+00:00,56,SessionStatus,,,SESSION STARTED,
220,7787,2023-04-02T06:57:13+00:00,56,Other,,,STANDING START PROCEDURE,
221,7787,2023-04-02T07:00:14+00:00,57,Flag,YELLOW,Sector,YELLOW IN TRACK SECTOR 2,
222,7787,2023-04-02T07:00:22+00:00,57,Flag,YELLOW,Sector,YELLOW IN TRACK SECTOR 4,
223,7787,2023-04-02T07:00:26+00:00,57,Flag,RED,Track,RED FLAG,
224,7787,2023-04-02T07:00:26+00:00,57,Flag,CLEAR,Sector,CLEAR IN TRACK SECTOR 2,
225,7787,2023-04-02T07:00:26+00:00,57,Flag,CLEAR,Sector,CLEAR IN TRACK SECTOR 4,
226,7787,2023-04-02T07:00:26.572000+00:00,57,SessionStatus,,,SESSION ABORTED,
227,7787,2023-04-02T07:03:31+00:00,58,Other,,,RESTART PROCEDURE NOTED,
228,7787,2023-04-02T07:03:39+00:00,58,Other,,,FIA STEWARDS: RESTART PROCEDURE UNDER INVESTIGATION,
229,7787,2023-04-02T07:15:38+00:00,58,Other,,,RESTART ORDER: 1 - 44 - 14 - 55 - 18 - 11 - 4 - 27 -81 - 24 - 22 -77,
230,7787,2023-04-02T07:22:32+00:00,58,Other,,,RACE WILL RESUME AT 17:33,
231,7787,2023-04-02T07:23:16+00:00,58,Flag,CLEAR,Track,TRACK CLEAR,
232,7787,2023-04-02T07:25:54+00:00,58,Other,,,TURN 1 INCIDENT INVOLVING CARS 14 (ALO) AND 55 (SAI) NOTED - CAUSING A COLLISION,
233,7787,2023-04-02T07:26:03+00:00,58,Other,,,FIA STEWARDS: TURN 1 INCIDENT INVOLVING CARS 14 (ALO) AND 55 (SAI) UNDER INVESTIGATION - CAUSING A COLLISION,
234,7787,2023-04-02T07:26:27+00:00,58,Other,,,FIA STEWARDS: 5 SECOND TIME PENALTY FOR CAR 55 (SAI) - CAUSING A COLLISION,
235,7787,2023-04-02T07:27:33+00:00,58,Other,,,TURN 2 INCIDENT INVOLVING CARS 10 (GAS) AND 31 (OCO) NOTED - CAUSING A COLLISION,
236,7787,2023-04-02T07:27:38+00:00,58,Other,,,FIA STEWARDS: TURN 2 INCIDENT INVOLVING CARS 10 (GAS) AND 31 (OCO) UNDER INVESTIGATION - CAUSING A COLLISION,
237,7787,2023-04-02T07:32:01+00:00,58,Other,,,RACE WILL RESUME AT 17:33 - ROLLING START PROCEDURE,
238,7787,2023-04-02T07:33:00.456000+00:00,58,SessionStatus,,,SESSION STARTED,
239,7787,2023-04-02T07:34:06+00:00,58,Other,,,SAFETY CAR WILL ENTER PITS: ROLLING START PROCEDURE,
240,7787,2023-04-02T07:35:57.313000+00:00,58,SessionStatus,,,SESSION FINISHED,
241,7787,2023-04-02T07:35:58+00:00,58,Flag,CHEQUERED,Track,CHEQUERED FLAG,
242,7787,2023-04-02T07:37:06+00:00,58,Flag,RED,Track,RED FLAG,
243,7787,2023-04-02T07:55:05+00:00,58,Flag,DOUBLE YELLOW,Sector,DOUBLE YELLOW IN TRACK SECTOR 11,
244,7787,2023-04-02T07:55:08+00:00,58,Flag,CLEAR,Sector,CLEAR IN TRACK SECTOR 11,
245,9069,2023-04-29T13:00:00+00:00,1,Flag,GREEN,Track,GREEN LIGHT - PIT EXIT OPEN,
246,9069,2023-04-29T13:05:00+00:00,1,Other,,,PIT EXIT CLOSED,
247,9069,2023-04-29T13:15:11+00:00,1,Other,,,RISK OF RAIN FOR F1 SPRINT IS 0%,
248,9069,2023-04-29T13:18:19+00:00,1,Flag,DOUBLE YELLOW,Sector,DOUBLE YELLOW IN TRACK SECTOR 2,
249,9069,2023-04-29T13:18:20+00:00,1,Other,,,DRS DISABLED IN ZONE 2,
250,9069,2023-04-29T13:18:40+00:00,1,Other,,,DRS ENABLED IN ZONE 2,
251,9069,2023-04-29T13:18:40+00:00,1,Flag,CLEAR,Sector,CLEAR IN TRACK SECTOR 2,
252,9069,2023-04-29T13:19:51+00:00,1,Flag,DOUBLE YELLOW,Sector,DOUBLE YELLOW IN TRACK SECTOR 2,
253,9069,2023-04-29T13:19:52+00:00,1,Other,,,DRS DISABLED IN ZONE 2,
254,9069,2023-04-29T13:21:04+00:00,1,Other,,,DRS ENABLED IN ZONE 2,
255,9069,2023-04-29T13:21:04+00:00,1,Flag,CLEAR,Sector,CLEAR IN TRACK SECTOR 2,
256,9069,2023-04-29T13:22:24+00:00,1,Flag,DOUBLE YELLOW,Sector,DOUBLE YELLOW IN TRACK SECTOR 2,
257,9069,2023-04-29T13:22:25+00:00,1,Other,,,DRS DISABLED IN ZONE 2,
258,9069,2023-04-29T13:22:57+00:00,1,Other,,,DRS ENABLED IN ZONE 2,
259,9069,2023-04-29T13:22:57+00:00,1,Flag,CLEAR,Sector,CLEAR IN TRACK SECTOR 2,
260,9069,2023-04-29T13:27:05+00:00,1,Drs,,,DRS DISABLED,
261,9069,2023-04-29T13:33:58.196000+00:00,1,SessionStatus,,,SESSION STARTED,
262,9069,2023-04-29T13:33:59+00:00,1,Flag,GREEN,Track,GREEN LIGHT - PIT EXIT OPEN,
263,9069,2023-04-29T13:35:26+00:00,1,Other,,,TRACK SURFACE SLIPPERY IN TRACK SECTOR 6,
264,9069,2023-04-29T13:35:39+00:00,1,Flag,DOUBLE YELLOW,Sector,DOUBLE YELLOW IN TRACK SECTOR 15,
265,9069,2023-04-29T13:35:43+00:00,1,Drs,,,DRS ENABLED,
266,9069,2023-04-29T13:35:43+00:00,1,Flag,YELLOW,Sector,YELLOW IN TRACK SECTOR 15,
267,9069,2023-04-29T13:35:45+00:00,1,Flag,YELLOW,Sector,YELLOW IN TRACK SECTOR 14,
268,9069,2023-04-29T13:35:45+00:00,1,Flag,CLEAR,Sector,CLEAR IN TRACK SECTOR 15,
269,9069,2023-04-29T13:35:47+00:00,1,Flag,DOUBLE YELLOW,Sector,DOUBLE YELLOW IN TRACK SECTOR 15,
270,9069,2023-04-29T13:35:48+00:00,2,Flag,CLEAR,Sector,CLEAR IN TRACK SECTOR 14,
271,9069,2023-04-29T13:35:50+00:00,2,Flag,YELLOW,Sector,YELLOW IN TRACK SECTOR 14,
272,9069,2023-04-29T13:35:51+00:00,2,Flag,DOUBLE YELLOW,Sector,DOUBLE YELLOW IN TRACK SECTOR 6,
273,9069,2023-04-29T13:35:53+00:00,2,Flag,YELLOW,Sector,YELLOW IN TRACK SECTOR 13,
274,9069,2023-04-29T13:35:59+00:00,2,Flag,YELLOW,Sector,YELLOW IN TRACK SECTOR 16,
275,9069,2023-04-29T13:36:03+00:00,2,Flag,CLEAR,Sector,CLEAR IN TRACK SECTOR 13,
276,9069,2023-04-29T13:36:04+00:00,2,Other,,,TRACK SURFACE SLIPPERY IN TRACK SECTOR 13,
277,9069,2023-04-29T13:36:14+00:00,2,Flag,CLEAR,Sector,CLEAR IN TRACK SECTOR 6,
278,9069,2023-04-29T13:36:17+00:00,2,Other,,,TRACK SURFACE SLIPPERY IN TRACK SECTOR 6,
279,9069,2023-04-29T13:36:53+00:00,2,SafetyCar,,,VIRTUAL SAFETY CAR DEPLOYED,
280,9069,2023-04-29T13:36:53+00:00,2,Flag,CLEAR,Sector,CLEAR IN TRACK SECTOR 6,
281,9069,2023-04-29T13:36:53+00:00,2,Flag,CLEAR,Sector,CLEAR IN TRACK SECTOR 13,
282,9069,2023-04-29T13:39:57+00:00,3,Other,,,INCIDENT INVOLVING CAR 22 (TSU) NOTED - RELEASED IN UNSAFE CONDITION,
283,9069,2023-04-29T13:40:06+00:00,3,SafetyCar,,,SAFETY CAR DEPLOYED,
284,9069,2023-04-29T13:41:40+00:00,4,Flag,DOUBLE YELLOW,Sector,DOUBLE YELLOW IN TRACK SECTOR 12,
285,9069,2023-04-29T13:41:49+00:00,4,Other,,,FIA STEWARDS: INCIDENT INVOLVING CAR 22 (TSU) WILL BE INVESTIGATED AFTER THE RACE - RELEASED IN UNSAFE CONDITION,
286,9069,2023-04-29T13:42:50+00:00,4,Flag,CLEAR,Sector,CLEAR IN TRACK SECTOR 12,
287,9069,2023-04-29T13:42:58+00:00,4,Flag,CLEAR,Sector,CLEAR IN TRACK SECTOR 14,
288,9069,2023-04-29T13:43:09+00:00,4,Flag,CLEAR,Sector,CLEAR IN TRACK SECTOR 15,
289,9069,2023-04-29T13:43:13+00:00,4,Flag,CLEAR,Sector,CLEAR IN TRACK SECTOR 16,
290,9069,2023-04-29T13:43:50+00:00,5,SafetyCar,,,SAFETY CAR IN THIS LAP,
291,9069,2023-04-29T13:45:43+00:00,5,Flag,CLEAR,Track,TRACK CLEAR,
292,9069,2023-04-29T13:48:05+00:00,6,Drs,,,DRS ENABLED,
293,9069,2023-04-29T14:07:15+00:00,17,Flag,CHEQUERED,Track,CHEQUERED FLAG,
294,9069,2023-04-29T14:07:16.094000+00:00,17,SessionStatus,,,SESSION FINISHED,
295,9070,2023-04-30T10:01:11+00:00,1,Other,,,PINK HEAD PADDING MATERIAL MUST BE USED,
296,9070,2023-04-30T10:10:00+00:00,1,Flag,GREEN,Track,GREEN LIGHT - PIT EXIT OPEN,
297,9070,2023-04-30T10:12:24+00:00,1,Flag,YELLOW,Sector,YELLOW IN TRACK SECTOR 6,
298,9070,2023-04-30T10:13:08+00:00,1,Flag,CLEAR,Sector,CLEAR IN TRACK SECTOR 6,
299,9070,2023-04-30T10:14:17+00:00,1,Flag,DOUBLE YELLOW,Sector,DOUBLE YELLOW IN TRACK SECTOR 2,
300,9070,2023-04-30T10:14:18+00:00,1,Other,,,DRS DISABLED IN ZONE 2,
301,9070,2023-04-30T10:14:31+00:00,1,Other,,,DRS ENABLED IN ZONE 2,
302,9070,2023-04-30T10:14:31+00:00,1,Flag,CLEAR,Sector,CLEAR IN TRACK SECTOR 2,
303,9070,2023-04-30T10:20:01+00:00,1,Other,,,PIT EXIT CLOSED,
304,9070,2023-04-30T10:45:09+00:00,1,Other,,,RISK OF RAIN FOR F1 RACE IS 20 %,
305,9070,2023-04-30T10:57:15+00:00,1,Drs,,,DRS DISABLED,
306,9070,2023-04-30T11:04:03.227000+00:00,1,SessionStatus,,,SESSION STARTED,
307,9070,2023-04-30T11:04:04+00:00,1,Flag,GREEN,Track,GREEN LIGHT - PIT EXIT OPEN,
308,9070,2023-04-30T11:04:37+00:00,1,Other,,,TRACK SURFACE SLIPPERY IN TRACK SECTOR 3,
309,9070,2023-04-30T11:05:07+00:00,1,Flag,DOUBLE YELLOW,Sector,DOUBLE YELLOW IN TRACK SECTOR 3,
310,9070,2023-04-30T11:05:15+00:00,1,Flag,YELLOW,Sector,YELLOW IN TRACK SECTOR 2,
311,9070,2023-04-30T11:05:22+00:00,1,Flag,CLEAR,Sector,CLEAR IN TRACK SECTOR 3,
312,9070,2023-04-30T11:05:23+00:00,1,Flag,DOUBLE YELLOW,Sector,DOUBLE YELLOW IN TRACK SECTOR 3,
313,9070,2023-04-30T11:05:23+00:00,1,Flag,CLEAR,Sector,CLEAR IN TRACK SECTOR 2,
314,9070,2023-04-30T11:07:37+00:00,2,Drs,,,DRS ENABLED,
315,9070,2023-04-30T11:11:59+00:00,5,Other,,,LAP 1 TURN 2 INCIDENT NOTED - CAUSING A COLLISION,
316,9070,2023-04-30T11:12:59+00:00,5,Other,,,FIA STEWARDS: LAP 1 TURN 2 INCIDENT REVIEWED NO FURTHER INVESTIGATION - CAUSING A COLLISION,
317,9070,2023-04-30T11:21:02+00:00,10,Flag,YELLOW,Sector,YELLOW IN TRACK SECTOR 5,
318,9070,2023-04-30T11:21:04+00:00,10,Other,,,DRS DISABLED IN ZONE 1,
319,9070,2023-04-30T11:21:10+00:00,10,Flag,CLEAR,Sector,CLEAR IN TRACK SECTOR 5,
320,9070,2023-04-30T11:21:10+00:00,10,Other,,,DRS ENABLED IN ZONE 1,
321,9070,2023-04-30T11:21:25+00:00,10,Flag,YELLOW,Sector,YELLOW IN TRACK SECTOR 8,
322,9070,2023-04-30T11:21:25+00:00,10,Flag,DOUBLE YELLOW,Sector,DOUBLE YELLOW IN TRACK SECTOR 8,
323,9070,2023-04-30T11:21:26+00:00,10,Flag,YELLOW,Sector,YELLOW IN TRACK SECTOR 7,
324,9070,2023-04-30T11:22:24+00:00,11,SafetyCar,,,SAFETY CAR DEPLOYED,
325,9070,2023-04-30T11:26:40+00:00,12,Other,,,RECOVERY VEHICLE ON TRACK AT TURN 6,
326,9070,2023-04-30T11:28:42+00:00,13,SafetyCar,,,SAFETY CAR IN THIS LAP,
327,9070,2023-04-30T11:29:44+00:00,13,Flag,CLEAR,Track,TRACK CLEAR,
328,9070,2023-04-30T11:29:44+00:00,13,Flag,CLEAR,Sector,CLEAR IN TRACK SECTOR 7,
329,9070,2023-04-30T11:29:44+00:00,13,Flag,CLEAR,Sector,CLEAR IN TRACK SECTOR 8,
330,9070,2023-04-30T11:32:37+00:00,15,Other,,,PIT LANE INCIDENT INVOLVING CAR 11 (PER) NOTED - UNSAFE RELEASE,
331,9070,2023-04-30T11:33:31+00:00,15,Drs,,,DRS ENABLED,
332,9070,2023-04-30T11:34:04+00:00,16,Other,,,FIA STEWARDS: PIT LANE INCIDENT INVOLVING CAR 11 (PER) REVIEWED NO FURTHER INVESTIGATION - UNSAFE RELEASE,
333,9070,2023-04-30T11:35:12+00:00,16,Other,,,PIT ENTRY INCIDENT INVOLVING CAR 63 (RUS) NOTED ,
334,9070,2023-04-30T11:35:45+00:00,17,Flag,YELLOW,Sector,YELLOW IN TRACK SECTOR 2,
335,9070,2023-04-30T11:35:46+00:00,17,Flag,CLEAR,Sector,CLEAR IN TRACK SECTOR 2,
336,9070,2023-04-30T11:36:09+00:00,17,Other,,,FIA STEWARDS: PIT ENTRY INCIDENT INVOLVING CAR 63 (RUS) REVIEWED NO FURTHER INVESTIGATION ,
337,9070,2023-04-30T11:41:10+00:00,20,Other,,,CAR 18 (STR) TIME 1:48.008 DELETED - TRACK LIMITS AT TURN 16 LAP 19 15:40:29,
338,9070,2023-04-30T12:20:33+00:00,42,Flag,BLUE,Driver,WAVED BLUE FLAG FOR CAR 77 (BOT) TIMED AT 16:20:32,77
339,9070,2023-04-30T12:22:03+00:00,43,Flag,BLUE,Driver,WAVED BLUE FLAG FOR CAR 77 (BOT) TIMED AT 16:22:02,77
340,9070,2023-04-30T12:32:26+00:00,49,Flag,YELLOW,Sector,YELLOW IN TRACK SECTOR 2,
341,9070,2023-04-30T12:32:27+00:00,49,Other,,,DRS DISABLED IN ZONE 2,
342,9070,2023-04-30T12:32:28+00:00,49,Other,,,DRS ENABLED IN ZONE 2,
343,9070,2023-04-30T12:32:28+00:00,49,Flag,CLEAR,Sector,CLEAR IN TRACK SECTOR 2,
344,9070,2023-04-30T12:34:22+00:00,50,Other,,,CAR 63 (RUS) LAP DELETED - TRACK LIMITS AT TURN 1 LAP 49 16:32:26 (PIT),
345,9070,2023-04-30T12:36:44+00:00,51,Flag,CHEQUERED,Track,CHEQUERED FLAG,
346,9070,2023-04-30T12:36:45.861000+00:00,51,SessionStatus,,,SESSION FINISHED,
347,9070,2023-04-30T12:46:46+00:00,51,Flag,DOUBLE YELLOW,Sector,DOUBLE YELLOW IN TRACK SECTOR 18,
348,9070,2023-04-30T12:46:48+00:00,51,Flag,CLEAR,Sector,CLEAR IN TRACK SECTOR 18,
349,9078,2023-05-07T18:40:00+00:00,1,Flag,GREEN,Track,GREEN LIGHT - PIT EXIT OPEN,
350,9078,2023-05-07T18:50:00+00:00,1,Other,,,PIT EXIT CLOSED,
351,9078,2023-05-07T18:50:41+00:00,1,Flag,YELLOW,Sector,YELLOW IN TRACK SECTOR 12,
352,9078,2023-05-07T18:50:42+00:00,1,Other,,,DRS DISABLED IN ZONE 1,
353,9078,2023-05-07T18:50:44+00:00,1,Other,,,DRS ENABLED IN ZONE 1,
354,9078,2023-05-07T18:50:44+00:00,1,Flag,CLEAR,Sector,CLEAR IN TRACK SECTOR 12,
355,9078,2023-05-07T18:50:46+00:00,1,Flag,DOUBLE YELLOW,Sector,DOUBLE YELLOW IN TRACK SECTOR 12,
356,9078,2023-05-07T18:50:47+00:00,1,Other,,,DRS DISABLED IN ZONE 1,
357,9078,2023-05-07T18:50:49+00:00,1,Other,,,DRS ENABLED IN ZONE 1,
358,9078,2023-05-07T18:50:49+00:00,1,Flag,CLEAR,Sector,CLEAR IN TRACK SECTOR 12,
359,9078,2023-05-07T18:50:56+00:00,1,Other,,,TRACK SURFACE SLIPPERY IN TRACK SECTOR 12,
360,9078,2023-05-07T18:50:59+00:00,1,Flag,CLEAR,Sector,CLEAR IN TRACK SECTOR 12,
361,9078,2023-05-07T19:15:03+00:00,1,Other,,,RISK OF RAIN FOR THIS SESSION IS 10%,
362,9078,2023-05-07T19:27:15+00:00,1,Drs,,,DRS DISABLED,
363,9078,2023-05-07T19:33:47+00:00,1,Flag,GREEN,Track,GREEN LIGHT - PIT EXIT OPEN,
364,9078,2023-05-07T19:33:47.557000+00:00,1,SessionStatus,,,SESSION STARTED,
365,9078,2023-05-07T19:37:01+00:00,3,Drs,,,DRS ENABLED,
366,9078,2023-05-07T19:37:38+00:00,3,Other,,,LAP 1 TURN 1 INCIDENT INVOLVING CARS 4 (NOR) AND 21 (DEV) NOTED - CAUSING A COLLISION,
367,9078,2023-05-07T19:38:36+00:00,4,Other,,,FIA STEWARDS: LAP 1 TURN 1 INCIDENT INVOLVING CARS 4 (NOR) AND 21 (DEV) REVIEWED NO FURTHER INVESTIGATION - CAUSING A COLLISION,
368,9078,2023-05-07T19:43:28+00:00,7,Other,,,CAR 31 (OCO) TIME 1:33.355 DELETED - TRACK LIMITS AT TURN 15 LAP 5 15:41:13,
369,9078,2023-05-07T20:05:27+00:00,21,Other,,,INCIDENT INVOLVING CAR 55 (SAI) NOTED - SPEEDING IN THE PIT LANE,
370,9078,2023-05-07T20:07:50+00:00,22,Other,,,FIA STEWARDS: INCIDENT INVOLVING CAR 55 (SAI) UNDER INVESTIGATION - SPEEDING IN THE PIT LANE,
371,9078,2023-05-07T20:08:12+00:00,23,Other,,,FIA STEWARDS: 5 SECOND TIME PENALTY FOR CAR 55 (SAI) - SPEEDING IN THE PIT LANE,
372,9078,2023-05-07T20:09:35+00:00,24,Other,,,TURN 11 INCIDENT INVOLVING CARS 18 (STR) AND 63 (RUS) NOTED - LEAVING THE TRACK AND GAINING AN ADVANTAGE,
373,9078,2023-05-07T20:11:00+00:00,25,Other,,,FIA STEWARDS: TURN 11 INCIDENT INVOLVING CARS 18 (STR) AND 63 (RUS) REVIEWED NO FURTHER INVESTIGATION - LEAVING THE TRACK AND GAINING AN ADVANTAGE,
374,9078,2023-05-07T20:11:06+00:00,25,Other,,,CAR 18 (STR) TIME 1:34.178 DELETED - TRACK LIMITS AT TURN 11 LAP 22 16:07:40,
375,9078,2023-05-07T20:16:41+00:00,28,Other,,,CAR 23 (ALB) TIME 1:32.070 DELETED - TRACK LIMITS AT TURN 6 LAP 27 16:15:16,
376,9078,2023-05-07T20:24:05+00:00,33,Flag,BLUE,Driver,WAVED BLUE FLAG FOR CAR 2 (SAR) TIMED AT 16:24:05,2
377,9078,2023-05-07T20:25:44+00:00,34,Other,,,CAR 23 (ALB) TIME 1:32.681 DELETED - TRACK LIMITS AT TURN 6 LAP 33 16:24:30,
378,9078,2023-05-07T20:28:11+00:00,36,Other,,,CAR 2 (SAR) TIME 1:33.103 DELETED - TRACK LIMITS AT TURN 15 LAP 34 16:27:18,
379,9078,2023-05-07T20:28:51+00:00,36,Other,,,CAR 20 (MAG) TIME 1:32.958 DELETED - TRACK LIMITS AT TURN 15 LAP 35 16:28:01,
380,9078,2023-05-07T20:31:10+00:00,38,Other,,,CAR 55 (SAI) TIME 1:34.440 DELETED - TRACK LIMITS AT TURN 7 LAP 33 16:24:11,
381,9078,2023-05-07T20:35:12+00:00,40,Flag,BLUE,Driver,WAVED BLUE FLAG FOR CAR 81 (PIA) TIMED AT 16:35:12,81
382,9078,2023-05-07T20:38:22+00:00,42,Flag,BLUE,Driver,WAVED BLUE FLAG FOR CAR 2 (SAR) TIMED AT 16:38:21,2
383,9078,2023-05-07T20:48:39+00:00,49,Flag,BLUE,Driver,WAVED BLUE FLAG FOR CAR 81 (PIA) TIMED AT 16:48:38,81
384,9078,2023-05-07T20:49:11+00:00,49,Flag,BLUE,Driver,WAVED BLUE FLAG FOR CAR 81 (PIA) TIMED AT 16:49:10,81
385,9078,2023-05-07T20:56:47+00:00,54,Flag,BLUE,Driver,WAVED BLUE FLAG FOR CAR 2 (SAR) TIMED AT 16:56:47,2
386,9078,2023-05-07T21:01:24+00:00,57,Flag,BLUE,Driver,WAVED BLUE FLAG FOR CAR 2 (SAR) TIMED AT 17:01:23,2
387,9078,2023-05-07T21:01:25.998000+00:00,57,SessionStatus,,,SESSION FINISHED,
388,9078,2023-05-07T21:01:28+00:00,57,Flag,CHEQUERED,Track,CHEQUERED FLAG,
389,9094,2023-05-28T12:05:10+00:00,1,Other,,,PINK HEAD PADDING MATERIAL MUST BE USED,
390,9094,2023-05-28T12:07:39+00:00,1,Flag,DOUBLE YELLOW,Sector,DOUBLE YELLOW IN TRACK SECTOR 9,
391,9094,2023-05-28T12:07:53+00:00,1,Flag,CLEAR,Sector,CLEAR IN TRACK SECTOR 9,
392,9094,2023-05-28T12:10:00+00:00,1,Flag,GREEN,Track,GREEN LIGHT - PIT EXIT OPEN,
393,9094,2023-05-28T12:20:00+00:00,1,Other,,,PIT EXIT CLOSED,
394,9094,2023-05-28T12:20:53+00:00,1,Flag,DOUBLE YELLOW,Sector,DOUBLE YELLOW IN TRACK SECTOR 10,
395,9094,2023-05-28T12:20:59+00:00,1,Flag,YELLOW,Sector,YELLOW IN TRACK SECTOR 9,
396,9094,2023-05-28T12:21:30+00:00,1,Flag,DOUBLE YELLOW,Sector,DOUBLE YELLOW IN TRACK SECTOR 9,
397,9094,2023-05-28T12:21:50+00:00,1,Flag,YELLOW,Sector,YELLOW IN TRACK SECTOR 9,
398,9094,2023-05-28T12:22:03+00:00,1,Flag,CLEAR,Sector,CLEAR IN TRACK SECTOR 9,
399,9094,2023-05-28T12:23:07+00:00,1,Flag,CLEAR,Sector,CLEAR IN TRACK SECTOR 10,
400,9094,2023-05-28T12:45:52+00:00,1,Other,,,RISK OF RAIN FOR F1 RACE IS 20%,
401,9094,2023-05-28T12:57:07+00:00,1,Drs,,,DRS DISABLED,
402,9094,2023-05-28T13:03:03.926000+00:00,1,SessionStatus,,,SESSION STARTED,
403,9094,2023-05-28T13:03:04+00:00,1,Flag,GREEN,Track,GREEN LIGHT - PIT EXIT OPEN,
404,9094,2023-05-28T13:03:42+00:00,1,Flag,YELLOW,Sector,YELLOW IN TRACK SECTOR 7,
405,9094,2023-05-28T13:03:45+00:00,1,Flag,CLEAR,Sector,CLEAR IN TRACK SECTOR 7,
406,9094,2023-05-28T13:05:08+00:00,2,Other,,,TURN 5 INCIDENT INVOLVING CARS 27 (HUL) AND 2 (SAR) NOTED - CAUSING A COLLISION,
407,9094,2023-05-28T13:05:55+00:00,3,Drs,,,DRS ENABLED,
408,9094,2023-05-28T13:06:21+00:00,3,Other,,,INCIDENT INVOLVING CAR 63 (RUS) NOTED - INCORRECT STARTING LOCATION,
409,9094,2023-05-28T13:07:56+00:00,4,Other,,,CAR 27 (HUL) TIME 1:17.221 DELETED - TRACK LIMITS AT TURN 10 LAP 3 15:07:13,
410,9094,2023-05-28T13:08:07+00:00,4,Other,,,FIA STEWARDS: TURN 5 INCIDENT INVOLVING CARS 27 (HUL) AND 2 (SAR) UNDER INVESTIGATION - CAUSING A COLLISION,
411,9094,2023-05-28T13:08:42+00:00,5,Other,,,FIA STEWARDS: 5 SECOND TIME PENALTY FOR CAR 27 (HUL) - CAUSING A COLLISION,
412,9094,2023-05-28T13:11:31+00:00,7,Other,,,FIA STEWARDS: INCIDENT INVOLVING CAR 63 (RUS) REVIEWED NO FURTHER INVESTIGATION - INCORRECT STARTING LOCATION,
413,9094,2023-05-28T13:16:41+00:00,11,Other,,,CAR 18 (STR) TRACK LIMITS TURN 10 LAP 1 ,
414,9094,2023-05-28T13:17:54+00:00,12,Flag,YELLOW,Sector,YELLOW IN TRACK SECTOR 3,
415,9094,2023-05-28T13:18:51+00:00,13,Flag,CLEAR,Sector,CLEAR IN TRACK SECTOR 3,
416,9094,2023-05-28T13:19:48+00:00,13,Other,,,TURN 10 INCIDENT INVOLVING CARS 55 (SAI) AND 31 (OCO) NOTED - CAUSING A COLLISION,
417,9094,2023-05-28T13:21:10+00:00,14,Flag,DOUBLE YELLOW,Sector,DOUBLE YELLOW IN TRACK SECTOR 3,
418,9094,2023-05-28T13:21:21+00:00,15,Flag,CLEAR,Sector,CLEAR IN TRACK SECTOR 3,
419,9094,2023-05-28T13:22:29+00:00,15,Other,,,CAR 31 (OCO) TIME 1:18.271 DELETED - TRACK LIMITS AT TURN 10 LAP 11 15:17:11,
420,9094,2023-05-28T13:22:39+00:00,16,Other,,,CAR 55 (SAI) TIME 1:18.265 DELETED - TRACK LIMITS AT TURN 11 LAP 11 15:17:12,
421,9094,2023-05-28T13:23:53+00:00,17,Flag,BLACK AND WHITE,Driver,BLACK AND WHITE FLAG FOR CAR 55 (SAI) - CAUSING A COLLISION,55
422,9094,2023-05-28T13:24:02+00:00,17,Other,,,CAR 23 (ALB) TIME 1:20.892 DELETED - TRACK LIMITS AT TURN 10 LAP 15 15:22:46,
423,9094,2023-05-28T13:28:38+00:00,20,Flag,BLUE,Driver,WAVED BLUE FLAG FOR CAR 23 (ALB) TIMED AT 15:28:38,23
424,9094,2023-05-28T13:29:52+00:00,21,Other,,,CAR 24 (ZHO) TIME 1:22.387 DELETED - TRACK LIMITS AT TURN 1 LAP 19 15:27:31,
425,9094,2023-05-28T13:39:08+00:00,28,Flag,BLUE,Driver,WAVED BLUE FLAG FOR CAR 24 (ZHO) TIMED AT 15:39:07,24
426,9094,2023-05-28T13:39:27+00:00,29,Flag,BLUE,Driver,WAVED BLUE FLAG FOR CAR 24 (ZHO) TIMED AT 15:39:27,24
427,9094,2023-05-28T13:41:11+00:00,30,Flag,BLUE,Driver,WAVED BLUE FLAG FOR CAR 27 (HUL) TIMED AT 15:41:10,27
428,9094,2023-05-28T13:42:18+00:00,31,Flag,BLUE,Driver,WAVED BLUE FLAG FOR CAR 11 (PER) TIMED AT 15:42:18,11
429,9094,2023-05-28T13:43:02+00:00,31,Flag,BLUE,Driver,WAVED BLUE FLAG FOR CAR 18 (STR) TIMED AT 15:43:02,18
430,9094,2023-05-28T13:44:26+00:00,32,Flag,BLUE,Driver,WAVED BLUE FLAG FOR CAR 20 (MAG) TIMED AT 15:44:25,20
431,9094,2023-05-28T13:45:44+00:00,33,Other,,,TURN 10 INCIDENT INVOLVING CARS 11 (PER) AND 18 (STR) NOTED - LEAVING THE TRACK AND GAINING AN ADVANTAGE,
432,9094,2023-05-28T13:45:54+00:00,34,Flag,BLUE,Driver,WAVED BLUE FLAG FOR CAR 23 (ALB) TIMED AT 15:45:54,23
433,9094,2023-05-28T13:46:12+00:00,34,Flag,BLUE,Driver,WAVED BLUE FLAG FOR CAR 24 (ZHO) TIMED AT 15:46:12,24
434,9094,2023-05-28T13:46:14+00:00,34,Other,,,CAR 11 (PER) TIME 1:19.292 DELETED - TRACK LIMITS AT TURN 10 LAP 31 15:44:01,
435,9094,2023-05-28T13:46:58+00:00,34,Flag,BLUE,Driver,WAVED BLUE FLAG FOR CAR 77 (BOT) TIMED AT 15:46:57,77
436,9094,2023-05-28T13:47:05+00:00,34,Flag,BLUE,Driver,WAVED BLUE FLAG FOR CAR 27 (HUL) TIMED AT 15:47:05,27
437,9094,2023-05-28T13:47:19+00:00,35,Flag,BLUE,Driver,WAVED BLUE FLAG FOR CAR 11 (PER) TIMED AT 15:47:18,11
438,9094,2023-05-28T13:47:32+00:00,35,Flag,BLUE,Driver,WAVED BLUE FLAG FOR CAR 11 (PER) TIMED AT 15:47:31,11
439,9094,2023-05-28T13:47:32+00:00,35,Flag,BLUE,Driver,WAVED BLUE FLAG FOR CAR 77 (BOT) TIMED AT 15:47:32,77
440,9094,2023-05-28T13:48:21+00:00,35,Flag,BLUE,Driver,WAVED BLUE FLAG FOR CAR 21 (DEV) TIMED AT 15:48:20,21
441,9094,2023-05-28T13:48:37+00:00,36,Other,,,FIA STEWARDS: TURN 10 INCIDENT INVOLVING CARS 11 (PER) AND 18 (STR) REVIEWED NO FURTHER INVESTIGATION - PLACE WAS GIVEN BACK,
442,9094,2023-05-28T13:49:02+00:00,36,Flag,BLUE,Driver,WAVED BLUE FLAG FOR CAR 18 (STR) TIMED AT 15:49:02,18
443,9094,2023-05-28T13:49:58+00:00,37,Flag,BLUE,Driver,WAVED BLUE FLAG FOR CAR 20 (MAG) TIMED AT 15:49:58,20
444,9094,2023-05-28T13:51:19+00:00,38,Other,,,CAR 20 (MAG) TIME 1:20.942 DELETED - TRACK LIMITS AT TURN 10 LAP 36 15:50:38,
445,9094,2023-05-28T13:52:43+00:00,39,Flag,BLUE,Driver,WAVED BLUE FLAG FOR CAR 77 (BOT) TIMED AT 15:52:42,77
446,9094,2023-05-28T13:53:31+00:00,39,Other,,,TURN 19 INCIDENT INVOLVING CARS 20 (MAG) AND 18 (STR) NOTED - CAUSING A COLLISION,
447,9094,2023-05-28T13:53:32+00:00,39,Flag,BLUE,Driver,WAVED BLUE FLAG FOR CAR 2 (SAR) TIMED AT 15:53:32,2
448,9094,2023-05-28T13:53:48+00:00,40,Flag,BLUE,Driver,WAVED BLUE FLAG FOR CAR 21 (DEV) TIMED AT 15:53:48,21
449,9094,2023-05-28T13:55:00+00:00,41,Flag,BLACK AND WHITE,Driver,BLACK AND WHITE FLAG FOR CAR 18 (STR) - CAUSING A COLLISION,18
450,9094,2023-05-28T13:55:03+00:00,41,Flag,BLUE,Driver,WAVED BLUE FLAG FOR CAR 2 (SAR) TIMED AT 15:55:03,2
451,9094,2023-05-28T13:55:22+00:00,41,Flag,BLUE,Driver,WAVED BLUE FLAG FOR CAR 2 (SAR) TIMED AT 15:55:21,2
452,9094,2023-05-28T14:00:57+00:00,45,Flag,BLUE,Driver,WAVED BLUE FLAG FOR CAR 2 (SAR) TIMED AT 16:00:56,2
453,9094,2023-05-28T14:03:04+00:00,47,Other,,,CAR 20 (MAG) TIME 1:18.920 DELETED - TRACK LIMITS AT TURN 10 LAP 45 16:02:27,
454,9094,2023-05-28T14:06:16+00:00,49,Flag,BLUE,Driver,WAVED BLUE FLAG FOR CAR 81 (PIA) TIMED AT 16:06:15,81
455,9094,2023-05-28T14:07:33+00:00,50,Flag,BLUE,Driver,WAVED BLUE FLAG FOR CAR 23 (ALB) TIMED AT 16:07:32,23
456,9094,2023-05-28T14:07:58+00:00,51,Flag,BLUE,Driver,WAVED BLUE FLAG FOR CAR 2 (SAR) TIMED AT 16:07:57,2
457,9094,2023-05-28T14:08:09+00:00,51,Flag,BLUE,Driver,WAVED BLUE FLAG FOR CAR 24 (ZHO) TIMED AT 16:08:09,24
458,9094,2023-05-28T14:08:20+00:00,51,Flag,BLUE,Driver,WAVED BLUE FLAG FOR CAR 11 (PER) TIMED AT 16:08:20,11
459,9094,2023-05-28T14:09:03+00:00,52,Flag,BLUE,Driver,WAVED BLUE FLAG FOR CAR 11 (PER) TIMED AT 16:09:02,11
460,9094,2023-05-28T14:09:16+00:00,52,Flag,BLUE,Driver,WAVED BLUE FLAG FOR CAR 11 (PER) TIMED AT 16:09:16,11
461,9094,2023-05-28T14:09:29+00:00,52,Flag,BLUE,Driver,WAVED BLUE FLAG FOR CAR 11 (PER) TIMED AT 16:09:28,11
462,9094,2023-05-28T14:09:51+00:00,52,Flag,BLUE,Driver,WAVED BLUE FLAG FOR CAR 27 (HUL) TIMED AT 16:09:51,27
463,9094,2023-05-28T14:10:21+00:00,52,Other,,,TRACK SURFACE SLIPPERY IN TRACK SECTOR 4,
464,9094,2023-05-28T14:10:21+00:00,52,Flag,BLUE,Driver,WAVED BLUE FLAG FOR CAR 23 (ALB) TIMED AT 16:10:20,23
465,9094,2023-05-28T14:10:37+00:00,53,Flag,BLUE,Driver,WAVED BLUE FLAG FOR CAR 24 (ZHO) TIMED AT 16:10:36,24
466,9094,2023-05-28T14:10:40+00:00,53,Flag,BLUE,Driver,WAVED BLUE FLAG FOR CAR 23 (ALB) TIMED AT 16:10:39,23
467,9094,2023-05-28T14:10:42+00:00,53,Flag,BLUE,Driver,WAVED BLUE FLAG FOR CAR 11 (PER) TIMED AT 16:10:41,11
468,9094,2023-05-28T14:10:45+00:00,53,Flag,BLUE,Driver,WAVED BLUE FLAG FOR CAR 23 (ALB) TIMED AT 16:10:44,23
469,9094,2023-05-28T14:11:13+00:00,53,Other,,,TRACK SURFACE SLIPPERY IN TRACK SECTOR 3,
470,9094,2023-05-28T14:11:15+00:00,53,Flag,BLUE,Driver,WAVED BLUE FLAG FOR CAR 23 (ALB) TIMED AT 16:11:14,23
471,9094,2023-05-28T14:11:18+00:00,53,Flag,BLUE,Driver,WAVED BLUE FLAG FOR CAR 24 (ZHO) TIMED AT 16:11:18,24
472,9094,2023-05-28T14:11:25+00:00,53,Other,,,CAR 23 (ALB) TIME 1:29.941 DELETED - TRACK LIMITS AT TURN 11 LAP 51 16:10:33,
473,9094,2023-05-28T14:11:34+00:00,53,Other,,,CAR 31 (OCO) TIME 1:26.990 DELETED - TRACK LIMITS AT TURN 10 LAP 52 16:10:33,
474,9094,2023-05-28T14:11:42+00:00,53,Flag,BLUE,Driver,WAVED BLUE FLAG FOR CAR 23 (ALB) TIMED AT 16:11:41,23
475,9094,2023-05-28T14:11:49+00:00,53,Other,,,LOW GRIP CONDITIONS,
476,9094,2023-05-28T14:11:53+00:00,54,Other,,,CAR 55 (SAI) TIME 1:26.201 DELETED - TRACK LIMITS AT TURN 10 LAP 52 16:10:34,
477,9094,2023-05-28T14:12:09+00:00,54,Other,,,CAR 14 (ALO) TIME 1:30.862 DELETED - TRACK LIMITS AT TURN 10 LAP 53 16:11:32,
478,9094,2023-05-28T14:12:19+00:00,54,Flag,CLEAR,Sector,CLEAR IN TRACK SECTOR 3,
479,9094,2023-05-28T14:12:25+00:00,54,Other,,,CAR 24 (ZHO) TIME 1:30.253 DELETED - TRACK LIMITS AT TURN 10 LAP 51 16:10:32,
480,9094,2023-05-28T14:12:35+00:00,54,Flag,BLUE,Driver,WAVED BLUE FLAG FOR CAR 24 (ZHO) TIMED AT 16:12:35,24
481,9094,2023-05-28T14:12:46+00:00,54,Other,,,CAR 23 (ALB) LAP DELETED - TRACK LIMITS AT TURN 11 LAP 52 16:12:10 (PIT),
482,9094,2023-05-28T14:13:00+00:00,54,Other,,,CAR 10 (GAS) TIME 1:35.781 DELETED - TRACK LIMITS AT TURN 10 LAP 53 16:12:12,
483,9094,2023-05-28T14:13:02+00:00,54,Flag,BLUE,Driver,WAVED BLUE FLAG FOR CAR 20 (MAG) TIMED AT 16:13:01,20
484,9094,2023-05-28T14:13:09+00:00,54,Flag,CLEAR,Sector,CLEAR IN TRACK SECTOR 4,
485,9094,2023-05-28T14:13:17+00:00,54,Other,,,TRACK SURFACE SLIPPERY IN TRACK SECTOR 10,
486,9094,2023-05-28T14:13:20+00:00,54,Flag,CLEAR,Sector,CLEAR IN TRACK SECTOR 10,
487,9094,2023-05-28T14:13:23+00:00,54,Flag,BLUE,Driver,WAVED BLUE FLAG FOR CAR 27 (HUL) TIMED AT 16:13:22,27
488,9094,2023-05-28T14:13:32+00:00,55,Flag,BLACK AND WHITE,Driver,BLACK AND WHITE FLAG FOR CAR 23 (ALB) - TRACK LIMITS,23
489,9094,2023-05-28T14:13:34+00:00,55,Flag,BLUE,Driver,WAVED BLUE FLAG FOR CAR 77 (BOT) TIMED AT 16:13:33,77
490,9094,2023-05-28T14:13:45+00:00,55,Flag,BLUE,Driver,WAVED BLUE FLAG FOR CAR 27 (HUL) TIMED AT 16:13:44,27
491,9094,2023-05-28T14:14:08+00:00,55,Flag,BLUE,Driver,WAVED BLUE FLAG FOR CAR 27 (HUL) TIMED AT 16:14:07,27
492,9094,2023-05-28T14:14:09+00:00,55,Other,,,CAR 63 (RUS) LAP DELETED - TRACK LIMITS AT TURN 10 LAP 54 16:13:30 (PIT),
493,9094,2023-05-28T14:14:21+00:00,55,Flag,BLUE,Driver,WAVED BLUE FLAG FOR CAR 21 (DEV) TIMED AT 16:14:20,21
494,9094,2023-05-28T14:14:42+00:00,55,Other,,,CAR 44 (HAM) LAP DELETED - TRACK LIMITS AT TURN 10 LAP 54 16:13:40 (PIT),
495,9094,2023-05-28T14:14:44+00:00,55,Flag,BLUE,Driver,WAVED BLUE FLAG FOR CAR 24 (ZHO) TIMED AT 16:14:43,24
496,9094,2023-05-28T14:14:45+00:00,55,Flag,YELLOW,Sector,YELLOW IN TRACK SECTOR 7,
497,9094,2023-05-28T14:14:52+00:00,55,Flag,CLEAR,Sector,CLEAR IN TRACK SECTOR 7,
498,9094,2023-05-28T14:14:53+00:00,55,Flag,YELLOW,Sector,YELLOW IN TRACK SECTOR 7,
499,9094,2023-05-28T14:15:02+00:00,55,Flag,DOUBLE YELLOW,Sector,DOUBLE YELLOW IN TRACK SECTOR 7,
500,9094,2023-05-28T14:15:10+00:00,55,Flag,BLUE,Driver,WAVED BLUE FLAG FOR CAR 77 (BOT) TIMED AT 16:15:10,77
501,9094,2023-05-28T14:15:12+00:00,55,Flag,BLUE,Driver,WAVED BLUE FLAG FOR CAR 2 (SAR) TIMED AT 16:15:11,2
502,9094,2023-05-28T14:15:29+00:00,55,Flag,CLEAR,Sector,CLEAR IN TRACK SECTOR 7,
503,9094,2023-05-28T14:15:35+00:00,55,Flag,YELLOW,Sector,YELLOW IN TRACK SECTOR 8,
504,9094,2023-05-28T14:15:44+00:00,56,Flag,DOUBLE YELLOW,Sector,DOUBLE YELLOW IN TRACK SECTOR 9,
505,9094,2023-05-28T14:15:48+00:00,56,Flag,YELLOW,Sector,YELLOW IN TRACK SECTOR 9,
506,9094,2023-05-28T14:16:00+00:00,56,Flag,CLEAR,Sector,CLEAR IN TRACK SECTOR 9,
507,9094,2023-05-28T14:16:19+00:00,56,Other,,,TRACK SURFACE SLIPPERY IN TRACK SECTOR 1,
508,9094,2023-05-28T14:16:28+00:00,56,Other,,,TRACK SURFACE SLIPPERY IN TRACK SECTOR 19,
509,9094,2023-05-28T14:16:41+00:00,56,Flag,BLUE,Driver,WAVED BLUE FLAG FOR CAR 20 (MAG) TIMED AT 16:16:40,20
510,9094,2023-05-28T14:16:47+00:00,56,Flag,CLEAR,Sector,CLEAR IN TRACK SECTOR 8,
511,9094,2023-05-28T14:16:51+00:00,56,Flag,DOUBLE YELLOW,Sector,DOUBLE YELLOW IN TRACK SECTOR 8,
512,9094,2023-05-28T14:16:53+00:00,56,Flag,YELLOW,Sector,YELLOW IN TRACK SECTOR 8,
513,9094,2023-05-28T14:16:55+00:00,56,Flag,CLEAR,Sector,CLEAR IN TRACK SECTOR 8,
514,9094,2023-05-28T14:17:06+00:00,56,Flag,CLEAR,Sector,CLEAR IN TRACK SECTOR 19,
515,9094,2023-05-28T14:17:11+00:00,56,Flag,BLUE,Driver,WAVED BLUE FLAG FOR CAR 20 (MAG) TIMED AT 16:17:11,20
516,9094,2023-05-28T14:17:25+00:00,56,Other,,,CAR 27 (HUL) TIME 1:40.881 DELETED - TRACK LIMITS AT TURN 10 LAP 53 16:13:36,
517,9094,2023-05-28T14:17:27+00:00,56,Other,,,CAR 10 (GAS) LAP DELETED - TRACK LIMITS AT TURN 10 LAP 54 16:13:49 (PIT),
518,9094,2023-05-28T14:18:00+00:00,57,Flag,BLUE,Driver,WAVED BLUE FLAG FOR CAR 23 (ALB) TIMED AT 16:18:00,23
519,9094,2023-05-28T14:18:05+00:00,57,Flag,BLUE,Driver,WAVED BLUE FLAG FOR CAR 20 (MAG) TIMED AT 16:18:05,20
520,9094,2023-05-28T14:18:13+00:00,57,Flag,BLUE,Driver,WAVED BLUE FLAG FOR CAR 23 (ALB) TIMED AT 16:18:12,23
521,9094,2023-05-28T14:18:26+00:00,57,Flag,BLUE,Driver,WAVED BLUE FLAG FOR CAR 20 (MAG) TIMED AT 16:18:25,20
522,9094,2023-05-28T14:18:40+00:00,57,Other,,,TRACK SURFACE SLIPPERY IN TRACK SECTOR 2,
523,9094,2023-05-28T14:18:40+00:00,57,Flag,BLUE,Driver,WAVED BLUE FLAG FOR CAR 20 (MAG) TIMED AT 16:18:40,20
524,9094,2023-05-28T14:18:51+00:00,57,Flag,BLUE,Driver,WAVED BLUE FLAG FOR CAR 23 (ALB) TIMED AT 16:18:50,23
525,9094,2023-05-28T14:19:10+00:00,57,Other,,,CAR 14 (ALO) TIME 2:06.635 DELETED - TRACK LIMITS AT TURN 10 LAP 55 16:15:04,
526,9094,2023-05-28T14:19:13+00:00,58,Other,,,CAR 20 (MAG) TIME 2:07.055 DELETED - TRACK LIMITS AT TURN 11 LAP 55 16:17:18,
527,9094,2023-05-28T14:19:26+00:00,58,Other,,,TURN 5 INCIDENT INVOLVING CARS 63 (RUS) AND 11 (PER) NOTED - UNSAFE REJOIN,
528,9094,2023-05-28T14:19:58+00:00,58,Flag,BLACK AND WHITE,Driver,BLACK AND WHITE FLAG FOR CAR 20 (MAG) - TRACK LIMITS,20
529,9094,2023-05-28T14:20:04+00:00,58,Other,,,CAR 14 (ALO) TIME 1:42.581 DELETED - TRACK LIMITS AT TURN 16 LAP 57 16:19:14,
530,9094,2023-05-28T14:20:09+00:00,58,Flag,BLUE,Driver,WAVED BLUE FLAG FOR CAR 21 (DEV) TIMED AT 16:20:08,21
531,9094,2023-05-28T14:20:09+00:00,58,Flag,YELLOW,Sector,YELLOW IN TRACK SECTOR 17,
532,9094,2023-05-28T14:20:25+00:00,58,Flag,CLEAR,Sector,CLEAR IN TRACK SECTOR 17,
533,9094,2023-05-28T14:21:00+00:00,59,Flag,BLACK AND WHITE,Driver,BLACK AND WHITE FLAG FOR CAR 14 (ALO) - TRACK LIMITS,14
534,9094,2023-05-28T14:21:10+00:00,59,Flag,YELLOW,Sector,YELLOW IN TRACK SECTOR 8,
535,9094,2023-05-28T14:21:11+00:00,59,Flag,YELLOW,Sector,YELLOW IN TRACK SECTOR 15,
536,9094,2023-05-28T14:21:14+00:00,59,Flag,BLUE,Driver,WAVED BLUE FLAG FOR CAR 24 (ZHO) TIMED AT 16:21:14,24
537,9094,2023-05-28T14:21:15+00:00,59,Flag,CLEAR,Sector,CLEAR IN TRACK SECTOR 15,
538,9094,2023-05-28T14:21:23+00:00,59,Flag,CLEAR,Sector,CLEAR IN TRACK SECTOR 8,
539,9094,2023-05-28T14:21:35+00:00,59,Other,,, INCIDENT INVOLVING CAR 2 (SAR) NOTED - SPEEDING IN THE PIT LANE,
540,9094,2023-05-28T14:21:42+00:00,59,Other,,,FIA STEWARDS: INCIDENT INVOLVING CAR 2 (SAR) UNDER INVESTIGATION - SPEEDING IN THE PIT LANE,
541,9094,2023-05-28T14:21:54+00:00,59,Other,,,FIA STEWARDS: TURN 5 INCIDENT INVOLVING CARS 63 (RUS) AND 11 (PER) UNDER INVESTIGATION - UNSAFE REJOIN,
542,9094,2023-05-28T14:22:08+00:00,59,Flag,BLUE,Driver,WAVED BLUE FLAG FOR CAR 20 (MAG) TIMED AT 16:22:07,20
543,9094,2023-05-28T14:22:08+00:00,59,Other,,,FIA STEWARDS: 5 SECOND TIME PENALTY FOR CAR 2 (SAR) - SPEEDING IN THE PIT LANE,
544,9094,2023-05-28T14:22:20+00:00,59,Other,,,FIA STEWARDS: 5 SECOND TIME PENALTY FOR CAR 63 (RUS) - UNSAFE REJOIN,
545,9094,2023-05-28T14:23:06+00:00,60,Other,,,CAR 21 (DEV) TIME 1:43.778 DELETED - TRACK LIMITS AT TURN 10 LAP 58 16:22:23,
546,9094,2023-05-28T14:23:12+00:00,60,Flag,DOUBLE YELLOW,Sector,DOUBLE YELLOW IN TRACK SECTOR 2,
547,9094,2023-05-28T14:23:12+00:00,60,Flag,YELLOW,Sector,YELLOW IN TRACK SECTOR 2,
548,9094,2023-05-28T14:23:13+00:00,60,Other,,,DRS DISABLED IN ZONE 1,
549,9094,2023-05-28T14:23:50+00:00,60,Other,,,DRS ENABLED IN ZONE 1,
550,9094,2023-05-28T14:23:50+00:00,60,Flag,CLEAR,Sector,CLEAR IN TRACK SECTOR 2,
551,9094,2023-05-28T14:24:06+00:00,60,Other,,,TRACK SURFACE SLIPPERY IN TRACK SECTOR 2,
552,9094,2023-05-28T14:24:17+00:00,60,Other,,,INCIDENT INVOLVING CAR 27 (HUL) NOTED - SERVING PENALTY INCORRECTLY ,
553,9094,2023-05-28T14:24:21+00:00,61,Other,,,CAR 23 (ALB) TIME 1:46.101 DELETED - TRACK LIMITS AT TURN 11 LAP 58 16:22:39,
554,9094,2023-05-28T14:25:32+00:00,61,Flag,YELLOW,Sector,YELLOW IN TRACK SECTOR 7,
555,9094,2023-05-28T14:25:42+00:00,61,Flag,DOUBLE YELLOW,Sector,DOUBLE YELLOW IN TRACK SECTOR 7,
556,9094,2023-05-28T14:25:45+00:00,61,Flag,CLEAR,Sector,CLEAR IN TRACK SECTOR 7,
557,9094,2023-05-28T14:25:49+00:00,61,Other,,,CAR 11 (PER) TIME 1:40.595 DELETED - TRACK LIMITS AT TURN 10 LAP 59 16:24:45,
558,9094,2023-05-28T14:26:12+00:00,62,Other,,,CAR 4 (NOR) TIME 1:41.789 DELETED - TRACK LIMITS AT TURN 11 LAP 60 16:25:25,
559,9094,2023-05-28T14:28:06+00:00,63,Other,,,CAR 81 (PIA) TIME 1:41.089 DELETED - TRACK LIMITS AT TURN 10 LAP 61 16:27:07,
560,9094,2023-05-28T14:28:59+00:00,63,Other,,,FIA STEWARDS: INCIDENT INVOLVING CAR 27 (HUL) UNDER INVESTIGATION - SERVING PENALTY INCORRECTLY ,
561,9094,2023-05-28T14:29:26+00:00,64,Other,,,FIA STEWARDS: 10 SECOND TIME PENALTY FOR CAR 27 (HUL) - SERVING PENALTY INCORRECTLY ,
562,9094,2023-05-28T14:30:58+00:00,64,Flag,BLUE,Driver,WAVED BLUE FLAG FOR CAR 2 (SAR) TIMED AT 16:30:57,2
563,9094,2023-05-28T14:31:13+00:00,65,Flag,BLUE,Driver,WAVED BLUE FLAG FOR CAR 2 (SAR) TIMED AT 16:31:13,2
564,9094,2023-05-28T14:31:58+00:00,65,Flag,BLUE,Driver,WAVED BLUE FLAG FOR CAR 22 (TSU) TIMED AT 16:31:57,22
565,9094,2023-05-28T14:32:10+00:00,65,Flag,CLEAR,Sector,CLEAR IN TRACK SECTOR 1,
566,9094,2023-05-28T14:32:13+00:00,65,Flag,CLEAR,Sector,CLEAR IN TRACK SECTOR 2,
567,9094,2023-05-28T14:32:20+00:00,65,Flag,BLUE,Driver,WAVED BLUE FLAG FOR CAR 24 (ZHO) TIMED AT 16:32:19,24
568,9094,2023-05-28T14:32:41+00:00,66,Other,,,TRACK SURFACE SLIPPERY IN TRACK SECTOR 6,
569,9094,2023-05-28T14:32:43+00:00,66,Flag,CLEAR,Sector,CLEAR IN TRACK SECTOR 6,
570,9094,2023-05-28T14:32:55+00:00,66,Flag,BLUE,Driver,WAVED BLUE FLAG FOR CAR 24 (ZHO) TIMED AT 16:32:54,24
571,9094,2023-05-28T14:33:05+00:00,66,Other,,,CAR 11 (PER) TRACK LIMITS TURN 10 LAP 53,
572,9094,2023-05-28T14:33:10+00:00,66,Flag,BLUE,Driver,WAVED BLUE FLAG FOR CAR 24 (ZHO) TIMED AT 16:33:10,24
573,9094,2023-05-28T14:33:33+00:00,66,Flag,BLACK AND WHITE,Driver,BLACK AND WHITE FLAG FOR CAR 11 (PER) - TRACK LIMITS,11
574,9094,2023-05-28T14:34:22+00:00,67,Other,,,TRACK SURFACE SLIPPERY IN TRACK SECTOR 7,
575,9094,2023-05-28T14:34:52+00:00,67,Flag,BLUE,Driver,WAVED BLUE FLAG FOR CAR 2 (SAR) TIMED AT 16:34:52,2
576,9094,2023-05-28T14:34:58+00:00,67,Other,,,CAR 21 (DEV) TIME 1:36.475 DELETED - TRACK LIMITS AT TURN 10 LAP 65 16:34:10,
577,9094,2023-05-28T14:35:09+00:00,67,Flag,CLEAR,Sector,CLEAR IN TRACK SECTOR 7,
578,9094,2023-05-28T14:35:19+00:00,67,Other,,,CAR 10 (GAS) TIME 1:36.252 DELETED - TRACK LIMITS AT TURN 10 LAP 66 16:34:26,
579,9094,2023-05-28T14:35:44+00:00,68,Flag,BLACK AND WHITE,Driver,BLACK AND WHITE FLAG FOR CAR 10 (GAS) - TRACK LIMITS,10
580,9094,2023-05-28T14:36:14+00:00,68,Flag,BLUE,Driver,WAVED BLUE FLAG FOR CAR 21 (DEV) TIMED AT 16:36:13,21
581,9094,2023-05-28T14:36:47+00:00,68,Flag,BLUE,Driver,WAVED BLUE FLAG FOR CAR 20 (MAG) TIMED AT 16:36:47,20
582,9094,2023-05-28T14:37:41+00:00,69,Flag,BLUE,Driver,WAVED BLUE FLAG FOR CAR 2 (SAR) TIMED AT 16:37:41,2
583,9094,2023-05-28T14:37:41+00:00,69,Flag,BLUE,Driver,WAVED BLUE FLAG FOR CAR 21 (DEV) TIMED AT 16:37:41,21
584,9094,2023-05-28T14:38:02+00:00,69,Flag,YELLOW,Sector,YELLOW IN TRACK SECTOR 7,
585,9094,2023-05-28T14:38:07+00:00,69,Flag,BLUE,Driver,WAVED BLUE FLAG FOR CAR 21 (DEV) TIMED AT 16:38:07,21
586,9094,2023-05-28T14:38:13+00:00,69,Flag,DOUBLE YELLOW,Sector,DOUBLE YELLOW IN TRACK SECTOR 7,
587,9094,2023-05-28T14:38:16+00:00,69,Flag,BLUE,Driver,WAVED BLUE FLAG FOR CAR 2 (SAR) TIMED AT 16:38:15,2
588,9094,2023-05-28T14:38:16+00:00,69,Flag,YELLOW,Sector,YELLOW IN TRACK SECTOR 6,
589,9094,2023-05-28T14:38:30+00:00,69,Flag,CLEAR,Sector,CLEAR IN TRACK SECTOR 7,
590,9094,2023-05-28T14:38:33+00:00,69,Flag,CLEAR,Sector,CLEAR IN TRACK SECTOR 6,
591,9094,2023-05-28T14:39:08+00:00,70,Flag,BLUE,Driver,WAVED BLUE FLAG FOR CAR 22 (TSU) TIMED AT 16:39:07,22
592,9094,2023-05-28T14:39:19+00:00,70,Flag,BLUE,Driver,WAVED BLUE FLAG FOR CAR 22 (TSU) TIMED AT 16:39:19,22
593,9094,2023-05-28T14:39:19+00:00,70,Flag,BLUE,Driver,WAVED BLUE FLAG FOR CAR 20 (MAG) TIMED AT 16:39:19,20
594,9094,2023-05-28T14:39:25+00:00,70,Flag,BLUE,Driver,WAVED BLUE FLAG FOR CAR 22 (TSU) TIMED AT 16:39:25,22
595,9094,2023-05-28T14:40:26+00:00,71,Flag,BLUE,Driver,WAVED BLUE FLAG FOR CAR 20 (MAG) TIMED AT 16:40:26,20
596,9094,2023-05-28T14:41:11+00:00,71,Flag,BLUE,Driver,WAVED BLUE FLAG FOR CAR 20 (MAG) TIMED AT 16:41:10,20
597,9094,2023-05-28T14:41:35+00:00,71,Flag,BLUE,Driver,WAVED BLUE FLAG FOR CAR 20 (MAG) TIMED AT 16:41:34,20
598,9094,2023-05-28T14:41:53+00:00,72,Flag,BLUE,Driver,WAVED BLUE FLAG FOR CAR 20 (MAG) TIMED AT 16:41:52,20
599,9094,2023-05-28T14:42:22+00:00,72,Other,,,CAR 2 (SAR) TIME 1:33.193 DELETED - TRACK LIMITS AT TURN 10 LAP 69 16:41:42,
600,9094,2023-05-28T14:42:25+00:00,72,Flag,BLUE,Driver,WAVED BLUE FLAG FOR CAR 27 (HUL) TIMED AT 16:42:24,27
601,9094,2023-05-28T14:43:11+00:00,72,Flag,BLUE,Driver,WAVED BLUE FLAG FOR CAR 27 (HUL) TIMED AT 16:43:10,27
602,9094,2023-05-28T14:43:16+00:00,72,Flag,BLUE,Driver,WAVED BLUE FLAG FOR CAR 2 (SAR) TIMED AT 16:43:16,2
603,9094,2023-05-28T14:43:35+00:00,73,Flag,BLUE,Driver,WAVED BLUE FLAG FOR CAR 77 (BOT) TIMED AT 16:43:34,77
604,9094,2023-05-28T14:43:50+00:00,73,Flag,BLUE,Driver,WAVED BLUE FLAG FOR CAR 20 (MAG) TIMED AT 16:43:49,20
605,9094,2023-05-28T14:43:51+00:00,73,Flag,BLUE,Driver,WAVED BLUE FLAG FOR CAR 11 (PER) TIMED AT 16:43:50,11
606,9094,2023-05-28T14:44:00+00:00,73,Flag,BLUE,Driver,WAVED BLUE FLAG FOR CAR 20 (MAG) TIMED AT 16:43:59,20
607,9094,2023-05-28T14:44:35+00:00,73,Flag,BLUE,Driver,WAVED BLUE FLAG FOR CAR 20 (MAG) TIMED AT 16:44:34,20
608,9094,2023-05-28T14:44:51+00:00,74,Flag,BLUE,Driver,WAVED BLUE FLAG FOR CAR 27 (HUL) TIMED AT 16:44:51,27
609,9094,2023-05-28T14:45:11+00:00,74,Flag,BLUE,Driver,WAVED BLUE FLAG FOR CAR 20 (MAG) TIMED AT 16:45:11,20
610,9094,2023-05-28T14:45:13+00:00,74,Flag,BLUE,Driver,WAVED BLUE FLAG FOR CAR 2 (SAR) TIMED AT 16:45:12,2
611,9094,2023-05-28T14:45:52+00:00,74,Flag,BLUE,Driver,WAVED BLUE FLAG FOR CAR 2 (SAR) TIMED AT 16:45:51,2
612,9094,2023-05-28T14:46:00+00:00,74,Flag,BLUE,Driver,WAVED BLUE FLAG FOR CAR 2 (SAR) TIMED AT 16:45:59,2
613,9094,2023-05-28T14:46:14+00:00,74,Flag,BLUE,Driver,WAVED BLUE FLAG FOR CAR 20 (MAG) TIMED AT 16:46:14,20
614,9094,2023-05-28T14:46:25+00:00,75,Flag,BLUE,Driver,WAVED BLUE FLAG FOR CAR 20 (MAG) TIMED AT 16:46:24,20
615,9094,2023-05-28T14:46:37+00:00,75,Flag,BLUE,Driver,WAVED BLUE FLAG FOR CAR 20 (MAG) TIMED AT 16:46:37,20
616,9094,2023-05-28T14:46:41+00:00,75,Flag,BLUE,Driver,WAVED BLUE FLAG FOR CAR 20 (MAG) TIMED AT 16:46:41,20
617,9094,2023-05-28T14:47:11+00:00,75,Flag,BLUE,Driver,WAVED BLUE FLAG FOR CAR 20 (MAG) TIMED AT 16:47:10,20
618,9094,2023-05-28T14:47:33+00:00,75,Other,,,CAR 23 (ALB) TIME 1:32.141 DELETED - TRACK LIMITS AT TURN 10 LAP 73 16:46:49,
619,9094,2023-05-28T14:48:13+00:00,76,Flag,BLUE,Driver,WAVED BLUE FLAG FOR CAR 27 (HUL) TIMED AT 16:48:12,27
620,9094,2023-05-28T14:48:38+00:00,76,Flag,BLUE,Driver,WAVED BLUE FLAG FOR CAR 27 (HUL) TIMED AT 16:48:38,27
621,9094,2023-05-28T14:49:33+00:00,77,Other,,,INCIDENT INVOLVING CAR 23 (ALB) NOTED - MULTIPLE TRACK LIMIT INFRINGEMENTS,
622,9094,2023-05-28T14:50:03+00:00,77,Flag,BLUE,Driver,WAVED BLUE FLAG FOR CAR 11 (PER) TIMED AT 16:50:02,11
623,9094,2023-05-28T14:50:12+00:00,77,Flag,BLUE,Driver,WAVED BLUE FLAG FOR CAR 27 (HUL) TIMED AT 16:50:12,27
624,9094,2023-05-28T14:50:18+00:00,77,Flag,BLUE,Driver,WAVED BLUE FLAG FOR CAR 11 (PER) TIMED AT 16:50:17,11
625,9094,2023-05-28T14:50:21+00:00,77,Flag,BLUE,Driver,WAVED BLUE FLAG FOR CAR 27 (HUL) TIMED AT 16:50:21,27
626,9094,2023-05-28T14:50:37+00:00,78,Flag,BLUE,Driver,WAVED BLUE FLAG FOR CAR 22 (TSU) TIMED AT 16:50:36,22
627,9094,2023-05-28T14:51:07+00:00,78,Flag,BLUE,Driver,WAVED BLUE FLAG FOR CAR 22 (TSU) TIMED AT 16:51:07,22
628,9094,2023-05-28T14:51:53+00:00,78,Flag,BLUE,Driver,WAVED BLUE FLAG FOR CAR 2 (SAR) TIMED AT 16:51:53,2
629,9094,2023-05-28T14:51:56.106000+00:00,78,SessionStatus,,,SESSION FINISHED,
630,9094,2023-05-28T14:51:58+00:00,78,Flag,CHEQUERED,Track,CHEQUERED FLAG,
631,9094,2023-05-28T14:52:01+00:00,78,Flag,BLUE,Driver,WAVED BLUE FLAG FOR CAR 2 (SAR) TIMED AT 16:52:01,2
632,9094,2023-05-28T14:52:38+00:00,78,Other,,,FIA STEWARDS: INCIDENT INVOLVING CAR 23 (ALB) REVIEWED NO FURTHER INVESTIGATION - MULTIPLE TRACK LIMIT INFRINGEMENTS,
633,9102,2023-06-04T12:09:44+00:00,1,Other,,,PINK HEAD PADDING MATERIAL MUST BE USED,
634,9102,2023-06-04T12:10:00+00:00,1,Flag,GREEN,Track,GREEN LIGHT - PIT EXIT OPEN,
635,9102,2023-06-04T12:20:00+00:00,1,Other,,,PIT EXIT CLOSED,
636,9102,2023-06-04T12:45:14+00:00,1,Other,,,RISK OF RAIN FOR F1 RACE IS 40%,
637,9102,2023-06-04T12:57:07+00:00,1,Drs,,,DRS DISABLED,
638,9102,2023-06-04T13:03:15.969000+00:00,1,SessionStatus,,,SESSION STARTED,
639,9102,2023-06-04T13:03:16+00:00,1,Flag,GREEN,Track,GREEN LIGHT - PIT EXIT OPEN,
640,9102,2023-06-04T13:06:10+00:00,3,Drs,,,DRS ENABLED,
641,9102,2023-06-04T13:08:48+00:00,5,Other,,,TURN 1 INCIDENT INVOLVING CAR 63 (RUS) NOTED - LEAVING THE TRACK AND GAINING AN ADVANTAGE,
642,9102,2023-06-04T13:13:34+00:00,8,Other,,,CAR 20 (MAG) TIME 1:22.097 DELETED - TRACK LIMITS AT TURN 2 LAP 4 15:07:44,
643,9102,2023-06-04T13:14:29+00:00,9,Other,,,FIA STEWARDS: TURN 1 INCIDENT INVOLVING CAR 63 (RUS) REVIEWED NO FURTHER INVESTIGATION - LEAVING THE TRACK AND GAINING AN ADVANTAGE,
644,9102,2023-06-04T13:34:28+00:00,24,Other,,,CAR 27 (HUL) TIME 1:20.991 DELETED - TRACK LIMITS AT TURN 9 LAP 22 15:33:09,
645,9102,2023-06-04T13:50:19+00:00,36,Other,,,CAR 14 (ALO) TIME 1:20.634 DELETED - TRACK LIMITS AT TURN 13 LAP 34 15:49:32,
646,9102,2023-06-04T13:54:05+00:00,38,Flag,BLUE,Driver,WAVED BLUE FLAG FOR CAR 4 (NOR) TIMED AT 15:54:04,4
647,9102,2023-06-04T13:54:48+00:00,39,Other,,,CAR 20 (MAG) TIME 1:21.792 DELETED - TRACK LIMITS AT TURN 9 LAP 37 15:53:42,
648,9102,2023-06-04T13:55:39+00:00,40,Other,,,CAR 1 (VER) TIME 1:19.322 DELETED - TRACK LIMITS AT TURN 5 LAP 39 15:54:53,
649,9102,2023-06-04T13:55:56+00:00,40,Flag,BLUE,Driver,WAVED BLUE FLAG FOR CAR 77 (BOT) TIMED AT 15:55:55,77
650,9102,2023-06-04T13:57:09+00:00,41,Flag,BLUE,Driver,WAVED BLUE FLAG FOR CAR 20 (MAG) TIMED AT 15:57:08,20
651,9102,2023-06-04T13:57:48+00:00,41,Flag,BLUE,Driver,WAVED BLUE FLAG FOR CAR 10 (GAS) TIMED AT 15:57:48,10
652,9102,2023-06-04T14:00:16+00:00,43,Other,,,CAR 4 (NOR) TIME 1:20.992 DELETED - TRACK LIMITS AT TURN 9 LAP 41 15:59:09,
653,9102,2023-06-04T14:02:49+00:00,45,Flag,BLUE,Driver,WAVED BLUE FLAG FOR CAR 77 (BOT) TIMED AT 16:02:49,77
654,9102,2023-06-04T14:03:40+00:00,46,Other,,,CAR 1 (VER) TIME 1:19.104 DELETED - TRACK LIMITS AT TURN 5 LAP 45 16:02:48,
655,9102,2023-06-04T14:08:30+00:00,49,Flag,BLUE,Driver,WAVED BLUE FLAG FOR CAR 81 (PIA) TIMED AT 16:08:29,81
656,9102,2023-06-04T14:15:13+00:00,54,Flag,BLUE,Driver,WAVED BLUE FLAG FOR CAR 77 (BOT) TIMED AT 16:15:13,77
657,9102,2023-06-04T14:17:08+00:00,56,Flag,BLUE,Driver,WAVED BLUE FLAG FOR CAR 4 (NOR) TIMED AT 16:17:08,4
658,9102,2023-06-04T14:17:30+00:00,56,Flag,BLUE,Driver,WAVED BLUE FLAG FOR CAR 2 (SAR) TIMED AT 16:17:30,2
659,9102,2023-06-04T14:17:32+00:00,56,Flag,BLUE,Driver,WAVED BLUE FLAG FOR CAR 27 (HUL) TIMED AT 16:17:31,27
660,9102,2023-06-04T14:18:38+00:00,57,Flag,BLUE,Driver,WAVED BLUE FLAG FOR CAR 77 (BOT) TIMED AT 16:18:38,77
661,9102,2023-06-04T14:20:50+00:00,58,Other,,,CAR 1 (VER) TIME 1:17.183 DELETED - TRACK LIMITS AT TURN 10 LAP 56 16:17:58,
662,9102,2023-06-04T14:21:01+00:00,59,Flag,BLACK AND WHITE,Driver,BLACK AND WHITE FLAG FOR CAR 1 (VER) - TRACK LIMITS,1
663,9102,2023-06-04T14:21:15+00:00,59,Flag,BLUE,Driver,WAVED BLUE FLAG FOR CAR 2 (SAR) TIMED AT 16:21:15,2
664,9102,2023-06-04T14:21:27+00:00,59,Flag,BLUE,Driver,WAVED BLUE FLAG FOR CAR 77 (BOT) TIMED AT 16:21:26,77
665,9102,2023-06-04T14:21:47+00:00,59,Flag,BLUE,Driver,WAVED BLUE FLAG FOR CAR 4 (NOR) TIMED AT 16:21:47,4
666,9102,2023-06-04T14:21:50+00:00,59,Other,,,TURN 1 INCIDENT INVOLVING CARS 22 (TSU) AND 24 (ZHO) NOTED - FORCING ANOTHER DRIVER OFF THE TRACK,
667,9102,2023-06-04T14:22:27+00:00,60,Other,,,FIA STEWARDS: TURN 1 INCIDENT INVOLVING CARS 22 (TSU) AND 24 (ZHO) UNDER INVESTIGATION - FORCING ANOTHER DRIVER OFF THE TRACK,
668,9102,2023-06-04T14:22:49+00:00,60,Flag,BLUE,Driver,WAVED BLUE FLAG FOR CAR 4 (NOR) TIMED AT 16:22:48,4
669,9102,2023-06-04T14:23:23+00:00,60,Flag,BLUE,Driver,WAVED BLUE FLAG FOR CAR 20 (MAG) TIMED AT 16:23:22,20
670,9102,2023-06-04T14:23:23+00:00,60,Flag,BLUE,Driver,WAVED BLUE FLAG FOR CAR 2 (SAR) TIMED AT 16:23:23,2
671,9102,2023-06-04T14:24:48+00:00,62,Flag,BLUE,Driver,WAVED BLUE FLAG FOR CAR 23 (ALB) TIMED AT 16:24:48,23
672,9102,2023-06-04T14:24:57+00:00,62,Other,,,FIA STEWARDS: 5 SECOND TIME PENALTY FOR CAR 22 (TSU) - FORCING ANOTHER DRIVER OFF THE TRACK,
673,9102,2023-06-04T14:25:20+00:00,62,Other,,,CAR 24 (ZHO) TIME 1:20.335 DELETED - TRACK LIMITS AT TURN 2 LAP 56 16:18:06,
674,9102,2023-06-04T14:25:54+00:00,62,Flag,BLUE,Driver,WAVED BLUE FLAG FOR CAR 21 (DEV) TIMED AT 16:25:54,21
675,9102,2023-06-04T14:27:27+00:00,64,Flag,BLUE,Driver,WAVED BLUE FLAG FOR CAR 2 (SAR) TIMED AT 16:27:26,2
676,9102,2023-06-04T14:27:27+00:00,64,Flag,BLUE,Driver,WAVED BLUE FLAG FOR CAR 81 (PIA) TIMED AT 16:27:26,81
677,9102,2023-06-04T14:29:25+00:00,65,Flag,BLUE,Driver,WAVED BLUE FLAG FOR CAR 20 (MAG) TIMED AT 16:29:24,20
678,9102,2023-06-04T14:29:42+00:00,65,Flag,BLUE,Driver,WAVED BLUE FLAG FOR CAR 77 (BOT) TIMED AT 16:29:42,77
679,9102,2023-06-04T14:30:21+00:00,66,Flag,BLUE,Driver,WAVED BLUE FLAG FOR CAR 20 (MAG) TIMED AT 16:30:21,20
680,9102,2023-06-04T14:31:14+00:00,66,Flag,CHEQUERED,Track,CHEQUERED FLAG,
681,9102,2023-06-04T14:31:14.155000+00:00,66,SessionStatus,,,SESSION FINISHED,
682,9110,2023-06-18T17:10:00+00:00,1,Flag,GREEN,Track,GREEN LIGHT - PIT EXIT OPEN,
683,9110,2023-06-18T17:20:00+00:00,1,Other,,,PIT EXIT CLOSED,
684,9110,2023-06-18T17:21:20+00:00,1,Flag,YELLOW,Sector,YELLOW IN TRACK SECTOR 5,
685,9110,2023-06-18T17:22:55+00:00,1,Flag,CLEAR,Sector,CLEAR IN TRACK SECTOR 5,
686,9110,2023-06-18T17:25:40+00:00,1,Flag,YELLOW,Sector,YELLOW IN TRACK SECTOR 4,
687,9110,2023-06-18T17:25:49+00:00,1,Flag,CLEAR,Sector,CLEAR IN TRACK SECTOR 4,
688,9110,2023-06-18T17:45:14+00:00,1,Other,,,RISK OF RAIN FOR F1 RACE IS 10 %,
689,9110,2023-06-18T17:57:03+00:00,1,Drs,,,DRS DISABLED,
690,9110,2023-06-18T18:03:05+00:00,1,Flag,GREEN,Track,GREEN LIGHT - PIT EXIT OPEN,
691,9110,2023-06-18T18:03:05.483000+00:00,1,SessionStatus,,,SESSION STARTED,
692,9110,2023-06-18T18:05:47+00:00,3,Drs,,,DRS ENABLED,
693,9110,2023-06-18T18:06:03+00:00,3,Other,,,CAR 20 (MAG) LAP DELETED - TRACK LIMITS AT TURN 13 LAP 1 14:04:30,
694,9110,2023-06-18T18:10:20+00:00,6,Other,,,CAR 21 (DEV) TIME 1:19.152 DELETED - TRACK LIMITS AT TURN 13 LAP 4 14:08:31,
695,9110,2023-06-18T18:11:47+00:00,7,Flag,YELLOW,Sector,YELLOW IN TRACK SECTOR 6,
696,9110,2023-06-18T18:12:28+00:00,8,SafetyCar,,,VIRTUAL SAFETY CAR DEPLOYED,
697,9110,2023-06-18T18:13:02+00:00,8,SafetyCar,,,VIRTUAL SAFETY CAR ENDING,
698,9110,2023-06-18T18:13:14+00:00,8,Flag,CLEAR,Track,TRACK CLEAR,
699,9110,2023-06-18T18:13:14+00:00,8,Flag,CLEAR,Sector,CLEAR IN TRACK SECTOR 6,
700,9110,2023-06-18T18:13:18+00:00,8,Drs,,,DRS ENABLED,
701,9110,2023-06-18T18:18:38+00:00,12,Flag,YELLOW,Sector,YELLOW IN TRACK SECTOR 9,
702,9110,2023-06-18T18:18:39+00:00,12,Other,,,DRS DISABLED IN ZONE 1,
703,9110,2023-06-18T18:18:43+00:00,12,Other,,,DRS ENABLED IN ZONE 1,
704,9110,2023-06-18T18:18:43+00:00,12,Flag,CLEAR,Sector,CLEAR IN TRACK SECTOR 9,
705,9110,2023-06-18T18:18:44+00:00,12,SafetyCar,,,SAFETY CAR DEPLOYED,
706,9110,2023-06-18T18:21:14+00:00,13,Other,,,PIT LANE INCIDENT INVOLVING CARS 44 (HAM) AND 14 (ALO) NOTED - UNSAFE RELEASE,
707,9110,2023-06-18T18:22:21+00:00,14,Flag,DOUBLE YELLOW,Sector,DOUBLE YELLOW IN TRACK SECTOR 9,
708,9110,2023-06-18T18:25:48+00:00,16,Other,,,"PIT EXIT INCIDENT INVOLVING CARS 31 (OCO), 77 (BOT) AND 20 (MAG) NOTED - OVERTAKING UNDER SAFETY CAR",
709,9110,2023-06-18T18:26:11+00:00,16,SafetyCar,,,SAFETY CAR IN THIS LAP,
710,9110,2023-06-18T18:26:21+00:00,16,Flag,CLEAR,Sector,CLEAR IN TRACK SECTOR 9,
711,9110,2023-06-18T18:27:16+00:00,16,Flag,CLEAR,Track,TRACK CLEAR,
712,9110,2023-06-18T18:28:56+00:00,17,Other,,,PIT LANE INCIDENT INVOLVING CAR 4 (NOR) NOTED - UNSAFE RELEASE,
713,9110,2023-06-18T18:29:08+00:00,17,Other,,,FIA STEWARDS: PIT LANE INCIDENT INVOLVING CARS 44 (HAM) AND 14 (ALO) UNDER INVESTIGATION - UNSAFE RELEASE,
714,9110,2023-06-18T18:29:25+00:00,18,Other,,,FIA STEWARDS: PIT LANE INCIDENT INVOLVING CAR 4 (NOR) UNDER INVESTIGATION - UNSAFE RELEASE,
715,9110,2023-06-18T18:30:32+00:00,19,Drs,,,DRS ENABLED,
716,9110,2023-06-18T18:32:32+00:00,20,Other,,,CAR 81 (PIA) TIME 1:18.501 DELETED - TRACK LIMITS AT TURN 13 LAP 19 14:31:54,
717,9110,2023-06-18T18:33:55+00:00,21,Other,,,"FIA STEWARDS: PIT EXIT INCIDENT INVOLVING CARS 31 (OCO), 77 (BOT) AND 20 (MAG) REVIEWED NO FURTHER INVESTIGATION - POSITIONS GIVEN BACK ",
718,9110,2023-06-18T18:36:58+00:00,24,Other,,,FIA STEWARDS: PIT LANE INCIDENT INVOLVING CARS 44 (HAM) AND 14 (ALO) NO FURTHER ACTION - UNSAFE RELEASE,
719,9110,2023-06-18T18:37:03+00:00,24,Other,,,FIA STEWARDS: PIT LANE INCIDENT INVOLVING CAR 4 (NOR) NO FURTHER ACTION - UNSAFE RELEASE,
720,9110,2023-06-18T18:37:31+00:00,24,Other,,,CAR 23 (ALB) TIME 1:18.868 DELETED - TRACK LIMITS AT TURN 13 LAP 22 14:35:49,
721,9110,2023-06-18T18:38:26+00:00,25,Other,,,TURN 10 INCIDENT INVOLVING CAR 4 (NOR) NOTED - DRIVING UNNECESSARILY SLOWLY,
722,9110,2023-06-18T18:43:39+00:00,29,Flag,YELLOW,Sector,YELLOW IN TRACK SECTOR 5,
723,9110,2023-06-18T18:43:43+00:00,29,Flag,CLEAR,Sector,CLEAR IN TRACK SECTOR 5,
724,9110,2023-06-18T18:49:15+00:00,33,Other,,,FIA STEWARDS: TURN 10 INCIDENT INVOLVING CAR 4 (NOR) UNDER INVESTIGATION - DRIVING UNNECESSARILY SLOWLY,
725,9110,2023-06-18T18:51:56+00:00,35,Flag,YELLOW,Sector,YELLOW IN TRACK SECTOR 3,
726,9110,2023-06-18T18:52:17+00:00,36,Flag,YELLOW,Sector,YELLOW IN TRACK SECTOR 2,
727,9110,2023-06-18T18:52:31+00:00,36,Flag,DOUBLE YELLOW,Sector,DOUBLE YELLOW IN TRACK SECTOR 3,
728,9110,2023-06-18T18:52:50+00:00,36,Flag,CLEAR,Sector,CLEAR IN TRACK SECTOR 3,
729,9110,2023-06-18T18:52:55+00:00,36,Flag,CLEAR,Sector,CLEAR IN TRACK SECTOR 2,
730,9110,2023-06-18T18:52:57+00:00,36,Flag,BLUE,Driver,WAVED BLUE FLAG FOR CAR 20 (MAG) TIMED AT 14:52:57,20
731,9110,2023-06-18T18:53:50+00:00,37,Other,,,TURN 2 INCIDENT INVOLVING CARS 21 (DEV) AND 20 (MAG) NOTED - CAUSING A COLLISION,
732,9110,2023-06-18T18:55:18+00:00,38,Other,,,FIA STEWARDS: 5 SECOND TIME PENALTY FOR CAR 4 (NOR) - UNSPORTSMANLIKE BEHAVIOUR ,
733,9110,2023-06-18T18:58:04+00:00,40,Flag,BLUE,Driver,WAVED BLUE FLAG FOR CAR 20 (MAG) TIMED AT 14:58:04,20
734,9110,2023-06-18T18:58:28+00:00,40,Other,,,FIA STEWARDS: TURN 2 INCIDENT INVOLVING CARS 21 (DEV) AND 20 (MAG) UNDER INVESTIGATION - CAUSING A COLLISION,
735,9110,2023-06-18T19:00:10+00:00,42,Other,,,FIA STEWARDS: TURN 2 INCIDENT INVOLVING CARS 21 (DEV) AND 20 (MAG) NO FURTHER ACTION - CAUSING A COLLISION,
736,9110,2023-06-18T19:00:40+00:00,42,Flag,BLUE,Driver,WAVED BLUE FLAG FOR CAR 20 (MAG) TIMED AT 15:00:39,20
737,9110,2023-06-18T19:01:07+00:00,42,Flag,BLUE,Driver,WAVED BLUE FLAG FOR CAR 21 (DEV) TIMED AT 15:01:07,21
738,9110,2023-06-18T19:01:38+00:00,43,Flag,BLUE,Driver,WAVED BLUE FLAG FOR CAR 21 (DEV) TIMED AT 15:01:37,21
739,9110,2023-06-18T19:03:04+00:00,44,Other,,,CAR 24 (ZHO) TIME 1:19.675 DELETED - TRACK LIMITS AT TURN 13 LAP 42 15:02:17,
740,9110,2023-06-18T19:03:18+00:00,44,Flag,BLUE,Driver,WAVED BLUE FLAG FOR CAR 20 (MAG) TIMED AT 15:03:17,20
741,9110,2023-06-18T19:03:53+00:00,44,Flag,BLUE,Driver,WAVED BLUE FLAG FOR CAR 21 (DEV) TIMED AT 15:03:52,21
742,9110,2023-06-18T19:09:14+00:00,49,Other,,,CAR 14 (ALO) TIME 1:17.367 DELETED - TRACK LIMITS AT TURN 9 LAP 47 15:07:25,
743,9110,2023-06-18T19:17:52+00:00,55,Flag,BLUE,Driver,WAVED BLUE FLAG FOR CAR 20 (MAG) TIMED AT 15:17:51,20
744,9110,2023-06-18T19:19:45+00:00,57,Other,,,CAR 55 (SAI) TIME 1:16.357 DELETED - TRACK LIMITS AT TURN 9 LAP 56 15:19:00,
745,9110,2023-06-18T19:22:45+00:00,59,Flag,BLUE,Driver,WAVED BLUE FLAG FOR CAR 20 (MAG) TIMED AT 15:22:44,20
746,9110,2023-06-18T19:25:57+00:00,62,Flag,BLUE,Driver,WAVED BLUE FLAG FOR CAR 24 (ZHO) TIMED AT 15:25:57,24
747,9110,2023-06-18T19:26:50+00:00,62,Flag,BLUE,Driver,WAVED BLUE FLAG FOR CAR 27 (HUL) TIMED AT 15:26:50,27
748,9110,2023-06-18T19:31:30+00:00,66,Flag,BLUE,Driver,WAVED BLUE FLAG FOR CAR 24 (ZHO) TIMED AT 15:31:30,24
749,9110,2023-06-18T19:32:07+00:00,67,Flag,BLUE,Driver,WAVED BLUE FLAG FOR CAR 27 (HUL) TIMED AT 15:32:07,27
750,9110,2023-06-18T19:33:02+00:00,67,Flag,BLUE,Driver,WAVED BLUE FLAG FOR CAR 24 (ZHO) TIMED AT 15:33:02,24
751,9110,2023-06-18T19:33:23+00:00,68,Flag,BLUE,Driver,WAVED BLUE FLAG FOR CAR 24 (ZHO) TIMED AT 15:33:22,24
752,9110,2023-06-18T19:33:41+00:00,68,Flag,BLUE,Driver,WAVED BLUE FLAG FOR CAR 27 (HUL) TIMED AT 15:33:40,27
753,9110,2023-06-18T19:36:03+00:00,70,Other,,,INCIDENT INVOLVING CAR 31 (OCO) NOTED - LOOSE REAR WING ,
754,9110,2023-06-18T19:37:04+00:00,70,Flag,CHEQUERED,Track,CHEQUERED FLAG,
755,9110,2023-06-18T19:37:04.056000+00:00,70,SessionStatus,,,SESSION FINISHED,
756,9110,2023-06-18T19:39:20+00:00,70,Other,,,CAR 4 (NOR) TIME 1:19.040 DELETED - TRACK LIMITS AT TURN 13 LAP 70 15:38:02,
757,9110,2023-06-18T19:39:21+00:00,70,Other,,,CAR 81 (PIA) TIME 1:17.296 DELETED - TRACK LIMITS AT TURN 13 LAP 70 15:38:04,
758,9110,2023-06-18T19:40:10+00:00,70,Flag,BLACK AND WHITE,Driver,BLACK AND WHITE FLAG FOR CAR 81 (PIA) - FAILING TO FOLLOW RACE DIRECTORS INSTRUCTIONS – ESCAPE ROAD INSTRUCTIONS,81
759,9117,2023-07-01T14:00:01+00:00,1,Flag,GREEN,Track,GREEN LIGHT - PIT EXIT OPEN,
760,9117,2023-07-01T14:00:24+00:00,1,Other,,,AWNINGS MAY BE USED,
761,9117,2023-07-01T14:00:46+00:00,1,Other,,,PINK HEAD PADDING MATERIAL MUST BE USED,
762,9117,2023-07-01T14:05:01+00:00,1,Other,,,PIT EXIT CLOSED,
763,9117,2023-07-01T14:08:51+00:00,1,Other,,,TRACK SURFACE SLIPPERY IN TRACK SECTOR 5,
764,9117,2023-07-01T14:08:56+00:00,1,Flag,CLEAR,Sector,CLEAR IN TRACK SECTOR 5,
765,9117,2023-07-01T14:08:57+00:00,1,Other,,,TRACK SURFACE SLIPPERY IN TRACK SECTOR 5,
766,9117,2023-07-01T14:09:01+00:00,1,Flag,CLEAR,Sector,CLEAR IN TRACK SECTOR 5,
767,9117,2023-07-01T14:09:04+00:00,1,Other,,,TRACK SURFACE SLIPPERY IN TRACK SECTOR 5,
768,9117,2023-07-01T14:09:07+00:00,1,Flag,CLEAR,Sector,CLEAR IN TRACK SECTOR 5,
769,9117,2023-07-01T14:15:12+00:00,1,Other,,,RISK OF RAIN FOR F1 SPRINT IS 30%,
770,9117,2023-07-01T14:24:07+00:00,1,Other,,,LOW GRIP CONDITIONS,
771,9117,2023-07-01T14:27:04+00:00,1,Drs,,,DRS DISABLED,
772,9117,2023-07-01T14:27:42+00:00,1,Other,,,TRACK SURFACE SLIPPERY IN TRACK SECTOR 9,
773,9117,2023-07-01T14:27:47+00:00,1,Flag,CLEAR,Sector,CLEAR IN TRACK SECTOR 9,
774,9117,2023-07-01T14:28:02+00:00,1,Other,,,TRACK SURFACE SLIPPERY IN TRACK SECTOR 9,
775,9117,2023-07-01T14:28:09+00:00,1,Flag,CLEAR,Sector,CLEAR IN TRACK SECTOR 9,
776,9117,2023-07-01T14:33:02.901000+00:00,1,SessionStatus,,,SESSION STARTED,
777,9117,2023-07-01T14:33:03+00:00,1,Flag,GREEN,Track,GREEN LIGHT - PIT EXIT OPEN,
778,9117,2023-07-01T14:45:34+00:00,10,Other,,,TRACK SURFACE SLIPPERY IN TRACK SECTOR 2,
779,9117,2023-07-01T14:45:41+00:00,10,Flag,CLEAR,Sector,CLEAR IN TRACK SECTOR 2,
780,9117,2023-07-01T14:47:23+00:00,12,Other,,,TRACK SURFACE SLIPPERY IN TRACK SECTOR 9,
781,9117,2023-07-01T14:47:25+00:00,12,Flag,CLEAR,Sector,CLEAR IN TRACK SECTOR 9,
782,9117,2023-07-01T14:51:25+00:00,15,Other,,,CAR 44 (HAM) TIME 1:16.717 DELETED - TRACK LIMITS AT TURN 9 LAP 13 16:50:05,
783,9117,2023-07-01T14:53:16+00:00,16,Drs,,,DRS ENABLED,
784,9117,2023-07-01T14:53:25+00:00,16,Other,,,CAR 16 (LEC) TIME 1:16.930 DELETED - TRACK LIMITS AT TURN 10 LAP 15 16:52:41,
785,9117,2023-07-01T14:54:12+00:00,17,Other,,,CAR 16 (LEC) TIME 1:16.471 DELETED - TRACK LIMITS AT TURN 10 (NEXT LAP),
786,9117,2023-07-01T14:54:29+00:00,17,Other,,,CAR 4 (NOR) TIME 1:16.224 DELETED - TRACK LIMITS AT TURN 9 LAP 16 16:53:54,
787,9117,2023-07-01T14:54:43+00:00,17,Other,,,CAR 44 (HAM) TIME 1:16.088 DELETED - TRACK LIMITS AT TURN 9 LAP 16 16:53:55,
788,9117,2023-07-01T14:57:32+00:00,20,Other,,,CAR 55 (SAI) TIME 1:16.048 DELETED - TRACK LIMITS AT TURN 9 LAP 18 16:56:09,
789,9117,2023-07-01T14:57:33+00:00,20,Other,,,TRACK SURFACE SLIPPERY IN TRACK SECTOR 5,
790,9117,2023-07-01T14:57:35+00:00,20,Flag,CLEAR,Sector,CLEAR IN TRACK SECTOR 5,
791,9117,2023-07-01T14:57:36+00:00,20,Other,,,TRACK SURFACE SLIPPERY IN TRACK SECTOR 5,
792,9117,2023-07-01T14:57:41+00:00,20,Flag,CLEAR,Sector,CLEAR IN TRACK SECTOR 5,
793,9117,2023-07-01T14:57:47+00:00,20,Other,,,TRACK SURFACE SLIPPERY IN TRACK SECTOR 5,
794,9117,2023-07-01T14:57:52+00:00,20,Flag,CLEAR,Sector,CLEAR IN TRACK SECTOR 5,
795,9117,2023-07-01T14:58:24+00:00,20,Flag,BLUE,Driver,WAVED BLUE FLAG FOR CAR 22 (TSU) TIMED AT 16:58:23,22
796,9117,2023-07-01T14:59:52+00:00,22,Other,,,TURN 4 INCIDENT INVOLVING CARS 44 (HAM) AND 16 (LEC) NOTED - CAUSING A COLLISION,
797,9117,2023-07-01T15:00:12+00:00,22,Other,,,FIA STEWARDS: TURN 4 INCIDENT INVOLVING CARS 44 (HAM) AND 16 (LEC) REVIEWED NO FURTHER INVESTIGATION - CAUSING A COLLISION,
798,9117,2023-07-01T15:01:19+00:00,23,Flag,BLUE,Driver,WAVED BLUE FLAG FOR CAR 22 (TSU) TIMED AT 17:01:18,22
799,9117,2023-07-01T15:01:26+00:00,23,Flag,BLUE,Driver,WAVED BLUE FLAG FOR CAR 21 (DEV) TIMED AT 17:01:25,21
800,9117,2023-07-01T15:03:01+00:00,24,Flag,BLUE,Driver,WAVED BLUE FLAG FOR CAR 24 (ZHO) TIMED AT 17:03:00,24
801,9117,2023-07-01T15:03:29.850000+00:00,24,SessionStatus,,,SESSION FINISHED,
802,9117,2023-07-01T15:03:30+00:00,24,Flag,CHEQUERED,Track,CHEQUERED FLAG,
803,9117,2023-07-01T15:03:32+00:00,24,Other,,,CAR 10 (GAS) TIME 1:17.481 DELETED - TRACK LIMITS AT TURN 9 LAP 23 17:03:01,
804,9117,2023-07-01T15:04:26+00:00,24,Other,,,COVERS ON TIME 2 HOURS AFTER CHEQUERED FLAG = 19:03,
805,9118,2023-07-02T12:09:05+00:00,1,Other,,,PINK HEAD PADDING MATERIAL MUST BE USED,
806,9118,2023-07-02T12:10:01+00:00,1,Flag,GREEN,Track,GREEN LIGHT - PIT EXIT OPEN,
807,9118,2023-07-02T12:20:01+00:00,1,Other,,,PIT EXIT CLOSED,
808,9118,2023-07-02T12:45:21+00:00,1,Other,,,RISK OF RAIN FOR F1 RACE IS 30%,
809,9118,2023-07-02T12:57:42+00:00,1,Drs,,,DRS DISABLED,
810,9118,2023-07-02T13:02:48+00:00,1,Flag,GREEN,Track,GREEN LIGHT - PIT EXIT OPEN,
811,9118,2023-07-02T13:02:48.210000+00:00,1,SessionStatus,,,SESSION STARTED,
812,9118,2023-07-02T13:03:13+00:00,1,Flag,YELLOW,Sector,YELLOW IN TRACK SECTOR 2,
813,9118,2023-07-02T13:03:19+00:00,1,Flag,CLEAR,Sector,CLEAR IN TRACK SECTOR 2,
814,9118,2023-07-02T13:03:20+00:00,1,Other,,,TRACK SURFACE SLIPPERY IN TRACK SECTOR 2,
815,9118,2023-07-02T13:03:56+00:00,1,SafetyCar,,,SAFETY CAR DEPLOYED,
816,9118,2023-07-02T13:03:56+00:00,1,Flag,CLEAR,Sector,CLEAR IN TRACK SECTOR 2,
817,9118,2023-07-02T13:05:02+00:00,2,SafetyCar,,,SAFETY CAR THROUGH THE PIT LANE,
818,9118,2023-07-02T13:06:44+00:00,3,SafetyCar,,,SAFETY CAR IN THIS LAP,
819,9118,2023-07-02T13:07:46+00:00,3,Flag,CLEAR,Track,TRACK CLEAR,
820,9118,2023-07-02T13:08:25+00:00,4,Other,,,LAP 1 TURN 1 NOTED,
821,9118,2023-07-02T13:09:02+00:00,4,Other,,,FIA STEWARDS: LAP 1 TURN 1 REVIEWED NO FURTHER INVESTIGATION,
822,9118,2023-07-02T13:10:13+00:00,5,Drs,,,DRS ENABLED,
823,9118,2023-07-02T13:13:26+00:00,8,Other,,,TURN 4 INCIDENT INVOLVING CARS 20 (MAG) AND 21 (DEV) NOTED - FORCING ANOTHER DRIVER OFF THE TRACK,
824,9118,2023-07-02T13:14:14+00:00,9,Other,,,CAR 44 (HAM) TIME 1:10.981 DELETED - TRACK LIMITS AT TURN 10 (NEXT LAP),
825,9118,2023-07-02T13:14:24+00:00,9,Other,,,CAR 14 (ALO) TIME 1:11.892 DELETED - TRACK LIMITS AT TURN 10 LAP 4 15:09:16,
826,9118,2023-07-02T13:14:25+00:00,9,Other,,,CAR 14 (ALO) TIME 1:11.059 DELETED - TRACK LIMITS AT TURN 10 (NEXT LAP),
827,9118,2023-07-02T13:15:48+00:00,10,Other,,,FIA STEWARDS: TURN 4 INCIDENT INVOLVING CARS 20 (MAG) AND 21 (DEV) REVIEWED NO FURTHER INVESTIGATION - FORCING ANOTHER DRIVER OFF THE TRACK,
828,9118,2023-07-02T13:15:54+00:00,10,Other,,,CAR 44 (HAM) TIME 1:10.706 DELETED - TRACK LIMITS AT TURN 10 (NEXT LAP),
829,9118,2023-07-02T13:15:55+00:00,10,Other,,,CAR 22 (TSU) TIME 1:12.518 DELETED - TRACK LIMITS AT TURN 10 LAP 5 15:10:34,
830,9118,2023-07-02T13:15:56+00:00,10,Other,,,CAR 22 (TSU) TIME 1:11.940 DELETED - TRACK LIMITS AT TURN 10 (NEXT LAP),
831,9118,2023-07-02T13:16:06+00:00,10,Other,,,CAR 16 (LEC) TIME 1:10.416 DELETED - TRACK LIMITS AT TURN 9 LAP 5 15:10:20,
832,9118,2023-07-02T13:16:18+00:00,11,Other,,,CAR 55 (SAI) TIME 1:10.399 DELETED - TRACK LIMITS AT TURN 10 (NEXT LAP),
833,9118,2023-07-02T13:17:02+00:00,11,Other,,,CAR 44 (HAM) TIME 1:10.746 DELETED - TRACK LIMITS AT TURN 10 (NEXT LAP),
834,9118,2023-07-02T13:17:46+00:00,12,Other,,,CAR 77 (BOT) TIME 1:12.673 DELETED - TRACK LIMITS AT TURN 9 LAP 5 15:10:31,
835,9118,2023-07-02T13:17:59+00:00,12,Other,,,CAR 21 (DEV) TIME 1:12.701 DELETED - TRACK LIMITS AT TURN 9 LAP 5 15:10:31,
836,9118,2023-07-02T13:18:06+00:00,12,Other,,,CAR 44 (HAM) TIME 1:10.746 DELETED - TRACK LIMITS AT TURN 10 LAP 6 15:11:36,
837,9118,2023-07-02T13:18:07+00:00,12,Other,,,CAR 44 (HAM) TIME 1:10.597 DELETED - TRACK LIMITS AT TURN 10 (NEXT LAP),
838,9118,2023-07-02T13:18:19+00:00,12,Flag,BLACK AND WHITE,Driver,BLACK AND WHITE FLAG FOR CAR 44 (HAM) - TRACK LIMITS,44
839,9118,2023-07-02T13:18:23+00:00,12,Other,,,CAR 10 (GAS) TIME 1:11.213 DELETED - TRACK LIMITS AT TURN 10 LAP 6 15:11:41,
840,9118,2023-07-02T13:18:24+00:00,12,Other,,,CAR 10 (GAS) TIME 1:11.092 DELETED - TRACK LIMITS AT TURN 10 (NEXT LAP),
841,9118,2023-07-02T13:18:45+00:00,13,Other,,,CAR 18 (STR) TIME 1:11.287 DELETED - TRACK LIMITS AT TURN 9 LAP 6 15:11:37,
842,9118,2023-07-02T13:19:37+00:00,13,Flag,YELLOW,Sector,YELLOW IN TRACK SECTOR 6,
843,9118,2023-07-02T13:19:37+00:00,13,Other,,,CAR 22 (TSU) TIME 1:11.940 DELETED - TRACK LIMITS AT TURN 9 LAP 6 15:11:42,
844,9118,2023-07-02T13:19:38+00:00,13,Other,,,DRS DISABLED IN ZONE 1,
845,9118,2023-07-02T13:19:59+00:00,14,Flag,DOUBLE YELLOW,Sector,DOUBLE YELLOW IN TRACK SECTOR 6,
846,9118,2023-07-02T13:20:01+00:00,14,Flag,DOUBLE YELLOW,Sector,DOUBLE YELLOW IN TRACK SECTOR 5,
847,9118,2023-07-02T13:20:04+00:00,14,Flag,YELLOW,Sector,YELLOW IN TRACK SECTOR 5,
848,9118,2023-07-02T13:20:12+00:00,14,Other,,,CAR 22 (TSU) TIME 1:11.534 DELETED - TRACK LIMITS AT TURN 9 LAP 8 15:14:05,
849,9118,2023-07-02T13:20:53+00:00,14,SafetyCar,,,VIRTUAL SAFETY CAR DEPLOYED,
850,9118,2023-07-02T13:21:08+00:00,15,Flag,BLACK AND WHITE,Driver,BLACK AND WHITE FLAG FOR CAR 22 (TSU) - TRACK LIMITS,22
851,9118,2023-07-02T13:22:01+00:00,15,Other,,,CAR 55 (SAI) TIME 1:10.431 DELETED - TRACK LIMITS AT TURN 10 LAP 8 15:13:55,
852,9118,2023-07-02T13:22:02+00:00,15,Other,,,CAR 55 (SAI) TIME 1:10.288 DELETED - TRACK LIMITS AT TURN 10 (NEXT LAP),
853,9118,2023-07-02T13:22:30+00:00,15,Other,,,CAR 44 (HAM) TIME 1:10.579 DELETED - TRACK LIMITS AT TURN 10 LAP 8 15:13:57,
854,9118,2023-07-02T13:22:31+00:00,15,Other,,,CAR 44 (HAM) TIME 1:10.598 DELETED - TRACK LIMITS AT TURN 10 (NEXT LAP),
855,9118,2023-07-02T13:22:38+00:00,16,Other,,,INCIDENT INVOLVING CAR 44 (HAM) NOTED - TRACK LIMITS,
856,9118,2023-07-02T13:22:55+00:00,16,Flag,CLEAR,Sector,CLEAR IN TRACK SECTOR 5,
857,9118,2023-07-02T13:22:58+00:00,16,Flag,CLEAR,Sector,CLEAR IN TRACK SECTOR 6,
858,9118,2023-07-02T13:23:00+00:00,16,SafetyCar,,,VIRTUAL SAFETY CAR ENDING,
859,9118,2023-07-02T13:23:12+00:00,16,Flag,CLEAR,Track,TRACK CLEAR,
860,9118,2023-07-02T13:23:15+00:00,16,Drs,,,DRS ENABLED,
861,9118,2023-07-02T13:23:38+00:00,16,Other,,,CAR 27 (HUL) TIME 1:11.248 DELETED - TRACK LIMITS AT TURN 10 (NEXT LAP),
862,9118,2023-07-02T13:24:14+00:00,17,Other,,,FIA STEWARDS: INCIDENT INVOLVING CAR 44 (HAM) UNDER INVESTIGATION - TRACK LIMITS,
863,9118,2023-07-02T13:24:24+00:00,17,Other,,,FIA STEWARDS: 5 SECOND TIME PENALTY FOR CAR 44 (HAM) - TRACK LIMITS,
864,9118,2023-07-02T13:25:01+00:00,17,Other,,,CAR 44 (HAM) TIME 1:10.598 DELETED - TRACK LIMITS AT TURN 10 LAP 9 15:15:08,
865,9118,2023-07-02T13:25:03+00:00,17,Other,,,CAR 44 (HAM) TIME 1:10.901 DELETED - TRACK LIMITS AT TURN 10 (NEXT LAP),
866,9118,2023-07-02T13:25:29+00:00,18,Other,,,CAR 22 (TSU) TIME 1:11.725 DELETED - TRACK LIMITS AT TURN 10 LAP 9 15:15:21,
867,9118,2023-07-02T13:25:30+00:00,18,Other,,,CAR 22 (TSU) TIME 1:11.852 DELETED - TRACK LIMITS AT TURN 10 (NEXT LAP),
868,9118,2023-07-02T13:25:36+00:00,18,Other,,,INCIDENT INVOLVING CAR 22 (TSU) NOTED - TRACK LIMITS,
869,9118,2023-07-02T13:25:49+00:00,18,Other,,,FIA STEWARDS: INCIDENT INVOLVING CAR 22 (TSU) UNDER INVESTIGATION - TRACK LIMITS,
870,9118,2023-07-02T13:25:53+00:00,18,Other,,,CAR 27 (HUL) TIME 1:11.248 DELETED - TRACK LIMITS AT TURN 9 LAP 9 15:15:11,
871,9118,2023-07-02T13:26:00+00:00,18,Other,,,FIA STEWARDS: 5 SECOND TIME PENALTY FOR CAR 22 (TSU) - TRACK LIMITS,
872,9118,2023-07-02T13:27:31+00:00,20,Other,,,PIT LANE INCIDENT INVOLVING CARS 23 (ALB) AND 10 (GAS) NOTED ,
873,9118,2023-07-02T13:28:00+00:00,20,Other,,,CORRECTION: PIT LANE INCIDENT INVOLVING CARS 2 (SAR) AND 10 (GAS) NOTED ,
874,9118,2023-07-02T13:28:05+00:00,20,Other,,,CAR 27 (HUL) LAP DELETED - TRACK LIMITS AT TURN 10 (NEXT LAP PIT),
875,9118,2023-07-02T13:28:17+00:00,20,Flag,BLACK AND WHITE,Driver,BLACK AND WHITE FLAG FOR CAR 27 (HUL) - TRACK LIMITS,27
876,9118,2023-07-02T13:29:21+00:00,21,Other,,,CORRECTION: PIT LANE INCIDENT INVOLVING CARS 2 (SAR) AND 31 (OCO) NOTED ,
877,9118,2023-07-02T13:29:56+00:00,22,Other,,,CAR 55 (SAI) TIME 1:10.570 DELETED - TRACK LIMITS AT TURN 9 LAP 10 15:16:13,
878,9118,2023-07-02T13:30:14+00:00,22,Flag,BLACK AND WHITE,Driver,BLACK AND WHITE FLAG FOR CAR 55 (SAI) - TRACK LIMITS,55
879,9118,2023-07-02T13:30:47+00:00,22,Other,,,CAR 18 (STR) TIME 1:11.037 DELETED - TRACK LIMITS AT TURN 9 LAP 10 15:16:21,
880,9118,2023-07-02T13:31:27+00:00,23,Other,,,CAR 55 (SAI) TIME 1:10.395 DELETED - TRACK LIMITS AT TURN 9 LAP 11 15:17:23,
881,9118,2023-07-02T13:32:07+00:00,24,Other,,,FIA STEWARDS: PIT LANE INCIDENT INVOLVING CARS 2 (SAR) AND 31 (OCO) UNDER INVESTIGATION ,
882,9118,2023-07-02T13:32:11+00:00,24,Other,,,CAR 11 (PER) TIME 1:11.526 DELETED - TRACK LIMITS AT TURN 9 LAP 11 15:17:35,
883,9118,2023-07-02T13:33:33+00:00,25,Other,,,FIA STEWARDS: 5 SECOND TIME PENALTY FOR CAR 31 (OCO) - UNSAFE RELEASE,
884,9118,2023-07-02T13:33:37+00:00,25,Other,,,CAR 81 (PIA) TIME 1:11.339 DELETED - TRACK LIMITS AT TURN 9 LAP 12 15:18:49,
885,9118,2023-07-02T13:34:49+00:00,26,Other,,,CAR 11 (PER) TIME 1:10.289 DELETED - TRACK LIMITS AT TURN 10 LAP 17 15:25:19,
886,9118,2023-07-02T13:34:50+00:00,26,Other,,,CAR 11 (PER) TIME 1:10.399 DELETED - TRACK LIMITS AT TURN 10 (NEXT LAP),
887,9118,2023-07-02T13:35:31+00:00,26,Other,,,CAR 2 (SAR) TIME 1:46.237 DELETED - TRACK LIMITS AT TURN 9 LAP 15 15:23:14,
888,9118,2023-07-02T13:37:50+00:00,28,Other,,,CAR 55 (SAI) TIME 1:09.129 DELETED - TRACK LIMITS AT TURN 9 LAP 17 15:25:18,
889,9118,2023-07-02T13:38:01+00:00,28,Other,,,INCIDENT INVOLVING CAR 55 (SAI) NOTED - TRACK LIMITS,
890,9118,2023-07-02T13:38:12+00:00,29,Other,,,FIA STEWARDS: INCIDENT INVOLVING CAR 55 (SAI) UNDER INVESTIGATION - TRACK LIMITS,
891,9118,2023-07-02T13:38:19+00:00,29,Other,,,FIA STEWARDS: 5 SECOND TIME PENALTY FOR CAR 55 (SAI) - TRACK LIMITS,
892,9118,2023-07-02T13:39:31+00:00,30,Other,,,INCIDENT INVOLVING CAR 22 (TSU) NOTED - FAILING TO SERVE PENALTY CORRECTLY,
893,9118,2023-07-02T13:39:44+00:00,30,Other,,,FIA STEWARDS: INCIDENT INVOLVING CAR 22 (TSU) UNDER INVESTIGATION - FAILING TO SERVE PENALTY CORRECTLY,
894,9118,2023-07-02T13:40:25+00:00,30,Other,,,CAR 23 (ALB) TIME 1:11.355 DELETED - TRACK LIMITS AT TURN 9 LAP 19 15:27:53,
895,9118,2023-07-02T13:40:59+00:00,31,Other,,,CAR 23 (ALB) TIME 1:11.305 DELETED - TRACK LIMITS AT TURN 9 LAP 20 15:29:05,
896,9118,2023-07-02T13:41:31+00:00,31,Other,,,CAR 10 (GAS) TIME 1:10.670 DELETED - TRACK LIMITS AT TURN 10 LAP 28 15:38:27,
897,9118,2023-07-02T13:41:32+00:00,31,Other,,,CAR 10 (GAS) TIME 1:11.188 DELETED - TRACK LIMITS AT TURN 10 (NEXT LAP),
898,9118,2023-07-02T13:41:44+00:00,32,Other,,,CAR 23 (ALB) TIME 1:11.015 DELETED - TRACK LIMITS AT TURN 10 LAP 28 15:38:36,
899,9118,2023-07-02T13:41:45+00:00,32,Other,,,CAR 23 (ALB) TIME 1:11.016 DELETED - TRACK LIMITS AT TURN 10 (NEXT LAP),
900,9118,2023-07-02T13:41:59+00:00,32,Flag,BLACK AND WHITE,Driver,BLACK AND WHITE FLAG FOR CAR 23 (ALB) - TRACK LIMITS,23
901,9118,2023-07-02T13:42:15+00:00,32,Other,,,CAR 10 (GAS) TIME 1:10.541 DELETED - TRACK LIMITS AT TURN 10 LAP 25 15:34:55,
902,9118,2023-07-02T13:42:16+00:00,32,Other,,,CAR 10 (GAS) TIME 1:10.662 DELETED - TRACK LIMITS AT TURN 10 (NEXT LAP),
903,9118,2023-07-02T13:42:23+00:00,32,Flag,BLACK AND WHITE,Driver,BLACK AND WHITE FLAG FOR CAR 10 (GAS) - TRACK LIMITS,10
904,9118,2023-07-02T13:42:51+00:00,33,Other,,,CAR 23 (ALB) TIME 1:10.822 DELETED - TRACK LIMITS AT TURN 10 LAP 25 15:35:03,
905,9118,2023-07-02T13:42:52+00:00,33,Other,,,CAR 23 (ALB) TIME 1:10.898 DELETED - TRACK LIMITS AT TURN 10 (NEXT LAP),
906,9118,2023-07-02T13:43:28+00:00,33,Other,,,CAR 21 (DEV) TIME 1:11.292 DELETED - TRACK LIMITS AT TURN 9 LAP 21 15:30:29,
907,9118,2023-07-02T13:43:38+00:00,33,Other,,,CAR 10 (GAS) TIME 1:10.662 DELETED - TRACK LIMITS AT TURN 10 LAP 26 15:36:06,
908,9118,2023-07-02T13:43:39+00:00,33,Other,,,CAR 10 (GAS) TIME 1:10.649 DELETED - TRACK LIMITS AT TURN 10 (NEXT LAP),
909,9118,2023-07-02T13:44:03+00:00,34,Other,,,CAR 23 (ALB) TIME 1:10.898 DELETED - TRACK LIMITS AT TURN 10 LAP 26 15:36:14,
910,9118,2023-07-02T13:44:04+00:00,34,Other,,,CAR 23 (ALB) TIME 1:11.348 DELETED - TRACK LIMITS AT TURN 10 (NEXT LAP),
911,9118,2023-07-02T13:44:33+00:00,34,Other,,,INCIDENT INVOLVING CAR 23 (ALB) NOTED - TRACK LIMITS,
912,9118,2023-07-02T13:44:52+00:00,34,Other,,,FIA STEWARDS: INCIDENT INVOLVING CAR 23 (ALB) UNDER INVESTIGATION - TRACK LIMITS,
913,9118,2023-07-02T13:45:08+00:00,34,Other,,,FIA STEWARDS: 5 SECOND TIME PENALTY FOR CAR 23 (ALB) - TRACK LIMITS,
914,9118,2023-07-02T13:45:19+00:00,35,Other,,,FIA STEWARDS: INCIDENT INVOLVING CAR 22 (TSU) NO FURTHER ACTION - FAILING TO SERVE PENALTY CORRECTLY,
915,9118,2023-07-02T13:45:24+00:00,35,Other,,,CAR 10 (GAS) TIME 1:10.538 DELETED - TRACK LIMITS AT TURN 9 LAP 22 15:31:20,
916,9118,2023-07-02T13:45:36+00:00,35,Other,,,CAR 22 (TSU) TIME 1:12.890 DELETED - TRACK LIMITS AT TURN 9 LAP 22 15:31:30,
917,9118,2023-07-02T13:46:10+00:00,35,Other,,,CAR 10 (GAS) TIME 1:10.649 DELETED - TRACK LIMITS AT TURN 10 LAP 27 15:37:16,
918,9118,2023-07-02T13:46:15+00:00,35,Other,,,CAR 10 (GAS) TIME 1:10.670 DELETED - TRACK LIMITS AT TURN 10 (NEXT LAP),
919,9118,2023-07-02T13:46:27+00:00,36,Flag,BLUE,Driver,WAVED BLUE FLAG FOR CAR 81 (PIA) TIMED AT 15:46:27,81
920,9118,2023-07-02T13:46:28+00:00,36,Other,,,CAR 31 (OCO) TIME 1:10.937 DELETED - TRACK LIMITS AT TURN 10 LAP 27 15:37:26,
921,9118,2023-07-02T13:46:35+00:00,36,Other,,,CAR 31 (OCO) TIME 1:10.877 DELETED - TRACK LIMITS AT TURN 10 (NEXT LAP),
922,9118,2023-07-02T13:46:40+00:00,36,Other,,,CAR 4 (NOR) TIME 1:09.947 DELETED - TRACK LIMITS AT TURN 10 LAP 28 15:38:15,
923,9118,2023-07-02T13:46:44+00:00,36,Other,,,CAR 4 (NOR) TIME 1:10.826 DELETED - TRACK LIMITS AT TURN 10 (NEXT LAP),
924,9118,2023-07-02T13:46:59+00:00,36,Flag,BLUE,Driver,WAVED BLUE FLAG FOR CAR 81 (PIA) TIMED AT 15:46:59,81
925,9118,2023-07-02T13:47:04+00:00,36,Other,,,CAR 18 (STR) TIME 1:11.187 DELETED - TRACK LIMITS AT TURN 10 LAP 33 15:44:33,
926,9118,2023-07-02T13:47:11+00:00,36,Flag,BLACK AND WHITE,Driver,BLACK AND WHITE FLAG FOR CAR 18 (STR) - TRACK LIMITS,18
927,9118,2023-07-02T13:47:14+00:00,36,Other,,,CAR 10 (GAS) TIME 1:10.670 DELETED - TRACK LIMITS AT TURN 10 LAP 28 15:38:27,
928,9118,2023-07-02T13:47:18+00:00,36,Other,,,CAR 10 (GAS) TIME 1:11.188 DELETED - TRACK LIMITS AT TURN 10 (NEXT LAP),
929,9118,2023-07-02T13:47:36+00:00,37,Other,,,CAR 23 (ALB) TIME 1:11.015 DELETED - TRACK LIMITS AT TURN 10 LAP 28 15:38:36,
930,9118,2023-07-02T13:47:57+00:00,37,Flag,BLUE,Driver,WAVED BLUE FLAG FOR CAR 77 (BOT) TIMED AT 15:47:57,77
931,9118,2023-07-02T13:48:02+00:00,37,Other,,,CAR 23 (ALB) TIME 1:11.016 DELETED - TRACK LIMITS AT TURN 10 (NEXT LAP),
932,9118,2023-07-02T13:48:15+00:00,37,Other,,,CAR 18 (STR) TIME 1:11.045 DELETED - TRACK LIMITS AT TURN 10 (NEXT LAP),
933,9118,2023-07-02T13:48:17+00:00,37,Other,,,CAR 20 (MAG) TIME 1:12.254 DELETED - TRACK LIMITS AT TURN 10 LAP 28 15:38:50,
934,9118,2023-07-02T13:48:18+00:00,37,Other,,,CAR 20 (MAG) TIME 1:12.188 DELETED - TRACK LIMITS AT TURN 10 (NEXT LAP),
935,9118,2023-07-02T13:49:40+00:00,38,Flag,BLUE,Driver,WAVED BLUE FLAG FOR CAR 22 (TSU) TIMED AT 15:49:39,22
936,9118,2023-07-02T13:49:51+00:00,39,Other,,,TURN 6 INCIDENT INVOLVING CARS 20 (MAG) AND 21 (DEV) NOTED - FORCING ANOTHER DRIVER OFF THE TRACK,
937,9118,2023-07-02T13:49:57+00:00,39,Other,,,FIA STEWARDS: TURN 6 INCIDENT INVOLVING CARS 20 (MAG) AND 21 (DEV) UNDER INVESTIGATION - FORCING ANOTHER DRIVER OFF THE TRACK,
938,9118,2023-07-02T13:50:21+00:00,39,Other,,,FIA STEWARDS: 5 SECOND TIME PENALTY FOR CAR 21 (DEV) - FORCING ANOTHER DRIVER OFF THE TRACK,
939,9118,2023-07-02T13:51:48+00:00,40,Other,,,CAR 31 (OCO) TIME 1:11.585 DELETED - TRACK LIMITS AT TURN 9 LAP 38 15:50:24,
940,9118,2023-07-02T13:52:33+00:00,41,Flag,BLUE,Driver,WAVED BLUE FLAG FOR CAR 77 (BOT) TIMED AT 15:52:32,77
941,9118,2023-07-02T13:53:21+00:00,42,Other,,,INCIDENT INVOLVING CAR 10 (GAS) NOTED - TRACK LIMITS,
942,9118,2023-07-02T13:53:29+00:00,42,Other,,,FIA STEWARDS: INCIDENT INVOLVING CAR 10 (GAS) UNDER INVESTIGATION - TRACK LIMITS,
943,9118,2023-07-02T13:54:00+00:00,42,Other,,,FIA STEWARDS: 5 SECOND TIME PENALTY FOR CAR 10 (GAS) - TRACK LIMITS,
944,9118,2023-07-02T13:54:32+00:00,43,Flag,BLUE,Driver,WAVED BLUE FLAG FOR CAR 81 (PIA) TIMED AT 15:54:31,81
945,9118,2023-07-02T13:55:45+00:00,44,Flag,BLUE,Driver,WAVED BLUE FLAG FOR CAR 22 (TSU) TIMED AT 15:55:44,22
946,9118,2023-07-02T13:56:24+00:00,44,Flag,BLUE,Driver,WAVED BLUE FLAG FOR CAR 77 (BOT) TIMED AT 15:56:23,77
947,9118,2023-07-02T13:59:46+00:00,47,Other,,,CAR 20 (MAG) TIME 1:10.416 DELETED - TRACK LIMITS AT TURN 9 LAP 42 15:55:47,
948,9118,2023-07-02T13:59:49+00:00,47,Other,,,CAR 20 (MAG) TIME 1:10.631 DELETED - TRACK LIMITS AT TURN 10 LAP 43 15:57:01,
949,9118,2023-07-02T13:59:50+00:00,47,Other,,,CAR 20 (MAG) TIME 1:10.680 DELETED - TRACK LIMITS AT TURN 10 (NEXT LAP),
950,9118,2023-07-02T13:59:58+00:00,47,Flag,BLACK AND WHITE,Driver,BLACK AND WHITE FLAG FOR CAR 20 (MAG) - TRACK LIMITS,20
951,9118,2023-07-02T14:00:36+00:00,48,Flag,BLUE,Driver,WAVED BLUE FLAG FOR CAR 20 (MAG) TIMED AT 16:00:35,20
952,9118,2023-07-02T14:02:14+00:00,49,Flag,BLUE,Driver,WAVED BLUE FLAG FOR CAR 77 (BOT) TIMED AT 16:02:13,77
953,9118,2023-07-02T14:03:01+00:00,50,Flag,BLUE,Driver,WAVED BLUE FLAG FOR CAR 2 (SAR) TIMED AT 16:03:01,2
954,9118,2023-07-02T14:04:59+00:00,51,Other,,,CAR 22 (TSU) TIME 1:10.496 DELETED - TRACK LIMITS AT TURN 10 LAP 47 16:01:54,
955,9118,2023-07-02T14:05:00+00:00,51,Other,,,CAR 22 (TSU) TIME 1:10.008 DELETED - TRACK LIMITS AT TURN 10 (NEXT LAP),
956,9118,2023-07-02T14:05:09+00:00,51,Flag,BLUE,Driver,WAVED BLUE FLAG FOR CAR 31 (OCO) TIMED AT 16:05:09,31
957,9118,2023-07-02T14:05:41+00:00,52,Other,,,CAR 22 (TSU) TIME 1:10.008 DELETED - TRACK LIMITS AT TURN 10 LAP 48 16:03:04,
958,9118,2023-07-02T14:05:42+00:00,52,Other,,,CAR 22 (TSU) TIME 1:10.040 DELETED - TRACK LIMITS AT TURN 10 (NEXT LAP),
959,9118,2023-07-02T14:06:30+00:00,53,Flag,BLUE,Driver,WAVED BLUE FLAG FOR CAR 20 (MAG) TIMED AT 16:06:30,20
960,9118,2023-07-02T14:06:47+00:00,53,Other,,,INCIDENT INVOLVING CAR 22 (TSU) NOTED - 7 TRACK LIMITS,
961,9118,2023-07-02T14:06:51+00:00,53,Other,,,FIA STEWARDS: INCIDENT INVOLVING CAR 22 (TSU) UNDER INVESTIGATION - 7 TRACK LIMITS,
962,9118,2023-07-02T14:07:06+00:00,53,Other,,,FIA STEWARDS: 10 SECOND TIME PENALTY FOR CAR 22 (TSU) - 7 TRACK LIMITS,
963,9118,2023-07-02T14:07:11+00:00,53,Flag,BLUE,Driver,WAVED BLUE FLAG FOR CAR 81 (PIA) TIMED AT 16:07:10,81
964,9118,2023-07-02T14:07:25+00:00,53,Flag,BLUE,Driver,WAVED BLUE FLAG FOR CAR 81 (PIA) TIMED AT 16:07:24,81
965,9118,2023-07-02T14:07:47+00:00,54,Flag,BLUE,Driver,WAVED BLUE FLAG FOR CAR 81 (PIA) TIMED AT 16:07:46,81
966,9118,2023-07-02T14:08:38+00:00,55,Flag,BLUE,Driver,WAVED BLUE FLAG FOR CAR 22 (TSU) TIMED AT 16:08:38,22
967,9118,2023-07-02T14:09:40+00:00,55,Flag,BLUE,Driver,WAVED BLUE FLAG FOR CAR 22 (TSU) TIMED AT 16:09:40,22
968,9118,2023-07-02T14:10:09+00:00,56,Flag,BLUE,Driver,WAVED BLUE FLAG FOR CAR 77 (BOT) TIMED AT 16:10:08,77
969,9118,2023-07-02T14:11:41+00:00,57,Flag,BLUE,Driver,WAVED BLUE FLAG FOR CAR 21 (DEV) TIMED AT 16:11:40,21
970,9118,2023-07-02T14:12:24+00:00,58,Flag,BLUE,Driver,WAVED BLUE FLAG FOR CAR 23 (ALB) TIMED AT 16:12:24,23
971,9118,2023-07-02T14:12:43+00:00,58,Flag,BLUE,Driver,WAVED BLUE FLAG FOR CAR 20 (MAG) TIMED AT 16:12:42,20
972,9118,2023-07-02T14:12:48+00:00,58,Other,,,CAR 2 (SAR) TIME 1:10.337 DELETED - TRACK LIMITS AT TURN 10 (NEXT LAP),
973,9118,2023-07-02T14:13:18+00:00,59,Flag,BLUE,Driver,WAVED BLUE FLAG FOR CAR 20 (MAG) TIMED AT 16:13:18,20
974,9118,2023-07-02T14:13:32+00:00,59,Other,,,CAR 2 (SAR) TIME 1:10.084 DELETED - TRACK LIMITS AT TURN 9 LAP 57 16:13:15,
975,9118,2023-07-02T14:13:52+00:00,59,Flag,BLUE,Driver,WAVED BLUE FLAG FOR CAR 24 (ZHO) TIMED AT 16:13:52,24
976,9118,2023-07-02T14:14:11+00:00,59,Flag,BLACK AND WHITE,Driver,BLACK AND WHITE FLAG FOR CAR 2 (SAR) - TRACK LIMITS,2
977,9118,2023-07-02T14:16:52+00:00,62,Flag,BLUE,Driver,WAVED BLUE FLAG FOR CAR 2 (SAR) TIMED AT 16:16:51,2
978,9118,2023-07-02T14:17:08+00:00,62,Flag,BLUE,Driver,WAVED BLUE FLAG FOR CAR 81 (PIA) TIMED AT 16:17:07,81
979,9118,2023-07-02T14:17:36+00:00,62,Flag,BLUE,Driver,WAVED BLUE FLAG FOR CAR 22 (TSU) TIMED AT 16:17:36,22
980,9118,2023-07-02T14:17:56+00:00,63,Other,,,CAR 31 (OCO) TIME 1:09.992 DELETED - TRACK LIMITS AT TURN 10 (NEXT LAP),
981,9118,2023-07-02T14:18:01+00:00,63,Flag,BLACK AND WHITE,Driver,BLACK AND WHITE FLAG FOR CAR 31 (OCO) - TRACK LIMITS,31
982,9118,2023-07-02T14:19:06+00:00,64,Flag,BLUE,Driver,WAVED BLUE FLAG FOR CAR 77 (BOT) TIMED AT 16:19:06,77
983,9118,2023-07-02T14:19:27+00:00,64,Flag,BLUE,Driver,WAVED BLUE FLAG FOR CAR 20 (MAG) TIMED AT 16:19:27,20
984,9118,2023-07-02T14:20:07+00:00,65,Other,,,CAR 2 (SAR) TIME 1:10.084 DELETED - TRACK LIMITS AT TURN 9 LAP 57 16:13:15,
985,9118,2023-07-02T14:20:20+00:00,65,Other,,,INCIDENT INVOLVING CAR 2 (SAR) NOTED - TRACK LIMITS,
986,9118,2023-07-02T14:20:22+00:00,65,Flag,BLUE,Driver,WAVED BLUE FLAG FOR CAR 31 (OCO) TIMED AT 16:20:21,31
987,9118,2023-07-02T14:20:33+00:00,65,Flag,BLUE,Driver,WAVED BLUE FLAG FOR CAR 81 (PIA) TIMED AT 16:20:33,81
988,9118,2023-07-02T14:20:40+00:00,65,Flag,BLUE,Driver,WAVED BLUE FLAG FOR CAR 21 (DEV) TIMED AT 16:20:39,21
989,9118,2023-07-02T14:20:42+00:00,65,Flag,BLUE,Driver,WAVED BLUE FLAG FOR CAR 10 (GAS) TIMED AT 16:20:42,10
990,9118,2023-07-02T14:20:46+00:00,65,Other,,,FIA STEWARDS: INCIDENT INVOLVING CAR 2 (SAR) UNDER INVESTIGATION - TRACK LIMITS,
991,9118,2023-07-02T14:20:53+00:00,65,Other,,,FIA STEWARDS: 5 SECOND TIME PENALTY FOR CAR 2 (SAR) - TRACK LIMITS,
992,9118,2023-07-02T14:21:08+00:00,65,Flag,BLUE,Driver,WAVED BLUE FLAG FOR CAR 22 (TSU) TIMED AT 16:21:07,22
993,9118,2023-07-02T14:21:29+00:00,66,Other,,,CAR 20 (MAG) TIME 1:14.147 DELETED - TRACK LIMITS AT TURN 9 LAP 57 16:13:33,
994,9118,2023-07-02T14:21:38+00:00,66,Other,,,INCIDENT INVOLVING CAR 20 (MAG) NOTED - TRACK LIMITS,
995,9118,2023-07-02T14:21:49+00:00,66,Flag,BLUE,Driver,WAVED BLUE FLAG FOR CAR 77 (BOT) TIMED AT 16:21:48,77
996,9118,2023-07-02T14:21:50+00:00,66,Flag,BLUE,Driver,WAVED BLUE FLAG FOR CAR 21 (DEV) TIMED AT 16:21:50,21
997,9118,2023-07-02T14:22:21+00:00,67,Flag,BLUE,Driver,WAVED BLUE FLAG FOR CAR 20 (MAG) TIMED AT 16:22:20,20
998,9118,2023-07-02T14:22:28+00:00,67,Other,,,FIA STEWARDS: INCIDENT INVOLVING CAR 20 (MAG) UNDER INVESTIGATION - TRACK LIMITS,
999,9118,2023-07-02T14:22:34+00:00,67,Other,,,FIA STEWARDS: 5 SECOND TIME PENALTY FOR CAR 20 (MAG) - TRACK LIMITS,
1000,9118,2023-07-02T14:23:18+00:00,67,Flag,BLUE,Driver,WAVED BLUE FLAG FOR CAR 24 (ZHO) TIMED AT 16:23:17,24
1001,9118,2023-07-02T14:23:24+00:00,67,Flag,BLUE,Driver,WAVED BLUE FLAG FOR CAR 21 (DEV) TIMED AT 16:23:23,21
1002,9118,2023-07-02T14:24:00+00:00,68,Other,,,CAR 22 (TSU) TIME 1:10.698 DELETED - TRACK LIMITS AT TURN 10 LAP 62 16:19:34,
1003,9118,2023-07-02T14:24:01+00:00,68,Other,,,CAR 22 (TSU) TIME 1:11.455 DELETED - TRACK LIMITS AT TURN 10 (NEXT LAP),
1004,9118,2023-07-02T14:25:09+00:00,69,Other,,,CAR 4 (NOR) TIME 1:09.658 DELETED - TRACK LIMITS AT TURN 10 LAP 64 16:20:35,
1005,9118,2023-07-02T14:25:11+00:00,69,Other,,,CAR 4 (NOR) TIME 1:09.870 DELETED - TRACK LIMITS AT TURN 10 (NEXT LAP),
1006,9118,2023-07-02T14:25:32+00:00,69,Flag,BLUE,Driver,WAVED BLUE FLAG FOR CAR 24 (ZHO) TIMED AT 16:25:32,24
1007,9118,2023-07-02T14:25:37+00:00,69,Other,,,CAR 1 (VER) TIME 1:08.878 DELETED - TRACK LIMITS AT TURN 10 LAP 65 16:21:04,
1008,9118,2023-07-02T14:25:38+00:00,69,Other,,,CAR 1 (VER) TIME 1:08.601 DELETED - TRACK LIMITS AT TURN 10 (NEXT LAP),
1009,9118,2023-07-02T14:25:51+00:00,70,Other,,,CAR 11 (PER) TIME 1:09.188 DELETED - TRACK LIMITS AT TURN 9 LAP 61 16:17:01,
1010,9118,2023-07-02T14:25:59+00:00,70,Flag,BLACK AND WHITE,Driver,BLACK AND WHITE FLAG FOR CAR 11 (PER) - TRACK LIMITS,11
1011,9118,2023-07-02T14:26:48+00:00,70,Flag,BLUE,Driver,WAVED BLUE FLAG FOR CAR 20 (MAG) TIMED AT 16:26:47,20
1012,9118,2023-07-02T14:28:15+00:00,71,Flag,BLUE,Driver,WAVED BLUE FLAG FOR CAR 23 (ALB) TIMED AT 16:28:15,23
1013,9118,2023-07-02T14:28:22+00:00,71,Flag,BLUE,Driver,WAVED BLUE FLAG FOR CAR 2 (SAR) TIMED AT 16:28:21,2
1014,9118,2023-07-02T14:28:22.041000+00:00,71,SessionStatus,,,SESSION FINISHED,
1015,9118,2023-07-02T14:28:23+00:00,71,Flag,CHEQUERED,Track,CHEQUERED FLAG,
1016,9118,2023-07-02T14:28:26+00:00,71,Flag,BLUE,Driver,WAVED BLUE FLAG FOR CAR 21 (DEV) TIMED AT 16:28:26,21
1017,9126,2023-07-09T13:05:09+00:00,1,Other,,,PINK HEAD PADDING MATERIAL MUST BE USED,
1018,9126,2023-07-09T13:10:01+00:00,1,Flag,GREEN,Track,GREEN LIGHT - PIT EXIT OPEN,
1019,9126,2023-07-09T13:20:01+00:00,1,Other,,,PIT EXIT CLOSED,
1020,9126,2023-07-09T13:45:04+00:00,1,Other,,,RISK OF RAIN FOR F1 RACE IS 40%,
1021,9126,2023-07-09T13:57:05+00:00,1,Drs,,,DRS DISABLED,
1022,9126,2023-07-09T14:03:09.766000+00:00,1,SessionStatus,,,SESSION STARTED,
1023,9126,2023-07-09T14:03:10+00:00,1,Flag,GREEN,Track,GREEN LIGHT - PIT EXIT OPEN,
1024,9126,2023-07-09T14:06:21+00:00,3,Drs,,,DRS ENABLED,
1025,9126,2023-07-09T14:15:23+00:00,8,Other,,,CAR 27 (HUL) TIME 1:34.412 DELETED - TRACK LIMITS AT TURN 15 LAP 7 15:14:11,
1026,9126,2023-07-09T14:19:53+00:00,11,Other,,,CAR 23 (ALB) TIME 1:34.045 DELETED - TRACK LIMITS AT TURN 15 LAP 10 15:18:45,
1027,9126,2023-07-09T14:20:10+00:00,11,Other,,,CAR 18 (STR) TIME 1:34.007 DELETED - TRACK LIMITS AT TURN 15 LAP 10 15:18:46,
1028,9126,2023-07-09T14:20:46+00:00,12,Other,,,CAR 21 (DEV) TIME 1:33.985 DELETED - TRACK LIMITS AT TURN 15 LAP 10 15:18:53,
1029,9126,2023-07-09T14:21:40+00:00,12,Other,,,CAR 18 (STR) TIME 1:34.198 DELETED - TRACK LIMITS AT TURN 15 LAP 11 15:20:20,
1030,9126,2023-07-09T14:24:04+00:00,14,Other,,,CAR 4 (NOR) TIME 1:32.986 DELETED - TRACK LIMITS AT TURN 15 LAP 13 15:23:10,
1031,9126,2023-07-09T14:25:18+00:00,15,Other,,,CAR 4 (NOR) TIME 1:33.670 DELETED - TRACK LIMITS AT TURN 9 LAP 14 15:24:16,
1032,9126,2023-07-09T14:26:15+00:00,15,Other,,,CAR 63 (RUS) TIME 1:33.729 DELETED - TRACK LIMITS AT TURN 9 LAP 14 15:24:22,
1033,9126,2023-07-09T14:27:30+00:00,16,Other,,,CAR 20 (MAG) TIME 1:35.024 DELETED - TRACK LIMITS AT TURN 9 LAP 14 15:24:46,
1034,9126,2023-07-09T14:29:45+00:00,18,Other,,,CAR 2 (SAR) TIME 1:33.771 DELETED - TRACK LIMITS AT TURN 9 LAP 16 15:27:48,
1035,9126,2023-07-09T14:35:21+00:00,21,Other,,,CAR 20 (MAG) TIME 1:33.935 DELETED - TRACK LIMITS AT TURN 15 LAP 20 15:34:40,
1036,9126,2023-07-09T14:52:47+00:00,33,Flag,YELLOW,Sector,YELLOW IN TRACK SECTOR 6,
1037,9126,2023-07-09T14:52:48+00:00,33,Other,,,DRS DISABLED IN ZONE 1,
1038,9126,2023-07-09T14:52:49+00:00,33,Flag,DOUBLE YELLOW,Sector,DOUBLE YELLOW IN TRACK SECTOR 6,
1039,9126,2023-07-09T14:52:54+00:00,33,SafetyCar,,,VIRTUAL SAFETY CAR DEPLOYED,
1040,9126,2023-07-09T14:53:20+00:00,33,Flag,YELLOW,Sector,YELLOW IN TRACK SECTOR 5,
1041,9126,2023-07-09T14:54:18+00:00,33,SafetyCar,,,SAFETY CAR DEPLOYED,
1042,9126,2023-07-09T14:58:13+00:00,35,Other,,,RECOVERY VEHICLE ON TRACK BETWEEN TURN 5 AND TURN 6,
1043,9126,2023-07-09T15:04:08+00:00,37,Flag,CLEAR,Sector,CLEAR IN TRACK SECTOR 5,
1044,9126,2023-07-09T15:04:10+00:00,37,Flag,CLEAR,Sector,CLEAR IN TRACK SECTOR 6,
1045,9126,2023-07-09T15:05:22+00:00,38,SafetyCar,,,SAFETY CAR IN THIS LAP,
1046,9126,2023-07-09T15:06:52+00:00,38,Flag,CLEAR,Track,TRACK CLEAR,
1047,9126,2023-07-09T15:08:00+00:00,39,Other,,,CAR 11 (PER) TIME 2:16.625 DELETED - TRACK LIMITS AT TURN 15 LAP 38 16:07:05,
1048,9126,2023-07-09T15:09:38+00:00,40,Other,,,TURN 15 INCIDENT INVOLVING CAR 18 (STR) NOTED - LEAVING THE TRACK AND GAINING AN ADVANTAGE,
1049,9126,2023-07-09T15:10:15+00:00,41,Drs,,,DRS ENABLED,
1050,9126,2023-07-09T15:10:47+00:00,41,Other,,,CAR 18 (STR) TIME 1:32.306 DELETED - TRACK LIMITS AT TURN 15 LAP 39 16:08:39,
1051,9126,2023-07-09T15:13:46+00:00,43,Other,,,FIA STEWARDS: TURN 15 INCIDENT INVOLVING CAR 18 (STR) REVIEWED NO FURTHER INVESTIGATION - LEAVING THE TRACK AND GAINING AN ADVANTAGE,
1052,9126,2023-07-09T15:14:00+00:00,43,Flag,BLACK AND WHITE,Driver,BLACK AND WHITE FLAG FOR CAR 18 (STR) - TRACK LIMITS,18
1053,9126,2023-07-09T15:19:12+00:00,46,Other,,,TURN 16 INCIDENT INVOLVING CARS 10 (GAS) AND 18 (STR) NOTED - CAUSING A COLLISION,
1054,9126,2023-07-09T15:19:35+00:00,47,Other,,,FIA STEWARDS: TURN 16 INCIDENT INVOLVING CARS 10 (GAS) AND 18 (STR) UNDER INVESTIGATION - CAUSING A COLLISION,
1055,9126,2023-07-09T15:20:32+00:00,47,Other,,,CAR 63 (RUS) TIME 1:31.718 DELETED - TRACK LIMITS AT TURN 15 LAP 45 16:17:44,
1056,9126,2023-07-09T15:21:14+00:00,48,Other,,,CAR 63 (RUS) TIME 1:31.984 DELETED - TRACK LIMITS AT TURN 15 LAP 46 16:19:16,
1057,9126,2023-07-09T15:21:19+00:00,48,Flag,BLACK AND WHITE,Driver,BLACK AND WHITE FLAG FOR CAR 63 (RUS) - TRACK LIMITS,63
1058,9126,2023-07-09T15:22:00+00:00,48,Other,,,CAR 4 (NOR) TIME 1:31.593 DELETED - TRACK LIMITS AT TURN 15 LAP 47 16:20:41,
1059,9126,2023-07-09T15:22:10+00:00,48,Flag,BLACK AND WHITE,Driver,BLACK AND WHITE FLAG FOR CAR 4 (NOR) - TRACK LIMITS,4
1060,9126,2023-07-09T15:24:06+00:00,50,Other,,,FIA STEWARDS: 5 SECOND TIME PENALTY FOR CAR 18 (STR) - CAUSING A COLLISION,
1061,9126,2023-07-09T15:28:26.882000+00:00,52,SessionStatus,,,SESSION FINISHED,
1062,9126,2023-07-09T15:28:27+00:00,52,Flag,CHEQUERED,Track,CHEQUERED FLAG,
1063,9133,2023-07-23T12:10:00+00:00,1,Flag,GREEN,Track,GREEN LIGHT - PIT EXIT OPEN,
1064,9133,2023-07-23T12:20:00+00:00,1,Other,,,PIT EXIT CLOSED,
1065,9133,2023-07-23T12:45:10+00:00,1,Other,,,RISK OF RAIN FOR F1 RACE IS 0%,
1066,9133,2023-07-23T12:57:38+00:00,1,Drs,,,DRS DISABLED,
1067,9133,2023-07-23T13:03:06+00:00,1,Flag,GREEN,Track,GREEN LIGHT - PIT EXIT OPEN,
1068,9133,2023-07-23T13:03:06.133000+00:00,1,SessionStatus,,,SESSION STARTED,
1069,9133,2023-07-23T13:03:22+00:00,1,Flag,YELLOW,Sector,YELLOW IN TRACK SECTOR 3,
1070,9133,2023-07-23T13:03:31+00:00,1,Flag,CLEAR,Sector,CLEAR IN TRACK SECTOR 3,
1071,9133,2023-07-23T13:04:15+00:00,1,Other,,,LAP 1 TURN 1 INCIDENT NOTED,
1072,9133,2023-07-23T13:06:37+00:00,3,Drs,,,DRS ENABLED,
1073,9133,2023-07-23T13:12:34+00:00,7,Other,,,FIA STEWARDS: LAP 1 TURN 1 INCIDENT UNDER INVESTIGATION,
1074,9133,2023-07-23T13:13:32+00:00,8,Other,,,FIA STEWARDS: 5 SECOND TIME PENALTY FOR CAR 24 (ZHO) - CAUSING A COLLISION,
1075,9133,2023-07-23T13:13:45+00:00,8,Other,,,CAR 3 (RIC) TIME 1:26.073 DELETED - TRACK LIMITS AT TURN 4 LAP 7 15:12:31,
1076,9133,2023-07-23T13:15:33+00:00,9,Other,,,CAR 23 (ALB) TIME 1:28.053 DELETED - TRACK LIMITS AT TURN 4 LAP 8 15:13:54,
1077,9133,2023-07-23T13:18:53+00:00,12,Other,,,CAR 44 (HAM) TIME 1:25.153 DELETED - TRACK LIMITS AT TURN 4 LAP 11 15:17:57,
1078,9133,2023-07-23T13:20:43+00:00,13,Other,,,CAR 27 (HUL) TIME 1:26.188 DELETED - TRACK LIMITS AT TURN 4 LAP 12 15:19:34,
1079,9133,2023-07-23T13:25:02+00:00,16,Other,,,CAR 55 (SAI) TIME 1:28.509 DELETED - TRACK LIMITS AT TURN 4 LAP 15 15:23:44,
1080,9133,2023-07-23T13:33:19+00:00,22,Other,,,CAR 81 (PIA) TIME 1:23.972 DELETED - TRACK LIMITS AT TURN 4 LAP 21 15:32:21,
1081,9133,2023-07-23T13:35:11+00:00,23,Other,,,CAR 20 (MAG) TIME 1:26.014 DELETED - TRACK LIMITS AT TURN 4 LAP 22 15:34:16,
1082,9133,2023-07-23T13:35:22+00:00,23,Other,,,CAR 2 (SAR) TIME 1:25.999 DELETED - TRACK LIMITS AT TURN 4 LAP 22 15:34:17,
1083,9133,2023-07-23T13:40:56+00:00,27,Other,,,CAR 18 (STR) TIME 1:25.128 DELETED - TRACK LIMITS AT TURN 4 LAP 26 15:39:44,
1084,9133,2023-07-23T13:41:57+00:00,28,Other,,,CAR 11 (PER) TIME 1:25.650 DELETED - TRACK LIMITS AT TURN 4 LAP 27 15:41:01,
1085,9133,2023-07-23T13:47:39+00:00,32,Other,,,CAR 4 (NOR) TIME 1:24.289 DELETED - TRACK LIMITS AT TURN 4 LAP 31 15:46:18,
1086,9133,2023-07-23T13:49:02+00:00,33,Other,,,CAR 16 (LEC) TIME 1:24.565 DELETED - TRACK LIMITS AT TURN 4 LAP 32 15:48:08,
1087,9133,2023-07-23T13:50:25+00:00,34,Other,,,CAR 81 (PIA) TIME 1:24.768 DELETED - TRACK LIMITS AT TURN 4 LAP 33 15:49:13,
1088,9133,2023-07-23T13:52:36+00:00,35,Flag,BLUE,Driver,WAVED BLUE FLAG FOR CAR 3 (RIC) TIMED AT 15:52:35,3
1089,9133,2023-07-23T13:52:50+00:00,36,Flag,BLUE,Driver,WAVED BLUE FLAG FOR CAR 3 (RIC) TIMED AT 15:52:49,3
1090,9133,2023-07-23T13:57:27+00:00,39,Flag,BLUE,Driver,WAVED BLUE FLAG FOR CAR 20 (MAG) TIMED AT 15:57:26,20
1091,9133,2023-07-23T13:58:39+00:00,40,Flag,BLUE,Driver,WAVED BLUE FLAG FOR CAR 24 (ZHO) TIMED AT 15:58:39,24
1092,9133,2023-07-23T13:59:10+00:00,40,Flag,BLUE,Driver,WAVED BLUE FLAG FOR CAR 23 (ALB) TIMED AT 15:59:09,23
1093,9133,2023-07-23T14:05:04+00:00,44,Flag,BLUE,Driver,WAVED BLUE FLAG FOR CAR 22 (TSU) TIMED AT 16:05:03,22
1094,9133,2023-07-23T14:05:27+00:00,45,Other,,,CAR 63 (RUS) TIME 1:23.697 DELETED - TRACK LIMITS AT TURN 11 LAP 43 16:04:15,
1095,9133,2023-07-23T14:07:17+00:00,46,Other,,,INCIDENT INVOLVING CAR 16 (LEC) NOTED - SPEEDING IN THE PIT LANE,
1096,9133,2023-07-23T14:07:46+00:00,46,Other,,,FIA STEWARDS: INCIDENT INVOLVING CAR 16 (LEC) UNDER INVESTIGATION - SPEEDING IN THE PIT LANE,
1097,9133,2023-07-23T14:08:53+00:00,47,Other,,,CAR 81 (PIA) TIME 1:23.212 DELETED - TRACK LIMITS AT TURN 4 LAP 46 16:07:50,
1098,9133,2023-07-23T14:09:05+00:00,47,Other,,,CAR 63 (RUS) LAP DELETED - TRACK LIMITS AT TURN 4 LAP 46 16:07:59 (PIT),
1099,9133,2023-07-23T14:09:23+00:00,48,Flag,BLACK AND WHITE,Driver,BLACK AND WHITE FLAG FOR CAR 81 (PIA) - TRACK LIMITS,81
1100,9133,2023-07-23T14:09:49+00:00,48,Flag,BLUE,Driver,WAVED BLUE FLAG FOR CAR 20 (MAG) TIMED AT 16:09:48,20
1101,9133,2023-07-23T14:09:56+00:00,48,Other,,,FIA STEWARDS: 5 SECOND TIME PENALTY FOR CAR 16 (LEC) - SPEEDING IN THE PIT LANE,
1102,9133,2023-07-23T14:10:20+00:00,48,Other,,,TURN 2 INCIDENT INVOLVING CARS 81 (PIA) AND 11 (PER) NOTED - FORCING ANOTHER DRIVER OFF THE TRACK,
1103,9133,2023-07-23T14:12:05+00:00,49,Other,,,FIA STEWARDS: TURN 2 INCIDENT INVOLVING CARS 81 (PIA) AND 11 (PER) REVIEWED NO FURTHER INVESTIGATION - FORCING ANOTHER DRIVER OFF THE TRACK,
1104,9133,2023-07-23T14:15:20+00:00,52,Flag,BLUE,Driver,WAVED BLUE FLAG FOR CAR 2 (SAR) TIMED AT 16:15:20,2
1105,9133,2023-07-23T14:15:28+00:00,52,Flag,BLUE,Driver,WAVED BLUE FLAG FOR CAR 20 (MAG) TIMED AT 16:15:27,20
1106,9133,2023-07-23T14:17:52+00:00,53,Flag,BLUE,Driver,WAVED BLUE FLAG FOR CAR 27 (HUL) TIMED AT 16:17:51,27
1107,9133,2023-07-23T14:18:46+00:00,54,Flag,BLUE,Driver,WAVED BLUE FLAG FOR CAR 24 (ZHO) TIMED AT 16:18:46,24
1108,9133,2023-07-23T14:21:51+00:00,56,Flag,BLUE,Driver,WAVED BLUE FLAG FOR CAR 24 (ZHO) TIMED AT 16:21:51,24
1109,9133,2023-07-23T14:22:05+00:00,56,Flag,BLUE,Driver,WAVED BLUE FLAG FOR CAR 3 (RIC) TIMED AT 16:22:04,3
1110,9133,2023-07-23T14:22:15+00:00,57,Flag,BLUE,Driver,WAVED BLUE FLAG FOR CAR 3 (RIC) TIMED AT 16:22:15,3
1111,9133,2023-07-23T14:24:16+00:00,58,Flag,BLUE,Driver,WAVED BLUE FLAG FOR CAR 77 (BOT) TIMED AT 16:24:16,77
1112,9133,2023-07-23T14:24:27+00:00,58,Flag,BLUE,Driver,WAVED BLUE FLAG FOR CAR 20 (MAG) TIMED AT 16:24:26,20
1113,9133,2023-07-23T14:24:47+00:00,58,Flag,BLUE,Driver,WAVED BLUE FLAG FOR CAR 22 (TSU) TIMED AT 16:24:47,22
1114,9133,2023-07-23T14:25:02+00:00,59,Flag,BLUE,Driver,WAVED BLUE FLAG FOR CAR 20 (MAG) TIMED AT 16:25:02,20
1115,9133,2023-07-23T14:25:05+00:00,59,Flag,BLUE,Driver,WAVED BLUE FLAG FOR CAR 22 (TSU) TIMED AT 16:25:04,22
1116,9133,2023-07-23T14:25:07+00:00,59,Flag,BLUE,Driver,WAVED BLUE FLAG FOR CAR 23 (ALB) TIMED AT 16:25:06,23
1117,9133,2023-07-23T14:25:42+00:00,59,Flag,BLUE,Driver,WAVED BLUE FLAG FOR CAR 22 (TSU) TIMED AT 16:25:41,22
1118,9133,2023-07-23T14:28:45+00:00,61,Flag,BLUE,Driver,WAVED BLUE FLAG FOR CAR 22 (TSU) TIMED AT 16:28:45,22
1119,9133,2023-07-23T14:28:56+00:00,61,Flag,BLUE,Driver,WAVED BLUE FLAG FOR CAR 24 (ZHO) TIMED AT 16:28:55,24
1120,9133,2023-07-23T14:29:03+00:00,62,Flag,BLUE,Driver,WAVED BLUE FLAG FOR CAR 2 (SAR) TIMED AT 16:29:03,2
1121,9133,2023-07-23T14:29:12+00:00,62,Flag,BLUE,Driver,WAVED BLUE FLAG FOR CAR 20 (MAG) TIMED AT 16:29:11,20
1122,9133,2023-07-23T14:29:27+00:00,62,CarEvent,,,CAR 20 (MAG) MISSED THE APEX OF TURN 7,20
1123,9133,2023-07-23T14:30:41+00:00,63,Other,,,CAR 20 (MAG) TIME 1:27.626 DELETED - TRACK LIMITS AT TURN 7 LAP 60 16:29:04,
1124,9133,2023-07-23T14:31:15+00:00,63,Other,,,CAR 4 (NOR) TIME 1:23.878 DELETED - TRACK LIMITS AT TURN 5 LAP 62 16:29:58,
1125,9133,2023-07-23T14:31:20+00:00,63,Flag,BLUE,Driver,WAVED BLUE FLAG FOR CAR 2 (SAR) TIMED AT 16:31:19,2
1126,9133,2023-07-23T14:31:21+00:00,63,Flag,BLUE,Driver,WAVED BLUE FLAG FOR CAR 27 (HUL) TIMED AT 16:31:20,27
1127,9133,2023-07-23T14:33:26+00:00,65,Flag,BLUE,Driver,WAVED BLUE FLAG FOR CAR 27 (HUL) TIMED AT 16:33:26,27
1128,9133,2023-07-23T14:34:21+00:00,65,Flag,BLUE,Driver,WAVED BLUE FLAG FOR CAR 20 (MAG) TIMED AT 16:34:21,20
1129,9133,2023-07-23T14:34:22+00:00,65,Flag,BLUE,Driver,WAVED BLUE FLAG FOR CAR 18 (STR) TIMED AT 16:34:22,18
1130,9133,2023-07-23T14:34:25+00:00,65,Flag,BLUE,Driver,WAVED BLUE FLAG FOR CAR 22 (TSU) TIMED AT 16:34:24,22
1131,9133,2023-07-23T14:34:54+00:00,66,Flag,BLUE,Driver,WAVED BLUE FLAG FOR CAR 2 (SAR) TIMED AT 16:34:54,2
1132,9133,2023-07-23T14:34:54+00:00,70,Flag,BLUE,Driver,WAVED BLUE FLAG FOR CAR 2 (SAR) TIMED AT 16:34:54,2
1133,9133,2023-07-23T14:35:39+00:00,66,Flag,BLUE,Driver,WAVED BLUE FLAG FOR CAR 27 (HUL) TIMED AT 16:35:38,27
1134,9133,2023-07-23T14:35:39+00:00,70,Flag,BLUE,Driver,WAVED BLUE FLAG FOR CAR 27 (HUL) TIMED AT 16:35:38,27
1135,9133,2023-07-23T14:36:52+00:00,67,Flag,BLUE,Driver,WAVED BLUE FLAG FOR CAR 20 (MAG) TIMED AT 16:36:52,20
1136,9133,2023-07-23T14:36:52+00:00,70,Flag,BLUE,Driver,WAVED BLUE FLAG FOR CAR 20 (MAG) TIMED AT 16:36:52,20
1137,9133,2023-07-23T14:38:39+00:00,69,Flag,DOUBLE YELLOW,Sector,DOUBLE YELLOW IN TRACK SECTOR 10,
1138,9133,2023-07-23T14:38:39+00:00,70,Flag,DOUBLE YELLOW,Sector,DOUBLE YELLOW IN TRACK SECTOR 10,
1139,9133,2023-07-23T14:38:47+00:00,69,Flag,CLEAR,Sector,CLEAR IN TRACK SECTOR 10,
1140,9133,2023-07-23T14:38:47+00:00,70,Flag,CLEAR,Sector,CLEAR IN TRACK SECTOR 10,
1141,9133,2023-07-23T14:39:02+00:00,69,Flag,BLUE,Driver,WAVED BLUE FLAG FOR CAR 2 (SAR) TIMED AT 16:39:01,2
1142,9133,2023-07-23T14:39:02+00:00,70,Flag,BLUE,Driver,WAVED BLUE FLAG FOR CAR 2 (SAR) TIMED AT 16:39:01,2
1143,9133,2023-07-23T14:39:18+00:00,69,Flag,BLUE,Driver,WAVED BLUE FLAG FOR CAR 2 (SAR) TIMED AT 16:39:17,2
1144,9133,2023-07-23T14:39:18+00:00,70,Flag,BLUE,Driver,WAVED BLUE FLAG FOR CAR 2 (SAR) TIMED AT 16:39:17,2
1145,9133,2023-07-23T14:39:25+00:00,69,CarEvent,,,CAR 2 (SAR) SPUN AND CONTINUED AT TURN 6,2
1146,9133,2023-07-23T14:39:25+00:00,70,CarEvent,,,CAR 2 (SAR) SPUN AND CONTINUED AT TURN 6,2
1147,9133,2023-07-23T14:40:22+00:00,70,Flag,BLUE,Driver,WAVED BLUE FLAG FOR CAR 3 (RIC) TIMED AT 16:40:21,3
1148,9133,2023-07-23T14:41:14+00:00,70,Flag,CHEQUERED,Track,CHEQUERED FLAG,
1149,9133,2023-07-23T14:41:15.003000+00:00,70,SessionStatus,,,SESSION FINISHED,
1150,9140,2023-07-29T14:22:16+00:00,1,Other,,,DRS DISABLED IN ZONE 1,
1151,9140,2023-07-29T14:22:44+00:00,1,Other,,,DRS ENABLED IN ZONE 1,
1152,9140,2023-07-29T14:27:34+00:00,1,Other,,,PINK HEAD PADDING MATERIAL MUST BE USED,
1153,9140,2023-07-29T14:32:51+00:00,1,Flag,DOUBLE YELLOW,Sector,DOUBLE YELLOW IN TRACK SECTOR 7,
1154,9140,2023-07-29T14:32:52+00:00,1,Other,,,DRS DISABLED IN ZONE 1,
1155,9140,2023-07-29T14:33:11+00:00,1,Other,,,DRS ENABLED IN ZONE 1,
1156,9140,2023-07-29T14:33:11+00:00,1,Flag,CLEAR,Sector,CLEAR IN TRACK SECTOR 7,
1157,9140,2023-07-29T14:35:00+00:00,1,Flag,GREEN,Track,GREEN LIGHT - PIT EXIT OPEN,
1158,9140,2023-07-29T14:40:00+00:00,1,Other,,,PIT EXIT CLOSED,
1159,9140,2023-07-29T14:42:49+00:00,1,Flag,DOUBLE YELLOW,Sector,DOUBLE YELLOW IN TRACK SECTOR 20,
1160,9140,2023-07-29T14:42:56+00:00,1,Flag,CLEAR,Sector,CLEAR IN TRACK SECTOR 20,
1161,9140,2023-07-29T14:42:58+00:00,1,Flag,YELLOW,Sector,YELLOW IN TRACK SECTOR 19,
1162,9140,2023-07-29T14:43:02+00:00,1,Flag,CLEAR,Sector,CLEAR IN TRACK SECTOR 19,
1163,9140,2023-07-29T14:47:04+00:00,1,Flag,DOUBLE YELLOW,Sector,DOUBLE YELLOW IN TRACK SECTOR 20,
1164,9140,2023-07-29T14:47:10+00:00,1,Flag,YELLOW,Sector,YELLOW IN TRACK SECTOR 19,
1165,9140,2023-07-29T14:48:53+00:00,1,Flag,CLEAR,Sector,CLEAR IN TRACK SECTOR 20,
1166,9140,2023-07-29T14:48:58+00:00,1,Flag,CLEAR,Sector,CLEAR IN TRACK SECTOR 19,
1167,9140,2023-07-29T14:50:08+00:00,1,Other,,,RISK OF RAIN FOR F1 SPRINT IS 100%,
1168,9140,2023-07-29T14:59:38+00:00,1,Other,,,DELAYED START,
1169,9140,2023-07-29T15:00:24+00:00,1,Other,,,AWNINGS MAY BE USED,
1170,9140,2023-07-29T15:01:42+00:00,1,Other,,,TRACK SURFACE SLIPPERY IN TRACK SECTOR 4,
1171,9140,2023-07-29T15:01:46+00:00,1,Flag,CLEAR,Sector,CLEAR IN TRACK SECTOR 4,
1172,9140,2023-07-29T15:05:09+00:00,1,Other,,,DELAYED START,
1173,9140,2023-07-29T15:06:35+00:00,1,Other,,,LOW GRIP CONDITIONS,
1174,9140,2023-07-29T15:06:37+00:00,1,Drs,,,DRS DISABLED,
1175,9140,2023-07-29T15:12:38+00:00,1,Flag,YELLOW,Sector,YELLOW IN TRACK SECTOR 5,
1176,9140,2023-07-29T15:12:39+00:00,1,Flag,CLEAR,Sector,CLEAR IN TRACK SECTOR 5,
1177,9140,2023-07-29T15:15:32+00:00,1,Flag,YELLOW,Sector,YELLOW IN TRACK SECTOR 5,
1178,9140,2023-07-29T15:15:48+00:00,1,Flag,DOUBLE YELLOW,Sector,DOUBLE YELLOW IN TRACK SECTOR 5,
1179,9140,2023-07-29T15:15:50+00:00,1,Flag,YELLOW,Sector,YELLOW IN TRACK SECTOR 5,
1180,9140,2023-07-29T15:15:56+00:00,1,Flag,CLEAR,Sector,CLEAR IN TRACK SECTOR 5,
1181,9140,2023-07-29T15:19:33+00:00,1,Flag,YELLOW,Sector,YELLOW IN TRACK SECTOR 11,
1182,9140,2023-07-29T15:19:34+00:00,1,Other,,,TRACK SURFACE SLIPPERY IN TRACK SECTOR 20,
1183,9140,2023-07-29T15:19:37+00:00,1,Flag,CLEAR,Sector,CLEAR IN TRACK SECTOR 20,
1184,9140,2023-07-29T15:20:05+00:00,1,Flag,DOUBLE YELLOW,Sector,DOUBLE YELLOW IN TRACK SECTOR 12,
1185,9140,2023-07-29T15:20:08+00:00,1,Flag,CLEAR,Sector,CLEAR IN TRACK SECTOR 11,
1186,9140,2023-07-29T15:20:27+00:00,1,Flag,DOUBLE YELLOW,Sector,DOUBLE YELLOW IN TRACK SECTOR 3,
1187,9140,2023-07-29T15:21:08+00:00,1,Other,,,FORMATION LAP WILL START AT 17:35,
1188,9140,2023-07-29T15:21:28+00:00,1,Flag,CLEAR,Sector,CLEAR IN TRACK SECTOR 12,
1189,9140,2023-07-29T15:21:34+00:00,1,Flag,YELLOW,Sector,YELLOW IN TRACK SECTOR 11,
1190,9140,2023-07-29T15:21:46+00:00,1,Flag,DOUBLE YELLOW,Sector,DOUBLE YELLOW IN TRACK SECTOR 2,
1191,9140,2023-07-29T15:22:01+00:00,1,Flag,CLEAR,Sector,CLEAR IN TRACK SECTOR 11,
1192,9140,2023-07-29T15:24:02+00:00,1,Flag,YELLOW,Sector,YELLOW IN TRACK SECTOR 4,
1193,9140,2023-07-29T15:25:06+00:00,1,Other,,,FORMATION LAP WILL BE STARTED BEHIND THE SAFETY CAR ON WET-WEATHER TYRES,
1194,9140,2023-07-29T15:25:51+00:00,1,Flag,YELLOW,Sector,YELLOW IN TRACK SECTOR 11,
1195,9140,2023-07-29T15:26:16+00:00,1,Flag,CLEAR,Sector,CLEAR IN TRACK SECTOR 3,
1196,9140,2023-07-29T15:26:25+00:00,1,Flag,CLEAR,Sector,CLEAR IN TRACK SECTOR 2,
1197,9140,2023-07-29T15:27:12+00:00,1,Flag,CLEAR,Sector,CLEAR IN TRACK SECTOR 11,
1198,9140,2023-07-29T15:28:43+00:00,1,Flag,DOUBLE YELLOW,Sector,DOUBLE YELLOW IN TRACK SECTOR 11,
1199,9140,2023-07-29T15:29:28+00:00,1,Flag,DOUBLE YELLOW,Sector,DOUBLE YELLOW IN TRACK SECTOR 12,
1200,9140,2023-07-29T15:29:29+00:00,1,Flag,CLEAR,Sector,CLEAR IN TRACK SECTOR 11,
1201,9140,2023-07-29T15:29:54+00:00,1,Flag,CLEAR,Sector,CLEAR IN TRACK SECTOR 12,
1202,9140,2023-07-29T15:31:03+00:00,1,Flag,DOUBLE YELLOW,Sector,DOUBLE YELLOW IN TRACK SECTOR 16,
1203,9140,2023-07-29T15:31:20+00:00,1,Flag,CLEAR,Sector,CLEAR IN TRACK SECTOR 4,
1204,9140,2023-07-29T15:31:35+00:00,1,Flag,CLEAR,Sector,CLEAR IN TRACK SECTOR 16,
1205,9140,2023-07-29T15:48:05+00:00,1,Other,,,SAFETY CAR WILL ENTER PITS: ROLLING START PROCEDURE,
1206,9140,2023-07-29T15:50:37.813000+00:00,1,SessionStatus,,,SESSION STARTED,
1207,9140,2023-07-29T15:50:38+00:00,1,Flag,GREEN,Track,GREEN LIGHT - PIT EXIT OPEN,
1208,9140,2023-07-29T15:56:23+00:00,3,Other,,,INCIDENT INVOLVING CAR 2 (SAR) NOTED - SPEEDING IN THE PIT LANE,
1209,9140,2023-07-29T15:56:40+00:00,3,Flag,YELLOW,Sector,YELLOW IN TRACK SECTOR 12,
1210,9140,2023-07-29T15:56:56+00:00,3,SafetyCar,,,SAFETY CAR DEPLOYED,
1211,9140,2023-07-29T15:57:53+00:00,4,Other,,,RECOVERY VEHICLE ON TRACK AT TURN 11,
1212,9140,2023-07-29T15:58:34+00:00,4,Other,,,TURN 2 INCIDENT INVOLVING CARS 14 (ALO) AND 27 (HUL) NOTED - IMPEDING,
1213,9140,2023-07-29T16:00:13+00:00,4,Other,,,FIA STEWARDS: TURN 2 INCIDENT INVOLVING CARS 14 (ALO) AND 27 (HUL) WILL BE INVESTIGATED AFTER THE SPRINT - IMPEDING,
1214,9140,2023-07-29T16:00:54+00:00,5,SafetyCar,,,SAFETY CAR IN THIS LAP,
1215,9140,2023-07-29T16:01:04+00:00,5,Flag,CLEAR,Sector,CLEAR IN TRACK SECTOR 12,
1216,9140,2023-07-29T16:01:15+00:00,5,Other,,,FIA STEWARDS: INCIDENT INVOLVING CAR 2 (SAR) UNDER INVESTIGATION - SPEEDING IN THE PIT LANE,
1217,9140,2023-07-29T16:03:09+00:00,5,Flag,CLEAR,Track,TRACK CLEAR,
1218,9140,2023-07-29T16:03:30+00:00,5,Flag,YELLOW,Sector,YELLOW IN TRACK SECTOR 20,
1219,9140,2023-07-29T16:03:42+00:00,6,Flag,CLEAR,Sector,CLEAR IN TRACK SECTOR 20,
1220,9140,2023-07-29T16:04:01+00:00,6,Other,,,FIA STEWARDS: 5 SECOND TIME PENALTY FOR CAR 2 (SAR) - SPEEDING IN THE PIT LANE,
1221,9140,2023-07-29T16:05:48+00:00,7,Other,,,TURN 15 INCIDENT INVOLVING CARS 11 (PER) AND 44 (HAM) NOTED - CAUSING A COLLISION,
1222,9140,2023-07-29T16:07:09+00:00,7,Flag,YELLOW,Sector,YELLOW IN TRACK SECTOR 15,
1223,9140,2023-07-29T16:07:16+00:00,7,Flag,CLEAR,Sector,CLEAR IN TRACK SECTOR 15,
1224,9140,2023-07-29T16:07:41+00:00,8,Other,,,FIA STEWARDS: TURN 15 INCIDENT INVOLVING CARS 11 (PER) AND 44 (HAM) UNDER INVESTIGATION - CAUSING A COLLISION,
1225,9140,2023-07-29T16:10:45+00:00,9,Other,,,FIA STEWARDS: 5 SECOND TIME PENALTY FOR CAR 44 (HAM) - CAUSING A COLLISION,
1226,9140,2023-07-29T16:15:35+00:00,11,Flag,CHEQUERED,Track,CHEQUERED FLAG,
1227,9140,2023-07-29T16:15:36.390000+00:00,11,SessionStatus,,,SESSION FINISHED,
1228,9140,2023-07-29T16:15:50+00:00,11,Flag,YELLOW,Sector,YELLOW IN TRACK SECTOR 2,
1229,9140,2023-07-29T16:18:31+00:00,11,Flag,YELLOW,Sector,YELLOW IN TRACK SECTOR 11,
1230,9140,2023-07-29T16:18:48+00:00,11,Flag,CLEAR,Sector,CLEAR IN TRACK SECTOR 11,
1231,9140,2023-07-29T16:19:20+00:00,11,Flag,YELLOW,Sector,YELLOW IN TRACK SECTOR 16,
1232,9140,2023-07-29T16:20:58+00:00,11,Flag,YELLOW,Sector,YELLOW IN TRACK SECTOR 19,
1233,9140,2023-07-29T16:21:18+00:00,11,Flag,CLEAR,Sector,CLEAR IN TRACK SECTOR 19,
1234,9140,2023-07-29T16:21:46+00:00,11,Flag,CLEAR,Sector,CLEAR IN TRACK SECTOR 16,
1235,9140,2023-07-29T16:25:02+00:00,11,Flag,CLEAR,Sector,CLEAR IN TRACK SECTOR 2,
1236,9141,2023-07-30T12:06:58+00:00,1,Flag,CLEAR,Sector,CLEAR IN TRACK SECTOR 5,
1237,9141,2023-07-30T12:06:58+00:00,1,Other,,,DRS ENABLED IN ZONE 1,
1238,9141,2023-07-30T12:10:01+00:00,1,Flag,GREEN,Track,GREEN LIGHT - PIT EXIT OPEN,
1239,9141,2023-07-30T12:20:01+00:00,1,Other,,,PIT EXIT CLOSED,
1240,9141,2023-07-30T12:29:37+00:00,1,Flag,DOUBLE YELLOW,Sector,DOUBLE YELLOW IN TRACK SECTOR 16,
1241,9141,2023-07-30T12:29:55+00:00,1,Flag,DOUBLE YELLOW,Sector,DOUBLE YELLOW IN TRACK SECTOR 15,
1242,9141,2023-07-30T12:30:49+00:00,1,Flag,CLEAR,Sector,CLEAR IN TRACK SECTOR 15,
1243,9141,2023-07-30T12:30:51+00:00,1,Flag,CLEAR,Sector,CLEAR IN TRACK SECTOR 16,
1244,9141,2023-07-30T12:45:11+00:00,1,Other,,,RISK OF RAIN FOR F1 RACE IS 40%,
1245,9141,2023-07-30T12:52:15+00:00,1,Flag,YELLOW,Sector,YELLOW IN TRACK SECTOR 20,
1246,9141,2023-07-30T12:52:37+00:00,1,Flag,CLEAR,Sector,CLEAR IN TRACK SECTOR 20,
1247,9141,2023-07-30T12:57:06+00:00,1,Drs,,,DRS DISABLED,
1248,9141,2023-07-30T13:03:45.832000+00:00,1,SessionStatus,,,SESSION STARTED,
1249,9141,2023-07-30T13:03:46+00:00,1,Flag,GREEN,Track,GREEN LIGHT - PIT EXIT OPEN,
1250,9141,2023-07-30T13:06:31+00:00,2,Flag,YELLOW,Sector,YELLOW IN TRACK SECTOR 14,
1251,9141,2023-07-30T13:06:39+00:00,2,Flag,DOUBLE YELLOW,Sector,DOUBLE YELLOW IN TRACK SECTOR 14,
1252,9141,2023-07-30T13:06:41+00:00,2,Flag,YELLOW,Sector,YELLOW IN TRACK SECTOR 13,
1253,9141,2023-07-30T13:07:24+00:00,2,Drs,,,DRS ENABLED,
1254,9141,2023-07-30T13:08:06+00:00,3,Flag,CLEAR,Sector,CLEAR IN TRACK SECTOR 13,
1255,9141,2023-07-30T13:08:06+00:00,3,Flag,CLEAR,Sector,CLEAR IN TRACK SECTOR 14,
1256,9141,2023-07-30T13:08:20+00:00,3,Flag,DOUBLE YELLOW,Sector,DOUBLE YELLOW IN TRACK SECTOR 2,
1257,9141,2023-07-30T13:08:21+00:00,3,Other,,,DRS DISABLED IN ZONE 2,
1258,9141,2023-07-30T13:08:26+00:00,3,Flag,CLEAR,Sector,CLEAR IN TRACK SECTOR 2,
1259,9141,2023-07-30T13:08:26+00:00,3,Other,,,DRS ENABLED IN ZONE 2,
1260,9141,2023-07-30T13:08:54+00:00,3,Other,,,LAP 1 TURN 1 NOTED,
1261,9141,2023-07-30T13:09:29+00:00,4,Other,,,FIA STEWARDS: LAP 1 TURN 1 REVIEWED NO FURTHER INVESTIGATION,
1262,9141,2023-07-30T13:13:35+00:00,6,Other,,,CAR 20 (MAG) LAP DELETED - TRACK LIMITS AT TURN 11 LAP 5 15:12:39 (PIT),
1263,9141,2023-07-30T13:22:28+00:00,10,Other,,,CAR 2 (SAR) TIME 2:07.068 DELETED - TRACK LIMITS AT TURN 9 LAP 9 15:20:28,
1264,9141,2023-07-30T13:23:16+00:00,11,Other,,,CAR 27 (HUL) TIME 1:54.655 DELETED - TRACK LIMITS AT TURN 11 LAP 10 15:22:16,
1265,9141,2023-07-30T13:24:58+00:00,12,Other,,,CAR 55 (SAI) TIME 1:53.893 DELETED - TRACK LIMITS AT TURN 4 LAP 10 15:21:46,
1266,9141,2023-07-30T13:28:26+00:00,14,Other,,,BETWEEN TURN 4 AND 5 INCIDENT INVOLVING CAR 44 (HAM) NOTED - WEAVING ON STRAIGHT,
1267,9141,2023-07-30T13:30:17+00:00,15,Other,,,FIA STEWARDS: BETWEEN TURN 4 AND 5 INCIDENT INVOLVING CAR 44 (HAM) REVIEWED NO FURTHER INVESTIGATION - WEAVING ON STRAIGHT,
1268,9141,2023-07-30T13:31:03+00:00,15,Other,,,CAR 22 (TSU) TIME 1:52.504 DELETED - TRACK LIMITS AT TURN 9 LAP 13 15:27:51,
1269,9141,2023-07-30T13:33:47+00:00,16,Other,,,CAR 22 (TSU) TIME 1:52.963 DELETED - TRACK LIMITS AT TURN 9 LAP 14 15:29:44,
1270,9141,2023-07-30T13:40:37+00:00,20,Other,,,TRACK SURFACE SLIPPERY IN TRACK SECTOR 12,
1271,9141,2023-07-30T13:40:39+00:00,20,Flag,CLEAR,Sector,CLEAR IN TRACK SECTOR 12,
1272,9141,2023-07-30T13:43:33+00:00,22,Other,,,CAR 1 (VER) TIME 1:54.915 DELETED - TRACK LIMITS AT TURN 4 LAP 21 15:41:55,
1273,9141,2023-07-30T13:43:39+00:00,22,Other,,,TRACK SURFACE SLIPPERY IN TRACK SECTOR 20,
1274,9141,2023-07-30T13:43:39+00:00,22,Flag,CLEAR,Sector,CLEAR IN TRACK SECTOR 20,
1275,9141,2023-07-30T13:44:44+00:00,22,Other,,,CAR 55 (SAI) TIME 2:00.162 DELETED - TRACK LIMITS AT TURN 11 LAP 21 15:43:44,
1276,9141,2023-07-30T13:45:36+00:00,23,Other,,,CAR 11 (PER) TIME 1:56.286 DELETED - TRACK LIMITS AT TURN 11 LAP 22 15:44:37,
1277,9141,2023-07-30T13:58:00+00:00,29,Other,,,CAR 23 (ALB) TIME 1:52.076 DELETED - TRACK LIMITS AT TURN 9 LAP 28 15:56:43,
1278,9141,2023-07-30T14:07:20+00:00,34,Other,,,CAR 2 (SAR) TIME 1:53.556 DELETED - TRACK LIMITS AT TURN 4 LAP 33 16:05:43,
1279,9141,2023-07-30T14:12:34+00:00,37,Other,,,CAR 4 (NOR) TIME 1:52.433 DELETED - TRACK LIMITS AT TURN 4 LAP 36 16:10:59,
1280,9141,2023-07-30T14:13:11+00:00,37,Other,,,CAR 2 (SAR) TIME 1:50.236 DELETED - TRACK LIMITS AT TURN 4 LAP 36 16:11:39,
1281,9141,2023-07-30T14:13:17+00:00,37,Flag,BLACK AND WHITE,Driver,BLACK AND WHITE FLAG FOR CAR 2 (SAR) - TRACK LIMITS,2
1282,9141,2023-07-30T14:13:52+00:00,38,Other,,,CAR 44 (HAM) TIME 1:51.428 DELETED - TRACK LIMITS AT TURN 9 LAP 37 16:12:51,
1283,9141,2023-07-30T14:16:07+00:00,39,Other,,,CAR 3 (RIC) TIME 1:53.131 DELETED - TRACK LIMITS AT TURN 15 LAP 37 16:14:15,
1284,9141,2023-07-30T14:26:16+00:00,44,Flag,CHEQUERED,Track,CHEQUERED FLAG,
1285,9141,2023-07-30T14:26:16.481000+00:00,44,SessionStatus,,,SESSION FINISHED,
1286,9141,2023-07-30T14:26:25+00:00,44,Flag,YELLOW,Sector,YELLOW IN TRACK SECTOR 2,
1287,9141,2023-07-30T14:26:26+00:00,44,Other,,,DRS DISABLED IN ZONE 2,
1288,9141,2023-07-30T14:28:26+00:00,44,Flag,DOUBLE YELLOW,Sector,DOUBLE YELLOW IN TRACK SECTOR 16,
1289,9141,2023-07-30T14:29:32+00:00,44,Flag,CLEAR,Sector,CLEAR IN TRACK SECTOR 16,
1290,9141,2023-07-30T14:32:31+00:00,44,Other,,,DRS ENABLED IN ZONE 2,
1291,9141,2023-07-30T14:32:31+00:00,44,Flag,CLEAR,Sector,CLEAR IN TRACK SECTOR 2,
1292,9149,2023-08-27T12:05:53+00:00,1,Other,,,PINK HEAD PADDING MATERIAL MUST BE USED,
1293,9149,2023-08-27T12:10:01+00:00,1,Flag,GREEN,Track,GREEN LIGHT - PIT EXIT OPEN,
1294,9149,2023-08-27T12:20:01+00:00,1,Other,,,PIT EXIT CLOSED,
1295,9149,2023-08-27T12:21:01+00:00,1,Flag,YELLOW,Sector,YELLOW IN TRACK SECTOR 11,
1296,9149,2023-08-27T12:21:04+00:00,1,Flag,CLEAR,Sector,CLEAR IN TRACK SECTOR 11,
1297,9149,2023-08-27T12:21:21+00:00,1,Flag,YELLOW,Sector,YELLOW IN TRACK SECTOR 11,
1298,9149,2023-08-27T12:21:33+00:00,1,Flag,CLEAR,Sector,CLEAR IN TRACK SECTOR 11,
1299,9149,2023-08-27T12:45:06+00:00,1,Other,,,RISK OF RAIN FOR F1 RACE IS 70%,
1300,9149,2023-08-27T12:57:05+00:00,1,Drs,,,DRS DISABLED,
1301,9149,2023-08-27T13:03:05+00:00,1,Flag,GREEN,Track,GREEN LIGHT - PIT EXIT OPEN,
1302,9149,2023-08-27T13:03:05.333000+00:00,1,SessionStatus,,,SESSION STARTED,
1303,9149,2023-08-27T13:04:34+00:00,1,Other,,,LOW GRIP CONDITIONS,
1304,9149,2023-08-27T13:07:16+00:00,3,Other,,,PIT LANE INCIDENT INVOLVING CARS 20 (MAG) AND 40 (LAW) NOTED - IMPEDING,
1305,9149,2023-08-27T13:08:20+00:00,4,CarEvent,,,CAR 16 (LEC) OFF TRACK AND CONTINUED AT TURN 11,16
1306,9149,2023-08-27T13:09:36+00:00,5,Other,,,FIA STEWARDS: PIT LANE INCIDENT INVOLVING CARS 20 (MAG) AND 40 (LAW) UNDER INVESTIGATION - IMPEDING,
1307,9149,2023-08-27T13:10:44+00:00,5,CarEvent,,,CAR 23 (ALB) OFF TRACK AND CONTINUED AT TURN 11,23
1308,9149,2023-08-27T13:11:36+00:00,6,Other,,,FIA STEWARDS: 10 SECOND TIME PENALTY FOR CAR 40 (LAW) - IMPEDING,
1309,9149,2023-08-27T13:12:05+00:00,6,CarEvent,,,CAR 10 (GAS) OFF TRACK AND CONTINUED AT TURN 3,10
1310,9149,2023-08-27T13:12:48+00:00,7,Other,,,CAR 10 (GAS) TIME 1:24.920 DELETED - TRACK LIMITS AT TURN 3 LAP 6 15:11:22,
1311,9149,2023-08-27T13:13:17+00:00,7,Flag,BLUE,Driver,WAVED BLUE FLAG FOR CAR 2 (SAR) TIMED AT 15:13:17,2
1312,9149,2023-08-27T13:14:34+00:00,8,Flag,BLUE,Driver,WAVED BLUE FLAG FOR CAR 2 (SAR) TIMED AT 15:14:34,2
1313,9149,2023-08-27T13:15:03+00:00,8,Flag,BLUE,Driver,WAVED BLUE FLAG FOR CAR 2 (SAR) TIMED AT 15:15:03,2
1314,9149,2023-08-27T13:15:18+00:00,9,Flag,BLUE,Driver,WAVED BLUE FLAG FOR CAR 2 (SAR) TIMED AT 15:15:18,2
1315,9149,2023-08-27T13:16:50+00:00,10,Flag,BLUE,Driver,WAVED BLUE FLAG FOR CAR 2 (SAR) TIMED AT 15:16:49,2
1316,9149,2023-08-27T13:17:54+00:00,10,Drs,,,DRS ENABLED,
1317,9149,2023-08-27T13:23:14+00:00,14,Other,,,INCIDENT INVOLVING CAR 10 (GAS) UNDER INVESTIGATION - SPEEDING IN THE PIT LANE,
1318,9149,2023-08-27T13:25:25+00:00,16,Flag,YELLOW,Sector,YELLOW IN TRACK SECTOR 10,
1319,9149,2023-08-27T13:25:41+00:00,16,Flag,DOUBLE YELLOW,Sector,DOUBLE YELLOW IN TRACK SECTOR 10,
1320,9149,2023-08-27T13:25:43+00:00,16,Flag,YELLOW,Sector,YELLOW IN TRACK SECTOR 9,
1321,9149,2023-08-27T13:26:04+00:00,16,SafetyCar,,,SAFETY CAR DEPLOYED,
1322,9149,2023-08-27T13:27:07+00:00,17,Other,,,FIA STEWARDS: 5 SECOND TIME PENALTY FOR CAR 10 (GAS) - SPEEDING IN THE PIT LANE,
1323,9149,2023-08-27T13:28:08+00:00,17,Other,,,RECOVERY VEHICLE ON TRACK AT TURN 8,
1324,9149,2023-08-27T13:33:03+00:00,20,Flag,CLEAR,Sector,CLEAR IN TRACK SECTOR 10,
1325,9149,2023-08-27T13:33:06+00:00,20,Flag,CLEAR,Sector,CLEAR IN TRACK SECTOR 9,
1326,9149,2023-08-27T13:34:57+00:00,21,SafetyCar,,,SAFETY CAR IN THIS LAP,
1327,9149,2023-08-27T13:36:19+00:00,21,Flag,CLEAR,Track,TRACK CLEAR,
1328,9149,2023-08-27T13:39:14+00:00,24,Drs,,,DRS ENABLED,
1329,9149,2023-08-27T13:40:21+00:00,24,Other,,,TURN 1 INCIDENT INVOLVING CARS 20 (MAG) AND 23 (ALB) NOTED - MOVING UNDER BRAKING ,
1330,9149,2023-08-27T13:41:15+00:00,25,Flag,BLACK AND WHITE,Driver,BLACK AND WHITE FLAG FOR CAR 20 (MAG) - MOVING UNDER BRAKING ,20
1331,9149,2023-08-27T13:43:02+00:00,27,Other,,,TURN 1 INCIDENT INVOLVING CARS 22 (TSU) AND 31 (OCO) NOTED - FORCING ANOTHER DRIVER OFF THE TRACK,
1332,9149,2023-08-27T13:45:41+00:00,29,Flag,BLACK AND WHITE,Driver,BLACK AND WHITE FLAG FOR CAR 22 (TSU) - FORCING ANOTHER DRIVER OFF THE TRACK,22
1333,9149,2023-08-27T14:17:50+00:00,54,Other,,,TURN 1 INCIDENT INVOLVING CARS 22 (TSU) AND 63 (RUS) NOTED - CAUSING A COLLISION,
1334,9149,2023-08-27T14:18:16+00:00,54,Other,,,FIA STEWARDS: TURN 1 INCIDENT INVOLVING CARS 22 (TSU) AND 63 (RUS) UNDER INVESTIGATION - CAUSING A COLLISION,
1335,9149,2023-08-27T14:25:28+00:00,60,Flag,BLUE,Driver,WAVED BLUE FLAG FOR CAR 40 (LAW) TIMED AT 16:25:27,40
1336,9149,2023-08-27T14:25:41+00:00,60,Flag,BLUE,Driver,WAVED BLUE FLAG FOR CAR 40 (LAW) TIMED AT 16:25:40,40
1337,9149,2023-08-27T14:27:19+00:00,62,Flag,BLUE,Driver,WAVED BLUE FLAG FOR CAR 40 (LAW) TIMED AT 16:27:19,40
1338,9149,2023-08-27T14:27:30+00:00,62,Flag,BLUE,Driver,WAVED BLUE FLAG FOR CAR 77 (BOT) TIMED AT 16:27:29,77
1339,9149,2023-08-27T14:27:35+00:00,62,Drs,,,DRS DISABLED,
1340,9149,2023-08-27T14:28:01+00:00,62,Flag,BLUE,Driver,WAVED BLUE FLAG FOR CAR 40 (LAW) TIMED AT 16:28:01,40
1341,9149,2023-08-27T14:29:14+00:00,63,Other,,,FIA STEWARDS: 5 SECOND TIME PENALTY FOR CAR 22 (TSU) - CAUSING A COLLISION,
1342,9149,2023-08-27T14:29:23+00:00,63,Flag,YELLOW,Sector,YELLOW IN TRACK SECTOR 2,
1343,9149,2023-08-27T14:29:30+00:00,63,Flag,CLEAR,Sector,CLEAR IN TRACK SECTOR 2,
1344,9149,2023-08-27T14:30:11+00:00,63,Flag,YELLOW,Sector,YELLOW IN TRACK SECTOR 2,
1345,9149,2023-08-27T14:30:21+00:00,63,Flag,DOUBLE YELLOW,Sector,DOUBLE YELLOW IN TRACK SECTOR 2,
1346,9149,2023-08-27T14:30:29+00:00,64,SafetyCar,,,VIRTUAL SAFETY CAR DEPLOYED,
1347,9149,2023-08-27T14:31:15.895000+00:00,64,SessionStatus,,,SESSION ABORTED,
1348,9149,2023-08-27T14:31:16+00:00,64,Flag,RED,Track,RED FLAG,
1349,9149,2023-08-27T14:31:16+00:00,64,Flag,CLEAR,Sector,CLEAR IN TRACK SECTOR 2,
1350,9149,2023-08-27T14:34:45+00:00,65,Other,,,AWNINGS MAY BE USED,
1351,9149,2023-08-27T14:38:09+00:00,65,Other,,,"ORDER FOR RESTART: 1, 14, 11, 10, 55, 44, 4, 63, 23, 81, 31, 22, 18, 27, 77, 40, 20 ",
1352,9149,2023-08-27T15:03:31+00:00,65,Other,,,RACE WILL RESUME AT 17:14,
1353,9149,2023-08-27T15:05:32+00:00,65,Other,,,USE OF INTERMEDIATE TYRES IS MANDATORY,
1354,9149,2023-08-27T15:07:08+00:00,65,Other,,,RACE WILL RESUME AT 17:14 - ROLLING START PROCEDURE,
1355,9149,2023-08-27T15:09:49+00:00,65,Other,,,THE SAFETY CAR WILL STAY OUT FOR 2 LAPS ,
1356,9149,2023-08-27T15:10:39+00:00,65,Flag,CLEAR,Track,TRACK CLEAR,
1357,9149,2023-08-27T15:14:00.131000+00:00,65,SessionStatus,,,SESSION STARTED,
1358,9149,2023-08-27T15:17:24+00:00,66,Other,,,SAFETY CAR WILL ENTER PITS: ROLLING START PROCEDURE,
1359,9149,2023-08-27T15:19:36+00:00,67,Other,,,INCIDENT INVOLVING CAR 11 (PER) NOTED - SPEEDING IN THE PIT LANE,
1360,9149,2023-08-27T15:19:45+00:00,67,Other,,,FIA STEWARDS: INCIDENT INVOLVING CAR 11 (PER) UNDER INVESTIGATION - SPEEDING IN THE PIT LANE,
1361,9149,2023-08-27T15:20:00+00:00,67,Other,,,FIA STEWARDS: 5 SECOND TIME PENALTY FOR CAR 11 (PER) - SPEEDING IN THE PIT LANE,
1362,9149,2023-08-27T15:20:59+00:00,68,Other,,,TRACK SURFACE SLIPPERY IN TRACK SECTOR 14,
1363,9149,2023-08-27T15:21:40+00:00,68,Other,,,TURN 11 INCIDENT INVOLVING CARS 4 (NOR) AND 63 (RUS) NOTED - CAUSING A COLLISION,
1364,9149,2023-08-27T15:23:38+00:00,70,Flag,CLEAR,Sector,CLEAR IN TRACK SECTOR 14,
1365,9149,2023-08-27T15:23:53+00:00,70,Other,,,FIA STEWARDS: TURN 11 INCIDENT INVOLVING CARS 4 (NOR) AND 63 (RUS) REVIEWED NO FURTHER INVESTIGATION - CAUSING A COLLISION,
1366,9149,2023-08-27T15:27:08+00:00,72,Flag,CHEQUERED,Track,CHEQUERED FLAG,
1367,9149,2023-08-27T15:27:09.992000+00:00,72,SessionStatus,,,SESSION FINISHED,
1368,9149,2023-08-27T15:38:47+00:00,72,Other,,,INCIDENT INVOLVING CAR 20 (MAG) NOTED - RESTART INFRINGEMENT ,
1369,9149,2023-08-27T15:39:11+00:00,72,Other,,,FIA STEWARDS: INCIDENT INVOLVING CAR 20 (MAG) UNDER INVESTIGATION - RESTART INFRINGEMENT ,
1370,9157,2023-09-03T12:02:18+00:00,1,Other,,,PINK HEAD PADDING MATERIAL MUST BE USED,
1371,9157,2023-09-03T12:10:00+00:00,1,Flag,GREEN,Track,GREEN LIGHT - PIT EXIT OPEN,
1372,9157,2023-09-03T12:20:00+00:00,1,Other,,,PIT EXIT CLOSED,
1373,9157,2023-09-03T12:45:27+00:00,1,Other,,,RISK OF RAIN FOR F1 RACE IS 0%,
1374,9157,2023-09-03T12:49:15+00:00,1,Other,,,PIT LANE ENTRY CLOSED,
1375,9157,2023-09-03T12:49:19+00:00,1,Other,,,PIT LANE ENTRY OPEN,
1376,9157,2023-09-03T12:57:04+00:00,1,Drs,,,DRS DISABLED,
1377,9157,2023-09-03T13:03:08+00:00,1,Other,,,ABORTED START,
1378,9157,2023-09-03T13:03:39+00:00,1,Flag,DOUBLE YELLOW,Sector,DOUBLE YELLOW IN TRACK SECTOR 14,
1379,9157,2023-09-03T13:03:41+00:00,1,Flag,DOUBLE YELLOW,Sector,DOUBLE YELLOW IN TRACK SECTOR 13,
1380,9157,2023-09-03T13:12:59+00:00,1,Flag,CLEAR,Sector,CLEAR IN TRACK SECTOR 14,
1381,9157,2023-09-03T13:13:01+00:00,1,Flag,CLEAR,Sector,CLEAR IN TRACK SECTOR 13,
1382,9157,2023-09-03T13:13:20+00:00,1,Other,,,FORMATION LAP WILL START AT 15:20,
1383,9157,2023-09-03T13:23:22.770000+00:00,1,SessionStatus,,,SESSION STARTED,
1384,9157,2023-09-03T13:23:23+00:00,1,Flag,GREEN,Track,GREEN LIGHT - PIT EXIT OPEN,
1385,9157,2023-09-03T13:26:28+00:00,3,Drs,,,DRS ENABLED,
1386,9157,2023-09-03T13:29:28+00:00,5,Other,,,CAR 14 (ALO) TIME 1:27.546 DELETED - TRACK LIMITS AT TURN 10 LAP 3 15:27:31,
1387,9157,2023-09-03T13:31:29+00:00,6,Other,,,CAR 4 (NOR) TIME 1:27.142 DELETED - TRACK LIMITS AT TURN 7 LAP 5 15:30:09,
1388,9157,2023-09-03T13:43:45+00:00,15,Other,,,CAR 63 (RUS) TIME 1:27.285 DELETED - TRACK LIMITS AT TURN 2 LAP 14 15:42:27,
1389,9157,2023-09-03T13:43:49+00:00,15,Other,,,CAR 11 (PER) TIME 1:27.451 DELETED - TRACK LIMITS AT TURN 2 LAP 14 15:42:27,
1390,9157,2023-09-03T13:53:44+00:00,21,Other,,,TURN 2 INCIDENT INVOLVING CARS 63 (RUS) AND 31 (OCO) NOTED - LEAVING THE TRACK AND GAINING AN ADVANTAGE,
1391,9157,2023-09-03T13:55:41+00:00,23,Other,,,FIA STEWARDS: TURN 2 INCIDENT INVOLVING CARS 63 (RUS) AND 31 (OCO) UNDER INVESTIGATION - LEAVING THE TRACK AND GAINING AN ADVANTAGE,
1392,9157,2023-09-03T13:57:32+00:00,24,Other,,,FIA STEWARDS: 5 SECOND TIME PENALTY FOR CAR 63 (RUS) - LEAVING THE TRACK AND GAINING AN ADVANTAGE,
1393,9157,2023-09-03T13:59:00+00:00,25,Other,,,TURN 1 INCIDENT INVOLVING CARS 4 (NOR) AND 81 (PIA) NOTED - CAUSING A COLLISION,
1394,9157,2023-09-03T14:02:19+00:00,27,Other,,,FIA STEWARDS: TURN 1 INCIDENT INVOLVING CARS 4 (NOR) AND 81 (PIA) REVIEWED NO FURTHER INVESTIGATION - CAUSING A COLLISION,
1395,9157,2023-09-03T14:19:30+00:00,39,Other,,,CAR 4 (NOR) TIME 1:27.567 DELETED - TRACK LIMITS AT TURN 2 LAP 38 16:18:11,
1396,9157,2023-09-03T14:20:04+00:00,40,Flag,BLUE,Driver,WAVED BLUE FLAG FOR CAR 20 (MAG) TIMED AT 16:20:03,20
1397,9157,2023-09-03T14:20:22+00:00,40,Flag,BLUE,Driver,WAVED BLUE FLAG FOR CAR 20 (MAG) TIMED AT 16:20:22,20
1398,9157,2023-09-03T14:21:08+00:00,40,Flag,BLUE,Driver,WAVED BLUE FLAG FOR CAR 31 (OCO) TIMED AT 16:21:07,31
1399,9157,2023-09-03T14:22:09+00:00,41,Other,,,CAR 81 (PIA) TIME 1:26.853 DELETED - TRACK LIMITS AT TURN 5 LAP 40 16:20:57,
1400,9157,2023-09-03T14:22:11+00:00,41,Other,,,CAR 44 (HAM) TIME 1:26.658 DELETED - TRACK LIMITS AT TURN 5 LAP 40 16:20:58,
1401,9157,2023-09-03T14:22:43+00:00,42,Other,,,TURN 4 INCIDENT INVOLVING CARS 81 (PIA) AND 44 (HAM) NOTED - CAUSING A COLLISION,
1402,9157,2023-09-03T14:24:18+00:00,43,Other,,,CAR 44 (HAM) TIME 1:27.501 DELETED - TRACK LIMITS AT TURN 4 LAP 41 16:22:25,
1403,9157,2023-09-03T14:24:30+00:00,43,Other,,,FIA STEWARDS: TURN 4 INCIDENT INVOLVING CARS 81 (PIA) AND 44 (HAM) UNDER INVESTIGATION - CAUSING A COLLISION,
1404,9157,2023-09-03T14:26:13+00:00,44,Other,,,CAR 11 (PER) TIME 1:26.624 DELETED - TRACK LIMITS AT TURN 2 LAP 43 16:24:54,
1405,9157,2023-09-03T14:26:29+00:00,44,Other,,,FIA STEWARDS: 5 SECOND TIME PENALTY FOR CAR 44 (HAM) - CAUSING A COLLISION,
1406,9157,2023-09-03T14:27:18+00:00,45,Other,,,TURN 5 INCIDENT INVOLVING CARS 2 (SAR) AND 77 (BOT) NOTED - CAUSING A COLLISION,
1407,9157,2023-09-03T14:28:07+00:00,45,Other,,,CAR 77 (BOT) TIME 1:27.753 DELETED - TRACK LIMITS AT TURN 5 LAP 43 16:25:38,
1408,9157,2023-09-03T14:28:08+00:00,45,Other,,,CAR 2 (SAR) TIME 1:29.385 DELETED - TRACK LIMITS AT TURN 5 LAP 43 16:25:38,
1409,9157,2023-09-03T14:28:31+00:00,46,Other,,,FIA STEWARDS: TURN 5 INCIDENT INVOLVING CARS 2 (SAR) AND 77 (BOT) UNDER INVESTIGATION - CAUSING A COLLISION,
1410,9157,2023-09-03T14:28:58+00:00,46,Other,,,CAR 11 (PER) TIME 1:26.573 DELETED - TRACK LIMITS AT TURN 2 LAP 45 16:27:38,
1411,9157,2023-09-03T14:31:44+00:00,48,Other,,,CAR 55 (SAI) TIME 1:27.096 DELETED - TRACK LIMITS AT TURN 5 LAP 47 16:30:34,
1412,9157,2023-09-03T14:31:45+00:00,48,Other,,,CAR 16 (LEC) TIME 1:27.371 DELETED - TRACK LIMITS AT TURN 5 LAP 47 16:30:34,
1413,9157,2023-09-03T14:35:26+00:00,50,Other,,,FIA STEWARDS: 5 SECOND TIME PENALTY FOR CAR 2 (SAR) - CAUSING A COLLISION,
1414,9157,2023-09-03T14:43:29.950000+00:00,51,SessionStatus,,,SESSION FINISHED,
1415,9165,2023-09-17T11:10:01+00:00,1,Flag,GREEN,Track,GREEN LIGHT - PIT EXIT OPEN,
1416,9165,2023-09-17T11:20:01+00:00,1,Other,,,PIT EXIT CLOSED,
1417,9165,2023-09-17T11:45:35+00:00,1,Other,,,RISK OF RAIN FOR THIS SESSION IS 10%,
1418,9165,2023-09-17T11:57:11+00:00,1,Drs,,,DRS DISABLED,
1419,9165,2023-09-17T12:03:44.658000+00:00,1,SessionStatus,,,SESSION STARTED,
1420,9165,2023-09-17T12:03:45+00:00,1,Flag,GREEN,Track,GREEN LIGHT - PIT EXIT OPEN,
1421,9165,2023-09-17T12:05:21+00:00,1,Flag,YELLOW,Sector,YELLOW IN TRACK SECTOR 13,
1422,9165,2023-09-17T12:05:26+00:00,1,Flag,CLEAR,Sector,CLEAR IN TRACK SECTOR 13,
1423,9165,2023-09-17T12:05:38+00:00,2,Flag,YELLOW,Sector,YELLOW IN TRACK SECTOR 13,
1424,9165,2023-09-17T12:05:55+00:00,2,Flag,CLEAR,Sector,CLEAR IN TRACK SECTOR 13,
1425,9165,2023-09-17T12:07:13+00:00,3,Drs,,,DRS ENABLED,
1426,9165,2023-09-17T12:08:46+00:00,3,Other,,,TURN 2 INCIDENT INVOLVING CAR 44 (HAM) NOTED - LEAVING THE TRACK AND GAINING AN ADVANTAGE,
1427,9165,2023-09-17T12:10:53+00:00,5,Other,,,FIA STEWARDS: TURN 2 INCIDENT INVOLVING CAR 44 (HAM) REVIEWED NO FURTHER INVESTIGATION - LEAVING THE TRACK AND GAINING AN ADVANTAGE,
1428,9165,2023-09-17T12:20:39+00:00,11,Other,,,CAR 10 (GAS) TIME 1:41.829 DELETED - TRACK LIMITS AT TURN 7 LAP 6 20:12:55,
1429,9165,2023-09-17T12:35:04+00:00,19,Flag,YELLOW,Sector,YELLOW IN TRACK SECTOR 7,
1430,9165,2023-09-17T12:35:04+00:00,19,Flag,DOUBLE YELLOW,Sector,DOUBLE YELLOW IN TRACK SECTOR 7,
1431,9165,2023-09-17T12:35:24+00:00,19,Flag,CLEAR,Sector,CLEAR IN TRACK SECTOR 7,
1432,9165,2023-09-17T12:35:36+00:00,20,Other,,,TRACK SURFACE SLIPPERY IN TRACK SECTOR 7,
1433,9165,2023-09-17T12:36:41+00:00,20,SafetyCar,,,SAFETY CAR DEPLOYED,
1434,9165,2023-09-17T12:36:41+00:00,20,Flag,CLEAR,Sector,CLEAR IN TRACK SECTOR 7,
1435,9165,2023-09-17T12:39:51+00:00,21,Other,,,INCIDENT INVOLVING CAR 14 (ALO) NOTED - FAILING TO FOLLOW RACE DIRECTORS INSTRUCTIONS – CROSSING THE LINE AT PIT ENTRY,
1436,9165,2023-09-17T12:40:52+00:00,22,Other,,,FIA STEWARDS: INCIDENT INVOLVING CAR 14 (ALO) UNDER INVESTIGATION - FAILING TO FOLLOW RACE DIRECTORS INSTRUCTIONS – CROSSING THE LINE AT PIT ENTRY,
1437,9165,2023-09-17T12:41:01+00:00,22,SafetyCar,,,SAFETY CAR IN THIS LAP,
1438,9165,2023-09-17T12:42:50+00:00,22,Flag,CLEAR,Track,TRACK CLEAR,
1439,9165,2023-09-17T12:43:50+00:00,23,Other,,,FIA STEWARDS: 5 SECOND TIME PENALTY FOR CAR 14 (ALO) - FAILING TO FOLLOW RACE DIRECTORS INSTRUCTIONS – CROSSING THE LINE AT PIT ENTRY,
1440,9165,2023-09-17T12:45:01+00:00,24,Other,,,CAR 16 (LEC) TIME 1:43.955 DELETED - TRACK LIMITS AT TURN 7 LAP 23 20:43:44,
1441,9165,2023-09-17T12:46:31+00:00,25,Drs,,,DRS ENABLED,
1442,9165,2023-09-17T12:47:24+00:00,25,Other,,,CAR 44 (HAM) TIME 1:40.957 DELETED - TRACK LIMITS AT TURN 7 LAP 24 20:45:28,
1443,9165,2023-09-17T12:49:48+00:00,26,Flag,BLACK AND WHITE,Driver,BLACK AND WHITE FLAG FOR CAR 20 (MAG) - FORCING ANOTHER DRIVER OFF THE TRACK,20
1444,9165,2023-09-17T12:55:40+00:00,30,Other,,,CAR 14 (ALO) TIME 1:41.292 DELETED - TRACK LIMITS AT TURN 2 LAP 29 20:53:28,
1445,9165,2023-09-17T13:05:41+00:00,36,Other,,,TURN 7 INCIDENT INVOLVING CARS 10 (GAS) AND 20 (MAG) NOTED - FORCING ANOTHER DRIVER OFF THE TRACK,
1446,9165,2023-09-17T13:07:10+00:00,37,Other,,,CAR 20 (MAG) TIME 1:42.612 DELETED - TRACK LIMITS AT TURN 7 LAP 35 21:04:00,
1447,9165,2023-09-17T13:07:47+00:00,37,Other,,,CAR 20 (MAG) TIME 1:48.130 DELETED - TRACK LIMITS AT TURN 2 LAP 36 21:05:18,
1448,9165,2023-09-17T13:14:01+00:00,41,Other,,,CAR 27 (HUL) TIME 1:42.010 DELETED - TRACK LIMITS AT TURN 7 LAP 39 21:10:47,
1449,9165,2023-09-17T13:17:10+00:00,43,Flag,DOUBLE YELLOW,Sector,DOUBLE YELLOW IN TRACK SECTOR 2,
1450,9165,2023-09-17T13:17:12+00:00,43,Other,,,DRS DISABLED IN ZONE 3,
1451,9165,2023-09-17T13:17:27+00:00,43,Flag,YELLOW,Sector,YELLOW IN TRACK SECTOR 1,
1452,9165,2023-09-17T13:18:06+00:00,44,SafetyCar,,,VIRTUAL SAFETY CAR DEPLOYED,
1453,9165,2023-09-17T13:21:23+00:00,45,Flag,CLEAR,Sector,CLEAR IN TRACK SECTOR 1,
1454,9165,2023-09-17T13:21:26+00:00,45,Flag,CLEAR,Sector,CLEAR IN TRACK SECTOR 2,
1455,9165,2023-09-17T13:21:29+00:00,45,SafetyCar,,,VIRTUAL SAFETY CAR ENDING,
1456,9165,2023-09-17T13:21:44+00:00,45,Flag,CLEAR,Track,TRACK CLEAR,
1457,9165,2023-09-17T13:21:55+00:00,45,Drs,,,DRS ENABLED,
1458,9165,2023-09-17T13:22:57+00:00,46,Other,,,FIA STEWARDS: TURN 7 INCIDENT INVOLVING CARS 10 (GAS) AND 20 (MAG) REVIEWED NO FURTHER INVESTIGATION - FORCING ANOTHER DRIVER OFF THE TRACK,
1459,9165,2023-09-17T13:24:47+00:00,47,Flag,YELLOW,Sector,YELLOW IN TRACK SECTOR 13,
1460,9165,2023-09-17T13:24:49+00:00,47,Other,,,DRS DISABLED IN ZONE 2,
1461,9165,2023-09-17T13:24:50+00:00,47,Flag,DOUBLE YELLOW,Sector,DOUBLE YELLOW IN TRACK SECTOR 13,
1462,9165,2023-09-17T13:25:03+00:00,47,Flag,CLEAR,Sector,CLEAR IN TRACK SECTOR 13,
1463,9165,2023-09-17T13:25:03+00:00,47,Other,,,DRS ENABLED IN ZONE 2,
1464,9165,2023-09-17T13:25:29+00:00,47,CarEvent,,,CAR 14 (ALO) OFF TRACK AND CONTINUED AT TURN 14,14
1465,9165,2023-09-17T13:29:59+00:00,50,Other,,,PIT EXIT INCIDENT INVOLVING CARS 11 (PER) AND 23 (ALB) NOTED - VSC INFRINGEMENT,
1466,9165,2023-09-17T13:31:48+00:00,51,Other,,,FIA STEWARDS: PIT EXIT INCIDENT INVOLVING CARS 11 (PER) AND 23 (ALB) WILL BE INVESTIGATED AFTER THE RACE - VSC INFRINGEMENT,
1467,9165,2023-09-17T13:33:17+00:00,52,Other,,,CAR 63 (RUS) TIME 1:36.757 DELETED - TRACK LIMITS AT TURN 19 LAP 51 21:32:20,
1468,9165,2023-09-17T13:34:42+00:00,53,Flag,YELLOW,Sector,YELLOW IN TRACK SECTOR 13,
1469,9165,2023-09-17T13:34:44+00:00,53,Other,,,DRS DISABLED IN ZONE 2,
1470,9165,2023-09-17T13:34:45+00:00,53,Flag,CLEAR,Sector,CLEAR IN TRACK SECTOR 13,
1471,9165,2023-09-17T13:34:45+00:00,53,Other,,,DRS ENABLED IN ZONE 2,
1472,9165,2023-09-17T13:37:49+00:00,55,Other,,,CAR 27 (HUL) TIME 1:43.808 DELETED - TRACK LIMITS AT TURN 7 LAP 53 21:35:18,
1473,9165,2023-09-17T13:44:06+00:00,59,Flag,YELLOW,Sector,YELLOW IN TRACK SECTOR 11,
1474,9165,2023-09-17T13:44:09+00:00,59,Other,,,DRS DISABLED IN ZONE 2,
1475,9165,2023-09-17T13:44:15+00:00,59,Flag,DOUBLE YELLOW,Sector,DOUBLE YELLOW IN TRACK SECTOR 11,
1476,9165,2023-09-17T13:44:17+00:00,59,Flag,YELLOW,Sector,YELLOW IN TRACK SECTOR 10,
1477,9165,2023-09-17T13:44:22+00:00,59,Flag,CLEAR,Sector,CLEAR IN TRACK SECTOR 11,
1478,9165,2023-09-17T13:44:22+00:00,59,Other,,,DRS ENABLED IN ZONE 2,
1479,9165,2023-09-17T13:44:27+00:00,59,Flag,CLEAR,Sector,CLEAR IN TRACK SECTOR 10,
1480,9165,2023-09-17T13:45:13+00:00,59,Other,,,TURN 13 INCIDENT INVOLVING CARS 11 (PER) AND 23 (ALB) NOTED - CAUSING A COLLISION,
1481,9165,2023-09-17T13:45:38+00:00,60,Other,,,FIA STEWARDS: TURN 13 INCIDENT INVOLVING CARS 11 (PER) AND 23 (ALB) WILL BE INVESTIGATED AFTER THE RACE - CAUSING A COLLISION,
1482,9165,2023-09-17T13:48:42+00:00,61,Other,,,TURN 7 INCIDENT INVOLVING CARS 11 (PER) AND 40 (LAW) NOTED - CAUSING A COLLISION,
1483,9165,2023-09-17T13:49:08+00:00,62,Other,,,CAR 11 (PER) TIME 1:39.147 DELETED - TRACK LIMITS AT TURN 7 LAP 60 21:46:56,
1484,9165,2023-09-17T13:49:38+00:00,62,Flag,YELLOW,Sector,YELLOW IN TRACK SECTOR 9,
1485,9165,2023-09-17T13:49:46+00:00,62,Flag,DOUBLE YELLOW,Sector,DOUBLE YELLOW IN TRACK SECTOR 9,
1486,9165,2023-09-17T13:49:49+00:00,62,Flag,YELLOW,Sector,YELLOW IN TRACK SECTOR 8,
1487,9165,2023-09-17T13:50:22.319000+00:00,62,SessionStatus,,,SESSION FINISHED,
1488,9165,2023-09-17T13:50:26+00:00,62,Flag,CHEQUERED,Track,CHEQUERED FLAG,
1489,9165,2023-09-17T13:57:01+00:00,62,Flag,YELLOW,Sector,YELLOW IN TRACK SECTOR 7,
1490,9165,2023-09-17T13:58:01+00:00,62,Other,,,FIA STEWARDS: TURN 7 INCIDENT INVOLVING CARS 11 (PER) AND 40 (LAW) REVIEWED NO FURTHER INVESTIGATION - CAUSING A COLLISION,
1491,9173,2023-09-24T04:10:00+00:00,1,Flag,GREEN,Track,GREEN LIGHT - PIT EXIT OPEN,
1492,9173,2023-09-24T04:20:00+00:00,1,Other,,,PIT EXIT CLOSED,
1493,9173,2023-09-24T04:45:06+00:00,1,Other,,,RISK OF RAIN FOR F1 RACE IS 0%,
1494,9173,2023-09-24T04:57:04+00:00,1,Drs,,,DRS DISABLED,
1495,9173,2023-09-24T05:04:05+00:00,1,Flag,GREEN,Track,GREEN LIGHT - PIT EXIT OPEN,
1496,9173,2023-09-24T05:04:05.252000+00:00,1,SessionStatus,,,SESSION STARTED,
1497,9173,2023-09-24T05:04:32+00:00,1,Flag,YELLOW,Sector,YELLOW IN TRACK SECTOR 4,
1498,9173,2023-09-24T05:04:38+00:00,1,Flag,CLEAR,Sector,CLEAR IN TRACK SECTOR 4,
1499,9173,2023-09-24T05:05:18+00:00,1,SafetyCar,,,SAFETY CAR DEPLOYED,
1500,9173,2023-09-24T05:06:30+00:00,2,Flag,DOUBLE YELLOW,Sector,DOUBLE YELLOW IN TRACK SECTOR 2,
1501,9173,2023-09-24T05:08:44+00:00,2,Other,,,LAP 1 TURN 1 NOTED,
1502,9173,2023-09-24T05:11:45+00:00,4,Other,,,INCIDENT INVOLVING CAR 11 (PER) NOTED - SAFETY CAR INFRINGEMENT,
1503,9173,2023-09-24T05:12:36+00:00,4,Flag,CLEAR,Sector,CLEAR IN TRACK SECTOR 2,
1504,9173,2023-09-24T05:12:41+00:00,4,SafetyCar,,,SAFETY CAR IN THIS LAP,
1505,9173,2023-09-24T05:13:56+00:00,4,Flag,CLEAR,Track,TRACK CLEAR,
1506,9173,2023-09-24T05:16:02+00:00,5,CarEvent,,,CAR 77 (BOT) OFF TRACK AND CONTINUED AT TURN 11,77
1507,9173,2023-09-24T05:16:55+00:00,6,Other,,,TRACK SURFACE SLIPPERY IN TRACK SECTOR 11,
1508,9173,2023-09-24T05:17:07+00:00,6,Other,,,TRACK SURFACE SLIPPERY IN TRACK SECTOR 12,
1509,9173,2023-09-24T05:17:13+00:00,6,Flag,CLEAR,Sector,CLEAR IN TRACK SECTOR 12,
1510,9173,2023-09-24T05:17:25+00:00,6,Flag,CLEAR,Sector,CLEAR IN TRACK SECTOR 11,
1511,9173,2023-09-24T05:18:00+00:00,7,Drs,,,DRS ENABLED,
1512,9173,2023-09-24T05:18:34+00:00,7,Other,,,TURN 11 INCIDENT INVOLVING CARS 77 (BOT) AND 2 (SAR) NOTED - CAUSING A COLLISION,
1513,9173,2023-09-24T05:19:38+00:00,8,Other,,,FIA STEWARDS: LAP 1 TURN 1 REVIEWED NO FURTHER INVESTIGATION,
1514,9173,2023-09-24T05:20:27+00:00,8,Other,,,FIA STEWARDS: INCIDENT INVOLVING CAR 11 (PER) UNDER INVESTIGATION - SAFETY CAR INFRINGEMENT,
1515,9173,2023-09-24T05:20:35+00:00,8,Other,,,FIA STEWARDS: TURN 11 INCIDENT INVOLVING CARS 77 (BOT) AND 2 (SAR) UNDER INVESTIGATION - CAUSING A COLLISION,
1516,9173,2023-09-24T05:21:31+00:00,9,Other,,,FIA STEWARDS: 5 SECOND TIME PENALTY FOR CAR 2 (SAR) - CAUSING A COLLISION,
1517,9173,2023-09-24T05:22:37+00:00,9,Other,,,FIA STEWARDS: 5 SECOND TIME PENALTY FOR CAR 11 (PER) - SAFETY CAR INFRINGEMENT,
1518,9173,2023-09-24T05:27:16+00:00,12,Flag,YELLOW,Sector,YELLOW IN TRACK SECTOR 12,
1519,9173,2023-09-24T05:27:17+00:00,12,Flag,DOUBLE YELLOW,Sector,DOUBLE YELLOW IN TRACK SECTOR 12,
1520,9173,2023-09-24T05:27:22+00:00,12,Flag,YELLOW,Sector,YELLOW IN TRACK SECTOR 11,
1521,9173,2023-09-24T05:27:25+00:00,12,Flag,DOUBLE YELLOW,Sector,DOUBLE YELLOW IN TRACK SECTOR 11,
1522,9173,2023-09-24T05:27:32+00:00,12,Flag,CLEAR,Sector,CLEAR IN TRACK SECTOR 12,
1523,9173,2023-09-24T05:27:35+00:00,12,Flag,CLEAR,Sector,CLEAR IN TRACK SECTOR 11,
1524,9173,2023-09-24T05:27:45+00:00,13,Other,,,TRACK SURFACE SLIPPERY IN TRACK SECTOR 11,
1525,9173,2023-09-24T05:27:50+00:00,13,Other,,,TRACK SURFACE SLIPPERY IN TRACK SECTOR 12,
1526,9173,2023-09-24T05:28:14+00:00,13,Other,,,TURN 11 INCIDENT INVOLVING CARS 11 (PER) AND 20 (MAG) NOTED - CAUSING A COLLISION,
1527,9173,2023-09-24T05:28:16+00:00,13,Other,,,CAR 11 (PER) TIME 1:40.896 DELETED - TRACK LIMITS AT TURN 14 LAP 11 14:25:51,
1528,9173,2023-09-24T05:28:36+00:00,13,Other,,,CAR 14 (ALO) TIME 1:39.884 DELETED - TRACK LIMITS AT TURN 9 LAP 9 14:21:53,
1529,9173,2023-09-24T05:29:34+00:00,14,SafetyCar,,,VIRTUAL SAFETY CAR DEPLOYED,
1530,9173,2023-09-24T05:29:34+00:00,14,Flag,CLEAR,Sector,CLEAR IN TRACK SECTOR 11,
1531,9173,2023-09-24T05:29:34+00:00,14,Flag,CLEAR,Sector,CLEAR IN TRACK SECTOR 12,
1532,9173,2023-09-24T05:29:47+00:00,14,Flag,DOUBLE YELLOW,Sector,DOUBLE YELLOW IN TRACK SECTOR 11,
1533,9173,2023-09-24T05:30:29+00:00,14,Flag,CLEAR,Sector,CLEAR IN TRACK SECTOR 11,
1534,9173,2023-09-24T05:30:36+00:00,14,SafetyCar,,,VIRTUAL SAFETY CAR ENDING,
1535,9173,2023-09-24T05:30:51+00:00,14,Flag,CLEAR,Track,TRACK CLEAR,
1536,9173,2023-09-24T05:30:58+00:00,14,Drs,,,DRS ENABLED,
1537,9173,2023-09-24T05:31:06+00:00,14,Other,,,CAR 20 (MAG) TIME 1:40.956 DELETED - TRACK LIMITS AT TURN 9 LAP 10 14:23:43,
1538,9173,2023-09-24T05:31:17+00:00,15,Other,,,FIA STEWARDS: TURN 11 INCIDENT INVOLVING CARS 11 (PER) AND 20 (MAG) UNDER INVESTIGATION - CAUSING A COLLISION,
1539,9173,2023-09-24T05:31:41+00:00,15,Other,,,FIA STEWARDS: 5 SECOND TIME PENALTY FOR CAR 11 (PER) - CAUSING A COLLISION,
1540,9173,2023-09-24T05:34:56+00:00,17,Other,,,CAR 44 (HAM) LAP DELETED - TRACK LIMITS AT TURN 9 LAP 16 14:33:49 (PIT),
1541,9173,2023-09-24T05:36:31+00:00,18,Other,,,TURN 14 INCIDENT INVOLVING CARS 63 (RUS) AND 44 (HAM) NOTED - FORCING ANOTHER DRIVER OFF THE TRACK,
1542,9173,2023-09-24T05:38:32+00:00,19,Other,,,CAR 44 (HAM) TIME 1:43.793 DELETED - TRACK LIMITS AT TURN 14 LAP 16 14:34:16,
1543,9173,2023-09-24T05:38:33+00:00,19,Other,,,CAR 63 (RUS) TIME 1:40.500 DELETED - TRACK LIMITS AT TURN 13 LAP 16 14:34:16,
1544,9173,2023-09-24T05:41:22+00:00,20,Other,,,FIA STEWARDS: TURN 14 INCIDENT INVOLVING CARS 63 (RUS) AND 44 (HAM) REVIEWED NO FURTHER INVESTIGATION - FORCING ANOTHER DRIVER OFF THE TRACK,
1545,9173,2023-09-24T05:45:14+00:00,23,Other,,,CAR 23 (ALB) TIME 1:40.421 DELETED - TRACK LIMITS AT TURN 14 LAP 21 14:43:40,
1546,9173,2023-09-24T05:54:51+00:00,29,Other,,,CAR 4 (NOR) TIME 1:38.019 DELETED - TRACK LIMITS AT TURN 2 LAP 28 14:53:15,
1547,9173,2023-09-24T05:55:47+00:00,29,Other,,,CAR 63 (RUS) TIME 1:37.678 DELETED - TRACK LIMITS AT TURN 14 LAP 28 14:54:31,
1548,9173,2023-09-24T06:00:08+00:00,32,Other,,,CAR 81 (PIA) TIME 1:38.621 DELETED - TRACK LIMITS AT TURN 14 LAP 31 14:59:11,
1549,9173,2023-09-24T06:03:20+00:00,34,Other,,,CAR 63 (RUS) TIME 1:38.129 DELETED - TRACK LIMITS AT TURN 14 LAP 33 15:02:42,
1550,9173,2023-09-24T06:22:43+00:00,46,Flag,BLUE,Driver,WAVED BLUE FLAG FOR CAR 27 (HUL) TIMED AT 15:22:42,27
1551,9173,2023-09-24T06:23:51+00:00,47,Other,,,TURN 2 INCIDENT INVOLVING CARS 16 (LEC) AND 63 (RUS) NOTED - LEAVING THE TRACK AND GAINING AN ADVANTAGE,
1552,9173,2023-09-24T06:24:59+00:00,47,Other,,,FIA STEWARDS: TURN 2 INCIDENT INVOLVING CARS 16 (LEC) AND 63 (RUS) REVIEWED NO FURTHER INVESTIGATION - LEAVING THE TRACK AND GAINING AN ADVANTAGE,
1553,9173,2023-09-24T06:25:16+00:00,47,Other,,,CAR 16 (LEC) TIME 1:37.234 DELETED - TRACK LIMITS AT TURN 2 LAP 45 15:21:23,
1554,9173,2023-09-24T06:25:37+00:00,48,Other,,,CAR 22 (TSU) TIME 1:38.683 DELETED - TRACK LIMITS AT TURN 14 LAP 46 15:24:47,
1555,9173,2023-09-24T06:29:08+00:00,50,Flag,BLUE,Driver,WAVED BLUE FLAG FOR CAR 24 (ZHO) TIMED AT 15:29:08,24
1556,9173,2023-09-24T06:31:48+00:00,51,Other,,,CAR 81 (PIA) TIME 1:37.843 DELETED - TRACK LIMITS AT TURN 9 LAP 44 15:20:11,
1557,9173,2023-09-24T06:32:22+00:00,52,Flag,BLUE,Driver,WAVED BLUE FLAG FOR CAR 22 (TSU) TIMED AT 15:32:21,22
1558,9173,2023-09-24T06:33:17+00:00,52,Flag,BLUE,Driver,WAVED BLUE FLAG FOR CAR 40 (LAW) TIMED AT 15:33:16,40
1559,9173,2023-09-24T06:35:03.890000+00:00,53,SessionStatus,,,SESSION FINISHED,
1560,9173,2023-09-24T06:35:04+00:00,53,Flag,CHEQUERED,Track,CHEQUERED FLAG,
1561,9173,2023-09-24T06:36:14+00:00,53,Other,,,CAR 44 (HAM) TIME 1:37.353 DELETED - TRACK LIMITS AT TURN 14 LAP 53 15:35:26,
1562,9173,2023-09-24T06:38:09+00:00,53,Flag,DOUBLE YELLOW,Sector,DOUBLE YELLOW IN TRACK SECTOR 4,
1563,9173,2023-09-24T06:38:34+00:00,53,Flag,CLEAR,Sector,CLEAR IN TRACK SECTOR 4,
1564,9220,2023-10-07T16:43:00+00:00,1,Other,,,DRS DISABLED IN ZONE 1,
1565,9220,2023-10-07T16:50:17+00:00,1,Other,,,BLUE HEAD PADDING MATERIAL MUST BE USED,
1566,9220,2023-10-07T16:54:09+00:00,1,Other,,,DRS ENABLED IN ZONE 1,
1567,9220,2023-10-07T17:00:00+00:00,1,Flag,GREEN,Track,GREEN LIGHT - PIT EXIT OPEN,
1568,9220,2023-10-07T17:00:19+00:00,1,Flag,DOUBLE YELLOW,Sector,DOUBLE YELLOW IN TRACK SECTOR 2,
1569,9220,2023-10-07T17:00:20+00:00,1,Other,,,DRS DISABLED IN ZONE 1,
1570,9220,2023-10-07T17:00:36+00:00,1,Flag,CLEAR,Sector,CLEAR IN TRACK SECTOR 2,
1571,9220,2023-10-07T17:00:37+00:00,1,Other,,,DRS ENABLED IN ZONE 1,
1572,9220,2023-10-07T17:05:00+00:00,1,Other,,,PIT EXIT CLOSED,
1573,9220,2023-10-07T17:15:13+00:00,1,Other,,,RISK OF RAIN FOR F1 SPRINT IS 0 %,
1574,9220,2023-10-07T17:27:07+00:00,1,Drs,,,DRS DISABLED,
1575,9220,2023-10-07T17:33:39+00:00,1,Flag,GREEN,Track,GREEN LIGHT - PIT EXIT OPEN,
1576,9220,2023-10-07T17:33:39.352000+00:00,1,SessionStatus,,,SESSION STARTED,
1577,9220,2023-10-07T17:34:06+00:00,1,Flag,YELLOW,Sector,YELLOW IN TRACK SECTOR 4,
1578,9220,2023-10-07T17:34:52+00:00,1,SafetyCar,,,SAFETY CAR DEPLOYED,
1579,9220,2023-10-07T17:36:53+00:00,2,SafetyCar,,,SAFETY CAR IN THIS LAP,
1580,9220,2023-10-07T17:36:59+00:00,2,Flag,CLEAR,Sector,CLEAR IN TRACK SECTOR 4,
1581,9220,2023-10-07T17:37:29+00:00,2,Flag,CLEAR,Track,TRACK CLEAR,
1582,9220,2023-10-07T17:38:59+00:00,3,Flag,YELLOW,Sector,YELLOW IN TRACK SECTOR 12,
1583,9220,2023-10-07T17:39:11+00:00,3,SafetyCar,,,SAFETY CAR DEPLOYED,
1584,9220,2023-10-07T17:40:41+00:00,4,Other,,,CAR 14 (ALO) TIME 1:43.688 DELETED - TRACK LIMITS AT TURN 15 LAP 3 20:39:12,
1585,9220,2023-10-07T17:40:47+00:00,4,Other,,,CAR 27 (HUL) TIME 1:44.336 DELETED - TRACK LIMITS AT TURN 15 LAP 3 20:39:13,
1586,9220,2023-10-07T17:44:41+00:00,6,SafetyCar,,,SAFETY CAR IN THIS LAP,
1587,9220,2023-10-07T17:45:13+00:00,6,Flag,CLEAR,Sector,CLEAR IN TRACK SECTOR 12,
1588,9220,2023-10-07T17:46:17+00:00,6,Flag,CLEAR,Track,TRACK CLEAR,
1589,9220,2023-10-07T17:48:10+00:00,8,Drs,,,DRS ENABLED,
1590,9220,2023-10-07T17:48:14+00:00,8,Other,,,CAR 44 (HAM) TIME 1:31.056 DELETED - TRACK LIMITS AT TURN 5 LAP 7 20:47:10,
1591,9220,2023-10-07T17:48:29+00:00,8,Other,,,CAR 14 (ALO) TIME 1:29.571 DELETED - TRACK LIMITS AT TURN 15 LAP 7 20:47:52,
1592,9220,2023-10-07T17:48:38+00:00,8,Other,,,CAR 10 (GAS) TIME 1:30.366 DELETED - TRACK LIMITS AT TURN 15 LAP 7 20:47:54,
1593,9220,2023-10-07T17:49:20+00:00,8,Other,,,CAR 20 (MAG) TIME 1:51.180 DELETED - TRACK LIMITS AT TURN 2 LAP 3 20:38:17,
1594,9220,2023-10-07T17:49:59+00:00,9,Other,,,CAR 55 (SAI) TIME 1:28.742 DELETED - TRACK LIMITS AT TURN 15 LAP 8 20:49:17,
1595,9220,2023-10-07T17:51:10+00:00,10,Other,,,CAR 18 (STR) TIME 1:30.040 DELETED - TRACK LIMITS AT TURN 15 LAP 8 20:49:26,
1596,9220,2023-10-07T17:52:54+00:00,11,Flag,YELLOW,Sector,YELLOW IN TRACK SECTOR 4,
1597,9220,2023-10-07T17:53:36+00:00,11,SafetyCar,,,SAFETY CAR DEPLOYED,
1598,9220,2023-10-07T17:54:14+00:00,12,Other,,,"TURN 2 INCIDENT INVOLVING CARS 11 (PER), 27 (HUL) AND 31 (OCO) NOTED - CAUSING A COLLISION",
1599,9220,2023-10-07T17:55:12+00:00,12,Other,,,CAR 4 (NOR) TIME 1:28.901 DELETED - TRACK LIMITS AT TURN 5 LAP 9 20:50:04,
1600,9220,2023-10-07T17:55:13+00:00,12,Other,,,CAR 22 (TSU) TIME 1:30.692 DELETED - TRACK LIMITS AT TURN 13 LAP 9 20:50:55,
1601,9220,2023-10-07T17:56:07+00:00,12,Flag,DOUBLE YELLOW,Sector,DOUBLE YELLOW IN TRACK SECTOR 4,
1602,9220,2023-10-07T17:59:50+00:00,14,SafetyCar,,,SAFETY CAR IN THIS LAP,
1603,9220,2023-10-07T18:00:05+00:00,14,Flag,CLEAR,Sector,CLEAR IN TRACK SECTOR 4,
1604,9220,2023-10-07T18:01:14+00:00,14,Flag,CLEAR,Track,TRACK CLEAR,
1605,9220,2023-10-07T18:03:05+00:00,16,Drs,,,DRS ENABLED,
1606,9220,2023-10-07T18:03:08+00:00,16,Other,,,CAR 18 (STR) TIME 1:31.350 DELETED - TRACK LIMITS AT TURN 4 LAP 15 21:02:03,
1607,9220,2023-10-07T18:03:57+00:00,16,Other,,,"FIA STEWARDS: TURN 2 INCIDENT INVOLVING CARS 11 (PER), 27 (HUL) AND 31 (OCO) WILL BE INVESTIGATED AFTER THE SPRINT - CAUSING A COLLISION",
1608,9220,2023-10-07T18:04:04+00:00,16,Other,,,CAR 77 (BOT) TIME 1:31.020 DELETED - TRACK LIMITS AT TURN 15 LAP 15 21:02:50,
1609,9220,2023-10-07T18:08:40+00:00,19,Flag,CHEQUERED,Track,CHEQUERED FLAG,
1610,9220,2023-10-07T18:08:40.844000+00:00,19,SessionStatus,,,SESSION FINISHED,
1611,9220,2023-10-07T18:08:42+00:00,19,Other,,,CAR 24 (ZHO) TIME 1:30.019 DELETED - TRACK LIMITS AT TURN 13 LAP 18 21:07:15,
1612,9220,2023-10-07T18:09:15+00:00,19,Other,,,CAR 18 (STR) TIME 1:29.952 DELETED - TRACK LIMITS AT TURN 15 LAP 18 21:07:22,
1613,9220,2023-10-07T18:09:41+00:00,19,Other,,,CAR 18 (STR) TIME 1:30.259 DELETED - TRACK LIMITS AT TURN 13 LAP 19 21:08:42,
1614,9220,2023-10-07T18:10:41+00:00,19,Other,,,CAR 16 (LEC) TIME 1:30.632 DELETED - TRACK LIMITS AT TURN 13 LAP 19 21:08:40,
1615,9220,2023-10-07T18:10:42+00:00,19,Other,,,CAR 16 (LEC) TIME 1:30.632 DELETED - TRACK LIMITS AT TURN 14 LAP 19 21:08:42,
1616,9220,2023-10-07T18:10:51+00:00,19,Other,,,CAR 23 (ALB) TIME 1:28.748 DELETED - TRACK LIMITS AT TURN 13 LAP 19 21:08:41,
1617,9220,2023-10-07T18:11:02+00:00,19,Other,,,CAR 16 (LEC) TIME 1:30.632 DELETED - TRACK LIMITS AT TURN 5 LAP 19 21:08:02,
1618,9220,2023-10-07T18:11:36+00:00,19,Other,,,CAR 16 (LEC) TIME 1:30.632 DELETED - TRACK LIMITS AT TURN 15 LAP 19 21:08:47,
1619,9220,2023-10-07T18:12:37+00:00,19,Other,,,TRACK LIMIT INFRINGEMENTS ARE STILL UNDER INVESTIGATION,
1620,9220,2023-10-07T18:12:48+00:00,19,Other,,,CAR 18 (STR) TIME 1:30.259 DELETED - TRACK LIMITS AT TURN 15 LAP 19 21:08:52,
1621,9220,2023-10-07T18:12:55+00:00,19,Other,,,CAR 20 (MAG) TIME 1:29.900 DELETED - TRACK LIMITS AT TURN 15 LAP 19 21:08:52,
1622,9220,2023-10-07T18:13:16+00:00,19,Other,,,CAR 24 (ZHO) TIME 1:32.079 DELETED - TRACK LIMITS AT TURN 5 LAP 19 21:08:08,
1623,9220,2023-10-07T18:13:29+00:00,19,Flag,BLACK AND WHITE,Driver,BLACK AND WHITE FLAG FOR CAR 18 (STR) - TRACK LIMITS,18
1624,9220,2023-10-07T18:13:35+00:00,19,Flag,BLACK AND WHITE,Driver,BLACK AND WHITE FLAG FOR CAR 16 (LEC) - TRACK LIMITS,16
1625,9220,2023-10-07T18:17:50+00:00,19,Other,,,INCIDENT INVOLVING CAR 18 (STR) NOTED - TRACK LIMITS,
1626,9220,2023-10-07T18:17:54+00:00,19,Other,,,INCIDENT INVOLVING CAR 16 (LEC) NOTED - TRACK LIMITS,
1627,9220,2023-10-07T18:18:11+00:00,19,Other,,,FIA STEWARDS: INCIDENT INVOLVING CAR 18 (STR) WILL BE INVESTIGATED AFTER THE SPRINT - TRACK LIMITS,
1628,9220,2023-10-07T18:18:14+00:00,19,Other,,,FIA STEWARDS: INCIDENT INVOLVING CAR 16 (LEC) WILL BE INVESTIGATED AFTER THE SPRINT - TRACK LIMITS,
1629,9221,2023-10-08T16:10:00+00:00,1,Flag,GREEN,Track,GREEN LIGHT - PIT EXIT OPEN,
1630,9221,2023-10-08T16:20:01+00:00,1,Other,,,PIT EXIT CLOSED,
1631,9221,2023-10-08T16:45:12+00:00,1,Other,,,RISK OF RAIN FOR F1 RACE IS 0%,
1632,9221,2023-10-08T16:57:08+00:00,1,Drs,,,DRS DISABLED,
1633,9221,2023-10-08T17:03:33.775000+00:00,1,SessionStatus,,,SESSION STARTED,
1634,9221,2023-10-08T17:03:34+00:00,1,Flag,GREEN,Track,GREEN LIGHT - PIT EXIT OPEN,
1635,9221,2023-10-08T17:03:48+00:00,1,Flag,YELLOW,Sector,YELLOW IN TRACK SECTOR 3,
1636,9221,2023-10-08T17:04:43+00:00,1,SafetyCar,,,SAFETY CAR DEPLOYED,
1637,9221,2023-10-08T17:07:16+00:00,2,Other,,,TURN 1 INCIDENT INVOLVING CAR 44 (HAM) NOTED - CROSSING THE TRACK,
1638,9221,2023-10-08T17:07:49+00:00,3,Other,,,FIA STEWARDS: TURN 1 INCIDENT INVOLVING CAR 44 (HAM) WILL BE INVESTIGATED AFTER THE RACE - CROSSING THE TRACK,
1639,9221,2023-10-08T17:08:18+00:00,3,Other,,,INCIDENT INVOLVING CAR 27 (HUL) NOTED - INCORRECT STARTING LOCATION,
1640,9221,2023-10-08T17:09:04+00:00,3,Other,,,TURN 1 INCIDENT INVOLVING CARS 44 (HAM) AND 63 (RUS) NOTED - CAUSING A COLLISION,
1641,9221,2023-10-08T17:10:07+00:00,3,Other,,,FIA STEWARDS: TURN 1 INCIDENT INVOLVING CARS 44 (HAM) AND 63 (RUS) WILL BE INVESTIGATED AFTER THE RACE - CAUSING A COLLISION,
1642,9221,2023-10-08T17:10:15+00:00,4,Flag,CLEAR,Sector,CLEAR IN TRACK SECTOR 3,
1643,9221,2023-10-08T17:11:00+00:00,4,SafetyCar,,,SAFETY CAR IN THIS LAP,
1644,9221,2023-10-08T17:12:23+00:00,4,Flag,CLEAR,Track,TRACK CLEAR,
1645,9221,2023-10-08T17:14:36+00:00,6,Other,,,FIA STEWARDS: INCIDENT INVOLVING CAR 27 (HUL) UNDER INVESTIGATION - INCORRECT STARTING LOCATION,
1646,9221,2023-10-08T17:15:06+00:00,6,Other,,,FIA STEWARDS: 10 SECOND TIME PENALTY FOR CAR 27 (HUL) - INCORRECT STARTING LOCATION,
1647,9221,2023-10-08T17:15:25+00:00,6,Other,,,CAR 31 (OCO) TIME 1:31.865 DELETED - TRACK LIMITS AT TURN 12 LAP 5 20:13:57,
1648,9221,2023-10-08T17:15:57+00:00,7,Drs,,,DRS ENABLED,
1649,9221,2023-10-08T17:16:15+00:00,7,Other,,,CAR 24 (ZHO) TIME 1:33.411 DELETED - TRACK LIMITS AT TURN 1 LAP 5 20:14:12,
1650,9221,2023-10-08T17:16:45+00:00,7,Other,,,CAR 10 (GAS) TIME 1:32.599 DELETED - TRACK LIMITS AT TURN 12 LAP 5 20:13:59,
1651,9221,2023-10-08T17:16:56+00:00,7,Other,,,CAR 20 (MAG) TIME 1:33.919 DELETED - TRACK LIMITS AT TURN 1 LAP 5 20:14:15,
1652,9221,2023-10-08T17:17:27+00:00,8,Other,,,CAR 14 (ALO) TIME 1:30.540 DELETED - TRACK LIMITS AT TURN 4 LAP 7 20:16:18,
1653,9221,2023-10-08T17:20:06+00:00,9,Other,,,CAR 63 (RUS) TIME 1:30.052 DELETED - TRACK LIMITS AT TURN 12 LAP 8 20:18:37,
1654,9221,2023-10-08T17:20:56+00:00,10,Other,,,CAR 77 (BOT) TIME 1:31.277 DELETED - TRACK LIMITS AT TURN 4 LAP 9 20:19:32,
1655,9221,2023-10-08T17:21:34+00:00,10,Other,,,CAR 40 (LAW) TIME 1:31.125 DELETED - TRACK LIMITS AT TURN 12 LAP 9 20:20:14,
1656,9221,2023-10-08T17:22:32+00:00,11,Other,,,CAR 63 (RUS) TIME 1:30.090 DELETED - TRACK LIMITS AT TURN 12 LAP 10 20:21:37,
1657,9221,2023-10-08T17:22:58+00:00,11,Other,,,CAR 2 (SAR) TIME 1:31.699 DELETED - TRACK LIMITS AT TURN 15 LAP 9 20:20:18,
1658,9221,2023-10-08T17:23:19+00:00,12,Other,,,CAR 40 (LAW) TIME 1:31.231 DELETED - TRACK LIMITS AT TURN 13 LAP 10 20:21:48,
1659,9221,2023-10-08T17:23:51+00:00,12,Other,,,CAR 40 (LAW) TIME 1:31.106 DELETED - TRACK LIMITS AT TURN 13 LAP 11 20:23:19,
1660,9221,2023-10-08T17:24:15+00:00,12,Flag,BLACK AND WHITE,Driver,BLACK AND WHITE FLAG FOR CAR 40 (LAW) - TRACK LIMITS,40
1661,9221,2023-10-08T17:24:17+00:00,12,Other,,,CAR 23 (ALB) TIME 1:30.521 DELETED - TRACK LIMITS AT TURN 15 LAP 11 20:23:17,
1662,9221,2023-10-08T17:25:19+00:00,13,Other,,,CAR 77 (BOT) TIME 1:30.958 DELETED - TRACK LIMITS AT TURN 5 LAP 10 20:21:06,
1663,9221,2023-10-08T17:28:14+00:00,15,Other,,,CAR 11 (PER) TIME 1:30.196 DELETED - TRACK LIMITS AT TURN 4 LAP 14 20:27:05,
1664,9221,2023-10-08T17:28:57+00:00,15,Other,,,CAR 23 (ALB) TIME 1:31.693 DELETED - TRACK LIMITS AT TURN 5 LAP 12 20:24:02,
1665,9221,2023-10-08T17:30:01+00:00,16,Other,,,CAR 77 (BOT) TIME 1:31.142 DELETED - TRACK LIMITS AT TURN 5 LAP 13 20:25:40,
1666,9221,2023-10-08T17:31:16+00:00,17,Other,,,CAR 81 (PIA) TIME 1:29.100 DELETED - TRACK LIMITS AT TURN 12 LAP 16 20:30:49,
1667,9221,2023-10-08T17:31:45+00:00,17,Other,,,CAR 24 (ZHO) TIME 1:31.165 DELETED - TRACK LIMITS AT TURN 5 LAP 15 20:28:39,
1668,9221,2023-10-08T17:33:39+00:00,18,Other,,,CAR 14 (ALO) TIME 1:28.923 DELETED - TRACK LIMITS AT TURN 15 LAP 17 20:32:30,
1669,9221,2023-10-08T17:34:48+00:00,19,Other,,,CAR 10 (GAS) TIME 1:29.441 DELETED - TRACK LIMITS AT TURN 5 LAP 16 20:30:22,
1670,9221,2023-10-08T17:35:35+00:00,20,Other,,,CAR 27 (HUL) TIME 1:28.224 DELETED - TRACK LIMITS AT TURN 12 LAP 18 20:34:13,
1671,9221,2023-10-08T17:37:21+00:00,21,Other,,,CAR 16 (LEC) TIME 1:29.989 DELETED - TRACK LIMITS AT TURN 5 LAP 18 20:33:18,
1672,9221,2023-10-08T17:39:13+00:00,22,Other,,,CAR 23 (ALB) TIME 1:29.204 DELETED - TRACK LIMITS AT TURN 12 LAP 21 20:38:33,
1673,9221,2023-10-08T17:39:51+00:00,22,Flag,BLACK AND WHITE,Driver,BLACK AND WHITE FLAG FOR CAR 23 (ALB) - TRACK LIMITS,23
1674,9221,2023-10-08T17:39:53+00:00,22,Other,,,CAR 81 (PIA) TIME 1:28.208 DELETED - TRACK LIMITS AT TURN 16 LAP 21 20:38:29,
1675,9221,2023-10-08T17:40:13+00:00,23,Other,,,CAR 81 (PIA) TIME 1:28.290 DELETED - TRACK LIMITS AT TURN 16 (NEXT LAP),
1676,9221,2023-10-08T17:41:06+00:00,23,Other,,,CAR 18 (STR) TIME 1:30.350 DELETED - TRACK LIMITS AT TURN 15 LAP 20 20:37:01,
1677,9221,2023-10-08T17:41:44+00:00,24,Other,,,CAR 11 (PER) TIME 1:27.412 DELETED - TRACK LIMITS AT TURN 12 LAP 22 20:39:59,
1678,9221,2023-10-08T17:42:27+00:00,24,Other,,,CAR 11 (PER) TIME 1:27.687 DELETED - TRACK LIMITS AT TURN 15 LAP 23 20:41:37,
1679,9221,2023-10-08T17:42:34+00:00,24,Flag,BLACK AND WHITE,Driver,BLACK AND WHITE FLAG FOR CAR 11 (PER) - TRACK LIMITS,11
1680,9221,2023-10-08T17:45:08+00:00,26,Other,,,CAR 11 (PER) TIME 1:28.552 DELETED - TRACK LIMITS AT TURN 12 LAP 25 20:44:23,
1681,9221,2023-10-08T17:45:14+00:00,26,Other,,,INCIDENT INVOLVING CAR 11 (PER) NOTED - TRACK LIMITS,
1682,9221,2023-10-08T17:45:41+00:00,26,Other,,,FIA STEWARDS: INCIDENT INVOLVING CAR 11 (PER) UNDER INVESTIGATION - TRACK LIMITS,
1683,9221,2023-10-08T17:46:30+00:00,27,Other,,,FIA STEWARDS: 5 SECOND TIME PENALTY FOR CAR 11 (PER) - TRACK LIMITS,
1684,9221,2023-10-08T17:50:02+00:00,29,Other,,,CAR 10 (GAS) TIME 1:27.586 DELETED - TRACK LIMITS AT TURN 13 LAP 28 20:49:19,
1685,9221,2023-10-08T17:50:25+00:00,30,Flag,BLACK AND WHITE,Driver,BLACK AND WHITE FLAG FOR CAR 10 (GAS) - TRACK LIMITS,10
1686,9221,2023-10-08T17:51:58+00:00,31,Other,,,CAR 22 (TSU) TIME 1:28.669 DELETED - TRACK LIMITS AT TURN 15 LAP 29 20:50:59,
1687,9221,2023-10-08T17:55:36+00:00,33,Flag,YELLOW,Sector,YELLOW IN TRACK SECTOR 4,
1688,9221,2023-10-08T17:55:39+00:00,33,Flag,CLEAR,Sector,CLEAR IN TRACK SECTOR 4,
1689,9221,2023-10-08T17:56:31+00:00,34,CarEvent,,,CAR 14 (ALO) OFF TRACK AND CONTINUED AT TURN 2,14
1690,9221,2023-10-08T17:57:12+00:00,34,Other,,,TURN 2 INCIDENT INVOLVING CAR 14 (ALO) NOTED - REJOINING UNSAFELY,
1691,9221,2023-10-08T17:58:03+00:00,35,Other,,,CAR 14 (ALO) TIME 1:35.885 DELETED - TRACK LIMITS AT TURN 2 LAP 33 20:55:38,
1692,9221,2023-10-08T17:59:03+00:00,35,Other,,,FIA STEWARDS: TURN 2 INCIDENT INVOLVING CAR 14 (ALO) UNDER INVESTIGATION - REJOINING UNSAFELY,
1693,9221,2023-10-08T18:00:07+00:00,36,Other,,,CAR 4 (NOR) TIME 1:26.216 DELETED - TRACK LIMITS AT TURN 5 LAP 30 20:51:21,
1694,9221,2023-10-08T18:02:10+00:00,37,Other,,,CAR 18 (STR) TIME 1:29.596 DELETED - TRACK LIMITS AT TURN 14 LAP 36 21:01:02,
1695,9221,2023-10-08T18:02:29+00:00,38,Other,,,CAR 11 (PER) TIME 1:27.574 DELETED - TRACK LIMITS AT TURN 12 LAP 36 21:01:03,
1696,9221,2023-10-08T18:02:36+00:00,38,Other,,,INCIDENT INVOLVING CAR 11 (PER) NOTED - TRACK LIMITS,
1697,9221,2023-10-08T18:02:47+00:00,38,Other,,,FIA STEWARDS: INCIDENT INVOLVING CAR 11 (PER) UNDER INVESTIGATION - TRACK LIMITS,
1698,9221,2023-10-08T18:03:27+00:00,38,Other,,,FIA STEWARDS: 5 SECOND TIME PENALTY FOR CAR 11 (PER) - TRACK LIMITS,
1699,9221,2023-10-08T18:05:29+00:00,40,Other,,,CAR 2 (SAR) TIME 1:28.976 DELETED - TRACK LIMITS AT TURN 2 LAP 38 21:03:30,
1700,9221,2023-10-08T18:06:11+00:00,40,Other,,,CAR 18 (STR) TIME 1:31.946 DELETED - TRACK LIMITS AT TURN 2 LAP 39 21:04:36,
1701,9221,2023-10-08T18:06:17+00:00,40,Flag,BLACK AND WHITE,Driver,BLACK AND WHITE FLAG FOR CAR 18 (STR) - TRACK LIMITS,18
1702,9221,2023-10-08T18:06:49+00:00,41,Flag,BLUE,Driver,WAVED BLUE FLAG FOR CAR 27 (HUL) TIMED AT 21:06:49,27
1703,9221,2023-10-08T18:07:30+00:00,41,Flag,YELLOW,Sector,YELLOW IN TRACK SECTOR 16,
1704,9221,2023-10-08T18:07:32+00:00,41,Flag,BLUE,Driver,WAVED BLUE FLAG FOR CAR 27 (HUL) TIMED AT 21:07:32,27
1705,9221,2023-10-08T18:07:33+00:00,41,Flag,CLEAR,Sector,CLEAR IN TRACK SECTOR 16,
1706,9221,2023-10-08T18:07:42+00:00,41,Flag,BLUE,Driver,WAVED BLUE FLAG FOR CAR 2 (SAR) TIMED AT 21:07:41,2
1707,9221,2023-10-08T18:07:50+00:00,41,Flag,BLUE,Driver,WAVED BLUE FLAG FOR CAR 40 (LAW) TIMED AT 21:07:50,40
1708,9221,2023-10-08T18:08:17+00:00,42,Other,,,CAR 2 (SAR) LAP DELETED - TRACK LIMITS AT TURN 4 LAP 40 21:06:39 (PIT),
1709,9221,2023-10-08T18:09:05+00:00,42,Flag,BLUE,Driver,WAVED BLUE FLAG FOR CAR 40 (LAW) TIMED AT 21:09:04,40
1710,9221,2023-10-08T18:09:08+00:00,42,Other,,,CAR 18 (STR) TIME 1:29.596 DELETED - TRACK LIMITS AT TURN 5 LAP 36 21:00:22,
1711,9221,2023-10-08T18:09:48+00:00,43,Other,,,INCIDENT INVOLVING CAR 18 (STR) NOTED - TRACK LIMITS,
1712,9221,2023-10-08T18:09:49+00:00,43,Flag,BLUE,Driver,WAVED BLUE FLAG FOR CAR 20 (MAG) TIMED AT 21:09:48,20
1713,9221,2023-10-08T18:09:59+00:00,43,Other,,,FIA STEWARDS: INCIDENT INVOLVING CAR 18 (STR) UNDER INVESTIGATION - TRACK LIMITS,
1714,9221,2023-10-08T18:10:25+00:00,43,Other,,,FIA STEWARDS: 5 SECOND TIME PENALTY FOR CAR 18 (STR) - TRACK LIMITS,
1715,9221,2023-10-08T18:10:33+00:00,43,Other,,,CAR 10 (GAS) TIME 1:26.634 DELETED - TRACK LIMITS AT TURN 13 LAP 42 21:09:45,
1716,9221,2023-10-08T18:10:40+00:00,43,Other,,,INCIDENT INVOLVING CAR 10 (GAS) NOTED - TRACK LIMITS,
1717,9221,2023-10-08T18:10:47+00:00,44,Other,,,FIA STEWARDS: INCIDENT INVOLVING CAR 10 (GAS) UNDER INVESTIGATION - TRACK LIMITS,
1718,9221,2023-10-08T18:11:10+00:00,44,Other,,,FIA STEWARDS: 5 SECOND TIME PENALTY FOR CAR 10 (GAS) - TRACK LIMITS,
1719,9221,2023-10-08T18:13:38+00:00,46,Other,,,CAR 10 (GAS) TIME 1:27.357 DELETED - TRACK LIMITS AT TURN 12 LAP 43 21:11:09,
1720,9221,2023-10-08T18:13:54+00:00,46,Other,,,INCIDENT INVOLVING CAR 10 (GAS) NOTED - TRACK LIMITS,
1721,9221,2023-10-08T18:14:06+00:00,46,Flag,BLUE,Driver,WAVED BLUE FLAG FOR CAR 11 (PER) TIMED AT 21:14:05,11
1722,9221,2023-10-08T18:14:10+00:00,46,Other,,,FIA STEWARDS: INCIDENT INVOLVING CAR 10 (GAS) UNDER INVESTIGATION - TRACK LIMITS,
1723,9221,2023-10-08T18:14:25+00:00,46,Other,,,FIA STEWARDS: 5 SECOND TIME PENALTY FOR CAR 10 (GAS) - TRACK LIMITS,
1724,9221,2023-10-08T18:14:50+00:00,46,Flag,BLUE,Driver,WAVED BLUE FLAG FOR CAR 40 (LAW) TIMED AT 21:14:50,40
1725,9221,2023-10-08T18:15:25+00:00,47,Other,,,CAR 23 (ALB) TIME 1:51.580 DELETED - TRACK LIMITS AT TURN 12 LAP 45 21:14:46,
1726,9221,2023-10-08T18:15:30+00:00,47,Other,,,INCIDENT INVOLVING CAR 23 (ALB) NOTED - TRACK LIMITS,
1727,9221,2023-10-08T18:15:43+00:00,47,Other,,,FIA STEWARDS: INCIDENT INVOLVING CAR 23 (ALB) UNDER INVESTIGATION - TRACK LIMITS,
1728,9221,2023-10-08T18:15:55+00:00,47,Other,,,FIA STEWARDS: 5 SECOND TIME PENALTY FOR CAR 23 (ALB) - TRACK LIMITS,
1729,9221,2023-10-08T18:16:58+00:00,48,Flag,BLUE,Driver,WAVED BLUE FLAG FOR CAR 10 (GAS) TIMED AT 21:16:57,10
1730,9221,2023-10-08T18:17:16+00:00,48,Flag,BLUE,Driver,WAVED BLUE FLAG FOR CAR 27 (HUL) TIMED AT 21:17:15,27
1731,9221,2023-10-08T18:17:42+00:00,48,Flag,BLUE,Driver,WAVED BLUE FLAG FOR CAR 10 (GAS) TIMED AT 21:17:42,10
1732,9221,2023-10-08T18:18:13+00:00,49,Other,,,CAR 23 (ALB) TIME 1:26.778 DELETED - TRACK LIMITS AT TURN 15 LAP 46 21:16:23,
1733,9221,2023-10-08T18:18:34+00:00,49,Other,,,INCIDENT INVOLVING CAR 23 (ALB) NOTED - TRACK LIMITS,
1734,9221,2023-10-08T18:18:40+00:00,49,Other,,,FIA STEWARDS: INCIDENT INVOLVING CAR 23 (ALB) UNDER INVESTIGATION - TRACK LIMITS,
1735,9221,2023-10-08T18:18:49+00:00,49,Other,,,FIA STEWARDS: 5 SECOND TIME PENALTY FOR CAR 23 (ALB) - TRACK LIMITS,
1736,9221,2023-10-08T18:20:01+00:00,50,Flag,BLUE,Driver,WAVED BLUE FLAG FOR CAR 40 (LAW) TIMED AT 21:20:00,40
1737,9221,2023-10-08T18:20:26+00:00,50,Flag,BLUE,Driver,WAVED BLUE FLAG FOR CAR 40 (LAW) TIMED AT 21:20:26,40
1738,9221,2023-10-08T18:20:32+00:00,50,Flag,BLUE,Driver,WAVED BLUE FLAG FOR CAR 18 (STR) TIMED AT 21:20:31,18
1739,9221,2023-10-08T18:22:26+00:00,52,Other,,,CAR 4 (NOR) TIME 1:25.384 DELETED - TRACK LIMITS AT TURN 4 LAP 50 21:20:24,
1740,9221,2023-10-08T18:24:03+00:00,52,Flag,BLUE,Driver,WAVED BLUE FLAG FOR CAR 27 (HUL) TIMED AT 21:24:03,27
1741,9221,2023-10-08T18:24:26+00:00,53,Flag,BLUE,Driver,WAVED BLUE FLAG FOR CAR 27 (HUL) TIMED AT 21:24:25,27
1742,9221,2023-10-08T18:24:41+00:00,53,Other,,,TURN 1 INCIDENT INVOLVING CARS 10 (GAS) AND 18 (STR) NOTED - LEAVING THE TRACK AND GAINING AN ADVANTAGE,
1743,9221,2023-10-08T18:25:15+00:00,53,Other,,,FIA STEWARDS: TURN 1 INCIDENT INVOLVING CARS 10 (GAS) AND 18 (STR) UNDER INVESTIGATION - LEAVING THE TRACK AND GAINING AN ADVANTAGE,
1744,9221,2023-10-08T18:26:06+00:00,54,Other,,,FIA STEWARDS: TURN 1 INCIDENT INVOLVING CARS 10 (GAS) AND 18 (STR) NO FURTHER ACTION - LEAVING THE TRACK AND GAINING AN ADVANTAGE,
1745,9221,2023-10-08T18:26:14+00:00,54,Other,,,CAR 18 (STR) TIME 1:30.052 DELETED - TRACK LIMITS AT TURN 4 LAP 52 21:24:10,
1746,9221,2023-10-08T18:26:20+00:00,54,Other,,,INCIDENT INVOLVING CAR 18 (STR) NOTED - TRACK LIMITS,
1747,9221,2023-10-08T18:26:25+00:00,54,Other,,,FIA STEWARDS: INCIDENT INVOLVING CAR 18 (STR) UNDER INVESTIGATION - TRACK LIMITS,
1748,9221,2023-10-08T18:26:31+00:00,54,Other,,,FIA STEWARDS: 5 SECOND TIME PENALTY FOR CAR 18 (STR) - TRACK LIMITS,
1749,9221,2023-10-08T18:27:06+00:00,55,Other,,,CAR 10 (GAS) TIME 1:29.058 DELETED - TRACK LIMITS AT TURN 1 LAP 52 21:23:54,
1750,9221,2023-10-08T18:27:58+00:00,55,Flag,BLUE,Driver,WAVED BLUE FLAG FOR CAR 22 (TSU) TIMED AT 21:27:57,22
1751,9221,2023-10-08T18:29:08+00:00,56,Other,,,CAR 63 (RUS) TIME 1:27.050 DELETED - TRACK LIMITS AT TURN 4 LAP 55 21:27:55,
1752,9221,2023-10-08T18:29:16+00:00,56,Flag,BLACK AND WHITE,Driver,BLACK AND WHITE FLAG FOR CAR 63 (RUS) - TRACK LIMITS,63
1753,9221,2023-10-08T18:29:43+00:00,56,Other,,,CAR 10 (GAS) TIME 1:25.793 DELETED - TRACK LIMITS AT TURN 2 LAP 55 21:28:21,
1754,9221,2023-10-08T18:30:00+00:00,57,Flag,BLUE,Driver,WAVED BLUE FLAG FOR CAR 22 (TSU) TIMED AT 21:30:00,22
1755,9221,2023-10-08T18:30:00+00:00,57,Other,,,INCIDENT INVOLVING CAR 10 (GAS) NOTED - TRACK LIMITS,
1756,9221,2023-10-08T18:30:17+00:00,57,Other,,,FIA STEWARDS: INCIDENT INVOLVING CAR 10 (GAS) UNDER INVESTIGATION - TRACK LIMITS,
1757,9221,2023-10-08T18:30:28+00:00,57,Other,,,FIA STEWARDS: 5 SECOND TIME PENALTY FOR CAR 10 (GAS) - TRACK LIMITS,
1758,9221,2023-10-08T18:30:41+00:00,57,Other,,,CAR 11 (PER) TIME 1:28.008 DELETED - TRACK LIMITS AT TURN 12 LAP 55 21:29:12,
1759,9221,2023-10-08T18:30:45+00:00,57,Flag,BLUE,Driver,WAVED BLUE FLAG FOR CAR 20 (MAG) TIMED AT 21:30:45,20
1760,9221,2023-10-08T18:30:57+00:00,57,Other,,,INCIDENT INVOLVING CAR 11 (PER) NOTED - TRACK LIMITS,
1761,9221,2023-10-08T18:31:13.138000+00:00,57,SessionStatus,,,SESSION FINISHED,
1762,9221,2023-10-08T18:31:15+00:00,57,Flag,CHEQUERED,Track,CHEQUERED FLAG,
1763,9221,2023-10-08T18:33:27+00:00,57,Other,,,CAR 27 (HUL) TIME 1:26.444 DELETED - TRACK LIMITS AT TURN 5 LAP 56 21:30:32,
1764,9221,2023-10-08T18:36:17+00:00,57,Other,,,FIA STEWARDS: INCIDENT INVOLVING CAR 11 (PER) UNDER INVESTIGATION - TRACK LIMITS,
1765,9221,2023-10-08T18:36:29+00:00,57,Other,,,FIA STEWARDS: 5 SECOND TIME PENALTY FOR CAR 11 (PER) - TRACK LIMITS,
1766,9212,2023-10-21T21:26:46+00:00,1,Other,,,BLUE HEAD PADDING MATERIAL MUST BE USED,
1767,9212,2023-10-21T21:30:01+00:00,1,Flag,GREEN,Track,GREEN LIGHT - PIT EXIT OPEN,
1768,9212,2023-10-21T21:35:01+00:00,1,Other,,,PIT EXIT CLOSED,
1769,9212,2023-10-21T21:45:14+00:00,1,Other,,,RISK OF RAIN FOR F1 SPRINT IS 0%,
1770,9212,2023-10-21T21:57:06+00:00,1,Drs,,,DRS DISABLED,
1771,9212,2023-10-21T22:03:45.841000+00:00,1,SessionStatus,,,SESSION STARTED,
1772,9212,2023-10-21T22:03:46+00:00,1,Flag,GREEN,Track,GREEN LIGHT - PIT EXIT OPEN,
1773,9212,2023-10-21T22:05:39+00:00,2,Drs,,,DRS ENABLED,
1774,9212,2023-10-21T22:09:26+00:00,4,Other,,,TURN 15 INCIDENT INVOLVING CARS 63 (RUS) AND 81 (PIA) NOTED - LEAVING THE TRACK AND GAINING AN ADVANTAGE,
1775,9212,2023-10-21T22:09:35+00:00,4,Other,,,CAR 63 (RUS) TIME 1:41.327 DELETED - TRACK LIMITS AT TURN 15 LAP 3 17:08:34,
1776,9212,2023-10-21T22:10:44+00:00,5,Other,,,CAR 81 (PIA) TIME 1:42.870 DELETED - TRACK LIMITS AT TURN 9 LAP 3 17:07:47,
1777,9212,2023-10-21T22:11:42+00:00,5,Other,,,CAR 11 (PER) TIME 1:41.841 DELETED - TRACK LIMITS AT TURN 12 LAP 2 17:06:36,
1778,9212,2023-10-21T22:11:51+00:00,5,Other,,,FIA STEWARDS: TURN 15 INCIDENT INVOLVING CARS 63 (RUS) AND 81 (PIA) UNDER INVESTIGATION - LEAVING THE TRACK AND GAINING AN ADVANTAGE,
1779,9212,2023-10-21T22:12:10+00:00,6,Other,,,CAR 3 (RIC) TIME 1:41.832 DELETED - TRACK LIMITS AT TURN 12 LAP 4 17:10:04,
1780,9212,2023-10-21T22:13:10+00:00,6,Other,,,FIA STEWARDS: 5 SECOND TIME PENALTY FOR CAR 63 (RUS) - LEAVING THE TRACK AND GAINING AN ADVANTAGE,
1781,9212,2023-10-21T22:14:37+00:00,7,Other,,,CAR 81 (PIA) TIME 1:42.360 DELETED - TRACK LIMITS AT TURN 19 LAP 6 17:13:53,
1782,9212,2023-10-21T22:15:52+00:00,8,Other,,,CAR 23 (ALB) TIME 1:41.185 DELETED - TRACK LIMITS AT TURN 1 LAP 7 17:14:14,
1783,9212,2023-10-21T22:16:24+00:00,8,Other,,,TURN 1 INCIDENT INVOLVING CARS 23 (ALB) AND 81 (PIA) NOTED - LEAVING THE TRACK AND GAINING AN ADVANTAGE,
1784,9212,2023-10-21T22:17:23+00:00,9,Other,,,CAR 81 (PIA) TIME 1:42.360 DELETED - TRACK LIMITS AT TURN 20 LAP 6 17:13:59,
1785,9212,2023-10-21T22:17:24+00:00,9,Other,,,CAR 81 (PIA) TIME 1:42.072 DELETED - TRACK LIMITS AT TURN 20 (NEXT LAP),
1786,9212,2023-10-21T22:17:31+00:00,9,Flag,BLACK AND WHITE,Driver,BLACK AND WHITE FLAG FOR CAR 81 (PIA) - TRACK LIMITS,81
1787,9212,2023-10-21T22:17:57+00:00,9,Other,,,FIA STEWARDS: TURN 1 INCIDENT INVOLVING CARS 23 (ALB) AND 81 (PIA) UNDER INVESTIGATION - LEAVING THE TRACK AND GAINING AN ADVANTAGE,
1788,9212,2023-10-21T22:18:22+00:00,9,Other,,,CAR 20 (MAG) TIME 1:43.529 DELETED - TRACK LIMITS AT TURN 19 LAP 8 17:17:24,
1789,9212,2023-10-21T22:19:49+00:00,10,Other,,,CAR 20 (MAG) TIME 1:43.169 DELETED - TRACK LIMITS AT TURN 12 LAP 9 17:18:40,
1790,9212,2023-10-21T22:21:54+00:00,11,Other,,,FIA STEWARDS: TURN 1 INCIDENT INVOLVING CARS 23 (ALB) AND 81 (PIA) NO FURTHER ACTION - LEAVING THE TRACK AND GAINING AN ADVANTAGE,
1791,9212,2023-10-21T22:24:31+00:00,13,Other,,,CAR 20 (MAG) TIME 1:43.371 DELETED - TRACK LIMITS AT TURN 1 LAP 12 17:22:55,
1792,9212,2023-10-21T22:24:47+00:00,13,Other,,,CAR 2 (SAR) TIME 1:43.815 DELETED - TRACK LIMITS AT TURN 19 LAP 12 17:24:19,
1793,9212,2023-10-21T22:25:34+00:00,14,Other,,,TURN 1 INCIDENT INVOLVING CARS 20 (MAG) AND 24 (ZHO) NOTED - FORCING ANOTHER DRIVER OFF THE TRACK,
1794,9212,2023-10-21T22:25:51+00:00,14,Other,,,FIA STEWARDS: TURN 1 INCIDENT INVOLVING CARS 20 (MAG) AND 24 (ZHO) UNDER INVESTIGATION - FORCING ANOTHER DRIVER OFF THE TRACK,
1795,9212,2023-10-21T22:32:25+00:00,18,Other,,,TURN 15 INCIDENT INVOLVING CARS 20 (MAG) AND 24 (ZHO) NOTED - LEAVING THE TRACK AND GAINING AN ADVANTAGE,
1796,9212,2023-10-21T22:32:30+00:00,18,Other,,,CAR 20 (MAG) TIME 1:43.970 DELETED - TRACK LIMITS AT TURN 15 LAP 13 17:25:48,
1797,9212,2023-10-21T22:33:00+00:00,18,Other,,,CAR 24 (ZHO) TIME 1:42.116 DELETED - TRACK LIMITS AT TURN 15 LAP 13 17:25:48,
1798,9212,2023-10-21T22:33:46+00:00,19,Other,,,FIA STEWARDS: TURN 1 INCIDENT INVOLVING CARS 20 (MAG) AND 24 (ZHO) NO FURTHER ACTION - FORCING ANOTHER DRIVER OFF THE TRACK,
1799,9212,2023-10-21T22:34:04+00:00,19,Other,,,FIA STEWARDS: TURN 15 INCIDENT INVOLVING CARS 20 (MAG) AND 24 (ZHO) UNDER INVESTIGATION - LEAVING THE TRACK AND GAINING AN ADVANTAGE,
1800,9212,2023-10-21T22:34:15+00:00,19,Other,,,FIA STEWARDS: 5 SECOND TIME PENALTY FOR CAR 24 (ZHO) - LEAVING THE TRACK AND GAINING AN ADVANTAGE,
1801,9212,2023-10-21T22:34:18+00:00,19,Other,,,CAR 4 (NOR) TIME 1:40.309 DELETED - TRACK LIMITS AT TURN 12 LAP 18 17:33:20,
1802,9212,2023-10-21T22:35:16.929000+00:00,19,SessionStatus,,,SESSION FINISHED,
1803,9212,2023-10-21T22:35:19+00:00,19,Flag,CHEQUERED,Track,CHEQUERED FLAG,
1804,9212,2023-10-21T22:35:57+00:00,19,Other,,,CAR 23 (ALB) TIME 1:40.067 DELETED - TRACK LIMITS AT TURN 19 LAP 19 17:35:42,
1805,9212,2023-10-21T22:37:19+00:00,19,Other,,,CAR 4 (NOR) TIME 1:40.492 DELETED - TRACK LIMITS AT TURN 11 LAP 19 17:34:41,
1806,9213,2023-10-22T18:10:01+00:00,1,Flag,GREEN,Track,GREEN LIGHT - PIT EXIT OPEN,
1807,9213,2023-10-22T18:18:01+00:00,1,Other,,,INCIDENT INVOLVING CAR 18 (STR) NOTED - NOT ENTERING PIT LANE,
1808,9213,2023-10-22T18:20:01+00:00,1,Other,,,PIT EXIT CLOSED,
1809,9213,2023-10-22T18:30:12+00:00,1,Flag,DOUBLE YELLOW,Sector,DOUBLE YELLOW IN TRACK SECTOR 16,
1810,9213,2023-10-22T18:30:14+00:00,1,Flag,CLEAR,Sector,CLEAR IN TRACK SECTOR 16,
1811,9213,2023-10-22T18:30:25+00:00,1,Flag,YELLOW,Sector,YELLOW IN TRACK SECTOR 16,
1812,9213,2023-10-22T18:30:27+00:00,1,Flag,CLEAR,Sector,CLEAR IN TRACK SECTOR 16,
1813,9213,2023-10-22T18:33:40+00:00,1,Other,,,TRACK SURFACE SLIPPERY IN TRACK SECTOR 16,
1814,9213,2023-10-22T18:33:43+00:00,1,Flag,CLEAR,Sector,CLEAR IN TRACK SECTOR 16,
1815,9213,2023-10-22T18:34:19+00:00,1,Other,,,FIA STEWARDS: INCIDENT INVOLVING CAR 18 (STR) WILL BE INVESTIGATED AFTER THE RACE - NOT ENTERING PIT LANE,
1816,9213,2023-10-22T18:45:08+00:00,1,Other,,,RISK OF RAIN FOR F1 RACE IS 0%,
1817,9213,2023-10-22T18:57:05+00:00,1,Drs,,,DRS DISABLED,
1818,9213,2023-10-22T19:03:41.449000+00:00,1,SessionStatus,,,SESSION STARTED,
1819,9213,2023-10-22T19:03:42+00:00,1,Flag,GREEN,Track,GREEN LIGHT - PIT EXIT OPEN,
1820,9213,2023-10-22T19:06:46+00:00,2,Other,,,TURN 1 INCIDENT INVOLVING CAR 63 (RUS) NOTED - LEAVING THE TRACK AND GAINING AN ADVANTAGE,
1821,9213,2023-10-22T19:07:23+00:00,3,Drs,,,DRS ENABLED,
1822,9213,2023-10-22T19:10:44+00:00,5,Other,,,FIA STEWARDS: TURN 1 INCIDENT INVOLVING CAR 63 (RUS) REVIEWED NO FURTHER INVESTIGATION - LEAVING THE TRACK AND GAINING AN ADVANTAGE,
1823,9213,2023-10-22T19:12:32+00:00,6,Other,,,CAR 22 (TSU) TIME 1:45.158 DELETED - TRACK LIMITS AT TURN 20 LAP 3 14:08:59,
1824,9213,2023-10-22T19:14:26+00:00,7,Other,,,CAR 20 (MAG) TIME 1:43.618 DELETED - TRACK LIMITS AT TURN 19 LAP 5 14:12:23,
1825,9213,2023-10-22T19:14:37+00:00,7,Other,,,CAR 27 (HUL) TIME 1:44.648 DELETED - TRACK LIMITS AT TURN 19 LAP 5 14:12:26,
1826,9213,2023-10-22T19:15:09+00:00,7,Other,,,CAR 31 (OCO) TIME 1:48.938 DELETED - TRACK LIMITS AT TURN 19 LAP 5 14:12:29,
1827,9213,2023-10-22T19:15:55+00:00,8,Other,,,CAR 20 (MAG) TIME 1:45.395 DELETED - TRACK LIMITS AT TURN 11 LAP 2 14:06:23,
1828,9213,2023-10-22T19:16:15+00:00,8,Other,,,CAR 44 (HAM) TIME 1:42.189 DELETED - TRACK LIMITS AT TURN 19 LAP 6 14:13:49,
1829,9213,2023-10-22T19:18:30+00:00,9,Other,,,CAR 14 (ALO) TIME 1:45.424 DELETED - TRACK LIMITS AT TURN 11 LAP 2 14:06:23,
1830,9213,2023-10-22T19:20:58+00:00,11,Other,,,CAR 63 (RUS) LAP DELETED - TRACK LIMITS AT TURN 12 LAP 1 14:04:52,
1831,9213,2023-10-22T19:25:08+00:00,13,Other,,,TURN 12 INCIDENT INVOLVING CARS 1 (VER) AND 16 (LEC) NOTED ,
1832,9213,2023-10-22T19:25:26+00:00,13,Other,,,CAR 22 (TSU) LAP DELETED - TRACK LIMITS AT TURN 12 LAP 1 14:04:54,
1833,9213,2023-10-22T19:25:55+00:00,14,Other,,,CAR 20 (MAG) TIME 1:44.749 DELETED - TRACK LIMITS AT TURN 12 LAP 10 14:20:35,
1834,9213,2023-10-22T19:26:23+00:00,14,Other,,,CAR 16 (LEC) TIME 1:44.450 DELETED - TRACK LIMITS AT TURN 12 LAP 11 14:21:58,
1835,9213,2023-10-22T19:26:47+00:00,14,Other,,,CAR 63 (RUS) TIME 1:43.172 DELETED - TRACK LIMITS AT TURN 12 LAP 11 14:22:03,
1836,9213,2023-10-22T19:27:00+00:00,14,Other,,,CAR 2 (SAR) TIME 2:04.136 DELETED - TRACK LIMITS AT TURN 19 LAP 12 14:24:52,
1837,9213,2023-10-22T19:29:10+00:00,15,Other,,,FIA STEWARDS: TURN 12 INCIDENT INVOLVING CARS 1 (VER) AND 16 (LEC) REVIEWED NO FURTHER INVESTIGATION ,
1838,9213,2023-10-22T19:31:19+00:00,17,Other,,,CAR 4 (NOR) TIME 1:42.725 DELETED - TRACK LIMITS AT TURN 19 LAP 16 14:30:52,
1839,9213,2023-10-22T19:31:49+00:00,17,Other,,,CAR 44 (HAM) TIME 1:42.540 DELETED - TRACK LIMITS AT TURN 19 LAP 16 14:30:54,
1840,9213,2023-10-22T19:36:12+00:00,20,Other,,,CAR 27 (HUL) TIME 1:43.771 DELETED - TRACK LIMITS AT TURN 13 LAP 13 14:25:32,
1841,9213,2023-10-22T19:38:26+00:00,21,Other,,,CAR 14 (ALO) TIME 1:44.156 DELETED - TRACK LIMITS AT TURN 9 LAP 18 14:33:52,
1842,9213,2023-10-22T19:39:24+00:00,21,Other,,,CAR 23 (ALB) TIME 1:43.029 DELETED - TRACK LIMITS AT TURN 20 LAP 20 14:38:39,
1843,9213,2023-10-22T19:40:32+00:00,22,Other,,,CAR 23 (ALB) TIME 1:42.679 DELETED - TRACK LIMITS AT TURN 20 (NEXT LAP),
1844,9213,2023-10-22T19:44:00+00:00,24,Other,,,CAR 10 (GAS) TIME 1:42.598 DELETED - TRACK LIMITS AT TURN 12 LAP 22 14:41:18,
1845,9213,2023-10-22T19:44:04+00:00,24,Other,,,CAR 20 (MAG) TIME 1:43.838 DELETED - TRACK LIMITS AT TURN 19 LAP 22 14:42:08,
1846,9213,2023-10-22T19:44:17+00:00,24,Flag,BLACK AND WHITE,Driver,BLACK AND WHITE FLAG FOR CAR 20 (MAG) - TRACK LIMITS,20
1847,9213,2023-10-22T19:48:32+00:00,27,Other,,,CAR 4 (NOR) TIME 1:42.115 DELETED - TRACK LIMITS AT TURN 19 LAP 26 14:48:08,
1848,9213,2023-10-22T19:50:20+00:00,28,Other,,,TURN 12 INCIDENT INVOLVING CARS 2 (SAR) AND 18 (STR) NOTED ,
1849,9213,2023-10-22T19:50:27+00:00,28,Other,,,CAR 18 (STR) TIME 1:42.273 DELETED - TRACK LIMITS AT TURN 12 LAP 26 14:48:28,
1850,9213,2023-10-22T19:52:56+00:00,29,Other,,,FIA STEWARDS: TURN 12 INCIDENT INVOLVING CARS 2 (SAR) AND 18 (STR) UNDER INVESTIGATION ,
1851,9213,2023-10-22T20:00:07+00:00,33,Other,,,FIA STEWARDS: TURN 12 INCIDENT INVOLVING CARS 2 (SAR) AND 18 (STR) NO FURTHER ACTION ,
1852,9213,2023-10-22T20:01:01+00:00,34,Other,,,CAR 2 (SAR) TIME 1:43.953 DELETED - TRACK LIMITS AT TURN 11 LAP 32 14:58:30,
1853,9213,2023-10-22T20:14:16+00:00,42,Other,,,CAR 55 (SAI) TIME 1:40.907 DELETED - TRACK LIMITS AT TURN 19 LAP 41 15:13:58,
1854,9213,2023-10-22T20:14:33+00:00,42,Other,,,CAR 11 (PER) TIME 1:40.837 DELETED - TRACK LIMITS AT TURN 12 LAP 41 15:13:35,
1855,9213,2023-10-22T20:15:07+00:00,42,Other,,,CAR 2 (SAR) TIME 1:41.432 DELETED - TRACK LIMITS AT TURN 19 LAP 41 15:14:52,
1856,9213,2023-10-22T20:15:17+00:00,42,Flag,BLACK AND WHITE,Driver,BLACK AND WHITE FLAG FOR CAR 2 (SAR) - TRACK LIMITS,2
1857,9213,2023-10-22T20:25:47+00:00,49,Flag,BLUE,Driver,WAVED BLUE FLAG FOR CAR 3 (RIC) TIMED AT 15:25:46,3
1858,9213,2023-10-22T20:28:46+00:00,50,Other,,,CAR 16 (LEC) TIME 1:41.400 DELETED - TRACK LIMITS AT TURN 20 LAP 49 15:27:30,
1859,9213,2023-10-22T20:29:32+00:00,51,Other,,,CAR 16 (LEC) TIME 1:42.085 DELETED - TRACK LIMITS AT TURN 20 (NEXT LAP),
1860,9213,2023-10-22T20:29:35+00:00,51,Other,,,CAR 23 (ALB) TIME 1:41.675 DELETED - TRACK LIMITS AT TURN 6 LAP 47 15:23:49,
1861,9213,2023-10-22T20:29:47+00:00,51,Other,,,CAR 23 (ALB) TIME 1:41.318 DELETED - TRACK LIMITS AT TURN 6 LAP 48 15:25:30,
1862,9213,2023-10-22T20:29:56+00:00,51,Flag,BLACK AND WHITE,Driver,BLACK AND WHITE FLAG FOR CAR 23 (ALB) - TRACK LIMITS,23
1863,9213,2023-10-22T20:30:29+00:00,51,Other,,,CAR 23 (ALB) TIME 1:41.596 DELETED - TRACK LIMITS AT TURN 19 LAP 49 15:28:18,
1864,9213,2023-10-22T20:30:40+00:00,51,Other,,,INCIDENT INVOLVING CAR 23 (ALB) NOTED - TRACK LIMITS,
1865,9213,2023-10-22T20:31:36+00:00,52,Other,,,FIA STEWARDS: INCIDENT INVOLVING CAR 23 (ALB) UNDER INVESTIGATION - TRACK LIMITS,
1866,9213,2023-10-22T20:31:47+00:00,52,Other,,,FIA STEWARDS: 5 SECOND TIME PENALTY FOR CAR 23 (ALB) - TRACK LIMITS,
1867,9213,2023-10-22T20:32:19+00:00,52,Other,,,CAR 23 (ALB) TIME 1:41.517 DELETED - TRACK LIMITS AT TURN 6 LAP 45 15:20:25,
1868,9213,2023-10-22T20:33:21+00:00,53,Other,,,INCIDENT INVOLVING CAR 23 (ALB) NOTED - MULTIPLE TRACK LIMIT INFRINGEMENTS,
1869,9213,2023-10-22T20:33:32+00:00,53,Other,,,CAR 16 (LEC) TIME 1:42.190 DELETED - TRACK LIMITS AT TURN 19 LAP 52 15:32:29,
1870,9213,2023-10-22T20:33:38+00:00,53,Flag,BLUE,Driver,WAVED BLUE FLAG FOR CAR 3 (RIC) TIMED AT 15:33:37,3
1871,9213,2023-10-22T20:34:10+00:00,54,Other,,,FIA STEWARDS: INCIDENT INVOLVING CAR 23 (ALB) WILL BE INVESTIGATED AFTER THE RACE - MULTIPLE TRACK LIMIT INFRINGEMENTS,
1872,9213,2023-10-22T20:36:30+00:00,55,Flag,BLUE,Driver,WAVED BLUE FLAG FOR CAR 20 (MAG) TIMED AT 15:36:29,20
1873,9213,2023-10-22T20:37:58+00:00,56,Flag,BLUE,Driver,WAVED BLUE FLAG FOR CAR 24 (ZHO) TIMED AT 15:37:57,24
1874,9213,2023-10-22T20:38:31+00:00,56,Flag,BLUE,Driver,WAVED BLUE FLAG FOR CAR 24 (ZHO) TIMED AT 15:38:30,24
1875,9213,2023-10-22T20:39:02+00:00,56,Flag,CHEQUERED,Track,CHEQUERED FLAG,
1876,9213,2023-10-22T20:39:03.034000+00:00,56,SessionStatus,,,SESSION FINISHED,
1877,9213,2023-10-22T20:39:17+00:00,56,Other,,,CAR 44 (HAM) TIME 1:40.743 DELETED - TRACK LIMITS AT TURN 9 LAP 56 15:37:59,
1878,9213,2023-10-22T20:39:33+00:00,56,Other,,,TRACK SURFACE SLIPPERY IN TRACK SECTOR 5,
1879,9213,2023-10-22T20:39:35+00:00,56,Flag,CLEAR,Sector,CLEAR IN TRACK SECTOR 5,
1880,9213,2023-10-22T20:39:35+00:00,56,Flag,BLACK AND WHITE,Driver,BLACK AND WHITE FLAG FOR CAR 44 (HAM) - TRACK LIMITS,44
1881,9213,2023-10-22T20:39:39+00:00,56,Other,,,TRACK SURFACE SLIPPERY IN TRACK SECTOR 5,
1882,9213,2023-10-22T20:39:42+00:00,56,Flag,CLEAR,Sector,CLEAR IN TRACK SECTOR 5,
1883,9213,2023-10-22T20:39:50+00:00,56,Flag,DOUBLE YELLOW,Sector,DOUBLE YELLOW IN TRACK SECTOR 5,
1884,9213,2023-10-22T20:39:52+00:00,56,Flag,CLEAR,Sector,CLEAR IN TRACK SECTOR 5,
1885,9213,2023-10-22T20:39:57+00:00,56,Other,,,TRACK SURFACE SLIPPERY IN TRACK SECTOR 5,
1886,9213,2023-10-22T20:39:59+00:00,56,Flag,CLEAR,Sector,CLEAR IN TRACK SECTOR 5,
1887,9181,2023-10-29T19:07:54+00:00,1,Flag,YELLOW,Sector,YELLOW IN TRACK SECTOR 14,
1888,9181,2023-10-29T19:08:23+00:00,1,Flag,CLEAR,Sector,CLEAR IN TRACK SECTOR 14,
1889,9181,2023-10-29T19:08:23+00:00,1,Flag,CLEAR,Sector,CLEAR IN TRACK SECTOR 15,
1890,9181,2023-10-29T19:08:33+00:00,1,Flag,CLEAR,Sector,CLEAR IN TRACK SECTOR 13,
1891,9181,2023-10-29T19:08:33+00:00,1,Other,,,DRS ENABLED IN ZONE 1,
1892,9181,2023-10-29T19:08:54+00:00,1,Flag,CLEAR,Sector,CLEAR IN TRACK SECTOR 10,
1893,9181,2023-10-29T19:10:01+00:00,1,Flag,GREEN,Track,GREEN LIGHT - PIT EXIT OPEN,
1894,9181,2023-10-29T19:17:03+00:00,1,Other,,,INCIDENT INVOLVING CAR 14 (ALO) NOTED - SPEEDING IN THE PIT LANE,
1895,9181,2023-10-29T19:20:01+00:00,1,Other,,,PIT EXIT CLOSED,
1896,9181,2023-10-29T19:22:05+00:00,1,Flag,DOUBLE YELLOW,Sector,DOUBLE YELLOW IN TRACK SECTOR 10,
1897,9181,2023-10-29T19:22:37+00:00,1,Flag,DOUBLE YELLOW,Sector,DOUBLE YELLOW IN TRACK SECTOR 5,
1898,9181,2023-10-29T19:22:38+00:00,1,Other,,,DRS DISABLED IN ZONE 3,
1899,9181,2023-10-29T19:22:48+00:00,1,Flag,YELLOW,Sector,YELLOW IN TRACK SECTOR 6,
1900,9181,2023-10-29T19:23:03+00:00,1,Flag,DOUBLE YELLOW,Sector,DOUBLE YELLOW IN TRACK SECTOR 11,
1901,9181,2023-10-29T19:23:05+00:00,1,Other,,,DRS DISABLED IN ZONE 1,
1902,9181,2023-10-29T19:23:30+00:00,1,Flag,DOUBLE YELLOW,Sector,DOUBLE YELLOW IN TRACK SECTOR 9,
1903,9181,2023-10-29T19:24:32+00:00,1,Flag,YELLOW,Sector,YELLOW IN TRACK SECTOR 12,
1904,9181,2023-10-29T19:26:06+00:00,1,Flag,CLEAR,Sector,CLEAR IN TRACK SECTOR 6,
1905,9181,2023-10-29T19:28:06+00:00,1,Flag,YELLOW,Sector,YELLOW IN TRACK SECTOR 6,
1906,9181,2023-10-29T19:28:20+00:00,1,Flag,CLEAR,Sector,CLEAR IN TRACK SECTOR 10,
1907,9181,2023-10-29T19:30:03+00:00,1,Flag,CLEAR,Sector,CLEAR IN TRACK SECTOR 6,
1908,9181,2023-10-29T19:30:36+00:00,1,Flag,CLEAR,Sector,CLEAR IN TRACK SECTOR 11,
1909,9181,2023-10-29T19:30:59+00:00,1,Flag,CLEAR,Sector,CLEAR IN TRACK SECTOR 5,
1910,9181,2023-10-29T19:30:59+00:00,1,Other,,,DRS ENABLED IN ZONE 3,
1911,9181,2023-10-29T19:34:40+00:00,1,Flag,CLEAR,Sector,CLEAR IN TRACK SECTOR 12,
1912,9181,2023-10-29T19:34:40+00:00,1,Other,,,DRS ENABLED IN ZONE 1,
1913,9181,2023-10-29T19:36:24+00:00,1,Flag,CLEAR,Sector,CLEAR IN TRACK SECTOR 9,
1914,9181,2023-10-29T19:45:10+00:00,1,Other,,,RISK OF RAIN FOR F1 RACE IS 0%,
1915,9181,2023-10-29T19:57:03+00:00,1,Drs,,,DRS DISABLED,
1916,9181,2023-10-29T20:03:18+00:00,1,Flag,GREEN,Track,GREEN LIGHT - PIT EXIT OPEN,
1917,9181,2023-10-29T20:03:18.321000+00:00,1,SessionStatus,,,SESSION STARTED,
1918,9181,2023-10-29T20:03:36+00:00,1,Flag,DOUBLE YELLOW,Sector,DOUBLE YELLOW IN TRACK SECTOR 3,
1919,9181,2023-10-29T20:03:40+00:00,1,Flag,YELLOW,Sector,YELLOW IN TRACK SECTOR 3,
1920,9181,2023-10-29T20:03:47+00:00,1,Flag,CLEAR,Sector,CLEAR IN TRACK SECTOR 3,
1921,9181,2023-10-29T20:03:55+00:00,1,Other,,,LAP 1 TURN 1 NOTED,
1922,9181,2023-10-29T20:06:23+00:00,3,Drs,,,DRS ENABLED,
1923,9181,2023-10-29T20:07:36+00:00,4,Other,,,FIA STEWARDS: LAP 1 TURN 1 REVIEWED NO FURTHER INVESTIGATION,
1924,9181,2023-10-29T20:08:01+00:00,4,Other,,,TRACK SURFACE SLIPPERY IN TRACK SECTOR 3,
1925,9181,2023-10-29T20:09:05+00:00,5,SafetyCar,,,VIRTUAL SAFETY CAR DEPLOYED,
1926,9181,2023-10-29T20:09:05+00:00,5,Flag,CLEAR,Sector,CLEAR IN TRACK SECTOR 3,
1927,9181,2023-10-29T20:10:19+00:00,5,Other,,,INCIDENT INVOLVING CAR 16 (LEC) NOTED - DRIVING IN AN UNSAFE CONDITION,
1928,9181,2023-10-29T20:10:21+00:00,5,SafetyCar,,,VIRTUAL SAFETY CAR ENDING,
1929,9181,2023-10-29T20:10:34+00:00,5,Flag,CLEAR,Track,TRACK CLEAR,
1930,9181,2023-10-29T20:10:37+00:00,5,Drs,,,DRS ENABLED,
1931,9181,2023-10-29T20:14:03+00:00,8,Flag,YELLOW,Sector,YELLOW IN TRACK SECTOR 3,
1932,9181,2023-10-29T20:14:04+00:00,8,Flag,CLEAR,Sector,CLEAR IN TRACK SECTOR 3,
1933,9181,2023-10-29T20:15:22+00:00,9,Other,,,CAR 22 (TSU) TIME 1:25.565 DELETED - TRACK LIMITS AT TURN 1 LAP 8 14:14:01,
1934,9181,2023-10-29T20:26:39+00:00,17,Other,,,CAR 63 (RUS) TIME 1:25.192 DELETED - TRACK LIMITS AT TURN 12 LAP 16 14:25:58,
1935,9181,2023-10-29T20:28:27+00:00,18,Other,,,FIA STEWARDS: INCIDENT INVOLVING CAR 16 (LEC) WILL BE INVESTIGATED AFTER THE RACE - DRIVING IN AN UNSAFE CONDITION,
1936,9181,2023-10-29T20:38:17+00:00,25,Other,,,CAR 20 (MAG) TIME 1:43.471 DELETED - TRACK LIMITS AT TURN 2 LAP 24 14:37:09,
1937,9181,2023-10-29T20:43:49+00:00,29,Other,,,CAR 55 (SAI) TIME 1:24.158 DELETED - TRACK LIMITS AT TURN 2 LAP 28 14:41:52,
1938,9181,2023-10-29T20:46:35+00:00,31,Other,,,CAR 20 (MAG) TIME 1:24.579 DELETED - TRACK LIMITS AT TURN 17 LAP 29 14:45:13,
1939,9181,2023-10-29T20:49:04+00:00,33,Flag,DOUBLE YELLOW,Sector,DOUBLE YELLOW IN TRACK SECTOR 10,
1940,9181,2023-10-29T20:49:17+00:00,33,Flag,YELLOW,Sector,YELLOW IN TRACK SECTOR 9,
1941,9181,2023-10-29T20:49:24+00:00,33,SafetyCar,,,SAFETY CAR DEPLOYED,
1942,9181,2023-10-29T20:51:52.582000+00:00,34,SessionStatus,,,SESSION ABORTED,
1943,9181,2023-10-29T20:51:53+00:00,34,Flag,RED,Track,RED FLAG,
1944,9181,2023-10-29T20:51:53+00:00,34,Flag,CLEAR,Sector,CLEAR IN TRACK SECTOR 9,
1945,9181,2023-10-29T20:51:53+00:00,34,Flag,CLEAR,Sector,CLEAR IN TRACK SECTOR 10,
1946,9181,2023-10-29T21:01:00+00:00,35,Other,,,"ORDER FOR RESTART: 1, 16, 44, 55, 3, 81, 63, 22, 27, 4, 10, 23, 24, 31, 2, 77, 18, 14",
1947,9181,2023-10-29T21:01:47+00:00,35,Other,,,RACE WILL RESUME AT 15:13,
1948,9181,2023-10-29T21:07:43+00:00,35,Flag,CLEAR,Track,TRACK CLEAR,
1949,9181,2023-10-29T21:11:01+00:00,35,Other,,,RACE WILL RESUME AT 15:13 - STANDING START PROCEDURE,
1950,9181,2023-10-29T21:11:47+00:00,35,Other,,,ALL CARS MAY OVERTAKE THE SAFETY CAR,
1951,9181,2023-10-29T21:12:46+00:00,35,Other,,,ALL CARS MAY OVERTAKE THE SAFETY CAR,
1952,9181,2023-10-29T21:13:00.310000+00:00,35,SessionStatus,,,SESSION STARTED,
1953,9181,2023-10-29T21:13:38+00:00,35,Other,,,STANDING START PROCEDURE,
1954,9181,2023-10-29T21:19:29+00:00,38,Drs,,,DRS ENABLED,
1955,9181,2023-10-29T21:34:43+00:00,49,Other,,,TURN 2 INCIDENT INVOLVING CARS 22 (TSU) AND 81 (PIA) NOTED - CAUSING A COLLISION,
1956,9181,2023-10-29T21:34:54+00:00,49,Flag,DOUBLE YELLOW,Sector,DOUBLE YELLOW IN TRACK SECTOR 3,
1957,9181,2023-10-29T21:34:55+00:00,49,Flag,YELLOW,Sector,YELLOW IN TRACK SECTOR 3,
1958,9181,2023-10-29T21:34:56+00:00,49,Other,,,DRS DISABLED IN ZONE 2,
1959,9181,2023-10-29T21:35:08+00:00,49,Flag,CLEAR,Sector,CLEAR IN TRACK SECTOR 3,
1960,9181,2023-10-29T21:35:08+00:00,49,Other,,,DRS ENABLED IN ZONE 2,
1961,9181,2023-10-29T21:35:23+00:00,49,CarEvent,,,CAR 22 (TSU) OFF TRACK AND CONTINUED AT TURN 1,22
1962,9181,2023-10-29T21:35:58+00:00,50,Other,,,TURN 1 INCIDENT INVOLVING CARS 22 (TSU) AND 81 (PIA) NOTED - CAUSING A COLLISION,
1963,9181,2023-10-29T21:36:42+00:00,50,Other,,,CAR 22 (TSU) TIME 1:40.130 DELETED - TRACK LIMITS AT TURN 1 LAP 49 15:34:58,
1964,9181,2023-10-29T21:39:59+00:00,53,Other,,,FIA STEWARDS: TURN 2 INCIDENT INVOLVING CARS 22 (TSU) AND 81 (PIA) UNDER INVESTIGATION - CAUSING A COLLISION,
1965,9181,2023-10-29T21:40:05+00:00,53,Other,,,FIA STEWARDS: TURN 1 INCIDENT INVOLVING CARS 22 (TSU) AND 81 (PIA) UNDER INVESTIGATION - CAUSING A COLLISION,
1966,9181,2023-10-29T21:42:28+00:00,54,Other,,,CAR 22 (TSU) TIME 1:24.328 DELETED - TRACK LIMITS AT TURN 12 LAP 53 15:41:51,
1967,9181,2023-10-29T21:44:02+00:00,56,Other,,,CAR 2 (SAR) TIME 1:23.916 DELETED - TRACK LIMITS AT TURN 2 LAP 54 15:42:07,
1968,9181,2023-10-29T21:58:40+00:00,66,Other,,,CAR 2 (SAR) TIME 1:23.751 DELETED - TRACK LIMITS AT TURN 2 LAP 65 15:57:30,
1969,9181,2023-10-29T21:59:56+00:00,67,Flag,YELLOW,Sector,YELLOW IN TRACK SECTOR 14,
1970,9181,2023-10-29T22:00:02+00:00,67,Flag,YELLOW,Sector,YELLOW IN TRACK SECTOR 13,
1971,9181,2023-10-29T22:00:04+00:00,67,Flag,CLEAR,Sector,CLEAR IN TRACK SECTOR 14,
1972,9181,2023-10-29T22:00:05+00:00,67,Other,,,DRS DISABLED IN ZONE 1,
1973,9181,2023-10-29T22:00:07+00:00,67,Flag,CLEAR,Sector,CLEAR IN TRACK SECTOR 13,
1974,9181,2023-10-29T22:00:07+00:00,67,Other,,,DRS ENABLED IN ZONE 1,
1975,9181,2023-10-29T22:00:29+00:00,68,Other,,,TRACK SURFACE SLIPPERY IN TRACK SECTOR 14,
1976,9181,2023-10-29T22:00:56+00:00,68,Flag,CLEAR,Sector,CLEAR IN TRACK SECTOR 14,
1977,9181,2023-10-29T22:00:56+00:00,68,Other,,,TURN 14 INCIDENT INVOLVING CARS 18 (STR) AND 77 (BOT) NOTED - CAUSING A COLLISION,
1978,9181,2023-10-29T22:01:16+00:00,68,Other,,,TRACK SURFACE SLIPPERY IN TRACK SECTOR 14,
1979,9181,2023-10-29T22:01:17+00:00,68,Other,,,TRACK SURFACE SLIPPERY IN TRACK SECTOR 13,
1980,9181,2023-10-29T22:01:26+00:00,68,Flag,CLEAR,Sector,CLEAR IN TRACK SECTOR 13,
1981,9181,2023-10-29T22:01:27+00:00,68,Flag,CLEAR,Sector,CLEAR IN TRACK SECTOR 14,
1982,9181,2023-10-29T22:01:28+00:00,68,Other,,,FIA STEWARDS: TURN 14 INCIDENT INVOLVING CARS 18 (STR) AND 77 (BOT) WILL BE INVESTIGATED AFTER THE RACE - CAUSING A COLLISION,
1983,9181,2023-10-29T22:05:49+00:00,71,Flag,CHEQUERED,Track,CHEQUERED FLAG,
1984,9181,2023-10-29T22:05:49.364000+00:00,71,SessionStatus,,,SESSION FINISHED,
1985,9181,2023-10-29T22:05:59+00:00,71,Other,,,FIA STEWARDS: TURN 1 INCIDENT INVOLVING CARS 22 (TSU) AND 81 (PIA) NO FURTHER ACTION - CAUSING A COLLISION,
1986,9181,2023-10-29T22:06:06+00:00,71,Other,,,FIA STEWARDS: TURN 2 INCIDENT INVOLVING CARS 22 (TSU) AND 81 (PIA) NO FURTHER ACTION - CAUSING A COLLISION,
1987,9204,2023-11-04T17:41:21+00:00,1,Other,,,PINK HEAD PADDING MATERIAL MUST BE USED,
1988,9204,2023-11-04T18:00:00+00:00,1,Flag,GREEN,Track,GREEN LIGHT - PIT EXIT OPEN,
1989,9204,2023-11-04T18:05:00+00:00,1,Other,,,PIT EXIT CLOSED,
1990,9204,2023-11-04T18:15:10+00:00,1,Other,,,RISK OF RAIN FOR F1 SPRINT IS 0 %,
1991,9204,2023-11-04T18:27:05+00:00,1,Drs,,,DRS DISABLED,
1992,9204,2023-11-04T18:33:20.936000+00:00,1,SessionStatus,,,SESSION STARTED,
1993,9204,2023-11-04T18:33:21+00:00,1,Flag,GREEN,Track,GREEN LIGHT - PIT EXIT OPEN,
1994,9204,2023-11-04T18:34:37+00:00,1,Drs,,,DRS ENABLED,
1995,9204,2023-11-04T18:39:17+00:00,5,CarEvent,,,CAR 2 (SAR) OFF TRACK AND CONTINUED AT TURN 1,2
1996,9204,2023-11-04T18:40:00+00:00,6,Other,,,CAR 2 (SAR) TIME 1:18.311 DELETED - TRACK LIMITS AT TURN 1 LAP 5 15:38:43,
1997,9204,2023-11-04T19:03:26+00:00,24,Flag,CHEQUERED,Track,CHEQUERED FLAG,
1998,9204,2023-11-04T19:03:28.353000+00:00,24,SessionStatus,,,SESSION FINISHED,
1999,9205,2023-11-05T16:04:57+00:00,1,Other,,,PINK HEAD PADDING MATERIAL MUST BE USED,
2000,9205,2023-11-05T16:10:02+00:00,1,Flag,GREEN,Track,GREEN LIGHT - PIT EXIT OPEN,
