id,race_id,driver_id,constructor_id,number,position,points,grid,laps,status,qualifying_position
1,2023_1,max_verstappen,red_bull,1,1,25.0,1,57,Finished,1
2,2023_1,perez,red_bull,11,2,18.0,2,57,Finished,2
3,2023_1,alonso,aston_martin,14,3,15.0,5,57,Finished,5
4,2023_1,sainz,ferrari,55,4,12.0,4,57,Finished,4
5,2023_1,hamilton,mercedes,44,5,10.0,7,57,Finished,7
6,2023_1,stroll,aston_martin,18,6,8.0,8,57,Finished,8
7,2023_1,russell,mercedes,63,7,6.0,6,57,Finished,6
8,2023_1,bottas,alfa,77,8,4.0,12,57,Finished,12
9,2023_1,gasly,alpine,10,9,2.0,20,57,Finished,20
10,2023_1,albon,williams,23,10,1.0,15,57,Finished,15
11,2023_1,tsunoda,alphatauri,22,11,0.0,14,57,Finished,14
12,2023_1,sargeant,williams,2,12,0.0,16,56,Lapped,16
13,2023_1,kevin_magnussen,haas,20,13,0.0,17,56,Lapped,17
14,2023_1,de_vries,alphatauri,21,14,0.0,19,56,Lapped,19
15,2023_1,hulkenberg,haas,27,15,0.0,10,56,Lapped,10
16,2023_1,zhou,alfa,24,16,0.0,13,56,Lapped,13
17,2023_1,norris,mclaren,4,17,0.0,11,55,Lapped,11
18,2023_1,ocon,alpine,31,18,0.0,9,41,Retired,9
19,2023_1,leclerc,ferrari,16,19,0.0,3,39,Retired,3
20,2023_1,piastri,mclaren,81,20,0.0,18,13,Retired,18
21,2023_2,perez,red_bull,11,1,25.0,1,50,Finished,1
22,2023_2,max_verstappen,red_bull,1,2,19.0,15,50,Finished,15
23,2023_2,alonso,aston_martin,14,3,15.0,2,50,Finished,3
24,2023_2,russell,mercedes,63,4,12.0,3,50,Finished,4
25,2023_2,hamilton,mercedes,44,5,10.0,7,50,Finished,8
26,2023_2,sainz,ferrari,55,6,8.0,4,50,Finished,5
27,2023_2,leclerc,ferrari,16,7,6.0,12,50,Finished,2
28,2023_2,ocon,alpine,31,8,4.0,6,50,Finished,7
29,2023_2,gasly,alpine,10,9,2.0,9,50,Finished,10
30,2023_2,kevin_magnussen,haas,20,10,1.0,13,50,Finished,13
31,2023_2,tsunoda,alphatauri,22,11,0.0,16,50,Finished,16
32,2023_2,hulkenberg,haas,27,12,0.0,10,50,Finished,11
33,2023_2,zhou,alfa,24,13,0.0,11,50,Finished,12
34,2023_2,de_vries,alphatauri,21,14,0.0,18,50,Finished,18
35,2023_2,piastri,mclaren,81,15,0.0,8,50,Finished,9
36,2023_2,sargeant,williams,2,16,0.0,20,50,Finished,20
37,2023_2,norris,mclaren,4,17,0.0,19,50,Finished,19
38,2023_2,bottas,alfa,77,18,0.0,14,49,Lapped,14
39,2023_2,albon,williams,23,19,0.0,17,27,Retired,17
40,2023_2,stroll,aston_martin,18,20,0.0,5,16,Retired,6
41,2023_3,max_verstappen,red_bull,1,1,25.0,1,58,Finished,1
42,2023_3,hamilton,mercedes,44,2,18.0,3,58,Finished,3
43,2023_3,alonso,aston_martin,14,3,15.0,4,58,Finished,4
44,2023_3,stroll,aston_martin,18,4,12.0,6,58,Finished,6
45,2023_3,perez,red_bull,11,5,11.0,20,58,Finished,20
46,2023_3,norris,mclaren,4,6,8.0,13,58,Finished,13
47,2023_3,hulkenberg,haas,27,7,6.0,10,58,Finished,10
48,2023_3,piastri,mclaren,81,8,4.0,16,58,Finished,16
49,2023_3,zhou,alfa,24,9,2.0,17,58,Finished,17
50,2023_3,tsunoda,alphatauri,22,10,1.0,12,58,Finished,12
51,2023_3,bottas,alfa,77,11,0.0,19,58,Finished,19
52,2023_3,sainz,ferrari,55,12,0.0,5,58,Finished,5
53,2023_3,gasly,alpine,10,13,0.0,9,56,Retired,9
54,2023_3,ocon,alpine,31,14,0.0,11,56,Retired,11
55,2023_3,de_vries,alphatauri,21,15,0.0,15,56,Retired,15
56,2023_3,sargeant,williams,2,16,0.0,18,56,Retired,18
57,2023_3,kevin_magnussen,haas,20,17,0.0,14,52,Retired,14
58,2023_3,russell,mercedes,63,18,0.0,2,17,Retired,2
59,2023_3,albon,williams,23,19,0.0,8,6,Retired,8
60,2023_3,leclerc,ferrari,16,20,0.0,7,0,Retired,7
61,2023_4,perez,red_bull,11,1,25.0,3,51,Finished,3
62,2023_4,max_verstappen,red_bull,1,2,18.0,2,51,Finished,2
63,2023_4,leclerc,ferrari,16,3,15.0,1,51,Finished,1
64,2023_4,alonso,aston_martin,14,4,12.0,6,51,Finished,6
65,2023_4,sainz,ferrari,55,5,10.0,4,51,Finished,4
66,2023_4,hamilton,mercedes,44,6,8.0,5,51,Finished,5
67,2023_4,stroll,aston_martin,18,7,6.0,9,51,Finished,9
68,2023_4,russell,mercedes,63,8,5.0,11,51,Finished,11
69,2023_4,norris,mclaren,4,9,2.0,7,51,Finished,7
70,2023_4,tsunoda,alphatauri,22,10,1.0,8,51,Finished,8
71,2023_4,piastri,mclaren,81,11,0.0,10,51,Finished,10
72,2023_4,albon,williams,23,12,0.0,12,51,Finished,13
73,2023_4,kevin_magnussen,haas,20,13,0.0,16,51,Finished,18
74,2023_4,gasly,alpine,10,14,0.0,17,51,Finished,19
75,2023_4,ocon,alpine,31,15,0.0,19,51,Finished,12
76,2023_4,sargeant,williams,2,16,0.0,14,51,Finished,15
77,2023_4,hulkenberg,haas,27,17,0.0,20,50,Lapped,17
78,2023_4,bottas,alfa,77,18,0.0,13,50,Lapped,14
79,2023_4,zhou,alfa,24,19,0.0,15,36,Retired,16
80,2023_4,de_vries,alphatauri,21,20,0.0,18,9,Retired,20
81,2023_5,max_verstappen,red_bull,1,1,26.0,9,57,Finished,9
82,2023_5,perez,red_bull,11,2,18.0,1,57,Finished,1
83,2023_5,alonso,aston_martin,14,3,15.0,2,57,Finished,2
84,2023_5,russell,mercedes,63,4,12.0,6,57,Finished,6
85,2023_5,sainz,ferrari,55,5,10.0,3,57,Finished,3
86,2023_5,hamilton,mercedes,44,6,8.0,13,57,Finished,13
87,2023_5,leclerc,ferrari,16,7,6.0,7,57,Finished,7
88,2023_5,gasly,alpine,10,8,4.0,5,57,Finished,5
89,2023_5,ocon,alpine,31,9,2.0,8,57,Finished,8
90,2023_5,kevin_magnussen,haas,20,10,1.0,4,57,Finished,4
91,2023_5,tsunoda,alphatauri,22,11,0.0,17,57,Finished,17
92,2023_5,stroll,aston_martin,18,12,0.0,18,57,Finished,18
93,2023_5,bottas,alfa,77,13,0.0,10,57,Finished,10
94,2023_5,albon,williams,23,14,0.0,11,57,Finished,11
95,2023_5,hulkenberg,haas,27,15,0.0,12,57,Finished,12
96,2023_5,zhou,alfa,24,16,0.0,14,57,Finished,14
97,2023_5,norris,mclaren,4,17,0.0,16,57,Finished,16
98,2023_5,de_vries,alphatauri,21,18,0.0,15,57,Finished,15
99,2023_5,piastri,mclaren,81,19,0.0,19,56,Lapped,19
100,2023_5,sargeant,williams,2,20,0.0,20,56,Lapped,20
101,2002_1,michael_schumacher,ferrari,1,1,10.0,2,58,Finished,
102,2002_1,montoya,williams,6,2,6.0,6,58,Finished,
103,2002_1,raikkonen,mclaren,4,3,4.0,5,58,Finished,
104,2002_1,irvine,jaguar,16,4,3.0,19,57,+1 Lap,
105,2002_1,webber,minardi,23,5,2.0,18,56,+2 Laps,
106,2002_1,salo,toyota,24,6,1.0,14,56,+2 Laps,
107,2002_1,yoong,minardi,22,7,0.0,21,55,+3 Laps,
108,2002_1,rosa,jaguar,17,8,0.0,20,53,+5 Laps,
109,2002_1,coulthard,mclaren,3,9,0.0,4,33,Gearbox,
110,2002_1,villeneuve,bar,11,10,0.0,13,27,Broken wing,
111,2002_1,frentzen,arrows,20,11,0.0,15,16,Disqualified,
112,2002_1,bernoldi,arrows,21,12,0.0,17,15,Disqualified,
113,2002_1,sato,jordan,10,13,0.0,22,12,Electrical,
114,2002_1,trulli,renault,14,14,0.0,7,8,Spun off,
115,2002_1,barrichello,ferrari,2,15,0.0,1,0,Collision,
116,2002_1,ralf_schumacher,williams,5,16,0.0,3,0,Collision,
117,2002_1,fisichella,jordan,9,17,0.0,8,0,Collision,
118,2002_1,massa,sauber,8,18,0.0,9,0,Collision,
119,2002_1,heidfeld,sauber,7,19,0.0,10,0,Collision,
120,2002_1,button,renault,15,20,0.0,11,0,Collision,
121,2002_1,panis,bar,12,21,0.0,12,0,Collision,
122,2002_1,mcnish,toyota,25,22,0.0,16,0,Collision,
123,2002_2,ralf_schumacher,williams,5,1,10.0,4,56,Finished,4
124,2002_2,montoya,williams,6,2,6.0,2,56,Finished,2
125,2002_2,michael_schumacher,ferrari,1,3,4.0,1,56,Finished,1
126,2002_2,button,renault,15,4,3.0,8,56,Finished,8
127,2002_2,heidfeld,sauber,7,5,2.0,7,55,+1 Lap,7
128,2002_2,massa,sauber,8,6,1.0,14,55,+1 Lap,14
129,2002_2,mcnish,toyota,25,7,0.0,19,55,+1 Lap,19
130,2002_2,villeneuve,bar,11,8,0.0,13,55,+1 Lap,13
131,2002_2,sato,jordan,10,9,0.0,15,54,+2 Laps,15
132,2002_2,rosa,jaguar,17,10,0.0,17,54,+2 Laps,17
133,2002_2,frentzen,arrows,20,11,0.0,11,54,+2 Laps,11
134,2002_2,salo,toyota,24,12,0.0,10,53,+3 Laps,10
135,2002_2,fisichella,jordan,9,13,0.0,9,53,+3 Laps,9
136,2002_2,barrichello,ferrari,2,14,0.0,3,39,Engine,3
137,2002_2,webber,minardi,23,15,0.0,21,34,Electrical,21
138,2002_2,irvine,jaguar,16,16,0.0,20,30,Hydraulics,20
139,2002_2,yoong,minardi,22,17,0.0,22,29,Gearbox,22
140,2002_2,raikkonen,mclaren,4,18,0.0,5,24,Engine,5
141,2002_2,bernoldi,arrows,21,19,0.0,16,20,Fuel,16
142,2002_2,coulthard,mclaren,3,20,0.0,6,15,Engine,6
143,2002_2,panis,bar,12,21,0.0,18,9,Clutch,18
144,2002_2,trulli,renault,14,22,0.0,12,9,Overheating,12
145,2002_3,michael_schumacher,ferrari,1,1,10.0,2,71,Finished,
146,2002_3,ralf_schumacher,williams,5,2,6.0,3,71,Finished,
147,2002_3,coulthard,mclaren,3,3,4.0,4,71,Finished,
148,2002_3,button,renault,15,4,3.0,7,71,Finished,
149,2002_3,montoya,williams,6,5,2.0,1,71,Finished,
150,2002_3,salo,toyota,24,6,1.0,10,70,+1 Lap,
151,2002_3,irvine,jaguar,16,7,0.0,13,70,+1 Lap,
152,2002_3,rosa,jaguar,17,8,0.0,11,70,+1 Lap,
153,2002_3,sato,jordan,10,9,0.0,19,69,+2 Laps,
154,2002_3,villeneuve,bar,11,10,0.0,15,68,Engine,
155,2002_3,webber,minardi,23,11,0.0,20,68,+3 Laps,
156,2002_3,raikkonen,mclaren,4,12,0.0,5,67,Wheel rim,
157,2002_3,yoong,minardi,22,13,0.0,22,67,+4 Laps,
158,2002_3,heidfeld,sauber,7,14,0.0,9,61,Brakes,
159,2002_3,trulli,renault,14,15,0.0,6,60,Engine,
160,2002_3,massa,sauber,8,16,0.0,12,41,Collision,
161,2002_3,mcnish,toyota,25,17,0.0,16,40,Spun off,
162,2002_3,panis,bar,12,18,0.0,17,25,Gearbox,
163,2002_3,frentzen,arrows,20,19,0.0,18,25,Suspension,
164,2002_3,bernoldi,arrows,21,20,0.0,21,19,Suspension,
165,2002_3,barrichello,ferrari,2,21,0.0,8,16,Hydraulics,
166,2002_3,fisichella,jordan,9,22,0.0,14,6,Engine,
167,2002_4,michael_schumacher,ferrari,1,1,10.0,1,62,Finished,
168,2002_4,barrichello,ferrari,2,2,6.0,2,62,Finished,
169,2002_4,ralf_schumacher,williams,5,3,4.0,3,62,Finished,
170,2002_4,montoya,williams,6,4,3.0,4,62,Finished,
171,2002_4,button,renault,15,5,2.0,9,62,Finished,
172,2002_4,coulthard,mclaren,3,6,1.0,6,61,+1 Lap,
173,2002_4,villeneuve,bar,11,7,0.0,10,61,+1 Lap,
174,2002_4,massa,sauber,8,8,0.0,11,61,+1 Lap,
175,2002_4,trulli,renault,14,9,0.0,8,61,+1 Lap,
176,2002_4,heidfeld,sauber,7,10,0.0,7,61,+1 Lap,
177,2002_4,webber,minardi,23,11,0.0,19,60,+2 Laps,
178,2002_4,bernoldi,arrows,21,12,0.0,20,50,Power loss,
179,2002_4,irvine,jaguar,16,13,0.0,18,45,Driveshaft,
180,2002_4,raikkonen,mclaren,4,14,0.0,5,44,Exhaust,
181,2002_4,panis,bar,12,15,0.0,12,44,Throttle,
182,2002_4,rosa,jaguar,17,16,0.0,22,30,Driveshaft,
183,2002_4,salo,toyota,24,17,0.0,16,26,Gearbox,
184,2002_4,frentzen,arrows,20,18,0.0,13,25,Power loss,
185,2002_4,fisichella,jordan,9,19,0.0,15,19,Hydraulics,
186,2002_4,sato,jordan,10,20,0.0,14,5,Gearbox,
187,2002_4,mcnish,toyota,25,21,0.0,17,0,Electrical,
188,2002_5,michael_schumacher,ferrari,1,1,10.0,1,65,Finished,
189,2002_5,montoya,williams,6,2,6.0,4,65,Finished,
190,2002_5,coulthard,mclaren,3,3,4.0,7,65,Finished,
191,2002_5,heidfeld,sauber,7,4,3.0,8,65,Finished,
192,2002_5,massa,sauber,8,5,2.0,11,65,Finished,
193,2002_5,frentzen,arrows,20,6,1.0,10,65,Finished,
194,2002_5,villeneuve,bar,11,7,0.0,15,64,+1 Lap,
195,2002_5,mcnish,toyota,25,8,0.0,19,64,+1 Lap,
196,2002_5,salo,toyota,24,9,0.0,17,64,+1 Lap,
197,2002_5,trulli,renault,14,10,0.0,9,63,Engine,
198,2002_5,ralf_schumacher,williams,5,11,0.0,3,63,Engine,
199,2002_5,button,renault,15,12,0.0,6,60,Hydraulics,
200,2002_5,panis,bar,12,13,0.0,13,43,Exhaust,
201,2002_5,irvine,jaguar,16,14,0.0,22,41,Hydraulics,
202,2002_5,bernoldi,arrows,21,15,0.0,14,40,Hydraulics,
203,2002_5,sato,jordan,10,16,0.0,18,10,Spun off,
204,2002_5,fisichella,jordan,9,17,0.0,12,5,Hydraulics,
205,2002_5,raikkonen,mclaren,4,18,0.0,5,4,Rear wing,
206,2002_5,rosa,jaguar,17,19,0.0,16,2,Spun off,
207,2002_5,barrichello,ferrari,2,20,0.0,2,0,Gearbox,
208,2002_5,webber,minardi,22,21,0.0,20,0,Safety,
209,2002_5,yoong,minardi,23,22,0.0,21,0,Safety,
210,2002_6,michael_schumacher,ferrari,1,1,10.0,3,71,Finished,
211,2002_6,barrichello,ferrari,2,2,6.0,1,71,Finished,
212,2002_6,montoya,williams,6,3,4.0,4,71,Finished,
213,2002_6,ralf_schumacher,williams,5,4,3.0,2,71,Finished,
214,2002_6,fisichella,jordan,9,5,2.0,15,71,Finished,
215,2002_6,coulthard,mclaren,3,6,1.0,8,71,Finished,
216,2002_6,button,renault,15,7,0.0,13,71,Finished,
217,2002_6,salo,toyota,24,8,0.0,10,71,Finished,
218,2002_6,mcnish,toyota,25,9,0.0,14,71,Finished,
219,2002_6,villeneuve,bar,11,10,0.0,17,70,+1 Lap,
220,2002_6,frentzen,arrows,20,11,0.0,11,69,+2 Laps,
221,2002_6,webber,minardi,23,12,0.0,21,69,+2 Laps,
222,2002_6,trulli,renault,14,13,0.0,16,44,Fuel pressure,
223,2002_6,yoong,minardi,22,14,0.0,22,42,Engine,
224,2002_6,irvine,jaguar,16,15,0.0,20,38,Hydraulics,
225,2002_6,heidfeld,sauber,7,16,0.0,5,27,Collision,
226,2002_6,sato,jordan,10,17,0.0,18,26,Collision,
227,2002_6,panis,bar,12,18,0.0,9,22,Engine,
228,2002_6,massa,sauber,8,19,0.0,7,7,Suspension,
229,2002_6,raikkonen,mclaren,4,20,0.0,6,5,Engine,
230,2002_6,bernoldi,arrows,21,21,0.0,12,2,Collision,
231,2002_6,rosa,jaguar,17,22,0.0,19,0,Throttle,
232,2002_7,coulthard,mclaren,3,1,10.0,2,78,Finished,
233,2002_7,michael_schumacher,ferrari,1,2,6.0,3,78,Finished,
234,2002_7,ralf_schumacher,williams,5,3,4.0,4,78,Finished,
235,2002_7,trulli,renault,14,4,3.0,7,77,+1 Lap,
236,2002_7,fisichella,jordan,9,5,2.0,11,77,+1 Lap,
237,2002_7,frentzen,arrows,20,6,1.0,12,77,+1 Lap,
238,2002_7,barrichello,ferrari,2,7,0.0,5,77,+1 Lap,
239,2002_7,heidfeld,sauber,7,8,0.0,15,76,+2 Laps,
240,2002_7,irvine,jaguar,16,9,0.0,19,76,+2 Laps,
241,2002_7,rosa,jaguar,17,10,0.0,17,76,+2 Laps,
242,2002_7,webber,minardi,23,11,0.0,20,76,+2 Laps,
243,2002_7,bernoldi,arrows,21,12,0.0,21,76,+2 Laps,
244,2002_7,salo,toyota,24,13,0.0,9,69,Brakes,
245,2002_7,massa,sauber,8,14,0.0,13,63,Accident,
246,2002_7,panis,bar,12,15,0.0,18,51,Collision,
247,2002_7,button,renault,15,16,0.0,8,51,Collision,
248,2002_7,montoya,williams,6,17,0.0,1,46,Engine,
249,2002_7,villeneuve,bar,11,18,0.0,14,44,Mechanical,
250,2002_7,raikkonen,mclaren,4,19,0.0,6,41,Collision,
251,2002_7,yoong,minardi,22,20,0.0,22,29,Accident,
252,2002_7,sato,jordan,10,21,0.0,16,22,Spun off,
253,2002_7,mcnish,toyota,25,22,0.0,10,15,Accident,
254,2002_8,michael_schumacher,ferrari,1,1,10.0,2,70,Finished,
255,2002_8,coulthard,mclaren,3,2,6.0,8,70,Finished,
256,2002_8,barrichello,ferrari,2,3,4.0,3,70,Finished,
257,2002_8,raikkonen,mclaren,4,4,3.0,5,70,Finished,
258,2002_8,fisichella,jordan,9,5,2.0,6,70,Finished,
259,2002_8,trulli,renault,14,6,1.0,10,70,Finished,
260,2002_8,ralf_schumacher,williams,5,7,0.0,4,70,Engine,
261,2002_8,panis,bar,12,8,0.0,11,69,+1 Lap,
262,2002_8,massa,sauber,8,9,0.0,12,69,+1 Lap,
263,2002_8,sato,jordan,10,10,0.0,15,69,+1 Lap,
264,2002_8,webber,minardi,23,11,0.0,21,69,+1 Lap,
265,2002_8,heidfeld,sauber,7,12,0.0,7,69,+1 Lap,
266,2002_8,frentzen,arrows,20,13,0.0,19,69,+1 Lap,
267,2002_8,yoong,minardi,22,14,0.0,22,68,+2 Laps,
268,2002_8,button,renault,15,15,0.0,13,65,Gearbox,
269,2002_8,montoya,williams,6,16,0.0,1,56,Engine,
270,2002_8,mcnish,toyota,25,17,0.0,20,45,Spun off,
271,2002_8,irvine,jaguar,16,18,0.0,14,41,Overheating,
272,2002_8,salo,toyota,24,19,0.0,18,41,Brakes,
273,2002_8,rosa,jaguar,17,20,0.0,16,29,Gearbox,
274,2002_8,bernoldi,arrows,21,21,0.0,17,16,Suspension,
275,2002_8,villeneuve,bar,11,22,0.0,9,8,Oil pressure,
276,2002_9,barrichello,ferrari,2,1,10.0,4,60,Finished,
277,2002_9,michael_schumacher,ferrari,1,2,6.0,3,60,Finished,
278,2002_9,raikkonen,mclaren,4,3,4.0,6,60,Finished,
279,2002_9,ralf_schumacher,williams,5,4,3.0,2,60,Finished,
280,2002_9,button,renault,15,5,2.0,8,60,Finished,
281,2002_9,massa,sauber,8,6,1.0,11,59,+1 Lap,
282,2002_9,heidfeld,sauber,7,7,0.0,9,59,+1 Lap,
283,2002_9,trulli,renault,14,8,0.0,7,59,+1 Lap,
284,2002_9,panis,bar,12,9,0.0,12,59,+1 Lap,
285,2002_9,rosa,jaguar,17,10,0.0,16,59,+1 Lap,
286,2002_9,bernoldi,arrows,21,11,0.0,21,59,+1 Lap,
287,2002_9,villeneuve,bar,11,12,0.0,19,59,+1 Lap,
288,2002_9,frentzen,arrows,20,13,0.0,15,59,+1 Lap,
289,2002_9,mcnish,toyota,25,14,0.0,13,59,+1 Lap,
290,2002_9,webber,minardi,23,15,0.0,20,58,+2 Laps,
291,2002_9,sato,jordan,10,16,0.0,14,58,+2 Laps,
292,2002_9,salo,toyota,24,17,0.0,10,51,Gearbox,
293,2002_9,yoong,minardi,22,18,0.0,22,48,Hydraulics,
294,2002_9,irvine,jaguar,16,19,0.0,17,41,Hydraulics,
295,2002_9,montoya,williams,6,20,0.0,1,27,Collision,
296,2002_9,coulthard,mclaren,3,21,0.0,5,27,Collision,
297,2002_9,fisichella,jordan,9,22,0.0,18,26,Accident,
298,2002_10,michael_schumacher,ferrari,1,1,10.0,3,60,Finished,
299,2002_10,barrichello,ferrari,2,2,6.0,2,60,Finished,
300,2002_10,montoya,williams,6,3,4.0,1,60,Finished,
301,2002_10,villeneuve,bar,11,4,3.0,9,59,+1 Lap,
302,2002_10,panis,bar,12,5,2.0,13,59,+1 Lap,
303,2002_10,heidfeld,sauber,7,6,1.0,10,59,+1 Lap,
304,2002_10,fisichella,jordan,9,7,0.0,17,59,+1 Lap,
305,2002_10,ralf_schumacher,williams,5,8,0.0,4,59,+1 Lap,
306,2002_10,massa,sauber,8,9,0.0,11,59,+1 Lap,
307,2002_10,coulthard,mclaren,3,10,0.0,6,58,+2 Laps,
308,2002_10,rosa,jaguar,17,11,0.0,21,58,+2 Laps,
309,2002_10,button,renault,15,12,0.0,12,54,Wheel,
310,2002_10,sato,jordan,10,13,0.0,14,50,Engine,
311,2002_10,raikkonen,mclaren,4,14,0.0,5,44,Engine,
312,2002_10,trulli,renault,14,15,0.0,7,29,Electronics,
313,2002_10,bernoldi,arrows,21,16,0.0,18,28,Driveshaft,
314,2002_10,irvine,jaguar,16,17,0.0,19,23,Spun off,
315,2002_10,frentzen,arrows,20,18,0.0,16,20,Engine,
316,2002_10,salo,toyota,24,19,0.0,8,15,Drivetrain,
317,2002_10,webber,minardi,23,20,0.0,20,9,Clutch,
318,2002_10,mcnish,toyota,25,21,0.0,15,0,Clutch,
319,2002_11,michael_schumacher,ferrari,1,1,10.0,2,72,Finished,
320,2002_11,raikkonen,mclaren,4,2,6.0,4,72,Finished,
321,2002_11,coulthard,mclaren,3,3,4.0,6,72,Finished,
322,2002_11,montoya,williams,6,4,3.0,1,72,Finished,
323,2002_11,ralf_schumacher,williams,5,5,2.0,5,72,Finished,
324,2002_11,button,renault,15,6,1.0,7,71,+1 Lap,
325,2002_11,heidfeld,sauber,7,7,0.0,10,71,+1 Lap,
326,2002_11,webber,minardi,23,8,0.0,18,71,+1 Lap,
327,2002_11,rosa,jaguar,17,9,0.0,15,70,+2 Laps,
328,2002_11,yoong,minardi,22,10,0.0,19,68,+4 Laps,
329,2002_11,mcnish,toyota,25,11,0.0,17,65,Engine,
330,2002_11,irvine,jaguar,16,12,0.0,9,52,Rear wing,
331,2002_11,trulli,renault,14,13,0.0,8,49,Engine,
332,2002_11,massa,sauber,8,14,0.0,12,48,Mechanical,
333,2002_11,salo,toyota,24,15,0.0,16,48,Engine,
334,2002_11,villeneuve,bar,11,16,0.0,13,35,Engine,
335,2002_11,panis,bar,12,17,0.0,11,29,Accident,
336,2002_11,sato,jordan,10,18,0.0,14,23,Spun off,
337,2002_11,barrichello,ferrari,2,19,0.0,3,0,Ignition,
338,2002_11,fisichella,jordan,9,22,0.0,0,0,Injury,
339,2002_12,michael_schumacher,ferrari,1,1,10.0,1,67,Finished,
340,2002_12,montoya,williams,6,2,6.0,4,67,Finished,
341,2002_12,ralf_schumacher,williams,5,3,4.0,2,67,Finished,
342,2002_12,barrichello,ferrari,2,4,3.0,3,67,Finished,
343,2002_12,coulthard,mclaren,3,5,2.0,9,66,+1 Lap,
344,2002_12,heidfeld,sauber,7,6,1.0,10,66,+1 Lap,
345,2002_12,massa,sauber,8,7,0.0,14,66,+1 Lap,
346,2002_12,sato,jordan,10,8,0.0,12,66,+1 Lap,
347,2002_12,salo,toyota,24,9,0.0,19,66,+1 Lap,
348,2002_12,fisichella,jordan,9,10,0.0,6,59,Engine,
349,2002_12,raikkonen,mclaren,4,11,0.0,5,59,Spun off,
350,2002_12,irvine,jaguar,16,12,0.0,16,57,Brakes,
351,2002_12,bernoldi,arrows,21,13,0.0,18,48,Engine,
352,2002_12,panis,bar,12,14,0.0,7,39,Engine,
353,2002_12,trulli,renault,14,15,0.0,8,36,Spun off,
354,2002_12,villeneuve,bar,11,16,0.0,11,27,Gearbox,
355,2002_12,button,renault,15,17,0.0,13,24,Engine,
356,2002_12,mcnish,toyota,25,18,0.0,17,23,Engine,
357,2002_12,webber,minardi,23,19,0.0,21,23,Hydraulics,
358,2002_12,frentzen,arrows,20,20,0.0,15,18,Hydraulics,
359,2002_12,rosa,jaguar,17,21,0.0,20,0,Transmission,
360,2002_13,barrichello,ferrari,2,1,10.0,1,77,Finished,
361,2002_13,michael_schumacher,ferrari,1,2,6.0,2,77,Finished,
362,2002_13,ralf_schumacher,williams,5,3,4.0,3,77,Finished,
363,2002_13,raikkonen,mclaren,4,4,3.0,11,77,Finished,
364,2002_13,coulthard,mclaren,3,5,2.0,10,77,Finished,
365,2002_13,fisichella,jordan,9,6,1.0,5,77,Finished,
366,2002_13,massa,sauber,8,7,0.0,7,77,Finished,
367,2002_13,trulli,renault,14,8,0.0,6,76,+1 Lap,
368,2002_13,heidfeld,sauber,7,9,0.0,8,76,+1 Lap,
369,2002_13,sato,jordan,10,10,0.0,14,76,+1 Lap,
370,2002_13,montoya,williams,6,11,0.0,4,76,+1 Lap,
371,2002_13,panis,bar,12,12,0.0,12,76,+1 Lap,
372,2002_13,rosa,jaguar,17,13,0.0,15,75,+2 Laps,
373,2002_13,mcnish,toyota,25,14,0.0,18,75,+2 Laps,
374,2002_13,salo,toyota,24,15,0.0,17,75,+2 Laps,
375,2002_13,webber,minardi,23,16,0.0,19,75,+2 Laps,
376,2002_13,davidson,minardi,22,17,0.0,20,58,Spun off,
377,2002_13,button,renault,15,18,0.0,9,30,Spun off,
378,2002_13,irvine,jaguar,16,19,0.0,16,23,Engine,
379,2002_13,villeneuve,bar,11,20,0.0,13,20,Transmission,
380,2002_14,michael_schumacher,ferrari,1,1,10.0,1,44,Finished,
381,2002_14,barrichello,ferrari,2,2,6.0,3,44,Finished,
382,2002_14,montoya,williams,6,3,4.0,5,44,Finished,
383,2002_14,coulthard,mclaren,3,4,3.0,6,44,Finished,
384,2002_14,ralf_schumacher,williams,5,5,2.0,4,44,Finished,
385,2002_14,irvine,jaguar,16,6,1.0,8,44,Finished,
386,2002_14,salo,toyota,24,7,0.0,9,44,Finished,
387,2002_14,villeneuve,bar,11,8,0.0,12,44,Finished,
388,2002_14,mcnish,toyota,25,9,0.0,13,43,+1 Lap,
389,2002_14,heidfeld,sauber,7,10,0.0,18,43,+1 Lap,
390,2002_14,sato,jordan,10,11,0.0,16,43,+1 Lap,
391,2002_14,panis,bar,12,12,0.0,15,39,Engine,
392,2002_14,fisichella,jordan,9,13,0.0,14,38,Engine,
393,2002_14,rosa,jaguar,17,14,0.0,11,37,Suspension,
394,2002_14,massa,sauber,8,15,0.0,17,37,Engine,
395,2002_14,raikkonen,mclaren,4,16,0.0,2,35,Engine,
396,2002_14,trulli,renault,14,17,0.0,7,35,Engine,
397,2002_14,davidson,minardi,22,18,0.0,20,17,Spun off,
398,2002_14,button,renault,15,19,0.0,10,10,Engine,
399,2002_14,webber,minardi,23,20,0.0,19,4,Gearbox,
400,2002_15,barrichello,ferrari,2,1,10.0,4,53,Finished,
401,2002_15,michael_schumacher,ferrari,1,2,6.0,2,53,Finished,
402,2002_15,irvine,jaguar,16,3,4.0,5,53,Finished,
403,2002_15,trulli,renault,14,4,3.0,11,53,Finished,
404,2002_15,button,renault,15,5,2.0,17,53,Finished,
405,2002_15,panis,bar,12,6,1.0,16,53,Finished,
406,2002_15,coulthard,mclaren,3,7,0.0,7,53,Finished,
407,2002_15,fisichella,jordan,9,8,0.0,12,53,Finished,
408,2002_15,villeneuve,bar,11,9,0.0,9,53,Finished,
409,2002_15,heidfeld,sauber,7,10,0.0,15,53,Finished,
410,2002_15,salo,toyota,24,11,0.0,10,52,+1 Lap,
411,2002_15,sato,jordan,10,12,0.0,18,52,+1 Lap,
412,2002_15,yoong,minardi,22,13,0.0,20,47,+6 Laps,
413,2002_15,montoya,williams,6,14,0.0,1,33,Chassis,
414,2002_15,raikkonen,mclaren,4,15,0.0,6,29,Engine,
415,2002_15,webber,minardi,23,16,0.0,19,20,Engine,
416,2002_15,massa,sauber,8,17,0.0,14,16,Collision,
417,2002_15,rosa,jaguar,17,18,0.0,8,15,Collision,
418,2002_15,mcnish,toyota,25,19,0.0,13,12,Suspension,
419,2002_15,ralf_schumacher,williams,5,20,0.0,3,4,Engine,
420,2002_16,barrichello,ferrari,2,1,10.0,2,73,Finished,
421,2002_16,michael_schumacher,ferrari,1,2,6.0,1,73,Finished,
422,2002_16,coulthard,mclaren,3,3,4.0,3,73,Finished,
423,2002_16,montoya,williams,6,4,3.0,4,73,Finished,
424,2002_16,trulli,renault,14,5,2.0,8,73,Finished,
425,2002_16,villeneuve,bar,11,6,1.0,7,73,Finished,
426,2002_16,fisichella,jordan,9,7,0.0,9,72,+1 Lap,
427,2002_16,button,renault,15,8,0.0,14,72,+1 Lap,
428,2002_16,heidfeld,sauber,7,9,0.0,10,72,+1 Lap,
429,2002_16,irvine,jaguar,16,10,0.0,13,72,+1 Lap,
430,2002_16,sato,jordan,10,11,0.0,15,72,+1 Lap,
431,2002_16,panis,bar,12,12,0.0,12,72,+1 Lap,
432,2002_16,frentzen,sauber,8,13,0.0,11,71,+2 Laps,
433,2002_16,salo,toyota,24,14,0.0,19,71,+2 Laps,
434,2002_16,mcnish,toyota,25,15,0.0,16,71,+2 Laps,
435,2002_16,ralf_schumacher,williams,5,16,0.0,5,71,+2 Laps,
436,2002_16,raikkonen,mclaren,4,17,0.0,6,50,Engine,
437,2002_16,yoong,minardi,22,18,0.0,20,46,Engine,
438,2002_16,webber,minardi,23,19,0.0,18,38,Steering,
439,2002_16,rosa,jaguar,17,20,0.0,17,27,Transmission,
440,2002_17,michael_schumacher,ferrari,1,1,10.0,1,53,Finished,1
441,2002_17,barrichello,ferrari,2,2,6.0,2,53,Finished,2
442,2002_17,raikkonen,mclaren,4,3,4.0,4,53,Finished,4
443,2002_17,montoya,williams,6,4,3.0,6,53,Finished,6
444,2002_17,sato,jordan,10,5,2.0,7,53,Finished,7
445,2002_17,button,renault,15,6,1.0,10,52,+1 Lap,10
446,2002_17,heidfeld,sauber,7,7,0.0,12,52,+1 Lap,12
447,2002_17,salo,toyota,24,8,0.0,13,52,+1 Lap,13
448,2002_17,irvine,jaguar,16,9,0.0,14,52,+1 Lap,14
449,2002_17,webber,minardi,23,10,0.0,19,51,+2 Laps,19
450,2002_17,ralf_schumacher,williams,5,11,0.0,5,48,Engine,5
451,2002_17,rosa,jaguar,17,12,0.0,17,39,Transmission,17
452,2002_17,fisichella,jordan,9,13,0.0,8,37,Engine,8
453,2002_17,trulli,renault,14,14,0.0,11,32,Mechanical,11
454,2002_17,villeneuve,bar,11,15,0.0,9,27,Engine,9
455,2002_17,yoong,minardi,22,16,0.0,20,14,Spun off,20
456,2002_17,panis,bar,12,17,0.0,16,8,Mechanical,16
457,2002_17,coulthard,mclaren,3,18,0.0,3,7,Throttle,3
458,2002_17,massa,sauber,8,19,0.0,15,3,Accident,15
459,2002_17,mcnish,toyota,25,20,0.0,18,0,Injured,18
460,2003_1,coulthard,mclaren,5,1,10.0,11,58,Finished,11
461,2003_1,montoya,williams,3,2,8.0,3,58,Finished,3
462,2003_1,raikkonen,mclaren,6,3,6.0,15,58,Finished,15
463,2003_1,michael_schumacher,ferrari,1,4,5.0,1,58,Finished,1
464,2003_1,trulli,renault,7,5,4.0,12,58,Finished,12
465,2003_1,frentzen,sauber,10,6,3.0,4,58,Finished,4
466,2003_1,alonso,renault,8,7,2.0,10,58,Finished,10
467,2003_1,ralf_schumacher,williams,4,8,1.0,9,58,Finished,9
468,2003_1,villeneuve,bar,16,9,0.0,6,58,Finished,6
469,2003_1,button,bar,17,10,0.0,8,58,Finished,8
470,2003_1,verstappen,minardi,19,11,0.0,20,57,+1 Lap,20
471,2003_1,fisichella,jordan,11,12,0.0,13,52,Gearbox,13
472,2003_1,pizzonia,jaguar,15,13,0.0,18,52,Suspension,18
473,2003_1,panis,toyota,20,14,0.0,5,31,Fuel pressure,5
474,2003_1,heidfeld,sauber,9,15,0.0,7,20,Suspension,7
475,2003_1,wilson,minardi,18,16,0.0,19,16,Radiator,19
476,2003_1,webber,jaguar,14,17,0.0,14,15,Suspension,14
477,2003_1,matta,toyota,21,18,0.0,16,7,Spun off,16
478,2003_1,firman,jordan,12,19,0.0,17,6,Accident,17
479,2003_1,barrichello,ferrari,2,20,0.0,2,5,Accident,2
480,2003_2,raikkonen,mclaren,6,1,10.0,7,56,Finished,7
481,2003_2,barrichello,ferrari,2,2,8.0,5,56,Finished,5
482,2003_2,alonso,renault,8,3,6.0,1,56,Finished,1
483,2003_2,ralf_schumacher,williams,4,4,5.0,17,56,Finished,17
484,2003_2,trulli,renault,7,5,4.0,2,55,+1 Lap,2
485,2003_2,michael_schumacher,ferrari,1,6,3.0,3,55,+1 Lap,3
486,2003_2,button,bar,17,7,2.0,9,55,+1 Lap,9
487,2003_2,heidfeld,sauber,9,8,1.0,6,55,+1 Lap,6
488,2003_2,frentzen,sauber,10,9,0.0,13,55,+1 Lap,13
489,2003_2,firman,jordan,12,10,0.0,20,55,+1 Lap,20
490,2003_2,matta,toyota,21,11,0.0,11,55,+1 Lap,11
491,2003_2,montoya,williams,3,12,0.0,8,53,+3 Laps,8
492,2003_2,verstappen,minardi,19,13,0.0,18,52,+4 Laps,18
493,2003_2,pizzonia,jaguar,15,14,0.0,15,42,Spun off,15
494,2003_2,wilson,minardi,18,15,0.0,19,41,Mechanical,19
495,2003_2,webber,jaguar,14,16,0.0,16,35,Engine,16
496,2003_2,panis,toyota,20,17,0.0,10,12,Fuel pressure,10
497,2003_2,coulthard,mclaren,5,18,0.0,4,2,Electrical,4
498,2003_2,fisichella,jordan,11,19,0.0,14,0,Electrical,14
499,2003_2,villeneuve,bar,16,20,0.0,12,0,Electrical,12
500,2003_3,fisichella,jordan,11,1,10.0,8,54,Finished,8
501,2003_3,raikkonen,mclaren,6,2,8.0,4,54,Finished,4
502,2003_3,alonso,renault,8,3,6.0,10,54,Finished,10
503,2003_3,coulthard,mclaren,5,4,5.0,2,54,Finished,2
504,2003_3,frentzen,sauber,10,5,4.0,14,54,Finished,14
505,2003_3,villeneuve,bar,16,6,3.0,13,54,Finished,13
506,2003_3,ralf_schumacher,williams,4,7,2.0,6,54,Finished,6
507,2003_3,trulli,renault,7,8,1.0,5,54,Finished,5
508,2003_3,webber,jaguar,14,9,0.0,3,53,Accident,3
509,2003_3,matta,toyota,21,10,0.0,18,53,+1 Lap,18
510,2003_3,barrichello,ferrari,2,11,0.0,1,47,Fuel system,1
511,2003_3,button,bar,17,12,0.0,11,33,Accident,11
512,2003_3,verstappen,minardi,19,13,0.0,19,31,Spun off,19
513,2003_3,michael_schumacher,ferrari,1,14,0.0,7,27,Accident,7
514,2003_3,montoya,williams,3,15,0.0,9,25,Accident,9
515,2003_3,pizzonia,jaguar,15,16,0.0,17,25,Accident,17
516,2003_3,panis,toyota,20,17,0.0,15,18,Collision,15
517,2003_3,firman,jordan,12,18,0.0,16,18,Suspension,16
518,2003_3,wilson,minardi,18,19,0.0,20,16,Spun off,20
519,2003_3,heidfeld,sauber,9,20,0.0,12,8,Engine,12
520,2003_4,michael_schumacher,ferrari,1,1,10.0,1,62,Finished,1
521,2003_4,raikkonen,mclaren,6,2,8.0,6,62,Finished,6
522,2003_4,barrichello,ferrari,2,3,6.0,3,62,Finished,3
523,2003_4,ralf_schumacher,williams,4,4,5.0,2,62,Finished,2
524,2003_4,coulthard,mclaren,5,5,4.0,12,62,Finished,12
525,2003_4,alonso,renault,8,6,3.0,8,62,Finished,8
526,2003_4,montoya,williams,3,7,2.0,4,62,Finished,4
527,2003_4,button,bar,17,8,1.0,9,61,+1 Lap,9
528,2003_4,panis,toyota,20,9,0.0,10,61,+1 Lap,10
529,2003_4,heidfeld,sauber,9,10,0.0,11,61,+1 Lap,11
530,2003_4,frentzen,sauber,10,11,0.0,14,61,+1 Lap,14
531,2003_4,matta,toyota,21,12,0.0,13,61,+1 Lap,13
532,2003_4,trulli,renault,7,13,0.0,16,61,+1 Lap,16
533,2003_4,pizzonia,jaguar,15,14,0.0,15,60,+2 Laps,15
534,2003_4,fisichella,jordan,11,15,0.0,17,57,+5 Laps,17
535,2003_4,webber,jaguar,14,16,0.0,5,54,Driveshaft,5
536,2003_4,firman,jordan,12,17,0.0,19,51,Oil line,19
537,2003_4,verstappen,minardi,19,18,0.0,20,38,Electrical,20
538,2003_4,wilson,minardi,18,19,0.0,18,23,Fuel rig,18
539,2003_4,villeneuve,bar,16,20,0.0,7,19,Engine,7
540,2003_5,michael_schumacher,ferrari,1,1,10.0,1,65,Finished,1
541,2003_5,alonso,renault,8,2,8.0,3,65,Finished,3
542,2003_5,barrichello,ferrari,2,3,6.0,2,65,Finished,2
543,2003_5,montoya,williams,3,4,5.0,9,65,Finished,9
544,2003_5,ralf_schumacher,williams,4,5,4.0,7,64,+1 Lap,7
545,2003_5,matta,toyota,21,6,3.0,13,64,+1 Lap,13
546,2003_5,webber,jaguar,14,7,2.0,12,64,+1 Lap,12
547,2003_5,firman,jordan,12,8,1.0,15,63,+2 Laps,15
548,2003_5,button,bar,17,9,0.0,5,63,+2 Laps,5
549,2003_5,heidfeld,sauber,9,10,0.0,14,63,+2 Laps,14
550,2003_5,wilson,minardi,18,11,0.0,18,63,+2 Laps,18
551,2003_5,verstappen,minardi,19,12,0.0,19,62,+3 Laps,19
552,2003_5,fisichella,jordan,11,13,0.0,17,43,Engine,17
553,2003_5,panis,toyota,20,14,0.0,6,41,Gearbox,6
554,2003_5,frentzen,sauber,10,15,0.0,10,38,Suspension,10
555,2003_5,coulthard,mclaren,5,16,0.0,8,17,Collision,8
556,2003_5,villeneuve,bar,16,17,0.0,11,12,Electrical,11
557,2003_5,trulli,renault,7,18,0.0,4,0,Collision,4
558,2003_5,pizzonia,jaguar,15,19,0.0,16,0,Launch control,16
559,2003_5,raikkonen,mclaren,6,20,0.0,20,0,Collision,20
560,2003_6,michael_schumacher,ferrari,1,1,10.0,1,69,Finished,1
561,2003_6,raikkonen,mclaren,6,2,8.0,2,69,Finished,2
562,2003_6,barrichello,ferrari,2,3,6.0,5,69,Finished,5
563,2003_6,button,bar,17,4,5.0,7,69,Finished,7
564,2003_6,coulthard,mclaren,5,5,4.0,14,69,Finished,14
565,2003_6,ralf_schumacher,williams,4,6,3.0,10,68,+1 Lap,10
566,2003_6,webber,jaguar,14,7,2.0,17,68,+1 Lap,17
567,2003_6,trulli,renault,7,8,1.0,6,68,+1 Lap,6
568,2003_6,pizzonia,jaguar,15,9,0.0,8,68,+1 Lap,8
569,2003_6,matta,toyota,21,10,0.0,13,68,+1 Lap,13
570,2003_6,firman,jordan,12,11,0.0,16,68,+1 Lap,16
571,2003_6,villeneuve,bar,16,12,0.0,12,68,+1 Lap,12
572,2003_6,wilson,minardi,18,13,0.0,18,67,+2 Laps,18
573,2003_6,fisichella,jordan,11,14,0.0,9,60,Fuel system,9
574,2003_6,heidfeld,sauber,9,15,0.0,4,46,Engine,4
575,2003_6,alonso,renault,8,16,0.0,19,44,Engine,19
576,2003_6,montoya,williams,3,17,0.0,3,32,Engine,3
577,2003_6,panis,toyota,20,18,0.0,11,6,Suspension,11
578,2003_6,verstappen,minardi,19,19,0.0,20,0,Clutch,20
579,2003_6,frentzen,sauber,10,20,0.0,15,0,Clutch,15
580,2003_7,montoya,williams,3,1,10.0,3,78,Finished,3
581,2003_7,raikkonen,mclaren,6,2,8.0,2,78,Finished,2
582,2003_7,michael_schumacher,ferrari,1,3,6.0,5,78,Finished,5
583,2003_7,ralf_schumacher,williams,4,4,5.0,1,78,Finished,1
584,2003_7,alonso,renault,8,5,4.0,8,78,Finished,8
585,2003_7,trulli,renault,7,6,3.0,4,78,Finished,4
586,2003_7,coulthard,mclaren,5,7,2.0,6,78,Finished,6
587,2003_7,barrichello,ferrari,2,8,1.0,7,78,Finished,7
588,2003_7,matta,toyota,21,9,0.0,10,77,+1 Lap,10
589,2003_7,fisichella,jordan,11,10,0.0,12,77,+1 Lap,12
590,2003_7,heidfeld,sauber,9,11,0.0,14,76,+2 Laps,14
591,2003_7,firman,jordan,12,12,0.0,16,76,+2 Laps,16
592,2003_7,panis,toyota,20,13,0.0,17,74,+4 Laps,17
593,2003_7,villeneuve,bar,16,14,0.0,11,63,Engine,11
594,2003_7,wilson,minardi,18,15,0.0,19,29,Fuel system,19
595,2003_7,verstappen,minardi,19,16,0.0,18,28,Fuel system,18
596,2003_7,webber,jaguar,14,17,0.0,9,16,Hydraulics,9
597,2003_7,pizzonia,jaguar,15,18,0.0,13,10,Electrical,13
598,2003_7,frentzen,sauber,10,19,0.0,15,0,Accident,15
599,2003_7,button,bar,17,20,0.0,20,0,Injured,20
600,2003_8,michael_schumacher,ferrari,1,1,10.0,3,70,Finished,3
601,2003_8,ralf_schumacher,williams,4,2,8.0,1,70,Finished,1
602,2003_8,montoya,williams,3,3,6.0,2,70,Finished,2
603,2003_8,alonso,renault,8,4,5.0,4,70,Finished,4
604,2003_8,barrichello,ferrari,2,5,4.0,5,70,Finished,5
605,2003_8,raikkonen,mclaren,6,6,3.0,20,70,Finished,20
606,2003_8,webber,jaguar,14,7,2.0,6,69,+1 Lap,6
607,2003_8,panis,toyota,20,8,1.0,7,69,+1 Lap,7
608,2003_8,verstappen,minardi,19,9,0.0,15,68,+2 Laps,15
609,2003_8,pizzonia,jaguar,15,10,0.0,13,64,+4 Laps,13
610,2003_8,matta,toyota,21,11,0.0,9,64,+6 Laps,9
611,2003_8,wilson,minardi,18,12,0.0,18,60,Gearbox,18
612,2003_8,button,bar,17,13,0.0,17,51,Gearbox,17
613,2003_8,coulthard,mclaren,5,14,0.0,11,47,Gearbox,11
614,2003_8,heidfeld,sauber,9,15,0.0,12,47,Engine,12
615,2003_8,trulli,renault,7,16,0.0,8,22,Accident,8
616,2003_8,fisichella,jordan,11,17,0.0,16,20,Gearbox,16
617,2003_8,firman,jordan,12,18,0.0,19,20,Engine,19
618,2003_8,villeneuve,bar,16,19,0.0,14,14,Brakes,14
619,2003_8,frentzen,sauber,10,20,0.0,10,6,Electronics,10
620,2003_9,ralf_schumacher,williams,4,1,10.0,3,60,Finished,3
621,2003_9,montoya,williams,3,2,8.0,4,60,Finished,4
622,2003_9,barrichello,ferrari,2,3,6.0,5,60,Finished,5
623,2003_9,alonso,renault,8,4,5.0,8,60,Finished,8
624,2003_9,michael_schumacher,ferrari,1,5,4.0,2,60,Finished,2
625,2003_9,webber,jaguar,14,6,3.0,11,59,+1 Lap,11
626,2003_9,button,bar,17,7,2.0,12,59,+1 Lap,12
627,2003_9,heidfeld,sauber,9,8,1.0,20,59,+1 Lap,20
628,2003_9,frentzen,sauber,10,9,0.0,15,59,+1 Lap,15
629,2003_9,pizzonia,jaguar,15,10,0.0,16,59,+1 Lap,16
630,2003_9,firman,jordan,12,11,0.0,14,58,+2 Laps,14
631,2003_9,fisichella,jordan,11,12,0.0,13,58,+2 Laps,13
632,2003_9,wilson,minardi,18,13,0.0,19,58,+2 Laps,19
633,2003_9,verstappen,minardi,19,14,0.0,18,57,+3 Laps,18
634,2003_9,coulthard,mclaren,5,15,0.0,9,56,+4 Laps,9
635,2003_9,matta,toyota,21,16,0.0,10,53,Engine,10
636,2003_9,villeneuve,bar,16,17,0.0,17,51,Gearbox,17
637,2003_9,trulli,renault,7,18,0.0,6,37,Fuel pressure,6
638,2003_9,panis,toyota,20,19,0.0,7,37,Spun off,7
639,2003_9,raikkonen,mclaren,6,20,0.0,1,25,Engine,1
640,2003_10,ralf_schumacher,williams,4,1,10.0,1,70,Finished,1
641,2003_10,montoya,williams,3,2,8.0,2,70,Finished,2
642,2003_10,michael_schumacher,ferrari,1,3,6.0,3,70,Finished,3
643,2003_10,raikkonen,mclaren,6,4,5.0,4,70,Finished,4
644,2003_10,coulthard,mclaren,5,5,4.0,5,70,Finished,5
645,2003_10,webber,jaguar,14,6,3.0,9,70,Finished,9
646,2003_10,barrichello,ferrari,2,7,2.0,8,69,+1 Lap,8
647,2003_10,panis,toyota,20,8,1.0,10,69,+1 Lap,10
648,2003_10,villeneuve,bar,16,9,0.0,12,69,+1 Lap,12
649,2003_10,pizzonia,jaguar,15,10,0.0,11,69,+1 Lap,11
650,2003_10,matta,toyota,21,11,0.0,13,69,+1 Lap,13
651,2003_10,frentzen,sauber,10,12,0.0,16,68,+2 Laps,16
652,2003_10,heidfeld,sauber,9,13,0.0,15,68,+2 Laps,15
653,2003_10,wilson,minardi,18,14,0.0,20,67,+3 Laps,20
654,2003_10,firman,jordan,12,15,0.0,18,67,+3 Laps,18
655,2003_10,verstappen,minardi,19,16,0.0,19,66,+4 Laps,19
656,2003_10,trulli,renault,7,17,0.0,6,45,Engine,6
657,2003_10,alonso,renault,8,18,0.0,7,43,Engine,7
658,2003_10,fisichella,jordan,11,19,0.0,17,42,Engine,17
659,2003_10,button,bar,17,20,0.0,14,23,Fuel,14
660,2003_11,barrichello,ferrari,2,1,10.0,1,60,Finished,1
661,2003_11,montoya,williams,3,2,8.0,7,60,Finished,7
662,2003_11,raikkonen,mclaren,6,3,6.0,3,60,Finished,3
663,2003_11,michael_schumacher,ferrari,1,4,5.0,5,60,Finished,5
664,2003_11,coulthard,mclaren,5,5,4.0,12,60,Finished,12
665,2003_11,trulli,renault,7,6,3.0,2,60,Finished,2
666,2003_11,matta,toyota,21,7,2.0,6,60,Finished,6
667,2003_11,button,bar,17,8,1.0,20,60,Finished,20
668,2003_11,ralf_schumacher,williams,4,9,0.0,4,60,Finished,4
669,2003_11,villeneuve,bar,16,10,0.0,9,60,Finished,9
670,2003_11,panis,toyota,20,11,0.0,13,60,Finished,13
671,2003_11,frentzen,sauber,10,12,0.0,14,60,Finished,14
672,2003_11,firman,jordan,12,13,0.0,17,59,+1 Lap,17
673,2003_11,webber,jaguar,14,14,0.0,11,59,+1 Lap,11
674,2003_11,verstappen,minardi,19,15,0.0,19,58,+2 Laps,19
675,2003_11,wilson,minardi,18,16,0.0,18,58,+2 Laps,18
676,2003_11,heidfeld,sauber,9,17,0.0,16,58,+2 Laps,16
677,2003_11,alonso,renault,8,18,0.0,8,52,Gearbox,8
678,2003_11,fisichella,jordan,11,19,0.0,15,44,Suspension,15
679,2003_11,pizzonia,jaguar,15,20,0.0,10,32,Engine,10
680,2003_12,montoya,williams,3,1,10.0,1,67,Finished,1
681,2003_12,coulthard,mclaren,5,2,8.0,10,67,Finished,10
682,2003_12,trulli,renault,7,3,6.0,4,67,Finished,4
683,2003_12,alonso,renault,8,4,5.0,8,67,Finished,8
684,2003_12,panis,toyota,20,5,4.0,7,66,+1 Lap,7
685,2003_12,matta,toyota,21,6,3.0,9,66,+1 Lap,9
686,2003_12,michael_schumacher,ferrari,1,7,2.0,6,66,+1 Lap,6
687,2003_12,button,bar,17,8,1.0,17,66,+1 Lap,17
688,2003_12,villeneuve,bar,16,9,0.0,13,65,+2 Laps,13
689,2003_12,heidfeld,sauber,9,10,0.0,15,65,+2 Laps,15
690,2003_12,webber,jaguar,14,11,0.0,11,64,Accident,11
691,2003_12,kiesa,minardi,18,12,0.0,20,62,+5 Laps,20
692,2003_12,fisichella,jordan,11,13,0.0,13,60,Engine,12
693,2003_12,verstappen,minardi,19,14,0.0,19,23,Hydraulics,19
694,2003_12,wilson,jaguar,15,15,0.0,16,6,Gearbox,16
695,2003_12,ralf_schumacher,williams,4,16,0.0,2,1,Accident,2
696,2003_12,frentzen,sauber,10,17,0.0,14,1,Accident,14
697,2003_12,barrichello,ferrari,2,18,0.0,3,0,Accident,3
698,2003_12,raikkonen,mclaren,6,19,0.0,5,0,Accident,5
699,2003_12,firman,jordan,12,20,0.0,18,0,Accident,18
700,2003_13,alonso,renault,8,1,10.0,1,70,Finished,1
701,2003_13,raikkonen,mclaren,6,2,8.0,7,70,Finished,7
702,2003_13,montoya,williams,3,3,6.0,4,70,Finished,4
703,2003_13,ralf_schumacher,williams,4,4,5.0,2,70,Finished,2
704,2003_13,coulthard,mclaren,5,5,4.0,9,70,Finished,9
705,2003_13,webber,jaguar,14,6,3.0,3,70,Finished,3
706,2003_13,trulli,renault,7,7,2.0,6,69,+1 Lap,6
707,2003_13,michael_schumacher,ferrari,1,8,1.0,8,69,+1 Lap,8
708,2003_13,heidfeld,sauber,9,9,0.0,11,69,+1 Lap,11
709,2003_13,button,bar,17,10,0.0,14,69,+1 Lap,14
710,2003_13,matta,toyota,21,11,0.0,15,68,+2 Laps,15
711,2003_13,verstappen,minardi,19,12,0.0,18,67,+3 Laps,18
712,2003_13,kiesa,minardi,18,13,0.0,20,66,+4 Laps,20
713,2003_13,frentzen,sauber,10,14,0.0,17,47,Out of fuel,17
714,2003_13,wilson,jaguar,15,15,0.0,12,42,Engine,12
715,2003_13,baumgartner,jordan,12,16,0.0,19,34,Engine,19
716,2003_13,panis,toyota,20,17,0.0,10,33,Gearbox,10
717,2003_13,fisichella,jordan,11,18,0.0,13,28,Engine,13
718,2003_13,barrichello,ferrari,2,19,0.0,5,19,Suspension,5
719,2003_13,villeneuve,bar,16,20,0.0,16,14,Hydraulics,16
720,2003_14,michael_schumacher,ferrari,1,1,10.0,1,53,Finished,1
721,2003_14,montoya,williams,3,2,8.0,2,53,Finished,2
722,2003_14,barrichello,ferrari,2,3,6.0,3,53,Finished,3
723,2003_14,raikkonen,mclaren,6,4,5.0,4,53,Finished,4
724,2003_14,gene,williams,4,5,4.0,5,53,Finished,5
725,2003_14,villeneuve,bar,16,6,3.0,10,52,+1 Lap,10
726,2003_14,webber,jaguar,14,7,2.0,11,52,+1 Lap,11
727,2003_14,alonso,renault,8,8,1.0,20,52,+1 Lap,20
728,2003_14,heidfeld,sauber,9,9,0.0,16,52,+1 Lap,16
729,2003_14,fisichella,jordan,11,10,0.0,13,52,+1 Lap,13
730,2003_14,baumgartner,jordan,12,11,0.0,18,51,+2 Laps,18
731,2003_14,kiesa,minardi,18,12,0.0,19,51,+2 Laps,19
732,2003_14,frentzen,sauber,10,13,0.0,14,50,+3 Laps,14
733,2003_14,coulthard,mclaren,5,14,0.0,8,45,Fuel pressure,8
734,2003_14,panis,toyota,20,15,0.0,9,35,Brakes,9
735,2003_14,verstappen,minardi,19,16,0.0,17,27,Oil leak,17
736,2003_14,button,bar,17,17,0.0,7,24,Gearbox,7
737,2003_14,matta,toyota,21,18,0.0,12,3,Tyre,12
738,2003_14,wilson,jaguar,15,19,0.0,15,2,Gearbox,15
739,2003_14,trulli,renault,7,20,0.0,6,0,Hydraulics,6
740,2003_15,michael_schumacher,ferrari,1,1,10.0,7,73,Finished,7
741,2003_15,raikkonen,mclaren,6,2,8.0,1,73,Finished,1
742,2003_15,frentzen,sauber,10,3,6.0,15,73,Finished,15
743,2003_15,trulli,renault,7,4,5.0,10,73,Finished,10
744,2003_15,heidfeld,sauber,9,5,4.0,13,73,Finished,13
745,2003_15,montoya,williams,3,6,3.0,4,72,+1 Lap,4
746,2003_15,fisichella,jordan,11,7,2.0,17,72,+1 Lap,17
747,2003_15,wilson,jaguar,15,8,1.0,16,71,+2 Laps,16
748,2003_15,matta,toyota,21,9,0.0,9,71,+2 Laps,9
749,2003_15,verstappen,minardi,19,10,0.0,19,69,+4 Laps,19
750,2003_15,kiesa,minardi,18,11,0.0,20,69,+4 Laps,20
751,2003_15,villeneuve,bar,16,12,0.0,12,63,Engine,12
752,2003_15,firman,jordan,12,13,0.0,18,48,Spun off,18
753,2003_15,coulthard,mclaren,5,14,0.0,8,45,Gearbox,8
754,2003_15,alonso,renault,8,15,0.0,6,44,Engine,6
755,2003_15,button,bar,17,16,0.0,11,41,Engine,11
756,2003_15,panis,toyota,20,17,0.0,3,27,Accident,3
757,2003_15,webber,jaguar,14,18,0.0,14,21,Accident,14
758,2003_15,ralf_schumacher,williams,4,19,0.0,5,21,Accident,5
759,2003_15,barrichello,ferrari,2,20,0.0,2,2,Collision,2
760,2003_16,barrichello,ferrari,2,1,10.0,1,53,Finished,1
761,2003_16,raikkonen,mclaren,6,2,8.0,8,53,Finished,8
762,2003_16,coulthard,mclaren,5,3,6.0,7,53,Finished,7
763,2003_16,button,bar,17,4,5.0,9,53,Finished,9
764,2003_16,trulli,renault,7,5,4.0,20,53,Finished,20
765,2003_16,sato,bar,16,6,3.0,13,53,Finished,13
766,2003_16,matta,toyota,21,7,2.0,3,53,Finished,3
767,2003_16,michael_schumacher,ferrari,1,8,1.0,14,53,Finished,14
768,2003_16,heidfeld,sauber,9,9,0.0,11,53,Finished,11
769,2003_16,panis,toyota,20,10,0.0,4,53,Finished,4
770,2003_16,webber,jaguar,14,11,0.0,6,53,Finished,6
771,2003_16,ralf_schumacher,williams,4,12,0.0,19,52,+1 Lap,19
772,2003_16,wilson,jaguar,15,13,0.0,10,52,+1 Lap,10
773,2003_16,firman,jordan,12,14,0.0,15,51,+2 Laps,15
774,2003_16,verstappen,minardi,19,15,0.0,17,51,+2 Laps,17
775,2003_16,kiesa,minardi,18,16,0.0,18,50,+3 Laps,18
776,2003_16,fisichella,jordan,11,17,0.0,16,33,Out of fuel,16
777,2003_16,alonso,renault,8,18,0.0,5,17,Engine,5
778,2003_16,frentzen,sauber,10,19,0.0,12,9,Engine,12
779,2003_16,montoya,williams,3,20,0.0,2,9,Hydraulics,2
780,2004_1,michael_schumacher,ferrari,1,1,10.0,1,58,Finished,1
781,2004_1,barrichello,ferrari,2,2,8.0,2,58,Finished,2
782,2004_1,alonso,renault,8,3,6.0,5,58,Finished,5
783,2004_1,ralf_schumacher,williams,4,4,5.0,8,58,Finished,8
784,2004_1,montoya,williams,3,5,4.0,3,58,Finished,3
785,2004_1,button,bar,9,6,3.0,4,58,Finished,4
786,2004_1,trulli,renault,7,7,2.0,9,57,+1 Lap,9
787,2004_1,coulthard,mclaren,5,8,1.0,12,57,+1 Lap,12
788,2004_1,sato,bar,10,9,0.0,7,57,+1 Lap,7
789,2004_1,fisichella,sauber,11,10,0.0,14,57,+1 Lap,14
790,2004_1,klien,jaguar,15,11,0.0,19,56,+2 Laps,19
791,2004_1,matta,toyota,16,12,0.0,13,56,+2 Laps,13
792,2004_1,panis,toyota,17,13,0.0,18,56,+2 Laps,18
793,2004_1,pantano,jordan,19,14,0.0,16,55,+3 Laps,16
794,2004_1,massa,sauber,12,15,0.0,11,44,Engine,11
795,2004_1,heidfeld,jordan,18,16,0.0,15,43,Transmission,15
796,2004_1,bruni,minardi,20,17,0.0,20,43,Not classified,20
797,2004_1,webber,jaguar,14,18,0.0,6,29,Transmission,6
798,2004_1,baumgartner,minardi,21,19,0.0,17,13,Electrical,17
799,2004_1,raikkonen,mclaren,6,20,0.0,10,9,Engine,10
800,2004_2,michael_schumacher,ferrari,1,1,10.0,1,56,Finished,1
801,2004_2,montoya,williams,3,2,8.0,4,56,Finished,4
802,2004_2,button,bar,9,3,6.0,6,56,Finished,6
803,2004_2,barrichello,ferrari,2,4,5.0,3,56,Finished,3
804,2004_2,trulli,renault,7,5,4.0,8,56,Finished,8
805,2004_2,coulthard,mclaren,5,6,3.0,9,56,Finished,9
806,2004_2,alonso,renault,8,7,2.0,19,56,Finished,19
807,2004_2,massa,sauber,12,8,1.0,11,55,+1 Lap,11
808,2004_2,matta,toyota,16,9,0.0,10,55,+1 Lap,10
809,2004_2,klien,jaguar,15,10,0.0,13,55,+1 Lap,13
810,2004_2,fisichella,sauber,11,11,0.0,12,55,+1 Lap,12
811,2004_2,panis,toyota,17,12,0.0,14,55,+1 Lap,14
812,2004_2,pantano,jordan,19,13,0.0,18,54,+2 Laps,18
813,2004_2,bruni,minardi,20,14,0.0,16,53,+3 Laps,16
814,2004_2,sato,bar,10,15,0.0,20,52,+4 Laps,20
815,2004_2,baumgartner,minardi,21,16,0.0,17,52,+4 Laps,17
816,2004_2,raikkonen,mclaren,6,17,0.0,5,40,Transmission,5
817,2004_2,heidfeld,jordan,18,18,0.0,15,34,Transmission,15
818,2004_2,ralf_schumacher,williams,4,19,0.0,7,27,Engine,7
819,2004_2,webber,jaguar,14,20,0.0,2,23,Spun off,2
820,2004_3,michael_schumacher,ferrari,1,1,10.0,1,57,Finished,1
821,2004_3,barrichello,ferrari,2,2,8.0,2,57,Finished,2
822,2004_3,button,bar,9,3,6.0,6,57,Finished,6
823,2004_3,trulli,renault,7,4,5.0,7,57,Finished,7
824,2004_3,sato,bar,10,5,4.0,5,57,Finished,5
825,2004_3,alonso,renault,8,6,3.0,16,57,Finished,17
826,2004_3,ralf_schumacher,williams,4,7,2.0,4,57,Finished,4
827,2004_3,webber,jaguar,14,8,1.0,14,56,+1 Lap,14
828,2004_3,panis,toyota,17,9,0.0,8,56,+1 Lap,8
829,2004_3,matta,toyota,16,10,0.0,9,56,+1 Lap,9
830,2004_3,fisichella,sauber,11,11,0.0,11,56,+1 Lap,11
831,2004_3,massa,sauber,12,12,0.0,13,56,+1 Lap,13
832,2004_3,montoya,williams,3,13,0.0,3,56,+1 Lap,3
833,2004_3,klien,jaguar,15,14,0.0,12,56,+1 Lap,12
834,2004_3,heidfeld,jordan,18,15,0.0,18,56,+1 Lap,15
835,2004_3,pantano,jordan,19,16,0.0,15,55,+2 Laps,16
836,2004_3,bruni,minardi,20,17,0.0,17,52,+5 Laps,18
837,2004_3,coulthard,mclaren,5,18,0.0,10,50,Pneumatics,10
838,2004_3,baumgartner,minardi,21,19,0.0,20,44,Engine,19
839,2004_3,raikkonen,mclaren,6,20,0.0,19,7,Engine,20
840,2004_4,michael_schumacher,ferrari,1,1,10.0,2,62,Finished,2
841,2004_4,button,bar,9,2,8.0,1,62,Finished,1
842,2004_4,montoya,williams,3,3,6.0,3,62,Finished,3
843,2004_4,alonso,renault,8,4,5.0,6,62,Finished,6
844,2004_4,trulli,renault,7,5,4.0,9,62,Finished,9
845,2004_4,barrichello,ferrari,2,6,3.0,4,62,Finished,4
846,2004_4,ralf_schumacher,williams,4,7,2.0,5,62,Finished,5
847,2004_4,raikkonen,mclaren,6,8,1.0,20,61,+1 Lap,20
848,2004_4,fisichella,sauber,11,9,0.0,18,61,+1 Lap,19
849,2004_4,massa,sauber,12,10,0.0,12,61,+1 Lap,12
850,2004_4,panis,toyota,17,11,0.0,13,61,+1 Lap,13
851,2004_4,coulthard,mclaren,5,12,0.0,11,61,+1 Lap,11
852,2004_4,webber,jaguar,14,13,0.0,8,61,+1 Lap,8
853,2004_4,klien,jaguar,15,14,0.0,14,60,+2 Laps,14
854,2004_4,baumgartner,minardi,21,15,0.0,19,58,+4 Laps,18
855,2004_4,sato,bar,10,16,0.0,7,56,Engine,7
856,2004_4,heidfeld,jordan,18,17,0.0,16,48,Driveshaft,16
857,2004_4,matta,toyota,16,18,0.0,10,32,Accident,10
858,2004_4,bruni,minardi,20,19,0.0,17,22,Brakes,17
859,2004_4,pantano,jordan,19,20,0.0,15,6,Hydraulics,15
860,2004_5,michael_schumacher,ferrari,1,1,10.0,1,66,Finished,1
861,2004_5,barrichello,ferrari,2,2,8.0,5,66,Finished,5
862,2004_5,trulli,renault,7,3,6.0,4,66,Finished,4
863,2004_5,alonso,renault,8,4,5.0,8,66,Finished,8
864,2004_5,sato,bar,10,5,4.0,3,66,Finished,3
865,2004_5,ralf_schumacher,williams,4,6,3.0,6,66,Finished,6
866,2004_5,fisichella,sauber,11,7,2.0,12,66,Finished,12
867,2004_5,button,bar,9,8,1.0,14,65,+1 Lap,14
868,2004_5,massa,sauber,12,9,0.0,17,65,+1 Lap,17
869,2004_5,coulthard,mclaren,5,10,0.0,10,65,+1 Lap,10
870,2004_5,raikkonen,mclaren,6,11,0.0,13,65,+1 Lap,13
871,2004_5,webber,jaguar,14,12,0.0,9,65,+1 Lap,9
872,2004_5,matta,toyota,16,13,0.0,11,65,+1 Lap,11
873,2004_5,pantano,jordan,19,14,0.0,19,51,Steering,19
874,2004_5,montoya,williams,3,15,0.0,2,46,Brakes,2
875,2004_5,klien,jaguar,15,16,0.0,16,43,Throttle,16
876,2004_5,panis,toyota,17,17,0.0,7,33,Hydraulics,7
877,2004_5,heidfeld,jordan,18,18,0.0,15,33,Hydraulics,15
878,2004_5,bruni,minardi,20,19,0.0,18,31,Spun off,18
879,2004_5,baumgartner,minardi,21,20,0.0,20,17,Spun off,20
880,2004_6,trulli,renault,7,1,10.0,1,77,Finished,1
881,2004_6,button,bar,9,2,8.0,2,77,Finished,3
882,2004_6,barrichello,ferrari,2,3,6.0,6,77,Finished,7
883,2004_6,montoya,williams,3,4,5.0,9,76,+1 Lap,10
884,2004_6,massa,sauber,12,5,4.0,16,76,+1 Lap,16
885,2004_6,matta,toyota,16,6,3.0,15,76,+1 Lap,15
886,2004_6,heidfeld,jordan,18,7,2.0,17,75,+2 Laps,17
887,2004_6,panis,toyota,17,8,1.0,13,74,+3 Laps,13
888,2004_6,baumgartner,minardi,21,9,0.0,19,71,+6 Laps,19
889,2004_6,ralf_schumacher,williams,4,10,0.0,12,69,Gearbox,2
890,2004_6,michael_schumacher,ferrari,1,11,0.0,4,45,Collision,5
891,2004_6,alonso,renault,8,12,0.0,3,41,Accident,4
892,2004_6,raikkonen,mclaren,6,13,0.0,5,27,Pneumatics,6
893,2004_6,bruni,minardi,20,14,0.0,20,15,Gearbox,20
894,2004_6,pantano,jordan,19,15,0.0,18,12,Transmission,18
895,2004_6,webber,jaguar,14,16,0.0,11,11,Gearbox,12
896,2004_6,sato,bar,10,17,0.0,7,2,Engine,8
897,2004_6,coulthard,mclaren,5,18,0.0,8,2,Collision,9
898,2004_6,fisichella,sauber,11,19,0.0,10,2,Collision,11
899,2004_6,klien,jaguar,15,20,0.0,14,0,Accident,14
900,2004_7,michael_schumacher,ferrari,1,1,10.0,1,60,Finished,1
901,2004_7,barrichello,ferrari,2,2,8.0,7,60,Finished,7
902,2004_7,button,bar,9,3,6.0,5,60,Finished,5
903,2004_7,trulli,renault,7,4,5.0,3,60,Finished,3
904,2004_7,alonso,renault,8,5,4.0,6,60,Finished,6
905,2004_7,fisichella,sauber,11,6,3.0,19,60,Finished,19
906,2004_7,webber,jaguar,14,7,2.0,14,60,Finished,14
907,2004_7,montoya,williams,3,8,1.0,8,59,+1 Lap,8
908,2004_7,massa,sauber,12,9,0.0,16,59,+1 Lap,16
909,2004_7,heidfeld,jordan,18,10,0.0,13,59,+1 Lap,13
910,2004_7,panis,toyota,17,11,0.0,10,59,+1 Lap,10
911,2004_7,klien,jaguar,15,12,0.0,12,59,+1 Lap,12
912,2004_7,pantano,jordan,19,13,0.0,15,58,+2 Laps,15
913,2004_7,bruni,minardi,20,14,0.0,20,57,+3 Laps,20
914,2004_7,baumgartner,minardi,21,15,0.0,17,57,+3 Laps,17
915,2004_7,sato,bar,10,16,0.0,2,47,Engine,2
916,2004_7,coulthard,mclaren,5,17,0.0,18,25,Engine,18
917,2004_7,raikkonen,mclaren,6,18,0.0,4,9,Engine,4
918,2004_7,ralf_schumacher,williams,4,19,0.0,9,0,Collision,9
919,2004_7,matta,toyota,16,20,0.0,11,0,Collision,11
920,2004_8,michael_schumacher,ferrari,1,1,10.0,6,70,Finished,6
921,2004_8,barrichello,ferrari,2,2,8.0,7,70,Finished,7
922,2004_8,button,bar,9,3,6.0,2,70,Finished,2
923,2004_8,fisichella,sauber,11,4,5.0,11,69,+1 Lap,11
924,2004_8,raikkonen,mclaren,6,5,4.0,8,69,+1 Lap,8
925,2004_8,coulthard,mclaren,5,6,3.0,9,69,+1 Lap,9
926,2004_8,glock,jordan,19,7,2.0,16,68,+2 Laps,16
927,2004_8,heidfeld,jordan,18,8,1.0,15,68,+2 Laps,15
928,2004_8,klien,jaguar,15,9,0.0,10,67,+3 Laps,10
929,2004_8,baumgartner,minardi,21,10,0.0,18,66,+4 Laps,18
930,2004_8,massa,sauber,12,11,0.0,17,62,Accident,19
931,2004_8,sato,bar,10,12,0.0,20,48,Engine,17
932,2004_8,alonso,renault,8,13,0.0,5,44,Driveshaft,5
933,2004_8,bruni,minardi,20,14,0.0,19,30,Gearbox,20
934,2004_8,webber,jaguar,14,15,0.0,14,6,Suspension,14
935,2004_8,trulli,renault,7,16,0.0,3,0,Transmission,3
936,2004_8,ralf_schumacher,williams,4,17,0.0,1,70,Disqualified,1
937,2004_8,montoya,williams,3,18,0.0,4,70,Disqualified,4
938,2004_8,matta,toyota,16,19,0.0,12,69,Disqualified,12
939,2004_8,panis,toyota,17,20,0.0,13,69,Disqualified,13
940,2004_9,michael_schumacher,ferrari,1,1,10.0,2,73,Finished,2
941,2004_9,barrichello,ferrari,2,2,8.0,1,73,Finished,1
942,2004_9,sato,bar,10,3,6.0,3,73,Finished,3
943,2004_9,trulli,renault,7,4,5.0,20,73,Finished,20
944,2004_9,panis,toyota,17,5,4.0,8,73,Finished,8
945,2004_9,raikkonen,mclaren,6,6,3.0,7,72,+1 Lap,7
946,2004_9,coulthard,mclaren,5,7,2.0,12,72,+1 Lap,12
947,2004_9,baumgartner,minardi,21,8,1.0,19,70,+3 Laps,19
948,2004_9,fisichella,sauber,11,9,0.0,14,65,+8 Laps,14
949,2004_9,webber,jaguar,14,10,0.0,10,60,Engine,10
950,2004_9,montoya,williams,3,11,0.0,5,57,Disqualified,5
951,2004_9,heidfeld,jordan,18,12,0.0,16,40,Engine,16
952,2004_9,button,bar,9,13,0.0,4,26,Gearbox,4
953,2004_9,matta,toyota,16,14,0.0,11,17,Gearbox,11
954,2004_9,ralf_schumacher,williams,4,15,0.0,6,9,Tyre,6
955,2004_9,alonso,renault,8,16,0.0,9,8,Tyre,9
956,2004_9,klien,jaguar,15,17,0.0,13,0,Collision,13
957,2004_9,massa,sauber,12,18,0.0,15,0,Collision,15
958,2004_9,pantano,jordan,19,19,0.0,17,0,Collision,17
959,2004_9,bruni,minardi,20,20,0.0,18,0,Collision,18
960,2004_10,michael_schumacher,ferrari,1,1,10.0,2,70,Finished,2
961,2004_10,alonso,renault,8,2,8.0,1,70,Finished,1
962,2004_10,barrichello,ferrari,2,3,6.0,10,70,Finished,10
963,2004_10,trulli,renault,7,4,5.0,5,70,Finished,5
964,2004_10,button,bar,9,5,4.0,4,70,Finished,4
965,2004_10,coulthard,mclaren,5,6,3.0,3,70,Finished,3
966,2004_10,raikkonen,mclaren,6,7,2.0,9,70,Finished,9
967,2004_10,montoya,williams,3,8,1.0,6,70,Finished,6
968,2004_10,webber,jaguar,14,9,0.0,12,70,Finished,12
969,2004_10,gene,williams,4,10,0.0,8,70,Finished,8
970,2004_10,klien,jaguar,15,11,0.0,13,69,+1 Lap,13
971,2004_10,fisichella,sauber,11,12,0.0,15,69,+1 Lap,15
972,2004_10,massa,sauber,12,13,0.0,16,69,+1 Lap,16
973,2004_10,matta,toyota,16,14,0.0,11,69,+1 Lap,11
974,2004_10,panis,toyota,17,15,0.0,14,68,+2 Laps,14
975,2004_10,heidfeld,jordan,18,16,0.0,17,68,+2 Laps,17
976,2004_10,pantano,jordan,19,17,0.0,18,67,+3 Laps,18
977,2004_10,bruni,minardi,20,18,0.0,19,66,+4 Laps,19
978,2004_10,baumgartner,minardi,21,19,0.0,20,31,Spun off,20
979,2004_10,sato,bar,10,20,0.0,7,15,Engine,7
980,2004_11,michael_schumacher,ferrari,1,1,10.0,4,60,Finished,4
981,2004_11,raikkonen,mclaren,6,2,8.0,1,60,Finished,1
982,2004_11,barrichello,ferrari,2,3,6.0,2,60,Finished,2
983,2004_11,button,bar,9,4,5.0,3,60,Finished,3
984,2004_11,montoya,williams,3,5,4.0,7,60,Finished,8
985,2004_11,fisichella,sauber,11,6,3.0,20,60,Finished,20
986,2004_11,coulthard,mclaren,5,7,2.0,6,60,Finished,7
987,2004_11,webber,jaguar,14,8,1.0,9,60,Finished,10
988,2004_11,massa,sauber,12,9,0.0,10,60,Finished,11
989,2004_11,alonso,renault,8,10,0.0,16,60,Finished,6
990,2004_11,sato,bar,10,11,0.0,8,60,Finished,9
991,2004_11,gene,williams,4,12,0.0,11,60,Finished,13
992,2004_11,matta,toyota,16,13,0.0,12,59,+1 Lap,14
993,2004_11,klien,jaguar,15,14,0.0,13,59,+1 Lap,15
994,2004_11,heidfeld,jordan,18,15,0.0,15,59,+1 Lap,17
995,2004_11,bruni,minardi,20,16,0.0,18,56,+4 Laps,18
996,2004_11,pantano,jordan,19,17,0.0,14,47,Spun off,16
997,2004_11,trulli,renault,7,18,0.0,5,39,Accident,5
998,2004_11,baumgartner,minardi,21,19,0.0,19,29,Engine,19
999,2004_11,panis,toyota,17,20,0.0,17,16,Accident,12
1000,2004_12,michael_schumacher,ferrari,1,1,10.0,1,66,Finished,1
1001,2004_12,button,bar,9,2,8.0,13,66,Finished,3
1002,2004_12,alonso,renault,8,3,6.0,5,66,Finished,6
1003,2004_12,coulthard,mclaren,5,4,5.0,4,66,Finished,5
1004,2004_12,montoya,williams,3,5,4.0,2,66,Finished,2
1005,2004_12,webber,jaguar,14,6,3.0,11,66,Finished,12
1006,2004_12,pizzonia,williams,4,7,2.0,10,66,Finished,11
1007,2004_12,sato,bar,10,8,1.0,8,66,Finished,9
1008,2004_12,fisichella,sauber,11,9,0.0,14,66,Finished,14
1009,2004_12,klien,jaguar,15,10,0.0,12,66,Finished,13
1010,2004_12,trulli,renault,7,11,0.0,6,66,Finished,7
1011,2004_12,barrichello,ferrari,2,12,0.0,7,66,Finished,8
1012,2004_12,massa,sauber,12,13,0.0,16,65,+1 Lap,16
1013,2004_12,panis,toyota,17,14,0.0,9,65,+1 Lap,10
1014,2004_12,pantano,jordan,19,15,0.0,17,63,+3 Laps,17
1015,2004_12,baumgartner,minardi,21,16,0.0,20,62,+4 Laps,20
1016,2004_12,bruni,minardi,20,17,0.0,19,62,+4 Laps,19
1017,2004_12,heidfeld,jordan,18,18,0.0,18,42,Handling,18
1018,2004_12,matta,toyota,16,19,0.0,15,38,Puncture,15
1019,2004_12,raikkonen,mclaren,6,20,0.0,3,13,Rear wing,4
1020,2004_13,michael_schumacher,ferrari,1,1,10.0,1,70,Finished,1
1021,2004_13,barrichello,ferrari,2,2,8.0,2,70,Finished,2
1022,2004_13,alonso,renault,8,3,6.0,5,70,Finished,5
1023,2004_13,montoya,williams,3,4,5.0,7,70,Finished,7
1024,2004_13,button,bar,9,5,4.0,4,70,Finished,4
1025,2004_13,sato,bar,10,6,3.0,3,69,+1 Lap,3
1026,2004_13,pizzonia,williams,4,7,2.0,6,69,+1 Lap,6
1027,2004_13,fisichella,sauber,11,8,1.0,8,69,+1 Lap,8
1028,2004_13,coulthard,mclaren,5,9,0.0,12,69,+1 Lap,12
1029,2004_13,webber,jaguar,14,10,0.0,11,69,+1 Lap,11
1030,2004_13,panis,toyota,17,11,0.0,13,69,+1 Lap,13
1031,2004_13,heidfeld,jordan,18,12,0.0,16,68,+2 Laps,16
1032,2004_13,klien,jaguar,15,13,0.0,14,68,+2 Laps,14
1033,2004_13,bruni,minardi,20,14,0.0,19,66,+4 Laps,19
1034,2004_13,baumgartner,minardi,21,15,0.0,18,65,+5 Laps,18
1035,2004_13,pantano,jordan,19,16,0.0,17,48,Gearbox,17
1036,2004_13,trulli,renault,7,17,0.0,9,41,Engine,9
1037,2004_13,zonta,toyota,16,18,0.0,15,31,Electronics,15
1038,2004_13,massa,sauber,12,19,0.0,20,21,Brakes,20
1039,2004_13,raikkonen,mclaren,6,20,0.0,10,13,Electrical,10
1040,2004_14,raikkonen,mclaren,6,1,10.0,10,44,Finished,10
1041,2004_14,michael_schumacher,ferrari,1,2,8.0,2,44,Finished,2
1042,2004_14,barrichello,ferrari,2,3,6.0,6,44,Finished,6
1043,2004_14,massa,sauber,12,4,5.0,8,44,Finished,8
1044,2004_14,fisichella,sauber,11,5,4.0,5,44,Finished,5
1045,2004_14,klien,jaguar,15,6,3.0,13,44,Finished,13
1046,2004_14,coulthard,mclaren,5,7,2.0,4,44,Finished,4
1047,2004_14,panis,toyota,17,8,1.0,9,44,Finished,9
1048,2004_14,trulli,renault,7,9,0.0,1,44,Finished,1
1049,2004_14,zonta,toyota,16,10,0.0,20,41,Engine,20
1050,2004_14,heidfeld,jordan,18,11,0.0,16,40,+4 Laps,16
1051,2004_14,montoya,williams,3,12,0.0,11,37,Tyre,11
1052,2004_14,pizzonia,williams,4,13,0.0,14,31,Gearbox,14
1053,2004_14,button,bar,9,14,0.0,12,29,Collision,12
1054,2004_14,baumgartner,minardi,21,15,0.0,18,28,Collision,18
1055,2004_14,alonso,renault,8,16,0.0,3,11,Engine,3
1056,2004_14,webber,jaguar,14,17,0.0,7,0,Collision,7
1057,2004_14,sato,bar,10,18,0.0,15,0,Collision,15
1058,2004_14,bruni,minardi,20,19,0.0,17,0,Collision,17
1059,2004_14,pantano,jordan,19,20,0.0,19,0,Collision,19
1060,2004_15,barrichello,ferrari,2,1,10.0,1,53,Finished,1
1061,2004_15,michael_schumacher,ferrari,1,2,8.0,3,53,Finished,3
1062,2004_15,button,bar,9,3,6.0,6,53,Finished,6
1063,2004_15,sato,bar,10,4,5.0,5,53,Finished,5
1064,2004_15,montoya,williams,3,5,4.0,2,53,Finished,2
1065,2004_15,coulthard,mclaren,5,6,3.0,10,53,Finished,10
1066,2004_15,pizzonia,williams,4,7,2.0,8,53,Finished,8
1067,2004_15,fisichella,sauber,11,8,1.0,15,53,Finished,15
1068,2004_15,webber,jaguar,14,9,0.0,12,53,Finished,12
1069,2004_15,trulli,renault,7,10,0.0,9,53,Finished,9
1070,2004_15,zonta,toyota,16,11,0.0,11,53,Finished,11
1071,2004_15,massa,sauber,12,12,0.0,16,52,+1 Lap,16
1072,2004_15,klien,jaguar,15,13,0.0,14,52,+1 Lap,14
1073,2004_15,heidfeld,jordan,18,14,0.0,20,52,+1 Lap,17
1074,2004_15,baumgartner,minardi,21,15,0.0,19,50,+3 Laps,19
1075,2004_15,alonso,renault,8,16,0.0,4,40,Spun off,4
1076,2004_15,pantano,jordan,19,17,0.0,17,33,Accident,18
1077,2004_15,bruni,minardi,20,18,0.0,18,29,Fire,20
1078,2004_15,raikkonen,mclaren,6,19,0.0,7,13,Engine,7
1079,2004_15,panis,toyota,17,20,0.0,13,0,Collision,13
1080,2004_16,barrichello,ferrari,2,1,10.0,1,56,Finished,1
1081,2004_16,button,bar,9,2,8.0,3,56,Finished,3
1082,2004_16,raikkonen,mclaren,6,3,6.0,2,56,Finished,2
1083,2004_16,alonso,renault,8,4,5.0,6,56,Finished,6
1084,2004_16,montoya,williams,3,5,4.0,10,56,Finished,11
1085,2004_16,sato,bar,10,6,3.0,18,56,Finished,9
1086,2004_16,fisichella,sauber,11,7,2.0,7,56,Finished,7
1087,2004_16,massa,sauber,12,8,1.0,4,56,Finished,4
1088,2004_16,coulthard,mclaren,5,9,0.0,9,56,Finished,10
1089,2004_16,webber,jaguar,14,10,0.0,11,55,+1 Lap,12
1090,2004_16,villeneuve,renault,7,11,0.0,12,55,+1 Lap,13
1091,2004_16,michael_schumacher,ferrari,1,12,0.0,20,55,+1 Lap,20
1092,2004_16,heidfeld,jordan,18,13,0.0,14,55,+1 Lap,15
1093,2004_16,panis,toyota,17,14,0.0,8,55,+1 Lap,8
1094,2004_16,glock,jordan,19,15,0.0,16,55,+1 Lap,17
1095,2004_16,baumgartner,minardi,21,16,0.0,19,53,+3 Laps,18
1096,2004_16,bruni,minardi,20,17,0.0,17,38,Wheel,19
1097,2004_16,ralf_schumacher,williams,4,18,0.0,5,37,Collision,5
1098,2004_16,zonta,toyota,16,19,0.0,13,35,Transmission,14
1099,2004_16,klien,jaguar,15,20,0.0,15,11,Collision,16
1100,2004_17,michael_schumacher,ferrari,1,1,10.0,1,53,Finished,1
1101,2004_17,ralf_schumacher,williams,4,2,8.0,2,53,Finished,2
1102,2004_17,button,bar,9,3,6.0,5,53,Finished,5
1103,2004_17,sato,bar,10,4,5.0,4,53,Finished,4
1104,2004_17,alonso,renault,8,5,4.0,11,53,Finished,11
1105,2004_17,raikkonen,mclaren,6,6,3.0,12,53,Finished,12
1106,2004_17,montoya,williams,3,7,2.0,13,53,Finished,13
1107,2004_17,fisichella,sauber,11,8,1.0,7,53,Finished,7
1108,2004_17,massa,sauber,12,9,0.0,19,53,Finished,20
1109,2004_17,villeneuve,renault,7,10,0.0,9,52,+1 Lap,9
1110,2004_17,trulli,toyota,16,11,0.0,6,52,+1 Lap,6
1111,2004_17,klien,jaguar,15,12,0.0,14,52,+1 Lap,14
1112,2004_17,heidfeld,jordan,18,13,0.0,16,52,+1 Lap,16
1113,2004_17,panis,toyota,17,14,0.0,10,51,+2 Laps,10
1114,2004_17,glock,jordan,19,15,0.0,17,51,+2 Laps,17
1115,2004_17,bruni,minardi,20,16,0.0,18,50,+3 Laps,18
1116,2004_17,baumgartner,minardi,21,17,0.0,20,41,Spun off,19
1117,2004_17,coulthard,mclaren,5,18,0.0,8,38,Collision,8
1118,2004_17,barrichello,ferrari,2,19,0.0,15,38,Collision,15
1119,2004_17,webber,jaguar,14,20,0.0,3,20,Overheating,3
1120,2004_18,montoya,williams,3,1,10.0,2,71,Finished,2
1121,2004_18,raikkonen,mclaren,6,2,8.0,3,71,Finished,3
1122,2004_18,barrichello,ferrari,2,3,6.0,1,71,Finished,1
1123,2004_18,alonso,renault,8,4,5.0,8,71,Finished,9
1124,2004_18,ralf_schumacher,williams,4,5,4.0,7,71,Finished,7
1125,2004_18,sato,bar,10,6,3.0,6,71,Finished,6
1126,2004_18,michael_schumacher,ferrari,1,7,2.0,18,71,Finished,8
1127,2004_18,massa,sauber,12,8,1.0,4,71,Finished,4
1128,2004_18,fisichella,sauber,11,9,0.0,10,71,Finished,11
1129,2004_18,villeneuve,renault,7,10,0.0,13,70,+1 Lap,14
1130,2004_18,coulthard,mclaren,5,11,0.0,12,70,+1 Lap,13
1131,2004_18,trulli,toyota,16,12,0.0,9,70,+1 Lap,10
1132,2004_18,zonta,toyota,17,13,0.0,14,70,+1 Lap,15
1133,2004_18,klien,jaguar,15,14,0.0,15,69,+2 Laps,16
1134,2004_18,glock,jordan,19,15,0.0,17,69,+2 Laps,18
1135,2004_18,baumgartner,minardi,21,16,0.0,19,67,+4 Laps,19
1136,2004_18,bruni,minardi,20,17,0.0,20,67,+4 Laps,20
1137,2004_18,webber,jaguar,14,18,0.0,11,23,Collision,12
1138,2004_18,heidfeld,jordan,18,19,0.0,16,15,Clutch,17
1139,2004_18,button,bar,9,20,0.0,5,3,Engine,5
1140,2005_1,fisichella,renault,6,1,10.0,1,57,Finished,1
1141,2005_1,barrichello,ferrari,2,2,8.0,11,57,Finished,11
1142,2005_1,alonso,renault,5,3,6.0,13,57,Finished,13
1143,2005_1,coulthard,red_bull,14,4,5.0,5,57,Finished,5
1144,2005_1,webber,williams,7,5,4.0,3,57,Finished,3
1145,2005_1,montoya,mclaren,10,6,3.0,9,57,Finished,9
1146,2005_1,klien,red_bull,15,7,2.0,6,57,Finished,6
1147,2005_1,raikkonen,mclaren,9,8,1.0,10,57,Finished,10
1148,2005_1,trulli,toyota,16,9,0.0,2,57,Finished,2
1149,2005_1,massa,sauber,12,10,0.0,18,57,Finished,20
1150,2005_1,button,bar,3,11,0.0,8,56,+1 Lap,8
1151,2005_1,ralf_schumacher,toyota,17,12,0.0,15,56,+1 Lap,15
1152,2005_1,villeneuve,sauber,11,13,0.0,4,56,+1 Lap,4
1153,2005_1,sato,bar,4,14,0.0,20,55,+2 Laps,19
1154,2005_1,karthikeyan,jordan,19,15,0.0,12,55,+2 Laps,12
1155,2005_1,monteiro,jordan,18,16,0.0,14,55,+2 Laps,14
1156,2005_1,friesacher,minardi,20,17,0.0,16,55,+4 Laps,16
1157,2005_1,michael_schumacher,ferrari,1,18,0.0,19,42,Accident,18
1158,2005_1,heidfeld,williams,8,19,0.0,7,42,Accident,7
1159,2005_1,albers,minardi,21,20,0.0,17,16,Gearbox,17
1160,2005_2,alonso,renault,5,1,10.0,1,56,Finished,1
1161,2005_2,trulli,toyota,16,2,8.0,2,56,Finished,2
1162,2005_2,heidfeld,williams,8,3,6.0,10,56,Finished,10
1163,2005_2,montoya,mclaren,10,4,5.0,11,56,Finished,11
1164,2005_2,ralf_schumacher,toyota,17,5,4.0,5,56,Finished,5
1165,2005_2,coulthard,red_bull,14,6,3.0,8,56,Finished,8
1166,2005_2,michael_schumacher,ferrari,1,7,2.0,13,56,Finished,13
1167,2005_2,klien,red_bull,15,8,1.0,7,56,Finished,7
1168,2005_2,raikkonen,mclaren,9,9,0.0,6,56,Finished,6
1169,2005_2,massa,sauber,12,10,0.0,14,55,+1 Lap,14
1170,2005_2,karthikeyan,jordan,19,11,0.0,17,54,+2 Laps,17
1171,2005_2,monteiro,jordan,18,12,0.0,18,53,+3 Laps,18
1172,2005_2,albers,minardi,21,13,0.0,19,52,+4 Laps,20
1173,2005_2,barrichello,ferrari,2,14,0.0,12,49,Tyre,12
1174,2005_2,fisichella,renault,6,15,0.0,3,36,Collision,3
1175,2005_2,webber,williams,7,16,0.0,4,36,Collision,4
1176,2005_2,villeneuve,sauber,11,17,0.0,16,26,Spun off,16
1177,2005_2,button,bar,3,18,0.0,9,2,Engine,9
1178,2005_2,davidson,bar,4,19,0.0,15,2,Engine,15
1179,2005_2,friesacher,minardi,20,20,0.0,20,2,Spun off,19
1180,2005_3,alonso,renault,5,1,10.0,1,57,Finished,1
1181,2005_3,trulli,toyota,16,2,8.0,3,57,Finished,3
1182,2005_3,raikkonen,mclaren,9,3,6.0,9,57,Finished,9
1183,2005_3,ralf_schumacher,toyota,17,4,5.0,6,57,Finished,6
1184,2005_3,rosa,mclaren,10,5,4.0,8,57,Finished,8
1185,2005_3,webber,williams,7,6,3.0,5,57,Finished,5
1186,2005_3,massa,sauber,12,7,2.0,12,56,+1 Lap,12
1187,2005_3,coulthard,red_bull,14,8,1.0,14,56,+1 Lap,14
1188,2005_3,barrichello,ferrari,2,9,0.0,20,56,+1 Lap,15
1189,2005_3,monteiro,jordan,18,10,0.0,16,55,+2 Laps,17
1190,2005_3,villeneuve,sauber,11,11,0.0,15,54,Suspension,16
1191,2005_3,friesacher,minardi,20,12,0.0,19,54,+3 Laps,20
1192,2005_3,albers,minardi,21,13,0.0,18,53,+4 Laps,19
1193,2005_3,button,bar,3,14,0.0,11,46,Clutch,11
1194,2005_3,sato,bar,4,15,0.0,13,27,Brakes,13
1195,2005_3,heidfeld,williams,8,16,0.0,4,25,Engine,4
1196,2005_3,michael_schumacher,ferrari,1,17,0.0,2,12,Hydraulics,2
1197,2005_3,fisichella,renault,6,18,0.0,10,4,Engine,10
1198,2005_3,karthikeyan,jordan,19,19,0.0,17,2,Electrical,18
1199,2005_3,klien,red_bull,15,20,0.0,7,0,Electrical,7
1200,2005_4,alonso,renault,5,1,10.0,2,62,Finished,2
1201,2005_4,michael_schumacher,ferrari,1,2,8.0,13,62,Finished,14
1202,2005_4,wurz,mclaren,10,3,6.0,7,62,Finished,7
1203,2005_4,villeneuve,sauber,11,4,5.0,11,62,Finished,12
1204,2005_4,trulli,toyota,16,5,4.0,5,62,Finished,5
1205,2005_4,heidfeld,williams,8,6,3.0,8,62,Finished,9
1206,2005_4,webber,williams,7,7,2.0,4,62,Finished,4
1207,2005_4,liuzzi,red_bull,15,8,1.0,15,62,Finished,16
1208,2005_4,ralf_schumacher,toyota,17,9,0.0,10,62,Finished,11
1209,2005_4,massa,sauber,12,10,0.0,18,61,+1 Lap,8
1210,2005_4,coulthard,red_bull,14,11,0.0,14,61,+1 Lap,15
1211,2005_4,karthikeyan,jordan,19,12,0.0,16,61,+1 Lap,17
1212,2005_4,monteiro,jordan,18,13,0.0,17,60,+2 Laps,18
1213,2005_4,albers,minardi,21,14,0.0,20,20,Hydraulics,20
1214,2005_4,barrichello,ferrari,2,15,0.0,9,18,Electrical,10
1215,2005_4,raikkonen,mclaren,9,16,0.0,1,9,Driveshaft,1
1216,2005_4,friesacher,minardi,20,17,0.0,19,8,Clutch,19
1217,2005_4,fisichella,renault,6,18,0.0,12,5,Accident,13
1218,2005_4,button,bar,3,19,0.0,3,62,Disqualified,3
1219,2005_4,sato,bar,4,20,0.0,6,62,Disqualified,6
1220,2005_5,raikkonen,mclaren,9,1,10.0,1,66,Finished,1
1221,2005_5,alonso,renault,5,2,8.0,3,66,Finished,3
1222,2005_5,trulli,toyota,16,3,6.0,5,66,Finished,5
1223,2005_5,ralf_schumacher,toyota,17,4,5.0,4,66,Finished,4
1224,2005_5,fisichella,renault,6,5,4.0,6,66,Finished,6
1225,2005_5,webber,williams,7,6,3.0,2,66,Finished,2
1226,2005_5,montoya,mclaren,10,7,2.0,7,65,+1 Lap,7
1227,2005_5,coulthard,red_bull,14,8,1.0,9,65,+1 Lap,9
1228,2005_5,barrichello,ferrari,2,9,0.0,16,65,+1 Lap,18
1229,2005_5,heidfeld,williams,8,10,0.0,17,65,+1 Lap,17
1230,2005_5,massa,sauber,12,11,0.0,10,63,Wheel rim,10
1231,2005_5,monteiro,jordan,18,12,0.0,18,63,+3 Laps,14
1232,2005_5,karthikeyan,jordan,19,13,0.0,13,63,+3 Laps,13
1233,2005_5,villeneuve,sauber,11,14,0.0,12,51,Engine,12
1234,2005_5,michael_schumacher,ferrari,1,15,0.0,8,46,Puncture,8
1235,2005_5,albers,minardi,21,16,0.0,14,19,Gearbox,15
1236,2005_5,friesacher,minardi,20,17,0.0,15,11,Spun off,16
1237,2005_5,liuzzi,red_bull,15,18,0.0,11,9,Spun off,11
1238,2005_6,raikkonen,mclaren,9,1,10.0,1,78,Finished,1
1239,2005_6,heidfeld,williams,8,2,8.0,6,78,Finished,6
1240,2005_6,webber,williams,7,3,6.0,3,78,Finished,3
1241,2005_6,alonso,renault,5,4,5.0,2,78,Finished,2
1242,2005_6,montoya,mclaren,10,5,4.0,16,78,Finished,16
1243,2005_6,ralf_schumacher,toyota,17,6,3.0,18,78,Finished,18
1244,2005_6,michael_schumacher,ferrari,1,7,2.0,8,78,Finished,8
1245,2005_6,barrichello,ferrari,2,8,1.0,10,78,Finished,10
1246,2005_6,massa,sauber,12,9,0.0,11,77,+1 Lap,11
1247,2005_6,trulli,toyota,16,10,0.0,5,77,+1 Lap,5
1248,2005_6,villeneuve,sauber,11,11,0.0,9,77,+1 Lap,9
1249,2005_6,fisichella,renault,6,12,0.0,4,77,+1 Lap,4
1250,2005_6,monteiro,jordan,18,13,0.0,15,75,+3 Laps,15
1251,2005_6,albers,minardi,21,14,0.0,14,73,+5 Laps,14
1252,2005_6,liuzzi,red_bull,15,15,0.0,12,59,Accident,12
1253,2005_6,friesacher,minardi,20,16,0.0,13,29,Accident,13
1254,2005_6,coulthard,red_bull,14,17,0.0,7,23,Accident,7
1255,2005_6,karthikeyan,jordan,19,18,0.0,17,18,Hydraulics,17
1256,2005_7,alonso,renault,5,1,10.0,6,59,Finished,6
1257,2005_7,heidfeld,williams,8,2,8.0,1,59,Finished,1
1258,2005_7,barrichello,ferrari,2,3,6.0,7,59,Finished,7
1259,2005_7,coulthard,red_bull,14,4,5.0,12,59,Finished,12
1260,2005_7,michael_schumacher,ferrari,1,5,4.0,10,59,Finished,10
1261,2005_7,fisichella,renault,6,6,3.0,9,59,Finished,9
1262,2005_7,montoya,mclaren,10,7,2.0,5,59,Finished,5
1263,2005_7,trulli,toyota,16,8,1.0,4,59,Finished,4
1264,2005_7,liuzzi,red_bull,15,9,0.0,14,59,Finished,14
1265,2005_7,button,bar,3,10,0.0,13,59,Finished,13
1266,2005_7,raikkonen,mclaren,9,11,0.0,2,58,Accident,2
1267,2005_7,sato,bar,4,12,0.0,16,58,+1 Lap,16
1268,2005_7,villeneuve,sauber,11,13,0.0,15,58,+1 Lap,15
1269,2005_7,massa,sauber,12,14,0.0,11,58,+1 Lap,11
1270,2005_7,monteiro,jordan,18,15,0.0,17,58,+1 Lap,17
1271,2005_7,karthikeyan,jordan,19,16,0.0,19,58,+1 Lap,19
1272,2005_7,albers,minardi,21,17,0.0,20,57,+2 Laps,20
1273,2005_7,friesacher,minardi,20,18,0.0,18,56,+3 Laps,18
1274,2005_7,ralf_schumacher,toyota,17,19,0.0,8,33,Spun off,8
1275,2005_7,webber,williams,7,20,0.0,3,0,Accident,3
1276,2005_8,raikkonen,mclaren,9,1,10.0,7,70,Finished,7
1277,2005_8,michael_schumacher,ferrari,1,2,8.0,2,70,Finished,2
1278,2005_8,barrichello,ferrari,2,3,6.0,20,70,Finished,20
1279,2005_8,massa,sauber,12,4,5.0,11,70,Finished,11
1280,2005_8,webber,williams,7,5,4.0,14,70,Finished,14
1281,2005_8,ralf_schumacher,toyota,17,6,3.0,10,69,+1 Lap,10
1282,2005_8,coulthard,red_bull,14,7,2.0,12,69,+1 Lap,12
1283,2005_8,klien,red_bull,15,8,1.0,16,69,+1 Lap,16
1284,2005_8,villeneuve,sauber,11,9,0.0,8,69,+1 Lap,8
1285,2005_8,monteiro,jordan,18,10,0.0,18,67,+3 Laps,18
1286,2005_8,albers,minardi,21,11,0.0,15,67,+3 Laps,15
1287,2005_8,trulli,toyota,16,12,0.0,9,62,Brakes,9
1288,2005_8,button,bar,3,13,0.0,1,46,Accident,1
1289,2005_8,heidfeld,williams,8,14,0.0,13,43,Engine,13
1290,2005_8,sato,bar,4,15,0.0,6,40,Brakes,6
1291,2005_8,friesacher,minardi,20,16,0.0,19,39,Hydraulics,19
1292,2005_8,alonso,renault,5,17,0.0,3,38,Suspension,3
1293,2005_8,fisichella,renault,6,18,0.0,4,32,Hydraulics,4
1294,2005_8,karthikeyan,jordan,19,19,0.0,17,24,Suspension,17
1295,2005_8,montoya,mclaren,10,20,0.0,5,52,Disqualified,5
1296,2005_9,michael_schumacher,ferrari,1,1,10.0,5,73,Finished,5
1297,2005_9,barrichello,ferrari,2,2,8.0,7,73,Finished,7
1298,2005_9,monteiro,jordan,18,3,6.0,17,72,+1 Lap,17
1299,2005_9,karthikeyan,jordan,19,4,5.0,19,72,+1 Lap,19
1300,2005_9,albers,minardi,21,5,4.0,18,71,+2 Laps,18
1301,2005_9,friesacher,minardi,20,6,3.0,20,71,+2 Laps,20
1302,2005_9,trulli,toyota,16,7,0.0,1,0,Withdrew,1
1303,2005_9,raikkonen,mclaren,9,8,0.0,2,0,Withdrew,2
1304,2005_9,button,bar,3,9,0.0,3,0,Withdrew,3
1305,2005_9,fisichella,renault,6,10,0.0,4,0,Withdrew,4
1306,2005_9,alonso,renault,5,11,0.0,6,0,Withdrew,6
1307,2005_9,sato,bar,4,12,0.0,8,0,Withdrew,8
1308,2005_9,webber,williams,7,13,0.0,9,0,Withdrew,9
1309,2005_9,massa,sauber,12,14,0.0,10,0,Withdrew,10
1310,2005_9,montoya,mclaren,10,15,0.0,11,0,Withdrew,11
1311,2005_9,villeneuve,sauber,11,16,0.0,12,0,Withdrew,12
1312,2005_9,zonta,toyota,17,17,0.0,13,0,Withdrew,13
1313,2005_9,klien,red_bull,15,18,0.0,14,0,Withdrew,14
1314,2005_9,heidfeld,williams,8,19,0.0,15,0,Withdrew,15
1315,2005_9,coulthard,red_bull,14,20,0.0,16,0,Withdrew,16
1316,2005_10,alonso,renault,5,1,10.0,1,70,Finished,1
1317,2005_10,raikkonen,mclaren,9,2,8.0,13,70,Finished,3
1318,2005_10,michael_schumacher,ferrari,1,3,6.0,3,70,Finished,4
1319,2005_10,button,bar,3,4,5.0,7,69,+1 Lap,8
1320,2005_10,trulli,toyota,16,5,4.0,2,69,+1 Lap,2
1321,2005_10,fisichella,renault,6,6,3.0,6,69,+1 Lap,7
1322,2005_10,ralf_schumacher,toyota,17,7,2.0,11,69,+1 Lap,12
1323,2005_10,villeneuve,sauber,11,8,1.0,10,69,+1 Lap,11
1324,2005_10,barrichello,ferrari,2,9,0.0,5,69,+1 Lap,6
1325,2005_10,coulthard,red_bull,14,10,0.0,15,69,+1 Lap,15
1326,2005_10,sato,bar,4,11,0.0,4,69,+1 Lap,5
1327,2005_10,webber,williams,7,12,0.0,12,68,+2 Laps,13
1328,2005_10,monteiro,jordan,18,13,0.0,19,67,+3 Laps,19
1329,2005_10,heidfeld,williams,8,14,0.0,14,66,+4 Laps,14
1330,2005_10,karthikeyan,jordan,19,15,0.0,17,66,+4 Laps,17
1331,2005_10,montoya,mclaren,10,16,0.0,8,46,Engine,9
1332,2005_10,albers,minardi,21,17,0.0,20,37,Puncture,20
1333,2005_10,friesacher,minardi,20,18,0.0,18,33,Puncture,18
1334,2005_10,massa,sauber,12,19,0.0,9,30,Hydraulics,10
1335,2005_10,klien,red_bull,15,20,0.0,16,1,Fuel pressure,16
1336,2005_11,montoya,mclaren,10,1,10.0,3,60,Finished,4
1337,2005_11,alonso,renault,5,2,8.0,1,60,Finished,1
1338,2005_11,raikkonen,mclaren,9,3,6.0,12,60,Finished,2
1339,2005_11,fisichella,renault,6,4,5.0,6,60,Finished,7
1340,2005_11,button,bar,3,5,4.0,2,60,Finished,3
1341,2005_11,michael_schumacher,ferrari,1,6,3.0,9,60,Finished,10
1342,2005_11,barrichello,ferrari,2,7,2.0,5,60,Finished,6
1343,2005_11,ralf_schumacher,toyota,17,8,1.0,8,60,Finished,9
1344,2005_11,trulli,toyota,16,9,0.0,4,60,Finished,5
1345,2005_11,massa,sauber,12,10,0.0,16,59,+1 Lap,16
1346,2005_11,webber,williams,7,11,0.0,11,59,+1 Lap,12
1347,2005_11,heidfeld,williams,8,12,0.0,14,59,+1 Lap,14
1348,2005_11,coulthard,red_bull,14,13,0.0,13,59,+1 Lap,13
1349,2005_11,villeneuve,sauber,11,14,0.0,10,59,+1 Lap,11
1350,2005_11,klien,red_bull,15,15,0.0,15,59,+1 Lap,15
1351,2005_11,sato,bar,4,16,0.0,7,58,+2 Laps,8
1352,2005_11,monteiro,jordan,18,17,0.0,20,58,+2 Laps,20
1353,2005_11,albers,minardi,21,18,0.0,18,57,+3 Laps,18
1354,2005_11,friesacher,minardi,20,19,0.0,19,56,+4 Laps,19
1355,2005_11,karthikeyan,jordan,19,20,0.0,17,10,Electrical,17
1356,2005_12,alonso,renault,5,1,10.0,3,67,Finished,3
1357,2005_12,montoya,mclaren,10,2,8.0,20,67,Finished,19
1358,2005_12,button,bar,3,3,6.0,2,67,Finished,2
1359,2005_12,fisichella,renault,6,4,5.0,4,67,Finished,4
1360,2005_12,michael_schumacher,ferrari,1,5,4.0,5,67,Finished,5
1361,2005_12,ralf_schumacher,toyota,17,6,3.0,12,67,Finished,12
1362,2005_12,coulthard,red_bull,14,7,2.0,11,67,Finished,11
1363,2005_12,massa,sauber,12,8,1.0,13,67,Finished,13
1364,2005_12,klien,red_bull,15,9,0.0,10,67,Finished,10
1365,2005_12,barrichello,ferrari,2,10,0.0,15,66,+1 Lap,15
1366,2005_12,heidfeld,williams,8,11,0.0,7,66,+1 Lap,7
1367,2005_12,sato,bar,4,12,0.0,8,66,+1 Lap,8
1368,2005_12,albers,minardi,21,13,0.0,16,65,+2 Laps,16
1369,2005_12,trulli,toyota,16,14,0.0,9,64,+3 Laps,9
1370,2005_12,villeneuve,sauber,11,15,0.0,14,64,+3 Laps,14
1371,2005_12,karthikeyan,jordan,19,16,0.0,19,64,+3 Laps,20
1372,2005_12,monteiro,jordan,18,17,0.0,18,64,+3 Laps,18
1373,2005_12,doornbos,minardi,20,18,0.0,17,63,+4 Laps,17
1374,2005_12,webber,williams,7,19,0.0,6,55,+12 Laps,6
1375,2005_12,raikkonen,mclaren,9,20,0.0,1,32,Hydraulics,1
1376,2005_13,raikkonen,mclaren,9,1,10.0,4,70,Finished,4
1377,2005_13,michael_schumacher,ferrari,1,2,8.0,1,70,Finished,1
1378,2005_13,ralf_schumacher,toyota,17,3,6.0,5,70,Finished,5
1379,2005_13,trulli,toyota,16,4,5.0,3,70,Finished,3
1380,2005_13,button,bar,3,5,4.0,8,70,Finished,8
1381,2005_13,heidfeld,williams,8,6,3.0,12,70,Finished,12
1382,2005_13,webber,williams,7,7,2.0,16,69,+1 Lap,16
1383,2005_13,sato,bar,4,8,1.0,10,69,+1 Lap,10
1384,2005_13,fisichella,renault,6,9,0.0,9,69,+1 Lap,9
1385,2005_13,barrichello,ferrari,2,10,0.0,7,69,+1 Lap,7
1386,2005_13,alonso,renault,5,11,0.0,6,69,+1 Lap,6
1387,2005_13,karthikeyan,jordan,19,12,0.0,18,67,+3 Laps,18
1388,2005_13,monteiro,jordan,18,13,0.0,20,66,+4 Laps,20
1389,2005_13,massa,sauber,12,14,0.0,14,63,+7 Laps,14
1390,2005_13,albers,minardi,21,15,0.0,17,59,+11 Laps,17
1391,2005_13,villeneuve,sauber,11,16,0.0,15,56,Engine fire,15
1392,2005_13,montoya,mclaren,10,17,0.0,2,41,Driveshaft,2
1393,2005_13,doornbos,minardi,20,18,0.0,19,26,Hydraulics,19
1394,2005_13,coulthard,red_bull,14,19,0.0,13,0,Accident,13
1395,2005_13,klien,red_bull,15,20,0.0,11,0,Accident,11
1396,2005_14,raikkonen,mclaren,9,1,10.0,1,58,Finished,1
1397,2005_14,alonso,renault,5,2,8.0,3,58,Finished,3
1398,2005_14,montoya,mclaren,10,3,6.0,4,58,Finished,4
1399,2005_14,fisichella,renault,6,4,5.0,2,58,Finished,2
1400,2005_14,button,bar,3,5,4.0,13,58,Finished,13
1401,2005_14,trulli,toyota,16,6,3.0,5,58,Finished,5
1402,2005_14,coulthard,red_bull,14,7,2.0,12,58,Finished,12
1403,2005_14,klien,red_bull,15,8,1.0,10,58,Finished,10
1404,2005_14,sato,bar,4,9,0.0,20,58,Finished,14
1405,2005_14,barrichello,ferrari,2,10,0.0,11,57,+1 Lap,11
1406,2005_14,villeneuve,sauber,11,11,0.0,16,57,+1 Lap,18
1407,2005_14,ralf_schumacher,toyota,17,12,0.0,9,57,+1 Lap,9
1408,2005_14,doornbos,minardi,20,13,0.0,17,55,+3 Laps,17
1409,2005_14,karthikeyan,jordan,19,14,0.0,18,55,+3 Laps,19
1410,2005_14,monteiro,jordan,18,15,0.0,14,55,+3 Laps,15
1411,2005_14,albers,minardi,21,16,0.0,15,48,Retired,16
1412,2005_14,michael_schumacher,ferrari,1,17,0.0,19,32,Retired,20
1413,2005_14,heidfeld,williams,8,18,0.0,6,29,Tyre,6
1414,2005_14,massa,sauber,12,19,0.0,8,28,Engine,8
1415,2005_14,webber,williams,7,20,0.0,7,20,Tyre,7
1416,2005_15,montoya,mclaren,10,1,10.0,1,53,Finished,2
1417,2005_15,alonso,renault,5,2,8.0,2,53,Finished,3
1418,2005_15,fisichella,renault,6,3,6.0,8,53,Finished,9
1419,2005_15,raikkonen,mclaren,9,4,5.0,11,53,Finished,1
1420,2005_15,trulli,toyota,16,5,4.0,5,53,Finished,6
1421,2005_15,ralf_schumacher,toyota,17,6,3.0,9,53,Finished,10
1422,2005_15,pizzonia,williams,8,7,2.0,16,53,Finished,16
1423,2005_15,button,bar,3,8,1.0,3,53,Finished,4
1424,2005_15,massa,sauber,12,9,0.0,15,53,Finished,15
1425,2005_15,michael_schumacher,ferrari,1,10,0.0,6,53,Finished,7
1426,2005_15,villeneuve,sauber,11,11,0.0,12,52,+1 Lap,12
1427,2005_15,barrichello,ferrari,2,12,0.0,7,52,+1 Lap,8
1428,2005_15,klien,red_bull,15,13,0.0,13,52,+1 Lap,13
1429,2005_15,webber,williams,7,14,0.0,14,52,+1 Lap,14
1430,2005_15,coulthard,red_bull,14,15,0.0,10,52,+1 Lap,11
1431,2005_15,sato,bar,4,16,0.0,4,52,+1 Lap,5
1432,2005_15,monteiro,jordan,18,17,0.0,17,51,+2 Laps,17
1433,2005_15,doornbos,minardi,20,18,0.0,18,51,+2 Laps,18
1434,2005_15,albers,minardi,21,19,0.0,20,51,+2 Laps,20
1435,2005_15,karthikeyan,jordan,19,20,0.0,19,50,+3 Laps,19
1436,2005_16,raikkonen,mclaren,9,1,10.0,2,44,Finished,2
1437,2005_16,alonso,renault,5,2,8.0,4,44,Finished,5
1438,2005_16,button,bar,3,3,6.0,8,44,Finished,9
1439,2005_16,webber,williams,7,4,5.0,9,44,Finished,10
1440,2005_16,barrichello,ferrari,2,5,4.0,12,44,Finished,13
1441,2005_16,villeneuve,sauber,11,6,3.0,14,44,Finished,14
1442,2005_16,ralf_schumacher,toyota,17,7,2.0,5,44,Finished,6
1443,2005_16,monteiro,jordan,18,8,1.0,19,43,+1 Lap,19
1444,2005_16,klien,red_bull,15,9,0.0,16,43,+1 Lap,16
1445,2005_16,massa,sauber,12,10,0.0,7,43,+1 Lap,8
1446,2005_16,karthikeyan,jordan,19,11,0.0,20,43,+1 Lap,20
1447,2005_16,albers,minardi,21,12,0.0,18,42,+2 Laps,18
1448,2005_16,doornbos,minardi,20,13,0.0,17,41,+3 Laps,17
1449,2005_16,montoya,mclaren,10,14,0.0,1,40,Collision,1
1450,2005_16,pizzonia,williams,8,15,0.0,15,39,Collision,15
1451,2005_16,trulli,toyota,16,16,0.0,3,34,Accident,4
1452,2005_16,coulthard,red_bull,14,17,0.0,11,18,Engine,12
1453,2005_16,michael_schumacher,ferrari,1,18,0.0,6,13,Accident,7
1454,2005_16,sato,bar,4,19,0.0,10,13,Accident,11
1455,2005_16,fisichella,renault,6,20,0.0,13,10,Accident,3
1456,2005_17,montoya,mclaren,10,1,10.0,2,71,Finished,2
1457,2005_17,raikkonen,mclaren,9,2,8.0,5,71,Finished,5
1458,2005_17,alonso,renault,5,3,6.0,1,71,Finished,1
1459,2005_17,michael_schumacher,ferrari,1,4,5.0,7,71,Finished,7
1460,2005_17,fisichella,renault,6,5,4.0,3,71,Finished,3
1461,2005_17,barrichello,ferrari,2,6,3.0,9,71,Finished,10
1462,2005_17,button,bar,3,7,2.0,4,70,+1 Lap,4
1463,2005_17,ralf_schumacher,toyota,17,8,1.0,10,70,+1 Lap,11
1464,2005_17,klien,red_bull,15,9,0.0,6,70,+1 Lap,6
1465,2005_17,sato,bar,4,10,0.0,19,70,+1 Lap,19
1466,2005_17,massa,sauber,12,11,0.0,8,70,+1 Lap,9
1467,2005_17,villeneuve,sauber,11,12,0.0,20,70,+1 Lap,12
1468,2005_17,trulli,toyota,16,13,0.0,17,69,+2 Laps,8
1469,2005_17,albers,minardi,21,14,0.0,16,69,+2 Laps,18
1470,2005_17,karthikeyan,jordan,19,15,0.0,15,68,+3 Laps,17
1471,2005_17,monteiro,jordan,18,16,0.0,11,55,Mechanical,13
1472,2005_17,webber,williams,7,17,0.0,12,45,+26 Laps,14
1473,2005_17,doornbos,minardi,20,18,0.0,18,34,Engine,20
1474,2005_17,pizzonia,williams,8,19,0.0,13,0,Accident,15
1475,2005_17,coulthard,red_bull,14,20,0.0,14,0,Accident,16
1476,2005_18,raikkonen,mclaren,9,1,10.0,17,53,Finished,17
1477,2005_18,fisichella,renault,6,2,8.0,3,53,Finished,3
1478,2005_18,alonso,renault,5,3,6.0,16,53,Finished,16
1479,2005_18,webber,williams,7,4,5.0,7,53,Finished,7
1480,2005_18,button,bar,3,5,4.0,2,53,Finished,2
1481,2005_18,coulthard,red_bull,14,6,3.0,6,53,Finished,6
1482,2005_18,michael_schumacher,ferrari,1,7,2.0,14,53,Finished,14
1483,2005_18,ralf_schumacher,toyota,17,8,1.0,1,53,Finished,1
1484,2005_18,klien,red_bull,15,9,0.0,4,53,Finished,4
1485,2005_18,massa,sauber,12,10,0.0,10,53,Finished,10
1486,2005_18,barrichello,ferrari,2,11,0.0,9,53,Finished,9
1487,2005_18,villeneuve,sauber,11,12,0.0,8,53,Finished,8
1488,2005_18,monteiro,jordan,18,13,0.0,20,52,+1 Lap,20
1489,2005_18,doornbos,minardi,20,14,0.0,15,51,+2 Laps,15
1490,2005_18,karthikeyan,jordan,19,15,0.0,11,51,+2 Laps,11
1491,2005_18,albers,minardi,21,16,0.0,13,49,+4 Laps,13
1492,2005_18,pizzonia,williams,8,17,0.0,12,9,Accident,12
1493,2005_18,trulli,toyota,16,18,0.0,19,9,Accident,19
1494,2005_18,montoya,mclaren,10,19,0.0,18,0,Accident,18
1495,2005_18,sato,bar,4,20,0.0,5,52,Disqualified,5
1496,2005_19,alonso,renault,5,1,10.0,1,56,Finished,1
1497,2005_19,raikkonen,mclaren,9,2,8.0,3,56,Finished,3
1498,2005_19,ralf_schumacher,toyota,17,3,6.0,9,56,Finished,9
1499,2005_19,fisichella,renault,6,4,5.0,2,56,Finished,2
1500,2005_19,klien,red_bull,15,5,4.0,14,56,Finished,14
1501,2005_19,massa,sauber,12,6,3.0,11,56,Finished,11
1502,2005_19,webber,williams,7,7,2.0,10,56,Finished,10
1503,2005_19,button,bar,3,8,1.0,4,56,Finished,4
1504,2005_19,coulthard,red_bull,14,9,0.0,7,56,Finished,7
1505,2005_19,villeneuve,sauber,11,10,0.0,16,56,Finished,16
1506,2005_19,monteiro,jordan,18,11,0.0,19,56,Finished,19
1507,2005_19,barrichello,ferrari,2,12,0.0,8,56,Finished,8
1508,2005_19,pizzonia,williams,8,13,0.0,13,55,Tyre puncture,13
1509,2005_19,doornbos,minardi,20,14,0.0,20,55,Out of fuel,20
1510,2005_19,trulli,toyota,16,15,0.0,12,55,+1 Lap,12
1511,2005_19,albers,minardi,21,16,0.0,18,50,Wheel nut,18
1512,2005_19,sato,bar,4,17,0.0,17,34,Gearbox,17
1513,2005_19,karthikeyan,jordan,19,18,0.0,15,28,Accident,15
1514,2005_19,montoya,mclaren,10,19,0.0,5,24,Engine,5
1515,2005_19,michael_schumacher,ferrari,1,20,0.0,6,20,Spun off,6
1516,2006_1,alonso,renault,1,1,10.0,4,57,Finished,4
1517,2006_1,michael_schumacher,ferrari,5,2,8.0,1,57,Finished,1
1518,2006_1,raikkonen,mclaren,3,3,6.0,22,57,Finished,22
1519,2006_1,button,honda,12,4,5.0,3,57,Finished,3
1520,2006_1,montoya,mclaren,4,5,4.0,5,57,Finished,5
1521,2006_1,webber,williams,9,6,3.0,7,57,Finished,7
1522,2006_1,rosberg,williams,10,7,2.0,12,57,Finished,12
1523,2006_1,klien,red_bull,15,8,1.0,8,57,Finished,8
1524,2006_1,massa,ferrari,6,9,0.0,2,57,Finished,2
1525,2006_1,coulthard,red_bull,14,10,0.0,13,57,Finished,13
1526,2006_1,liuzzi,toro_rosso,20,11,0.0,15,57,Finished,15
1527,2006_1,heidfeld,bmw_sauber,16,12,0.0,10,56,+1 Lap,10
1528,2006_1,speed,toro_rosso,21,13,0.0,16,56,+1 Lap,16
1529,2006_1,ralf_schumacher,toyota,7,14,0.0,17,56,+1 Lap,17
1530,2006_1,barrichello,honda,11,15,0.0,6,56,+1 Lap,6
1531,2006_1,trulli,toyota,8,16,0.0,14,56,+1 Lap,14
1532,2006_1,monteiro,mf1,18,17,0.0,19,55,+2 Laps,19
1533,2006_1,sato,super_aguri,22,18,0.0,20,53,+4 Laps,20
1534,2006_1,ide,super_aguri,23,19,0.0,21,35,Mechanical,21
1535,2006_1,villeneuve,bmw_sauber,17,20,0.0,11,29,Engine,11
1536,2006_1,fisichella,renault,2,21,0.0,9,21,Hydraulics,9
1537,2006_1,albers,mf1,19,22,0.0,18,0,Driveshaft,18
1538,2006_2,fisichella,renault,2,1,10.0,1,56,Finished,1
1539,2006_2,alonso,renault,1,2,8.0,7,56,Finished,8
1540,2006_2,button,honda,12,3,6.0,2,56,Finished,2
1541,2006_2,montoya,mclaren,4,4,5.0,5,56,Finished,6
1542,2006_2,massa,ferrari,6,5,4.0,21,56,Finished,16
1543,2006_2,michael_schumacher,ferrari,5,6,3.0,14,56,Finished,4
1544,2006_2,villeneuve,bmw_sauber,17,7,2.0,10,56,Finished,14
1545,2006_2,ralf_schumacher,toyota,7,8,1.0,22,56,Finished,10
1546,2006_2,trulli,toyota,8,9,0.0,9,55,+1 Lap,13
1547,2006_2,barrichello,honda,11,10,0.0,20,55,+1 Lap,12
1548,2006_2,liuzzi,toro_rosso,20,11,0.0,13,54,+2 Laps,18
1549,2006_2,albers,mf1,19,12,0.0,15,54,+2 Laps,19
1550,2006_2,monteiro,mf1,18,13,0.0,16,54,+2 Laps,20
1551,2006_2,sato,super_aguri,22,14,0.0,17,53,+3 Laps,21
1552,2006_2,heidfeld,bmw_sauber,16,15,0.0,11,48,Engine,15
1553,2006_2,speed,toro_rosso,21,16,0.0,12,41,Clutch,17
1554,2006_2,ide,super_aguri,23,17,0.0,18,33,Mechanical,22
1555,2006_2,klien,red_bull,15,18,0.0,8,26,Hydraulics,9
1556,2006_2,webber,williams,9,19,0.0,4,15,Hydraulics,5
1557,2006_2,coulthard,red_bull,14,20,0.0,19,10,Hydraulics,11
1558,2006_2,rosberg,williams,10,21,0.0,3,6,Engine,3
1559,2006_2,raikkonen,mclaren,3,22,0.0,6,0,Accident,7
1560,2006_3,alonso,renault,1,1,10.0,3,57,Finished,3
1561,2006_3,raikkonen,mclaren,3,2,8.0,4,57,Finished,4
1562,2006_3,ralf_schumacher,toyota,7,3,6.0,6,57,Finished,6
1563,2006_3,heidfeld,bmw_sauber,16,4,5.0,8,57,Finished,8
1564,2006_3,fisichella,renault,2,5,4.0,2,57,Finished,2
1565,2006_3,villeneuve,bmw_sauber,17,6,3.0,19,57,Finished,9
1566,2006_3,barrichello,honda,11,7,2.0,16,57,Finished,17
1567,2006_3,coulthard,red_bull,14,8,1.0,11,57,Finished,12
1568,2006_3,speed,toro_rosso,21,9,0.0,18,57,Finished,19
1569,2006_3,button,honda,12,10,0.0,1,56,+1 Lap,1
1570,2006_3,albers,mf1,19,11,0.0,17,56,+1 Lap,18
1571,2006_3,sato,super_aguri,22,12,0.0,21,55,+2 Laps,21
1572,2006_3,ide,super_aguri,23,13,0.0,22,54,+3 Laps,22
1573,2006_3,montoya,mclaren,4,14,0.0,5,46,Electrical,5
1574,2006_3,monteiro,mf1,18,15,0.0,20,39,Mechanical,20
1575,2006_3,liuzzi,toro_rosso,20,16,0.0,12,37,Accident,13
1576,2006_3,michael_schumacher,ferrari,5,17,0.0,10,32,Accident,11
1577,2006_3,webber,williams,9,18,0.0,7,22,Transmission,7
1578,2006_3,klien,red_bull,15,19,0.0,13,4,Accident,14
1579,2006_3,trulli,toyota,8,20,0.0,9,0,Accident,10
1580,2006_3,rosberg,williams,10,21,0.0,14,0,Accident,15
1581,2006_3,massa,ferrari,6,22,0.0,15,0,Accident,16
1582,2006_4,michael_schumacher,ferrari,5,1,10.0,1,62,Finished,1
1583,2006_4,alonso,renault,1,2,8.0,5,62,Finished,5
1584,2006_4,montoya,mclaren,4,3,6.0,7,62,Finished,7
1585,2006_4,massa,ferrari,6,4,5.0,4,62,Finished,4
1586,2006_4,raikkonen,mclaren,3,5,4.0,8,62,Finished,8
1587,2006_4,webber,williams,9,6,3.0,10,62,Finished,10
1588,2006_4,button,honda,12,7,2.0,2,62,Finished,2
1589,2006_4,fisichella,renault,2,8,1.0,11,62,Finished,11
1590,2006_4,ralf_schumacher,toyota,7,9,0.0,6,62,Finished,6
1591,2006_4,barrichello,honda,11,10,0.0,3,62,Finished,3
1592,2006_4,rosberg,williams,10,11,0.0,13,62,Finished,13
1593,2006_4,villeneuve,bmw_sauber,17,12,0.0,12,62,Finished,12
1594,2006_4,heidfeld,bmw_sauber,16,13,0.0,15,61,+1 Lap,15
1595,2006_4,liuzzi,toro_rosso,20,14,0.0,16,61,+1 Lap,16
1596,2006_4,speed,toro_rosso,21,15,0.0,18,61,+1 Lap,18
1597,2006_4,monteiro,mf1,18,16,0.0,19,60,+2 Laps,19
1598,2006_4,coulthard,red_bull,14,17,0.0,14,47,Driveshaft,14
1599,2006_4,sato,super_aguri,22,18,0.0,21,44,Spun off,21
1600,2006_4,klien,red_bull,15,19,0.0,17,40,Hydraulics,17
1601,2006_4,ide,super_aguri,23,20,0.0,22,23,Suspension,22
1602,2006_4,trulli,toyota,8,21,0.0,9,5,Steering,9
1603,2006_4,albers,mf1,19,22,0.0,20,0,Accident,20
1604,2006_5,michael_schumacher,ferrari,5,1,10.0,2,60,Finished,2
1605,2006_5,alonso,renault,1,2,8.0,1,60,Finished,1
1606,2006_5,massa,ferrari,6,3,6.0,3,60,Finished,3
1607,2006_5,raikkonen,mclaren,3,4,5.0,5,60,Finished,5
1608,2006_5,barrichello,honda,11,5,4.0,4,60,Finished,4
1609,2006_5,fisichella,renault,2,6,3.0,11,60,Finished,13
1610,2006_5,rosberg,williams,10,7,2.0,22,60,Finished,12
1611,2006_5,villeneuve,bmw_sauber,17,8,1.0,9,60,Finished,8
1612,2006_5,trulli,toyota,8,9,0.0,7,59,+1 Lap,7
1613,2006_5,heidfeld,bmw_sauber,16,10,0.0,13,59,+1 Lap,15
1614,2006_5,speed,toro_rosso,21,11,0.0,17,59,+1 Lap,19
1615,2006_5,monteiro,mf1,18,12,0.0,18,59,+1 Lap,20
1616,2006_5,albers,mf1,19,13,0.0,16,59,+1 Lap,18
1617,2006_5,ralf_schumacher,toyota,7,14,0.0,10,52,Engine,11
1618,2006_5,montoya,mclaren,4,15,0.0,8,52,Engine,9
1619,2006_5,sato,super_aguri,22,16,0.0,20,45,Hydraulics,21
1620,2006_5,montagny,super_aguri,23,17,0.0,21,29,Hydraulics,22
1621,2006_5,button,honda,12,18,0.0,6,28,Engine,6
1622,2006_5,klien,red_bull,15,19,0.0,15,28,Gearbox,17
1623,2006_5,webber,williams,9,20,0.0,19,12,Hydraulics,10
1624,2006_5,coulthard,red_bull,14,21,0.0,12,2,Accident,14
1625,2006_5,liuzzi,toro_rosso,20,22,0.0,14,0,Accident,16
1626,2006_6,alonso,renault,1,1,10.0,1,66,Finished,1
1627,2006_6,michael_schumacher,ferrari,5,2,8.0,3,66,Finished,3
1628,2006_6,fisichella,renault,2,3,6.0,2,66,Finished,2
1629,2006_6,massa,ferrari,6,4,5.0,4,66,Finished,4
1630,2006_6,raikkonen,mclaren,3,5,4.0,9,66,Finished,9
1631,2006_6,button,honda,12,6,3.0,8,66,Finished,8
1632,2006_6,barrichello,honda,11,7,2.0,5,65,+1 Lap,5
1633,2006_6,heidfeld,bmw_sauber,16,8,1.0,10,65,+1 Lap,10
1634,2006_6,webber,williams,9,9,0.0,11,65,+1 Lap,11
1635,2006_6,trulli,toyota,8,10,0.0,7,65,+1 Lap,7
1636,2006_6,rosberg,williams,10,11,0.0,13,65,+1 Lap,13
1637,2006_6,villeneuve,bmw_sauber,17,12,0.0,22,65,+1 Lap,14
1638,2006_6,klien,red_bull,15,13,0.0,14,65,+1 Lap,15
1639,2006_6,coulthard,red_bull,14,14,0.0,21,65,+1 Lap,22
1640,2006_6,liuzzi,toro_rosso,20,15,0.0,15,63,Hydraulics,16
1641,2006_6,monteiro,mf1,18,16,0.0,17,63,+3 Laps,18
1642,2006_6,sato,super_aguri,22,17,0.0,19,62,+4 Laps,20
1643,2006_6,albers,mf1,19,18,0.0,18,48,Broken wing,19
1644,2006_6,speed,toro_rosso,21,19,0.0,16,47,Engine,17
1645,2006_6,ralf_schumacher,toyota,7,20,0.0,6,31,Electronics,6
1646,2006_6,montoya,mclaren,4,21,0.0,12,17,Spun off,12
1647,2006_6,montagny,super_aguri,23,22,0.0,20,10,Driveshaft,21
1648,2006_7,alonso,renault,1,1,10.0,1,78,Finished,1
1649,2006_7,montoya,mclaren,4,2,8.0,4,78,Finished,4
1650,2006_7,coulthard,red_bull,14,3,6.0,7,78,Finished,7
1651,2006_7,barrichello,honda,11,4,5.0,5,78,Finished,5
1652,2006_7,michael_schumacher,ferrari,5,5,4.0,22,78,Finished,22
1653,2006_7,fisichella,renault,2,6,3.0,9,78,Finished,9
1654,2006_7,heidfeld,bmw_sauber,16,7,2.0,15,77,+1 Lap,15
1655,2006_7,ralf_schumacher,toyota,7,8,1.0,10,77,+1 Lap,10
1656,2006_7,massa,ferrari,6,9,0.0,21,77,+1 Lap,21
1657,2006_7,liuzzi,toro_rosso,20,10,0.0,12,77,+1 Lap,12
1658,2006_7,button,honda,12,11,0.0,13,77,+1 Lap,13
1659,2006_7,albers,mf1,19,12,0.0,16,77,+1 Lap,16
1660,2006_7,speed,toro_rosso,21,13,0.0,18,77,+1 Lap,18
1661,2006_7,villeneuve,bmw_sauber,17,14,0.0,14,77,+1 Lap,14
1662,2006_7,monteiro,mf1,18,15,0.0,17,76,+2 Laps,17
1663,2006_7,montagny,super_aguri,23,16,0.0,20,75,+3 Laps,20
1664,2006_7,trulli,toyota,8,17,0.0,6,72,Hydraulics,6
1665,2006_7,klien,red_bull,15,18,0.0,11,56,Transmission,11
1666,2006_7,rosberg,williams,10,19,0.0,8,51,Accident,8
1667,2006_7,raikkonen,mclaren,3,20,0.0,3,50,Heat shield fire,3
1668,2006_7,webber,williams,9,21,0.0,2,48,Exhaust,2
1669,2006_7,sato,super_aguri,22,22,0.0,19,46,Electrical,19
1670,2006_8,alonso,renault,1,1,10.0,1,60,Finished,1
1671,2006_8,michael_schumacher,ferrari,5,2,8.0,3,60,Finished,3
1672,2006_8,raikkonen,mclaren,3,3,6.0,2,60,Finished,2
1673,2006_8,fisichella,renault,2,4,5.0,5,60,Finished,5
1674,2006_8,massa,ferrari,6,5,4.0,4,60,Finished,4
1675,2006_8,montoya,mclaren,4,6,3.0,8,60,Finished,8
1676,2006_8,heidfeld,bmw_sauber,16,7,2.0,9,60,Finished,9
1677,2006_8,villeneuve,bmw_sauber,17,8,1.0,10,60,Finished,10
1678,2006_8,rosberg,williams,10,9,0.0,12,60,Finished,12
1679,2006_8,barrichello,honda,11,10,0.0,6,59,+1 Lap,6
1680,2006_8,trulli,toyota,8,11,0.0,22,59,+1 Lap,22
1681,2006_8,coulthard,red_bull,14,12,0.0,11,59,+1 Lap,11
1682,2006_8,liuzzi,toro_rosso,20,13,0.0,13,59,+1 Lap,13
1683,2006_8,klien,red_bull,15,14,0.0,14,59,+1 Lap,14
1684,2006_8,albers,mf1,19,15,0.0,18,59,+1 Lap,18
1685,2006_8,monteiro,mf1,18,16,0.0,16,58,+2 Laps,16
1686,2006_8,sato,super_aguri,22,17,0.0,20,57,+3 Laps,20
1687,2006_8,montagny,super_aguri,23,18,0.0,21,57,+3 Laps,21
1688,2006_8,button,honda,12,19,0.0,19,8,Oil leak,19
1689,2006_8,speed,toro_rosso,21,20,0.0,15,1,Accident,15
1690,2006_8,ralf_schumacher,toyota,7,21,0.0,7,0,Accident,7
1691,2006_8,webber,williams,9,22,0.0,17,0,Accident,17
1692,2006_9,alonso,renault,1,1,10.0,1,70,Finished,1
1693,2006_9,michael_schumacher,ferrari,5,2,8.0,5,70,Finished,5
1694,2006_9,raikkonen,mclaren,3,3,6.0,3,70,Finished,3
1695,2006_9,fisichella,renault,2,4,5.0,2,70,Finished,2
1696,2006_9,massa,ferrari,6,5,4.0,10,70,Finished,10
1697,2006_9,trulli,toyota,8,6,3.0,4,69,+1 Lap,4
1698,2006_9,heidfeld,bmw_sauber,16,7,2.0,13,69,+1 Lap,13
1699,2006_9,coulthard,red_bull,14,8,1.0,22,69,+1 Lap,16
1700,2006_9,button,honda,12,9,0.0,8,69,+1 Lap,8
1701,2006_9,speed,toro_rosso,21,10,0.0,17,69,+1 Lap,18
1702,2006_9,klien,red_bull,15,11,0.0,12,69,+1 Lap,12
1703,2006_9,webber,williams,9,12,0.0,16,69,+1 Lap,17
1704,2006_9,liuzzi,toro_rosso,20,13,0.0,15,68,+2 Laps,15
1705,2006_9,monteiro,mf1,18,14,0.0,18,66,+4 Laps,19
1706,2006_9,sato,super_aguri,22,15,0.0,20,64,Accident,21
1707,2006_9,villeneuve,bmw_sauber,17,16,0.0,11,58,Accident,11
1708,2006_9,ralf_schumacher,toyota,7,17,0.0,14,58,Retired,14
1709,2006_9,montoya,mclaren,4,18,0.0,7,13,Accident,7
1710,2006_9,barrichello,honda,11,19,0.0,9,11,Mechanical,9
1711,2006_9,montagny,super_aguri,23,20,0.0,21,2,Engine,22
1712,2006_9,rosberg,williams,10,21,0.0,6,1,Accident,6
1713,2006_9,albers,mf1,19,22,0.0,19,0,Accident,20
1714,2006_10,michael_schumacher,ferrari,5,1,10.0,1,73,Finished,1
1715,2006_10,massa,ferrari,6,2,8.0,2,73,Finished,2
1716,2006_10,fisichella,renault,2,3,6.0,3,73,Finished,3
1717,2006_10,trulli,toyota,8,4,5.0,22,73,Finished,20
1718,2006_10,alonso,renault,1,5,4.0,5,73,Finished,5
1719,2006_10,barrichello,honda,11,6,3.0,4,73,Finished,4
1720,2006_10,coulthard,red_bull,14,7,2.0,17,72,+1 Lap,17
1721,2006_10,liuzzi,toro_rosso,20,8,1.0,20,72,+1 Lap,21
1722,2006_10,rosberg,williams,10,9,0.0,21,72,+1 Lap,19
1723,2006_10,ralf_schumacher,toyota,7,10,0.0,8,62,+11 Laps,8
1724,2006_10,albers,mf1,19,11,0.0,14,37,Transmission,14
1725,2006_10,villeneuve,bmw_sauber,17,12,0.0,6,23,Engine,6
1726,2006_10,monteiro,mf1,18,13,0.0,15,9,Accident,15
1727,2006_10,sato,super_aguri,22,14,0.0,18,6,Accident,18
1728,2006_10,button,honda,12,15,0.0,7,3,Accident,7
1729,2006_10,raikkonen,mclaren,3,16,0.0,9,0,Accident,9
1730,2006_10,heidfeld,bmw_sauber,16,17,0.0,10,0,Accident,10
1731,2006_10,montoya,mclaren,4,18,0.0,11,0,Accident,11
1732,2006_10,webber,williams,9,19,0.0,12,0,Accident,12
1733,2006_10,speed,toro_rosso,21,20,0.0,13,0,Accident,13
1734,2006_10,klien,red_bull,15,21,0.0,16,0,Accident,16
1735,2006_10,montagny,super_aguri,23,22,0.0,19,0,Accident,22
1736,2006_11,michael_schumacher,ferrari,5,1,10.0,1,70,Finished,1
1737,2006_11,alonso,renault,1,2,8.0,3,70,Finished,3
1738,2006_11,massa,ferrari,6,3,6.0,2,70,Finished,2
1739,2006_11,ralf_schumacher,toyota,7,4,5.0,5,70,Finished,5
1740,2006_11,raikkonen,mclaren,3,5,4.0,6,70,Finished,6
1741,2006_11,fisichella,renault,2,6,3.0,7,70,Finished,7
1742,2006_11,rosa,mclaren,4,7,2.0,8,70,Finished,8
1743,2006_11,heidfeld,bmw_sauber,16,8,1.0,11,69,+1 Lap,12
1744,2006_11,coulthard,red_bull,14,9,0.0,9,69,+1 Lap,10
1745,2006_11,speed,toro_rosso,21,10,0.0,14,69,+1 Lap,15
1746,2006_11,villeneuve,bmw_sauber,17,11,0.0,16,69,+1 Lap,18
1747,2006_11,klien,red_bull,15,12,0.0,12,69,+1 Lap,13
1748,2006_11,liuzzi,toro_rosso,20,13,0.0,22,69,+1 Lap,17
1749,2006_11,rosberg,williams,10,14,0.0,18,68,+2 Laps,9
1750,2006_11,albers,mf1,19,15,0.0,15,68,+2 Laps,16
1751,2006_11,montagny,super_aguri,23,16,0.0,20,67,+3 Laps,21
1752,2006_11,button,honda,12,17,0.0,17,61,Technical,19
1753,2006_11,webber,williams,9,18,0.0,10,55,Wheel rim,11
1754,2006_11,trulli,toyota,8,19,0.0,4,39,Brakes,4
1755,2006_11,barrichello,honda,11,20,0.0,13,28,Engine,14
1756,2006_11,monteiro,mf1,18,21,0.0,19,11,Mechanical,20
1757,2006_11,sato,super_aguri,22,22,0.0,21,0,Transmission,22
1758,2006_12,michael_schumacher,ferrari,5,1,10.0,2,67,Finished,2
1759,2006_12,massa,ferrari,6,2,8.0,3,67,Finished,3
1760,2006_12,raikkonen,mclaren,3,3,6.0,1,67,Finished,1
1761,2006_12,button,honda,12,4,5.0,4,67,Finished,4
1762,2006_12,alonso,renault,1,5,4.0,7,67,Finished,7
1763,2006_12,fisichella,renault,2,6,3.0,5,67,Finished,5
1764,2006_12,trulli,toyota,8,7,2.0,20,67,Finished,13
1765,2006_12,klien,red_bull,15,8,1.0,12,67,Finished,12
1766,2006_12,ralf_schumacher,toyota,7,9,0.0,8,67,Finished,8
1767,2006_12,liuzzi,toro_rosso,20,10,0.0,16,66,+1 Lap,17
1768,2006_12,coulthard,red_bull,14,11,0.0,10,66,+1 Lap,10
1769,2006_12,speed,toro_rosso,21,12,0.0,19,66,+1 Lap,22
1770,2006_12,webber,williams,9,13,0.0,11,59,Water leak,11
1771,2006_12,sato,super_aguri,22,14,0.0,17,38,Gearbox,19
1772,2006_12,villeneuve,bmw_sauber,17,15,0.0,13,30,Accident,14
1773,2006_12,barrichello,honda,11,16,0.0,6,18,Engine,6
1774,2006_12,heidfeld,bmw_sauber,16,17,0.0,15,9,Brakes,16
1775,2006_12,rosa,mclaren,4,18,0.0,9,2,Fuel pump,9
1776,2006_12,yamamoto,super_aguri,23,19,0.0,22,1,Driveshaft,21
1777,2006_12,rosberg,williams,10,20,0.0,14,0,Accident,15
1778,2006_12,albers,mf1,19,21,0.0,21,66,Disqualified,18
1779,2006_12,monteiro,mf1,18,22,0.0,18,66,Disqualified,20
1780,2006_13,button,honda,12,1,10.0,14,70,Finished,4
1781,2006_13,rosa,mclaren,4,2,8.0,4,70,Finished,5
1782,2006_13,heidfeld,bmw_sauber,16,3,6.0,10,70,Finished,11
1783,2006_13,barrichello,honda,11,4,5.0,3,70,Finished,3
1784,2006_13,coulthard,red_bull,14,5,4.0,12,69,+1 Lap,13
1785,2006_13,ralf_schumacher,toyota,7,6,3.0,6,69,+1 Lap,7
1786,2006_13,massa,ferrari,6,7,2.0,2,69,+1 Lap,2
1787,2006_13,michael_schumacher,ferrari,5,8,1.0,11,67,Track rod,12
1788,2006_13,monteiro,mf1,18,9,0.0,16,67,+3 Laps,16
1789,2006_13,albers,mf1,19,10,0.0,22,67,+3 Laps,21
1790,2006_13,speed,toro_rosso,21,11,0.0,20,66,+4 Laps,19
1791,2006_13,trulli,toyota,8,12,0.0,8,65,Engine,9
1792,2006_13,sato,super_aguri,22,13,0.0,19,65,+5 Laps,20
1793,2006_13,alonso,renault,1,14,0.0,15,51,Driveshaft,15
1794,2006_13,raikkonen,mclaren,3,15,0.0,1,25,Collision,1
1795,2006_13,liuzzi,toro_rosso,20,16,0.0,17,25,Collision,17
1796,2006_13,rosberg,williams,10,17,0.0,18,19,Electrical,18
1797,2006_13,fisichella,renault,2,18,0.0,7,18,Spun off,8
1798,2006_13,klien,red_bull,15,19,0.0,13,6,Spun off,14
1799,2006_13,webber,williams,9,20,0.0,5,1,Accident,6
1800,2006_13,yamamoto,super_aguri,23,21,0.0,21,0,Engine,22
1801,2006_13,kubica,bmw_sauber,17,22,0.0,9,69,Disqualified,10
1802,2006_14,massa,ferrari,6,1,10.0,1,58,Finished,1
1803,2006_14,alonso,renault,1,2,8.0,3,58,Finished,3
1804,2006_14,michael_schumacher,ferrari,5,3,6.0,2,58,Finished,2
1805,2006_14,button,honda,12,4,5.0,6,58,Finished,7
1806,2006_14,rosa,mclaren,4,5,4.0,11,58,Finished,12
1807,2006_14,fisichella,renault,2,6,3.0,4,58,Finished,4
1808,2006_14,ralf_schumacher,toyota,7,7,2.0,15,58,Finished,5
1809,2006_14,barrichello,honda,11,8,1.0,13,58,Finished,14
1810,2006_14,trulli,toyota,8,9,0.0,12,57,+1 Lap,13
1811,2006_14,webber,williams,9,10,0.0,9,57,+1 Lap,10
1812,2006_14,klien,red_bull,15,11,0.0,10,57,+1 Lap,11
1813,2006_14,kubica,bmw_sauber,17,12,0.0,8,57,+1 Lap,9
1814,2006_14,speed,toro_rosso,21,13,0.0,17,57,+1 Lap,18
1815,2006_14,heidfeld,bmw_sauber,16,14,0.0,5,56,+2 Laps,6
1816,2006_14,coulthard,red_bull,14,15,0.0,16,55,Gearbox,17
1817,2006_14,albers,mf1,19,16,0.0,22,46,Spun off,16
1818,2006_14,sato,super_aguri,22,17,0.0,21,41,+17 Laps,22
1819,2006_14,rosberg,williams,10,18,0.0,14,25,Water leak,15
1820,2006_14,yamamoto,super_aguri,23,19,0.0,20,23,Spun off,21
1821,2006_14,liuzzi,toro_rosso,20,20,0.0,18,12,Spun off,19
1822,2006_14,raikkonen,mclaren,3,21,0.0,7,1,Collision,8
1823,2006_14,monteiro,mf1,18,22,0.0,19,0,Collision,20
1824,2006_15,michael_schumacher,ferrari,5,1,10.0,2,53,Finished,2
1825,2006_15,raikkonen,mclaren,3,2,8.0,1,53,Finished,1
1826,2006_15,kubica,bmw_sauber,17,3,6.0,6,53,Finished,6
1827,2006_15,fisichella,renault,2,4,5.0,9,53,Finished,9
1828,2006_15,button,honda,12,5,4.0,5,53,Finished,5
1829,2006_15,barrichello,honda,11,6,3.0,8,53,Finished,8
1830,2006_15,trulli,toyota,8,7,2.0,11,53,Finished,11
1831,2006_15,heidfeld,bmw_sauber,16,8,1.0,3,53,Finished,3
1832,2006_15,massa,ferrari,6,9,0.0,4,53,Finished,4
1833,2006_15,webber,williams,9,10,0.0,19,53,Finished,19
1834,2006_15,klien,red_bull,15,11,0.0,16,52,+1 Lap,16
1835,2006_15,coulthard,red_bull,14,12,0.0,14,52,+1 Lap,14
1836,2006_15,speed,toro_rosso,21,13,0.0,15,52,+1 Lap,15
1837,2006_15,liuzzi,toro_rosso,20,14,0.0,17,52,+1 Lap,17
1838,2006_15,ralf_schumacher,toyota,7,15,0.0,13,52,+1 Lap,13
1839,2006_15,sato,super_aguri,22,16,0.0,21,51,+2 Laps,21
1840,2006_15,albers,spyker_mf1,19,17,0.0,18,51,+2 Laps,18
1841,2006_15,monteiro,spyker_mf1,18,18,0.0,20,44,Brakes,20
1842,2006_15,alonso,renault,1,19,0.0,10,43,Engine,10
1843,2006_15,rosa,mclaren,4,20,0.0,7,20,Engine,7
1844,2006_15,yamamoto,super_aguri,23,21,0.0,22,18,Hydraulics,22
1845,2006_15,rosberg,williams,10,22,0.0,12,9,Driveshaft,12
1846,2006_16,michael_schumacher,ferrari,5,1,10.0,6,56,Finished,6
1847,2006_16,alonso,renault,1,2,8.0,1,56,Finished,1
1848,2006_16,fisichella,renault,2,3,6.0,2,56,Finished,2
1849,2006_16,button,honda,12,4,5.0,4,56,Finished,4
1850,2006_16,rosa,mclaren,4,5,4.0,7,56,Finished,7
1851,2006_16,barrichello,honda,11,6,3.0,3,56,Finished,3
1852,2006_16,heidfeld,bmw_sauber,16,7,2.0,8,56,Finished,8
1853,2006_16,webber,williams,9,8,1.0,14,56,Finished,14
1854,2006_16,coulthard,red_bull,14,9,0.0,12,56,Finished,12
1855,2006_16,liuzzi,toro_rosso,20,10,0.0,13,55,+1 Lap,13
1856,2006_16,rosberg,williams,10,11,0.0,15,55,+1 Lap,15
1857,2006_16,doornbos,red_bull,15,12,0.0,10,55,+1 Lap,10
1858,2006_16,kubica,bmw_sauber,17,13,0.0,9,55,+1 Lap,9
1859,2006_16,speed,toro_rosso,21,14,0.0,11,55,+1 Lap,11
1860,2006_16,albers,spyker_mf1,19,15,0.0,22,53,+3 Laps,22
1861,2006_16,yamamoto,super_aguri,23,16,0.0,19,52,+4 Laps,19
1862,2006_16,ralf_schumacher,toyota,7,17,0.0,16,49,Oil pressure,16
1863,2006_16,massa,ferrari,6,18,0.0,20,44,Collision,20
1864,2006_16,trulli,toyota,8,19,0.0,17,38,Pneumatics,17
1865,2006_16,monteiro,spyker_mf1,18,20,0.0,18,37,Spun off,18
1866,2006_16,raikkonen,mclaren,3,21,0.0,5,18,Throttle,5
1867,2006_16,sato,super_aguri,22,22,0.0,21,55,Disqualified,21
1868,2006_17,alonso,renault,1,1,10.0,5,53,Finished,5
1869,2006_17,massa,ferrari,6,2,8.0,1,53,Finished,1
1870,2006_17,fisichella,renault,2,3,6.0,6,53,Finished,6
1871,2006_17,button,honda,12,4,5.0,7,53,Finished,7
1872,2006_17,raikkonen,mclaren,3,5,4.0,11,53,Finished,11
1873,2006_17,trulli,toyota,8,6,3.0,4,53,Finished,4
1874,2006_17,ralf_schumacher,toyota,7,7,2.0,3,53,Finished,3
1875,2006_17,heidfeld,bmw_sauber,16,8,1.0,9,53,Finished,9
1876,2006_17,kubica,bmw_sauber,17,9,0.0,12,53,Finished,12
1877,2006_17,rosberg,williams,10,10,0.0,10,52,+1 Lap,10
1878,2006_17,rosa,mclaren,4,11,0.0,13,52,+1 Lap,13
1879,2006_17,barrichello,honda,11,12,0.0,8,52,+1 Lap,8
1880,2006_17,doornbos,red_bull,15,13,0.0,18,52,+1 Lap,18
1881,2006_17,liuzzi,toro_rosso,20,14,0.0,15,52,+1 Lap,15
1882,2006_17,sato,super_aguri,22,15,0.0,20,52,+1 Lap,20
1883,2006_17,monteiro,spyker_mf1,18,16,0.0,21,51,+2 Laps,21
1884,2006_17,yamamoto,super_aguri,23,17,0.0,22,50,+3 Laps,22
1885,2006_17,speed,toro_rosso,21,18,0.0,19,48,Steering,19
1886,2006_17,webber,williams,9,19,0.0,14,39,Accident,14
1887,2006_17,michael_schumacher,ferrari,5,20,0.0,2,36,Engine,2
1888,2006_17,coulthard,red_bull,14,21,0.0,17,35,Gearbox,17
1889,2006_17,albers,spyker_mf1,19,22,0.0,16,20,Driveshaft,16
1890,2006_18,massa,ferrari,6,1,10.0,1,71,Finished,1
1891,2006_18,alonso,renault,1,2,8.0,4,71,Finished,4
1892,2006_18,button,honda,12,3,6.0,14,71,Finished,14
1893,2006_18,michael_schumacher,ferrari,5,4,5.0,10,71,Finished,10
1894,2006_18,raikkonen,mclaren,3,5,4.0,2,71,Finished,2
1895,2006_18,fisichella,renault,2,6,3.0,6,71,Finished,6
1896,2006_18,barrichello,honda,11,7,2.0,5,71,Finished,5
1897,2006_18,rosa,mclaren,4,8,1.0,12,71,Finished,12
1898,2006_18,kubica,bmw_sauber,17,9,0.0,9,71,Finished,9
1899,2006_18,sato,super_aguri,22,10,0.0,19,70,+1 Lap,20
1900,2006_18,speed,toro_rosso,21,11,0.0,16,70,+1 Lap,17
1901,2006_18,doornbos,red_bull,15,12,0.0,22,70,+1 Lap,15
1902,2006_18,liuzzi,toro_rosso,20,13,0.0,15,70,+1 Lap,16
1903,2006_18,albers,spyker_mf1,19,14,0.0,17,70,+1 Lap,18
1904,2006_18,monteiro,spyker_mf1,18,15,0.0,21,69,+2 Laps,22
1905,2006_18,yamamoto,super_aguri,23,16,0.0,20,69,+2 Laps,21
1906,2006_18,heidfeld,bmw_sauber,16,17,0.0,8,63,Accident,8
1907,2006_18,coulthard,red_bull,14,18,0.0,18,14,Gearbox,19
1908,2006_18,trulli,toyota,8,19,0.0,3,10,Suspension,3
1909,2006_18,ralf_schumacher,toyota,7,20,0.0,7,9,Suspension,7
1910,2006_18,webber,williams,9,21,0.0,11,1,Collision,11
1911,2006_18,rosberg,williams,10,22,0.0,13,0,Collision,13
1912,2007_1,raikkonen,ferrari,6,1,10.0,1,58,Finished,1
1913,2007_1,alonso,mclaren,1,2,8.0,2,58,Finished,2
1914,2007_1,hamilton,mclaren,2,3,6.0,4,58,Finished,4
1915,2007_1,heidfeld,bmw_sauber,9,4,5.0,3,58,Finished,3
1916,2007_1,fisichella,renault,3,5,4.0,6,58,Finished,6
1917,2007_1,massa,ferrari,5,6,3.0,22,58,Finished,16
1918,2007_1,rosberg,williams,16,7,2.0,12,57,+1 Lap,12
1919,2007_1,ralf_schumacher,toyota,11,8,1.0,9,57,+1 Lap,9
1920,2007_1,trulli,toyota,12,9,0.0,8,57,+1 Lap,8
1921,2007_1,kovalainen,renault,4,10,0.0,13,57,+1 Lap,13
1922,2007_1,barrichello,honda,8,11,0.0,16,57,+1 Lap,17
1923,2007_1,sato,super_aguri,22,12,0.0,10,57,+1 Lap,10
1924,2007_1,webber,red_bull,15,13,0.0,7,57,+1 Lap,7
1925,2007_1,liuzzi,toro_rosso,18,14,0.0,19,57,+1 Lap,20
1926,2007_1,button,honda,7,15,0.0,14,57,+1 Lap,14
1927,2007_1,davidson,super_aguri,23,16,0.0,11,56,+2 Laps,11
1928,2007_1,sutil,spyker,20,17,0.0,20,56,+2 Laps,21
1929,2007_1,wurz,williams,17,18,0.0,15,48,Collision,15
1930,2007_1,coulthard,red_bull,14,19,0.0,18,48,Collision,19
1931,2007_1,kubica,bmw_sauber,10,20,0.0,5,36,Gearbox,5
1932,2007_1,speed,toro_rosso,19,21,0.0,17,28,Puncture,18
1933,2007_1,albers,spyker,21,22,0.0,21,10,Accident,22
1934,2007_2,alonso,mclaren,1,1,10.0,2,56,Finished,2
1935,2007_2,hamilton,mclaren,2,2,8.0,4,56,Finished,4
1936,2007_2,raikkonen,ferrari,6,3,6.0,3,56,Finished,3
1937,2007_2,heidfeld,bmw_sauber,9,4,5.0,5,56,Finished,5
1938,2007_2,massa,ferrari,5,5,4.0,1,56,Finished,1
1939,2007_2,fisichella,renault,3,6,3.0,12,56,Finished,12
1940,2007_2,trulli,toyota,12,7,2.0,8,56,Finished,8
1941,2007_2,kovalainen,renault,4,8,1.0,11,56,Finished,11
1942,2007_2,wurz,williams,17,9,0.0,19,56,Finished,20
1943,2007_2,webber,red_bull,15,10,0.0,10,56,Finished,10
1944,2007_2,barrichello,honda,8,11,0.0,22,55,+1 Lap,19
1945,2007_2,button,honda,7,12,0.0,15,55,+1 Lap,15
1946,2007_2,sato,super_aguri,22,13,0.0,14,55,+1 Lap,14
1947,2007_2,speed,toro_rosso,19,14,0.0,17,55,+1 Lap,17
1948,2007_2,ralf_schumacher,toyota,11,15,0.0,9,55,+1 Lap,9
1949,2007_2,davidson,super_aguri,23,16,0.0,18,55,+1 Lap,18
1950,2007_2,liuzzi,toro_rosso,18,17,0.0,16,55,+1 Lap,16
1951,2007_2,kubica,bmw_sauber,10,18,0.0,7,55,+1 Lap,7
1952,2007_2,rosberg,williams,16,19,0.0,6,42,Hydraulics,6
1953,2007_2,coulthard,red_bull,14,20,0.0,13,36,Brakes,13
1954,2007_2,albers,spyker,21,21,0.0,20,7,Engine,21
1955,2007_2,sutil,spyker,20,22,0.0,21,0,Collision,22
1956,2007_3,massa,ferrari,5,1,10.0,1,57,Finished,1
1957,2007_3,hamilton,mclaren,2,2,8.0,2,57,Finished,2
1958,2007_3,raikkonen,ferrari,6,3,6.0,3,57,Finished,3
1959,2007_3,heidfeld,bmw_sauber,9,4,5.0,5,57,Finished,5
1960,2007_3,alonso,mclaren,1,5,4.0,4,57,Finished,4
1961,2007_3,kubica,bmw_sauber,10,6,3.0,6,57,Finished,6
1962,2007_3,trulli,toyota,12,7,2.0,9,57,Finished,9
1963,2007_3,fisichella,renault,3,8,1.0,7,57,Finished,7
1964,2007_3,kovalainen,renault,4,9,0.0,12,57,Finished,12
1965,2007_3,rosberg,williams,16,10,0.0,10,57,Finished,10
1966,2007_3,wurz,williams,17,11,0.0,11,56,+1 Lap,11
1967,2007_3,ralf_schumacher,toyota,11,12,0.0,14,56,+1 Lap,14
1968,2007_3,barrichello,honda,8,13,0.0,15,56,+1 Lap,15
1969,2007_3,albers,spyker,21,14,0.0,22,55,+2 Laps,22
1970,2007_3,sutil,spyker,20,15,0.0,20,53,+4 Laps,20
1971,2007_3,davidson,super_aguri,23,16,0.0,13,51,Engine,13
1972,2007_3,webber,red_bull,15,17,0.0,8,41,Gearbox,8
1973,2007_3,coulthard,red_bull,14,18,0.0,21,36,Driveshaft,21
1974,2007_3,sato,super_aguri,22,19,0.0,17,34,Engine,17
1975,2007_3,liuzzi,toro_rosso,18,20,0.0,18,26,Hydraulics,18
1976,2007_3,button,honda,7,21,0.0,16,0,Collision,16
1977,2007_3,speed,toro_rosso,19,22,0.0,19,0,Collision,19
1978,2007_4,massa,ferrari,5,1,10.0,1,65,Finished,1
1979,2007_4,hamilton,mclaren,2,2,8.0,4,65,Finished,4
1980,2007_4,alonso,mclaren,1,3,6.0,2,65,Finished,2
1981,2007_4,kubica,bmw_sauber,10,4,5.0,5,65,Finished,5
1982,2007_4,coulthard,red_bull,14,5,4.0,9,65,Finished,9
1983,2007_4,rosberg,williams,16,6,3.0,11,65,Finished,11
1984,2007_4,kovalainen,renault,4,7,2.0,8,65,Finished,8
1985,2007_4,sato,super_aguri,22,8,1.0,13,64,+1 Lap,13
1986,2007_4,fisichella,renault,3,9,0.0,10,64,+1 Lap,10
1987,2007_4,barrichello,honda,8,10,0.0,12,64,+1 Lap,12
1988,2007_4,davidson,super_aguri,23,11,0.0,15,64,+1 Lap,15
1989,2007_4,button,honda,7,12,0.0,14,64,+1 Lap,14
1990,2007_4,sutil,spyker,20,13,0.0,20,63,+2 Laps,20
1991,2007_4,albers,spyker,21,14,0.0,21,63,+2 Laps,21
1992,2007_4,heidfeld,bmw_sauber,9,15,0.0,7,46,Gearbox,7
1993,2007_4,ralf_schumacher,toyota,11,16,0.0,17,44,Suspension,17
1994,2007_4,liuzzi,toro_rosso,18,17,0.0,16,19,Retired,16
1995,2007_4,speed,toro_rosso,19,18,0.0,22,9,Tyre,22
1996,2007_4,raikkonen,ferrari,6,19,0.0,3,9,Suspension,3
1997,2007_4,trulli,toyota,12,20,0.0,6,8,Fuel pressure,6
1998,2007_4,webber,red_bull,15,21,0.0,19,7,Hydraulics,19
1999,2007_4,wurz,williams,17,22,0.0,18,1,Collision,18
2000,2007_5,alonso,mclaren,1,1,10.0,1,78,Finished,1
2001,2007_5,hamilton,mclaren,2,2,8.0,2,78,Finished,2
2002,2007_5,massa,ferrari,5,3,6.0,3,78,Finished,3
2003,2007_5,fisichella,renault,3,4,5.0,4,77,+1 Lap,4
2004,2007_5,kubica,bmw_sauber,10,5,4.0,8,77,+1 Lap,8
2005,2007_5,heidfeld,bmw_sauber,9,6,3.0,7,77,+1 Lap,7
2006,2007_5,wurz,williams,17,7,2.0,11,77,+1 Lap,11
2007,2007_5,raikkonen,ferrari,6,8,1.0,16,77,+1 Lap,16
2008,2007_5,speed,toro_rosso,19,9,0.0,18,77,+1 Lap,18
2009,2007_5,barrichello,honda,8,10,0.0,9,77,+1 Lap,9
2010,2007_5,button,honda,7,11,0.0,10,77,+1 Lap,10
2011,2007_5,rosberg,williams,16,12,0.0,5,77,+1 Lap,5
2012,2007_5,kovalainen,renault,4,13,0.0,15,76,Engine,15
2013,2007_5,coulthard,red_bull,14,14,0.0,13,76,+2 Laps,13
2014,2007_5,trulli,toyota,12,15,0.0,14,76,+2 Laps,14
2015,2007_5,ralf_schumacher,toyota,11,16,0.0,20,76,+2 Laps,20
2016,2007_5,sato,super_aguri,22,17,0.0,21,76,+2 Laps,21
2017,2007_5,davidson,super_aguri,23,18,0.0,17,76,+2 Laps,17
2018,2007_5,albers,spyker,21,19,0.0,22,70,Driveshaft,22
2019,2007_5,sutil,spyker,20,20,0.0,19,53,Accident,19
2020,2007_5,webber,red_bull,15,21,0.0,6,17,Gearbox,6
2021,2007_5,liuzzi,toro_rosso,18,22,0.0,12,2,Accident,12
2022,2007_6,hamilton,mclaren,2,1,10.0,1,70,Finished,1
2023,2007_6,heidfeld,bmw_sauber,9,2,8.0,3,70,Finished,3
2024,2007_6,wurz,williams,17,3,6.0,19,70,Finished,19
2025,2007_6,kovalainen,renault,4,4,5.0,22,70,Finished,22
2026,2007_6,raikkonen,ferrari,6,5,4.0,4,70,Finished,4
2027,2007_6,sato,super_aguri,22,6,3.0,11,70,Finished,11
2028,2007_6,alonso,mclaren,1,7,2.0,2,70,Finished,2
2029,2007_6,ralf_schumacher,toyota,11,8,1.0,18,70,Finished,18
2030,2007_6,webber,red_bull,15,9,0.0,6,70,Finished,6
2031,2007_6,rosberg,williams,16,10,0.0,7,70,Finished,7
2032,2007_6,davidson,super_aguri,23,11,0.0,17,70,Finished,17
2033,2007_6,barrichello,honda,8,12,0.0,13,70,Finished,13
2034,2007_6,trulli,toyota,12,13,0.0,10,58,Accident,10
2035,2007_6,liuzzi,toro_rosso,18,14,0.0,12,54,Accident,12
2036,2007_6,albers,spyker,21,15,0.0,21,47,Front wing,21
2037,2007_6,coulthard,red_bull,14,16,0.0,14,36,Gearbox,14
2038,2007_6,kubica,bmw_sauber,10,17,0.0,8,26,Accident,8
2039,2007_6,sutil,spyker,20,18,0.0,20,21,Accident,20
2040,2007_6,speed,toro_rosso,19,19,0.0,16,8,Accident,16
2041,2007_6,button,honda,7,20,0.0,15,0,Gearbox,15
2042,2007_6,massa,ferrari,5,21,0.0,5,51,Disqualified,5
2043,2007_6,fisichella,renault,3,22,0.0,9,51,Disqualified,9
2044,2007_7,hamilton,mclaren,2,1,10.0,1,73,Finished,1
2045,2007_7,alonso,mclaren,1,2,8.0,2,73,Finished,2
2046,2007_7,massa,ferrari,5,3,6.0,3,73,Finished,3
2047,2007_7,raikkonen,ferrari,6,4,5.0,4,73,Finished,4
2048,2007_7,kovalainen,renault,4,5,4.0,6,73,Finished,6
2049,2007_7,trulli,toyota,12,6,3.0,8,73,Finished,8
2050,2007_7,webber,red_bull,15,7,2.0,9,73,Finished,9
2051,2007_7,vettel,bmw_sauber,10,8,1.0,7,73,Finished,7
2052,2007_7,fisichella,renault,3,9,0.0,10,72,+1 Lap,10
2053,2007_7,wurz,williams,17,10,0.0,17,72,+1 Lap,17
2054,2007_7,davidson,super_aguri,23,11,0.0,16,72,+1 Lap,16
2055,2007_7,button,honda,7,12,0.0,13,72,+1 Lap,13
2056,2007_7,speed,toro_rosso,19,13,0.0,20,71,+2 Laps,20
2057,2007_7,sutil,spyker,20,14,0.0,21,71,+2 Laps,21
2058,2007_7,albers,spyker,21,15,0.0,22,70,+3 Laps,22
2059,2007_7,rosberg,williams,16,16,0.0,14,68,Engine,14
2060,2007_7,liuzzi,toro_rosso,18,17,0.0,19,68,Water pressure,19
2061,2007_7,heidfeld,bmw_sauber,9,18,0.0,5,56,Transmission,5
2062,2007_7,sato,super_aguri,22,19,0.0,18,13,Spun off,18
2063,2007_7,coulthard,red_bull,14,20,0.0,11,0,Collision,11
2064,2007_7,barrichello,honda,8,21,0.0,15,0,Collision,15
2065,2007_7,ralf_schumacher,toyota,11,22,0.0,12,0,Collision,12
2066,2007_8,raikkonen,ferrari,6,1,10.0,3,70,Finished,3
2067,2007_8,massa,ferrari,5,2,8.0,1,70,Finished,1
2068,2007_8,hamilton,mclaren,2,3,6.0,2,70,Finished,2
2069,2007_8,kubica,bmw_sauber,10,4,5.0,4,70,Finished,4
2070,2007_8,heidfeld,bmw_sauber,9,5,4.0,7,70,Finished,7
2071,2007_8,fisichella,renault,3,6,3.0,5,70,Finished,5
2072,2007_8,alonso,mclaren,1,7,2.0,10,70,Finished,10
2073,2007_8,button,honda,7,8,1.0,12,70,Finished,12
2074,2007_8,rosberg,williams,16,9,0.0,9,70,Finished,9
2075,2007_8,ralf_schumacher,toyota,11,10,0.0,11,69,+1 Lap,11
2076,2007_8,barrichello,honda,8,11,0.0,13,69,+1 Lap,13
2077,2007_8,webber,red_bull,15,12,0.0,14,69,+1 Lap,14
2078,2007_8,coulthard,red_bull,14,13,0.0,16,69,+1 Lap,16
2079,2007_8,wurz,williams,17,14,0.0,18,69,+1 Lap,18
2080,2007_8,kovalainen,renault,4,15,0.0,6,69,+1 Lap,6
2081,2007_8,sato,super_aguri,22,16,0.0,22,68,+2 Laps,22
2082,2007_8,sutil,spyker,20,17,0.0,21,68,+2 Laps,21
2083,2007_8,speed,toro_rosso,19,18,0.0,15,55,Gearbox,15
2084,2007_8,albers,spyker,21,19,0.0,20,28,Refuelling,20
2085,2007_8,davidson,super_aguri,23,20,0.0,19,1,Collision,19
2086,2007_8,trulli,toyota,12,21,0.0,8,1,Collision,8
2087,2007_8,liuzzi,toro_rosso,18,22,0.0,17,0,Collision,17
2088,2007_9,raikkonen,ferrari,6,1,10.0,2,59,Finished,2
2089,2007_9,alonso,mclaren,1,2,8.0,3,59,Finished,3
2090,2007_9,hamilton,mclaren,2,3,6.0,1,59,Finished,1
2091,2007_9,kubica,bmw_sauber,10,4,5.0,5,59,Finished,5
2092,2007_9,massa,ferrari,5,5,4.0,4,59,Finished,4
2093,2007_9,heidfeld,bmw_sauber,9,6,3.0,9,59,Finished,9
2094,2007_9,kovalainen,renault,4,7,2.0,7,58,+1 Lap,7
2095,2007_9,fisichella,renault,3,8,1.0,8,58,+1 Lap,8
2096,2007_9,barrichello,honda,8,9,0.0,14,58,+1 Lap,14
2097,2007_9,button,honda,7,10,0.0,18,58,+1 Lap,18
2098,2007_9,coulthard,red_bull,14,11,0.0,12,58,+1 Lap,12
2099,2007_9,rosberg,williams,16,12,0.0,17,58,+1 Lap,17
2100,2007_9,wurz,williams,17,13,0.0,13,58,+1 Lap,13
2101,2007_9,sato,super_aguri,22,14,0.0,21,57,+2 Laps,21
2102,2007_9,albers,spyker,21,15,0.0,22,57,+2 Laps,22
2103,2007_9,liuzzi,toro_rosso,18,16,0.0,16,53,Gearbox,16
2104,2007_9,trulli,toyota,12,17,0.0,10,43,Retired,10
2105,2007_9,davidson,super_aguri,23,18,0.0,19,35,Mechanical,19
2106,2007_9,speed,toro_rosso,19,19,0.0,15,29,Accident,15
2107,2007_9,ralf_schumacher,toyota,11,20,0.0,6,22,Wheel,6
2108,2007_9,sutil,spyker,20,21,0.0,20,16,Engine,20
2109,2007_9,webber,red_bull,15,22,0.0,11,8,Hydraulics,11
2110,2007_10,alonso,mclaren,1,1,10.0,2,60,Finished,2
2111,2007_10,massa,ferrari,5,2,8.0,3,60,Finished,3
2112,2007_10,webber,red_bull,15,3,6.0,6,60,Finished,6
2113,2007_10,wurz,williams,17,4,5.0,12,60,Finished,12
2114,2007_10,coulthard,red_bull,14,5,4.0,20,60,Finished,20
2115,2007_10,heidfeld,bmw_sauber,9,6,3.0,4,60,Finished,4
2116,2007_10,kubica,bmw_sauber,10,7,2.0,5,60,Finished,5
2117,2007_10,kovalainen,renault,4,8,1.0,7,59,+1 Lap,7
2118,2007_10,hamilton,mclaren,2,9,0.0,10,59,+1 Lap,10
2119,2007_10,fisichella,renault,3,10,0.0,13,59,+1 Lap,13
2120,2007_10,barrichello,honda,8,11,0.0,14,59,+1 Lap,14
2121,2007_10,davidson,super_aguri,23,12,0.0,15,59,+1 Lap,15
2122,2007_10,trulli,toyota,12,13,0.0,8,59,+1 Lap,8
2123,2007_10,raikkonen,ferrari,6,14,0.0,1,34,Hydraulics,1
2124,2007_10,sato,super_aguri,22,15,0.0,16,19,Retired,16
2125,2007_10,ralf_schumacher,toyota,11,16,0.0,9,18,Collision,9
2126,2007_10,markus_winkelhock,spyker,21,17,0.0,22,13,Hydraulics,22
2127,2007_10,button,honda,7,18,0.0,17,2,Spun off,17
2128,2007_10,sutil,spyker,20,19,0.0,21,2,Spun off,21
2129,2007_10,rosberg,williams,16,20,0.0,11,2,Spun off,11
2130,2007_10,speed,toro_rosso,19,21,0.0,18,2,Spun off,18
2131,2007_10,liuzzi,toro_rosso,18,22,0.0,19,2,Spun off,19
2132,2007_11,hamilton,mclaren,2,1,10.0,1,70,Finished,2
2133,2007_11,raikkonen,ferrari,6,2,8.0,3,70,Finished,4
2134,2007_11,heidfeld,bmw_sauber,9,3,6.0,2,70,Finished,3
2135,2007_11,alonso,mclaren,1,4,5.0,6,70,Finished,1
2136,2007_11,kubica,bmw_sauber,10,5,4.0,7,70,Finished,7
2137,2007_11,ralf_schumacher,toyota,11,6,3.0,5,70,Finished,6
2138,2007_11,rosberg,williams,16,7,2.0,4,70,Finished,5
2139,2007_11,kovalainen,renault,4,8,1.0,11,70,Finished,12
2140,2007_11,webber,red_bull,15,9,0.0,9,70,Finished,10
2141,2007_11,trulli,toyota,12,10,0.0,8,69,+1 Lap,9
2142,2007_11,coulthard,red_bull,14,11,0.0,10,69,+1 Lap,11
2143,2007_11,fisichella,renault,3,12,0.0,13,69,+1 Lap,8
2144,2007_11,massa,ferrari,5,13,0.0,14,69,+1 Lap,14
2145,2007_11,wurz,williams,17,14,0.0,12,69,+1 Lap,13
2146,2007_11,sato,super_aguri,22,15,0.0,19,69,+1 Lap,19
2147,2007_11,vettel,toro_rosso,19,16,0.0,20,69,+1 Lap,20
2148,2007_11,sutil,spyker,20,17,0.0,21,68,+2 Laps,21
2149,2007_11,barrichello,honda,8,18,0.0,18,68,+2 Laps,18
2150,2007_11,liuzzi,toro_rosso,18,19,0.0,16,42,Electrical,16
2151,2007_11,davidson,super_aguri,23,20,0.0,15,41,Accident,15
2152,2007_11,button,honda,7,21,0.0,17,35,Throttle,17
2153,2007_11,yamamoto,spyker,21,22,0.0,22,4,Accident,22
2154,2007_12,massa,ferrari,5,1,10.0,1,58,Finished,1
2155,2007_12,raikkonen,ferrari,6,2,8.0,3,58,Finished,3
2156,2007_12,alonso,mclaren,1,3,6.0,4,58,Finished,4
2157,2007_12,heidfeld,bmw_sauber,9,4,5.0,6,58,Finished,6
2158,2007_12,hamilton,mclaren,2,5,4.0,2,58,Finished,2
2159,2007_12,kovalainen,renault,4,6,3.0,7,58,Finished,7
2160,2007_12,rosberg,williams,16,7,2.0,8,58,Finished,8
2161,2007_12,kubica,bmw_sauber,10,8,1.0,5,58,Finished,5
2162,2007_12,fisichella,renault,3,9,0.0,10,58,Finished,10
2163,2007_12,coulthard,red_bull,14,10,0.0,13,58,Finished,13
2164,2007_12,wurz,williams,17,11,0.0,14,58,Finished,14
2165,2007_12,ralf_schumacher,toyota,11,12,0.0,16,57,+1 Lap,16
2166,2007_12,button,honda,7,13,0.0,21,57,+1 Lap,21
2167,2007_12,davidson,super_aguri,23,14,0.0,11,57,+1 Lap,11
2168,2007_12,liuzzi,toro_rosso,18,15,0.0,15,57,+1 Lap,15
2169,2007_12,trulli,toyota,12,16,0.0,9,57,+1 Lap,9
2170,2007_12,barrichello,honda,8,17,0.0,22,57,+1 Lap,22
2171,2007_12,sato,super_aguri,22,18,0.0,17,57,+1 Lap,17
2172,2007_12,vettel,toro_rosso,19,19,0.0,18,57,+1 Lap,18
2173,2007_12,yamamoto,spyker,21,20,0.0,20,56,+2 Laps,20
2174,2007_12,sutil,spyker,20,21,0.0,19,53,Fuel pressure,19
2175,2007_12,webber,red_bull,15,22,0.0,12,9,Hydraulics,12
2176,2007_13,alonso,mclaren,1,1,10.0,1,53,Finished,1
2177,2007_13,hamilton,mclaren,2,2,8.0,2,53,Finished,2
2178,2007_13,raikkonen,ferrari,6,3,6.0,5,53,Finished,5
2179,2007_13,heidfeld,bmw_sauber,9,4,5.0,4,53,Finished,4
2180,2007_13,kubica,bmw_sauber,10,5,4.0,6,53,Finished,6
2181,2007_13,rosberg,williams,16,6,3.0,8,53,Finished,8
2182,2007_13,kovalainen,renault,4,7,2.0,7,53,Finished,7
2183,2007_13,button,honda,7,8,1.0,10,53,Finished,10
2184,2007_13,webber,red_bull,15,9,0.0,11,53,Finished,11
2185,2007_13,barrichello,honda,8,10,0.0,12,53,Finished,12
2186,2007_13,trulli,toyota,12,11,0.0,9,53,Finished,9
2187,2007_13,fisichella,renault,3,12,0.0,15,52,+1 Lap,15
2188,2007_13,wurz,williams,17,13,0.0,13,52,+1 Lap,13
2189,2007_13,davidson,super_aguri,23,14,0.0,14,52,+1 Lap,14
2190,2007_13,ralf_schumacher,toyota,11,15,0.0,18,52,+1 Lap,18
2191,2007_13,sato,super_aguri,22,16,0.0,17,52,+1 Lap,17
2192,2007_13,liuzzi,toro_rosso,18,17,0.0,19,52,+1 Lap,19
2193,2007_13,vettel,toro_rosso,19,18,0.0,16,52,+1 Lap,16
2194,2007_13,sutil,spyker,20,19,0.0,21,52,+1 Lap,21
2195,2007_13,yamamoto,spyker,21,20,0.0,22,52,+1 Lap,22
2196,2007_13,massa,ferrari,5,21,0.0,3,10,Suspension,3
2197,2007_13,coulthard,red_bull,14,22,0.0,20,1,Accident,20
2198,2007_14,raikkonen,ferrari,6,1,10.0,1,44,Finished,1
2199,2007_14,massa,ferrari,5,2,8.0,2,44,Finished,2
2200,2007_14,alonso,mclaren,1,3,6.0,3,44,Finished,3
2201,2007_14,hamilton,mclaren,2,4,5.0,4,44,Finished,4
2202,2007_14,heidfeld,bmw_sauber,9,5,4.0,6,44,Finished,6
2203,2007_14,rosberg,williams,16,6,3.0,5,44,Finished,5
2204,2007_14,webber,red_bull,15,7,2.0,7,44,Finished,7
2205,2007_14,kovalainen,renault,4,8,1.0,9,44,Finished,9
2206,2007_14,kubica,bmw_sauber,10,9,0.0,14,44,Finished,14
2207,2007_14,ralf_schumacher,toyota,11,10,0.0,10,44,Finished,10
2208,2007_14,trulli,toyota,12,11,0.0,8,44,Finished,8
2209,2007_14,liuzzi,toro_rosso,18,12,0.0,13,43,+1 Lap,13
2210,2007_14,barrichello,honda,8,13,0.0,17,43,+1 Lap,17
2211,2007_14,sutil,spyker,20,14,0.0,19,43,+1 Lap,19
2212,2007_14,sato,super_aguri,22,15,0.0,18,43,+1 Lap,18
2213,2007_14,davidson,super_aguri,23,16,0.0,20,43,+1 Lap,20
2214,2007_14,yamamoto,spyker,21,17,0.0,21,43,+1 Lap,21
2215,2007_14,button,honda,7,18,0.0,12,36,Hydraulics,12
2216,2007_14,wurz,williams,17,19,0.0,15,34,Fuel pressure,15
2217,2007_14,coulthard,red_bull,14,20,0.0,11,29,Hydraulics,11
2218,2007_14,vettel,toro_rosso,19,21,0.0,16,8,Steering,16
2219,2007_14,fisichella,renault,3,22,0.0,22,1,Suspension,22
2220,2007_15,hamilton,mclaren,2,1,10.0,1,67,Finished,1
2221,2007_15,kovalainen,renault,4,2,8.0,11,67,Finished,11
2222,2007_15,raikkonen,ferrari,6,3,6.0,3,67,Finished,3
2223,2007_15,coulthard,red_bull,14,4,5.0,12,67,Finished,12
2224,2007_15,fisichella,renault,3,5,4.0,10,67,Finished,10
2225,2007_15,massa,ferrari,5,6,3.0,4,67,Finished,4
2226,2007_15,kubica,bmw_sauber,10,7,2.0,9,67,Finished,9
2227,2007_15,sutil,spyker,20,8,1.0,20,67,Finished,20
2228,2007_15,liuzzi,toro_rosso,18,9,0.0,14,67,Finished,14
2229,2007_15,barrichello,honda,8,10,0.0,17,67,Finished,17
2230,2007_15,button,honda,7,11,0.0,6,66,Suspension,6
2231,2007_15,yamamoto,spyker,21,12,0.0,22,66,+1 Lap,22
2232,2007_15,trulli,toyota,12,13,0.0,13,66,+1 Lap,13
2233,2007_15,heidfeld,bmw_sauber,9,14,0.0,5,65,Technical,5
2234,2007_15,sato,super_aguri,22,15,0.0,21,65,Collision,21
2235,2007_15,ralf_schumacher,toyota,11,16,0.0,15,55,Puncture,15
2236,2007_15,davidson,super_aguri,23,17,0.0,19,54,Throttle,19
2237,2007_15,rosberg,williams,16,18,0.0,16,49,Electronics,16
2238,2007_15,vettel,toro_rosso,19,19,0.0,8,46,Collision,8
2239,2007_15,webber,red_bull,15,20,0.0,7,45,Collision,7
2240,2007_15,alonso,mclaren,1,21,0.0,2,41,Accident,2
2241,2007_15,wurz,williams,17,22,0.0,18,19,Collision,18
2242,2007_16,raikkonen,ferrari,6,1,10.0,2,56,Finished,2
2243,2007_16,alonso,mclaren,1,2,8.0,4,56,Finished,4
2244,2007_16,massa,ferrari,5,3,6.0,3,56,Finished,3
2245,2007_16,vettel,toro_rosso,19,4,5.0,17,56,Finished,17
2246,2007_16,button,honda,7,5,4.0,10,56,Finished,10
2247,2007_16,liuzzi,toro_rosso,18,6,3.0,11,56,Finished,11
2248,2007_16,heidfeld,bmw_sauber,9,7,2.0,8,56,Finished,8
2249,2007_16,coulthard,red_bull,14,8,1.0,5,56,Finished,5
2250,2007_16,kovalainen,renault,4,9,0.0,13,56,Finished,13
2251,2007_16,webber,red_bull,15,10,0.0,7,56,Finished,7
2252,2007_16,fisichella,renault,3,11,0.0,18,56,Finished,18
2253,2007_16,wurz,williams,17,12,0.0,19,55,+1 Lap,19
2254,2007_16,trulli,toyota,12,13,0.0,12,55,+1 Lap,12
2255,2007_16,sato,super_aguri,22,14,0.0,20,55,+1 Lap,20
2256,2007_16,barrichello,honda,8,15,0.0,16,55,+1 Lap,16
2257,2007_16,rosberg,williams,16,16,0.0,15,54,+2 Laps,15
2258,2007_16,yamamoto,spyker,21,17,0.0,22,53,+3 Laps,22
2259,2007_16,kubica,bmw_sauber,10,18,0.0,9,33,Hydraulics,9
2260,2007_16,hamilton,mclaren,2,19,0.0,1,30,Spun off,1
2261,2007_16,ralf_schumacher,toyota,11,20,0.0,6,25,Spun off,6
2262,2007_16,sutil,spyker,20,21,0.0,21,24,Accident,21
2263,2007_16,davidson,super_aguri,23,22,0.0,14,11,Brakes,14
2264,2007_17,raikkonen,ferrari,6,1,10.0,3,71,Finished,3
2265,2007_17,massa,ferrari,5,2,8.0,1,71,Finished,1
2266,2007_17,alonso,mclaren,1,3,6.0,4,71,Finished,4
2267,2007_17,rosberg,williams,16,4,5.0,10,71,Finished,10
2268,2007_17,kubica,bmw_sauber,10,5,4.0,7,71,Finished,7
2269,2007_17,heidfeld,bmw_sauber,9,6,3.0,6,71,Finished,6
2270,2007_17,hamilton,mclaren,2,7,2.0,2,70,+1 Lap,2
2271,2007_17,trulli,toyota,12,8,1.0,8,70,+1 Lap,8
2272,2007_17,coulthard,red_bull,14,9,0.0,9,70,+1 Lap,9
2273,2007_17,nakajima,williams,17,10,0.0,19,70,+1 Lap,19
2274,2007_17,ralf_schumacher,toyota,11,11,0.0,15,70,+1 Lap,15
2275,2007_17,sato,super_aguri,22,12,0.0,18,69,+2 Laps,18
2276,2007_17,liuzzi,toro_rosso,18,13,0.0,14,69,+2 Laps,14
2277,2007_17,davidson,super_aguri,23,14,0.0,20,68,+3 Laps,20
2278,2007_17,sutil,spyker,20,15,0.0,21,43,Brakes,21
2279,2007_17,barrichello,honda,8,16,0.0,11,40,Engine,11
2280,2007_17,kovalainen,renault,4,17,0.0,17,35,Accident,17
2281,2007_17,vettel,toro_rosso,19,18,0.0,13,34,Hydraulics,13
2282,2007_17,button,honda,7,19,0.0,16,20,Engine,16
2283,2007_17,webber,red_bull,15,20,0.0,5,14,Gearbox,5
2284,2007_17,yamamoto,spyker,21,21,0.0,22,2,Collision,22
2285,2007_17,fisichella,renault,3,22,0.0,12,2,Collision,12
2286,2008_1,hamilton,mclaren,22,1,10.0,1,58,Finished,1
2287,2008_1,heidfeld,bmw_sauber,3,2,8.0,5,58,Finished,5
2288,2008_1,rosberg,williams,7,3,6.0,7,58,Finished,7
2289,2008_1,alonso,renault,5,4,5.0,11,58,Finished,12
2290,2008_1,kovalainen,mclaren,23,5,4.0,3,58,Finished,3
2291,2008_1,nakajima,williams,8,6,3.0,13,57,+1 Lap,14
2292,2008_1,bourdais,toro_rosso,14,7,2.0,17,55,Engine,18
2293,2008_1,raikkonen,ferrari,1,8,1.0,15,53,Engine,16
2294,2008_1,kubica,bmw_sauber,4,9,0.0,2,47,Collision,2
2295,2008_1,glock,toyota,12,10,0.0,18,43,Accident,9
2296,2008_1,sato,super_aguri,18,11,0.0,19,32,Transmission,20
2297,2008_1,piquet_jr,renault,6,12,0.0,20,30,Clutch,21
2298,2008_1,massa,ferrari,2,13,0.0,4,29,Engine,4
2299,2008_1,coulthard,red_bull,9,14,0.0,8,25,Collision,8
2300,2008_1,trulli,toyota,11,15,0.0,6,19,Electrical,6
2301,2008_1,sutil,force_india,20,16,0.0,22,8,Hydraulics,19
2302,2008_1,webber,red_bull,10,17,0.0,14,0,Collision,15
2303,2008_1,button,honda,16,18,0.0,12,0,Collision,13
2304,2008_1,davidson,super_aguri,19,19,0.0,21,0,Collision,22
2305,2008_1,vettel,toro_rosso,15,20,0.0,9,0,Collision,10
2306,2008_1,fisichella,force_india,21,21,0.0,16,0,Collision,17
2307,2008_1,barrichello,honda,17,22,0.0,10,58,Disqualified,11
2308,2008_2,raikkonen,ferrari,1,1,10.0,2,56,Finished,2
2309,2008_2,kubica,bmw_sauber,4,2,8.0,4,56,Finished,6
2310,2008_2,kovalainen,mclaren,23,3,6.0,8,56,Finished,3
2311,2008_2,trulli,toyota,11,4,5.0,3,56,Finished,5
2312,2008_2,hamilton,mclaren,22,5,4.0,9,56,Finished,4
2313,2008_2,heidfeld,bmw_sauber,3,6,3.0,5,56,Finished,7
2314,2008_2,webber,red_bull,10,7,2.0,6,56,Finished,8
2315,2008_2,alonso,renault,5,8,1.0,7,56,Finished,9
2316,2008_2,coulthard,red_bull,9,9,0.0,12,56,Finished,12
2317,2008_2,button,honda,16,10,0.0,11,56,Finished,11
2318,2008_2,piquet_jr,renault,6,11,0.0,13,56,Finished,13
2319,2008_2,fisichella,force_india,21,12,0.0,17,55,+1 Lap,17
2320,2008_2,barrichello,honda,17,13,0.0,14,55,+1 Lap,14
2321,2008_2,rosberg,williams,7,14,0.0,16,55,+1 Lap,16
2322,2008_2,davidson,super_aguri,19,15,0.0,21,55,+1 Lap,22
2323,2008_2,sato,super_aguri,18,16,0.0,19,54,+2 Laps,20
2324,2008_2,nakajima,williams,8,17,0.0,22,54,+2 Laps,18
2325,2008_2,vettel,toro_rosso,15,18,0.0,15,39,Engine,15
2326,2008_2,massa,ferrari,2,19,0.0,1,30,Spun off,1
2327,2008_2,sutil,force_india,20,20,0.0,20,5,Hydraulics,21
2328,2008_2,glock,toyota,12,21,0.0,10,1,Collision,10
2329,2008_2,bourdais,toro_rosso,14,22,0.0,18,0,Spun off,19
2330,2008_3,massa,ferrari,2,1,10.0,2,57,Finished,2
2331,2008_3,raikkonen,ferrari,1,2,8.0,4,57,Finished,4
2332,2008_3,kubica,bmw_sauber,4,3,6.0,1,57,Finished,1
2333,2008_3,heidfeld,bmw_sauber,3,4,5.0,6,57,Finished,6
2334,2008_3,kovalainen,mclaren,23,5,4.0,5,57,Finished,5
2335,2008_3,trulli,toyota,11,6,3.0,7,57,Finished,7
2336,2008_3,webber,red_bull,10,7,2.0,11,57,Finished,11
2337,2008_3,rosberg,williams,7,8,1.0,8,57,Finished,8
2338,2008_3,glock,toyota,12,9,0.0,13,57,Finished,13
2339,2008_3,alonso,renault,5,10,0.0,10,57,Finished,10
2340,2008_3,barrichello,honda,17,11,0.0,12,57,Finished,12
2341,2008_3,fisichella,force_india,21,12,0.0,18,56,+1 Lap,18
2342,2008_3,hamilton,mclaren,22,13,0.0,3,56,+1 Lap,3
2343,2008_3,nakajima,williams,8,14,0.0,16,56,+1 Lap,16
2344,2008_3,bourdais,toro_rosso,14,15,0.0,15,56,+1 Lap,15
2345,2008_3,davidson,super_aguri,19,16,0.0,21,56,+1 Lap,21
2346,2008_3,sato,super_aguri,18,17,0.0,22,56,+1 Lap,22
2347,2008_3,coulthard,red_bull,9,18,0.0,17,56,+1 Lap,17
2348,2008_3,sutil,force_india,20,19,0.0,20,56,+2 Laps,20
2349,2008_3,piquet_jr,renault,6,20,0.0,14,40,Gearbox,14
2350,2008_3,button,honda,16,21,0.0,9,19,Collision,9
2351,2008_3,vettel,toro_rosso,15,22,0.0,19,0,Engine,19
2352,2008_4,raikkonen,ferrari,1,1,10.0,1,66,Finished,1
2353,2008_4,massa,ferrari,2,2,8.0,3,66,Finished,3
2354,2008_4,hamilton,mclaren,22,3,6.0,5,66,Finished,5
2355,2008_4,kubica,bmw_sauber,4,4,5.0,4,66,Finished,4
2356,2008_4,webber,red_bull,10,5,4.0,7,66,Finished,7
2357,2008_4,button,honda,16,6,3.0,13,66,Finished,13
2358,2008_4,nakajima,williams,8,7,2.0,12,66,Finished,12
2359,2008_4,trulli,toyota,11,8,1.0,8,66,Finished,8
2360,2008_4,heidfeld,bmw_sauber,3,9,0.0,9,66,Finished,9
2361,2008_4,fisichella,force_india,21,10,0.0,19,65,+1 Lap,19
2362,2008_4,glock,toyota,12,11,0.0,14,65,+1 Lap,14
2363,2008_4,coulthard,red_bull,9,12,0.0,17,65,+1 Lap,17
2364,2008_4,sato,super_aguri,18,13,0.0,22,65,+1 Lap,22
2365,2008_4,rosberg,williams,7,14,0.0,15,41,Engine,15
2366,2008_4,alonso,renault,5,15,0.0,2,34,Engine,2
2367,2008_4,barrichello,honda,17,16,0.0,11,34,Collision,11
2368,2008_4,kovalainen,mclaren,23,17,0.0,6,21,Accident,6
2369,2008_4,davidson,super_aguri,19,18,0.0,21,8,Radiator,21
2370,2008_4,bourdais,toro_rosso,14,19,0.0,16,7,Collision,16
2371,2008_4,piquet_jr,renault,6,20,0.0,10,6,Collision,10
2372,2008_4,sutil,force_india,20,21,0.0,20,0,Collision,20
2373,2008_4,vettel,toro_rosso,15,22,0.0,18,0,Collision,18
2374,2008_5,massa,ferrari,2,1,10.0,1,58,Finished,1
2375,2008_5,hamilton,mclaren,22,2,8.0,3,58,Finished,3
2376,2008_5,raikkonen,ferrari,1,3,6.0,4,58,Finished,4
2377,2008_5,kubica,bmw_sauber,4,4,5.0,5,58,Finished,5
2378,2008_5,heidfeld,bmw_sauber,3,5,4.0,9,58,Finished,9
2379,2008_5,alonso,renault,5,6,3.0,7,58,Finished,7
2380,2008_5,webber,red_bull,10,7,2.0,6,58,Finished,6
2381,2008_5,rosberg,williams,7,8,1.0,11,58,Finished,11
2382,2008_5,coulthard,red_bull,9,9,0.0,10,58,Finished,10
2383,2008_5,trulli,toyota,11,10,0.0,8,58,Finished,8
2384,2008_5,button,honda,16,11,0.0,13,57,+1 Lap,13
2385,2008_5,kovalainen,mclaren,23,12,0.0,2,57,+1 Lap,2
2386,2008_5,glock,toyota,12,13,0.0,15,57,+1 Lap,15
2387,2008_5,barrichello,honda,17,14,0.0,12,57,+1 Lap,12
2388,2008_5,piquet_jr,renault,6,15,0.0,17,57,+1 Lap,17
2389,2008_5,sutil,force_india,20,16,0.0,19,57,+1 Lap,20
2390,2008_5,vettel,toro_rosso,15,17,0.0,14,57,+1 Lap,14
2391,2008_5,bourdais,toro_rosso,14,18,0.0,18,24,Suspension,18
2392,2008_5,nakajima,williams,8,19,0.0,16,1,Collision,16
2393,2008_5,fisichella,force_india,21,20,0.0,20,0,Collision,19
2394,2008_6,hamilton,mclaren,22,1,10.0,3,76,Finished,3
2395,2008_6,kubica,bmw_sauber,4,2,8.0,5,76,Finished,5
2396,2008_6,massa,ferrari,2,3,6.0,1,76,Finished,1
2397,2008_6,webber,red_bull,10,4,5.0,9,76,Finished,9
2398,2008_6,vettel,toro_rosso,15,5,4.0,19,76,Finished,18
2399,2008_6,barrichello,honda,17,6,3.0,14,76,Finished,15
2400,2008_6,nakajima,williams,8,7,2.0,13,76,Finished,14
2401,2008_6,kovalainen,mclaren,23,8,1.0,4,76,Finished,4
2402,2008_6,raikkonen,ferrari,1,9,0.0,2,76,Finished,2
2403,2008_6,alonso,renault,5,10,0.0,7,75,+1 Lap,7
2404,2008_6,button,honda,16,11,0.0,11,75,+1 Lap,12
2405,2008_6,glock,toyota,12,12,0.0,10,75,+1 Lap,11
2406,2008_6,trulli,toyota,11,13,0.0,8,75,+1 Lap,8
2407,2008_6,heidfeld,bmw_sauber,3,14,0.0,12,72,+4 Laps,13
2408,2008_6,sutil,force_india,20,15,0.0,18,67,Collision,19
2409,2008_6,rosberg,williams,7,16,0.0,6,59,Accident,6
2410,2008_6,piquet_jr,renault,6,17,0.0,17,47,Accident,17
2411,2008_6,fisichella,force_india,21,18,0.0,20,36,Gearbox,20
2412,2008_6,coulthard,red_bull,9,19,0.0,15,7,Accident,10
2413,2008_6,bourdais,toro_rosso,14,20,0.0,16,7,Collision,16
2414,2008_7,kubica,bmw_sauber,4,1,10.0,2,70,Finished,2
2415,2008_7,heidfeld,bmw_sauber,3,2,8.0,8,70,Finished,8
2416,2008_7,coulthard,red_bull,9,3,6.0,13,70,Finished,13
2417,2008_7,glock,toyota,12,4,5.0,11,70,Finished,11
2418,2008_7,massa,ferrari,2,5,4.0,6,70,Finished,6
2419,2008_7,trulli,toyota,11,6,3.0,14,70,Finished,14
2420,2008_7,barrichello,honda,17,7,2.0,9,70,Finished,9
2421,2008_7,vettel,toro_rosso,15,8,1.0,19,70,Finished,20
2422,2008_7,kovalainen,mclaren,23,9,0.0,7,70,Finished,7
2423,2008_7,rosberg,williams,7,10,0.0,5,70,Finished,5
2424,2008_7,button,honda,16,11,0.0,20,70,Finished,19
2425,2008_7,webber,red_bull,10,12,0.0,10,70,Finished,10
2426,2008_7,bourdais,toro_rosso,14,13,0.0,18,69,+1 Lap,16
2427,2008_7,fisichella,force_india,21,14,0.0,17,51,Spun off,18
2428,2008_7,nakajima,williams,8,15,0.0,12,46,Accident,12
2429,2008_7,alonso,renault,5,16,0.0,4,44,Spun off,4
2430,2008_7,piquet_jr,renault,6,17,0.0,15,43,Brakes,15
2431,2008_7,raikkonen,ferrari,1,18,0.0,3,19,Collision,3
2432,2008_7,hamilton,mclaren,22,19,0.0,1,19,Collision,1
2433,2008_7,sutil,force_india,20,20,0.0,16,13,Gearbox,17
2434,2008_8,massa,ferrari,2,1,10.0,2,70,Finished,2
2435,2008_8,raikkonen,ferrari,1,2,8.0,1,70,Finished,1
2436,2008_8,trulli,toyota,11,3,6.0,4,70,Finished,5
2437,2008_8,kovalainen,mclaren,23,4,5.0,10,70,Finished,6
2438,2008_8,kubica,bmw_sauber,4,5,4.0,5,70,Finished,7
2439,2008_8,webber,red_bull,10,6,3.0,6,70,Finished,8
2440,2008_8,piquet_jr,renault,6,7,2.0,9,70,Finished,11
2441,2008_8,alonso,renault,5,8,1.0,3,70,Finished,4
2442,2008_8,coulthard,red_bull,9,9,0.0,7,70,Finished,9
2443,2008_8,hamilton,mclaren,22,10,0.0,13,70,Finished,3
2444,2008_8,glock,toyota,12,11,0.0,8,70,Finished,10
2445,2008_8,vettel,toro_rosso,15,12,0.0,12,70,Finished,13
2446,2008_8,heidfeld,bmw_sauber,3,13,0.0,11,70,Finished,12
2447,2008_8,barrichello,honda,17,14,0.0,20,69,+1 Lap,18
2448,2008_8,nakajima,williams,8,15,0.0,15,69,+1 Lap,16
2449,2008_8,rosberg,williams,7,16,0.0,19,69,+1 Lap,15
2450,2008_8,bourdais,toro_rosso,14,17,0.0,14,69,+1 Lap,14
2451,2008_8,fisichella,force_india,21,18,0.0,17,69,+1 Lap,19
2452,2008_8,sutil,force_india,20,19,0.0,18,69,+1 Lap,20
2453,2008_8,button,honda,16,20,0.0,16,16,Collision,17
2454,2008_9,hamilton,mclaren,22,1,10.0,4,60,Finished,4
2455,2008_9,heidfeld,bmw_sauber,3,2,8.0,5,60,Finished,5
2456,2008_9,barrichello,honda,17,3,6.0,16,60,Finished,16
2457,2008_9,raikkonen,ferrari,1,4,5.0,3,59,+1 Lap,3
2458,2008_9,kovalainen,mclaren,23,5,4.0,1,59,+1 Lap,1
2459,2008_9,alonso,renault,5,6,3.0,6,59,+1 Lap,6
2460,2008_9,trulli,toyota,11,7,2.0,14,59,+1 Lap,14
2461,2008_9,nakajima,williams,8,8,1.0,15,59,+1 Lap,15
2462,2008_9,rosberg,williams,7,9,0.0,20,59,+1 Lap,18
2463,2008_9,webber,red_bull,10,10,0.0,2,59,+1 Lap,2
2464,2008_9,bourdais,toro_rosso,14,11,0.0,13,59,+1 Lap,13
2465,2008_9,glock,toyota,12,12,0.0,12,59,+1 Lap,12
2466,2008_9,massa,ferrari,2,13,0.0,9,58,+2 Laps,9
2467,2008_9,kubica,bmw_sauber,4,14,0.0,10,39,Spun off,10
2468,2008_9,button,honda,16,15,0.0,17,38,Spun off,17
2469,2008_9,piquet_jr,renault,6,16,0.0,7,35,Spun off,7
2470,2008_9,fisichella,force_india,21,17,0.0,19,16,Spun off,20
2471,2008_9,sutil,force_india,20,18,0.0,18,10,Spun off,19
2472,2008_9,vettel,toro_rosso,15,19,0.0,8,0,Collision,8
2473,2008_9,coulthard,red_bull,9,20,0.0,11,0,Collision,11
2474,2008_10,hamilton,mclaren,22,1,10.0,1,67,Finished,1
2475,2008_10,piquet_jr,renault,6,2,8.0,17,67,Finished,17
2476,2008_10,massa,ferrari,2,3,6.0,2,67,Finished,2
2477,2008_10,heidfeld,bmw_sauber,3,4,5.0,12,67,Finished,12
2478,2008_10,kovalainen,mclaren,23,5,4.0,3,67,Finished,3
2479,2008_10,raikkonen,ferrari,1,6,3.0,6,67,Finished,6
2480,2008_10,kubica,bmw_sauber,4,7,2.0,7,67,Finished,7
2481,2008_10,vettel,toro_rosso,15,8,1.0,9,67,Finished,9
2482,2008_10,trulli,toyota,11,9,0.0,4,67,Finished,4
2483,2008_10,rosberg,williams,7,10,0.0,13,67,Finished,13
2484,2008_10,alonso,renault,5,11,0.0,5,67,Finished,5
2485,2008_10,bourdais,toro_rosso,14,12,0.0,15,67,Finished,15
2486,2008_10,coulthard,red_bull,9,13,0.0,10,67,Finished,10
2487,2008_10,nakajima,williams,8,14,0.0,16,67,Finished,16
2488,2008_10,sutil,force_india,20,15,0.0,19,67,Finished,19
2489,2008_10,fisichella,force_india,21,16,0.0,20,67,Finished,20
2490,2008_10,button,honda,16,17,0.0,14,66,+1 Lap,14
2491,2008_10,barrichello,honda,17,18,0.0,18,50,Collision,18
2492,2008_10,webber,red_bull,10,19,0.0,8,40,Engine,8
2493,2008_10,glock,toyota,12,20,0.0,11,35,Suspension,11
2494,2008_11,kovalainen,mclaren,23,1,10.0,2,70,Finished,2
2495,2008_11,glock,toyota,12,2,8.0,5,70,Finished,5
2496,2008_11,raikkonen,ferrari,1,3,6.0,6,70,Finished,6
2497,2008_11,alonso,renault,5,4,5.0,7,70,Finished,7
2498,2008_11,hamilton,mclaren,22,5,4.0,1,70,Finished,1
2499,2008_11,piquet_jr,renault,6,6,3.0,10,70,Finished,10
2500,2008_11,trulli,toyota,11,7,2.0,9,70,Finished,9
2501,2008_11,kubica,bmw_sauber,4,8,1.0,4,70,Finished,4
2502,2008_11,webber,red_bull,10,9,0.0,8,70,Finished,8
2503,2008_11,heidfeld,bmw_sauber,3,10,0.0,15,70,Finished,16
2504,2008_11,coulthard,red_bull,9,11,0.0,13,70,Finished,13
2505,2008_11,button,honda,16,12,0.0,12,69,+1 Lap,12
2506,2008_11,nakajima,williams,8,13,0.0,16,69,+1 Lap,17
2507,2008_11,rosberg,williams,7,14,0.0,14,69,+1 Lap,15
2508,2008_11,fisichella,force_india,21,15,0.0,18,69,+1 Lap,19
2509,2008_11,barrichello,honda,17,16,0.0,17,68,+2 Laps,18
2510,2008_11,massa,ferrari,2,17,0.0,3,67,Engine,3
2511,2008_11,bourdais,toro_rosso,14,18,0.0,19,67,+3 Laps,14
2512,2008_11,sutil,force_india,20,19,0.0,20,62,Brakes,20
2513,2008_11,vettel,toro_rosso,15,20,0.0,11,22,Overheating,11
2514,2008_12,massa,ferrari,2,1,10.0,1,57,Finished,1
2515,2008_12,hamilton,mclaren,22,2,8.0,2,57,Finished,2
2516,2008_12,kubica,bmw_sauber,4,3,6.0,3,57,Finished,3
2517,2008_12,kovalainen,mclaren,23,4,5.0,5,57,Finished,5
2518,2008_12,trulli,toyota,11,5,4.0,7,57,Finished,7
2519,2008_12,vettel,toro_rosso,15,6,3.0,6,57,Finished,6
2520,2008_12,glock,toyota,12,7,2.0,13,57,Finished,13
2521,2008_12,rosberg,williams,7,8,1.0,9,57,Finished,9
2522,2008_12,heidfeld,bmw_sauber,3,9,0.0,8,57,Finished,8
2523,2008_12,bourdais,toro_rosso,14,10,0.0,10,57,Finished,10
2524,2008_12,piquet_jr,renault,6,11,0.0,15,57,Finished,15
2525,2008_12,webber,red_bull,10,12,0.0,14,56,+1 Lap,14
2526,2008_12,button,honda,16,13,0.0,16,56,+1 Lap,16
2527,2008_12,fisichella,force_india,21,14,0.0,18,56,+1 Lap,18
2528,2008_12,nakajima,williams,8,15,0.0,11,56,+1 Lap,11
2529,2008_12,barrichello,honda,17,16,0.0,19,56,+1 Lap,19
2530,2008_12,coulthard,red_bull,9,17,0.0,17,56,+1 Lap,17
2531,2008_12,raikkonen,ferrari,1,18,0.0,4,45,Engine,4
2532,2008_12,sutil,force_india,20,19,0.0,20,41,Accident,20
2533,2008_12,alonso,renault,5,20,0.0,12,0,Collision,12
2534,2008_13,massa,ferrari,2,1,10.0,2,44,Finished,2
2535,2008_13,heidfeld,bmw_sauber,3,2,8.0,5,44,Finished,5
2536,2008_13,hamilton,mclaren,22,3,6.0,1,44,Finished,1
2537,2008_13,alonso,renault,5,4,5.0,6,44,Finished,6
2538,2008_13,vettel,toro_rosso,15,5,4.0,10,44,Finished,10
2539,2008_13,kubica,bmw_sauber,4,6,3.0,8,44,Finished,8
2540,2008_13,bourdais,toro_rosso,14,7,2.0,9,44,Finished,9
2541,2008_13,webber,red_bull,10,8,1.0,7,44,Finished,7
2542,2008_13,glock,toyota,12,9,0.0,13,44,Finished,13
2543,2008_13,kovalainen,mclaren,23,10,0.0,3,43,Gearbox,3
2544,2008_13,coulthard,red_bull,9,11,0.0,14,43,+1 Lap,14
2545,2008_13,rosberg,williams,7,12,0.0,15,43,+1 Lap,15
2546,2008_13,sutil,force_india,20,13,0.0,18,43,+1 Lap,18
2547,2008_13,nakajima,williams,8,14,0.0,19,43,+1 Lap,19
2548,2008_13,button,honda,16,15,0.0,17,43,+1 Lap,17
2549,2008_13,trulli,toyota,11,16,0.0,11,43,+1 Lap,11
2550,2008_13,fisichella,force_india,21,17,0.0,20,43,+1 Lap,20
2551,2008_13,raikkonen,ferrari,1,18,0.0,4,42,Spun off,4
2552,2008_13,barrichello,honda,17,19,0.0,16,19,Gearbox,16
2553,2008_13,piquet_jr,renault,6,20,0.0,12,13,Spun off,12
2554,2008_14,vettel,toro_rosso,15,1,10.0,1,53,Finished,1
2555,2008_14,kovalainen,mclaren,23,2,8.0,2,53,Finished,2
2556,2008_14,kubica,bmw_sauber,4,3,6.0,11,53,Finished,11
2557,2008_14,alonso,renault,5,4,5.0,8,53,Finished,8
2558,2008_14,heidfeld,bmw_sauber,3,5,4.0,10,53,Finished,10
2559,2008_14,massa,ferrari,2,6,3.0,6,53,Finished,6
2560,2008_14,hamilton,mclaren,22,7,2.0,15,53,Finished,15
2561,2008_14,webber,red_bull,10,8,1.0,3,53,Finished,3
2562,2008_14,raikkonen,ferrari,1,9,0.0,14,53,Finished,14
2563,2008_14,piquet_jr,renault,6,10,0.0,17,53,Finished,17
2564,2008_14,glock,toyota,12,11,0.0,9,53,Finished,9
2565,2008_14,nakajima,williams,8,12,0.0,18,53,Finished,18
2566,2008_14,trulli,toyota,11,13,0.0,7,53,Finished,7
2567,2008_14,rosberg,williams,7,14,0.0,5,53,Finished,5
2568,2008_14,button,honda,16,15,0.0,19,53,Finished,19
2569,2008_14,coulthard,red_bull,9,16,0.0,13,52,+1 Lap,13
2570,2008_14,barrichello,honda,17,17,0.0,16,52,+1 Lap,16
2571,2008_14,bourdais,toro_rosso,14,18,0.0,4,52,+1 Lap,4
2572,2008_14,sutil,force_india,20,19,0.0,20,51,+2 Laps,20
2573,2008_14,fisichella,force_india,21,20,0.0,12,11,Accident,12
2574,2008_15,alonso,renault,5,1,10.0,15,61,Finished,15
2575,2008_15,rosberg,williams,7,2,8.0,8,61,Finished,9
2576,2008_15,hamilton,mclaren,22,3,6.0,2,61,Finished,2
2577,2008_15,glock,toyota,12,4,5.0,7,61,Finished,8
2578,2008_15,vettel,toro_rosso,15,5,4.0,6,61,Finished,7
2579,2008_15,heidfeld,bmw_sauber,3,6,3.0,9,61,Finished,6
2580,2008_15,coulthard,red_bull,9,7,2.0,14,61,Finished,14
2581,2008_15,nakajima,williams,8,8,1.0,10,61,Finished,10
2582,2008_15,button,honda,16,9,0.0,12,61,Finished,12
2583,2008_15,kovalainen,mclaren,23,10,0.0,5,61,Finished,5
2584,2008_15,kubica,bmw_sauber,4,11,0.0,4,61,Finished,4
2585,2008_15,bourdais,toro_rosso,14,12,0.0,17,61,Finished,17
2586,2008_15,massa,ferrari,2,13,0.0,1,61,Finished,1
2587,2008_15,fisichella,force_india,21,14,0.0,20,61,Finished,20
2588,2008_15,raikkonen,ferrari,1,15,0.0,3,57,Accident,3
2589,2008_15,trulli,toyota,11,16,0.0,11,50,Hydraulics,11
2590,2008_15,sutil,force_india,20,17,0.0,19,49,Accident,19
2591,2008_15,webber,red_bull,10,18,0.0,13,29,Transmission,13
2592,2008_15,barrichello,honda,17,19,0.0,18,14,Mechanical,18
2593,2008_15,piquet_jr,renault,6,20,0.0,16,13,Accident,16
2594,2008_16,alonso,renault,5,1,10.0,4,67,Finished,4
2595,2008_16,kubica,bmw_sauber,4,2,8.0,6,67,Finished,6
2596,2008_16,raikkonen,ferrari,1,3,6.0,2,67,Finished,2
2597,2008_16,piquet_jr,renault,6,4,5.0,12,67,Finished,12
2598,2008_16,trulli,toyota,11,5,4.0,7,67,Finished,7
2599,2008_16,vettel,toro_rosso,15,6,3.0,9,67,Finished,9
2600,2008_16,massa,ferrari,2,7,2.0,5,67,Finished,5
2601,2008_16,webber,red_bull,10,8,1.0,13,67,Finished,13
2602,2008_16,heidfeld,bmw_sauber,3,9,0.0,16,67,Finished,16
2603,2008_16,bourdais,toro_rosso,14,10,0.0,10,67,Finished,10
2604,2008_16,rosberg,williams,7,11,0.0,15,67,Finished,15
2605,2008_16,hamilton,mclaren,22,12,0.0,1,67,Finished,1
2606,2008_16,barrichello,honda,17,13,0.0,17,66,+1 Lap,17
2607,2008_16,button,honda,16,14,0.0,18,66,+1 Lap,18
2608,2008_16,nakajima,williams,8,15,0.0,14,66,+1 Lap,14
2609,2008_16,fisichella,force_india,21,16,0.0,20,21,Gearbox,20
2610,2008_16,kovalainen,mclaren,23,17,0.0,3,16,Engine,3
2611,2008_16,sutil,force_india,20,18,0.0,19,8,Tyre,19
2612,2008_16,glock,toyota,12,19,0.0,8,6,Driver Seat,8
2613,2008_16,coulthard,red_bull,9,20,0.0,11,0,Collision,11
2614,2008_17,hamilton,mclaren,22,1,10.0,1,56,Finished,1
2615,2008_17,massa,ferrari,2,2,8.0,3,56,Finished,3
2616,2008_17,raikkonen,ferrari,1,3,6.0,2,56,Finished,2
2617,2008_17,alonso,renault,5,4,5.0,4,56,Finished,4
2618,2008_17,heidfeld,bmw_sauber,3,5,4.0,9,56,Finished,7
2619,2008_17,kubica,bmw_sauber,4,6,3.0,11,56,Finished,12
2620,2008_17,glock,toyota,12,7,2.0,12,56,Finished,13
2621,2008_17,piquet_jr,renault,6,8,1.0,10,56,Finished,11
2622,2008_17,vettel,toro_rosso,15,9,0.0,6,56,Finished,8
2623,2008_17,coulthard,red_bull,9,10,0.0,15,56,Finished,16
2624,2008_17,barrichello,honda,17,11,0.0,13,56,Finished,14
2625,2008_17,nakajima,williams,8,12,0.0,17,56,Finished,17
2626,2008_17,bourdais,toro_rosso,14,13,0.0,8,56,Finished,10
2627,2008_17,webber,red_bull,10,14,0.0,16,56,Finished,6
2628,2008_17,rosberg,williams,7,15,0.0,14,55,+1 Lap,15
2629,2008_17,button,honda,16,16,0.0,18,55,+1 Lap,18
2630,2008_17,fisichella,force_india,21,17,0.0,20,55,+1 Lap,20
2631,2008_17,kovalainen,mclaren,23,18,0.0,5,49,Hydraulics,5
2632,2008_17,sutil,force_india,20,19,0.0,19,13,Engine,19
2633,2008_17,trulli,toyota,11,20,0.0,7,2,Collision,9
2634,2008_18,massa,ferrari,2,1,10.0,1,71,Finished,1
2635,2008_18,alonso,renault,5,2,8.0,6,71,Finished,6
2636,2008_18,raikkonen,ferrari,1,3,6.0,3,71,Finished,3
2637,2008_18,vettel,toro_rosso,15,4,5.0,7,71,Finished,7
2638,2008_18,hamilton,mclaren,22,5,4.0,4,71,Finished,4
2639,2008_18,glock,toyota,12,6,3.0,10,71,Finished,10
2640,2008_18,kovalainen,mclaren,23,7,2.0,5,71,Finished,5
2641,2008_18,trulli,toyota,11,8,1.0,2,71,Finished,2
2642,2008_18,webber,red_bull,10,9,0.0,12,71,Finished,12
2643,2008_18,heidfeld,bmw_sauber,3,10,0.0,8,70,+1 Lap,8
2644,2008_18,kubica,bmw_sauber,4,11,0.0,13,70,+1 Lap,13
2645,2008_18,rosberg,williams,7,12,0.0,18,70,+1 Lap,18
2646,2008_18,button,honda,16,13,0.0,17,70,+1 Lap,17
2647,2008_18,bourdais,toro_rosso,14,14,0.0,9,70,+1 Lap,9
2648,2008_18,barrichello,honda,17,15,0.0,15,70,+1 Lap,15
2649,2008_18,sutil,force_india,20,16,0.0,20,69,+2 Laps,20
2650,2008_18,nakajima,williams,8,17,0.0,16,69,+2 Laps,16
2651,2008_18,fisichella,force_india,21,18,0.0,19,69,+2 Laps,19
2652,2008_18,piquet_jr,renault,6,19,0.0,11,0,Accident,11
2653,2008_18,coulthard,red_bull,9,20,0.0,14,0,Collision,14
2654,2009_1,button,brawn,22,1,10.0,1,58,Finished,1
2655,2009_1,barrichello,brawn,23,2,8.0,2,58,Finished,2
2656,2009_1,trulli,toyota,9,3,6.0,20,58,Finished,8
2657,2009_1,glock,toyota,10,4,5.0,19,58,Finished,6
2658,2009_1,alonso,renault,7,5,4.0,10,58,Finished,12
2659,2009_1,rosberg,williams,16,6,3.0,5,58,Finished,5
2660,2009_1,buemi,toro_rosso,12,7,2.0,13,58,Finished,16
2661,2009_1,bourdais,toro_rosso,11,8,1.0,17,58,Finished,20
2662,2009_1,sutil,force_india,20,9,0.0,16,58,Finished,19
2663,2009_1,heidfeld,bmw_sauber,6,10,0.0,9,58,Finished,11
2664,2009_1,fisichella,force_india,21,11,0.0,15,58,Finished,18
2665,2009_1,webber,red_bull,14,12,0.0,8,57,+1 Lap,10
2666,2009_1,vettel,red_bull,15,13,0.0,3,56,Collision,3
2667,2009_1,kubica,bmw_sauber,5,14,0.0,4,55,Collision,4
2668,2009_1,raikkonen,ferrari,4,15,0.0,7,55,Differential,9
2669,2009_1,massa,ferrari,3,16,0.0,6,45,Suspension,7
2670,2009_1,piquet_jr,renault,8,17,0.0,14,24,Spun off,17
2671,2009_1,nakajima,williams,17,18,0.0,11,17,Accident,13
2672,2009_1,kovalainen,mclaren,2,19,0.0,12,0,Collision,14
2673,2009_1,hamilton,mclaren,1,20,0.0,18,58,Disqualified,15
2674,2009_2,button,brawn,22,1,5.0,1,31,Finished,1
2675,2009_2,heidfeld,bmw_sauber,6,2,4.0,10,31,Finished,11
2676,2009_2,glock,toyota,10,3,3.0,3,31,Finished,5
2677,2009_2,trulli,toyota,9,4,2.5,2,31,Finished,2
2678,2009_2,barrichello,brawn,23,5,2.0,8,31,Finished,4
2679,2009_2,webber,red_bull,14,6,1.5,5,31,Finished,7
2680,2009_2,hamilton,mclaren,1,7,1.0,12,31,Finished,13
2681,2009_2,rosberg,williams,16,8,0.5,4,31,Finished,6
2682,2009_2,massa,ferrari,3,9,0.0,16,31,Finished,16
2683,2009_2,bourdais,toro_rosso,11,10,0.0,15,31,Finished,15
2684,2009_2,alonso,renault,7,11,0.0,9,31,+1 Lap,10
2685,2009_2,nakajima,williams,17,12,0.0,11,31,+1 Lap,12
2686,2009_2,piquet_jr,renault,8,13,0.0,17,31,+1 Lap,17
2687,2009_2,raikkonen,ferrari,4,14,0.0,7,31,+1 Lap,9
2688,2009_2,vettel,red_bull,15,15,0.0,13,30,Spun off,3
2689,2009_2,buemi,toro_rosso,12,16,0.0,20,30,Spun off,20
2690,2009_2,sutil,force_india,20,17,0.0,19,30,+1 Lap,19
2691,2009_2,fisichella,force_india,21,18,0.0,18,29,Spun off,18
2692,2009_2,kubica,bmw_sauber,5,19,0.0,6,1,Engine,8
2693,2009_2,kovalainen,mclaren,2,20,0.0,14,0,Spun off,14
2694,2009_3,vettel,red_bull,15,1,10.0,1,56,Finished,1
2695,2009_3,webber,red_bull,14,2,8.0,3,56,Finished,3
2696,2009_3,button,brawn,22,3,6.0,5,56,Finished,5
2697,2009_3,barrichello,brawn,23,4,5.0,4,56,Finished,4
2698,2009_3,kovalainen,mclaren,2,5,4.0,12,56,Finished,12
2699,2009_3,hamilton,mclaren,1,6,3.0,9,56,Finished,9
2700,2009_3,glock,toyota,10,7,2.0,19,56,Finished,14
2701,2009_3,buemi,toro_rosso,12,8,1.0,10,56,Finished,10
2702,2009_3,alonso,renault,7,9,0.0,2,56,Finished,2
2703,2009_3,raikkonen,ferrari,4,10,0.0,8,56,Finished,8
2704,2009_3,bourdais,toro_rosso,11,11,0.0,15,56,Finished,16
2705,2009_3,heidfeld,bmw_sauber,6,12,0.0,11,56,Finished,11
2706,2009_3,kubica,bmw_sauber,5,13,0.0,17,56,Finished,18
2707,2009_3,fisichella,force_india,21,14,0.0,20,55,+1 Lap,20
2708,2009_3,rosberg,williams,16,15,0.0,7,55,+1 Lap,7
2709,2009_3,piquet_jr,renault,8,16,0.0,16,54,+2 Laps,17
2710,2009_3,sutil,force_india,20,17,0.0,18,50,Spun off,19
2711,2009_3,nakajima,williams,17,18,0.0,14,43,Retired,15
2712,2009_3,massa,ferrari,3,19,0.0,13,20,Electronics,13
2713,2009_3,trulli,toyota,9,20,0.0,6,18,Collision,6
2714,2009_4,button,brawn,22,1,10.0,4,57,Finished,4
2715,2009_4,vettel,red_bull,15,2,8.0,3,57,Finished,3
2716,2009_4,trulli,toyota,9,3,6.0,1,57,Finished,1
2717,2009_4,hamilton,mclaren,1,4,5.0,5,57,Finished,5
2718,2009_4,barrichello,brawn,23,5,4.0,6,57,Finished,6
2719,2009_4,raikkonen,ferrari,4,6,3.0,10,57,Finished,10
2720,2009_4,glock,toyota,10,7,2.0,2,57,Finished,2
2721,2009_4,alonso,renault,7,8,1.0,7,57,Finished,7
2722,2009_4,rosberg,williams,16,9,0.0,9,57,Finished,9
2723,2009_4,piquet_jr,renault,8,10,0.0,15,57,Finished,15
2724,2009_4,webber,red_bull,14,11,0.0,18,57,Finished,19
2725,2009_4,kovalainen,mclaren,2,12,0.0,11,57,Finished,11
2726,2009_4,bourdais,toro_rosso,11,13,0.0,20,57,Finished,20
2727,2009_4,massa,ferrari,3,14,0.0,8,56,+1 Lap,8
2728,2009_4,fisichella,force_india,21,15,0.0,17,56,+1 Lap,18
2729,2009_4,sutil,force_india,20,16,0.0,19,56,+1 Lap,16
2730,2009_4,buemi,toro_rosso,12,17,0.0,16,56,+1 Lap,17
2731,2009_4,kubica,bmw_sauber,5,18,0.0,13,56,+1 Lap,13
2732,2009_4,heidfeld,bmw_sauber,6,19,0.0,14,56,+1 Lap,14
2733,2009_4,nakajima,williams,17,20,0.0,12,48,Oil pressure,12
2734,2009_5,button,brawn,22,1,10.0,1,66,Finished,1
2735,2009_5,barrichello,brawn,23,2,8.0,3,66,Finished,3
2736,2009_5,webber,red_bull,14,3,6.0,5,66,Finished,5
2737,2009_5,vettel,red_bull,15,4,5.0,2,66,Finished,2
2738,2009_5,alonso,renault,7,5,4.0,8,66,Finished,8
2739,2009_5,massa,ferrari,3,6,3.0,4,66,Finished,4
2740,2009_5,heidfeld,bmw_sauber,6,7,2.0,13,66,Finished,13
2741,2009_5,rosberg,williams,16,8,1.0,9,66,Finished,9
2742,2009_5,hamilton,mclaren,1,9,0.0,14,65,+1 Lap,14
2743,2009_5,glock,toyota,10,10,0.0,6,65,+1 Lap,6
2744,2009_5,kubica,bmw_sauber,5,11,0.0,10,65,+1 Lap,10
2745,2009_5,piquet_jr,renault,8,12,0.0,12,65,+1 Lap,12
2746,2009_5,nakajima,williams,17,13,0.0,11,65,+1 Lap,11
2747,2009_5,fisichella,force_india,21,14,0.0,20,65,+1 Lap,20
2748,2009_5,raikkonen,ferrari,4,15,0.0,16,17,Hydraulics,16
2749,2009_5,kovalainen,mclaren,2,16,0.0,18,7,Gearbox,18
2750,2009_5,trulli,toyota,9,17,0.0,7,0,Collision,7
2751,2009_5,buemi,toro_rosso,12,18,0.0,15,0,Collision,15
2752,2009_5,bourdais,toro_rosso,11,19,0.0,17,0,Collision,17
2753,2009_5,sutil,force_india,20,20,0.0,19,0,Collision,19
2754,2009_6,button,brawn,22,1,10.0,1,78,Finished,1
2755,2009_6,barrichello,brawn,23,2,8.0,3,78,Finished,3
2756,2009_6,raikkonen,ferrari,4,3,6.0,2,78,Finished,2
2757,2009_6,massa,ferrari,3,4,5.0,5,78,Finished,5
2758,2009_6,webber,red_bull,14,5,4.0,8,78,Finished,8
2759,2009_6,rosberg,williams,16,6,3.0,6,78,Finished,6
2760,2009_6,alonso,renault,7,7,2.0,9,78,Finished,9
2761,2009_6,bourdais,toro_rosso,11,8,1.0,14,78,Finished,14
2762,2009_6,fisichella,force_india,21,9,0.0,13,78,Finished,13
2763,2009_6,glock,toyota,10,10,0.0,20,77,+1 Lap,20
2764,2009_6,heidfeld,bmw_sauber,6,11,0.0,16,77,+1 Lap,17
2765,2009_6,hamilton,mclaren,1,12,0.0,19,77,+1 Lap,16
2766,2009_6,trulli,toyota,9,13,0.0,18,77,+1 Lap,19
2767,2009_6,sutil,force_india,20,14,0.0,15,77,+1 Lap,15
2768,2009_6,nakajima,williams,17,15,0.0,10,76,Accident,10
2769,2009_6,kovalainen,mclaren,2,16,0.0,7,51,Accident,7
2770,2009_6,kubica,bmw_sauber,5,17,0.0,17,28,Brakes,18
2771,2009_6,vettel,red_bull,15,18,0.0,4,15,Accident,4
2772,2009_6,piquet_jr,renault,8,19,0.0,12,10,Collision,12
2773,2009_6,buemi,toro_rosso,12,20,0.0,11,10,Collision,11
2774,2009_7,button,brawn,22,1,10.0,2,58,Finished,2
2775,2009_7,webber,red_bull,14,2,8.0,4,58,Finished,4
2776,2009_7,vettel,red_bull,15,3,6.0,1,58,Finished,1
2777,2009_7,trulli,toyota,9,4,5.0,5,58,Finished,5
2778,2009_7,rosberg,williams,16,5,4.0,9,58,Finished,9
2779,2009_7,massa,ferrari,3,6,3.0,7,58,Finished,7
2780,2009_7,kubica,bmw_sauber,5,7,2.0,10,58,Finished,10
2781,2009_7,glock,toyota,10,8,1.0,13,58,Finished,13
2782,2009_7,raikkonen,ferrari,4,9,0.0,6,58,Finished,6
2783,2009_7,alonso,renault,7,10,0.0,8,58,Finished,8
2784,2009_7,heidfeld,bmw_sauber,6,11,0.0,11,58,Finished,11
2785,2009_7,nakajima,williams,17,12,0.0,12,58,Finished,12
2786,2009_7,hamilton,mclaren,1,13,0.0,16,58,Finished,16
2787,2009_7,kovalainen,mclaren,2,14,0.0,14,57,+1 Lap,14
2788,2009_7,buemi,toro_rosso,12,15,0.0,18,57,+1 Lap,18
2789,2009_7,piquet_jr,renault,8,16,0.0,17,57,+1 Lap,17
2790,2009_7,sutil,force_india,20,17,0.0,15,57,+1 Lap,15
2791,2009_7,bourdais,toro_rosso,11,18,0.0,20,57,+1 Lap,20
2792,2009_7,barrichello,brawn,23,19,0.0,3,47,Gearbox,3
2793,2009_7,fisichella,force_india,21,20,0.0,19,4,Brakes,19
2794,2009_8,vettel,red_bull,15,1,10.0,1,60,Finished,1
2795,2009_8,webber,red_bull,14,2,8.0,3,60,Finished,3
2796,2009_8,barrichello,brawn,23,3,6.0,2,60,Finished,2
2797,2009_8,massa,ferrari,3,4,5.0,11,60,Finished,11
2798,2009_8,rosberg,williams,16,5,4.0,7,60,Finished,7
2799,2009_8,button,brawn,22,6,3.0,6,60,Finished,6
2800,2009_8,trulli,toyota,9,7,2.0,4,60,Finished,4
2801,2009_8,raikkonen,ferrari,4,8,1.0,9,60,Finished,9
2802,2009_8,glock,toyota,10,9,0.0,8,60,Finished,8
2803,2009_8,fisichella,force_india,21,10,0.0,16,60,Finished,16
2804,2009_8,nakajima,williams,17,11,0.0,5,60,Finished,5
2805,2009_8,piquet_jr,renault,8,12,0.0,14,59,+1 Lap,14
2806,2009_8,kubica,bmw_sauber,5,13,0.0,12,59,+1 Lap,12
2807,2009_8,alonso,renault,7,14,0.0,10,59,+1 Lap,10
2808,2009_8,heidfeld,bmw_sauber,6,15,0.0,15,59,+1 Lap,15
2809,2009_8,hamilton,mclaren,1,16,0.0,18,59,+1 Lap,19
2810,2009_8,sutil,force_india,20,17,0.0,20,59,+1 Lap,18
2811,2009_8,buemi,toro_rosso,12,18,0.0,19,59,+1 Lap,20
2812,2009_8,bourdais,toro_rosso,11,19,0.0,17,37,Collision,17
2813,2009_8,kovalainen,mclaren,2,20,0.0,13,36,Collision,13
2814,2009_9,webber,red_bull,14,1,10.0,1,60,Finished,1
2815,2009_9,vettel,red_bull,15,2,8.0,4,60,Finished,4
2816,2009_9,massa,ferrari,3,3,6.0,8,60,Finished,8
2817,2009_9,rosberg,williams,16,4,5.0,15,60,Finished,15
2818,2009_9,button,brawn,22,5,4.0,3,60,Finished,3
2819,2009_9,barrichello,brawn,23,6,3.0,2,60,Finished,2
2820,2009_9,alonso,renault,7,7,2.0,12,60,Finished,12
2821,2009_9,kovalainen,mclaren,2,8,1.0,6,60,Finished,6
2822,2009_9,glock,toyota,10,9,0.0,20,60,Finished,19
2823,2009_9,heidfeld,bmw_sauber,6,10,0.0,11,60,Finished,11
2824,2009_9,fisichella,force_india,21,11,0.0,18,60,Finished,18
2825,2009_9,nakajima,williams,17,12,0.0,13,60,Finished,13
2826,2009_9,piquet_jr,renault,8,13,0.0,10,60,Finished,10
2827,2009_9,kubica,bmw_sauber,5,14,0.0,16,60,Finished,16
2828,2009_9,sutil,force_india,20,15,0.0,7,60,Finished,7
2829,2009_9,buemi,toro_rosso,12,16,0.0,17,60,Finished,17
2830,2009_9,trulli,toyota,9,17,0.0,14,60,Finished,14
2831,2009_9,hamilton,mclaren,1,18,0.0,5,59,+1 Lap,5
2832,2009_9,raikkonen,ferrari,4,19,0.0,9,34,Engine,9
2833,2009_9,bourdais,toro_rosso,11,20,0.0,19,18,Hydraulics,20
2834,2009_10,hamilton,mclaren,1,1,10.0,4,70,Finished,4
2835,2009_10,raikkonen,ferrari,4,2,8.0,7,70,Finished,7
2836,2009_10,webber,red_bull,14,3,6.0,3,70,Finished,3
2837,2009_10,rosberg,williams,16,4,5.0,5,70,Finished,5
2838,2009_10,kovalainen,mclaren,2,5,4.0,6,70,Finished,6
2839,2009_10,glock,toyota,10,6,3.0,13,70,Finished,14
2840,2009_10,button,brawn,22,7,2.0,8,70,Finished,8
2841,2009_10,trulli,toyota,9,8,1.0,11,70,Finished,12
2842,2009_10,nakajima,williams,17,9,0.0,9,70,Finished,9
2843,2009_10,barrichello,brawn,23,10,0.0,12,70,Finished,13
2844,2009_10,heidfeld,bmw_sauber,6,11,0.0,15,70,Finished,16
2845,2009_10,piquet_jr,renault,8,12,0.0,14,70,Finished,15
2846,2009_10,kubica,bmw_sauber,5,13,0.0,18,70,Finished,19
2847,2009_10,fisichella,force_india,21,14,0.0,16,69,+1 Lap,17
2848,2009_10,alguersuari,toro_rosso,11,15,0.0,19,69,+1 Lap,20
2849,2009_10,buemi,toro_rosso,12,16,0.0,10,69,+1 Lap,11
2850,2009_10,vettel,red_bull,15,17,0.0,2,29,Suspension,2
2851,2009_10,alonso,renault,7,18,0.0,1,15,Wheel,1
2852,2009_10,sutil,force_india,20,19,0.0,17,1,Overheating,18
2853,2009_10,massa,ferrari,3,20,0.0,0,0,Withdrew,10
2854,2009_11,barrichello,brawn,23,1,10.0,3,57,Finished,3
2855,2009_11,hamilton,mclaren,1,2,8.0,1,57,Finished,1
2856,2009_11,raikkonen,ferrari,4,3,6.0,6,57,Finished,6
2857,2009_11,kovalainen,mclaren,2,4,5.0,2,57,Finished,2
2858,2009_11,rosberg,williams,16,5,4.0,7,57,Finished,7
2859,2009_11,alonso,renault,7,6,3.0,8,57,Finished,8
2860,2009_11,button,brawn,22,7,2.0,5,57,Finished,5
2861,2009_11,kubica,bmw_sauber,5,8,1.0,10,57,Finished,10
2862,2009_11,webber,red_bull,14,9,0.0,9,57,Finished,9
2863,2009_11,sutil,force_india,20,10,0.0,12,57,Finished,12
2864,2009_11,heidfeld,bmw_sauber,6,11,0.0,11,57,Finished,11
2865,2009_11,fisichella,force_india,21,12,0.0,16,57,Finished,16
2866,2009_11,trulli,toyota,9,13,0.0,18,57,Finished,18
2867,2009_11,glock,toyota,10,14,0.0,13,57,Finished,13
2868,2009_11,grosjean,renault,8,15,0.0,14,57,Finished,14
2869,2009_11,alguersuari,toro_rosso,11,16,0.0,19,56,+1 Lap,19
2870,2009_11,badoer,ferrari,3,17,0.0,20,56,+1 Lap,20
2871,2009_11,nakajima,williams,17,18,0.0,17,54,+3 Laps,17
2872,2009_11,buemi,toro_rosso,12,19,0.0,15,41,Brakes,15
2873,2009_11,vettel,red_bull,15,20,0.0,4,23,Engine,4
2874,2009_12,raikkonen,ferrari,4,1,10.0,6,44,Finished,6
2875,2009_12,fisichella,force_india,21,2,8.0,1,44,Finished,1
2876,2009_12,vettel,red_bull,15,3,6.0,8,44,Finished,8
2877,2009_12,kubica,bmw_sauber,5,4,5.0,5,44,Finished,5
2878,2009_12,heidfeld,bmw_sauber,6,5,4.0,3,44,Finished,3
2879,2009_12,kovalainen,mclaren,2,6,3.0,15,44,Finished,15
2880,2009_12,barrichello,brawn,23,7,2.0,4,44,Finished,4
2881,2009_12,rosberg,williams,16,8,1.0,10,44,Finished,10
2882,2009_12,webber,red_bull,14,9,0.0,9,44,Finished,9
2883,2009_12,glock,toyota,10,10,0.0,7,44,Finished,7
2884,2009_12,sutil,force_india,20,11,0.0,11,44,Finished,11
2885,2009_12,buemi,toro_rosso,12,12,0.0,16,44,Finished,16
2886,2009_12,nakajima,williams,17,13,0.0,18,44,Finished,18
2887,2009_12,badoer,ferrari,3,14,0.0,20,44,Finished,20
2888,2009_12,alonso,renault,7,15,0.0,13,26,Retired,13
2889,2009_12,trulli,toyota,9,16,0.0,2,21,Brakes,2
2890,2009_12,button,brawn,22,17,0.0,14,0,Collision,14
2891,2009_12,grosjean,renault,8,18,0.0,19,0,Collision,19
2892,2009_12,hamilton,mclaren,1,19,0.0,12,0,Collision,12
2893,2009_12,alguersuari,toro_rosso,11,20,0.0,17,0,Collision,17
2894,2009_13,barrichello,brawn,23,1,10.0,5,53,Finished,5
2895,2009_13,button,brawn,22,2,8.0,6,53,Finished,6
2896,2009_13,raikkonen,ferrari,4,3,6.0,3,53,Finished,3
2897,2009_13,sutil,force_india,20,4,5.0,2,53,Finished,2
2898,2009_13,alonso,renault,7,5,4.0,8,53,Finished,8
2899,2009_13,kovalainen,mclaren,2,6,3.0,4,53,Finished,4
2900,2009_13,heidfeld,bmw_sauber,6,7,2.0,15,53,Finished,15
2901,2009_13,vettel,red_bull,15,8,1.0,9,53,Finished,9
2902,2009_13,fisichella,ferrari,3,9,0.0,14,53,Finished,14
2903,2009_13,nakajima,williams,17,10,0.0,17,53,Finished,17
2904,2009_13,glock,toyota,10,11,0.0,16,53,Finished,16
2905,2009_13,hamilton,mclaren,1,12,0.0,1,52,Accident,1
2906,2009_13,buemi,toro_rosso,12,13,0.0,19,52,+1 Lap,19
2907,2009_13,trulli,toyota,9,14,0.0,11,52,+1 Lap,11
2908,2009_13,grosjean,renault,8,15,0.0,12,52,+1 Lap,12
2909,2009_13,rosberg,williams,16,16,0.0,18,51,+2 Laps,18
2910,2009_13,liuzzi,force_india,21,17,0.0,7,22,Transmission,7
2911,2009_13,alguersuari,toro_rosso,11,18,0.0,20,19,Retired,20
2912,2009_13,kubica,bmw_sauber,5,19,0.0,13,15,Oil leak,13
2913,2009_13,webber,red_bull,14,20,0.0,10,0,Collision,10
2914,2009_14,hamilton,mclaren,1,1,10.0,1,61,Finished,1
2915,2009_14,glock,toyota,10,2,8.0,6,61,Finished,7
2916,2009_14,alonso,renault,7,3,6.0,5,61,Finished,6
2917,2009_14,vettel,red_bull,15,4,5.0,2,61,Finished,2
2918,2009_14,button,brawn,22,5,4.0,11,61,Finished,12
2919,2009_14,barrichello,brawn,23,6,3.0,9,61,Finished,5
2920,2009_14,kovalainen,mclaren,2,7,2.0,8,61,Finished,10
2921,2009_14,kubica,bmw_sauber,5,8,1.0,7,61,Finished,9
2922,2009_14,nakajima,williams,17,9,0.0,10,61,Finished,11
2923,2009_14,raikkonen,ferrari,4,10,0.0,12,61,Finished,13
2924,2009_14,rosberg,williams,16,11,0.0,3,61,Finished,3
2925,2009_14,trulli,toyota,9,12,0.0,14,61,Finished,15
2926,2009_14,fisichella,ferrari,3,13,0.0,17,61,Finished,18
2927,2009_14,liuzzi,force_india,21,14,0.0,19,61,Finished,20
2928,2009_14,alguersuari,toro_rosso,11,15,0.0,16,47,Brakes,17
2929,2009_14,buemi,toro_rosso,12,16,0.0,13,47,Gearbox,14
2930,2009_14,webber,red_bull,14,17,0.0,4,45,Brakes,4
2931,2009_14,sutil,force_india,20,18,0.0,15,23,Collision,16
2932,2009_14,heidfeld,bmw_sauber,6,19,0.0,20,19,Collision,8
2933,2009_14,grosjean,renault,8,20,0.0,18,3,Brakes,19
2934,2009_15,vettel,red_bull,15,1,10.0,1,53,Finished,1
2935,2009_15,trulli,toyota,9,2,8.0,2,53,Finished,2
2936,2009_15,hamilton,mclaren,1,3,6.0,3,53,Finished,3
2937,2009_15,raikkonen,ferrari,4,4,5.0,5,53,Finished,8
2938,2009_15,rosberg,williams,16,5,4.0,7,53,Finished,11
2939,2009_15,heidfeld,bmw_sauber,6,6,3.0,4,53,Finished,6
2940,2009_15,barrichello,brawn,23,7,2.0,6,53,Finished,5
2941,2009_15,button,brawn,22,8,1.0,10,53,Finished,7
2942,2009_15,kubica,bmw_sauber,5,9,0.0,9,53,Finished,13
2943,2009_15,alonso,renault,7,10,0.0,16,53,Finished,12
2944,2009_15,kovalainen,mclaren,2,11,0.0,11,53,Finished,9
2945,2009_15,fisichella,ferrari,3,12,0.0,14,53,Finished,16
2946,2009_15,sutil,force_india,20,13,0.0,8,53,Finished,4
2947,2009_15,liuzzi,force_india,21,14,0.0,18,53,Finished,19
2948,2009_15,nakajima,williams,17,15,0.0,15,53,Finished,17
2949,2009_15,grosjean,renault,8,16,0.0,17,52,+1 Lap,18
2950,2009_15,webber,red_bull,14,17,0.0,19,51,+2 Laps,20
2951,2009_15,alguersuari,toro_rosso,11,18,0.0,12,43,Accident,15
2952,2009_15,buemi,toro_rosso,12,19,0.0,13,11,Clutch,10
2953,2009_15,glock,toyota,10,20,0.0,20,0,Injured,14
2954,2009_16,webber,red_bull,14,1,10.0,2,71,Finished,2
2955,2009_16,kubica,bmw_sauber,5,2,8.0,8,71,Finished,8
2956,2009_16,hamilton,mclaren,1,3,6.0,17,71,Finished,18
2957,2009_16,vettel,red_bull,15,4,5.0,15,71,Finished,16
2958,2009_16,button,brawn,22,5,4.0,14,71,Finished,14
2959,2009_16,raikkonen,ferrari,4,6,3.0,5,71,Finished,5
2960,2009_16,buemi,toro_rosso,12,7,2.0,6,71,Finished,6
2961,2009_16,barrichello,brawn,23,8,1.0,1,71,Finished,1
2962,2009_16,kovalainen,mclaren,2,9,0.0,16,71,Finished,17
2963,2009_16,kobayashi,toyota,10,10,0.0,11,71,Finished,11
2964,2009_16,fisichella,ferrari,3,11,0.0,19,71,Finished,20
2965,2009_16,liuzzi,force_india,21,12,0.0,20,71,Finished,15
2966,2009_16,grosjean,renault,8,13,0.0,13,70,+1 Lap,13
2967,2009_16,alguersuari,toro_rosso,11,14,0.0,12,70,+1 Lap,12
2968,2009_16,nakajima,williams,17,15,0.0,9,30,Accident,9
2969,2009_16,rosberg,williams,16,16,0.0,7,27,Gearbox,7
2970,2009_16,heidfeld,bmw_sauber,6,17,0.0,18,21,Out of fuel,19
2971,2009_16,sutil,force_india,20,18,0.0,3,0,Accident,3
2972,2009_16,trulli,toyota,9,19,0.0,4,0,Accident,4
2973,2009_16,alonso,renault,7,20,0.0,10,0,Accident,10
2974,2009_17,vettel,red_bull,15,1,10.0,2,55,Finished,2
2975,2009_17,webber,red_bull,14,2,8.0,3,55,Finished,3
2976,2009_17,button,brawn,22,3,6.0,5,55,Finished,5
2977,2009_17,barrichello,brawn,23,4,5.0,4,55,Finished,4
2978,2009_17,heidfeld,bmw_sauber,6,5,4.0,8,55,Finished,8
2979,2009_17,kobayashi,toyota,10,6,3.0,12,55,Finished,12
2980,2009_17,trulli,toyota,9,7,2.0,6,55,Finished,6
2981,2009_17,buemi,toro_rosso,12,8,1.0,10,55,Finished,10
2982,2009_17,rosberg,williams,16,9,0.0,9,55,Finished,9
2983,2009_17,kubica,bmw_sauber,5,10,0.0,7,55,Finished,7
2984,2009_17,kovalainen,mclaren,2,11,0.0,18,55,Finished,13
2985,2009_17,raikkonen,ferrari,4,12,0.0,11,55,Finished,11
2986,2009_17,nakajima,williams,17,13,0.0,13,55,Finished,14
2987,2009_17,alonso,renault,7,14,0.0,15,55,Finished,16
2988,2009_17,liuzzi,force_india,21,15,0.0,16,55,Finished,17
2989,2009_17,fisichella,ferrari,3,16,0.0,20,54,+1 Lap,20
2990,2009_17,sutil,force_india,20,17,0.0,17,54,+1 Lap,18
2991,2009_17,grosjean,renault,8,18,0.0,19,54,+1 Lap,19
2992,2009_17,hamilton,mclaren,1,19,0.0,1,20,Brakes,1
2993,2009_17,alguersuari,toro_rosso,11,20,0.0,14,18,Gearbox,15
2994,2010_1,alonso,ferrari,8,1,25.0,3,49,Finished,3
2995,2010_1,massa,ferrari,7,2,18.0,2,49,Finished,2
2996,2010_1,hamilton,mclaren,2,3,15.0,4,49,Finished,4
2997,2010_1,vettel,red_bull,5,4,12.0,1,49,Finished,1
2998,2010_1,rosberg,mercedes,4,5,10.0,5,49,Finished,5
2999,2010_1,michael_schumacher,mercedes,3,6,8.0,7,49,Finished,7
3000,2010_1,button,mclaren,1,7,6.0,8,49,Finished,8
3001,2010_1,webber,red_bull,6,8,4.0,6,49,Finished,6
3002,2010_1,liuzzi,force_india,15,9,2.0,12,49,Finished,12
3003,2010_1,barrichello,williams,9,10,1.0,11,49,Finished,11
3004,2010_1,kubica,renault,11,11,0.0,9,49,Finished,9
3005,2010_1,sutil,force_india,14,12,0.0,10,49,Finished,10
3006,2010_1,alguersuari,toro_rosso,17,13,0.0,18,49,Finished,18
3007,2010_1,hulkenberg,williams,10,14,0.0,13,48,+1 Lap,13
3008,2010_1,kovalainen,lotus_racing,19,15,0.0,21,47,+2 Laps,21
3009,2010_1,buemi,toro_rosso,16,16,0.0,15,46,Electrical,15
3010,2010_1,trulli,lotus_racing,18,17,0.0,20,46,Hydraulics,20
3011,2010_1,rosa,sauber,22,18,0.0,14,28,Hydraulics,14
3012,2010_1,bruno_senna,hrt,21,19,0.0,23,17,Overheating,23
3013,2010_1,glock,virgin,24,20,0.0,19,16,Gearbox,19
3014,2010_1,petrov,renault,12,21,0.0,17,13,Suspension,17
3015,2010_1,kobayashi,sauber,23,22,0.0,16,11,Hydraulics,16
3016,2010_1,grassi,virgin,25,23,0.0,22,2,Hydraulics,22
3017,2010_1,chandhok,hrt,20,24,0.0,24,1,Accident,24
3018,2010_2,button,mclaren,1,1,25.0,4,58,Finished,4
3019,2010_2,kubica,renault,11,2,18.0,9,58,Finished,9
3020,2010_2,massa,ferrari,7,3,15.0,5,58,Finished,5
3021,2010_2,alonso,ferrari,8,4,12.0,3,58,Finished,3
3022,2010_2,rosberg,mercedes,4,5,10.0,6,58,Finished,6
3023,2010_2,hamilton,mclaren,2,6,8.0,11,58,Finished,11
3024,2010_2,liuzzi,force_india,15,7,6.0,13,58,Finished,13
3025,2010_2,barrichello,williams,9,8,4.0,8,58,Finished,8
3026,2010_2,webber,red_bull,6,9,2.0,2,58,Finished,2
3027,2010_2,michael_schumacher,mercedes,3,10,1.0,7,58,Finished,7
3028,2010_2,alguersuari,toro_rosso,17,11,0.0,17,58,Finished,17
3029,2010_2,rosa,sauber,22,12,0.0,14,58,Finished,14
3030,2010_2,kovalainen,lotus_racing,19,13,0.0,19,56,+2 Laps,19
3031,2010_2,chandhok,hrt,20,14,0.0,22,53,+5 Laps,24
3032,2010_2,glock,virgin,24,15,0.0,23,41,Suspension,21
3033,2010_2,grassi,virgin,25,16,0.0,24,26,Hydraulics,22
3034,2010_2,vettel,red_bull,5,17,0.0,1,25,Wheel,1
3035,2010_2,sutil,force_india,14,18,0.0,10,9,Engine,10
3036,2010_2,petrov,renault,12,19,0.0,18,9,Spun off,18
3037,2010_2,bruno_senna,hrt,21,20,0.0,21,4,Hydraulics,23
3038,2010_2,buemi,toro_rosso,16,21,0.0,12,0,Collision,12
3039,2010_2,hulkenberg,williams,10,22,0.0,15,0,Collision,15
3040,2010_2,kobayashi,sauber,23,23,0.0,16,0,Collision,16
3041,2010_2,trulli,lotus_racing,18,24,0.0,20,0,Hydraulics,20
3042,2010_3,vettel,red_bull,5,1,25.0,3,56,Finished,3
3043,2010_3,webber,red_bull,6,2,18.0,1,56,Finished,1
3044,2010_3,rosberg,mercedes,4,3,15.0,2,56,Finished,2
3045,2010_3,kubica,renault,11,4,12.0,6,56,Finished,6
3046,2010_3,sutil,force_india,14,5,10.0,4,56,Finished,4
3047,2010_3,hamilton,mclaren,2,6,8.0,20,56,Finished,20
3048,2010_3,massa,ferrari,7,7,6.0,21,56,Finished,21
3049,2010_3,button,mclaren,1,8,4.0,17,56,Finished,17
3050,2010_3,alguersuari,toro_rosso,17,9,2.0,14,56,Finished,14
3051,2010_3,hulkenberg,williams,10,10,1.0,5,56,Finished,5
3052,2010_3,buemi,toro_rosso,16,11,0.0,13,56,Finished,13
3053,2010_3,barrichello,williams,9,12,0.0,7,55,+1 Lap,7
3054,2010_3,alonso,ferrari,8,13,0.0,19,54,Engine,19
3055,2010_3,grassi,virgin,25,14,0.0,24,53,+3 Laps,24
3056,2010_3,chandhok,hrt,20,15,0.0,22,53,+3 Laps,22
3057,2010_3,bruno_senna,hrt,21,16,0.0,23,52,+4 Laps,23
3058,2010_3,trulli,lotus_racing,18,17,0.0,18,51,+5 Laps,18
3059,2010_3,kovalainen,lotus_racing,19,18,0.0,15,46,+10 Laps,15
3060,2010_3,petrov,renault,12,19,0.0,11,32,Gearbox,11
3061,2010_3,liuzzi,force_india,15,20,0.0,10,12,Throttle,10
3062,2010_3,michael_schumacher,mercedes,3,21,0.0,8,9,Wheel,8
3063,2010_3,kobayashi,sauber,23,22,0.0,9,8,Engine,9
3064,2010_3,glock,virgin,24,23,0.0,16,2,Spun off,16
3065,2010_3,rosa,sauber,22,24,0.0,12,0,Engine,12
3066,2010_4,button,mclaren,1,1,25.0,5,56,Finished,5
3067,2010_4,hamilton,mclaren,2,2,18.0,6,56,Finished,6
3068,2010_4,rosberg,mercedes,4,3,15.0,4,56,Finished,4
3069,2010_4,alonso,ferrari,8,4,12.0,3,56,Finished,3
3070,2010_4,kubica,renault,11,5,10.0,8,56,Finished,8
3071,2010_4,vettel,red_bull,5,6,8.0,1,56,Finished,1
3072,2010_4,petrov,renault,12,7,6.0,14,56,Finished,14
3073,2010_4,webber,red_bull,6,8,4.0,2,56,Finished,2
3074,2010_4,massa,ferrari,7,9,2.0,7,56,Finished,7
3075,2010_4,michael_schumacher,mercedes,3,10,1.0,9,56,Finished,9
3076,2010_4,sutil,force_india,14,11,0.0,10,56,Finished,10
3077,2010_4,barrichello,williams,9,12,0.0,11,56,Finished,11
3078,2010_4,alguersuari,toro_rosso,17,13,0.0,12,56,Finished,12
3079,2010_4,kovalainen,lotus_racing,19,14,0.0,21,55,+1 Lap,21
3080,2010_4,hulkenberg,williams,10,15,0.0,16,55,+1 Lap,16
3081,2010_4,bruno_senna,hrt,21,16,0.0,23,54,+2 Laps,23
3082,2010_4,chandhok,hrt,20,17,0.0,24,52,+4 Laps,24
3083,2010_4,trulli,lotus_racing,18,18,0.0,20,26,Hydraulics,20
3084,2010_4,grassi,virgin,25,19,0.0,22,8,Clutch,22
3085,2010_4,rosa,sauber,22,20,0.0,17,7,Technical,17
3086,2010_4,buemi,toro_rosso,16,21,0.0,13,0,Accident,13
3087,2010_4,kobayashi,sauber,23,22,0.0,15,0,Accident,15
3088,2010_4,liuzzi,force_india,15,23,0.0,18,0,Accident,18
3089,2010_4,glock,virgin,24,24,0.0,19,0,Engine,19
3090,2010_5,webber,red_bull,6,1,25.0,1,66,Finished,1
3091,2010_5,alonso,ferrari,8,2,18.0,4,66,Finished,4
3092,2010_5,vettel,red_bull,5,3,15.0,2,66,Finished,2
3093,2010_5,michael_schumacher,mercedes,3,4,12.0,6,66,Finished,6
3094,2010_5,button,mclaren,1,5,10.0,5,66,Finished,5
3095,2010_5,massa,ferrari,7,6,8.0,9,66,Finished,9
3096,2010_5,sutil,force_india,14,7,6.0,11,66,Finished,11
3097,2010_5,kubica,renault,11,8,4.0,7,66,Finished,7
3098,2010_5,barrichello,williams,9,9,2.0,17,65,+1 Lap,18
3099,2010_5,alguersuari,toro_rosso,17,10,1.0,15,65,+1 Lap,16
3100,2010_5,petrov,renault,12,11,0.0,19,65,+1 Lap,14
3101,2010_5,kobayashi,sauber,23,12,0.0,10,65,+1 Lap,10
3102,2010_5,rosberg,mercedes,4,13,0.0,8,65,+1 Lap,8
3103,2010_5,hamilton,mclaren,2,14,0.0,3,64,Puncture,3
3104,2010_5,liuzzi,force_india,15,15,0.0,16,64,Engine,17
3105,2010_5,hulkenberg,williams,10,16,0.0,13,64,+2 Laps,13
3106,2010_5,trulli,lotus_racing,18,17,0.0,18,63,+3 Laps,19
3107,2010_5,glock,virgin,24,18,0.0,22,63,+3 Laps,21
3108,2010_5,grassi,virgin,25,19,0.0,23,62,+4 Laps,22
3109,2010_5,buemi,toro_rosso,16,20,0.0,14,42,Hydraulics,15
3110,2010_5,chandhok,hrt,20,21,0.0,24,27,Suspension,23
3111,2010_5,rosa,sauber,22,22,0.0,12,18,Collision,12
3112,2010_5,bruno_senna,hrt,21,23,0.0,21,0,Accident,24
3113,2010_5,kovalainen,lotus_racing,19,24,0.0,20,0,Gearbox,20
3114,2010_6,webber,red_bull,6,1,25.0,1,78,Finished,1
3115,2010_6,vettel,red_bull,5,2,18.0,3,78,Finished,3
3116,2010_6,kubica,renault,11,3,15.0,2,78,Finished,2
3117,2010_6,massa,ferrari,7,4,12.0,4,78,Finished,4
3118,2010_6,hamilton,mclaren,2,5,10.0,5,78,Finished,5
3119,2010_6,alonso,ferrari,8,6,8.0,24,78,Finished,24
3120,2010_6,rosberg,mercedes,4,7,6.0,6,78,Finished,6
3121,2010_6,sutil,force_india,14,8,4.0,12,78,Finished,12
3122,2010_6,liuzzi,force_india,15,9,2.0,10,78,Finished,10
3123,2010_6,buemi,toro_rosso,16,10,1.0,13,78,Finished,13
3124,2010_6,alguersuari,toro_rosso,17,11,0.0,17,78,Finished,17
3125,2010_6,michael_schumacher,mercedes,3,12,0.0,7,78,Finished,7
3126,2010_6,petrov,renault,12,13,0.0,14,73,Brakes,14
3127,2010_6,chandhok,hrt,20,14,0.0,23,70,Collision,23
3128,2010_6,trulli,lotus_racing,18,15,0.0,19,70,Collision,19
3129,2010_6,kovalainen,lotus_racing,19,16,0.0,18,58,Steering,18
3130,2010_6,bruno_senna,hrt,21,17,0.0,22,58,Hydraulics,22
3131,2010_6,barrichello,williams,9,18,0.0,9,30,Suspension,9
3132,2010_6,kobayashi,sauber,23,19,0.0,16,26,Gearbox,16
3133,2010_6,grassi,virgin,25,20,0.0,21,25,Wheel,21
3134,2010_6,glock,virgin,24,21,0.0,20,22,Track rod,20
3135,2010_6,rosa,sauber,22,22,0.0,15,21,Hydraulics,15
3136,2010_6,button,mclaren,1,23,0.0,8,2,Engine,8
3137,2010_6,hulkenberg,williams,10,24,0.0,11,0,Front wing,11
3138,2010_7,hamilton,mclaren,2,1,25.0,2,58,Finished,2
3139,2010_7,button,mclaren,1,2,18.0,4,58,Finished,4
3140,2010_7,webber,red_bull,6,3,15.0,1,58,Finished,1
3141,2010_7,michael_schumacher,mercedes,3,4,12.0,5,58,Finished,5
3142,2010_7,rosberg,mercedes,4,5,10.0,6,58,Finished,6
3143,2010_7,kubica,renault,11,6,8.0,7,58,Finished,7
3144,2010_7,massa,ferrari,7,7,6.0,8,58,Finished,8
3145,2010_7,alonso,ferrari,8,8,4.0,12,58,Finished,12
3146,2010_7,sutil,force_india,14,9,2.0,11,58,Finished,11
3147,2010_7,kobayashi,sauber,23,10,1.0,10,58,Finished,10
3148,2010_7,rosa,sauber,22,11,0.0,13,58,Finished,13
3149,2010_7,alguersuari,toro_rosso,17,12,0.0,16,58,Finished,16
3150,2010_7,liuzzi,force_india,15,13,0.0,18,57,+1 Lap,18
3151,2010_7,barrichello,williams,9,14,0.0,15,57,+1 Lap,15
3152,2010_7,petrov,renault,12,15,0.0,9,57,+1 Lap,9
3153,2010_7,buemi,toro_rosso,16,16,0.0,14,57,+1 Lap,14
3154,2010_7,hulkenberg,williams,10,17,0.0,17,57,+1 Lap,17
3155,2010_7,glock,virgin,24,18,0.0,21,55,+3 Laps,21
3156,2010_7,grassi,virgin,25,19,0.0,23,55,+3 Laps,23
3157,2010_7,chandhok,hrt,20,20,0.0,24,52,Fuel pump,24
3158,2010_7,bruno_senna,hrt,21,21,0.0,22,46,Fuel pressure,22
3159,2010_7,vettel,red_bull,5,22,0.0,3,39,Collision,3
3160,2010_7,kovalainen,lotus_racing,19,23,0.0,20,33,Hydraulics,20
3161,2010_7,trulli,lotus_racing,18,24,0.0,19,32,Hydraulics,19
3162,2010_8,hamilton,mclaren,2,1,25.0,1,70,Finished,1
3163,2010_8,button,mclaren,1,2,18.0,4,70,Finished,5
3164,2010_8,alonso,ferrari,8,3,15.0,3,70,Finished,4
3165,2010_8,vettel,red_bull,5,4,12.0,2,70,Finished,3
3166,2010_8,webber,red_bull,6,5,10.0,7,70,Finished,2
3167,2010_8,rosberg,mercedes,4,6,8.0,10,70,Finished,10
3168,2010_8,kubica,renault,11,7,6.0,8,70,Finished,8
3169,2010_8,buemi,toro_rosso,16,8,4.0,15,69,+1 Lap,15
3170,2010_8,liuzzi,force_india,15,9,2.0,5,69,+1 Lap,6
3171,2010_8,sutil,force_india,14,10,1.0,9,69,+1 Lap,9
3172,2010_8,michael_schumacher,mercedes,3,11,0.0,13,69,+1 Lap,13
3173,2010_8,alguersuari,toro_rosso,17,12,0.0,16,69,+1 Lap,16
3174,2010_8,hulkenberg,williams,10,13,0.0,12,69,+1 Lap,12
3175,2010_8,barrichello,williams,9,14,0.0,11,69,+1 Lap,11
3176,2010_8,massa,ferrari,7,15,0.0,6,69,+1 Lap,7
3177,2010_8,kovalainen,lotus_racing,19,16,0.0,19,68,+2 Laps,19
3178,2010_8,petrov,renault,12,17,0.0,14,68,+2 Laps,14
3179,2010_8,chandhok,hrt,20,18,0.0,24,66,+4 Laps,24
3180,2010_8,grassi,virgin,25,19,0.0,23,65,+5 Laps,23
3181,2010_8,glock,virgin,24,20,0.0,21,55,Mechanical,21
3182,2010_8,trulli,lotus_racing,18,21,0.0,20,47,Brakes,20
3183,2010_8,rosa,sauber,22,22,0.0,17,31,Engine,17
3184,2010_8,bruno_senna,hrt,21,23,0.0,22,14,Hydraulics,22
3185,2010_8,kobayashi,sauber,23,24,0.0,18,1,Accident,18
3186,2010_9,vettel,red_bull,5,1,25.0,1,57,Finished,1
3187,2010_9,hamilton,mclaren,2,2,18.0,3,57,Finished,3
3188,2010_9,button,mclaren,1,3,15.0,7,57,Finished,7
3189,2010_9,barrichello,williams,9,4,12.0,9,57,Finished,9
3190,2010_9,kubica,renault,11,5,10.0,6,57,Finished,6
3191,2010_9,sutil,force_india,14,6,8.0,13,57,Finished,13
3192,2010_9,kobayashi,sauber,23,7,6.0,18,57,Finished,18
3193,2010_9,alonso,ferrari,8,8,4.0,4,57,Finished,4
3194,2010_9,buemi,toro_rosso,16,9,2.0,11,57,Finished,11
3195,2010_9,rosberg,mercedes,4,10,1.0,12,57,Finished,12
3196,2010_9,massa,ferrari,7,11,0.0,5,57,Finished,5
3197,2010_9,rosa,sauber,22,12,0.0,16,57,Finished,16
3198,2010_9,alguersuari,toro_rosso,17,13,0.0,17,57,Finished,17
3199,2010_9,petrov,renault,12,14,0.0,10,57,Finished,10
3200,2010_9,michael_schumacher,mercedes,3,15,0.0,15,57,Finished,15
3201,2010_9,liuzzi,force_india,15,16,0.0,14,57,Finished,14
3202,2010_9,grassi,virgin,25,17,0.0,21,56,+1 Lap,21
3203,2010_9,chandhok,hrt,20,18,0.0,23,55,+2 Laps,23
3204,2010_9,glock,virgin,24,19,0.0,22,55,+2 Laps,22
3205,2010_9,bruno_senna,hrt,21,20,0.0,24,55,+2 Laps,24
3206,2010_9,trulli,lotus_racing,18,21,0.0,19,53,+4 Laps,19
3207,2010_9,hulkenberg,williams,10,22,0.0,8,49,Exhaust,8
3208,2010_9,kovalainen,lotus_racing,19,23,0.0,20,8,Collision,20
3209,2010_9,webber,red_bull,6,24,0.0,2,8,Collision,2
3210,2010_10,webber,red_bull,6,1,25.0,2,52,Finished,2
3211,2010_10,hamilton,mclaren,2,2,18.0,4,52,Finished,4
3212,2010_10,rosberg,mercedes,4,3,15.0,5,52,Finished,5
3213,2010_10,button,mclaren,1,4,12.0,14,52,Finished,14
3214,2010_10,barrichello,williams,9,5,10.0,8,52,Finished,8
3215,2010_10,kobayashi,sauber,23,6,8.0,12,52,Finished,12
3216,2010_10,vettel,red_bull,5,7,6.0,1,52,Finished,1
3217,2010_10,sutil,force_india,14,8,4.0,11,52,Finished,11
3218,2010_10,michael_schumacher,mercedes,3,9,2.0,10,52,Finished,10
3219,2010_10,hulkenberg,williams,10,10,1.0,13,52,Finished,13
3220,2010_10,liuzzi,force_india,15,11,0.0,20,52,Finished,15
3221,2010_10,buemi,toro_rosso,16,12,0.0,16,52,Finished,17
3222,2010_10,petrov,renault,12,13,0.0,15,52,Finished,16
3223,2010_10,alonso,ferrari,8,14,0.0,3,52,Finished,3
3224,2010_10,massa,ferrari,7,15,0.0,7,52,Finished,7
3225,2010_10,trulli,lotus_racing,18,16,0.0,21,51,+1 Lap,21
3226,2010_10,kovalainen,lotus_racing,19,17,0.0,18,51,+1 Lap,19
3227,2010_10,glock,virgin,24,18,0.0,19,50,+2 Laps,20
3228,2010_10,chandhok,hrt,20,19,0.0,23,50,+2 Laps,23
3229,2010_10,yamamoto,hrt,21,20,0.0,24,50,+2 Laps,24
3230,2010_10,alguersuari,toro_rosso,17,21,0.0,17,44,Brakes,18
3231,2010_10,rosa,sauber,22,22,0.0,9,29,Collision,9
3232,2010_10,kubica,renault,11,23,0.0,6,19,Driveshaft,6
3233,2010_10,grassi,virgin,25,24,0.0,22,9,Hydraulics,22
3234,2010_11,alonso,ferrari,8,1,25.0,2,67,Finished,2
3235,2010_11,massa,ferrari,7,2,18.0,3,67,Finished,3
3236,2010_11,vettel,red_bull,5,3,15.0,1,67,Finished,1
3237,2010_11,hamilton,mclaren,2,4,12.0,6,67,Finished,6
3238,2010_11,button,mclaren,1,5,10.0,5,67,Finished,5
3239,2010_11,webber,red_bull,6,6,8.0,4,67,Finished,4
3240,2010_11,kubica,renault,11,7,6.0,7,66,+1 Lap,7
3241,2010_11,rosberg,mercedes,4,8,4.0,9,66,+1 Lap,9
3242,2010_11,michael_schumacher,mercedes,3,9,2.0,11,66,+1 Lap,11
3243,2010_11,petrov,renault,12,10,1.0,13,66,+1 Lap,13
3244,2010_11,kobayashi,sauber,23,11,0.0,12,66,+1 Lap,12
3245,2010_11,barrichello,williams,9,12,0.0,8,66,+1 Lap,8
3246,2010_11,hulkenberg,williams,10,13,0.0,10,66,+1 Lap,10
3247,2010_11,rosa,sauber,22,14,0.0,14,66,+1 Lap,15
3248,2010_11,alguersuari,toro_rosso,17,15,0.0,15,66,+1 Lap,16
3249,2010_11,liuzzi,force_india,15,16,0.0,21,65,+2 Laps,22
3250,2010_11,sutil,force_india,14,17,0.0,19,65,+2 Laps,14
3251,2010_11,glock,virgin,24,18,0.0,23,64,+3 Laps,20
3252,2010_11,bruno_senna,hrt,21,19,0.0,20,63,+4 Laps,21
3253,2010_11,kovalainen,lotus_racing,19,20,0.0,18,56,Collision,19
3254,2010_11,grassi,virgin,25,21,0.0,24,50,Gearbox,24
3255,2010_11,yamamoto,hrt,20,22,0.0,22,19,Engine,23
3256,2010_11,trulli,lotus_racing,18,23,0.0,17,3,Gearbox,18
3257,2010_11,buemi,toro_rosso,16,24,0.0,16,1,Collision,17
3258,2010_12,webber,red_bull,6,1,25.0,2,70,Finished,2
3259,2010_12,alonso,ferrari,8,2,18.0,3,70,Finished,3
3260,2010_12,vettel,red_bull,5,3,15.0,1,70,Finished,1
3261,2010_12,massa,ferrari,7,4,12.0,4,70,Finished,4
3262,2010_12,petrov,renault,12,5,10.0,7,70,Finished,7
3263,2010_12,hulkenberg,williams,10,6,8.0,10,70,Finished,10
3264,2010_12,rosa,sauber,22,7,6.0,9,69,+1 Lap,9
3265,2010_12,button,mclaren,1,8,4.0,11,69,+1 Lap,11
3266,2010_12,kobayashi,sauber,23,9,2.0,23,69,+1 Lap,18
3267,2010_12,barrichello,williams,9,10,1.0,12,69,+1 Lap,12
3268,2010_12,michael_schumacher,mercedes,3,11,0.0,14,69,+1 Lap,14
3269,2010_12,buemi,toro_rosso,16,12,0.0,15,69,+1 Lap,15
3270,2010_12,liuzzi,force_india,15,13,0.0,16,69,+1 Lap,16
3271,2010_12,kovalainen,lotus_racing,19,14,0.0,19,67,+3 Laps,20
3272,2010_12,trulli,lotus_racing,18,15,0.0,20,67,+3 Laps,21
3273,2010_12,glock,virgin,24,16,0.0,18,67,+3 Laps,19
3274,2010_12,bruno_senna,hrt,21,17,0.0,22,67,+3 Laps,23
3275,2010_12,grassi,virgin,25,18,0.0,21,66,+4 Laps,22
3276,2010_12,yamamoto,hrt,20,19,0.0,24,66,+4 Laps,24
3277,2010_12,hamilton,mclaren,2,20,0.0,5,23,Gearbox,5
3278,2010_12,kubica,renault,11,21,0.0,8,23,Retired,8
3279,2010_12,rosberg,mercedes,4,22,0.0,6,15,Wheel,6
3280,2010_12,sutil,force_india,14,23,0.0,13,15,Collision,13
3281,2010_12,alguersuari,toro_rosso,17,24,0.0,17,1,Engine,17
3282,2010_13,hamilton,mclaren,2,1,25.0,2,44,Finished,2
3283,2010_13,webber,red_bull,6,2,18.0,1,44,Finished,1
3284,2010_13,kubica,renault,11,3,15.0,3,44,Finished,3
3285,2010_13,massa,ferrari,7,4,12.0,6,44,Finished,6
3286,2010_13,sutil,force_india,14,5,10.0,8,44,Finished,8
3287,2010_13,rosberg,mercedes,4,6,8.0,14,44,Finished,12
3288,2010_13,michael_schumacher,mercedes,3,7,6.0,21,44,Finished,11
3289,2010_13,kobayashi,sauber,23,8,4.0,17,44,Finished,19
3290,2010_13,petrov,renault,12,9,2.0,23,44,Finished,24
3291,2010_13,liuzzi,force_india,15,10,1.0,12,44,Finished,14
3292,2010_13,rosa,sauber,22,11,0.0,24,44,Finished,22
3293,2010_13,buemi,toro_rosso,16,12,0.0,16,44,Finished,15
3294,2010_13,alguersuari,toro_rosso,17,13,0.0,11,44,Finished,13
3295,2010_13,hulkenberg,williams,10,14,0.0,9,43,+1 Lap,9
3296,2010_13,vettel,red_bull,5,15,0.0,4,43,+1 Lap,4
3297,2010_13,kovalainen,lotus_racing,19,16,0.0,13,43,+1 Lap,16
3298,2010_13,grassi,virgin,25,17,0.0,22,43,+1 Lap,23
3299,2010_13,glock,virgin,24,18,0.0,20,43,+1 Lap,17
3300,2010_13,trulli,lotus_racing,18,19,0.0,15,43,+1 Lap,18
3301,2010_13,yamamoto,hrt,20,20,0.0,19,42,+2 Laps,21
3302,2010_13,alonso,ferrari,8,21,0.0,10,37,Accident,10
3303,2010_13,button,mclaren,1,22,0.0,5,15,Collision,5
3304,2010_13,bruno_senna,hrt,21,23,0.0,18,5,Retired,20
3305,2010_13,barrichello,williams,9,24,0.0,7,0,Collision,7
3306,2010_14,alonso,ferrari,8,1,25.0,1,53,Finished,1
3307,2010_14,button,mclaren,1,2,18.0,2,53,Finished,2
3308,2010_14,massa,ferrari,7,3,15.0,3,53,Finished,3
3309,2010_14,vettel,red_bull,5,4,12.0,6,53,Finished,6
3310,2010_14,rosberg,mercedes,4,5,10.0,7,53,Finished,7
3311,2010_14,webber,red_bull,6,6,8.0,4,53,Finished,4
3312,2010_14,hulkenberg,williams,10,7,6.0,8,53,Finished,8
3313,2010_14,kubica,renault,11,8,4.0,9,53,Finished,9
3314,2010_14,michael_schumacher,mercedes,3,9,2.0,12,53,Finished,12
3315,2010_14,barrichello,williams,9,10,1.0,10,53,Finished,10
3316,2010_14,buemi,toro_rosso,16,11,0.0,14,53,Finished,14
3317,2010_14,liuzzi,force_india,15,12,0.0,19,53,Finished,20
3318,2010_14,petrov,renault,12,13,0.0,20,53,Finished,15
3319,2010_14,rosa,sauber,22,14,0.0,16,52,+1 Lap,17
3320,2010_14,alguersuari,toro_rosso,17,15,0.0,15,52,+1 Lap,16
3321,2010_14,sutil,force_india,14,16,0.0,11,52,+1 Lap,11
3322,2010_14,glock,virgin,24,17,0.0,24,51,+2 Laps,21
3323,2010_14,kovalainen,lotus_racing,19,18,0.0,18,51,+2 Laps,19
3324,2010_14,yamamoto,hrt,20,19,0.0,23,51,+2 Laps,24
3325,2010_14,grassi,virgin,25,20,0.0,21,50,+3 Laps,22
3326,2010_14,trulli,lotus_racing,18,21,0.0,17,46,Engine,18
3327,2010_14,bruno_senna,hrt,21,22,0.0,22,11,Retired,23
3328,2010_14,hamilton,mclaren,2,23,0.0,5,0,Collision,5
3329,2010_14,kobayashi,sauber,23,24,0.0,13,0,Gearbox,13
3330,2010_15,alonso,ferrari,8,1,25.0,1,61,Finished,1
3331,2010_15,vettel,red_bull,5,2,18.0,2,61,Finished,2
3332,2010_15,webber,red_bull,6,3,15.0,5,61,Finished,5
3333,2010_15,button,mclaren,1,4,12.0,4,61,Finished,4
3334,2010_15,rosberg,mercedes,4,5,10.0,7,61,Finished,7
3335,2010_15,barrichello,williams,9,6,8.0,6,61,Finished,6
3336,2010_15,kubica,renault,11,7,6.0,8,61,Finished,8
3337,2010_15,massa,ferrari,7,8,4.0,24,61,Finished,24
3338,2010_15,sutil,force_india,14,9,2.0,15,61,Finished,16
3339,2010_15,hulkenberg,williams,10,10,1.0,17,61,Finished,12
3340,2010_15,petrov,renault,12,11,0.0,12,60,+1 Lap,13
3341,2010_15,alguersuari,toro_rosso,17,12,0.0,11,60,+1 Lap,11
3342,2010_15,michael_schumacher,mercedes,3,13,0.0,9,60,+1 Lap,9
3343,2010_15,buemi,toro_rosso,16,14,0.0,13,60,+1 Lap,14
3344,2010_15,grassi,virgin,25,15,0.0,20,59,+2 Laps,20
3345,2010_15,kovalainen,lotus_racing,19,16,0.0,19,58,Engine,19
3346,2010_15,glock,virgin,24,17,0.0,18,49,Hydraulics,18
3347,2010_15,heidfeld,sauber,22,18,0.0,14,36,Collision,15
3348,2010_15,hamilton,mclaren,2,19,0.0,3,35,Collision,3
3349,2010_15,klien,hrt,20,20,0.0,22,31,Hydraulics,22
3350,2010_15,kobayashi,sauber,23,21,0.0,10,30,Accident,10
3351,2010_15,bruno_senna,hrt,21,22,0.0,23,29,Accident,23
3352,2010_15,trulli,lotus_racing,18,23,0.0,21,27,Hydraulics,21
3353,2010_15,liuzzi,force_india,15,24,0.0,16,1,Collision,17
3354,2010_16,vettel,red_bull,5,1,25.0,1,53,Finished,1
3355,2010_16,webber,red_bull,6,2,18.0,2,53,Finished,2
3356,2010_16,alonso,ferrari,8,3,15.0,4,53,Finished,5
3357,2010_16,button,mclaren,1,4,12.0,5,53,Finished,6
3358,2010_16,hamilton,mclaren,2,5,10.0,8,53,Finished,3
3359,2010_16,michael_schumacher,mercedes,3,6,8.0,10,53,Finished,10
3360,2010_16,kobayashi,sauber,23,7,6.0,14,53,Finished,14
3361,2010_16,heidfeld,sauber,22,8,4.0,11,53,Finished,11
3362,2010_16,barrichello,williams,9,9,2.0,7,53,Finished,8
3363,2010_16,buemi,toro_rosso,16,10,1.0,18,53,Finished,18
3364,2010_16,alguersuari,toro_rosso,17,11,0.0,16,52,+1 Lap,16
3365,2010_16,kovalainen,lotus_racing,19,12,0.0,20,52,+1 Lap,20
3366,2010_16,trulli,lotus_racing,18,13,0.0,19,51,+2 Laps,19
3367,2010_16,glock,virgin,24,14,0.0,22,51,+2 Laps,22
3368,2010_16,bruno_senna,hrt,21,15,0.0,23,51,+2 Laps,23
3369,2010_16,yamamoto,hrt,20,16,0.0,24,50,+3 Laps,24
3370,2010_16,rosberg,mercedes,4,17,0.0,6,47,Suspension,7
3371,2010_16,sutil,force_india,14,18,0.0,15,44,Oil leak,15
3372,2010_16,kubica,renault,11,19,0.0,3,2,Wheel,4
3373,2010_16,hulkenberg,williams,10,20,0.0,9,0,Accident,9
3374,2010_16,massa,ferrari,7,21,0.0,12,0,Accident,12
3375,2010_16,petrov,renault,12,22,0.0,13,0,Accident,13
3376,2010_16,liuzzi,force_india,15,23,0.0,17,0,Accident,17
3377,2010_16,grassi,virgin,25,24,0.0,21,0,Suspension,21
3378,2010_17,alonso,ferrari,8,1,25.0,3,55,Finished,3
3379,2010_17,hamilton,mclaren,2,2,18.0,4,55,Finished,4
3380,2010_17,massa,ferrari,7,3,15.0,6,55,Finished,6
3381,2010_17,michael_schumacher,mercedes,3,4,12.0,9,55,Finished,9
3382,2010_17,kubica,renault,11,5,10.0,8,55,Finished,8
3383,2010_17,liuzzi,force_india,15,6,8.0,17,55,Finished,18
3384,2010_17,barrichello,williams,9,7,6.0,10,55,Finished,10
3385,2010_17,kobayashi,sauber,23,8,4.0,12,55,Finished,12
3386,2010_17,heidfeld,sauber,22,9,2.0,13,55,Finished,13
3387,2010_17,hulkenberg,williams,10,10,1.0,11,55,Finished,11
3388,2010_17,alguersuari,toro_rosso,17,11,0.0,15,55,Finished,16
3389,2010_17,button,mclaren,1,12,0.0,7,55,Finished,7
3390,2010_17,kovalainen,lotus_racing,19,13,0.0,21,54,+1 Lap,21
3391,2010_17,bruno_senna,hrt,21,14,0.0,24,53,+2 Laps,24
3392,2010_17,yamamoto,hrt,20,15,0.0,23,53,+2 Laps,23
3393,2010_17,sutil,force_india,14,16,0.0,14,46,Collision,14
3394,2010_17,vettel,red_bull,5,17,0.0,1,45,Engine,1
3395,2010_17,petrov,renault,12,18,0.0,20,39,Accident,15
3396,2010_17,glock,virgin,24,19,0.0,19,31,Collision,20
3397,2010_17,buemi,toro_rosso,16,20,0.0,16,30,Collision,17
3398,2010_17,grassi,virgin,25,21,0.0,22,25,Accident,22
3399,2010_17,trulli,lotus_racing,18,22,0.0,18,25,Hydraulics,19
3400,2010_17,webber,red_bull,6,23,0.0,2,18,Accident,2
3401,2010_17,rosberg,mercedes,4,24,0.0,5,18,Collision,5
3402,2010_18,vettel,red_bull,5,1,25.0,2,71,Finished,2
3403,2010_18,webber,red_bull,6,2,18.0,3,71,Finished,3
3404,2010_18,alonso,ferrari,8,3,15.0,5,71,Finished,5
3405,2010_18,hamilton,mclaren,2,4,12.0,4,71,Finished,4
3406,2010_18,button,mclaren,1,5,10.0,11,71,Finished,11
3407,2010_18,rosberg,mercedes,4,6,8.0,13,71,Finished,13
3408,2010_18,michael_schumacher,mercedes,3,7,6.0,8,71,Finished,8
3409,2010_18,hulkenberg,williams,10,8,4.0,1,70,+1 Lap,1
3410,2010_18,kubica,renault,11,9,2.0,7,70,+1 Lap,7
3411,2010_18,kobayashi,sauber,23,10,1.0,12,70,+1 Lap,12
3412,2010_18,alguersuari,toro_rosso,17,11,0.0,14,70,+1 Lap,14
3413,2010_18,sutil,force_india,14,12,0.0,22,70,+1 Lap,18
3414,2010_18,buemi,toro_rosso,16,13,0.0,19,70,+1 Lap,15
3415,2010_18,barrichello,williams,9,14,0.0,6,70,+1 Lap,6
3416,2010_18,massa,ferrari,7,15,0.0,9,70,+1 Lap,9
3417,2010_18,petrov,renault,12,16,0.0,10,70,+1 Lap,10
3418,2010_18,heidfeld,sauber,22,17,0.0,15,70,+1 Lap,16
3419,2010_18,kovalainen,lotus_racing,19,18,0.0,20,69,+2 Laps,21
3420,2010_18,trulli,lotus_racing,18,19,0.0,18,69,+2 Laps,20
3421,2010_18,glock,virgin,24,20,0.0,17,69,+2 Laps,19
3422,2010_18,bruno_senna,hrt,21,21,0.0,24,69,+2 Laps,24
3423,2010_18,klien,hrt,20,22,0.0,23,65,+6 Laps,23
3424,2010_18,grassi,virgin,25,23,0.0,21,62,+9 Laps,22
3425,2010_18,liuzzi,force_india,15,24,0.0,16,49,Accident,17
3426,2010_19,vettel,red_bull,5,1,25.0,1,55,Finished,1
3427,2010_19,hamilton,mclaren,2,2,18.0,2,55,Finished,2
3428,2010_19,button,mclaren,1,3,15.0,4,55,Finished,4
3429,2010_19,rosberg,mercedes,4,4,12.0,9,55,Finished,9
3430,2010_19,kubica,renault,11,5,10.0,11,55,Finished,11
3431,2010_19,petrov,renault,12,6,8.0,10,55,Finished,10
3432,2010_19,alonso,ferrari,8,7,6.0,3,55,Finished,3
3433,2010_19,webber,red_bull,6,8,4.0,5,55,Finished,5
3434,2010_19,alguersuari,toro_rosso,17,9,2.0,17,55,Finished,17
3435,2010_19,massa,ferrari,7,10,1.0,6,55,Finished,6
3436,2010_19,heidfeld,sauber,22,11,0.0,14,55,Finished,14
3437,2010_19,barrichello,williams,9,12,0.0,7,55,Finished,7
3438,2010_19,sutil,force_india,14,13,0.0,13,55,Finished,13
3439,2010_19,kobayashi,sauber,23,14,0.0,12,55,Finished,12
3440,2010_19,buemi,toro_rosso,16,15,0.0,18,55,Finished,18
3441,2010_19,hulkenberg,williams,10,16,0.0,15,55,Finished,15
3442,2010_19,kovalainen,lotus_racing,19,17,0.0,20,54,+1 Lap,20
3443,2010_19,grassi,virgin,25,18,0.0,22,53,+2 Laps,22
3444,2010_19,bruno_senna,hrt,21,19,0.0,23,53,+2 Laps,23
3445,2010_19,klien,hrt,20,20,0.0,24,53,+2 Laps,24
3446,2010_19,trulli,lotus_racing,18,21,0.0,19,51,Rear wing,19
3447,2010_19,glock,virgin,24,22,0.0,21,43,Gearbox,21
3448,2010_19,michael_schumacher,mercedes,3,23,0.0,8,0,Collision,8
3449,2010_19,liuzzi,force_india,15,24,0.0,16,0,Collision,16
3450,2011_1,vettel,red_bull,1,1,25.0,1,58,Finished,1
3451,2011_1,hamilton,mclaren,3,2,18.0,2,58,Finished,2
3452,2011_1,petrov,renault,10,3,15.0,6,58,Finished,6
3453,2011_1,alonso,ferrari,5,4,12.0,5,58,Finished,5
3454,2011_1,webber,red_bull,2,5,10.0,3,58,Finished,3
3455,2011_1,button,mclaren,4,6,8.0,4,58,Finished,4
3456,2011_1,massa,ferrari,6,7,6.0,8,58,Finished,8
3457,2011_1,buemi,toro_rosso,18,8,4.0,10,57,+1 Lap,10
3458,2011_1,sutil,force_india,14,9,2.0,16,57,+1 Lap,16
3459,2011_1,resta,force_india,15,10,1.0,14,57,+1 Lap,14
3460,2011_1,alguersuari,toro_rosso,19,11,0.0,12,57,+1 Lap,12
3461,2011_1,heidfeld,renault,9,12,0.0,18,57,+1 Lap,18
3462,2011_1,trulli,lotus_racing,21,13,0.0,20,56,+2 Laps,20
3463,2011_1,ambrosio,virgin,25,14,0.0,22,54,+4 Laps,22
3464,2011_1,glock,virgin,24,15,0.0,21,49,+9 Laps,21
3465,2011_1,barrichello,williams,11,16,0.0,17,48,Transmission,17
3466,2011_1,rosberg,mercedes,8,17,0.0,7,22,Collision,7
3467,2011_1,kovalainen,lotus_racing,20,18,0.0,19,19,Water leak,19
3468,2011_1,michael_schumacher,mercedes,7,19,0.0,11,19,Collision,11
3469,2011_1,maldonado,williams,12,20,0.0,15,9,Transmission,15
3470,2011_1,kobayashi,sauber,16,21,0.0,9,58,Disqualified,9
3471,2011_1,perez,sauber,17,22,0.0,13,58,Disqualified,13
3472,2011_2,vettel,red_bull,1,1,25.0,1,56,Finished,1
3473,2011_2,button,mclaren,4,2,18.0,4,56,Finished,4
3474,2011_2,heidfeld,renault,9,3,15.0,6,56,Finished,6
3475,2011_2,webber,red_bull,2,4,12.0,3,56,Finished,3
3476,2011_2,massa,ferrari,6,5,10.0,7,56,Finished,7
3477,2011_2,alonso,ferrari,5,6,8.0,5,56,Finished,5
3478,2011_2,kobayashi,sauber,16,7,6.0,10,56,Finished,10
3479,2011_2,hamilton,mclaren,3,8,4.0,2,56,Finished,2
3480,2011_2,michael_schumacher,mercedes,7,9,2.0,11,56,Finished,11
3481,2011_2,resta,force_india,15,10,1.0,14,56,Finished,14
3482,2011_2,sutil,force_india,14,11,0.0,17,55,+1 Lap,17
3483,2011_2,rosberg,mercedes,8,12,0.0,9,55,+1 Lap,9
3484,2011_2,buemi,toro_rosso,18,13,0.0,12,55,+1 Lap,12
3485,2011_2,alguersuari,toro_rosso,19,14,0.0,13,55,+1 Lap,13
3486,2011_2,kovalainen,lotus_racing,20,15,0.0,19,55,+1 Lap,19
3487,2011_2,glock,virgin,24,16,0.0,21,54,+2 Laps,21
3488,2011_2,petrov,renault,10,17,0.0,8,52,Accident,8
3489,2011_2,liuzzi,hrt,23,18,0.0,23,46,+10 Laps,23
3490,2011_2,ambrosio,virgin,25,19,0.0,22,42,Accident,22
3491,2011_2,trulli,lotus_racing,21,20,0.0,20,31,Clutch,20
3492,2011_2,perez,sauber,17,21,0.0,16,23,Accident,16
3493,2011_2,barrichello,williams,11,22,0.0,15,22,Gearbox,15
3494,2011_2,karthikeyan,hrt,22,23,0.0,24,14,+42 Laps,24
3495,2011_2,maldonado,williams,12,24,0.0,18,8,Engine misfire,18
3496,2011_3,hamilton,mclaren,3,1,25.0,3,56,Finished,3
3497,2011_3,vettel,red_bull,1,2,18.0,1,56,Finished,1
3498,2011_3,webber,red_bull,2,3,15.0,18,56,Finished,18
3499,2011_3,button,mclaren,4,4,12.0,2,56,Finished,2
3500,2011_3,rosberg,mercedes,8,5,10.0,4,56,Finished,4
3501,2011_3,massa,ferrari,6,6,8.0,6,56,Finished,6
3502,2011_3,alonso,ferrari,5,7,6.0,5,56,Finished,5
3503,2011_3,michael_schumacher,mercedes,7,8,4.0,14,56,Finished,14
3504,2011_3,petrov,renault,10,9,2.0,10,56,Finished,10
3505,2011_3,kobayashi,sauber,16,10,1.0,13,56,Finished,13
3506,2011_3,resta,force_india,15,11,0.0,8,56,Finished,8
3507,2011_3,heidfeld,renault,9,12,0.0,16,56,Finished,16
3508,2011_3,barrichello,williams,11,13,0.0,15,56,Finished,15
3509,2011_3,buemi,toro_rosso,18,14,0.0,9,56,Finished,9
3510,2011_3,sutil,force_india,14,15,0.0,11,55,+1 Lap,11
3511,2011_3,kovalainen,lotus_racing,20,16,0.0,19,55,+1 Lap,19
3512,2011_3,perez,sauber,17,17,0.0,12,55,+1 Lap,12
3513,2011_3,maldonado,williams,12,18,0.0,17,55,+1 Lap,17
3514,2011_3,trulli,lotus_racing,21,19,0.0,20,55,+1 Lap,20
3515,2011_3,ambrosio,virgin,25,20,0.0,21,54,+2 Laps,21
3516,2011_3,glock,virgin,24,21,0.0,22,54,+2 Laps,22
3517,2011_3,liuzzi,hrt,23,22,0.0,23,54,+2 Laps,23
3518,2011_3,karthikeyan,hrt,22,23,0.0,24,54,+2 Laps,24
3519,2011_3,alguersuari,toro_rosso,19,24,0.0,7,9,Wheel,7
3520,2011_4,vettel,red_bull,1,1,25.0,1,58,Finished,1
3521,2011_4,webber,red_bull,2,2,18.0,2,58,Finished,2
3522,2011_4,alonso,ferrari,5,3,15.0,5,58,Finished,5
3523,2011_4,hamilton,mclaren,3,4,12.0,4,58,Finished,4
3524,2011_4,rosberg,mercedes,8,5,10.0,3,58,Finished,3
3525,2011_4,button,mclaren,4,6,8.0,6,58,Finished,6
3526,2011_4,heidfeld,renault,9,7,6.0,9,58,Finished,9
3527,2011_4,petrov,renault,10,8,4.0,7,58,Finished,7
3528,2011_4,buemi,toro_rosso,18,9,2.0,16,58,Finished,16
3529,2011_4,kobayashi,sauber,16,10,1.0,24,58,Finished,
3530,2011_4,massa,ferrari,6,11,0.0,10,58,Finished,10
3531,2011_4,michael_schumacher,mercedes,7,12,0.0,8,58,Finished,8
3532,2011_4,sutil,force_india,14,13,0.0,12,57,+1 Lap,12
3533,2011_4,perez,sauber,17,14,0.0,15,57,+1 Lap,15
3534,2011_4,barrichello,williams,11,15,0.0,11,57,+1 Lap,11
3535,2011_4,alguersuari,toro_rosso,19,16,0.0,17,57,+1 Lap,17
3536,2011_4,maldonado,williams,12,17,0.0,14,57,+1 Lap,14
3537,2011_4,trulli,lotus_racing,21,18,0.0,19,57,+1 Lap,19
3538,2011_4,kovalainen,lotus_racing,20,19,0.0,18,56,+2 Laps,18
3539,2011_4,ambrosio,virgin,25,20,0.0,23,56,+2 Laps,20
3540,2011_4,karthikeyan,hrt,22,21,0.0,22,55,+3 Laps,23
3541,2011_4,liuzzi,hrt,23,22,0.0,20,53,+5 Laps,21
3542,2011_4,resta,force_india,15,23,0.0,13,44,Retired,13
3543,2011_4,glock,virgin,24,24,0.0,21,0,Gearbox,22
3544,2011_5,vettel,red_bull,1,1,25.0,2,66,Finished,2
3545,2011_5,hamilton,mclaren,3,2,18.0,3,66,Finished,3
3546,2011_5,button,mclaren,4,3,15.0,5,66,Finished,5
3547,2011_5,webber,red_bull,2,4,12.0,1,66,Finished,1
3548,2011_5,alonso,ferrari,5,5,10.0,4,65,+1 Lap,4
3549,2011_5,michael_schumacher,mercedes,7,6,8.0,10,65,+1 Lap,10
3550,2011_5,rosberg,mercedes,8,7,6.0,7,65,+1 Lap,7
3551,2011_5,heidfeld,renault,9,8,4.0,24,65,+1 Lap,
3552,2011_5,perez,sauber,17,9,2.0,12,65,+1 Lap,12
3553,2011_5,kobayashi,sauber,16,10,1.0,14,65,+1 Lap,14
3554,2011_5,petrov,renault,10,11,0.0,6,65,+1 Lap,6
3555,2011_5,resta,force_india,15,12,0.0,16,65,+1 Lap,16
3556,2011_5,sutil,force_india,14,13,0.0,17,65,+1 Lap,17
3557,2011_5,buemi,toro_rosso,18,14,0.0,11,65,+1 Lap,11
3558,2011_5,maldonado,williams,12,15,0.0,9,65,+1 Lap,9
3559,2011_5,alguersuari,toro_rosso,19,16,0.0,13,64,+2 Laps,13
3560,2011_5,barrichello,williams,11,17,0.0,19,64,+2 Laps,19
3561,2011_5,trulli,lotus_racing,21,18,0.0,18,64,+2 Laps,18
3562,2011_5,glock,virgin,24,19,0.0,20,63,+3 Laps,20
3563,2011_5,ambrosio,virgin,25,20,0.0,23,62,+4 Laps,23
3564,2011_5,karthikeyan,hrt,22,21,0.0,22,61,+5 Laps,22
3565,2011_5,massa,ferrari,6,22,0.0,8,58,Gearbox,8
3566,2011_5,kovalainen,lotus_racing,20,23,0.0,15,48,Accident,15
3567,2011_5,liuzzi,hrt,23,24,0.0,21,28,Gearbox,21
3568,2011_6,vettel,red_bull,1,1,25.0,1,78,Finished,1
3569,2011_6,alonso,ferrari,5,2,18.0,4,78,Finished,4
3570,2011_6,button,mclaren,4,3,15.0,2,78,Finished,2
3571,2011_6,webber,red_bull,2,4,12.0,3,78,Finished,3
3572,2011_6,kobayashi,sauber,16,5,10.0,12,78,Finished,13
3573,2011_6,hamilton,mclaren,3,6,8.0,9,78,Finished,7
3574,2011_6,sutil,force_india,14,7,6.0,14,77,+1 Lap,15
3575,2011_6,heidfeld,renault,9,8,4.0,15,77,+1 Lap,16
3576,2011_6,barrichello,williams,11,9,2.0,11,77,+1 Lap,12
3577,2011_6,buemi,toro_rosso,18,10,1.0,16,77,+1 Lap,17
3578,2011_6,rosberg,mercedes,8,11,0.0,7,76,+2 Laps,8
3579,2011_6,resta,force_india,15,12,0.0,13,76,+2 Laps,14
3580,2011_6,trulli,lotus_racing,21,13,0.0,18,76,+2 Laps,19
3581,2011_6,kovalainen,lotus_racing,20,14,0.0,17,76,+2 Laps,18
3582,2011_6,ambrosio,virgin,25,15,0.0,21,75,+3 Laps,22
3583,2011_6,liuzzi,hrt,23,16,0.0,23,75,+3 Laps,24
3584,2011_6,karthikeyan,hrt,22,17,0.0,22,74,+4 Laps,23
3585,2011_6,maldonado,williams,12,18,0.0,8,73,Accident,9
3586,2011_6,petrov,renault,10,19,0.0,10,67,Collision,11
3587,2011_6,alguersuari,toro_rosso,19,20,0.0,19,66,Collision,20
3588,2011_6,massa,ferrari,6,21,0.0,6,32,Accident,6
3589,2011_6,michael_schumacher,mercedes,7,22,0.0,5,32,Engine,5
3590,2011_6,glock,virgin,24,23,0.0,20,30,Suspension,21
3591,2011_6,perez,sauber,17,24,0.0,0,0,Injury,10
3592,2011_7,button,mclaren,4,1,25.0,7,70,Finished,7
3593,2011_7,vettel,red_bull,1,2,18.0,1,70,Finished,1
3594,2011_7,webber,red_bull,2,3,15.0,4,70,Finished,4
3595,2011_7,michael_schumacher,mercedes,7,4,12.0,8,70,Finished,8
3596,2011_7,petrov,renault,10,5,10.0,10,70,Finished,10
3597,2011_7,massa,ferrari,6,6,8.0,3,70,Finished,3
3598,2011_7,kobayashi,sauber,16,7,6.0,13,70,Finished,13
3599,2011_7,alguersuari,toro_rosso,19,8,4.0,24,70,Finished,18
3600,2011_7,barrichello,williams,11,9,2.0,16,70,Finished,16
3601,2011_7,buemi,toro_rosso,18,10,1.0,15,70,Finished,15
3602,2011_7,rosberg,mercedes,8,11,0.0,6,70,Finished,6
3603,2011_7,rosa,sauber,17,12,0.0,17,70,Finished,17
3604,2011_7,liuzzi,hrt,23,13,0.0,20,69,+1 Lap,21
3605,2011_7,ambrosio,virgin,25,14,0.0,23,69,+1 Lap,24
3606,2011_7,glock,virgin,24,15,0.0,21,69,+1 Lap,22
3607,2011_7,trulli,lotus_racing,21,16,0.0,18,69,+1 Lap,19
3608,2011_7,karthikeyan,hrt,22,17,0.0,22,69,+1 Lap,23
3609,2011_7,resta,force_india,15,18,0.0,11,67,Accident,11
3610,2011_7,maldonado,williams,12,19,0.0,12,61,Retired,12
3611,2011_7,heidfeld,renault,9,20,0.0,9,55,Accident,9
3612,2011_7,sutil,force_india,14,21,0.0,14,49,Accident,14
3613,2011_7,alonso,ferrari,5,22,0.0,2,36,Collision,2
3614,2011_7,kovalainen,lotus_racing,20,23,0.0,19,28,Transmission,20
3615,2011_7,hamilton,mclaren,3,24,0.0,5,7,Collision,5
3616,2011_8,vettel,red_bull,1,1,25.0,1,57,Finished,1
3617,2011_8,alonso,ferrari,5,2,18.0,4,57,Finished,4
3618,2011_8,webber,red_bull,2,3,15.0,2,57,Finished,2
3619,2011_8,hamilton,mclaren,3,4,12.0,3,57,Finished,3
3620,2011_8,massa,ferrari,6,5,10.0,5,57,Finished,5
3621,2011_8,button,mclaren,4,6,8.0,6,57,Finished,6
3622,2011_8,rosberg,mercedes,8,7,6.0,7,57,Finished,7
3623,2011_8,alguersuari,toro_rosso,19,8,4.0,18,56,+1 Lap,18
3624,2011_8,sutil,force_india,14,9,2.0,10,56,+1 Lap,10
3625,2011_8,heidfeld,renault,9,10,1.0,9,56,+1 Lap,9
3626,2011_8,perez,sauber,17,11,0.0,16,56,+1 Lap,16
3627,2011_8,barrichello,williams,11,12,0.0,13,56,+1 Lap,13
3628,2011_8,buemi,toro_rosso,18,13,0.0,17,56,+1 Lap,17
3629,2011_8,resta,force_india,15,14,0.0,12,56,+1 Lap,12
3630,2011_8,petrov,renault,10,15,0.0,11,56,+1 Lap,11
3631,2011_8,kobayashi,sauber,16,16,0.0,14,56,+1 Lap,14
3632,2011_8,michael_schumacher,mercedes,7,17,0.0,8,56,+1 Lap,8
3633,2011_8,maldonado,williams,12,18,0.0,15,56,+1 Lap,15
3634,2011_8,kovalainen,lotus_racing,20,19,0.0,19,55,+2 Laps,19
3635,2011_8,trulli,lotus_racing,21,20,0.0,20,55,+2 Laps,20
3636,2011_8,glock,virgin,24,21,0.0,21,55,+2 Laps,21
3637,2011_8,ambrosio,virgin,25,22,0.0,23,55,+2 Laps,23
3638,2011_8,liuzzi,hrt,23,23,0.0,22,54,+3 Laps,22
3639,2011_8,karthikeyan,hrt,22,24,0.0,24,54,+3 Laps,24
3640,2011_9,alonso,ferrari,5,1,25.0,3,52,Finished,3
3641,2011_9,vettel,red_bull,1,2,18.0,2,52,Finished,2
3642,2011_9,webber,red_bull,2,3,15.0,1,52,Finished,1
3643,2011_9,hamilton,mclaren,3,4,12.0,10,52,Finished,10
3644,2011_9,massa,ferrari,6,5,10.0,4,52,Finished,4
3645,2011_9,rosberg,mercedes,8,6,8.0,9,52,Finished,9
3646,2011_9,perez,sauber,17,7,6.0,12,52,Finished,12
3647,2011_9,heidfeld,renault,9,8,4.0,16,52,Finished,16
3648,2011_9,michael_schumacher,mercedes,7,9,2.0,13,52,Finished,13
3649,2011_9,alguersuari,toro_rosso,19,10,1.0,18,52,Finished,18
3650,2011_9,sutil,force_india,14,11,0.0,11,52,Finished,11
3651,2011_9,petrov,renault,10,12,0.0,14,52,Finished,14
3652,2011_9,barrichello,williams,11,13,0.0,15,51,+1 Lap,15
3653,2011_9,maldonado,williams,12,14,0.0,7,51,+1 Lap,7
3654,2011_9,resta,force_india,15,15,0.0,6,51,+1 Lap,6
3655,2011_9,glock,virgin,24,16,0.0,20,50,+2 Laps,20
3656,2011_9,ambrosio,virgin,25,17,0.0,22,50,+2 Laps,22
3657,2011_9,liuzzi,hrt,23,18,0.0,23,50,+2 Laps,23
3658,2011_9,ricciardo,hrt,22,19,0.0,24,49,+3 Laps,24
3659,2011_9,button,mclaren,4,20,0.0,5,39,Wheel nut,5
3660,2011_9,buemi,toro_rosso,18,21,0.0,19,25,Accident,19
3661,2011_9,kobayashi,sauber,16,22,0.0,8,23,Engine,8
3662,2011_9,trulli,lotus_racing,21,23,0.0,21,10,Oil leak,21
3663,2011_9,kovalainen,lotus_racing,20,24,0.0,17,2,Gearbox,17
3664,2011_10,hamilton,mclaren,3,1,25.0,2,60,Finished,2
3665,2011_10,alonso,ferrari,5,2,18.0,4,60,Finished,4
3666,2011_10,webber,red_bull,2,3,15.0,1,60,Finished,1
3667,2011_10,vettel,red_bull,1,4,12.0,3,60,Finished,3
3668,2011_10,massa,ferrari,6,5,10.0,5,60,Finished,5
3669,2011_10,sutil,force_india,14,6,8.0,8,60,Finished,8
3670,2011_10,rosberg,mercedes,8,7,6.0,6,59,+1 Lap,6
3671,2011_10,michael_schumacher,mercedes,7,8,4.0,10,59,+1 Lap,10
3672,2011_10,kobayashi,sauber,16,9,2.0,17,59,+1 Lap,18
3673,2011_10,petrov,renault,10,10,1.0,9,59,+1 Lap,9
3674,2011_10,perez,sauber,17,11,0.0,15,59,+1 Lap,15
3675,2011_10,alguersuari,toro_rosso,19,12,0.0,16,59,+1 Lap,17
3676,2011_10,resta,force_india,15,13,0.0,12,59,+1 Lap,12
3677,2011_10,maldonado,williams,12,14,0.0,13,59,+1 Lap,13
3678,2011_10,buemi,toro_rosso,18,15,0.0,24,59,+1 Lap,16
3679,2011_10,kovalainen,lotus_racing,20,16,0.0,18,58,+2 Laps,19
3680,2011_10,glock,virgin,24,17,0.0,19,57,+3 Laps,20
3681,2011_10,ambrosio,virgin,25,18,0.0,21,57,+3 Laps,22
3682,2011_10,ricciardo,hrt,22,19,0.0,22,57,+3 Laps,24
3683,2011_10,chandhok,lotus_racing,21,20,0.0,20,56,+4 Laps,21
3684,2011_10,liuzzi,hrt,23,21,0.0,23,37,Electrical,23
3685,2011_10,button,mclaren,4,22,0.0,7,35,Hydraulics,7
3686,2011_10,barrichello,williams,11,23,0.0,14,16,Oil leak,14
3687,2011_10,heidfeld,renault,9,24,0.0,11,9,Collision,11
3688,2011_11,button,mclaren,4,1,25.0,3,70,Finished,3
3689,2011_11,vettel,red_bull,1,2,18.0,1,70,Finished,1
3690,2011_11,alonso,ferrari,5,3,15.0,5,70,Finished,5
3691,2011_11,hamilton,mclaren,3,4,12.0,2,70,Finished,2
3692,2011_11,webber,red_bull,2,5,10.0,6,70,Finished,6
3693,2011_11,massa,ferrari,6,6,8.0,4,70,Finished,4
3694,2011_11,resta,force_india,15,7,6.0,11,69,+1 Lap,11
3695,2011_11,buemi,toro_rosso,18,8,4.0,23,69,+1 Lap,18
3696,2011_11,rosberg,mercedes,8,9,2.0,7,69,+1 Lap,7
3697,2011_11,alguersuari,toro_rosso,19,10,1.0,16,69,+1 Lap,16
3698,2011_11,kobayashi,sauber,16,11,0.0,13,69,+1 Lap,13
3699,2011_11,petrov,renault,10,12,0.0,12,69,+1 Lap,12
3700,2011_11,barrichello,williams,11,13,0.0,15,68,+2 Laps,15
3701,2011_11,sutil,force_india,14,14,0.0,8,68,+2 Laps,8
3702,2011_11,perez,sauber,17,15,0.0,10,68,+2 Laps,10
3703,2011_11,maldonado,williams,12,16,0.0,17,68,+2 Laps,17
3704,2011_11,glock,virgin,24,17,0.0,20,66,+4 Laps,21
3705,2011_11,ricciardo,hrt,22,18,0.0,22,66,+4 Laps,23
3706,2011_11,ambrosio,virgin,25,19,0.0,24,65,+5 Laps,24
3707,2011_11,liuzzi,hrt,23,20,0.0,21,65,+5 Laps,22
3708,2011_11,kovalainen,lotus_racing,20,21,0.0,18,55,Water leak,19
3709,2011_11,michael_schumacher,mercedes,7,22,0.0,9,26,Gearbox,9
3710,2011_11,heidfeld,renault,9,23,0.0,14,23,Heat shield fire,14
3711,2011_11,trulli,lotus_racing,21,24,0.0,19,17,Oil leak,20
3712,2011_12,vettel,red_bull,1,1,25.0,1,44,Finished,1
3713,2011_12,webber,red_bull,2,2,18.0,3,44,Finished,3
3714,2011_12,button,mclaren,4,3,15.0,13,44,Finished,13
3715,2011_12,alonso,ferrari,5,4,12.0,8,44,Finished,8
3716,2011_12,michael_schumacher,mercedes,7,5,10.0,24,44,Finished,
3717,2011_12,rosberg,mercedes,8,6,8.0,5,44,Finished,5
3718,2011_12,sutil,force_india,14,7,6.0,15,44,Finished,15
3719,2011_12,massa,ferrari,6,8,4.0,4,44,Finished,4
3720,2011_12,petrov,renault,10,9,2.0,10,44,Finished,10
3721,2011_12,maldonado,williams,12,10,1.0,21,44,Finished,16
3722,2011_12,resta,force_india,15,11,0.0,17,44,Finished,18
3723,2011_12,kobayashi,sauber,16,12,0.0,12,44,Finished,12
3724,2011_12,bruno_senna,renault,9,13,0.0,7,44,Finished,7
3725,2011_12,trulli,lotus_racing,21,14,0.0,18,43,+1 Lap,19
3726,2011_12,kovalainen,lotus_racing,20,15,0.0,16,43,+1 Lap,17
3727,2011_12,barrichello,williams,11,16,0.0,14,43,+1 Lap,14
3728,2011_12,ambrosio,virgin,25,17,0.0,20,43,+1 Lap,21
3729,2011_12,glock,virgin,24,18,0.0,19,43,+1 Lap,20
3730,2011_12,liuzzi,hrt,23,19,0.0,22,43,+1 Lap,22
3731,2011_12,perez,sauber,17,20,0.0,9,27,Suspension,9
3732,2011_12,ricciardo,hrt,22,21,0.0,23,13,Engine,23
3733,2011_12,hamilton,mclaren,3,22,0.0,2,12,Collision,2
3734,2011_12,buemi,toro_rosso,18,23,0.0,11,6,Rear wing,11
3735,2011_12,alguersuari,toro_rosso,19,24,0.0,6,0,Collision,6
3736,2011_13,vettel,red_bull,1,1,25.0,1,53,Finished,1
3737,2011_13,button,mclaren,4,2,18.0,3,53,Finished,3
3738,2011_13,alonso,ferrari,5,3,15.0,4,53,Finished,4
3739,2011_13,hamilton,mclaren,3,4,12.0,2,53,Finished,2
3740,2011_13,michael_schumacher,mercedes,7,5,10.0,8,53,Finished,8
3741,2011_13,massa,ferrari,6,6,8.0,6,53,Finished,6
3742,2011_13,alguersuari,toro_rosso,19,7,6.0,18,52,+1 Lap,18
3743,2011_13,resta,force_india,15,8,4.0,11,52,+1 Lap,11
3744,2011_13,bruno_senna,renault,9,9,2.0,10,52,+1 Lap,10
3745,2011_13,buemi,toro_rosso,18,10,1.0,16,52,+1 Lap,16
3746,2011_13,maldonado,williams,12,11,0.0,14,52,+1 Lap,14
3747,2011_13,barrichello,williams,11,12,0.0,13,52,+1 Lap,13
3748,2011_13,kovalainen,lotus_racing,20,13,0.0,20,51,+2 Laps,20
3749,2011_13,trulli,lotus_racing,21,14,0.0,19,51,+2 Laps,19
3750,2011_13,glock,virgin,24,15,0.0,21,51,+2 Laps,21
3751,2011_13,ricciardo,hrt,22,16,0.0,23,39,+14 Laps,23
3752,2011_13,perez,sauber,17,17,0.0,15,32,Gearbox,15
3753,2011_13,kobayashi,sauber,16,18,0.0,17,21,Gearbox,17
3754,2011_13,sutil,force_india,14,19,0.0,12,9,Hydraulics,12
3755,2011_13,webber,red_bull,2,20,0.0,5,4,Accident,5
3756,2011_13,ambrosio,virgin,25,21,0.0,22,1,Gearbox,22
3757,2011_13,petrov,renault,10,22,0.0,7,0,Collision,7
3758,2011_13,rosberg,mercedes,8,23,0.0,9,0,Collision,9
3759,2011_13,liuzzi,hrt,23,24,0.0,24,0,Collision,24
3760,2011_14,vettel,red_bull,1,1,25.0,1,61,Finished,1
3761,2011_14,button,mclaren,4,2,18.0,3,61,Finished,3
3762,2011_14,webber,red_bull,2,3,15.0,2,61,Finished,2
3763,2011_14,alonso,ferrari,5,4,12.0,5,61,Finished,5
3764,2011_14,hamilton,mclaren,3,5,10.0,4,61,Finished,4
3765,2011_14,resta,force_india,15,6,8.0,10,61,Finished,10
3766,2011_14,rosberg,mercedes,8,7,6.0,7,60,+1 Lap,7
3767,2011_14,sutil,force_india,14,8,4.0,9,60,+1 Lap,9
3768,2011_14,massa,ferrari,6,9,2.0,6,60,+1 Lap,6
3769,2011_14,perez,sauber,17,10,1.0,11,60,+1 Lap,11
3770,2011_14,maldonado,williams,12,11,0.0,13,60,+1 Lap,13
3771,2011_14,buemi,toro_rosso,18,12,0.0,14,60,+1 Lap,14
3772,2011_14,barrichello,williams,11,13,0.0,12,60,+1 Lap,12
3773,2011_14,kobayashi,sauber,16,14,0.0,17,59,+2 Laps,17
3774,2011_14,bruno_senna,renault,9,15,0.0,15,59,+2 Laps,15
3775,2011_14,kovalainen,lotus_racing,20,16,0.0,19,59,+2 Laps,19
3776,2011_14,petrov,renault,10,17,0.0,18,59,+2 Laps,18
3777,2011_14,ambrosio,virgin,25,18,0.0,22,59,+2 Laps,22
3778,2011_14,ricciardo,hrt,22,19,0.0,23,57,+4 Laps,23
3779,2011_14,liuzzi,hrt,23,20,0.0,24,57,+4 Laps,24
3780,2011_14,alguersuari,toro_rosso,19,21,0.0,16,56,Accident,16
3781,2011_14,trulli,lotus_racing,21,22,0.0,20,47,Gearbox,20
3782,2011_14,michael_schumacher,mercedes,7,23,0.0,8,28,Accident,8
3783,2011_14,glock,virgin,24,24,0.0,21,9,Accident,21
3784,2011_15,button,mclaren,4,1,25.0,2,53,Finished,2
3785,2011_15,alonso,ferrari,5,2,18.0,5,53,Finished,5
3786,2011_15,vettel,red_bull,1,3,15.0,1,53,Finished,1
3787,2011_15,webber,red_bull,2,4,12.0,6,53,Finished,6
3788,2011_15,hamilton,mclaren,3,5,10.0,3,53,Finished,3
3789,2011_15,michael_schumacher,mercedes,7,6,8.0,8,53,Finished,7
3790,2011_15,massa,ferrari,6,7,6.0,4,53,Finished,4
3791,2011_15,perez,sauber,17,8,4.0,17,53,Finished,17
3792,2011_15,petrov,renault,10,9,2.0,10,53,Finished,9
3793,2011_15,rosberg,mercedes,8,10,1.0,23,53,Finished,23
3794,2011_15,sutil,force_india,14,11,0.0,11,53,Finished,11
3795,2011_15,resta,force_india,15,12,0.0,12,53,Finished,12
3796,2011_15,kobayashi,sauber,16,13,0.0,7,53,Finished,10
3797,2011_15,maldonado,williams,12,14,0.0,14,53,Finished,14
3798,2011_15,alguersuari,toro_rosso,19,15,0.0,16,53,Finished,16
3799,2011_15,bruno_senna,renault,9,16,0.0,9,53,Finished,8
3800,2011_15,barrichello,williams,11,17,0.0,13,53,Finished,13
3801,2011_15,kovalainen,lotus_racing,20,18,0.0,18,53,Finished,18
3802,2011_15,trulli,lotus_racing,21,19,0.0,19,53,Finished,19
3803,2011_15,glock,virgin,24,20,0.0,21,51,+2 Laps,21
3804,2011_15,ambrosio,virgin,25,21,0.0,20,51,+2 Laps,20
3805,2011_15,ricciardo,hrt,22,22,0.0,22,51,+2 Laps,22
3806,2011_15,liuzzi,hrt,23,23,0.0,24,50,+3 Laps,24
3807,2011_15,buemi,toro_rosso,18,24,0.0,15,11,Wheel,15
3808,2011_16,vettel,red_bull,1,1,25.0,2,55,Finished,2
3809,2011_16,hamilton,mclaren,3,2,18.0,1,55,Finished,1
3810,2011_16,webber,red_bull,2,3,15.0,4,55,Finished,4
3811,2011_16,button,mclaren,4,4,12.0,3,55,Finished,3
3812,2011_16,alonso,ferrari,5,5,10.0,6,55,Finished,6
3813,2011_16,massa,ferrari,6,6,8.0,5,55,Finished,5
3814,2011_16,alguersuari,toro_rosso,19,7,6.0,11,55,Finished,11
3815,2011_16,rosberg,mercedes,8,8,4.0,7,55,Finished,7
3816,2011_16,buemi,toro_rosso,18,9,2.0,13,55,Finished,13
3817,2011_16,resta,force_india,15,10,1.0,9,55,Finished,9
3818,2011_16,sutil,force_india,14,11,0.0,10,55,Finished,10
3819,2011_16,barrichello,williams,11,12,0.0,18,55,Finished,18
3820,2011_16,bruno_senna,renault,9,13,0.0,15,54,+1 Lap,15
3821,2011_16,kovalainen,lotus_racing,20,14,0.0,19,54,+1 Lap,19
3822,2011_16,kobayashi,sauber,16,15,0.0,14,54,+1 Lap,14
3823,2011_16,perez,sauber,17,16,0.0,17,54,+1 Lap,17
3824,2011_16,trulli,lotus_racing,21,17,0.0,20,54,+1 Lap,20
3825,2011_16,glock,virgin,24,18,0.0,21,54,+1 Lap,21
3826,2011_16,ricciardo,hrt,22,19,0.0,24,54,+1 Lap,24
3827,2011_16,ambrosio,virgin,25,20,0.0,22,54,+1 Lap,22
3828,2011_16,liuzzi,hrt,23,21,0.0,23,52,+3 Laps,23
3829,2011_16,maldonado,williams,12,22,0.0,16,30,Clutch,16
3830,2011_16,petrov,renault,10,23,0.0,8,16,Collision,8
3831,2011_16,michael_schumacher,mercedes,7,24,0.0,12,15,Collision,12
3832,2011_17,vettel,red_bull,1,1,25.0,1,60,Finished,1
3833,2011_17,button,mclaren,4,2,18.0,4,60,Finished,5
3834,2011_17,alonso,ferrari,5,3,15.0,3,60,Finished,4
3835,2011_17,webber,red_bull,2,4,12.0,2,60,Finished,3
3836,2011_17,michael_schumacher,mercedes,7,5,10.0,11,60,Finished,12
3837,2011_17,rosberg,mercedes,8,6,8.0,7,60,Finished,7
3838,2011_17,hamilton,mclaren,3,7,6.0,5,60,Finished,2
3839,2011_17,alguersuari,toro_rosso,19,8,4.0,10,59,+1 Lap,10
3840,2011_17,sutil,force_india,14,9,2.0,8,59,+1 Lap,8
3841,2011_17,perez,sauber,17,10,1.0,20,59,+1 Lap,17
3842,2011_17,petrov,renault,10,11,0.0,16,59,+1 Lap,11
3843,2011_17,bruno_senna,renault,9,12,0.0,14,59,+1 Lap,15
3844,2011_17,resta,force_india,15,13,0.0,12,59,+1 Lap,13
3845,2011_17,kovalainen,lotus_racing,20,14,0.0,18,58,+2 Laps,19
3846,2011_17,barrichello,williams,11,15,0.0,15,58,+2 Laps,16
3847,2011_17,ambrosio,virgin,25,16,0.0,21,57,+3 Laps,23
3848,2011_17,karthikeyan,hrt,22,17,0.0,24,57,+3 Laps,22
3849,2011_17,ricciardo,hrt,23,18,0.0,23,57,+3 Laps,21
3850,2011_17,trulli,lotus_racing,21,19,0.0,19,55,+5 Laps,20
3851,2011_17,massa,ferrari,6,20,0.0,6,32,Suspension,6
3852,2011_17,buemi,toro_rosso,18,21,0.0,9,24,Engine,9
3853,2011_17,maldonado,williams,12,22,0.0,13,12,Gearbox,14
3854,2011_17,glock,virgin,24,23,0.0,22,2,Collision,24
3855,2011_17,kobayashi,sauber,16,24,0.0,17,0,Collision,18
3856,2011_18,hamilton,mclaren,3,1,25.0,2,55,Finished,2
3857,2011_18,alonso,ferrari,5,2,18.0,5,55,Finished,5
3858,2011_18,button,mclaren,4,3,15.0,3,55,Finished,3
3859,2011_18,webber,red_bull,2,4,12.0,4,55,Finished,4
3860,2011_18,massa,ferrari,6,5,10.0,6,55,Finished,6
3861,2011_18,rosberg,mercedes,8,6,8.0,7,55,Finished,7
3862,2011_18,michael_schumacher,mercedes,7,7,6.0,8,55,Finished,8
3863,2011_18,sutil,force_india,14,8,4.0,9,55,Finished,9
3864,2011_18,resta,force_india,15,9,2.0,10,55,Finished,10
3865,2011_18,kobayashi,sauber,16,10,1.0,16,54,+1 Lap,16
3866,2011_18,perez,sauber,17,11,0.0,11,54,+1 Lap,11
3867,2011_18,barrichello,williams,11,12,0.0,24,54,+1 Lap,
3868,2011_18,petrov,renault,10,13,0.0,12,54,+1 Lap,12
3869,2011_18,maldonado,williams,12,14,0.0,23,54,+1 Lap,17
3870,2011_18,alguersuari,toro_rosso,19,15,0.0,15,54,+1 Lap,15
3871,2011_18,bruno_senna,renault,9,16,0.0,14,54,+1 Lap,14
3872,2011_18,kovalainen,lotus_racing,20,17,0.0,17,54,+1 Lap,18
3873,2011_18,trulli,lotus_racing,21,18,0.0,18,53,+2 Laps,19
3874,2011_18,glock,virgin,24,19,0.0,19,53,+2 Laps,20
3875,2011_18,liuzzi,hrt,23,20,0.0,22,53,+2 Laps,23
3876,2011_18,ricciardo,hrt,22,21,0.0,20,48,Mechanical,21
3877,2011_18,buemi,toro_rosso,18,22,0.0,13,19,Hydraulics,13
3878,2011_18,ambrosio,virgin,25,23,0.0,21,18,Brakes,22
3879,2011_18,vettel,red_bull,1,24,0.0,1,1,Puncture,1
3880,2011_19,webber,red_bull,2,1,25.0,2,71,Finished,2
3881,2011_19,vettel,red_bull,1,2,18.0,1,71,Finished,1
3882,2011_19,button,mclaren,4,3,15.0,3,71,Finished,3
3883,2011_19,alonso,ferrari,5,4,12.0,5,71,Finished,5
3884,2011_19,massa,ferrari,6,5,10.0,7,71,Finished,7
3885,2011_19,sutil,force_india,14,6,8.0,8,70,+1 Lap,8
3886,2011_19,rosberg,mercedes,8,7,6.0,6,70,+1 Lap,6
3887,2011_19,resta,force_india,15,8,4.0,11,70,+1 Lap,11
3888,2011_19,kobayashi,sauber,16,9,2.0,16,70,+1 Lap,16
3889,2011_19,petrov,renault,10,10,1.0,15,70,+1 Lap,15
3890,2011_19,alguersuari,toro_rosso,19,11,0.0,13,70,+1 Lap,13
3891,2011_19,buemi,toro_rosso,18,12,0.0,14,70,+1 Lap,14
3892,2011_19,perez,sauber,17,13,0.0,17,70,+1 Lap,17
3893,2011_19,barrichello,williams,11,14,0.0,12,70,+1 Lap,12
3894,2011_19,michael_schumacher,mercedes,7,15,0.0,10,70,+1 Lap,10
3895,2011_19,kovalainen,lotus_racing,20,16,0.0,19,69,+2 Laps,19
3896,2011_19,bruno_senna,renault,9,17,0.0,9,69,+2 Laps,9
3897,2011_19,trulli,lotus_racing,21,18,0.0,20,69,+2 Laps,20
3898,2011_19,ambrosio,virgin,25,19,0.0,23,68,+3 Laps,23
3899,2011_19,ricciardo,hrt,22,20,0.0,22,68,+3 Laps,22
3900,2011_19,liuzzi,hrt,23,21,0.0,21,61,Retired,21
3901,2011_19,hamilton,mclaren,3,22,0.0,4,46,Gearbox,4
3902,2011_19,maldonado,williams,12,23,0.0,18,26,Retired,18
3903,2011_19,glock,virgin,24,24,0.0,24,21,Retired,24
3904,2012_1,button,mclaren,3,1,25.0,2,58,Finished,2
3905,2012_1,vettel,red_bull,1,2,18.0,6,58,Finished,6
3906,2012_1,hamilton,mclaren,4,3,15.0,1,58,Finished,1
3907,2012_1,webber,red_bull,2,4,12.0,5,58,Finished,5
3908,2012_1,alonso,ferrari,5,5,10.0,12,58,Finished,12
3909,2012_1,kobayashi,sauber,14,6,8.0,13,58,Finished,13
3910,2012_1,raikkonen,lotus_f1,9,7,6.0,17,58,Finished,18
3911,2012_1,perez,sauber,15,8,4.0,22,58,Finished,17
3912,2012_1,ricciardo,toro_rosso,16,9,2.0,10,58,Finished,10
3913,2012_1,resta,force_india,11,10,1.0,15,58,Finished,15
3914,2012_1,vergne,toro_rosso,17,11,0.0,11,58,Finished,11
3915,2012_1,rosberg,mercedes,8,12,0.0,7,58,Finished,7
3916,2012_1,maldonado,williams,18,13,0.0,8,57,Accident,8
3917,2012_1,glock,marussia,24,14,0.0,20,57,+1 Lap,21
3918,2012_1,pic,marussia,25,15,0.0,21,53,+5 Laps,22
3919,2012_1,bruno_senna,williams,19,16,0.0,14,52,Collision,14
3920,2012_1,massa,ferrari,6,17,0.0,16,46,Collision,16
3921,2012_1,kovalainen,caterham,20,18,0.0,18,38,Suspension,19
3922,2012_1,petrov,caterham,21,19,0.0,19,34,Steering,20
3923,2012_1,michael_schumacher,mercedes,7,20,0.0,4,10,Gearbox,4
3924,2012_1,grosjean,lotus_f1,10,21,0.0,3,1,Collision,3
3925,2012_1,hulkenberg,force_india,12,22,0.0,9,0,Collision,9
3926,2012_2,alonso,ferrari,5,1,25.0,8,56,Finished,9
3927,2012_2,perez,sauber,15,2,18.0,9,56,Finished,10
3928,2012_2,hamilton,mclaren,4,3,15.0,1,56,Finished,1
3929,2012_2,webber,red_bull,2,4,12.0,4,56,Finished,4
3930,2012_2,raikkonen,lotus_f1,9,5,10.0,10,56,Finished,5
3931,2012_2,bruno_senna,williams,19,6,8.0,13,56,Finished,13
3932,2012_2,resta,force_india,11,7,6.0,14,56,Finished,14
3933,2012_2,vergne,toro_rosso,17,8,4.0,18,56,Finished,18
3934,2012_2,hulkenberg,force_india,12,9,2.0,16,56,Finished,16
3935,2012_2,michael_schumacher,mercedes,7,10,1.0,3,56,Finished,3
3936,2012_2,vettel,red_bull,1,11,0.0,5,56,Finished,6
3937,2012_2,ricciardo,toro_rosso,16,12,0.0,15,56,Finished,15
3938,2012_2,rosberg,mercedes,8,13,0.0,7,56,Finished,8
3939,2012_2,button,mclaren,3,14,0.0,2,56,Finished,2
3940,2012_2,massa,ferrari,6,15,0.0,12,56,Finished,12
3941,2012_2,petrov,caterham,21,16,0.0,19,55,+1 Lap,20
3942,2012_2,glock,marussia,24,17,0.0,20,55,+1 Lap,21
3943,2012_2,kovalainen,caterham,20,18,0.0,24,55,+1 Lap,19
3944,2012_2,maldonado,williams,18,19,0.0,11,54,Engine,11
3945,2012_2,pic,marussia,25,20,0.0,21,54,+2 Laps,22
3946,2012_2,karthikeyan,hrt,23,21,0.0,23,54,+2 Laps,24
3947,2012_2,rosa,hrt,22,22,0.0,22,54,+2 Laps,23
3948,2012_2,kobayashi,sauber,14,23,0.0,17,46,Retired,17
3949,2012_2,grosjean,lotus_f1,10,24,0.0,6,3,Collision,7
3950,2012_3,rosberg,mercedes,8,1,25.0,1,56,Finished,1
3951,2012_3,button,mclaren,3,2,18.0,5,56,Finished,6
3952,2012_3,hamilton,mclaren,4,3,15.0,7,56,Finished,2
3953,2012_3,webber,red_bull,2,4,12.0,6,56,Finished,7
3954,2012_3,vettel,red_bull,1,5,10.0,11,56,Finished,11
3955,2012_3,grosjean,lotus_f1,10,6,8.0,10,56,Finished,10
3956,2012_3,bruno_senna,williams,19,7,6.0,14,56,Finished,14
3957,2012_3,maldonado,williams,18,8,4.0,13,56,Finished,13
3958,2012_3,alonso,ferrari,5,9,2.0,9,56,Finished,9
3959,2012_3,kobayashi,sauber,14,10,1.0,3,56,Finished,4
3960,2012_3,perez,sauber,15,11,0.0,8,56,Finished,8
3961,2012_3,resta,force_india,11,12,0.0,15,56,Finished,15
3962,2012_3,massa,ferrari,6,13,0.0,12,56,Finished,12
3963,2012_3,raikkonen,lotus_f1,9,14,0.0,4,56,Finished,5
3964,2012_3,hulkenberg,force_india,12,15,0.0,16,56,Finished,16
3965,2012_3,vergne,toro_rosso,17,16,0.0,24,56,Finished,18
3966,2012_3,ricciardo,toro_rosso,16,17,0.0,17,56,Finished,17
3967,2012_3,petrov,caterham,21,18,0.0,19,55,+1 Lap,20
3968,2012_3,glock,marussia,24,19,0.0,20,55,+1 Lap,21
3969,2012_3,pic,marussia,25,20,0.0,21,55,+1 Lap,22
3970,2012_3,rosa,hrt,22,21,0.0,22,55,+1 Lap,23
3971,2012_3,karthikeyan,hrt,23,22,0.0,23,54,+2 Laps,24
3972,2012_3,kovalainen,caterham,20,23,0.0,18,53,+3 Laps,19
3973,2012_3,michael_schumacher,mercedes,7,24,0.0,2,12,Wheel nut,3
3974,2012_4,vettel,red_bull,1,1,25.0,1,57,Finished,1
3975,2012_4,raikkonen,lotus_f1,9,2,18.0,11,57,Finished,11
3976,2012_4,grosjean,lotus_f1,10,3,15.0,7,57,Finished,7
3977,2012_4,webber,red_bull,2,4,12.0,3,57,Finished,3
3978,2012_4,rosberg,mercedes,8,5,10.0,5,57,Finished,5
3979,2012_4,resta,force_india,11,6,8.0,10,57,Finished,10
3980,2012_4,alonso,ferrari,5,7,6.0,9,57,Finished,9
3981,2012_4,hamilton,mclaren,4,8,4.0,2,57,Finished,2
3982,2012_4,massa,ferrari,6,9,2.0,14,57,Finished,14
3983,2012_4,michael_schumacher,mercedes,7,10,1.0,22,57,Finished,18
3984,2012_4,perez,sauber,15,11,0.0,8,57,Finished,8
3985,2012_4,hulkenberg,force_india,12,12,0.0,13,57,Finished,13
3986,2012_4,kobayashi,sauber,14,13,0.0,12,57,Finished,12
3987,2012_4,vergne,toro_rosso,17,14,0.0,17,57,Finished,19
3988,2012_4,ricciardo,toro_rosso,16,15,0.0,6,56,+1 Lap,6
3989,2012_4,petrov,caterham,21,16,0.0,18,56,+1 Lap,20
3990,2012_4,kovalainen,caterham,20,17,0.0,16,56,+1 Lap,16
3991,2012_4,button,mclaren,3,18,0.0,4,55,Exhaust,4
3992,2012_4,glock,marussia,24,19,0.0,23,55,+2 Laps,23
3993,2012_4,rosa,hrt,22,20,0.0,20,55,+2 Laps,22
3994,2012_4,karthikeyan,hrt,23,21,0.0,24,55,+2 Laps,24
3995,2012_4,bruno_senna,williams,19,22,0.0,15,54,Vibrations,15
3996,2012_4,maldonado,williams,18,23,0.0,21,25,Puncture,17
3997,2012_4,pic,marussia,25,24,0.0,19,24,Engine,21
3998,2012_5,maldonado,williams,18,1,25.0,1,66,Finished,2
3999,2012_5,alonso,ferrari,5,2,18.0,2,66,Finished,3
4000,2012_5,raikkonen,lotus_f1,9,3,15.0,4,66,Finished,5
4001,2012_5,grosjean,lotus_f1,10,4,12.0,3,66,Finished,4
4002,2012_5,kobayashi,sauber,14,5,10.0,9,66,Finished,10
4003,2012_5,vettel,red_bull,1,6,8.0,7,66,Finished,8
4004,2012_5,rosberg,mercedes,8,7,6.0,6,66,Finished,7
4005,2012_5,hamilton,mclaren,4,8,4.0,24,66,Finished,1
4006,2012_5,button,mclaren,3,9,2.0,10,66,Finished,11
4007,2012_5,hulkenberg,force_india,12,10,1.0,13,65,+1 Lap,14
4008,2012_5,webber,red_bull,2,11,0.0,11,65,+1 Lap,12
4009,2012_5,vergne,toro_rosso,17,12,0.0,14,65,+1 Lap,15
4010,2012_5,ricciardo,toro_rosso,16,13,0.0,15,65,+1 Lap,16
4011,2012_5,resta,force_india,11,14,0.0,12,65,+1 Lap,13
4012,2012_5,massa,ferrari,6,15,0.0,16,65,+1 Lap,17
4013,2012_5,kovalainen,caterham,20,16,0.0,19,65,+1 Lap,20
4014,2012_5,petrov,caterham,21,17,0.0,18,65,+1 Lap,19
4015,2012_5,glock,marussia,24,18,0.0,21,64,+2 Laps,22
4016,2012_5,rosa,hrt,22,19,0.0,22,63,+3 Laps,23
4017,2012_5,perez,sauber,15,20,0.0,5,37,Wheel nut,6
4018,2012_5,pic,marussia,25,21,0.0,20,35,Mechanical,21
4019,2012_5,karthikeyan,hrt,23,22,0.0,23,22,Mechanical,24
4020,2012_5,bruno_senna,williams,19,23,0.0,17,12,Collision,18
4021,2012_5,michael_schumacher,mercedes,7,24,0.0,8,12,Collision,9
4022,2012_6,webber,red_bull,2,1,25.0,1,78,Finished,2
4023,2012_6,rosberg,mercedes,8,2,18.0,2,78,Finished,3
4024,2012_6,alonso,ferrari,5,3,15.0,5,78,Finished,6
4025,2012_6,vettel,red_bull,1,4,12.0,9,78,Finished,10
4026,2012_6,hamilton,mclaren,4,5,10.0,3,78,Finished,4
4027,2012_6,massa,ferrari,6,6,8.0,7,78,Finished,7
4028,2012_6,resta,force_india,11,7,6.0,14,78,Finished,15
4029,2012_6,hulkenberg,force_india,12,8,4.0,10,78,Finished,11
4030,2012_6,raikkonen,lotus_f1,9,9,2.0,8,78,Finished,8
4031,2012_6,bruno_senna,williams,19,10,1.0,13,78,Finished,14
4032,2012_6,perez,sauber,15,11,0.0,23,77,+1 Lap,
4033,2012_6,vergne,toro_rosso,17,12,0.0,16,77,+1 Lap,17
4034,2012_6,kovalainen,caterham,20,13,0.0,17,77,+1 Lap,18
4035,2012_6,glock,marussia,24,14,0.0,19,77,+1 Lap,20
4036,2012_6,karthikeyan,hrt,23,15,0.0,22,76,+2 Laps,23
4037,2012_6,button,mclaren,3,16,0.0,12,70,Collision,13
4038,2012_6,ricciardo,toro_rosso,16,17,0.0,15,65,Retired,16
4039,2012_6,pic,marussia,25,18,0.0,21,64,Retired,22
4040,2012_6,michael_schumacher,mercedes,7,19,0.0,6,63,Fuel pressure,1
4041,2012_6,petrov,caterham,21,20,0.0,18,15,Electrical,19
4042,2012_6,kobayashi,sauber,14,21,0.0,11,5,Accident,12
4043,2012_6,rosa,hrt,22,22,0.0,20,0,Accident,21
4044,2012_6,maldonado,williams,18,23,0.0,24,0,Accident,9
4045,2012_6,grosjean,lotus_f1,10,24,0.0,4,0,Accident,5
4046,2012_7,hamilton,mclaren,4,1,25.0,2,70,Finished,2
4047,2012_7,grosjean,lotus_f1,10,2,18.0,7,70,Finished,7
4048,2012_7,perez,sauber,15,3,15.0,15,70,Finished,15
4049,2012_7,vettel,red_bull,1,4,12.0,1,70,Finished,1
4050,2012_7,alonso,ferrari,5,5,10.0,3,70,Finished,3
4051,2012_7,rosberg,mercedes,8,6,8.0,5,70,Finished,5
4052,2012_7,webber,red_bull,2,7,6.0,4,70,Finished,4
4053,2012_7,raikkonen,lotus_f1,9,8,4.0,12,70,Finished,12
4054,2012_7,kobayashi,sauber,14,9,2.0,11,70,Finished,11
4055,2012_7,massa,ferrari,6,10,1.0,6,70,Finished,6
4056,2012_7,resta,force_india,11,11,0.0,8,70,Finished,8
4057,2012_7,hulkenberg,force_india,12,12,0.0,13,70,Finished,13
4058,2012_7,maldonado,williams,18,13,0.0,22,70,Finished,17
4059,2012_7,ricciardo,toro_rosso,16,14,0.0,14,70,Finished,14
4060,2012_7,vergne,toro_rosso,17,15,0.0,19,69,+1 Lap,20
4061,2012_7,button,mclaren,3,16,0.0,10,69,+1 Lap,10
4062,2012_7,bruno_senna,williams,19,17,0.0,16,69,+1 Lap,16
4063,2012_7,kovalainen,caterham,20,18,0.0,17,69,+1 Lap,18
4064,2012_7,petrov,caterham,21,19,0.0,18,69,+1 Lap,19
4065,2012_7,pic,marussia,25,20,0.0,23,69,+3 Laps,23
4066,2012_7,glock,marussia,24,21,0.0,21,56,Suspension,22
4067,2012_7,michael_schumacher,mercedes,7,22,0.0,9,43,Rear wing,9
4068,2012_7,rosa,hrt,22,23,0.0,20,24,Brakes,21
4069,2012_7,karthikeyan,hrt,23,24,0.0,24,22,Suspension,24
4070,2012_8,alonso,ferrari,5,1,25.0,11,57,Finished,11
4071,2012_8,raikkonen,lotus_f1,9,2,18.0,5,57,Finished,5
4072,2012_8,michael_schumacher,mercedes,7,3,15.0,12,57,Finished,12
4073,2012_8,webber,red_bull,2,4,12.0,19,57,Finished,19
4074,2012_8,hulkenberg,force_india,12,5,10.0,8,57,Finished,8
4075,2012_8,rosberg,mercedes,8,6,8.0,6,57,Finished,6
4076,2012_8,resta,force_india,11,7,6.0,10,57,Finished,10
4077,2012_8,button,mclaren,3,8,4.0,9,57,Finished,9
4078,2012_8,perez,sauber,15,9,2.0,15,57,Finished,15
4079,2012_8,bruno_senna,williams,19,10,1.0,14,57,Finished,14
4080,2012_8,ricciardo,toro_rosso,16,11,0.0,17,57,Finished,17
4081,2012_8,maldonado,williams,18,12,0.0,3,57,Finished,3
4082,2012_8,petrov,caterham,21,13,0.0,20,57,Finished,20
4083,2012_8,kovalainen,caterham,20,14,0.0,16,57,Finished,16
4084,2012_8,pic,marussia,25,15,0.0,23,57,Finished,23
4085,2012_8,massa,ferrari,6,16,0.0,13,56,+1 Lap,13
4086,2012_8,rosa,hrt,22,17,0.0,21,56,+1 Lap,21
4087,2012_8,karthikeyan,hrt,23,18,0.0,22,56,+1 Lap,22
4088,2012_8,hamilton,mclaren,4,19,0.0,2,55,Collision,2
4089,2012_8,grosjean,lotus_f1,10,20,0.0,4,40,Electronics,4
4090,2012_8,vettel,red_bull,1,21,0.0,1,33,Gearbox,1
4091,2012_8,kobayashi,sauber,14,22,0.0,7,33,Collision,7
4092,2012_8,vergne,toro_rosso,17,23,0.0,18,26,Collision,18
4093,2012_8,glock,marussia,24,24,0.0,0,0,Withdrew,
4094,2012_9,webber,red_bull,2,1,25.0,2,52,Finished,2
4095,2012_9,alonso,ferrari,5,2,18.0,1,52,Finished,1
4096,2012_9,vettel,red_bull,1,3,15.0,4,52,Finished,4
4097,2012_9,massa,ferrari,6,4,12.0,5,52,Finished,5
4098,2012_9,raikkonen,lotus_f1,9,5,10.0,6,52,Finished,6
4099,2012_9,grosjean,lotus_f1,10,6,8.0,9,52,Finished,10
4100,2012_9,michael_schumacher,mercedes,7,7,6.0,3,52,Finished,3
4101,2012_9,hamilton,mclaren,4,8,4.0,8,52,Finished,8
4102,2012_9,bruno_senna,williams,19,9,2.0,13,52,Finished,15
4103,2012_9,button,mclaren,3,10,1.0,16,52,Finished,18
4104,2012_9,kobayashi,sauber,14,11,0.0,17,52,Finished,12
4105,2012_9,hulkenberg,force_india,12,12,0.0,14,52,Finished,9
4106,2012_9,ricciardo,toro_rosso,16,13,0.0,12,52,Finished,14
4107,2012_9,vergne,toro_rosso,17,14,0.0,23,52,Finished,16
4108,2012_9,rosberg,mercedes,8,15,0.0,11,52,Finished,13
4109,2012_9,maldonado,williams,18,16,0.0,7,51,+1 Lap,7
4110,2012_9,kovalainen,caterham,20,17,0.0,19,51,+1 Lap,20
4111,2012_9,glock,marussia,24,18,0.0,20,51,+1 Lap,21
4112,2012_9,pic,marussia,25,19,0.0,24,51,+1 Lap,24
4113,2012_9,rosa,hrt,22,20,0.0,21,50,+2 Laps,22
4114,2012_9,karthikeyan,hrt,23,21,0.0,22,50,+2 Laps,23
4115,2012_9,perez,sauber,15,22,0.0,15,11,Collision,17
4116,2012_9,resta,force_india,11,23,0.0,10,2,Collision,11
4117,2012_9,petrov,caterham,21,24,0.0,18,0,Engine,19
4118,2012_10,alonso,ferrari,5,1,25.0,1,67,Finished,1
4119,2012_10,button,mclaren,3,2,18.0,6,67,Finished,7
4120,2012_10,raikkonen,lotus_f1,9,3,15.0,10,67,Finished,10
4121,2012_10,kobayashi,sauber,14,4,12.0,12,67,Finished,13
4122,2012_10,vettel,red_bull,1,5,10.0,2,67,Finished,2
4123,2012_10,perez,sauber,15,6,8.0,17,67,Finished,12
4124,2012_10,michael_schumacher,mercedes,7,7,6.0,3,67,Finished,4
4125,2012_10,webber,red_bull,2,8,4.0,8,67,Finished,3
4126,2012_10,hulkenberg,force_india,12,9,2.0,4,67,Finished,5
4127,2012_10,rosberg,mercedes,8,10,1.0,21,67,Finished,17
4128,2012_10,resta,force_india,11,11,0.0,9,67,Finished,9
4129,2012_10,massa,ferrari,6,12,0.0,13,67,Finished,14
4130,2012_10,ricciardo,toro_rosso,16,13,0.0,11,67,Finished,11
4131,2012_10,vergne,toro_rosso,17,14,0.0,15,67,Finished,18
4132,2012_10,maldonado,williams,18,15,0.0,5,66,+1 Lap,6
4133,2012_10,petrov,caterham,21,16,0.0,18,66,+1 Lap,20
4134,2012_10,bruno_senna,williams,19,17,0.0,14,66,+1 Lap,16
4135,2012_10,grosjean,lotus_f1,10,18,0.0,19,66,+1 Lap,15
4136,2012_10,kovalainen,caterham,20,19,0.0,16,65,+2 Laps,19
4137,2012_10,pic,marussia,25,20,0.0,20,65,+2 Laps,21
4138,2012_10,rosa,hrt,22,21,0.0,23,64,+3 Laps,23
4139,2012_10,glock,marussia,24,22,0.0,22,64,+3 Laps,22
4140,2012_10,karthikeyan,hrt,23,23,0.0,24,64,+3 Laps,24
4141,2012_10,hamilton,mclaren,4,24,0.0,7,56,Puncture,8
4142,2012_11,hamilton,mclaren,4,1,25.0,1,69,Finished,1
4143,2012_11,raikkonen,lotus_f1,9,2,18.0,5,69,Finished,5
4144,2012_11,grosjean,lotus_f1,10,3,15.0,2,69,Finished,2
4145,2012_11,vettel,red_bull,1,4,12.0,3,69,Finished,3
4146,2012_11,alonso,ferrari,5,5,10.0,6,69,Finished,6
4147,2012_11,button,mclaren,3,6,8.0,4,69,Finished,4
4148,2012_11,bruno_senna,williams,19,7,6.0,9,69,Finished,9
4149,2012_11,webber,red_bull,2,8,4.0,11,69,Finished,11
4150,2012_11,massa,ferrari,6,9,2.0,7,69,Finished,7
4151,2012_11,rosberg,mercedes,8,10,1.0,13,69,Finished,13
4152,2012_11,hulkenberg,force_india,12,11,0.0,10,69,Finished,10
4153,2012_11,resta,force_india,11,12,0.0,12,69,Finished,12
4154,2012_11,maldonado,williams,18,13,0.0,8,69,Finished,8
4155,2012_11,perez,sauber,15,14,0.0,14,69,Finished,14
4156,2012_11,ricciardo,toro_rosso,16,15,0.0,18,68,+1 Lap,18
4157,2012_11,vergne,toro_rosso,17,16,0.0,16,68,+1 Lap,16
4158,2012_11,kovalainen,caterham,20,17,0.0,19,68,+1 Lap,19
4159,2012_11,kobayashi,sauber,14,18,0.0,15,67,+2 Laps,15
4160,2012_11,petrov,caterham,21,19,0.0,20,67,+2 Laps,20
4161,2012_11,pic,marussia,25,20,0.0,21,67,+2 Laps,21
4162,2012_11,glock,marussia,24,21,0.0,22,66,+3 Laps,22
4163,2012_11,rosa,hrt,22,22,0.0,23,66,+3 Laps,23
4164,2012_11,karthikeyan,hrt,23,23,0.0,24,60,Suspension,24
4165,2012_11,michael_schumacher,mercedes,7,24,0.0,17,58,+11 Laps,17
4166,2012_12,button,mclaren,3,1,25.0,1,44,Finished,1
4167,2012_12,vettel,red_bull,1,2,18.0,10,44,Finished,11
4168,2012_12,raikkonen,lotus_f1,9,3,15.0,3,44,Finished,4
4169,2012_12,hulkenberg,force_india,12,4,12.0,11,44,Finished,12
4170,2012_12,massa,ferrari,6,5,10.0,14,44,Finished,14
4171,2012_12,webber,red_bull,2,6,8.0,12,44,Finished,7
4172,2012_12,michael_schumacher,mercedes,7,7,6.0,13,44,Finished,13
4173,2012_12,vergne,toro_rosso,17,8,4.0,15,44,Finished,15
4174,2012_12,ricciardo,toro_rosso,16,9,2.0,16,44,Finished,16
4175,2012_12,resta,force_india,11,10,1.0,9,44,Finished,10
4176,2012_12,rosberg,mercedes,8,11,0.0,23,44,Finished,18
4177,2012_12,bruno_senna,williams,19,12,0.0,17,44,Finished,17
4178,2012_12,kobayashi,sauber,14,13,0.0,2,44,Finished,2
4179,2012_12,petrov,caterham,21,14,0.0,19,43,+1 Lap,20
4180,2012_12,glock,marussia,24,15,0.0,20,43,+1 Lap,21
4181,2012_12,pic,marussia,25,16,0.0,22,43,+1 Lap,23
4182,2012_12,kovalainen,caterham,20,17,0.0,18,43,+1 Lap,19
4183,2012_12,rosa,hrt,22,18,0.0,21,43,+1 Lap,22
4184,2012_12,karthikeyan,hrt,23,19,0.0,24,29,Spun off,24
4185,2012_12,maldonado,williams,18,20,0.0,6,4,Collision,3
4186,2012_12,perez,sauber,15,21,0.0,4,0,Collision,5
4187,2012_12,alonso,ferrari,5,22,0.0,5,0,Collision,6
4188,2012_12,hamilton,mclaren,4,23,0.0,7,0,Collision,8
4189,2012_12,grosjean,lotus_f1,10,24,0.0,8,0,Collision,9
4190,2012_13,hamilton,mclaren,4,1,25.0,1,53,Finished,1
4191,2012_13,perez,sauber,15,2,18.0,12,53,Finished,13
4192,2012_13,alonso,ferrari,5,3,15.0,10,53,Finished,10
4193,2012_13,massa,ferrari,6,4,12.0,3,53,Finished,3
4194,2012_13,raikkonen,lotus_f1,9,5,10.0,7,53,Finished,8
4195,2012_13,michael_schumacher,mercedes,7,6,8.0,4,53,Finished,5
4196,2012_13,rosberg,mercedes,8,7,6.0,6,53,Finished,7
4197,2012_13,resta,force_india,11,8,4.0,9,53,Finished,4
4198,2012_13,kobayashi,sauber,14,9,2.0,8,53,Finished,9
4199,2012_13,bruno_senna,williams,19,10,1.0,13,53,Finished,14
4200,2012_13,maldonado,williams,18,11,0.0,22,53,Finished,12
4201,2012_13,ricciardo,toro_rosso,16,12,0.0,14,53,Finished,15
4202,2012_13,ambrosio,lotus_f1,10,13,0.0,15,53,Finished,16
4203,2012_13,kovalainen,caterham,20,14,0.0,17,52,+1 Lap,18
4204,2012_13,petrov,caterham,21,15,0.0,18,52,+1 Lap,19
4205,2012_13,pic,marussia,25,16,0.0,20,52,+1 Lap,21
4206,2012_13,glock,marussia,24,17,0.0,19,52,+1 Lap,20
4207,2012_13,rosa,hrt,22,18,0.0,23,52,+1 Lap,23
4208,2012_13,karthikeyan,hrt,23,19,0.0,21,52,+1 Lap,22
4209,2012_13,webber,red_bull,2,20,0.0,11,51,Vibrations,11
4210,2012_13,hulkenberg,force_india,12,21,0.0,24,50,Brakes,
4211,2012_13,vettel,red_bull,1,22,0.0,5,47,Alternator,6
4212,2012_13,button,mclaren,3,23,0.0,2,32,Fuel pressure,2
4213,2012_13,vergne,toro_rosso,17,24,0.0,16,8,Suspension,17
4214,2012_14,vettel,red_bull,1,1,25.0,3,59,Finished,3
4215,2012_14,button,mclaren,3,2,18.0,4,59,Finished,4
4216,2012_14,alonso,ferrari,5,3,15.0,5,59,Finished,5
4217,2012_14,resta,force_india,11,4,12.0,6,59,Finished,6
4218,2012_14,rosberg,mercedes,8,5,10.0,10,59,Finished,10
4219,2012_14,raikkonen,lotus_f1,9,6,8.0,12,59,Finished,12
4220,2012_14,grosjean,lotus_f1,10,7,6.0,8,59,Finished,8
4221,2012_14,massa,ferrari,6,8,4.0,13,59,Finished,13
4222,2012_14,ricciardo,toro_rosso,16,9,2.0,15,59,Finished,15
4223,2012_14,perez,sauber,15,10,1.0,14,59,Finished,14
4224,2012_14,webber,red_bull,2,11,0.0,7,59,Finished,7
4225,2012_14,glock,marussia,24,12,0.0,20,59,Finished,21
4226,2012_14,kobayashi,sauber,14,13,0.0,17,59,Finished,18
4227,2012_14,hulkenberg,force_india,12,14,0.0,11,59,Finished,11
4228,2012_14,kovalainen,caterham,20,15,0.0,19,59,Finished,20
4229,2012_14,pic,marussia,25,16,0.0,21,59,Finished,22
4230,2012_14,rosa,hrt,22,17,0.0,24,58,+1 Lap,24
4231,2012_14,bruno_senna,williams,19,18,0.0,22,57,Retired,17
4232,2012_14,petrov,caterham,21,19,0.0,18,57,+2 Laps,19
4233,2012_14,vergne,toro_rosso,17,20,0.0,16,38,Collision,16
4234,2012_14,michael_schumacher,mercedes,7,21,0.0,9,38,Collision,9
4235,2012_14,maldonado,williams,18,22,0.0,2,36,Hydraulics,2
4236,2012_14,karthikeyan,hrt,23,23,0.0,23,30,Accident,23
4237,2012_14,hamilton,mclaren,4,24,0.0,1,22,Gearbox,1
4238,2012_15,vettel,red_bull,1,1,25.0,1,53,Finished,1
4239,2012_15,massa,ferrari,6,2,18.0,10,53,Finished,11
4240,2012_15,kobayashi,sauber,14,3,15.0,3,53,Finished,4
4241,2012_15,button,mclaren,3,4,12.0,8,53,Finished,3
4242,2012_15,hamilton,mclaren,4,5,10.0,9,53,Finished,9
4243,2012_15,raikkonen,lotus_f1,9,6,8.0,7,53,Finished,8
4244,2012_15,hulkenberg,force_india,12,7,6.0,15,53,Finished,10
4245,2012_15,maldonado,williams,18,8,4.0,12,53,Finished,14
4246,2012_15,webber,red_bull,2,9,2.0,2,53,Finished,2
4247,2012_15,ricciardo,toro_rosso,16,10,1.0,14,53,Finished,16
4248,2012_15,michael_schumacher,mercedes,7,11,0.0,23,53,Finished,13
4249,2012_15,resta,force_india,11,12,0.0,11,53,Finished,12
4250,2012_15,vergne,toro_rosso,17,13,0.0,19,53,Finished,17
4251,2012_15,bruno_senna,williams,19,14,0.0,16,53,Finished,18
4252,2012_15,kovalainen,caterham,20,15,0.0,17,52,+1 Lap,19
4253,2012_15,glock,marussia,24,16,0.0,18,52,+1 Lap,20
4254,2012_15,petrov,caterham,21,17,0.0,22,52,+1 Lap,23
4255,2012_15,rosa,hrt,22,18,0.0,20,52,+1 Lap,21
4256,2012_15,grosjean,lotus_f1,10,19,0.0,4,51,+2 Laps,5
4257,2012_15,pic,marussia,25,20,0.0,21,37,Engine,22
4258,2012_15,karthikeyan,hrt,23,21,0.0,24,32,Vibrations,24
4259,2012_15,perez,sauber,15,22,0.0,5,18,Spun off,6
4260,2012_15,alonso,ferrari,5,23,0.0,6,0,Collision,7
4261,2012_15,rosberg,mercedes,8,24,0.0,13,0,Collision,15
4262,2012_16,vettel,red_bull,1,1,25.0,2,55,Finished,2
4263,2012_16,webber,red_bull,2,2,18.0,1,55,Finished,1
4264,2012_16,alonso,ferrari,5,3,15.0,4,55,Finished,4
4265,2012_16,massa,ferrari,6,4,12.0,6,55,Finished,6
4266,2012_16,raikkonen,lotus_f1,9,5,10.0,5,55,Finished,5
4267,2012_16,hulkenberg,force_india,12,6,8.0,8,55,Finished,8
4268,2012_16,grosjean,lotus_f1,10,7,6.0,7,55,Finished,7
4269,2012_16,vergne,toro_rosso,17,8,4.0,16,55,Finished,17
4270,2012_16,ricciardo,toro_rosso,16,9,2.0,21,55,Finished,16
4271,2012_16,hamilton,mclaren,4,10,1.0,3,55,Finished,3
4272,2012_16,perez,sauber,15,11,0.0,12,55,Finished,12
4273,2012_16,resta,force_india,11,12,0.0,14,55,Finished,14
4274,2012_16,michael_schumacher,mercedes,7,13,0.0,10,55,Finished,10
4275,2012_16,maldonado,williams,18,14,0.0,15,55,Finished,15
4276,2012_16,bruno_senna,williams,19,15,0.0,17,55,Finished,18
4277,2012_16,petrov,caterham,21,16,0.0,18,54,+1 Lap,19
4278,2012_16,kovalainen,caterham,20,17,0.0,19,54,+1 Lap,20
4279,2012_16,glock,marussia,24,18,0.0,20,54,+1 Lap,22
4280,2012_16,pic,marussia,25,19,0.0,24,53,+2 Laps,21
4281,2012_16,karthikeyan,hrt,23,20,0.0,23,53,+2 Laps,
4282,2012_16,rosa,hrt,22,21,0.0,22,16,Throttle,23
4283,2012_16,kobayashi,sauber,14,22,0.0,13,16,Collision damage,13
4284,2012_16,rosberg,mercedes,8,23,0.0,9,1,Collision,9
4285,2012_16,button,mclaren,3,24,0.0,11,0,Collision,11
4286,2012_17,vettel,red_bull,1,1,25.0,1,60,Finished,1
4287,2012_17,alonso,ferrari,5,2,18.0,5,60,Finished,5
4288,2012_17,webber,red_bull,2,3,15.0,2,60,Finished,2
4289,2012_17,hamilton,mclaren,4,4,12.0,3,60,Finished,3
4290,2012_17,button,mclaren,3,5,10.0,4,60,Finished,4
4291,2012_17,massa,ferrari,6,6,8.0,6,60,Finished,6
4292,2012_17,raikkonen,lotus_f1,9,7,6.0,7,60,Finished,7
4293,2012_17,hulkenberg,force_india,12,8,4.0,12,60,Finished,12
4294,2012_17,grosjean,lotus_f1,10,9,2.0,11,60,Finished,11
4295,2012_17,bruno_senna,williams,19,10,1.0,13,60,Finished,13
4296,2012_17,rosberg,mercedes,8,11,0.0,10,60,Finished,10
4297,2012_17,resta,force_india,11,12,0.0,16,60,Finished,16
4298,2012_17,ricciardo,toro_rosso,16,13,0.0,15,60,Finished,15
4299,2012_17,kobayashi,sauber,14,14,0.0,17,60,Finished,17
4300,2012_17,vergne,toro_rosso,17,15,0.0,18,59,+1 Lap,18
4301,2012_17,maldonado,williams,18,16,0.0,9,59,+1 Lap,9
4302,2012_17,petrov,caterham,21,17,0.0,19,59,+1 Lap,19
4303,2012_17,kovalainen,caterham,20,18,0.0,20,59,+1 Lap,20
4304,2012_17,pic,marussia,25,19,0.0,24,59,+1 Lap,24
4305,2012_17,glock,marussia,24,20,0.0,21,58,+2 Laps,21
4306,2012_17,karthikeyan,hrt,23,21,0.0,23,58,+2 Laps,23
4307,2012_17,michael_schumacher,mercedes,7,22,0.0,14,55,Retired,14
4308,2012_17,rosa,hrt,22,23,0.0,22,43,Accident,22
4309,2012_17,perez,sauber,15,24,0.0,8,21,Accident,8
4310,2012_18,raikkonen,lotus_f1,9,1,25.0,4,55,Finished,5
4311,2012_18,alonso,ferrari,5,2,18.0,6,55,Finished,7
4312,2012_18,vettel,red_bull,1,3,15.0,24,55,Finished,3
4313,2012_18,button,mclaren,3,4,12.0,5,55,Finished,6
4314,2012_18,maldonado,williams,18,5,10.0,3,55,Finished,4
4315,2012_18,kobayashi,sauber,14,6,8.0,15,55,Finished,16
4316,2012_18,massa,ferrari,6,7,6.0,8,55,Finished,9
4317,2012_18,bruno_senna,williams,19,8,4.0,14,55,Finished,15
4318,2012_18,resta,force_india,11,9,2.0,12,55,Finished,13
4319,2012_18,ricciardo,toro_rosso,16,10,1.0,16,55,Finished,17
4320,2012_18,michael_schumacher,mercedes,7,11,0.0,13,55,Finished,14
4321,2012_18,vergne,toro_rosso,17,12,0.0,17,55,Finished,18
4322,2012_18,kovalainen,caterham,20,13,0.0,18,55,Finished,19
4323,2012_18,glock,marussia,24,14,0.0,21,55,Finished,22
4324,2012_18,perez,sauber,15,15,0.0,11,55,Finished,12
4325,2012_18,petrov,caterham,21,16,0.0,20,55,Finished,21
4326,2012_18,rosa,hrt,22,17,0.0,22,55,Finished,23
4327,2012_18,pic,marussia,25,18,0.0,19,41,Retired,20
4328,2012_18,grosjean,lotus_f1,10,19,0.0,9,37,Collision,10
4329,2012_18,webber,red_bull,2,20,0.0,2,37,Collision,2
4330,2012_18,hamilton,mclaren,4,21,0.0,1,19,Electrical,1
4331,2012_18,karthikeyan,hrt,23,22,0.0,23,7,Collision,24
4332,2012_18,rosberg,mercedes,8,23,0.0,7,7,Collision,8
4333,2012_18,hulkenberg,force_india,12,24,0.0,10,0,Collision,11
4334,2012_19,hamilton,mclaren,4,1,25.0,2,56,Finished,2
4335,2012_19,vettel,red_bull,1,2,18.0,1,56,Finished,1
4336,2012_19,alonso,ferrari,5,3,15.0,7,56,Finished,9
4337,2012_19,massa,ferrari,6,4,12.0,11,56,Finished,7
4338,2012_19,button,mclaren,3,5,10.0,12,56,Finished,12
4339,2012_19,raikkonen,lotus_f1,9,6,8.0,4,56,Finished,5
4340,2012_19,grosjean,lotus_f1,10,7,6.0,8,56,Finished,4
4341,2012_19,hulkenberg,force_india,12,8,4.0,6,56,Finished,8
4342,2012_19,maldonado,williams,18,9,2.0,9,56,Finished,10
4343,2012_19,bruno_senna,williams,19,10,1.0,10,56,Finished,11
4344,2012_19,perez,sauber,15,11,0.0,15,56,Finished,15
4345,2012_19,ricciardo,toro_rosso,16,12,0.0,18,56,Finished,18
4346,2012_19,rosberg,mercedes,8,13,0.0,17,56,Finished,17
4347,2012_19,kobayashi,sauber,14,14,0.0,16,55,+1 Lap,16
4348,2012_19,resta,force_india,11,15,0.0,13,55,+1 Lap,13
4349,2012_19,michael_schumacher,mercedes,7,16,0.0,5,55,+1 Lap,6
4350,2012_19,petrov,caterham,21,17,0.0,21,55,+1 Lap,21
4351,2012_19,kovalainen,caterham,20,18,0.0,22,55,+1 Lap,22
4352,2012_19,glock,marussia,24,19,0.0,19,55,+1 Lap,19
4353,2012_19,pic,marussia,25,20,0.0,20,54,+2 Laps,20
4354,2012_19,rosa,hrt,22,21,0.0,23,54,+2 Laps,23
4355,2012_19,karthikeyan,hrt,23,22,0.0,24,54,+2 Laps,24
4356,2012_19,webber,red_bull,2,23,0.0,3,16,Alternator,3
4357,2012_19,vergne,toro_rosso,17,24,0.0,14,14,Suspension,14
4358,2012_20,button,mclaren,3,1,25.0,2,71,Finished,2
4359,2012_20,alonso,ferrari,5,2,18.0,7,71,Finished,8
4360,2012_20,massa,ferrari,6,3,15.0,5,71,Finished,5
4361,2012_20,webber,red_bull,2,4,12.0,3,71,Finished,3
4362,2012_20,hulkenberg,force_india,12,5,10.0,6,71,Finished,7
4363,2012_20,vettel,red_bull,1,6,8.0,4,71,Finished,4
4364,2012_20,michael_schumacher,mercedes,7,7,6.0,13,71,Finished,14
4365,2012_20,vergne,toro_rosso,17,8,4.0,17,71,Finished,17
4366,2012_20,kobayashi,sauber,14,9,2.0,14,71,Finished,15
4367,2012_20,raikkonen,lotus_f1,9,10,1.0,8,70,+1 Lap,9
4368,2012_20,petrov,caterham,21,11,0.0,19,70,+1 Lap,19
4369,2012_20,pic,marussia,25,12,0.0,22,70,+1 Lap,22
4370,2012_20,ricciardo,toro_rosso,16,13,0.0,15,70,+1 Lap,16
4371,2012_20,kovalainen,caterham,20,14,0.0,20,70,+1 Lap,20
4372,2012_20,rosberg,mercedes,8,15,0.0,9,70,+1 Lap,10
4373,2012_20,glock,marussia,24,16,0.0,21,70,+1 Lap,21
4374,2012_20,rosa,hrt,22,17,0.0,24,69,+2 Laps,24
4375,2012_20,karthikeyan,hrt,23,18,0.0,23,69,+2 Laps,23
4376,2012_20,resta,force_india,11,19,0.0,10,68,Accident,11
4377,2012_20,hamilton,mclaren,4,20,0.0,1,54,Collision,1
4378,2012_20,grosjean,lotus_f1,10,21,0.0,18,5,Accident,18
4379,2012_20,maldonado,williams,18,22,0.0,16,1,Collision,6
4380,2012_20,bruno_senna,williams,19,23,0.0,11,0,Collision,12
4381,2012_20,perez,sauber,15,24,0.0,12,0,Collision,13
4382,2013_1,raikkonen,lotus_f1,7,1,25.0,7,58,Finished,7
4383,2013_1,alonso,ferrari,3,2,18.0,5,58,Finished,5
4384,2013_1,vettel,red_bull,1,3,15.0,1,58,Finished,1
4385,2013_1,massa,ferrari,4,4,12.0,4,58,Finished,4
4386,2013_1,hamilton,mercedes,10,5,10.0,3,58,Finished,3
4387,2013_1,webber,red_bull,2,6,8.0,2,58,Finished,2
4388,2013_1,sutil,force_india,15,7,6.0,12,58,Finished,12
4389,2013_1,resta,force_india,14,8,4.0,9,58,Finished,9
4390,2013_1,button,mclaren,5,9,2.0,10,58,Finished,10
4391,2013_1,grosjean,lotus_f1,8,10,1.0,8,58,Finished,8
4392,2013_1,perez,mclaren,6,11,0.0,15,58,Finished,15
4393,2013_1,vergne,toro_rosso,18,12,0.0,13,58,Finished,13
4394,2013_1,gutierrez,sauber,12,13,0.0,18,57,+1 Lap,18
4395,2013_1,bottas,williams,17,14,0.0,16,57,+1 Lap,16
4396,2013_1,jules_bianchi,marussia,22,15,0.0,19,57,+1 Lap,19
4397,2013_1,pic,caterham,20,16,0.0,22,56,+2 Laps,22
4398,2013_1,chilton,marussia,23,17,0.0,20,56,+2 Laps,20
4399,2013_1,garde,caterham,21,18,0.0,21,56,+2 Laps,21
4400,2013_1,ricciardo,toro_rosso,19,19,0.0,14,39,Hydraulics,14
4401,2013_1,rosberg,mercedes,9,20,0.0,6,26,Electrical,6
4402,2013_1,maldonado,williams,16,21,0.0,17,24,Spun off,17
4403,2013_1,hulkenberg,sauber,11,22,0.0,11,0,Fuel system,11
4404,2013_2,vettel,red_bull,1,1,25.0,1,56,Finished,1
4405,2013_2,webber,red_bull,2,2,18.0,5,56,Finished,5
4406,2013_2,hamilton,mercedes,10,3,15.0,4,56,Finished,4
4407,2013_2,rosberg,mercedes,9,4,12.0,6,56,Finished,6
4408,2013_2,massa,ferrari,4,5,10.0,2,56,Finished,2
4409,2013_2,grosjean,lotus_f1,8,6,8.0,11,56,Finished,11
4410,2013_2,raikkonen,lotus_f1,7,7,6.0,10,56,Finished,7
4411,2013_2,hulkenberg,sauber,11,8,4.0,12,56,Finished,12
4412,2013_2,perez,mclaren,6,9,2.0,9,56,Finished,10
4413,2013_2,vergne,toro_rosso,18,10,1.0,17,56,Finished,17
4414,2013_2,bottas,williams,17,11,0.0,18,56,Finished,18
4415,2013_2,gutierrez,sauber,12,12,0.0,14,55,+1 Lap,14
4416,2013_2,jules_bianchi,marussia,22,13,0.0,19,55,+1 Lap,19
4417,2013_2,pic,caterham,20,14,0.0,20,55,+1 Lap,20
4418,2013_2,garde,caterham,21,15,0.0,22,55,+1 Lap,22
4419,2013_2,chilton,marussia,23,16,0.0,21,54,+2 Laps,21
4420,2013_2,button,mclaren,5,17,0.0,7,53,Withdrew,8
4421,2013_2,ricciardo,toro_rosso,19,18,0.0,13,51,Retired,13
4422,2013_2,maldonado,williams,16,19,0.0,16,45,Retired,16
4423,2013_2,sutil,force_india,15,20,0.0,8,27,Wheel nut,9
4424,2013_2,resta,force_india,14,21,0.0,15,22,Wheel nut,15
4425,2013_2,alonso,ferrari,3,22,0.0,3,1,Collision,3
4426,2013_3,alonso,ferrari,3,1,25.0,3,56,Finished,3
4427,2013_3,raikkonen,lotus_f1,7,2,18.0,2,56,Finished,2
4428,2013_3,hamilton,mercedes,10,3,15.0,1,56,Finished,1
4429,2013_3,vettel,red_bull,1,4,12.0,9,56,Finished,9
4430,2013_3,button,mclaren,5,5,10.0,8,56,Finished,8
4431,2013_3,massa,ferrari,4,6,8.0,5,56,Finished,5
4432,2013_3,ricciardo,toro_rosso,19,7,6.0,7,56,Finished,7
4433,2013_3,resta,force_india,14,8,4.0,11,56,Finished,11
4434,2013_3,grosjean,lotus_f1,8,9,2.0,6,56,Finished,6
4435,2013_3,hulkenberg,sauber,11,10,1.0,10,56,Finished,10
4436,2013_3,perez,mclaren,6,11,0.0,12,56,Finished,12
4437,2013_3,vergne,toro_rosso,18,12,0.0,15,56,Finished,16
4438,2013_3,bottas,williams,17,13,0.0,16,56,Finished,17
4439,2013_3,maldonado,williams,16,14,0.0,14,56,Finished,15
4440,2013_3,jules_bianchi,marussia,22,15,0.0,18,55,+1 Lap,19
4441,2013_3,pic,caterham,20,16,0.0,20,55,+1 Lap,21
4442,2013_3,chilton,marussia,23,17,0.0,19,55,+1 Lap,20
4443,2013_3,garde,caterham,21,18,0.0,21,55,+1 Lap,22
4444,2013_3,rosberg,mercedes,9,19,0.0,4,21,Suspension,4
4445,2013_3,webber,red_bull,2,20,0.0,22,15,Wheel,14
4446,2013_3,sutil,force_india,15,21,0.0,13,5,Collision,13
4447,2013_3,gutierrez,sauber,12,22,0.0,17,4,Collision,18
4448,2013_4,vettel,red_bull,1,1,25.0,2,57,Finished,2
4449,2013_4,raikkonen,lotus_f1,7,2,18.0,8,57,Finished,9
4450,2013_4,grosjean,lotus_f1,8,3,15.0,11,57,Finished,11
4451,2013_4,resta,force_india,14,4,12.0,5,57,Finished,7
4452,2013_4,hamilton,mercedes,10,5,10.0,9,57,Finished,4
4453,2013_4,perez,mclaren,6,6,8.0,12,57,Finished,12
4454,2013_4,webber,red_bull,2,7,6.0,7,57,Finished,5
4455,2013_4,alonso,ferrari,3,8,4.0,3,57,Finished,3
4456,2013_4,rosberg,mercedes,9,9,2.0,1,57,Finished,1
4457,2013_4,button,mclaren,5,10,1.0,10,57,Finished,10
4458,2013_4,maldonado,williams,16,11,0.0,17,57,Finished,17
4459,2013_4,hulkenberg,sauber,11,12,0.0,14,57,Finished,14
4460,2013_4,sutil,force_india,15,13,0.0,6,57,Finished,8
4461,2013_4,bottas,williams,17,14,0.0,15,57,Finished,15
4462,2013_4,massa,ferrari,4,15,0.0,4,57,Finished,6
4463,2013_4,ricciardo,toro_rosso,19,16,0.0,13,56,+1 Lap,13
4464,2013_4,pic,caterham,20,17,0.0,18,56,+1 Lap,19
4465,2013_4,gutierrez,sauber,12,18,0.0,22,56,+1 Lap,18
4466,2013_4,jules_bianchi,marussia,22,19,0.0,19,56,+1 Lap,20
4467,2013_4,chilton,marussia,23,20,0.0,21,56,+1 Lap,22
4468,2013_4,garde,caterham,21,21,0.0,20,55,+2 Laps,21
4469,2013_4,vergne,toro_rosso,18,22,0.0,16,16,Puncture,16
4470,2013_5,alonso,ferrari,3,1,25.0,5,66,Finished,5
4471,2013_5,raikkonen,lotus_f1,7,2,18.0,4,66,Finished,4
4472,2013_5,massa,ferrari,4,3,15.0,9,66,Finished,6
4473,2013_5,vettel,red_bull,1,4,12.0,3,66,Finished,3
4474,2013_5,webber,red_bull,2,5,10.0,7,66,Finished,8
4475,2013_5,rosberg,mercedes,9,6,8.0,1,66,Finished,1
4476,2013_5,resta,force_india,14,7,6.0,10,66,Finished,10
4477,2013_5,button,mclaren,5,8,4.0,14,66,Finished,14
4478,2013_5,perez,mclaren,6,9,2.0,8,66,Finished,9
4479,2013_5,ricciardo,toro_rosso,19,10,1.0,11,65,+1 Lap,11
4480,2013_5,gutierrez,sauber,12,11,0.0,19,65,+1 Lap,16
4481,2013_5,hamilton,mercedes,10,12,0.0,2,65,+1 Lap,2
4482,2013_5,sutil,force_india,15,13,0.0,13,65,+1 Lap,13
4483,2013_5,maldonado,williams,16,14,0.0,17,65,+1 Lap,18
4484,2013_5,hulkenberg,sauber,11,15,0.0,15,65,+1 Lap,15
4485,2013_5,bottas,williams,17,16,0.0,16,65,+1 Lap,17
4486,2013_5,pic,caterham,20,17,0.0,22,65,+1 Lap,22
4487,2013_5,jules_bianchi,marussia,22,18,0.0,20,64,+2 Laps,20
4488,2013_5,chilton,marussia,23,19,0.0,21,64,+2 Laps,21
4489,2013_5,vergne,toro_rosso,18,20,0.0,12,52,Accident,12
4490,2013_5,garde,caterham,21,21,0.0,18,21,Wheel,19
4491,2013_5,grosjean,lotus_f1,8,22,0.0,6,8,Suspension,7
4492,2013_6,rosberg,mercedes,9,1,25.0,1,78,Finished,1
4493,2013_6,vettel,red_bull,1,2,18.0,3,78,Finished,3
4494,2013_6,webber,red_bull,2,3,15.0,4,78,Finished,4
4495,2013_6,hamilton,mercedes,10,4,12.0,2,78,Finished,2
4496,2013_6,sutil,force_india,15,5,10.0,8,78,Finished,8
4497,2013_6,button,mclaren,5,6,8.0,9,78,Finished,9
4498,2013_6,alonso,ferrari,3,7,6.0,6,78,Finished,6
4499,2013_6,vergne,toro_rosso,18,8,4.0,10,78,Finished,10
4500,2013_6,resta,force_india,14,9,2.0,17,78,Finished,17
4501,2013_6,raikkonen,lotus_f1,7,10,1.0,5,78,Finished,5
4502,2013_6,hulkenberg,sauber,11,11,0.0,11,78,Finished,11
4503,2013_6,bottas,williams,17,12,0.0,14,78,Finished,14
4504,2013_6,gutierrez,sauber,12,13,0.0,19,78,Finished,19
4505,2013_6,chilton,marussia,23,14,0.0,22,78,Finished,20
4506,2013_6,garde,caterham,21,15,0.0,15,78,Finished,15
4507,2013_6,perez,mclaren,6,16,0.0,7,72,Suspension,7
4508,2013_6,grosjean,lotus_f1,8,17,0.0,13,63,Collision,13
4509,2013_6,ricciardo,toro_rosso,19,18,0.0,12,61,Collision,12
4510,2013_6,jules_bianchi,marussia,22,19,0.0,20,58,Brakes,21
4511,2013_6,maldonado,williams,16,20,0.0,16,44,Collision,16
4512,2013_6,massa,ferrari,4,21,0.0,21,28,Accident,22
4513,2013_6,pic,caterham,20,22,0.0,18,7,Gearbox,18
4514,2013_7,vettel,red_bull,1,1,25.0,1,70,Finished,1
4515,2013_7,alonso,ferrari,3,2,18.0,6,70,Finished,6
4516,2013_7,hamilton,mercedes,10,3,15.0,2,70,Finished,2
4517,2013_7,webber,red_bull,2,4,12.0,5,70,Finished,5
4518,2013_7,rosberg,mercedes,9,5,10.0,4,70,Finished,4
4519,2013_7,vergne,toro_rosso,18,6,8.0,7,69,+1 Lap,7
4520,2013_7,resta,force_india,14,7,6.0,17,69,+1 Lap,17
4521,2013_7,massa,ferrari,4,8,4.0,16,69,+1 Lap,16
4522,2013_7,raikkonen,lotus_f1,7,9,2.0,10,69,+1 Lap,9
4523,2013_7,sutil,force_india,15,10,1.0,8,69,+1 Lap,8
4524,2013_7,perez,mclaren,6,11,0.0,12,69,+1 Lap,12
4525,2013_7,button,mclaren,5,12,0.0,14,69,+1 Lap,14
4526,2013_7,grosjean,lotus_f1,8,13,0.0,22,69,+1 Lap,19
4527,2013_7,bottas,williams,17,14,0.0,3,69,+1 Lap,3
4528,2013_7,ricciardo,toro_rosso,19,15,0.0,11,68,+2 Laps,10
4529,2013_7,maldonado,williams,16,16,0.0,13,68,+2 Laps,13
4530,2013_7,jules_bianchi,marussia,22,17,0.0,19,68,+2 Laps,20
4531,2013_7,pic,caterham,20,18,0.0,18,67,+3 Laps,18
4532,2013_7,chilton,marussia,23,19,0.0,20,67,+3 Laps,21
4533,2013_7,gutierrez,sauber,12,20,0.0,15,63,Accident,15
4534,2013_7,hulkenberg,sauber,11,21,0.0,9,45,Collision,11
4535,2013_7,garde,caterham,21,22,0.0,21,43,Collision,22
4536,2013_8,rosberg,mercedes,9,1,25.0,2,52,Finished,2
4537,2013_8,webber,red_bull,2,2,18.0,4,52,Finished,4
4538,2013_8,alonso,ferrari,3,3,15.0,9,52,Finished,10
4539,2013_8,hamilton,mercedes,10,4,12.0,1,52,Finished,1
4540,2013_8,raikkonen,lotus_f1,7,5,10.0,8,52,Finished,9
4541,2013_8,massa,ferrari,4,6,8.0,11,52,Finished,12
4542,2013_8,sutil,force_india,15,7,6.0,6,52,Finished,7
4543,2013_8,ricciardo,toro_rosso,19,8,4.0,5,52,Finished,6
4544,2013_8,resta,force_india,14,9,2.0,21,52,Finished,5
4545,2013_8,hulkenberg,sauber,11,10,1.0,14,52,Finished,15
4546,2013_8,maldonado,williams,16,11,0.0,15,52,Finished,16
4547,2013_8,bottas,williams,17,12,0.0,16,52,Finished,17
4548,2013_8,button,mclaren,5,13,0.0,10,52,Finished,11
4549,2013_8,gutierrez,sauber,12,14,0.0,17,52,Finished,18
4550,2013_8,pic,caterham,20,15,0.0,18,52,Finished,19
4551,2013_8,jules_bianchi,marussia,22,16,0.0,19,52,Finished,20
4552,2013_8,chilton,marussia,23,17,0.0,20,52,Finished,22
4553,2013_8,garde,caterham,21,18,0.0,22,52,Finished,21
4554,2013_8,grosjean,lotus_f1,8,19,0.0,7,51,Retired,8
4555,2013_8,perez,mclaren,6,20,0.0,13,46,Wheel,14
4556,2013_8,vettel,red_bull,1,21,0.0,3,41,Gearbox,3
4557,2013_8,vergne,toro_rosso,18,22,0.0,12,35,Tyre,13
4558,2013_9,vettel,red_bull,1,1,25.0,2,60,Finished,2
4559,2013_9,raikkonen,lotus_f1,7,2,18.0,4,60,Finished,4
4560,2013_9,grosjean,lotus_f1,8,3,15.0,5,60,Finished,5
4561,2013_9,alonso,ferrari,3,4,12.0,8,60,Finished,8
4562,2013_9,hamilton,mercedes,10,5,10.0,1,60,Finished,1
4563,2013_9,button,mclaren,5,6,8.0,9,60,Finished,9
4564,2013_9,webber,red_bull,2,7,6.0,3,60,Finished,3
4565,2013_9,perez,mclaren,6,8,4.0,13,60,Finished,13
4566,2013_9,rosberg,mercedes,9,9,2.0,11,60,Finished,11
4567,2013_9,hulkenberg,sauber,11,10,1.0,10,60,Finished,10
4568,2013_9,resta,force_india,14,11,0.0,12,60,Finished,12
4569,2013_9,ricciardo,toro_rosso,19,12,0.0,6,60,Finished,6
4570,2013_9,sutil,force_india,15,13,0.0,15,60,Finished,15
4571,2013_9,gutierrez,sauber,12,14,0.0,14,60,Finished,14
4572,2013_9,maldonado,williams,16,15,0.0,18,60,Finished,18
4573,2013_9,bottas,williams,17,16,0.0,17,59,+1 Lap,17
4574,2013_9,pic,caterham,20,17,0.0,22,59,+1 Lap,19
4575,2013_9,garde,caterham,21,18,0.0,20,59,+1 Lap,21
4576,2013_9,chilton,marussia,23,19,0.0,21,59,+1 Lap,22
4577,2013_9,vergne,toro_rosso,18,20,0.0,16,22,Hydraulics,16
4578,2013_9,jules_bianchi,marussia,22,21,0.0,19,21,Engine,20
4579,2013_9,massa,ferrari,4,22,0.0,7,3,Spun off,7
4580,2013_10,hamilton,mercedes,10,1,25.0,1,70,Finished,1
4581,2013_10,raikkonen,lotus_f1,7,2,18.0,6,70,Finished,6
4582,2013_10,vettel,red_bull,1,3,15.0,2,70,Finished,2
4583,2013_10,webber,red_bull,2,4,12.0,10,70,Finished,10
4584,2013_10,alonso,ferrari,3,5,10.0,5,70,Finished,5
4585,2013_10,grosjean,lotus_f1,8,6,8.0,3,70,Finished,3
4586,2013_10,button,mclaren,5,7,6.0,13,70,Finished,13
4587,2013_10,massa,ferrari,4,8,4.0,7,70,Finished,7
4588,2013_10,perez,mclaren,6,9,2.0,9,69,+1 Lap,9
4589,2013_10,maldonado,williams,16,10,1.0,15,69,+1 Lap,15
4590,2013_10,hulkenberg,sauber,11,11,0.0,12,69,+1 Lap,12
4591,2013_10,vergne,toro_rosso,18,12,0.0,14,69,+1 Lap,14
4592,2013_10,ricciardo,toro_rosso,19,13,0.0,8,69,+1 Lap,8
4593,2013_10,garde,caterham,21,14,0.0,20,68,+2 Laps,20
4594,2013_10,pic,caterham,20,15,0.0,19,68,+2 Laps,19
4595,2013_10,jules_bianchi,marussia,22,16,0.0,21,67,+3 Laps,21
4596,2013_10,chilton,marussia,23,17,0.0,22,67,+3 Laps,22
4597,2013_10,resta,force_india,14,18,0.0,18,66,Hydraulics,18
4598,2013_10,rosberg,mercedes,9,19,0.0,4,64,Engine,4
4599,2013_10,bottas,williams,17,20,0.0,16,42,Hydraulics,16
4600,2013_10,gutierrez,sauber,12,21,0.0,17,28,Transmission,17
4601,2013_10,sutil,force_india,15,22,0.0,11,19,Hydraulics,11
4602,2013_11,vettel,red_bull,1,1,25.0,2,44,Finished,2
4603,2013_11,alonso,ferrari,3,2,18.0,9,44,Finished,9
4604,2013_11,hamilton,mercedes,10,3,15.0,1,44,Finished,1
4605,2013_11,rosberg,mercedes,9,4,12.0,4,44,Finished,4
4606,2013_11,webber,red_bull,2,5,10.0,3,44,Finished,3
4607,2013_11,button,mclaren,5,6,8.0,6,44,Finished,6
4608,2013_11,massa,ferrari,4,7,6.0,10,44,Finished,10
4609,2013_11,grosjean,lotus_f1,8,8,4.0,7,44,Finished,7
4610,2013_11,sutil,force_india,15,9,2.0,12,44,Finished,12
4611,2013_11,ricciardo,toro_rosso,19,10,1.0,19,44,Finished,19
4612,2013_11,perez,mclaren,6,11,0.0,13,44,Finished,13
4613,2013_11,vergne,toro_rosso,18,12,0.0,18,44,Finished,18
4614,2013_11,hulkenberg,sauber,11,13,0.0,11,44,Finished,11
4615,2013_11,gutierrez,sauber,12,14,0.0,21,44,Finished,21
4616,2013_11,bottas,williams,17,15,0.0,20,44,Finished,20
4617,2013_11,garde,caterham,21,16,0.0,14,43,+1 Lap,14
4618,2013_11,maldonado,williams,16,17,0.0,17,43,+1 Lap,17
4619,2013_11,jules_bianchi,marussia,22,18,0.0,15,43,+1 Lap,15
4620,2013_11,chilton,marussia,23,19,0.0,16,42,+2 Laps,16
4621,2013_11,resta,force_india,14,20,0.0,5,26,Collision,5
4622,2013_11,raikkonen,lotus_f1,7,21,0.0,8,25,Brakes,8
4623,2013_11,pic,caterham,20,22,0.0,22,8,Oil leak,22
4624,2013_12,vettel,red_bull,1,1,25.0,1,53,Finished,1
4625,2013_12,alonso,ferrari,3,2,18.0,5,53,Finished,5
4626,2013_12,webber,red_bull,2,3,15.0,2,53,Finished,2
4627,2013_12,massa,ferrari,4,4,12.0,4,53,Finished,4
4628,2013_12,hulkenberg,sauber,11,5,10.0,3,53,Finished,3
4629,2013_12,rosberg,mercedes,9,6,8.0,6,53,Finished,6
4630,2013_12,ricciardo,toro_rosso,19,7,6.0,7,53,Finished,7
4631,2013_12,grosjean,lotus_f1,8,8,4.0,13,53,Finished,13
4632,2013_12,hamilton,mercedes,10,9,2.0,12,53,Finished,12
4633,2013_12,button,mclaren,5,10,1.0,9,53,Finished,9
4634,2013_12,raikkonen,lotus_f1,7,11,0.0,11,53,Finished,11
4635,2013_12,perez,mclaren,6,12,0.0,8,53,Finished,8
4636,2013_12,gutierrez,sauber,12,13,0.0,16,53,Finished,17
4637,2013_12,maldonado,williams,16,14,0.0,14,53,Finished,15
4638,2013_12,bottas,williams,17,15,0.0,18,53,Finished,18
4639,2013_12,sutil,force_india,15,16,0.0,17,52,+1 Lap,14
4640,2013_12,pic,caterham,20,17,0.0,20,52,+1 Lap,20
4641,2013_12,garde,caterham,21,18,0.0,19,52,+1 Lap,19
4642,2013_12,jules_bianchi,marussia,22,19,0.0,21,52,+1 Lap,21
4643,2013_12,chilton,marussia,23,20,0.0,22,52,+1 Lap,22
4644,2013_12,vergne,toro_rosso,18,21,0.0,10,14,Transmission,10
4645,2013_12,resta,force_india,14,22,0.0,15,0,Accident,16
4646,2013_13,vettel,red_bull,1,1,25.0,1,61,Finished,1
4647,2013_13,alonso,ferrari,3,2,18.0,7,61,Finished,7
4648,2013_13,raikkonen,lotus_f1,7,3,15.0,13,61,Finished,13
4649,2013_13,rosberg,mercedes,9,4,12.0,2,61,Finished,2
4650,2013_13,hamilton,mercedes,10,5,10.0,5,61,Finished,5
4651,2013_13,massa,ferrari,4,6,8.0,6,61,Finished,6
4652,2013_13,button,mclaren,5,7,6.0,8,61,Finished,8
4653,2013_13,perez,mclaren,6,8,4.0,14,61,Finished,14
4654,2013_13,hulkenberg,sauber,11,9,2.0,11,61,Finished,11
4655,2013_13,sutil,force_india,15,10,1.0,15,61,Finished,15
4656,2013_13,maldonado,williams,16,11,0.0,18,61,Finished,18
4657,2013_13,gutierrez,sauber,12,12,0.0,10,61,Finished,10
4658,2013_13,bottas,williams,17,13,0.0,16,61,Finished,16
4659,2013_13,vergne,toro_rosso,18,14,0.0,12,61,Finished,12
4660,2013_13,webber,red_bull,2,15,0.0,4,60,Water pressure,4
4661,2013_13,garde,caterham,21,16,0.0,20,60,+1 Lap,20
4662,2013_13,chilton,marussia,23,17,0.0,22,60,+1 Lap,22
4663,2013_13,jules_bianchi,marussia,22,18,0.0,21,60,+1 Lap,21
4664,2013_13,pic,caterham,20,19,0.0,19,60,+1 Lap,19
4665,2013_13,resta,force_india,14,20,0.0,17,54,Accident,17
4666,2013_13,grosjean,lotus_f1,8,21,0.0,3,37,Pneumatics,3
4667,2013_13,ricciardo,toro_rosso,19,22,0.0,9,23,Accident,9
4668,2013_14,vettel,red_bull,1,1,25.0,1,55,Finished,1
4669,2013_14,raikkonen,lotus_f1,7,2,18.0,9,55,Finished,10
4670,2013_14,grosjean,lotus_f1,8,3,15.0,3,55,Finished,4
4671,2013_14,hulkenberg,sauber,11,4,12.0,7,55,Finished,8
4672,2013_14,hamilton,mercedes,10,5,10.0,2,55,Finished,2
4673,2013_14,alonso,ferrari,3,6,8.0,5,55,Finished,6
4674,2013_14,rosberg,mercedes,9,7,6.0,4,55,Finished,5
4675,2013_14,button,mclaren,5,8,4.0,11,55,Finished,12
4676,2013_14,massa,ferrari,4,9,2.0,6,55,Finished,7
4677,2013_14,perez,mclaren,6,10,1.0,10,55,Finished,11
4678,2013_14,gutierrez,sauber,12,11,0.0,8,55,Finished,9
4679,2013_14,bottas,williams,17,12,0.0,17,55,Finished,17
4680,2013_14,maldonado,williams,16,13,0.0,18,55,Finished,18
4681,2013_14,pic,caterham,20,14,0.0,19,55,Finished,19
4682,2013_14,garde,caterham,21,15,0.0,20,55,Finished,20
4683,2013_14,jules_bianchi,marussia,22,16,0.0,22,55,Finished,21
4684,2013_14,chilton,marussia,23,17,0.0,21,55,Finished,22
4685,2013_14,vergne,toro_rosso,18,18,0.0,16,53,+2 Laps,16
4686,2013_14,ricciardo,toro_rosso,19,19,0.0,12,52,+3 Laps,13
4687,2013_14,sutil,force_india,15,20,0.0,14,50,Collision,14
4688,2013_14,webber,red_bull,2,21,0.0,13,36,Collision,3
4689,2013_14,resta,force_india,14,22,0.0,15,24,Spun off,15
4690,2013_15,vettel,red_bull,1,1,25.0,2,53,Finished,2
4691,2013_15,webber,red_bull,2,2,18.0,1,53,Finished,1
4692,2013_15,grosjean,lotus_f1,8,3,15.0,4,53,Finished,4
4693,2013_15,alonso,ferrari,3,4,12.0,8,53,Finished,8
4694,2013_15,raikkonen,lotus_f1,7,5,10.0,9,53,Finished,9
4695,2013_15,hulkenberg,sauber,11,6,8.0,7,53,Finished,7
4696,2013_15,gutierrez,sauber,12,7,6.0,14,53,Finished,14
4697,2013_15,rosberg,mercedes,9,8,4.0,6,53,Finished,6
4698,2013_15,button,mclaren,5,9,2.0,10,53,Finished,10
4699,2013_15,massa,ferrari,4,10,1.0,5,53,Finished,5
4700,2013_15,resta,force_india,14,11,0.0,12,53,Finished,12
4701,2013_15,vergne,toro_rosso,18,12,0.0,17,52,+1 Lap,18
4702,2013_15,ricciardo,toro_rosso,19,13,0.0,16,52,+1 Lap,16
4703,2013_15,sutil,force_india,15,14,0.0,22,52,+1 Lap,17
4704,2013_15,perez,mclaren,6,15,0.0,11,52,+1 Lap,11
4705,2013_15,maldonado,williams,16,16,0.0,15,52,+1 Lap,15
4706,2013_15,bottas,williams,17,17,0.0,13,52,+1 Lap,13
4707,2013_15,pic,caterham,20,18,0.0,20,52,+1 Lap,20
4708,2013_15,chilton,marussia,23,19,0.0,18,52,+1 Lap,19
4709,2013_15,hamilton,mercedes,10,20,0.0,3,7,Puncture,3
4710,2013_15,garde,caterham,21,21,0.0,19,0,Accident,21
4711,2013_15,jules_bianchi,marussia,22,22,0.0,21,0,Accident,22
4712,2013_16,vettel,red_bull,1,1,25.0,1,60,Finished,1
4713,2013_16,rosberg,mercedes,9,2,18.0,2,60,Finished,2
4714,2013_16,grosjean,lotus_f1,8,3,15.0,17,60,Finished,17
4715,2013_16,massa,ferrari,4,4,12.0,5,60,Finished,5
4716,2013_16,perez,mclaren,6,5,10.0,9,60,Finished,9
4717,2013_16,hamilton,mercedes,10,6,8.0,3,60,Finished,3
4718,2013_16,raikkonen,lotus_f1,7,7,6.0,6,60,Finished,6
4719,2013_16,resta,force_india,14,8,4.0,12,60,Finished,12
4720,2013_16,sutil,force_india,15,9,2.0,13,60,Finished,13
4721,2013_16,ricciardo,toro_rosso,19,10,1.0,11,60,Finished,11
4722,2013_16,alonso,ferrari,3,11,0.0,8,60,Finished,8
4723,2013_16,maldonado,williams,16,12,0.0,18,60,Finished,18
4724,2013_16,vergne,toro_rosso,18,13,0.0,14,59,+1 Lap,14
4725,2013_16,button,mclaren,5,14,0.0,10,59,+1 Lap,10
4726,2013_16,gutierrez,sauber,12,15,0.0,16,59,+1 Lap,16
4727,2013_16,bottas,williams,17,16,0.0,15,59,+1 Lap,15
4728,2013_16,chilton,marussia,23,17,0.0,22,58,+2 Laps,22
4729,2013_16,jules_bianchi,marussia,22,18,0.0,19,58,+2 Laps,19
4730,2013_16,hulkenberg,sauber,11,19,0.0,7,54,Mechanical,7
4731,2013_16,webber,red_bull,2,20,0.0,4,39,Alternator,4
4732,2013_16,pic,caterham,20,21,0.0,21,35,Hydraulics,21
4733,2013_16,garde,caterham,21,22,0.0,20,1,Collision,20
4734,2013_17,vettel,red_bull,1,1,25.0,2,55,Finished,2
4735,2013_17,webber,red_bull,2,2,18.0,1,55,Finished,1
4736,2013_17,rosberg,mercedes,9,3,15.0,3,55,Finished,3
4737,2013_17,grosjean,lotus_f1,8,4,12.0,6,55,Finished,7
4738,2013_17,alonso,ferrari,3,5,10.0,10,55,Finished,11
4739,2013_17,resta,force_india,14,6,8.0,11,55,Finished,12
4740,2013_17,hamilton,mercedes,10,7,6.0,4,55,Finished,4
4741,2013_17,massa,ferrari,4,8,4.0,7,55,Finished,8
4742,2013_17,perez,mclaren,6,9,2.0,8,55,Finished,9
4743,2013_17,sutil,force_india,15,10,1.0,17,55,Finished,18
4744,2013_17,maldonado,williams,16,11,0.0,14,55,Finished,15
4745,2013_17,button,mclaren,5,12,0.0,12,55,Finished,13
4746,2013_17,gutierrez,sauber,12,13,0.0,16,55,Finished,17
4747,2013_17,hulkenberg,sauber,11,14,0.0,5,54,+1 Lap,6
4748,2013_17,bottas,williams,17,15,0.0,15,54,+1 Lap,16
4749,2013_17,ricciardo,toro_rosso,19,16,0.0,9,54,+1 Lap,10
4750,2013_17,vergne,toro_rosso,18,17,0.0,13,54,+1 Lap,14
4751,2013_17,garde,caterham,21,18,0.0,18,54,+1 Lap,19
4752,2013_17,pic,caterham,20,19,0.0,19,54,+1 Lap,21
4753,2013_17,jules_bianchi,marussia,22,20,0.0,21,53,+2 Laps,20
4754,2013_17,chilton,marussia,23,21,0.0,20,53,+2 Laps,22
4755,2013_17,raikkonen,lotus_f1,7,22,0.0,22,0,Accident,5
4756,2013_18,vettel,red_bull,1,1,25.0,1,56,Finished,1
4757,2013_18,grosjean,lotus_f1,8,2,18.0,3,56,Finished,3
4758,2013_18,webber,red_bull,2,3,15.0,2,56,Finished,2
4759,2013_18,hamilton,mercedes,10,4,12.0,5,56,Finished,5
4760,2013_18,alonso,ferrari,3,5,10.0,6,56,Finished,6
4761,2013_18,hulkenberg,sauber,11,6,8.0,4,56,Finished,4
4762,2013_18,perez,mclaren,6,7,6.0,7,56,Finished,7
4763,2013_18,bottas,williams,17,8,4.0,9,56,Finished,9
4764,2013_18,rosberg,mercedes,9,9,2.0,12,56,Finished,14
4765,2013_18,button,mclaren,5,10,1.0,15,56,Finished,13
4766,2013_18,ricciardo,toro_rosso,19,11,0.0,10,56,Finished,11
4767,2013_18,vergne,toro_rosso,18,12,0.0,14,56,Finished,16
4768,2013_18,massa,ferrari,4,13,0.0,13,56,Finished,15
4769,2013_18,gutierrez,sauber,12,14,0.0,20,56,Finished,10
4770,2013_18,kovalainen,lotus_f1,7,15,0.0,8,56,Finished,8
4771,2013_18,resta,force_india,14,16,0.0,11,56,Finished,12
4772,2013_18,maldonado,williams,16,17,0.0,17,55,+1 Lap,18
4773,2013_18,jules_bianchi,marussia,22,18,0.0,19,55,+1 Lap,20
4774,2013_18,garde,caterham,21,19,0.0,18,55,+1 Lap,19
4775,2013_18,pic,caterham,20,20,0.0,22,55,+1 Lap,21
4776,2013_18,chilton,marussia,23,21,0.0,21,54,+2 Laps,22
4777,2013_18,sutil,force_india,15,22,0.0,16,0,Accident,17
4778,2013_19,vettel,red_bull,1,1,25.0,1,71,Finished,1
4779,2013_19,webber,red_bull,2,2,18.0,4,71,Finished,4
4780,2013_19,alonso,ferrari,3,3,15.0,3,71,Finished,3
4781,2013_19,button,mclaren,5,4,12.0,14,71,Finished,15
4782,2013_19,rosberg,mercedes,9,5,10.0,2,71,Finished,2
4783,2013_19,perez,mclaren,6,6,8.0,19,71,Finished,14
4784,2013_19,massa,ferrari,4,7,6.0,9,71,Finished,9
4785,2013_19,hulkenberg,sauber,11,8,4.0,10,71,Finished,10
4786,2013_19,hamilton,mercedes,10,9,2.0,5,71,Finished,5
4787,2013_19,ricciardo,toro_rosso,19,10,1.0,7,70,+1 Lap,7
4788,2013_19,resta,force_india,14,11,0.0,12,70,+1 Lap,12
4789,2013_19,gutierrez,sauber,12,12,0.0,17,70,+1 Lap,18
4790,2013_19,sutil,force_india,15,13,0.0,15,70,+1 Lap,16
4791,2013_19,kovalainen,lotus_f1,7,14,0.0,11,70,+1 Lap,11
4792,2013_19,vergne,toro_rosso,18,15,0.0,8,70,+1 Lap,8
4793,2013_19,maldonado,williams,16,16,0.0,16,70,+1 Lap,17
4794,2013_19,jules_bianchi,marussia,22,17,0.0,21,69,+2 Laps,21
4795,2013_19,garde,caterham,21,18,0.0,20,69,+2 Laps,20
4796,2013_19,chilton,marussia,23,19,0.0,22,69,+2 Laps,22
4797,2013_19,pic,caterham,20,20,0.0,18,58,Mechanical,19
4798,2013_19,bottas,williams,17,21,0.0,13,45,Accident,13
4799,2013_19,grosjean,lotus_f1,8,22,0.0,6,2,Engine,6
4800,2014_1,rosberg,mercedes,6,1,25.0,3,57,Finished,3
4801,2014_1,kevin_magnussen,mclaren,20,2,18.0,4,57,Finished,4
4802,2014_1,button,mclaren,22,3,15.0,10,57,Finished,11
4803,2014_1,alonso,ferrari,14,4,12.0,5,57,Finished,5
4804,2014_1,bottas,williams,77,5,10.0,15,57,Finished,10
4805,2014_1,hulkenberg,force_india,27,6,8.0,7,57,Finished,7
4806,2014_1,raikkonen,ferrari,7,7,6.0,11,57,Finished,12
4807,2014_1,vergne,toro_rosso,25,8,4.0,6,57,Finished,6
4808,2014_1,kvyat,toro_rosso,26,9,2.0,8,57,Finished,8
4809,2014_1,perez,force_india,11,10,1.0,16,57,Finished,16
4810,2014_1,sutil,sauber,99,11,0.0,13,56,+1 Lap,14
4811,2014_1,gutierrez,sauber,21,12,0.0,20,56,+1 Lap,19
4812,2014_1,chilton,marussia,4,13,0.0,17,55,+2 Laps,17
4813,2014_1,jules_bianchi,marussia,17,14,0.0,18,49,+8 Laps,18
4814,2014_1,grosjean,lotus_f1,8,15,0.0,22,43,ERS,21
4815,2014_1,maldonado,lotus_f1,13,16,0.0,21,29,ERS,22
4816,2014_1,ericsson,caterham,9,17,0.0,19,27,Oil pressure,20
4817,2014_1,vettel,red_bull,1,18,0.0,12,3,Engine,13
4818,2014_1,hamilton,mercedes,44,19,0.0,1,2,Engine,1
4819,2014_1,massa,williams,19,20,0.0,9,0,Collision,9
4820,2014_1,kobayashi,caterham,10,21,0.0,14,0,Collision,15
4821,2014_1,ricciardo,red_bull,3,22,0.0,2,57,Disqualified,2
4822,2014_2,hamilton,mercedes,44,1,25.0,1,56,Finished,1
4823,2014_2,rosberg,mercedes,6,2,18.0,3,56,Finished,3
4824,2014_2,vettel,red_bull,1,3,15.0,2,56,Finished,2
4825,2014_2,alonso,ferrari,14,4,12.0,4,56,Finished,4
4826,2014_2,hulkenberg,force_india,27,5,10.0,7,56,Finished,7
4827,2014_2,button,mclaren,22,6,8.0,10,56,Finished,10
4828,2014_2,massa,williams,19,7,6.0,13,56,Finished,13
4829,2014_2,bottas,williams,77,8,4.0,18,56,Finished,15
4830,2014_2,kevin_magnussen,mclaren,20,9,2.0,8,55,+1 Lap,8
4831,2014_2,kvyat,toro_rosso,26,10,1.0,11,55,+1 Lap,11
4832,2014_2,grosjean,lotus_f1,8,11,0.0,15,55,+1 Lap,16
4833,2014_2,raikkonen,ferrari,7,12,0.0,6,55,+1 Lap,6
4834,2014_2,kobayashi,caterham,10,13,0.0,20,55,+1 Lap,20
4835,2014_2,ericsson,caterham,9,14,0.0,22,54,+2 Laps,22
4836,2014_2,chilton,marussia,4,15,0.0,21,54,+2 Laps,21
4837,2014_2,ricciardo,red_bull,3,16,0.0,5,49,Technical,5
4838,2014_2,gutierrez,sauber,21,17,0.0,12,35,Gearbox,12
4839,2014_2,sutil,sauber,99,18,0.0,17,32,Electrical,18
4840,2014_2,vergne,toro_rosso,25,19,0.0,9,18,Power Unit,9
4841,2014_2,jules_bianchi,marussia,17,20,0.0,19,8,Brakes,19
4842,2014_2,maldonado,lotus_f1,13,21,0.0,16,7,Engine,17
4843,2014_2,perez,force_india,11,22,0.0,14,0,Withdrew,14
4844,2014_3,hamilton,mercedes,44,1,25.0,2,57,Finished,2
4845,2014_3,rosberg,mercedes,6,2,18.0,1,57,Finished,1
4846,2014_3,perez,force_india,11,3,15.0,4,57,Finished,5
4847,2014_3,ricciardo,red_bull,3,4,12.0,13,57,Finished,3
4848,2014_3,hulkenberg,force_india,27,5,10.0,11,57,Finished,12
4849,2014_3,vettel,red_bull,1,6,8.0,10,57,Finished,11
4850,2014_3,massa,williams,19,7,6.0,7,57,Finished,8
4851,2014_3,bottas,williams,77,8,4.0,3,57,Finished,4
4852,2014_3,alonso,ferrari,14,9,2.0,9,57,Finished,10
4853,2014_3,raikkonen,ferrari,7,10,1.0,5,57,Finished,6
4854,2014_3,kvyat,toro_rosso,26,11,0.0,12,57,Finished,13
4855,2014_3,grosjean,lotus_f1,8,12,0.0,16,57,Finished,16
4856,2014_3,chilton,marussia,4,13,0.0,21,57,Finished,22
4857,2014_3,maldonado,lotus_f1,13,14,0.0,17,57,Finished,17
4858,2014_3,kobayashi,caterham,10,15,0.0,18,57,Finished,19
4859,2014_3,jules_bianchi,marussia,17,16,0.0,19,56,+1 Lap,20
4860,2014_3,button,mclaren,22,17,0.0,6,55,Clutch,7
4861,2014_3,kevin_magnussen,mclaren,20,18,0.0,8,40,Clutch,9
4862,2014_3,gutierrez,sauber,21,19,0.0,15,39,Collision,15
4863,2014_3,ericsson,caterham,9,20,0.0,20,33,Retired,21
4864,2014_3,vergne,toro_rosso,25,21,0.0,14,18,Retired,14
4865,2014_3,sutil,sauber,99,22,0.0,22,17,Collision,18
4866,2014_4,hamilton,mercedes,44,1,25.0,1,54,Finished,1
4867,2014_4,rosberg,mercedes,6,2,18.0,4,54,Finished,4
4868,2014_4,alonso,ferrari,14,3,15.0,5,54,Finished,5
4869,2014_4,ricciardo,red_bull,3,4,12.0,2,54,Finished,2
4870,2014_4,vettel,red_bull,1,5,10.0,3,54,Finished,3
4871,2014_4,hulkenberg,force_india,27,6,8.0,8,54,Finished,8
4872,2014_4,bottas,williams,77,7,6.0,7,54,Finished,7
4873,2014_4,raikkonen,ferrari,7,8,4.0,11,54,Finished,11
4874,2014_4,perez,force_india,11,9,2.0,16,54,Finished,16
4875,2014_4,kvyat,toro_rosso,26,10,1.0,13,53,+1 Lap,13
4876,2014_4,button,mclaren,22,11,0.0,12,53,+1 Lap,12
4877,2014_4,vergne,toro_rosso,25,12,0.0,9,53,+1 Lap,9
4878,2014_4,kevin_magnussen,mclaren,20,13,0.0,15,53,+1 Lap,15
4879,2014_4,maldonado,lotus_f1,13,14,0.0,22,53,+1 Lap,22
4880,2014_4,massa,williams,19,15,0.0,6,53,+1 Lap,6
4881,2014_4,gutierrez,sauber,21,16,0.0,17,53,+1 Lap,17
4882,2014_4,jules_bianchi,marussia,17,17,0.0,19,53,+1 Lap,19
4883,2014_4,kobayashi,caterham,10,18,0.0,18,53,+1 Lap,18
4884,2014_4,chilton,marussia,4,19,0.0,21,52,+2 Laps,21
4885,2014_4,ericsson,caterham,9,20,0.0,20,52,+2 Laps,20
4886,2014_4,grosjean,lotus_f1,8,21,0.0,10,28,Gearbox,10
4887,2014_4,sutil,sauber,99,22,0.0,14,5,Engine,14
4888,2014_5,hamilton,mercedes,44,1,25.0,1,66,Finished,1
4889,2014_5,rosberg,mercedes,6,2,18.0,2,66,Finished,2
4890,2014_5,ricciardo,red_bull,3,3,15.0,3,66,Finished,3
4891,2014_5,vettel,red_bull,1,4,12.0,15,66,Finished,10
4892,2014_5,bottas,williams,77,5,10.0,4,66,Finished,4
4893,2014_5,alonso,ferrari,14,6,8.0,7,66,Finished,7
4894,2014_5,raikkonen,ferrari,7,7,6.0,6,65,+1 Lap,6
4895,2014_5,grosjean,lotus_f1,8,8,4.0,5,65,+1 Lap,5
4896,2014_5,perez,force_india,11,9,2.0,11,65,+1 Lap,12
4897,2014_5,hulkenberg,force_india,27,10,1.0,10,65,+1 Lap,11
4898,2014_5,button,mclaren,22,11,0.0,8,65,+1 Lap,8
4899,2014_5,kevin_magnussen,mclaren,20,12,0.0,14,65,+1 Lap,15
4900,2014_5,massa,williams,19,13,0.0,9,65,+1 Lap,9
4901,2014_5,kvyat,toro_rosso,26,14,0.0,12,65,+1 Lap,13
4902,2014_5,maldonado,lotus_f1,13,15,0.0,22,65,+1 Lap,22
4903,2014_5,gutierrez,sauber,21,16,0.0,13,65,+1 Lap,14
4904,2014_5,sutil,sauber,99,17,0.0,16,65,+1 Lap,17
4905,2014_5,jules_bianchi,marussia,17,18,0.0,18,64,+2 Laps,19
4906,2014_5,chilton,marussia,4,19,0.0,17,64,+2 Laps,18
4907,2014_5,ericsson,caterham,9,20,0.0,19,64,+2 Laps,20
4908,2014_5,kobayashi,caterham,10,21,0.0,20,34,Brakes,21
4909,2014_5,vergne,toro_rosso,25,22,0.0,21,24,Exhaust,16
4910,2014_6,rosberg,mercedes,6,1,25.0,1,78,Finished,1
4911,2014_6,hamilton,mercedes,44,2,18.0,2,78,Finished,2
4912,2014_6,ricciardo,red_bull,3,3,15.0,3,78,Finished,3
4913,2014_6,alonso,ferrari,14,4,12.0,5,78,Finished,5
4914,2014_6,hulkenberg,force_india,27,5,10.0,11,77,+1 Lap,11
4915,2014_6,button,mclaren,22,6,8.0,12,77,+1 Lap,12
4916,2014_6,massa,williams,19,7,6.0,16,77,+1 Lap,16
4917,2014_6,grosjean,lotus_f1,8,8,4.0,14,77,+1 Lap,14
4918,2014_6,jules_bianchi,marussia,17,9,2.0,21,77,+1 Lap,19
4919,2014_6,kevin_magnussen,mclaren,20,10,1.0,8,77,+1 Lap,8
4920,2014_6,ericsson,caterham,9,11,0.0,22,77,+1 Lap,22
4921,2014_6,raikkonen,ferrari,7,12,0.0,6,77,+1 Lap,6
4922,2014_6,kobayashi,caterham,10,13,0.0,20,75,+2 Laps,21
4923,2014_6,chilton,marussia,4,14,0.0,19,75,+3 Laps,20
4924,2014_6,gutierrez,sauber,21,15,0.0,17,59,Accident,17
4925,2014_6,bottas,williams,77,16,0.0,13,55,Engine,13
4926,2014_6,vergne,toro_rosso,25,17,0.0,7,50,Engine,7
4927,2014_6,sutil,sauber,99,18,0.0,18,23,Accident,18
4928,2014_6,kvyat,toro_rosso,26,19,0.0,9,10,Mechanical,9
4929,2014_6,vettel,red_bull,1,20,0.0,4,5,Turbo,4
4930,2014_6,perez,force_india,11,21,0.0,10,0,Collision,10
4931,2014_6,maldonado,lotus_f1,13,22,0.0,15,0,Withdrew,15
4932,2014_7,ricciardo,red_bull,3,1,25.0,6,70,Finished,6
4933,2014_7,rosberg,mercedes,6,2,18.0,1,70,Finished,1
4934,2014_7,vettel,red_bull,1,3,15.0,3,70,Finished,3
4935,2014_7,button,mclaren,22,4,12.0,9,70,Finished,9
4936,2014_7,hulkenberg,force_india,27,5,10.0,11,70,Finished,11
4937,2014_7,alonso,ferrari,14,6,8.0,7,70,Finished,7
4938,2014_7,bottas,williams,77,7,6.0,4,70,Finished,4
4939,2014_7,vergne,toro_rosso,25,8,4.0,8,70,Finished,8
4940,2014_7,kevin_magnussen,mclaren,20,9,2.0,12,70,Finished,12
4941,2014_7,raikkonen,ferrari,7,10,1.0,10,70,Finished,10
4942,2014_7,perez,force_india,11,11,0.0,13,69,Collision,13
4943,2014_7,massa,williams,19,12,0.0,5,69,Collision,5
4944,2014_7,sutil,sauber,99,13,0.0,16,69,+1 Lap,16
4945,2014_7,gutierrez,sauber,21,14,0.0,22,64,ERS,22
4946,2014_7,grosjean,lotus_f1,8,15,0.0,14,59,Rear wing,14
4947,2014_7,kvyat,toro_rosso,26,16,0.0,15,47,Drivetrain,15
4948,2014_7,hamilton,mercedes,44,17,0.0,2,46,Brakes,2
4949,2014_7,kobayashi,caterham,10,18,0.0,21,23,Suspension,20
4950,2014_7,maldonado,lotus_f1,13,19,0.0,17,21,Power Unit,17
4951,2014_7,ericsson,caterham,9,20,0.0,20,7,Turbo,21
4952,2014_7,chilton,marussia,4,21,0.0,18,0,Collision,18
4953,2014_7,jules_bianchi,marussia,17,22,0.0,19,0,Collision,19
4954,2014_8,rosberg,mercedes,6,1,25.0,3,71,Finished,3
4955,2014_8,hamilton,mercedes,44,2,18.0,9,71,Finished,9
4956,2014_8,bottas,williams,77,3,15.0,2,71,Finished,2
4957,2014_8,massa,williams,19,4,12.0,1,71,Finished,1
4958,2014_8,alonso,ferrari,14,5,10.0,4,71,Finished,4
4959,2014_8,perez,force_india,11,6,8.0,15,71,Finished,11
4960,2014_8,kevin_magnussen,mclaren,20,7,6.0,6,71,Finished,6
4961,2014_8,ricciardo,red_bull,3,8,4.0,5,71,Finished,5
4962,2014_8,hulkenberg,force_india,27,9,2.0,10,71,Finished,10
4963,2014_8,raikkonen,ferrari,7,10,1.0,8,71,Finished,8
4964,2014_8,button,mclaren,22,11,0.0,11,71,Finished,12
4965,2014_8,maldonado,lotus_f1,13,12,0.0,13,70,+1 Lap,14
4966,2014_8,sutil,sauber,99,13,0.0,16,70,+1 Lap,17
4967,2014_8,grosjean,lotus_f1,8,14,0.0,22,70,+1 Lap,16
4968,2014_8,jules_bianchi,marussia,17,15,0.0,18,69,+2 Laps,19
4969,2014_8,kobayashi,caterham,10,16,0.0,19,69,+2 Laps,20
4970,2014_8,chilton,marussia,4,17,0.0,21,69,+2 Laps,21
4971,2014_8,ericsson,caterham,9,18,0.0,20,69,+2 Laps,22
4972,2014_8,gutierrez,sauber,21,19,0.0,17,69,+2 Laps,18
4973,2014_8,vergne,toro_rosso,25,20,0.0,14,59,Brakes,15
4974,2014_8,vettel,red_bull,1,21,0.0,12,34,Electrical,13
4975,2014_8,kvyat,toro_rosso,26,22,0.0,7,24,Suspension,7
4976,2014_9,hamilton,mercedes,44,1,25.0,6,52,Finished,6
4977,2014_9,bottas,williams,77,2,18.0,14,52,Finished,17
4978,2014_9,ricciardo,red_bull,3,3,15.0,8,52,Finished,8
4979,2014_9,button,mclaren,22,4,12.0,3,52,Finished,3
4980,2014_9,vettel,red_bull,1,5,10.0,2,52,Finished,2
4981,2014_9,alonso,ferrari,14,6,8.0,16,52,Finished,19
4982,2014_9,kevin_magnussen,mclaren,20,7,6.0,5,52,Finished,5
4983,2014_9,hulkenberg,force_india,27,8,4.0,4,52,Finished,4
4984,2014_9,kvyat,toro_rosso,26,9,2.0,9,52,Finished,9
4985,2014_9,vergne,toro_rosso,25,10,1.0,10,51,+1 Lap,10
4986,2014_9,perez,force_india,11,11,0.0,7,51,+1 Lap,7
4987,2014_9,grosjean,lotus_f1,8,12,0.0,11,51,+1 Lap,11
4988,2014_9,sutil,sauber,99,13,0.0,13,51,+1 Lap,16
4989,2014_9,jules_bianchi,marussia,17,14,0.0,12,51,+1 Lap,12
4990,2014_9,kobayashi,caterham,10,15,0.0,22,50,+2 Laps,22
4991,2014_9,chilton,marussia,4,16,0.0,17,50,+2 Laps,13
4992,2014_9,maldonado,lotus_f1,13,17,0.0,20,49,+3 Laps,15
4993,2014_9,rosberg,mercedes,6,18,0.0,1,28,Gearbox,1
4994,2014_9,ericsson,caterham,9,19,0.0,21,11,Suspension,21
4995,2014_9,gutierrez,sauber,21,20,0.0,19,9,Collision,14
4996,2014_9,massa,williams,19,21,0.0,15,0,Collision,18
4997,2014_9,raikkonen,ferrari,7,22,0.0,18,0,Collision,20
4998,2014_10,rosberg,mercedes,6,1,25.0,1,67,Finished,1
4999,2014_10,bottas,williams,77,2,18.0,2,67,Finished,2
5000,2014_10,hamilton,mercedes,44,3,15.0,20,67,Finished,16
5001,2014_10,vettel,red_bull,1,4,12.0,6,67,Finished,6
5002,2014_10,alonso,ferrari,14,5,10.0,7,67,Finished,7
5003,2014_10,ricciardo,red_bull,3,6,8.0,5,67,Finished,5
5004,2014_10,hulkenberg,force_india,27,7,6.0,9,67,Finished,9
5005,2014_10,button,mclaren,22,8,4.0,11,67,Finished,11
5006,2014_10,kevin_magnussen,mclaren,20,9,2.0,4,66,+1 Lap,4
5007,2014_10,perez,force_india,11,10,1.0,10,66,+1 Lap,10
5008,2014_10,raikkonen,ferrari,7,11,0.0,12,66,+1 Lap,12
5009,2014_10,maldonado,lotus_f1,13,12,0.0,18,66,+1 Lap,19
5010,2014_10,vergne,toro_rosso,25,13,0.0,13,66,+1 Lap,13
5011,2014_10,gutierrez,sauber,21,14,0.0,16,66,+1 Lap,14
5012,2014_10,jules_bianchi,marussia,17,15,0.0,17,66,+1 Lap,18
5013,2014_10,kobayashi,caterham,10,16,0.0,19,65,+2 Laps,20
5014,2014_10,chilton,marussia,4,17,0.0,21,65,+2 Laps,21
5015,2014_10,ericsson,caterham,9,18,0.0,22,65,+2 Laps,22
5016,2014_10,sutil,sauber,99,19,0.0,15,47,Brakes,17
5017,2014_10,kvyat,toro_rosso,26,20,0.0,8,44,Oil leak,8
5018,2014_10,grosjean,lotus_f1,8,21,0.0,14,26,Water leak,15
5019,2014_10,massa,williams,19,22,0.0,3,0,Collision,3
5020,2014_11,ricciardo,red_bull,3,1,25.0,4,70,Finished,4
5021,2014_11,alonso,ferrari,14,2,18.0,5,70,Finished,5
5022,2014_11,hamilton,mercedes,44,3,15.0,22,70,Finished,21
5023,2014_11,rosberg,mercedes,6,4,12.0,1,70,Finished,1
5024,2014_11,massa,williams,19,5,10.0,6,70,Finished,6
5025,2014_11,raikkonen,ferrari,7,6,8.0,16,70,Finished,17
5026,2014_11,vettel,red_bull,1,7,6.0,2,70,Finished,2
5027,2014_11,bottas,williams,77,8,4.0,3,70,Finished,3
5028,2014_11,vergne,toro_rosso,25,9,2.0,8,70,Finished,8
5029,2014_11,button,mclaren,22,10,1.0,7,70,Finished,7
5030,2014_11,sutil,sauber,99,11,0.0,11,70,Finished,12
5031,2014_11,kevin_magnussen,mclaren,20,12,0.0,21,70,Finished,10
5032,2014_11,maldonado,lotus_f1,13,13,0.0,20,70,Finished,22
5033,2014_11,kvyat,toro_rosso,26,14,0.0,10,69,+1 Lap,11
5034,2014_11,jules_bianchi,marussia,17,15,0.0,15,69,+1 Lap,16
5035,2014_11,chilton,marussia,4,16,0.0,18,69,+1 Lap,19
5036,2014_11,gutierrez,sauber,21,17,0.0,13,33,Retired,14
5037,2014_11,kobayashi,caterham,10,18,0.0,17,26,Retired,18
5038,2014_11,perez,force_india,11,19,0.0,12,23,Accident,13
5039,2014_11,hulkenberg,force_india,27,20,0.0,9,16,Accident,9
5040,2014_11,grosjean,lotus_f1,8,21,0.0,14,11,Accident,15
5041,2014_11,ericsson,caterham,9,22,0.0,19,8,Accident,20
5042,2014_12,ricciardo,red_bull,3,1,25.0,5,44,Finished,5
5043,2014_12,rosberg,mercedes,6,2,18.0,1,44,Finished,1
5044,2014_12,bottas,williams,77,3,15.0,6,44,Finished,6
5045,2014_12,raikkonen,ferrari,7,4,12.0,8,44,Finished,8
5046,2014_12,vettel,red_bull,1,5,10.0,3,44,Finished,3
5047,2014_12,button,mclaren,22,6,8.0,10,44,Finished,10
5048,2014_12,alonso,ferrari,14,7,6.0,4,44,Finished,4
5049,2014_12,perez,force_india,11,8,4.0,13,44,Finished,13
5050,2014_12,kvyat,toro_rosso,26,9,2.0,11,44,Finished,11
5051,2014_12,hulkenberg,force_india,27,10,1.0,18,44,Finished,18
5052,2014_12,vergne,toro_rosso,25,11,0.0,12,44,Finished,12
5053,2014_12,kevin_magnussen,mclaren,20,12,0.0,7,44,Finished,7
5054,2014_12,massa,williams,19,13,0.0,9,44,Finished,9
5055,2014_12,sutil,sauber,99,14,0.0,14,44,Finished,14
5056,2014_12,gutierrez,sauber,21,15,0.0,20,44,Finished,20
5057,2014_12,chilton,marussia,4,16,0.0,19,43,+1 Lap,19
5058,2014_12,ericsson,caterham,9,17,0.0,22,43,+1 Lap,22
5059,2014_12,jules_bianchi,marussia,17,18,0.0,16,39,Gearbox,16
5060,2014_12,hamilton,mercedes,44,19,0.0,2,38,Retired,2
5061,2014_12,grosjean,lotus_f1,8,20,0.0,15,33,Retired,15
5062,2014_12,maldonado,lotus_f1,13,21,0.0,17,1,Mechanical,17
5063,2014_12,lotterer,caterham,45,22,0.0,21,1,Power Unit,21
5064,2014_13,hamilton,mercedes,44,1,25.0,1,53,Finished,1
5065,2014_13,rosberg,mercedes,6,2,18.0,2,53,Finished,2
5066,2014_13,massa,williams,19,3,15.0,4,53,Finished,4
5067,2014_13,bottas,williams,77,4,12.0,3,53,Finished,3
5068,2014_13,ricciardo,red_bull,3,5,10.0,9,53,Finished,9
5069,2014_13,vettel,red_bull,1,6,8.0,8,53,Finished,8
5070,2014_13,perez,force_india,11,7,6.0,10,53,Finished,10
5071,2014_13,button,mclaren,22,8,4.0,6,53,Finished,6
5072,2014_13,raikkonen,ferrari,7,9,2.0,11,53,Finished,12
5073,2014_13,kevin_magnussen,mclaren,20,10,1.0,5,53,Finished,5
5074,2014_13,kvyat,toro_rosso,26,11,0.0,21,53,Finished,11
5075,2014_13,hulkenberg,force_india,27,12,0.0,13,53,Finished,14
5076,2014_13,vergne,toro_rosso,25,13,0.0,12,53,Finished,13
5077,2014_13,maldonado,lotus_f1,13,14,0.0,16,52,+1 Lap,17
5078,2014_13,sutil,sauber,99,15,0.0,14,52,+1 Lap,15
5079,2014_13,grosjean,lotus_f1,8,16,0.0,17,52,+1 Lap,18
5080,2014_13,kobayashi,caterham,10,17,0.0,18,52,+1 Lap,19
5081,2014_13,jules_bianchi,marussia,17,18,0.0,19,52,+1 Lap,20
5082,2014_13,gutierrez,sauber,21,19,0.0,15,51,+2 Laps,16
5083,2014_13,ericsson,caterham,9,20,0.0,22,51,+2 Laps,22
5084,2014_13,alonso,ferrari,14,21,0.0,7,28,Engine,7
5085,2014_13,chilton,marussia,4,22,0.0,20,5,Accident,21
5086,2014_14,hamilton,mercedes,44,1,25.0,1,60,Finished,1
5087,2014_14,vettel,red_bull,1,2,18.0,4,60,Finished,4
5088,2014_14,ricciardo,red_bull,3,3,15.0,3,60,Finished,3
5089,2014_14,alonso,ferrari,14,4,12.0,5,60,Finished,5
5090,2014_14,massa,williams,19,5,10.0,6,60,Finished,6
5091,2014_14,vergne,toro_rosso,25,6,8.0,12,60,Finished,12
5092,2014_14,perez,force_india,11,7,6.0,15,60,Finished,15
5093,2014_14,raikkonen,ferrari,7,8,4.0,7,60,Finished,7
5094,2014_14,hulkenberg,force_india,27,9,2.0,13,60,Finished,13
5095,2014_14,kevin_magnussen,mclaren,20,10,1.0,9,60,Finished,9
5096,2014_14,bottas,williams,77,11,0.0,8,60,Finished,8
5097,2014_14,maldonado,lotus_f1,13,12,0.0,18,60,Finished,18
5098,2014_14,grosjean,lotus_f1,8,13,0.0,16,60,Finished,16
5099,2014_14,kvyat,toro_rosso,26,14,0.0,10,60,Finished,10
5100,2014_14,ericsson,caterham,9,15,0.0,22,60,Finished,22
5101,2014_14,jules_bianchi,marussia,17,16,0.0,19,60,Finished,19
5102,2014_14,chilton,marussia,4,17,0.0,21,59,+1 Lap,21
5103,2014_14,button,mclaren,22,18,0.0,11,52,Retired,11
5104,2014_14,sutil,sauber,99,19,0.0,17,40,Water pressure,17
5105,2014_14,gutierrez,sauber,21,20,0.0,14,17,Electrical,14
5106,2014_14,rosberg,mercedes,6,21,0.0,2,13,Electrical,2
5107,2014_14,kobayashi,caterham,10,22,0.0,20,0,Power Unit,20
5108,2014_15,hamilton,mercedes,44,1,25.0,2,44,Finished,2
5109,2014_15,rosberg,mercedes,6,2,18.0,1,44,Finished,1
5110,2014_15,vettel,red_bull,1,3,15.0,9,44,Finished,9
5111,2014_15,ricciardo,red_bull,3,4,12.0,6,44,Finished,6
5112,2014_15,button,mclaren,22,5,10.0,8,44,Finished,8
5113,2014_15,bottas,williams,77,6,8.0,3,44,Finished,3
5114,2014_15,massa,williams,19,7,6.0,4,44,Finished,4
5115,2014_15,hulkenberg,force_india,27,8,4.0,13,44,Finished,14
5116,2014_15,vergne,toro_rosso,25,9,2.0,20,44,Finished,11
5117,2014_15,perez,force_india,11,10,1.0,11,43,+1 Lap,12
5118,2014_15,kvyat,toro_rosso,26,11,0.0,12,43,+1 Lap,13
5119,2014_15,raikkonen,ferrari,7,12,0.0,10,43,+1 Lap,10
5120,2014_15,gutierrez,sauber,21,13,0.0,15,43,+1 Lap,16
5121,2014_15,kevin_magnussen,mclaren,20,14,0.0,7,43,+1 Lap,7
5122,2014_15,grosjean,lotus_f1,8,15,0.0,16,43,+1 Lap,18
5123,2014_15,maldonado,lotus_f1,13,16,0.0,22,43,+1 Lap,17
5124,2014_15,ericsson,caterham,9,17,0.0,17,43,+1 Lap,19
5125,2014_15,chilton,marussia,4,18,0.0,21,43,+1 Lap,22
5126,2014_15,kobayashi,caterham,10,19,0.0,19,43,+1 Lap,21
5127,2014_15,jules_bianchi,marussia,17,20,0.0,18,41,Accident,20
5128,2014_15,sutil,sauber,99,21,0.0,14,40,Accident,15
5129,2014_15,alonso,ferrari,14,22,0.0,5,2,Electronics,5
5130,2014_16,hamilton,mercedes,44,1,25.0,1,53,Finished,1
5131,2014_16,rosberg,mercedes,6,2,18.0,2,53,Finished,2
5132,2014_16,bottas,williams,77,3,15.0,3,53,Finished,3
5133,2014_16,button,mclaren,22,4,12.0,4,53,Finished,4
5134,2014_16,kevin_magnussen,mclaren,20,5,10.0,11,53,Finished,6
5135,2014_16,alonso,ferrari,14,6,8.0,7,53,Finished,8
5136,2014_16,ricciardo,red_bull,3,7,6.0,6,53,Finished,7
5137,2014_16,vettel,red_bull,1,8,4.0,10,53,Finished,11
5138,2014_16,raikkonen,ferrari,7,9,2.0,8,53,Finished,9
5139,2014_16,perez,force_india,11,10,1.0,12,53,Finished,13
5140,2014_16,massa,williams,19,11,0.0,18,53,Finished,18
5141,2014_16,hulkenberg,force_india,27,12,0.0,17,53,Finished,12
5142,2014_16,vergne,toro_rosso,25,13,0.0,9,53,Finished,10
5143,2014_16,kvyat,toro_rosso,26,14,0.0,5,52,+1 Lap,5
5144,2014_16,gutierrez,sauber,21,15,0.0,13,52,+1 Lap,14
5145,2014_16,sutil,sauber,99,16,0.0,14,52,+1 Lap,15
5146,2014_16,grosjean,lotus_f1,8,17,0.0,15,52,+1 Lap,16
5147,2014_16,maldonado,lotus_f1,13,18,0.0,21,52,+1 Lap,20
5148,2014_16,ericsson,caterham,9,19,0.0,16,51,+2 Laps,17
5149,2014_16,kobayashi,caterham,10,20,0.0,19,21,Brakes,19
5150,2014_16,chilton,marussia,4,21,0.0,20,9,Suspension,21
5151,2014_17,hamilton,mercedes,44,1,25.0,2,56,Finished,2
5152,2014_17,rosberg,mercedes,6,2,18.0,1,56,Finished,1
5153,2014_17,ricciardo,red_bull,3,3,15.0,5,56,Finished,5
5154,2014_17,massa,williams,19,4,12.0,4,56,Finished,4
5155,2014_17,bottas,williams,77,5,10.0,3,56,Finished,3
5156,2014_17,alonso,ferrari,14,6,8.0,6,56,Finished,6
5157,2014_17,vettel,red_bull,1,7,6.0,18,56,Finished,17
5158,2014_17,kevin_magnussen,mclaren,20,8,4.0,7,56,Finished,8
5159,2014_17,maldonado,lotus_f1,13,9,2.0,10,56,Finished,11
5160,2014_17,vergne,toro_rosso,25,10,1.0,14,56,Finished,15
5161,2014_17,grosjean,lotus_f1,8,11,0.0,16,55,+1 Lap,18
5162,2014_17,button,mclaren,22,12,0.0,12,55,+1 Lap,7
5163,2014_17,raikkonen,ferrari,7,13,0.0,8,55,+1 Lap,9
5164,2014_17,gutierrez,sauber,21,14,0.0,15,55,+1 Lap,16
5165,2014_17,kvyat,toro_rosso,26,15,0.0,17,55,+1 Lap,14
5166,2014_17,hulkenberg,force_india,27,16,0.0,13,16,Engine,13
5167,2014_17,perez,force_india,11,17,0.0,11,1,Collision damage,12
5168,2014_17,sutil,sauber,99,18,0.0,9,0,Collision,10
5169,2014_18,rosberg,mercedes,6,1,25.0,1,71,Finished,1
5170,2014_18,hamilton,mercedes,44,2,18.0,2,71,Finished,2
5171,2014_18,massa,williams,19,3,15.0,3,71,Finished,3
5172,2014_18,button,mclaren,22,4,12.0,5,71,Finished,5
5173,2014_18,vettel,red_bull,1,5,10.0,6,71,Finished,6
5174,2014_18,alonso,ferrari,14,6,8.0,8,71,Finished,8
5175,2014_18,raikkonen,ferrari,7,7,6.0,10,71,Finished,10
5176,2014_18,hulkenberg,force_india,27,8,4.0,12,71,Finished,12
5177,2014_18,kevin_magnussen,mclaren,20,9,2.0,7,71,Finished,7
5178,2014_18,bottas,williams,77,10,1.0,4,70,+1 Lap,4
5179,2014_18,kvyat,toro_rosso,26,11,0.0,17,70,+1 Lap,14
5180,2014_18,maldonado,lotus_f1,13,12,0.0,16,70,+1 Lap,18
5181,2014_18,vergne,toro_rosso,25,13,0.0,15,70,+1 Lap,16
5182,2014_18,gutierrez,sauber,21,14,0.0,11,70,+1 Lap,11
5183,2014_18,perez,force_india,11,15,0.0,18,70,+1 Lap,17
5184,2014_18,sutil,sauber,99,16,0.0,13,70,+1 Lap,13
5185,2014_18,grosjean,lotus_f1,8,17,0.0,14,63,+8 Laps,15
5186,2014_18,ricciardo,red_bull,3,18,0.0,9,39,Suspension,9
5187,2014_19,hamilton,mercedes,44,1,50.0,2,55,Finished,2
5188,2014_19,massa,williams,19,2,36.0,4,55,Finished,4
5189,2014_19,bottas,williams,77,3,30.0,3,55,Finished,3
5190,2014_19,ricciardo,red_bull,3,4,24.0,20,55,Finished,
5191,2014_19,button,mclaren,22,5,20.0,6,55,Finished,6
5192,2014_19,hulkenberg,force_india,27,6,16.0,12,55,Finished,12
5193,2014_19,perez,force_india,11,7,12.0,11,55,Finished,11
5194,2014_19,vettel,red_bull,1,8,8.0,19,55,Finished,
5195,2014_19,alonso,ferrari,14,9,4.0,8,55,Finished,8
5196,2014_19,raikkonen,ferrari,7,10,2.0,7,55,Finished,7
5197,2014_19,kevin_magnussen,mclaren,20,11,0.0,9,55,Finished,9
5198,2014_19,vergne,toro_rosso,25,12,0.0,10,55,Finished,10
5199,2014_19,grosjean,lotus_f1,8,13,0.0,18,54,+1 Lap,14
5200,2014_19,rosberg,mercedes,6,14,0.0,1,54,+1 Lap,1
5201,2014_19,gutierrez,sauber,21,15,0.0,14,54,+1 Lap,15
5202,2014_19,sutil,sauber,99,16,0.0,13,54,+1 Lap,13
5203,2014_19,stevens,caterham,46,17,0.0,17,54,+1 Lap,18
5204,2014_19,kobayashi,caterham,10,18,0.0,16,42,Retired,17
5205,2014_19,maldonado,lotus_f1,13,19,0.0,15,26,Power Unit,16
5206,2014_19,kvyat,toro_rosso,26,20,0.0,5,14,Power Unit,5
5207,2015_1,hamilton,mercedes,44,1,25.0,1,58,Finished,1
5208,2015_1,rosberg,mercedes,6,2,18.0,2,58,Finished,2
5209,2015_1,vettel,ferrari,5,3,15.0,4,58,Finished,4
5210,2015_1,massa,williams,19,4,12.0,3,58,Finished,3
5211,2015_1,nasr,sauber,12,5,10.0,10,58,Finished,11
5212,2015_1,ricciardo,red_bull,3,6,8.0,6,57,+1 Lap,7
5213,2015_1,hulkenberg,force_india,27,7,6.0,13,57,+1 Lap,14
5214,2015_1,ericsson,sauber,9,8,4.0,15,57,+1 Lap,16
5215,2015_1,sainz,toro_rosso,55,9,2.0,7,57,+1 Lap,8
5216,2015_1,perez,force_india,11,10,1.0,14,57,+1 Lap,15
5217,2015_1,button,mclaren,22,11,0.0,16,56,+2 Laps,17
5218,2015_1,raikkonen,ferrari,7,12,0.0,5,40,Wheel,5
5219,2015_1,max_verstappen,toro_rosso,33,13,0.0,11,32,Engine,12
5220,2015_1,grosjean,lotus_f1,8,14,0.0,8,0,Power loss,9
5221,2015_1,maldonado,lotus_f1,13,15,0.0,9,0,Accident,10
5222,2015_1,kvyat,red_bull,26,16,0.0,12,0,Withdrew,13
5223,2015_1,kevin_magnussen,mclaren,20,17,0.0,17,0,Withdrew,18
5224,2015_1,bottas,williams,77,18,0.0,0,0,Withdrew,6
5225,2015_2,vettel,ferrari,5,1,25.0,2,56,Finished,2
5226,2015_2,hamilton,mercedes,44,2,18.0,1,56,Finished,1
5227,2015_2,rosberg,mercedes,6,3,15.0,3,56,Finished,3
5228,2015_2,raikkonen,ferrari,7,4,12.0,11,56,Finished,11
5229,2015_2,bottas,williams,77,5,10.0,8,56,Finished,9
5230,2015_2,massa,williams,19,6,8.0,7,56,Finished,7
5231,2015_2,max_verstappen,toro_rosso,33,7,6.0,6,56,Finished,6
5232,2015_2,sainz,toro_rosso,55,8,4.0,15,55,+1 Lap,15
5233,2015_2,kvyat,red_bull,26,9,2.0,5,55,+1 Lap,5
5234,2015_2,ricciardo,red_bull,3,10,1.0,4,55,+1 Lap,4
5235,2015_2,grosjean,lotus_f1,8,11,0.0,10,55,+1 Lap,8
5236,2015_2,nasr,sauber,12,12,0.0,16,55,+1 Lap,16
5237,2015_2,perez,force_india,11,13,0.0,14,55,+1 Lap,14
5238,2015_2,hulkenberg,force_india,27,14,0.0,13,55,+1 Lap,13
5239,2015_2,merhi,manor,98,15,0.0,19,53,+3 Laps,19
5240,2015_2,maldonado,lotus_f1,13,16,0.0,12,47,Retired,12
5241,2015_2,button,mclaren,22,17,0.0,17,41,Turbo,17
5242,2015_2,alonso,mclaren,14,18,0.0,18,21,ERS,18
5243,2015_2,ericsson,sauber,9,19,0.0,9,3,Spun off,10
5244,2015_2,stevens,manor,28,20,0.0,0,0,Fuel system,
5245,2015_3,hamilton,mercedes,44,1,25.0,1,56,Finished,1
5246,2015_3,rosberg,mercedes,6,2,18.0,2,56,Finished,2
5247,2015_3,vettel,ferrari,5,3,15.0,3,56,Finished,3
5248,2015_3,raikkonen,ferrari,7,4,12.0,6,56,Finished,6
5249,2015_3,massa,williams,19,5,10.0,4,56,Finished,4
5250,2015_3,bottas,williams,77,6,8.0,5,56,Finished,5
5251,2015_3,grosjean,lotus_f1,8,7,6.0,8,56,Finished,8
5252,2015_3,nasr,sauber,12,8,4.0,9,56,Finished,9
5253,2015_3,ricciardo,red_bull,3,9,2.0,7,56,Finished,7
5254,2015_3,ericsson,sauber,9,10,1.0,10,55,+1 Lap,10
5255,2015_3,perez,force_india,11,11,0.0,15,55,+1 Lap,15
5256,2015_3,alonso,mclaren,14,12,0.0,18,55,+1 Lap,18
5257,2015_3,sainz,toro_rosso,55,13,0.0,14,55,+1 Lap,14
5258,2015_3,button,mclaren,22,14,0.0,17,55,+1 Lap,17
5259,2015_3,stevens,manor,28,15,0.0,19,54,+2 Laps,19
5260,2015_3,merhi,manor,98,16,0.0,20,54,+2 Laps,20
5261,2015_3,max_verstappen,toro_rosso,33,17,0.0,13,52,Transmission,13
5262,2015_3,maldonado,lotus_f1,13,18,0.0,11,49,Brakes,11
5263,2015_3,kvyat,red_bull,26,19,0.0,12,15,Power Unit,12
5264,2015_3,hulkenberg,force_india,27,20,0.0,16,9,Gearbox,16
5265,2015_4,hamilton,mercedes,44,1,25.0,1,57,Finished,1
5266,2015_4,raikkonen,ferrari,7,2,18.0,4,57,Finished,4
5267,2015_4,rosberg,mercedes,6,3,15.0,3,57,Finished,3
5268,2015_4,bottas,williams,77,4,12.0,5,57,Finished,5
5269,2015_4,vettel,ferrari,5,5,10.0,2,57,Finished,2
5270,2015_4,ricciardo,red_bull,3,6,8.0,7,57,Finished,7
5271,2015_4,grosjean,lotus_f1,8,7,6.0,10,57,Finished,10
5272,2015_4,perez,force_india,11,8,4.0,11,56,+1 Lap,11
5273,2015_4,kvyat,red_bull,26,9,2.0,17,56,+1 Lap,17
5274,2015_4,massa,williams,19,10,1.0,6,56,+1 Lap,6
5275,2015_4,alonso,mclaren,14,11,0.0,14,56,+1 Lap,14
5276,2015_4,nasr,sauber,12,12,0.0,12,56,+1 Lap,12
5277,2015_4,hulkenberg,force_india,27,13,0.0,8,56,+1 Lap,8
5278,2015_4,ericsson,sauber,9,14,0.0,13,56,+1 Lap,13
5279,2015_4,maldonado,lotus_f1,13,15,0.0,16,56,+1 Lap,16
5280,2015_4,stevens,manor,28,16,0.0,18,55,+2 Laps,18
5281,2015_4,merhi,manor,98,17,0.0,19,54,+3 Laps,19
5282,2015_4,max_verstappen,toro_rosso,33,18,0.0,15,34,Electrical,15
5283,2015_4,sainz,toro_rosso,55,19,0.0,9,29,Engine,9
5284,2015_4,button,mclaren,22,20,0.0,20,0,ERS,
5285,2015_5,rosberg,mercedes,6,1,25.0,1,66,Finished,1
5286,2015_5,hamilton,mercedes,44,2,18.0,2,66,Finished,2
5287,2015_5,vettel,ferrari,5,3,15.0,3,66,Finished,3
5288,2015_5,bottas,williams,77,4,12.0,4,66,Finished,4
5289,2015_5,raikkonen,ferrari,7,5,10.0,7,66,Finished,7
5290,2015_5,massa,williams,19,6,8.0,9,66,Finished,9
5291,2015_5,ricciardo,red_bull,3,7,6.0,10,65,+1 Lap,10
5292,2015_5,grosjean,lotus_f1,8,8,4.0,11,65,+1 Lap,11
5293,2015_5,sainz,toro_rosso,55,9,2.0,5,65,+1 Lap,5
5294,2015_5,kvyat,red_bull,26,10,1.0,8,65,+1 Lap,8
5295,2015_5,max_verstappen,toro_rosso,33,11,0.0,6,65,+1 Lap,6
5296,2015_5,nasr,sauber,12,12,0.0,15,65,+1 Lap,15
5297,2015_5,perez,force_india,11,13,0.0,18,65,+1 Lap,18
5298,2015_5,ericsson,sauber,9,14,0.0,16,65,+1 Lap,16
5299,2015_5,hulkenberg,force_india,27,15,0.0,17,65,+1 Lap,17
5300,2015_5,button,mclaren,22,16,0.0,14,65,+1 Lap,14
5301,2015_5,stevens,manor,28,17,0.0,19,63,+3 Laps,19
5302,2015_5,merhi,manor,98,18,0.0,20,62,+4 Laps,20
5303,2015_5,maldonado,lotus_f1,13,19,0.0,12,45,Accident,12
5304,2015_5,alonso,mclaren,14,20,0.0,13,26,Brakes,13
5305,2015_6,rosberg,mercedes,6,1,25.0,2,78,Finished,2
5306,2015_6,vettel,ferrari,5,2,18.0,3,78,Finished,3
5307,2015_6,hamilton,mercedes,44,3,15.0,1,78,Finished,1
5308,2015_6,kvyat,red_bull,26,4,12.0,5,78,Finished,5
5309,2015_6,ricciardo,red_bull,3,5,10.0,4,78,Finished,4
5310,2015_6,raikkonen,ferrari,7,6,8.0,6,78,Finished,6
5311,2015_6,perez,force_india,11,7,6.0,7,78,Finished,7
5312,2015_6,button,mclaren,22,8,4.0,10,78,Finished,12
5313,2015_6,nasr,sauber,12,9,2.0,14,78,Finished,16
5314,2015_6,sainz,toro_rosso,55,10,1.0,0,78,Finished,8
5315,2015_6,hulkenberg,force_india,27,11,0.0,11,78,Finished,13
5316,2015_6,grosjean,lotus_f1,8,12,0.0,15,78,Finished,11
5317,2015_6,ericsson,sauber,9,13,0.0,17,78,Finished,18
5318,2015_6,bottas,williams,77,14,0.0,16,78,Finished,17
5319,2015_6,massa,williams,19,15,0.0,12,77,+1 Lap,14
5320,2015_6,merhi,manor,98,16,0.0,19,76,+2 Laps,20
5321,2015_6,stevens,manor,28,17,0.0,18,76,+2 Laps,19
5322,2015_6,max_verstappen,toro_rosso,33,18,0.0,9,62,Accident,10
5323,2015_6,alonso,mclaren,14,19,0.0,13,41,Gearbox,15
5324,2015_6,maldonado,lotus_f1,13,20,0.0,8,5,Brakes,9
5325,2015_7,hamilton,mercedes,44,1,25.0,1,70,Finished,1
5326,2015_7,rosberg,mercedes,6,2,18.0,2,70,Finished,2
5327,2015_7,bottas,williams,77,3,15.0,4,70,Finished,4
5328,2015_7,raikkonen,ferrari,7,4,12.0,3,70,Finished,3
5329,2015_7,vettel,ferrari,5,5,10.0,18,70,Finished,16
5330,2015_7,massa,williams,19,6,8.0,15,70,Finished,17
5331,2015_7,maldonado,lotus_f1,13,7,6.0,6,70,Finished,6
5332,2015_7,hulkenberg,force_india,27,8,4.0,7,69,+1 Lap,7
5333,2015_7,kvyat,red_bull,26,9,2.0,8,69,+1 Lap,8
5334,2015_7,grosjean,lotus_f1,8,10,1.0,5,69,+1 Lap,5
5335,2015_7,perez,force_india,11,11,0.0,10,69,+1 Lap,10
5336,2015_7,sainz,toro_rosso,55,12,0.0,11,69,+1 Lap,11
5337,2015_7,ricciardo,red_bull,3,13,0.0,9,69,+1 Lap,9
5338,2015_7,ericsson,sauber,9,14,0.0,12,69,+1 Lap,13
5339,2015_7,max_verstappen,toro_rosso,33,15,0.0,19,69,+1 Lap,12
5340,2015_7,nasr,sauber,12,16,0.0,14,68,+2 Laps,15
5341,2015_7,stevens,manor,28,17,0.0,17,66,+4 Laps,19
5342,2015_7,merhi,manor,98,18,0.0,16,57,Retired,18
5343,2015_7,button,mclaren,22,19,0.0,20,54,Retired,
5344,2015_7,alonso,mclaren,14,20,0.0,13,44,Engine,14
5345,2015_8,rosberg,mercedes,6,1,25.0,2,71,Finished,2
5346,2015_8,hamilton,mercedes,44,2,18.0,1,71,Finished,1
5347,2015_8,massa,williams,19,3,15.0,4,71,Finished,4
5348,2015_8,vettel,ferrari,5,4,12.0,3,71,Finished,3
5349,2015_8,bottas,williams,77,5,10.0,6,71,Finished,6
5350,2015_8,hulkenberg,force_india,27,6,8.0,5,71,Finished,5
5351,2015_8,maldonado,lotus_f1,13,7,6.0,10,70,+1 Lap,11
5352,2015_8,max_verstappen,toro_rosso,33,8,4.0,7,70,+1 Lap,7
5353,2015_8,perez,force_india,11,9,2.0,13,70,+1 Lap,16
5354,2015_8,ricciardo,red_bull,3,10,1.0,18,70,+1 Lap,14
5355,2015_8,nasr,sauber,12,11,0.0,8,70,+1 Lap,9
5356,2015_8,kvyat,red_bull,26,12,0.0,15,70,+1 Lap,8
5357,2015_8,ericsson,sauber,9,13,0.0,11,69,+2 Laps,12
5358,2015_8,merhi,manor,98,14,0.0,16,68,+3 Laps,19
5359,2015_8,grosjean,lotus_f1,8,15,0.0,9,35,Gearbox,10
5360,2015_8,sainz,toro_rosso,55,16,0.0,12,35,Power loss,13
5361,2015_8,button,mclaren,22,17,0.0,20,8,Retired,17
5362,2015_8,stevens,manor,28,18,0.0,17,1,Oil leak,20
5363,2015_8,raikkonen,ferrari,7,19,0.0,14,0,Collision,18
5364,2015_8,alonso,mclaren,14,20,0.0,19,0,Collision,15
5365,2015_9,hamilton,mercedes,44,1,25.0,1,52,Finished,1
5366,2015_9,rosberg,mercedes,6,2,18.0,2,52,Finished,2
5367,2015_9,vettel,ferrari,5,3,15.0,6,52,Finished,6
5368,2015_9,massa,williams,19,4,12.0,3,52,Finished,3
5369,2015_9,bottas,williams,77,5,10.0,4,52,Finished,4
5370,2015_9,kvyat,red_bull,26,6,8.0,7,52,Finished,7
5371,2015_9,hulkenberg,force_india,27,7,6.0,9,52,Finished,9
5372,2015_9,raikkonen,ferrari,7,8,4.0,5,51,+1 Lap,5
5373,2015_9,perez,force_india,11,9,2.0,11,51,+1 Lap,11
5374,2015_9,alonso,mclaren,14,10,1.0,17,51,+1 Lap,17
5375,2015_9,ericsson,sauber,9,11,0.0,15,51,+1 Lap,15
5376,2015_9,merhi,manor,98,12,0.0,20,49,+3 Laps,20
5377,2015_9,stevens,manor,28,13,0.0,19,49,+3 Laps,19
5378,2015_9,sainz,toro_rosso,55,14,0.0,8,31,Electrical,8
5379,2015_9,ricciardo,red_bull,3,15,0.0,10,21,Electrical,10
5380,2015_9,max_verstappen,toro_rosso,33,16,0.0,13,3,Spun off,13
5381,2015_9,grosjean,lotus_f1,8,17,0.0,12,0,Collision,12
5382,2015_9,maldonado,lotus_f1,13,18,0.0,14,0,Collision,14
5383,2015_9,button,mclaren,22,19,0.0,18,0,Collision,18
5384,2015_9,nasr,sauber,12,20,0.0,16,0,Gearbox,16
5385,2015_10,vettel,ferrari,5,1,25.0,3,69,Finished,3
5386,2015_10,kvyat,red_bull,26,2,18.0,7,69,Finished,7
5387,2015_10,ricciardo,red_bull,3,3,15.0,4,69,Finished,4
5388,2015_10,max_verstappen,toro_rosso,33,4,12.0,9,69,Finished,9
5389,2015_10,alonso,mclaren,14,5,10.0,15,69,Finished,15
5390,2015_10,hamilton,mercedes,44,6,8.0,1,69,Finished,1
5391,2015_10,grosjean,lotus_f1,8,7,6.0,10,69,Finished,10
5392,2015_10,rosberg,mercedes,6,8,4.0,2,69,Finished,2
5393,2015_10,button,mclaren,22,9,2.0,16,69,Finished,16
5394,2015_10,ericsson,sauber,9,10,1.0,17,69,Finished,17
5395,2015_10,nasr,sauber,12,11,0.0,18,69,Finished,18
5396,2015_10,massa,williams,19,12,0.0,8,69,Finished,8
5397,2015_10,bottas,williams,77,13,0.0,6,69,Finished,6
5398,2015_10,maldonado,lotus_f1,13,14,0.0,14,69,Finished,14
5399,2015_10,merhi,manor,98,15,0.0,19,67,+2 Laps,19
5400,2015_10,stevens,manor,28,16,0.0,20,65,+4 Laps,20
5401,2015_10,sainz,toro_rosso,55,17,0.0,12,60,Electrical,12
5402,2015_10,raikkonen,ferrari,7,18,0.0,5,55,Power Unit,5
5403,2015_10,perez,force_india,11,19,0.0,13,53,Suspension,13
5404,2015_10,hulkenberg,force_india,27,20,0.0,11,41,Front wing,11
5405,2015_11,hamilton,mercedes,44,1,25.0,1,43,Finished,1
5406,2015_11,rosberg,mercedes,6,2,18.0,2,43,Finished,2
5407,2015_11,grosjean,lotus_f1,8,3,15.0,9,43,Finished,4
5408,2015_11,kvyat,red_bull,26,4,12.0,12,43,Finished,12
5409,2015_11,perez,force_india,11,5,10.0,4,43,Finished,5
5410,2015_11,massa,williams,19,6,8.0,6,43,Finished,7
5411,2015_11,raikkonen,ferrari,7,7,6.0,16,43,Finished,14
5412,2015_11,max_verstappen,toro_rosso,33,8,4.0,18,43,Finished,15
5413,2015_11,bottas,williams,77,9,2.0,3,43,Power Unit,3
5414,2015_11,ericsson,sauber,9,10,1.0,13,43,Finished,13
5415,2015_11,nasr,sauber,12,11,0.0,14,43,Finished,16
5416,2015_11,vettel,ferrari,5,12,0.0,8,42,Tyre,9
5417,2015_11,alonso,mclaren,14,13,0.0,20,42,+1 Lap,18
5418,2015_11,button,mclaren,22,14,0.0,19,42,+1 Lap,17
5419,2015_11,merhi,manor,98,15,0.0,17,42,+1 Lap,20
5420,2015_11,stevens,manor,28,16,0.0,15,42,+1 Lap,19
5421,2015_11,sainz,toro_rosso,55,17,0.0,10,32,Power Unit,10
5422,2015_11,ricciardo,red_bull,3,18,0.0,5,19,Power Unit,6
5423,2015_11,maldonado,lotus_f1,13,19,0.0,7,2,Engine,8
5424,2015_11,hulkenberg,force_india,27,20,0.0,11,0,Power loss,11
5425,2015_12,hamilton,mercedes,44,1,25.0,1,53,Finished,1
5426,2015_12,vettel,ferrari,5,2,18.0,3,53,Finished,3
5427,2015_12,massa,williams,19,3,15.0,5,53,Finished,5
5428,2015_12,bottas,williams,77,4,12.0,6,53,Finished,6
5429,2015_12,raikkonen,ferrari,7,5,10.0,2,53,Finished,2
5430,2015_12,perez,force_india,11,6,8.0,7,53,Finished,7
5431,2015_12,hulkenberg,force_india,27,7,6.0,9,52,+1 Lap,9
5432,2015_12,ricciardo,red_bull,3,8,4.0,19,52,+1 Lap,15
5433,2015_12,ericsson,sauber,9,9,2.0,12,52,+1 Lap,10
5434,2015_12,kvyat,red_bull,26,10,1.0,18,52,+1 Lap,14
5435,2015_12,sainz,toro_rosso,55,11,0.0,17,52,+1 Lap,13
5436,2015_12,max_verstappen,toro_rosso,33,12,0.0,20,52,+1 Lap,20
5437,2015_12,nasr,sauber,12,13,0.0,17,52,+1 Lap,12
5438,2015_12,button,mclaren,22,14,0.0,15,52,+1 Lap,16
5439,2015_12,stevens,manor,28,15,0.0,13,51,+2 Laps,18
5440,2015_12,merhi,manor,98,16,0.0,14,51,+2 Laps,19
5441,2015_12,rosberg,mercedes,6,17,0.0,4,50,+3 Laps,4
5442,2015_12,alonso,mclaren,14,18,0.0,16,47,+6 Laps,17
5443,2015_12,grosjean,lotus_f1,8,19,0.0,8,1,Collision damage,8
5444,2015_12,maldonado,lotus_f1,13,20,0.0,10,1,Collision damage,11
5445,2015_13,vettel,ferrari,5,1,25.0,1,61,Finished,1
5446,2015_13,ricciardo,red_bull,3,2,18.0,2,61,Finished,2
5447,2015_13,raikkonen,ferrari,7,3,15.0,3,61,Finished,3
5448,2015_13,rosberg,mercedes,6,4,12.0,6,61,Finished,6
5449,2015_13,bottas,williams,77,5,10.0,7,61,Finished,7
5450,2015_13,kvyat,red_bull,26,6,8.0,4,61,Finished,4
5451,2015_13,perez,force_india,11,7,6.0,13,61,Finished,13
5452,2015_13,max_verstappen,toro_rosso,33,8,4.0,8,61,Finished,8
5453,2015_13,sainz,toro_rosso,55,9,2.0,14,61,Finished,14
5454,2015_13,nasr,sauber,12,10,1.0,16,61,Finished,16
5455,2015_13,ericsson,sauber,9,11,0.0,17,61,Finished,17
5456,2015_13,maldonado,lotus_f1,13,12,0.0,18,61,Finished,18
5457,2015_13,grosjean,lotus_f1,8,13,0.0,10,59,Tyre,10
5458,2015_13,rossi,manor,53,14,0.0,20,59,+2 Laps,20
5459,2015_13,stevens,manor,28,15,0.0,19,59,+2 Laps,19
5460,2015_13,button,mclaren,22,16,0.0,15,52,Gearbox,15
5461,2015_13,alonso,mclaren,14,17,0.0,12,33,Gearbox,12
5462,2015_13,hamilton,mercedes,44,18,0.0,5,32,Throttle,5
5463,2015_13,massa,williams,19,19,0.0,9,30,Gearbox,9
5464,2015_13,hulkenberg,force_india,27,20,0.0,11,12,Collision,11
5465,2015_14,hamilton,mercedes,44,1,25.0,2,53,Finished,2
5466,2015_14,rosberg,mercedes,6,2,18.0,1,53,Finished,1
5467,2015_14,vettel,ferrari,5,3,15.0,4,53,Finished,4
5468,2015_14,raikkonen,ferrari,7,4,12.0,6,53,Finished,6
5469,2015_14,bottas,williams,77,5,10.0,3,53,Finished,3
5470,2015_14,hulkenberg,force_india,27,6,8.0,13,53,Finished,11
5471,2015_14,grosjean,lotus_f1,8,7,6.0,8,53,Finished,8
5472,2015_14,maldonado,lotus_f1,13,8,4.0,11,53,Finished,13
5473,2015_14,max_verstappen,toro_rosso,33,9,2.0,17,53,Finished,15
5474,2015_14,sainz,toro_rosso,55,10,1.0,10,52,+1 Lap,12
5475,2015_14,alonso,mclaren,14,11,0.0,12,52,+1 Lap,14
5476,2015_14,perez,force_india,11,12,0.0,9,52,+1 Lap,9
5477,2015_14,kvyat,red_bull,26,13,0.0,20,52,+1 Lap,10
5478,2015_14,ericsson,sauber,9,14,0.0,15,52,+1 Lap,17
5479,2015_14,ricciardo,red_bull,3,15,0.0,7,52,+1 Lap,7
5480,2015_14,button,mclaren,22,16,0.0,14,52,+1 Lap,16
5481,2015_14,massa,williams,19,17,0.0,5,51,+2 Laps,5
5482,2015_14,rossi,manor,53,18,0.0,19,51,+2 Laps,20
5483,2015_14,stevens,manor,28,19,0.0,18,50,+3 Laps,19
5484,2015_14,nasr,sauber,12,20,0.0,16,49,Retired,18
5485,2015_15,hamilton,mercedes,44,1,25.0,2,53,Finished,2
5486,2015_15,vettel,ferrari,5,2,18.0,4,53,Finished,4
5487,2015_15,perez,force_india,11,3,15.0,7,53,Finished,7
5488,2015_15,massa,williams,19,4,12.0,15,53,Finished,15
5489,2015_15,kvyat,red_bull,26,5,10.0,11,53,Finished,11
5490,2015_15,nasr,sauber,12,6,8.0,12,53,Finished,12
5491,2015_15,maldonado,lotus_f1,13,7,6.0,14,53,Finished,14
5492,2015_15,raikkonen,ferrari,7,8,4.0,5,53,Finished,5
5493,2015_15,button,mclaren,22,9,2.0,13,53,Finished,13
5494,2015_15,max_verstappen,toro_rosso,33,10,1.0,9,53,Finished,9
5495,2015_15,alonso,mclaren,14,11,0.0,19,53,Finished,16
5496,2015_15,bottas,williams,77,12,0.0,3,52,Collision,3
5497,2015_15,merhi,manor,98,13,0.0,18,52,+1 Lap,19
5498,2015_15,stevens,manor,28,14,0.0,17,51,+2 Laps,18
5499,2015_15,ricciardo,red_bull,3,15,0.0,10,47,Suspension,10
5500,2015_15,sainz,toro_rosso,55,16,0.0,20,45,Brakes,
5501,2015_15,grosjean,lotus_f1,8,17,0.0,8,11,Accident,8
5502,2015_15,rosberg,mercedes,6,18,0.0,1,7,Throttle,1
5503,2015_15,hulkenberg,force_india,27,19,0.0,6,0,Collision,6
5504,2015_15,ericsson,sauber,9,20,0.0,17,0,Collision,17
5505,2015_16,hamilton,mercedes,44,1,25.0,2,56,Finished,2
5506,2015_16,rosberg,mercedes,6,2,18.0,1,56,Finished,1
5507,2015_16,vettel,ferrari,5,3,15.0,13,56,Finished,5
5508,2015_16,max_verstappen,toro_rosso,33,4,12.0,8,56,Finished,10
5509,2015_16,perez,force_india,11,5,10.0,5,56,Finished,6
5510,2015_16,button,mclaren,22,6,8.0,11,56,Finished,14
5511,2015_16,sainz,toro_rosso,55,7,6.0,20,56,Finished,20
5512,2015_16,maldonado,lotus_f1,13,8,4.0,12,56,Finished,15
5513,2015_16,nasr,sauber,12,9,2.0,15,56,Finished,17
5514,2015_16,ricciardo,red_bull,3,10,1.0,3,56,Finished,3
5515,2015_16,alonso,mclaren,14,11,0.0,9,56,Finished,11
5516,2015_16,rossi,manor,53,12,0.0,17,56,Finished,18
5517,2015_16,kvyat,red_bull,26,13,0.0,4,41,Accident,4
5518,2015_16,hulkenberg,force_india,27,14,0.0,6,35,Accident,7
5519,2015_16,ericsson,sauber,9,15,0.0,14,25,Retired,16
5520,2015_16,raikkonen,ferrari,7,16,0.0,18,25,Brake duct,8
5521,2015_16,massa,williams,19,17,0.0,7,23,Retired,9
5522,2015_16,grosjean,lotus_f1,8,18,0.0,10,10,Retired,13
5523,2015_16,bottas,williams,77,19,0.0,16,5,Retired,12
5524,2015_16,stevens,manor,28,20,0.0,19,1,Retired,19
5525,2015_17,rosberg,mercedes,6,1,25.0,1,71,Finished,1
5526,2015_17,hamilton,mercedes,44,2,18.0,2,71,Finished,2
5527,2015_17,bottas,williams,77,3,15.0,6,71,Finished,6
5528,2015_17,kvyat,red_bull,26,4,12.0,4,71,Finished,4
5529,2015_17,ricciardo,red_bull,3,5,10.0,5,71,Finished,5
5530,2015_17,massa,williams,19,6,8.0,7,71,Finished,7
5531,2015_17,hulkenberg,force_india,27,7,6.0,10,71,Finished,10
5532,2015_17,perez,force_india,11,8,4.0,9,71,Finished,9
5533,2015_17,max_verstappen,toro_rosso,33,9,2.0,8,71,Finished,8
5534,2015_17,grosjean,lotus_f1,8,10,1.0,12,71,Finished,12
5535,2015_17,maldonado,lotus_f1,13,11,0.0,13,71,Finished,13
5536,2015_17,ericsson,sauber,9,12,0.0,14,71,Finished,14
5537,2015_17,sainz,toro_rosso,55,13,0.0,11,71,Finished,11
5538,2015_17,button,mclaren,22,14,0.0,20,71,Finished,20
5539,2015_17,rossi,manor,53,15,0.0,16,69,+2 Laps,18
5540,2015_17,stevens,manor,28,16,0.0,17,69,+2 Laps,19
5541,2015_17,nasr,sauber,12,17,0.0,15,57,Brakes,17
5542,2015_17,vettel,ferrari,5,18,0.0,3,50,Accident,3
5543,2015_17,raikkonen,ferrari,7,19,0.0,19,21,Collision,15
5544,2015_17,alonso,mclaren,14,20,0.0,18,1,Retired,16
5545,2015_18,rosberg,mercedes,6,1,25.0,1,71,Finished,1
5546,2015_18,hamilton,mercedes,44,2,18.0,2,71,Finished,2
5547,2015_18,vettel,ferrari,5,3,15.0,3,71,Finished,3
5548,2015_18,raikkonen,ferrari,7,4,12.0,4,71,Finished,5
5549,2015_18,bottas,williams,77,5,10.0,7,70,+1 Lap,4
5550,2015_18,hulkenberg,force_india,27,6,8.0,5,70,+1 Lap,6
5551,2015_18,kvyat,red_bull,26,7,6.0,6,70,+1 Lap,7
5552,2015_18,grosjean,lotus_f1,8,8,4.0,14,70,+1 Lap,15
5553,2015_18,max_verstappen,toro_rosso,33,9,2.0,9,70,+1 Lap,10
5554,2015_18,maldonado,lotus_f1,13,10,1.0,15,70,+1 Lap,16
5555,2015_18,ricciardo,red_bull,3,11,0.0,19,70,+1 Lap,9
5556,2015_18,perez,force_india,11,12,0.0,11,70,+1 Lap,13
5557,2015_18,nasr,sauber,12,13,0.0,13,70,+1 Lap,11
5558,2015_18,button,mclaren,22,14,0.0,16,70,+1 Lap,17
5559,2015_18,alonso,mclaren,14,15,0.0,20,70,+1 Lap,20
5560,2015_18,ericsson,sauber,9,16,0.0,12,69,+2 Laps,14
5561,2015_18,stevens,manor,28,17,0.0,18,67,+4 Laps,19
5562,2015_18,rossi,manor,53,18,0.0,17,67,+4 Laps,18
5563,2015_18,sainz,toro_rosso,55,19,0.0,10,0,Retired,12
5564,2015_18,massa,williams,19,20,0.0,8,70,Excluded,8
5565,2015_19,rosberg,mercedes,6,1,25.0,1,55,Finished,1
5566,2015_19,hamilton,mercedes,44,2,18.0,2,55,Finished,2
5567,2015_19,raikkonen,ferrari,7,3,15.0,3,55,Finished,3
5568,2015_19,vettel,ferrari,5,4,12.0,15,55,Finished,16
5569,2015_19,perez,force_india,11,5,10.0,4,55,Finished,4
5570,2015_19,ricciardo,red_bull,3,6,8.0,5,55,Finished,5
5571,2015_19,hulkenberg,force_india,27,7,6.0,7,55,Finished,7
5572,2015_19,massa,williams,19,8,4.0,8,55,Finished,8
5573,2015_19,grosjean,lotus_f1,8,9,2.0,18,55,Finished,15
5574,2015_19,kvyat,red_bull,26,10,1.0,9,55,Finished,9
5575,2015_19,sainz,toro_rosso,55,11,0.0,10,55,Finished,10
5576,2015_19,button,mclaren,22,12,0.0,12,54,+1 Lap,12
5577,2015_19,bottas,williams,77,13,0.0,6,54,+1 Lap,6
5578,2015_19,ericsson,sauber,9,14,0.0,17,54,+1 Lap,18
5579,2015_19,nasr,sauber,12,15,0.0,14,54,+1 Lap,14
5580,2015_19,max_verstappen,toro_rosso,33,16,0.0,11,54,+1 Lap,11
5581,2015_19,alonso,mclaren,14,17,0.0,16,53,+2 Laps,17
5582,2015_19,stevens,manor,28,18,0.0,19,53,+2 Laps,19
5583,2015_19,merhi,manor,98,19,0.0,20,52,+3 Laps,20
5584,2015_19,maldonado,lotus_f1,13,20,0.0,13,0,Collision,13
5585,2016_1,rosberg,mercedes,6,1,25.0,2,57,Finished,2
5586,2016_1,hamilton,mercedes,44,2,18.0,1,57,Finished,1
5587,2016_1,vettel,ferrari,5,3,15.0,3,57,Finished,3
5588,2016_1,ricciardo,red_bull,3,4,12.0,8,57,Finished,8
5589,2016_1,massa,williams,19,5,10.0,6,57,Finished,6
5590,2016_1,grosjean,haas,8,6,8.0,19,57,Finished,19
5591,2016_1,hulkenberg,force_india,27,7,6.0,10,57,Finished,10
5592,2016_1,bottas,williams,77,8,4.0,16,57,Finished,11
5593,2016_1,sainz,toro_rosso,55,9,2.0,7,57,Finished,7
5594,2016_1,max_verstappen,toro_rosso,33,10,1.0,5,57,Finished,5
5595,2016_1,jolyon_palmer,renault,30,11,0.0,13,57,Finished,14
5596,2016_1,kevin_magnussen,renault,20,12,0.0,14,57,Finished,15
5597,2016_1,perez,force_india,11,13,0.0,9,57,Finished,9
5598,2016_1,button,mclaren,22,14,0.0,12,56,+1 Lap,13
5599,2016_1,nasr,sauber,12,15,0.0,17,56,+1 Lap,17
5600,2016_1,wehrlein,manor,94,16,0.0,21,56,+1 Lap,22
5601,2016_1,ericsson,sauber,9,17,0.0,15,38,Engine,16
5602,2016_1,raikkonen,ferrari,7,18,0.0,4,21,Engine,4
5603,2016_1,haryanto,manor,88,19,0.0,22,17,Mechanical,21
5604,2016_1,gutierrez,haas,21,20,0.0,20,16,Collision,20
5605,2016_1,alonso,mclaren,14,21,0.0,11,16,Collision,12
5606,2016_1,kvyat,red_bull,26,22,0.0,18,0,Retired,18
5607,2016_2,rosberg,mercedes,6,1,25.0,2,57,Finished,2
5608,2016_2,raikkonen,ferrari,7,2,18.0,4,57,Finished,4
5609,2016_2,hamilton,mercedes,44,3,15.0,1,57,Finished,1
5610,2016_2,ricciardo,red_bull,3,4,12.0,5,57,Finished,5
5611,2016_2,grosjean,haas,8,5,10.0,9,57,Finished,9
5612,2016_2,max_verstappen,toro_rosso,33,6,8.0,10,57,Finished,10
5613,2016_2,kvyat,red_bull,26,7,6.0,15,56,+1 Lap,15
5614,2016_2,massa,williams,19,8,4.0,7,56,+1 Lap,7
5615,2016_2,bottas,williams,77,9,2.0,6,56,+1 Lap,6
5616,2016_2,vandoorne,mclaren,47,10,1.0,12,56,+1 Lap,12
5617,2016_2,kevin_magnussen,renault,20,11,0.0,22,56,+1 Lap,19
5618,2016_2,ericsson,sauber,9,12,0.0,17,56,+1 Lap,17
5619,2016_2,wehrlein,manor,94,13,0.0,16,56,+1 Lap,16
5620,2016_2,nasr,sauber,12,14,0.0,21,56,+1 Lap,22
5621,2016_2,hulkenberg,force_india,27,15,0.0,8,56,+1 Lap,8
5622,2016_2,perez,force_india,11,16,0.0,18,56,+1 Lap,18
5623,2016_2,haryanto,manor,88,17,0.0,20,56,+1 Lap,21
5624,2016_2,sainz,toro_rosso,55,18,0.0,11,29,Retired,11
5625,2016_2,gutierrez,haas,21,19,0.0,13,9,Retired,13
5626,2016_2,button,mclaren,22,20,0.0,14,6,Power Unit,14
5627,2016_2,vettel,ferrari,5,21,0.0,3,0,Engine,3
5628,2016_2,jolyon_palmer,renault,30,22,0.0,19,0,Hydraulics,20
5629,2016_3,rosberg,mercedes,6,1,25.0,1,56,Finished,1
5630,2016_3,vettel,ferrari,5,2,18.0,4,56,Finished,4
5631,2016_3,kvyat,red_bull,26,3,15.0,6,56,Finished,6
5632,2016_3,ricciardo,red_bull,3,4,12.0,2,56,Finished,2
5633,2016_3,raikkonen,ferrari,7,5,10.0,3,56,Finished,3
5634,2016_3,massa,williams,19,6,8.0,10,56,Finished,11
5635,2016_3,hamilton,mercedes,44,7,6.0,22,56,Finished,22
5636,2016_3,max_verstappen,toro_rosso,33,8,4.0,9,56,Finished,9
5637,2016_3,sainz,toro_rosso,55,9,2.0,8,56,Finished,8
5638,2016_3,bottas,williams,77,10,1.0,5,56,Finished,5
5639,2016_3,perez,force_india,11,11,0.0,7,56,Finished,7
5640,2016_3,alonso,mclaren,14,12,0.0,11,56,Finished,12
5641,2016_3,button,mclaren,22,13,0.0,12,56,Finished,13
5642,2016_3,gutierrez,haas,21,14,0.0,18,55,+1 Lap,18
5643,2016_3,hulkenberg,force_india,27,15,0.0,13,55,+1 Lap,10
5644,2016_3,ericsson,sauber,9,16,0.0,15,55,+1 Lap,15
5645,2016_3,kevin_magnussen,renault,20,17,0.0,17,55,+1 Lap,17
5646,2016_3,wehrlein,manor,94,18,0.0,21,55,+1 Lap,21
5647,2016_3,grosjean,haas,8,19,0.0,14,55,+1 Lap,14
5648,2016_3,nasr,sauber,12,20,0.0,16,55,+1 Lap,16
5649,2016_3,haryanto,manor,88,21,0.0,20,55,+1 Lap,20
5650,2016_3,jolyon_palmer,renault,30,22,0.0,19,55,+1 Lap,19
5651,2016_4,rosberg,mercedes,6,1,25.0,1,53,Finished,1
5652,2016_4,hamilton,mercedes,44,2,18.0,10,53,Finished,10
5653,2016_4,raikkonen,ferrari,7,3,15.0,3,53,Finished,4
5654,2016_4,bottas,williams,77,4,12.0,2,53,Finished,3
5655,2016_4,massa,williams,19,5,10.0,4,53,Finished,5
5656,2016_4,alonso,mclaren,14,6,8.0,14,52,+1 Lap,14
5657,2016_4,kevin_magnussen,renault,20,7,6.0,17,52,+1 Lap,17
5658,2016_4,grosjean,haas,8,8,4.0,15,52,+1 Lap,15
5659,2016_4,perez,force_india,11,9,2.0,6,52,+1 Lap,7
5660,2016_4,button,mclaren,22,10,1.0,12,52,+1 Lap,12
5661,2016_4,ricciardo,red_bull,3,11,0.0,5,52,+1 Lap,6
5662,2016_4,sainz,toro_rosso,55,12,0.0,11,52,+1 Lap,11
5663,2016_4,jolyon_palmer,renault,30,13,0.0,18,52,+1 Lap,18
5664,2016_4,ericsson,sauber,9,14,0.0,22,52,+1 Lap,22
5665,2016_4,kvyat,red_bull,26,15,0.0,8,52,+1 Lap,8
5666,2016_4,nasr,sauber,12,16,0.0,19,52,+1 Lap,19
5667,2016_4,gutierrez,haas,21,17,0.0,16,52,+1 Lap,16
5668,2016_4,wehrlein,manor,94,18,0.0,20,51,+2 Laps,20
5669,2016_4,max_verstappen,toro_rosso,33,19,0.0,9,33,Power Unit,9
5670,2016_4,vettel,ferrari,5,20,0.0,7,0,Collision,2
5671,2016_4,hulkenberg,force_india,27,21,0.0,13,0,Collision,13
5672,2016_4,haryanto,manor,88,22,0.0,21,0,Collision,21
5673,2016_5,max_verstappen,red_bull,33,1,25.0,4,66,Finished,4
5674,2016_5,raikkonen,ferrari,7,2,18.0,5,66,Finished,5
5675,2016_5,vettel,ferrari,5,3,15.0,6,66,Finished,6
5676,2016_5,ricciardo,red_bull,3,4,12.0,3,66,Finished,3
5677,2016_5,bottas,williams,77,5,10.0,7,66,Finished,7
5678,2016_5,sainz,toro_rosso,55,6,8.0,8,66,Finished,8
5679,2016_5,perez,force_india,11,7,6.0,9,66,Finished,9
5680,2016_5,massa,williams,19,8,4.0,18,66,Finished,18
5681,2016_5,button,mclaren,22,9,2.0,12,65,+1 Lap,12
5682,2016_5,kvyat,toro_rosso,26,10,1.0,13,65,+1 Lap,13
5683,2016_5,gutierrez,haas,21,11,0.0,16,65,+1 Lap,16
5684,2016_5,ericsson,sauber,9,12,0.0,19,65,+1 Lap,19
5685,2016_5,jolyon_palmer,renault,30,13,0.0,17,65,+1 Lap,17
5686,2016_5,kevin_magnussen,renault,20,14,0.0,15,65,+1 Lap,15
5687,2016_5,nasr,sauber,12,15,0.0,20,65,+1 Lap,20
5688,2016_5,wehrlein,manor,94,16,0.0,21,65,+1 Lap,21
5689,2016_5,haryanto,manor,88,17,0.0,22,65,+1 Lap,22
5690,2016_5,grosjean,haas,8,18,0.0,14,56,Engine,14
5691,2016_5,alonso,mclaren,14,19,0.0,10,45,Engine,10
5692,2016_5,hulkenberg,force_india,27,20,0.0,11,20,Engine,11
5693,2016_5,hamilton,mercedes,44,21,0.0,1,0,Collision,1
5694,2016_5,rosberg,mercedes,6,22,0.0,2,0,Collision,2
5695,2016_6,hamilton,mercedes,44,1,25.0,3,78,Finished,3
5696,2016_6,ricciardo,red_bull,3,2,18.0,1,78,Finished,1
5697,2016_6,perez,force_india,11,3,15.0,7,78,Finished,8
5698,2016_6,vettel,ferrari,5,4,12.0,4,78,Finished,4
5699,2016_6,alonso,mclaren,14,5,10.0,9,78,Finished,10
5700,2016_6,hulkenberg,force_india,27,6,8.0,5,78,Finished,5
5701,2016_6,rosberg,mercedes,6,7,6.0,2,78,Finished,2
5702,2016_6,sainz,toro_rosso,55,8,4.0,6,77,+1 Lap,7
5703,2016_6,button,mclaren,22,9,2.0,13,77,+1 Lap,13
5704,2016_6,massa,williams,19,10,1.0,14,77,+1 Lap,14
5705,2016_6,gutierrez,haas,21,11,0.0,12,77,+1 Lap,12
5706,2016_6,bottas,williams,77,12,0.0,10,77,+1 Lap,11
5707,2016_6,grosjean,haas,8,13,0.0,15,76,+2 Laps,15
5708,2016_6,wehrlein,manor,94,14,0.0,20,76,+2 Laps,20
5709,2016_6,haryanto,manor,88,15,0.0,19,74,+4 Laps,19
5710,2016_6,ericsson,sauber,9,16,0.0,17,51,Collision,17
5711,2016_6,nasr,sauber,12,17,0.0,0,48,Retired,22
5712,2016_6,max_verstappen,red_bull,33,18,0.0,0,34,Accident,21
5713,2016_6,kevin_magnussen,renault,20,19,0.0,16,32,Retired,16
5714,2016_6,kvyat,toro_rosso,26,20,0.0,8,18,Accident,9
5715,2016_6,raikkonen,ferrari,7,21,0.0,11,10,Accident,6
5716,2016_6,jolyon_palmer,renault,30,22,0.0,18,7,Accident,18
5717,2016_7,hamilton,mercedes,44,1,25.0,1,70,Finished,1
5718,2016_7,vettel,ferrari,5,2,18.0,3,70,Finished,3
5719,2016_7,bottas,williams,77,3,15.0,7,70,Finished,7
5720,2016_7,max_verstappen,red_bull,33,4,12.0,5,70,Finished,5
5721,2016_7,rosberg,mercedes,6,5,10.0,2,70,Finished,2
5722,2016_7,raikkonen,ferrari,7,6,8.0,6,70,Finished,6
5723,2016_7,ricciardo,red_bull,3,7,6.0,4,70,Finished,4
5724,2016_7,hulkenberg,force_india,27,8,4.0,9,69,+1 Lap,9
5725,2016_7,sainz,toro_rosso,55,9,2.0,20,69,+1 Lap,16
5726,2016_7,perez,force_india,11,10,1.0,11,69,+1 Lap,11
5727,2016_7,alonso,mclaren,14,11,0.0,10,69,+1 Lap,10
5728,2016_7,kvyat,toro_rosso,26,12,0.0,15,69,+1 Lap,13
5729,2016_7,gutierrez,haas,21,13,0.0,13,68,+2 Laps,14
5730,2016_7,grosjean,haas,8,14,0.0,14,68,+2 Laps,15
5731,2016_7,ericsson,sauber,9,15,0.0,21,68,+2 Laps,19
5732,2016_7,kevin_magnussen,renault,20,16,0.0,22,68,+2 Laps,
5733,2016_7,wehrlein,manor,94,17,0.0,17,68,+2 Laps,18
5734,2016_7,nasr,sauber,12,18,0.0,18,68,+2 Laps,20
5735,2016_7,haryanto,manor,88,19,0.0,19,68,+2 Laps,21
5736,2016_7,massa,williams,19,20,0.0,8,35,Retired,8
5737,2016_7,jolyon_palmer,renault,30,21,0.0,16,16,Retired,17
5738,2016_7,button,mclaren,22,22,0.0,12,9,Power Unit,12
5739,2016_8,rosberg,mercedes,6,1,25.0,1,51,Finished,1
5740,2016_8,vettel,ferrari,5,2,18.0,3,51,Finished,4
5741,2016_8,perez,force_india,11,3,15.0,7,51,Finished,2
5742,2016_8,raikkonen,ferrari,7,4,12.0,4,51,Finished,5
5743,2016_8,hamilton,mercedes,44,5,10.0,10,51,Finished,10
5744,2016_8,bottas,williams,77,6,8.0,8,51,Finished,8
5745,2016_8,ricciardo,red_bull,3,7,6.0,2,51,Finished,3
5746,2016_8,max_verstappen,red_bull,33,8,4.0,9,51,Finished,9
5747,2016_8,hulkenberg,force_india,27,9,2.0,12,51,Finished,12
5748,2016_8,massa,williams,19,10,1.0,5,51,Finished,6
5749,2016_8,button,mclaren,22,11,0.0,19,51,Finished,19
5750,2016_8,nasr,sauber,12,12,0.0,15,50,+1 Lap,16
5751,2016_8,grosjean,haas,8,13,0.0,11,50,+1 Lap,11
5752,2016_8,kevin_magnussen,renault,20,14,0.0,22,50,+1 Lap,21
5753,2016_8,jolyon_palmer,renault,30,15,0.0,21,50,+1 Lap,22
5754,2016_8,gutierrez,haas,21,16,0.0,14,50,+1 Lap,15
5755,2016_8,ericsson,sauber,9,17,0.0,20,50,+1 Lap,20
5756,2016_8,haryanto,manor,88,18,0.0,16,49,+2 Laps,17
5757,2016_8,alonso,mclaren,14,19,0.0,13,42,Gearbox,14
5758,2016_8,wehrlein,manor,94,20,0.0,17,39,Brakes,18
5759,2016_8,sainz,toro_rosso,55,21,0.0,18,31,Suspension,13
5760,2016_8,kvyat,toro_rosso,26,22,0.0,6,6,Suspension,7
5761,2016_9,hamilton,mercedes,44,1,25.0,1,71,Finished,1
5762,2016_9,max_verstappen,red_bull,33,2,18.0,8,71,Finished,9
5763,2016_9,raikkonen,ferrari,7,3,15.0,4,71,Finished,6
5764,2016_9,rosberg,mercedes,6,4,12.0,6,71,Finished,2
5765,2016_9,ricciardo,red_bull,3,5,10.0,5,71,Finished,7
5766,2016_9,button,mclaren,22,6,8.0,3,71,Finished,5
5767,2016_9,grosjean,haas,8,7,6.0,13,71,Finished,13
5768,2016_9,sainz,toro_rosso,55,8,4.0,15,71,Finished,15
5769,2016_9,bottas,williams,77,9,2.0,7,70,+1 Lap,8
5770,2016_9,wehrlein,manor,94,10,1.0,12,70,+1 Lap,12
5771,2016_9,gutierrez,haas,21,11,0.0,11,70,+1 Lap,11
5772,2016_9,jolyon_palmer,renault,30,12,0.0,19,70,+1 Lap,18
5773,2016_9,nasr,sauber,12,13,0.0,21,70,+1 Lap,22
5774,2016_9,kevin_magnussen,renault,20,14,0.0,17,70,+1 Lap,17
5775,2016_9,ericsson,sauber,9,15,0.0,18,70,+1 Lap,21
5776,2016_9,haryanto,manor,88,16,0.0,20,70,+1 Lap,19
5777,2016_9,perez,force_india,11,17,0.0,16,69,Brakes,16
5778,2016_9,alonso,mclaren,14,18,0.0,14,64,Battery,14
5779,2016_9,hulkenberg,force_india,27,19,0.0,2,64,Brakes,3
5780,2016_9,massa,williams,19,20,0.0,0,63,Brakes,10
5781,2016_9,vettel,ferrari,5,21,0.0,9,26,Tyre,4
5782,2016_9,kvyat,toro_rosso,26,22,0.0,0,2,Retired,20
5783,2016_10,hamilton,mercedes,44,1,25.0,1,52,Finished,1
5784,2016_10,max_verstappen,red_bull,33,2,18.0,3,52,Finished,3
5785,2016_10,rosberg,mercedes,6,3,15.0,2,52,Finished,2
5786,2016_10,ricciardo,red_bull,3,4,12.0,4,52,Finished,4
5787,2016_10,raikkonen,ferrari,7,5,10.0,5,52,Finished,5
5788,2016_10,perez,force_india,11,6,8.0,10,52,Finished,11
5789,2016_10,hulkenberg,force_india,27,7,6.0,8,52,Finished,9
5790,2016_10,sainz,toro_rosso,55,8,4.0,7,52,Finished,8
5791,2016_10,vettel,ferrari,5,9,2.0,11,52,Finished,6
5792,2016_10,kvyat,toro_rosso,26,10,1.0,15,52,Finished,15
5793,2016_10,massa,williams,19,11,0.0,12,51,+1 Lap,12
5794,2016_10,button,mclaren,22,12,0.0,17,51,+1 Lap,17
5795,2016_10,alonso,mclaren,14,13,0.0,9,51,+1 Lap,10
5796,2016_10,bottas,williams,77,14,0.0,6,51,+1 Lap,7
5797,2016_10,nasr,sauber,12,15,0.0,21,51,+1 Lap,21
5798,2016_10,gutierrez,haas,21,16,0.0,14,51,+1 Lap,14
5799,2016_10,kevin_magnussen,renault,20,17,0.0,16,49,Gearbox,16
5800,2016_10,jolyon_palmer,renault,30,18,0.0,18,37,Gearbox,18
5801,2016_10,haryanto,manor,88,19,0.0,19,24,Spun off,19
5802,2016_10,grosjean,haas,8,20,0.0,13,17,Retired,13
5803,2016_10,ericsson,sauber,9,21,0.0,22,11,Power Unit,
5804,2016_10,wehrlein,manor,94,22,0.0,20,6,Spun off,20
5805,2016_11,hamilton,mercedes,44,1,25.0,2,70,Finished,2
5806,2016_11,rosberg,mercedes,6,2,18.0,1,70,Finished,1
5807,2016_11,ricciardo,red_bull,3,3,15.0,3,70,Finished,3
5808,2016_11,vettel,ferrari,5,4,12.0,5,70,Finished,5
5809,2016_11,max_verstappen,red_bull,33,5,10.0,4,70,Finished,4
5810,2016_11,raikkonen,ferrari,7,6,8.0,14,70,Finished,14
5811,2016_11,alonso,mclaren,14,7,6.0,7,69,+1 Lap,7
5812,2016_11,sainz,toro_rosso,55,8,4.0,6,69,+1 Lap,6
5813,2016_11,bottas,williams,77,9,2.0,10,69,+1 Lap,10
5814,2016_11,hulkenberg,force_india,27,10,1.0,9,69,+1 Lap,9
5815,2016_11,perez,force_india,11,11,0.0,13,69,+1 Lap,13
5816,2016_11,jolyon_palmer,renault,30,12,0.0,17,69,+1 Lap,17
5817,2016_11,gutierrez,haas,21,13,0.0,15,69,+1 Lap,15
5818,2016_11,grosjean,haas,8,14,0.0,11,69,+1 Lap,11
5819,2016_11,kevin_magnussen,renault,20,15,0.0,19,69,+1 Lap,19
5820,2016_11,kvyat,toro_rosso,26,16,0.0,12,69,+1 Lap,12
5821,2016_11,nasr,sauber,12,17,0.0,16,69,+1 Lap,16
5822,2016_11,massa,williams,19,18,0.0,18,68,+2 Laps,18
5823,2016_11,wehrlein,manor,94,19,0.0,20,68,+2 Laps,21
5824,2016_11,ericsson,sauber,9,20,0.0,22,68,+2 Laps,20
5825,2016_11,haryanto,manor,88,21,0.0,21,68,+2 Laps,22
5826,2016_11,button,mclaren,22,22,0.0,8,60,Oil leak,8
5827,2016_12,hamilton,mercedes,44,1,25.0,2,67,Finished,2
5828,2016_12,ricciardo,red_bull,3,2,18.0,3,67,Finished,3
5829,2016_12,max_verstappen,red_bull,33,3,15.0,4,67,Finished,4
5830,2016_12,rosberg,mercedes,6,4,12.0,1,67,Finished,1
5831,2016_12,vettel,ferrari,5,5,10.0,6,67,Finished,6
5832,2016_12,raikkonen,ferrari,7,6,8.0,5,67,Finished,5
5833,2016_12,hulkenberg,force_india,27,7,6.0,8,67,Finished,7
5834,2016_12,button,mclaren,22,8,4.0,12,66,+1 Lap,12
5835,2016_12,bottas,williams,77,9,2.0,7,66,+1 Lap,8
5836,2016_12,perez,force_india,11,10,1.0,9,66,+1 Lap,9
5837,2016_12,gutierrez,haas,21,11,0.0,11,66,+1 Lap,11
5838,2016_12,alonso,mclaren,14,12,0.0,13,66,+1 Lap,14
5839,2016_12,grosjean,haas,8,13,0.0,20,66,+1 Lap,15
5840,2016_12,sainz,toro_rosso,55,14,0.0,15,66,+1 Lap,13
5841,2016_12,kvyat,toro_rosso,26,15,0.0,18,66,+1 Lap,19
5842,2016_12,kevin_magnussen,renault,20,16,0.0,16,66,+1 Lap,17
5843,2016_12,wehrlein,manor,94,17,0.0,17,65,+2 Laps,18
5844,2016_12,ericsson,sauber,9,18,0.0,22,65,+2 Laps,22
5845,2016_12,jolyon_palmer,renault,30,19,0.0,14,65,+2 Laps,16
5846,2016_12,haryanto,manor,88,20,0.0,19,65,+2 Laps,20
5847,2016_12,nasr,sauber,12,21,0.0,21,57,Power Unit,21
5848,2016_12,massa,williams,19,22,0.0,10,36,Suspension,10
5849,2016_13,rosberg,mercedes,6,1,25.0,1,44,Finished,1
5850,2016_13,ricciardo,red_bull,3,2,18.0,5,44,Finished,5
5851,2016_13,hamilton,mercedes,44,3,15.0,21,44,Finished,21
5852,2016_13,hulkenberg,force_india,27,4,12.0,7,44,Finished,7
5853,2016_13,perez,force_india,11,5,10.0,6,44,Finished,6
5854,2016_13,vettel,ferrari,5,6,8.0,4,44,Finished,4
5855,2016_13,alonso,mclaren,14,7,6.0,22,44,Finished,
5856,2016_13,bottas,williams,77,8,4.0,8,44,Finished,8
5857,2016_13,raikkonen,ferrari,7,9,2.0,3,44,Finished,3
5858,2016_13,massa,williams,19,10,1.0,10,44,Finished,10
5859,2016_13,max_verstappen,red_bull,33,11,0.0,2,44,Finished,2
5860,2016_13,gutierrez,haas,21,12,0.0,18,44,Finished,13
5861,2016_13,grosjean,haas,8,13,0.0,11,44,Finished,11
5862,2016_13,kvyat,toro_rosso,26,14,0.0,19,44,Finished,19
5863,2016_13,jolyon_palmer,renault,30,15,0.0,13,44,Finished,14
5864,2016_13,ocon,manor,31,16,0.0,17,43,+1 Lap,18
5865,2016_13,nasr,sauber,12,17,0.0,16,43,+1 Lap,17
5866,2016_13,kevin_magnussen,renault,20,18,0.0,12,5,Accident,12
5867,2016_13,ericsson,sauber,9,19,0.0,20,3,Gearbox,20
5868,2016_13,sainz,toro_rosso,55,20,0.0,14,1,Puncture,15
5869,2016_13,button,mclaren,22,21,0.0,9,1,Collision damage,9
5870,2016_13,wehrlein,manor,94,22,0.0,15,0,Collision damage,16
5871,2016_14,rosberg,mercedes,6,1,25.0,2,53,Finished,2
5872,2016_14,hamilton,mercedes,44,2,18.0,1,53,Finished,1
5873,2016_14,vettel,ferrari,5,3,15.0,3,53,Finished,3
5874,2016_14,raikkonen,ferrari,7,4,12.0,4,53,Finished,4
5875,2016_14,ricciardo,red_bull,3,5,10.0,6,53,Finished,6
5876,2016_14,bottas,williams,77,6,8.0,5,53,Finished,5
5877,2016_14,max_verstappen,red_bull,33,7,6.0,7,53,Finished,7
5878,2016_14,perez,force_india,11,8,4.0,8,53,Finished,8
5879,2016_14,massa,williams,19,9,2.0,11,53,Finished,11
5880,2016_14,hulkenberg,force_india,27,10,1.0,9,53,Finished,9
5881,2016_14,grosjean,haas,8,11,0.0,17,52,+1 Lap,12
5882,2016_14,button,mclaren,22,12,0.0,14,52,+1 Lap,15
5883,2016_14,gutierrez,haas,21,13,0.0,10,52,+1 Lap,10
5884,2016_14,alonso,mclaren,14,14,0.0,12,52,+1 Lap,13
5885,2016_14,sainz,toro_rosso,55,15,0.0,15,52,+1 Lap,16
5886,2016_14,ericsson,sauber,9,16,0.0,19,52,+1 Lap,19
5887,2016_14,kevin_magnussen,renault,20,17,0.0,21,52,+1 Lap,21
5888,2016_14,ocon,manor,31,18,0.0,22,51,+2 Laps,
5889,2016_14,kvyat,toro_rosso,26,19,0.0,16,36,Battery,17
5890,2016_14,wehrlein,manor,94,20,0.0,13,26,Oil leak,14
5891,2016_14,jolyon_palmer,renault,30,21,0.0,20,7,Collision damage,20
5892,2016_14,nasr,sauber,12,22,0.0,18,6,Collision damage,18
5893,2016_15,rosberg,mercedes,6,1,25.0,1,61,Finished,1
5894,2016_15,ricciardo,red_bull,3,2,18.0,2,61,Finished,2
5895,2016_15,hamilton,mercedes,44,3,15.0,3,61,Finished,3
5896,2016_15,raikkonen,ferrari,7,4,12.0,5,61,Finished,5
5897,2016_15,vettel,ferrari,5,5,10.0,22,61,Finished,22
5898,2016_15,max_verstappen,red_bull,33,6,8.0,4,61,Finished,4
5899,2016_15,alonso,mclaren,14,7,6.0,9,61,Finished,9
5900,2016_15,perez,force_india,11,8,4.0,17,61,Finished,10
5901,2016_15,kvyat,toro_rosso,26,9,2.0,7,61,Finished,7
5902,2016_15,kevin_magnussen,renault,20,10,1.0,15,61,Finished,17
5903,2016_15,gutierrez,haas,21,11,0.0,13,60,+1 Lap,14
5904,2016_15,massa,williams,19,12,0.0,11,60,+1 Lap,12
5905,2016_15,nasr,sauber,12,13,0.0,16,60,+1 Lap,18
5906,2016_15,sainz,toro_rosso,55,14,0.0,6,60,+1 Lap,6
5907,2016_15,jolyon_palmer,renault,30,15,0.0,18,60,+1 Lap,19
5908,2016_15,wehrlein,manor,94,16,0.0,19,60,+1 Lap,20
5909,2016_15,ericsson,sauber,9,17,0.0,14,60,+1 Lap,16
5910,2016_15,ocon,manor,31,18,0.0,21,59,+2 Laps,21
5911,2016_15,button,mclaren,22,19,0.0,12,43,Brakes,13
5912,2016_15,bottas,williams,77,20,0.0,10,35,Overheating,11
5913,2016_15,hulkenberg,force_india,27,21,0.0,8,0,Collision,8
5914,2016_15,grosjean,haas,8,22,0.0,20,0,Withdrew,15
5915,2016_16,ricciardo,red_bull,3,1,25.0,4,56,Finished,4
5916,2016_16,max_verstappen,red_bull,33,2,18.0,3,56,Finished,3
5917,2016_16,rosberg,mercedes,6,3,15.0,2,56,Finished,2
5918,2016_16,raikkonen,ferrari,7,4,12.0,6,56,Finished,6
5919,2016_16,bottas,williams,77,5,10.0,11,56,Finished,11
5920,2016_16,perez,force_india,11,6,8.0,7,56,Finished,7
5921,2016_16,alonso,mclaren,14,7,6.0,22,56,Finished,22
5922,2016_16,hulkenberg,force_india,27,8,4.0,8,56,Finished,8
5923,2016_16,button,mclaren,22,9,2.0,9,56,Finished,9
5924,2016_16,jolyon_palmer,renault,30,10,1.0,19,56,Finished,19
5925,2016_16,sainz,toro_rosso,55,11,0.0,16,56,Finished,16
5926,2016_16,ericsson,sauber,9,12,0.0,17,55,+1 Lap,17
5927,2016_16,massa,williams,19,13,0.0,10,55,+1 Lap,10
5928,2016_16,kvyat,toro_rosso,26,14,0.0,15,55,+1 Lap,15
5929,2016_16,wehrlein,manor,94,15,0.0,21,55,+1 Lap,21
5930,2016_16,ocon,manor,31,16,0.0,20,55,+1 Lap,20
5931,2016_16,nasr,sauber,12,17,0.0,18,46,Brakes,18
5932,2016_16,hamilton,mercedes,44,18,0.0,1,40,Engine,1
5933,2016_16,gutierrez,haas,21,19,0.0,13,39,Wheel nut,13
5934,2016_16,kevin_magnussen,renault,20,20,0.0,14,17,Power loss,14
5935,2016_16,grosjean,haas,8,21,0.0,12,7,Brakes,12
5936,2016_16,vettel,ferrari,5,22,0.0,5,0,Collision,5
5937,2016_17,rosberg,mercedes,6,1,25.0,1,53,Finished,1
5938,2016_17,max_verstappen,red_bull,33,2,18.0,3,53,Finished,5
5939,2016_17,hamilton,mercedes,44,3,15.0,2,53,Finished,2
5940,2016_17,vettel,ferrari,5,4,12.0,6,53,Finished,4
5941,2016_17,raikkonen,ferrari,7,5,10.0,8,53,Finished,3
5942,2016_17,ricciardo,red_bull,3,6,8.0,4,53,Finished,6
5943,2016_17,perez,force_india,11,7,6.0,5,53,Finished,7
5944,2016_17,hulkenberg,force_india,27,8,4.0,9,53,Finished,9
5945,2016_17,massa,williams,19,9,2.0,12,53,Finished,12
5946,2016_17,bottas,williams,77,10,1.0,11,53,Finished,11
5947,2016_17,grosjean,haas,8,11,0.0,7,53,Finished,8
5948,2016_17,jolyon_palmer,renault,30,12,0.0,16,52,+1 Lap,16
5949,2016_17,kvyat,toro_rosso,26,13,0.0,13,52,+1 Lap,13
5950,2016_17,kevin_magnussen,renault,20,14,0.0,17,52,+1 Lap,18
5951,2016_17,ericsson,sauber,9,15,0.0,18,52,+1 Lap,19
5952,2016_17,alonso,mclaren,14,16,0.0,15,52,+1 Lap,15
5953,2016_17,sainz,toro_rosso,55,17,0.0,14,52,+1 Lap,14
5954,2016_17,button,mclaren,22,18,0.0,22,52,+1 Lap,17
5955,2016_17,nasr,sauber,12,19,0.0,19,52,+1 Lap,20
5956,2016_17,gutierrez,haas,21,20,0.0,10,52,+1 Lap,10
5957,2016_17,ocon,manor,31,21,0.0,20,52,+1 Lap,21
5958,2016_17,wehrlein,manor,94,22,0.0,21,52,+1 Lap,22
5959,2016_18,hamilton,mercedes,44,1,25.0,1,56,Finished,1
5960,2016_18,rosberg,mercedes,6,2,18.0,2,56,Finished,2
5961,2016_18,ricciardo,red_bull,3,3,15.0,3,56,Finished,3
5962,2016_18,vettel,ferrari,5,4,12.0,6,56,Finished,6
5963,2016_18,alonso,mclaren,14,5,10.0,12,56,Finished,12
5964,2016_18,sainz,toro_rosso,55,6,8.0,10,56,Finished,10
5965,2016_18,massa,williams,19,7,6.0,9,55,+1 Lap,9
5966,2016_18,perez,force_india,11,8,4.0,11,55,+1 Lap,11
5967,2016_18,button,mclaren,22,9,2.0,19,55,+1 Lap,19
5968,2016_18,grosjean,haas,8,10,1.0,17,55,+1 Lap,17
5969,2016_18,kvyat,toro_rosso,26,11,0.0,13,55,+1 Lap,13
5970,2016_18,kevin_magnussen,renault,20,12,0.0,18,55,+1 Lap,18
5971,2016_18,jolyon_palmer,renault,30,13,0.0,15,55,+1 Lap,15
5972,2016_18,ericsson,sauber,9,14,0.0,16,55,+1 Lap,16
5973,2016_18,nasr,sauber,12,15,0.0,21,55,+1 Lap,21
5974,2016_18,bottas,williams,77,16,0.0,8,55,+1 Lap,8
5975,2016_18,wehrlein,manor,94,17,0.0,20,55,+1 Lap,20
5976,2016_18,ocon,manor,31,18,0.0,22,54,+2 Laps,22
5977,2016_18,raikkonen,ferrari,7,19,0.0,5,38,Wheel,5
5978,2016_18,max_verstappen,red_bull,33,20,0.0,4,28,Gearbox,4
5979,2016_18,gutierrez,haas,21,21,0.0,14,16,Brakes,14
5980,2016_18,hulkenberg,force_india,27,22,0.0,7,1,Collision,7
5981,2016_19,hamilton,mercedes,44,1,25.0,1,71,Finished,1
5982,2016_19,rosberg,mercedes,6,2,18.0,2,71,Finished,2
5983,2016_19,ricciardo,red_bull,3,3,15.0,4,71,Finished,4
5984,2016_19,max_verstappen,red_bull,33,4,12.0,3,71,Finished,3
5985,2016_19,vettel,ferrari,5,5,10.0,7,71,Finished,7
5986,2016_19,raikkonen,ferrari,7,6,8.0,6,71,Finished,6
5987,2016_19,hulkenberg,force_india,27,7,6.0,5,71,Finished,5
5988,2016_19,bottas,williams,77,8,4.0,8,71,Finished,8
5989,2016_19,massa,williams,19,9,2.0,9,71,Finished,9
5990,2016_19,perez,force_india,11,10,1.0,12,71,Finished,12
5991,2016_19,ericsson,sauber,9,11,0.0,15,70,+1 Lap,15
5992,2016_19,button,mclaren,22,12,0.0,13,70,+1 Lap,13
5993,2016_19,alonso,mclaren,14,13,0.0,11,70,+1 Lap,11
5994,2016_19,jolyon_palmer,renault,30,14,0.0,21,70,+1 Lap,
5995,2016_19,nasr,sauber,12,15,0.0,19,70,+1 Lap,19
5996,2016_19,sainz,toro_rosso,55,16,0.0,10,70,+1 Lap,10
5997,2016_19,kevin_magnussen,renault,20,17,0.0,14,70,+1 Lap,14
5998,2016_19,kvyat,toro_rosso,26,18,0.0,18,70,+1 Lap,18
5999,2016_19,gutierrez,haas,21,19,0.0,17,70,+1 Lap,17
6000,2016_19,grosjean,haas,8,20,0.0,22,70,+1 Lap,21
6001,2016_19,ocon,manor,31,21,0.0,20,69,+2 Laps,20
6002,2016_19,wehrlein,manor,94,22,0.0,16,0,Collision,16
6003,2016_20,hamilton,mercedes,44,1,25.0,1,71,Finished,1
6004,2016_20,rosberg,mercedes,6,2,18.0,2,71,Finished,2
6005,2016_20,max_verstappen,red_bull,33,3,15.0,4,71,Finished,4
6006,2016_20,perez,force_india,11,4,12.0,9,71,Finished,9
6007,2016_20,vettel,ferrari,5,5,10.0,5,71,Finished,5
6008,2016_20,sainz,toro_rosso,55,6,8.0,15,71,Finished,15
6009,2016_20,hulkenberg,force_india,27,7,6.0,8,71,Finished,8
6010,2016_20,ricciardo,red_bull,3,8,4.0,6,71,Finished,6
6011,2016_20,nasr,sauber,12,9,2.0,21,71,Finished,22
6012,2016_20,alonso,mclaren,14,10,1.0,10,71,Finished,10
6013,2016_20,bottas,williams,77,11,0.0,11,71,Finished,11
6014,2016_20,ocon,manor,31,12,0.0,22,71,Finished,20
6015,2016_20,kvyat,toro_rosso,26,13,0.0,14,71,Finished,14
6016,2016_20,kevin_magnussen,renault,20,14,0.0,18,71,Finished,18
6017,2016_20,wehrlein,manor,94,15,0.0,19,71,Finished,19
6018,2016_20,button,mclaren,22,16,0.0,17,71,Finished,17
6019,2016_20,gutierrez,haas,21,17,0.0,12,60,Retired,12
6020,2016_20,massa,williams,19,18,0.0,13,46,Collision,13
6021,2016_20,jolyon_palmer,renault,30,19,0.0,16,20,Collision damage,16
6022,2016_20,raikkonen,ferrari,7,20,0.0,3,19,Collision,3
6023,2016_20,ericsson,sauber,9,21,0.0,20,11,Collision,21
6024,2016_20,grosjean,haas,8,22,0.0,7,0,Withdrew,7
6025,2016_21,hamilton,mercedes,44,1,25.0,1,55,Finished,1
6026,2016_21,rosberg,mercedes,6,2,18.0,2,55,Finished,2
6027,2016_21,vettel,ferrari,5,3,15.0,5,55,Finished,5
6028,2016_21,max_verstappen,red_bull,33,4,12.0,6,55,Finished,6
6029,2016_21,ricciardo,red_bull,3,5,10.0,3,55,Finished,3
6030,2016_21,raikkonen,ferrari,7,6,8.0,4,55,Finished,4
6031,2016_21,hulkenberg,force_india,27,7,6.0,7,55,Finished,7
6032,2016_21,perez,force_india,11,8,4.0,8,55,Finished,8
6033,2016_21,massa,williams,19,9,2.0,10,55,Finished,10
6034,2016_21,alonso,mclaren,14,10,1.0,9,55,Finished,9
6035,2016_21,grosjean,haas,8,11,0.0,14,55,Finished,14
6036,2016_21,gutierrez,haas,21,12,0.0,13,55,Finished,13
6037,2016_21,ocon,manor,31,13,0.0,20,54,+1 Lap,20
6038,2016_21,wehrlein,manor,94,14,0.0,16,54,+1 Lap,16
6039,2016_21,ericsson,sauber,9,15,0.0,22,54,+1 Lap,22
6040,2016_21,nasr,sauber,12,16,0.0,19,54,+1 Lap,19
6041,2016_21,jolyon_palmer,renault,30,17,0.0,15,54,+1 Lap,15
6042,2016_21,sainz,toro_rosso,55,18,0.0,21,41,Collision damage,21
6043,2016_21,kvyat,toro_rosso,26,19,0.0,17,14,Gearbox,17
6044,2016_21,button,mclaren,22,20,0.0,12,12,Suspension,12
6045,2016_21,bottas,williams,77,21,0.0,11,6,Suspension,11
6046,2016_21,kevin_magnussen,renault,20,22,0.0,18,5,Suspension,18
6047,2017_1,vettel,ferrari,5,1,25.0,2,57,Finished,2
6048,2017_1,hamilton,mercedes,44,2,18.0,1,57,Finished,1
6049,2017_1,bottas,mercedes,77,3,15.0,3,57,Finished,3
6050,2017_1,raikkonen,ferrari,7,4,12.0,4,57,Finished,4
6051,2017_1,max_verstappen,red_bull,33,5,10.0,5,57,Finished,5
6052,2017_1,massa,williams,19,6,8.0,7,57,Finished,7
6053,2017_1,perez,force_india,11,7,6.0,10,56,+1 Lap,11
6054,2017_1,sainz,toro_rosso,55,8,4.0,8,56,+1 Lap,8
6055,2017_1,kvyat,toro_rosso,26,9,2.0,9,56,+1 Lap,9
6056,2017_1,ocon,force_india,31,10,1.0,13,56,+1 Lap,14
6057,2017_1,hulkenberg,renault,27,11,0.0,11,56,+1 Lap,12
6058,2017_1,giovinazzi,sauber,36,12,0.0,16,55,+2 Laps,16
6059,2017_1,vandoorne,mclaren,2,13,0.0,18,55,+2 Laps,18
6060,2017_1,alonso,mclaren,14,14,0.0,12,50,Vibrations,13
6061,2017_1,kevin_magnussen,haas,20,15,0.0,17,46,Suspension,17
6062,2017_1,stroll,williams,18,16,0.0,20,40,Brakes,19
6063,2017_1,ricciardo,red_bull,3,17,0.0,0,25,Power Unit,10
6064,2017_1,ericsson,sauber,9,18,0.0,14,21,Hydraulics,15
6065,2017_1,jolyon_palmer,renault,30,19,0.0,19,15,Brakes,20
6066,2017_1,grosjean,haas,8,20,0.0,6,13,Water leak,6
6067,2017_2,hamilton,mercedes,44,1,25.0,1,56,Finished,1
6068,2017_2,vettel,ferrari,5,2,18.0,2,56,Finished,2
6069,2017_2,max_verstappen,red_bull,33,3,15.0,16,56,Finished,19
6070,2017_2,ricciardo,red_bull,3,4,12.0,5,56,Finished,5
6071,2017_2,raikkonen,ferrari,7,5,10.0,4,56,Finished,4
6072,2017_2,bottas,mercedes,77,6,8.0,3,56,Finished,3
6073,2017_2,sainz,toro_rosso,55,7,6.0,11,56,Finished,11
6074,2017_2,kevin_magnussen,haas,20,8,4.0,12,55,+1 Lap,12
6075,2017_2,perez,force_india,11,9,2.0,8,55,+1 Lap,8
6076,2017_2,ocon,force_india,31,10,1.0,17,55,+1 Lap,20
6077,2017_2,grosjean,haas,8,11,0.0,19,55,+1 Lap,17
6078,2017_2,hulkenberg,renault,27,12,0.0,7,55,+1 Lap,7
6079,2017_2,jolyon_palmer,renault,30,13,0.0,20,55,+1 Lap,18
6080,2017_2,massa,williams,19,14,0.0,6,55,+1 Lap,6
6081,2017_2,ericsson,sauber,9,15,0.0,14,55,+1 Lap,14
6082,2017_2,alonso,mclaren,14,16,0.0,13,33,Driveshaft,13
6083,2017_2,kvyat,toro_rosso,26,17,0.0,9,18,Hydraulics,9
6084,2017_2,vandoorne,mclaren,2,18,0.0,15,17,Fuel pressure,16
6085,2017_2,giovinazzi,sauber,36,19,0.0,18,3,Accident,15
6086,2017_2,stroll,williams,18,20,0.0,10,0,Collision,10
6087,2017_3,vettel,ferrari,5,1,25.0,3,57,Finished,3
6088,2017_3,hamilton,mercedes,44,2,18.0,2,57,Finished,2
6089,2017_3,bottas,mercedes,77,3,15.0,1,57,Finished,1
6090,2017_3,raikkonen,ferrari,7,4,12.0,5,57,Finished,5
6091,2017_3,ricciardo,red_bull,3,5,10.0,4,57,Finished,4
6092,2017_3,massa,williams,19,6,8.0,8,57,Finished,8
6093,2017_3,perez,force_india,11,7,6.0,18,57,Finished,18
6094,2017_3,grosjean,haas,8,8,4.0,9,57,Finished,9
6095,2017_3,hulkenberg,renault,27,9,2.0,7,57,Finished,7
6096,2017_3,ocon,force_india,31,10,1.0,14,57,Finished,14
6097,2017_3,wehrlein,sauber,94,11,0.0,13,56,+1 Lap,13
6098,2017_3,kvyat,toro_rosso,26,12,0.0,11,56,+1 Lap,11
6099,2017_3,jolyon_palmer,renault,30,13,0.0,10,56,+1 Lap,10
6100,2017_3,alonso,mclaren,14,14,0.0,15,54,Power Unit,15
6101,2017_3,ericsson,sauber,9,15,0.0,19,50,Gearbox,19
6102,2017_3,sainz,toro_rosso,55,16,0.0,16,12,Collision,16
6103,2017_3,stroll,williams,18,17,0.0,12,12,Collision,12
6104,2017_3,max_verstappen,red_bull,33,18,0.0,6,11,Brakes,6
6105,2017_3,kevin_magnussen,haas,20,19,0.0,20,8,Electrical,20
6106,2017_3,vandoorne,mclaren,2,20,0.0,17,0,Power Unit,17
6107,2017_4,bottas,mercedes,77,1,25.0,3,52,Finished,3
6108,2017_4,vettel,ferrari,5,2,18.0,1,52,Finished,1
6109,2017_4,raikkonen,ferrari,7,3,15.0,2,52,Finished,2
6110,2017_4,hamilton,mercedes,44,4,12.0,4,52,Finished,4
6111,2017_4,max_verstappen,red_bull,33,5,10.0,7,52,Finished,7
6112,2017_4,perez,force_india,11,6,8.0,9,52,Finished,9
6113,2017_4,ocon,force_india,31,7,6.0,10,52,Finished,10
6114,2017_4,hulkenberg,renault,27,8,4.0,8,52,Finished,8
6115,2017_4,massa,williams,19,9,2.0,6,51,+1 Lap,6
6116,2017_4,sainz,toro_rosso,55,10,1.0,14,51,+1 Lap,11
6117,2017_4,stroll,williams,18,11,0.0,11,51,+1 Lap,12
6118,2017_4,kvyat,toro_rosso,26,12,0.0,12,51,+1 Lap,13
6119,2017_4,kevin_magnussen,haas,20,13,0.0,13,51,+1 Lap,14
6120,2017_4,vandoorne,mclaren,2,14,0.0,20,51,+1 Lap,17
6121,2017_4,ericsson,sauber,9,15,0.0,18,51,+1 Lap,19
6122,2017_4,wehrlein,sauber,94,16,0.0,17,50,+2 Laps,18
6123,2017_4,ricciardo,red_bull,3,17,0.0,5,5,Brakes,5
6124,2017_4,jolyon_palmer,renault,30,18,0.0,16,0,Collision,16
6125,2017_4,grosjean,haas,8,19,0.0,19,0,Collision,20
6126,2017_4,alonso,mclaren,14,20,0.0,15,0,Power Unit,15
6127,2017_5,hamilton,mercedes,44,1,25.0,1,66,Finished,1
6128,2017_5,vettel,ferrari,5,2,18.0,2,66,Finished,2
6129,2017_5,ricciardo,red_bull,3,3,15.0,6,66,Finished,6
6130,2017_5,perez,force_india,11,4,12.0,8,65,+1 Lap,8
6131,2017_5,ocon,force_india,31,5,10.0,10,65,+1 Lap,10
6132,2017_5,hulkenberg,renault,27,6,8.0,13,65,+1 Lap,13
6133,2017_5,sainz,toro_rosso,55,7,6.0,12,65,+1 Lap,12
6134,2017_5,wehrlein,sauber,94,8,4.0,15,65,+1 Lap,15
6135,2017_5,kvyat,toro_rosso,26,9,2.0,19,65,+1 Lap,20
6136,2017_5,grosjean,haas,8,10,1.0,14,65,+1 Lap,14
6137,2017_5,ericsson,sauber,9,11,0.0,16,64,+2 Laps,16
6138,2017_5,alonso,mclaren,14,12,0.0,7,64,+2 Laps,7
6139,2017_5,massa,williams,19,13,0.0,9,64,+2 Laps,9
6140,2017_5,kevin_magnussen,haas,20,14,0.0,11,64,+2 Laps,11
6141,2017_5,jolyon_palmer,renault,30,15,0.0,17,64,+2 Laps,17
6142,2017_5,stroll,williams,18,16,0.0,18,64,+2 Laps,18
6143,2017_5,bottas,mercedes,77,17,0.0,3,38,Power Unit,3
6144,2017_5,vandoorne,mclaren,2,18,0.0,20,32,Collision,19
6145,2017_5,max_verstappen,red_bull,33,19,0.0,5,1,Collision damage,5
6146,2017_5,raikkonen,ferrari,7,20,0.0,4,0,Collision damage,4
6147,2017_6,vettel,ferrari,5,1,25.0,2,78,Finished,2
6148,2017_6,raikkonen,ferrari,7,2,18.0,1,78,Finished,1
6149,2017_6,ricciardo,red_bull,3,3,15.0,5,78,Finished,5
6150,2017_6,bottas,mercedes,77,4,12.0,3,78,Finished,3
6151,2017_6,max_verstappen,red_bull,33,5,10.0,4,78,Finished,4
6152,2017_6,sainz,toro_rosso,55,6,8.0,6,78,Finished,6
6153,2017_6,hamilton,mercedes,44,7,6.0,13,78,Finished,14
6154,2017_6,grosjean,haas,8,8,4.0,8,78,Finished,8
6155,2017_6,massa,williams,19,9,2.0,14,78,Finished,15
6156,2017_6,kevin_magnussen,haas,20,10,1.0,11,78,Finished,13
6157,2017_6,jolyon_palmer,renault,30,11,0.0,16,78,Finished,17
6158,2017_6,ocon,force_india,31,12,0.0,15,78,Finished,16
6159,2017_6,perez,force_india,11,13,0.0,7,78,Finished,7
6160,2017_6,kvyat,toro_rosso,26,14,0.0,9,71,Collision damage,11
6161,2017_6,stroll,williams,18,15,0.0,17,71,Brakes,18
6162,2017_6,vandoorne,mclaren,2,16,0.0,12,66,Accident,10
6163,2017_6,ericsson,sauber,9,17,0.0,19,63,Accident,20
6164,2017_6,button,mclaren,22,18,0.0,20,57,Collision damage,9
6165,2017_6,wehrlein,sauber,94,19,0.0,18,57,Collision,19
6166,2017_6,hulkenberg,renault,27,20,0.0,10,15,Gearbox,12
6167,2017_7,hamilton,mercedes,44,1,25.0,1,70,Finished,1
6168,2017_7,bottas,mercedes,77,2,18.0,3,70,Finished,3
6169,2017_7,ricciardo,red_bull,3,3,15.0,6,70,Finished,6
6170,2017_7,vettel,ferrari,5,4,12.0,2,70,Finished,2
6171,2017_7,perez,force_india,11,5,10.0,8,70,Finished,8
6172,2017_7,ocon,force_india,31,6,8.0,9,70,Finished,9
6173,2017_7,raikkonen,ferrari,7,7,6.0,4,70,Finished,4
6174,2017_7,hulkenberg,renault,27,8,4.0,10,70,Finished,10
6175,2017_7,stroll,williams,18,9,2.0,17,69,+1 Lap,17
6176,2017_7,grosjean,haas,8,10,1.0,14,69,+1 Lap,14
6177,2017_7,jolyon_palmer,renault,30,11,0.0,15,69,+1 Lap,15
6178,2017_7,kevin_magnussen,haas,20,12,0.0,18,69,+1 Lap,18
6179,2017_7,ericsson,sauber,9,13,0.0,19,69,+1 Lap,19
6180,2017_7,vandoorne,mclaren,2,14,0.0,16,69,+1 Lap,16
6181,2017_7,wehrlein,sauber,94,15,0.0,20,68,+2 Laps,20
6182,2017_7,alonso,mclaren,14,16,0.0,12,66,Power Unit,12
6183,2017_7,kvyat,toro_rosso,26,17,0.0,11,54,Power Unit,11
6184,2017_7,max_verstappen,red_bull,33,18,0.0,5,10,Electrical,5
6185,2017_7,massa,williams,19,19,0.0,7,0,Collision,7
6186,2017_7,sainz,toro_rosso,55,20,0.0,13,0,Collision,13
6187,2017_8,ricciardo,red_bull,3,1,25.0,10,51,Finished,10
6188,2017_8,bottas,mercedes,77,2,18.0,2,51,Finished,2
6189,2017_8,stroll,williams,18,3,15.0,8,51,Finished,8
6190,2017_8,vettel,ferrari,5,4,12.0,4,51,Finished,4
6191,2017_8,hamilton,mercedes,44,5,10.0,1,51,Finished,1
6192,2017_8,ocon,force_india,31,6,8.0,7,51,Finished,7
6193,2017_8,kevin_magnussen,haas,20,7,6.0,12,51,Finished,13
6194,2017_8,sainz,toro_rosso,55,8,4.0,15,51,Finished,12
6195,2017_8,alonso,mclaren,14,9,2.0,19,51,Finished,16
6196,2017_8,wehrlein,sauber,94,10,1.0,14,51,Finished,15
6197,2017_8,ericsson,sauber,9,11,0.0,17,51,Finished,18
6198,2017_8,vandoorne,mclaren,2,12,0.0,18,51,Finished,19
6199,2017_8,grosjean,haas,8,13,0.0,16,50,+1 Lap,17
6200,2017_8,raikkonen,ferrari,7,14,0.0,3,46,Water pressure,3
6201,2017_8,perez,force_india,11,15,0.0,6,39,Seat,6
6202,2017_8,massa,williams,19,16,0.0,9,25,Suspension,9
6203,2017_8,hulkenberg,renault,27,17,0.0,13,24,Accident,14
6204,2017_8,max_verstappen,red_bull,33,18,0.0,5,12,Oil pressure,5
6205,2017_8,kvyat,toro_rosso,26,19,0.0,11,9,Battery,11
6206,2017_8,jolyon_palmer,renault,30,20,0.0,20,7,Power Unit,
6207,2017_9,bottas,mercedes,77,1,25.0,1,71,Finished,1
6208,2017_9,vettel,ferrari,5,2,18.0,2,71,Finished,2
6209,2017_9,ricciardo,red_bull,3,3,15.0,4,71,Finished,5
6210,2017_9,hamilton,mercedes,44,4,12.0,8,71,Finished,3
6211,2017_9,raikkonen,ferrari,7,5,10.0,3,71,Finished,4
6212,2017_9,grosjean,haas,8,6,8.0,6,71,Finished,7
6213,2017_9,perez,force_india,11,7,6.0,7,70,+1 Lap,8
6214,2017_9,ocon,force_india,31,8,4.0,9,70,+1 Lap,9
6215,2017_9,massa,williams,19,9,2.0,17,70,+1 Lap,17
6216,2017_9,stroll,williams,18,10,1.0,18,70,+1 Lap,18
6217,2017_9,jolyon_palmer,renault,30,11,0.0,16,70,+1 Lap,16
6218,2017_9,vandoorne,mclaren,2,12,0.0,13,70,+1 Lap,13
6219,2017_9,hulkenberg,renault,27,13,0.0,11,70,+1 Lap,11
6220,2017_9,wehrlein,sauber,94,14,0.0,20,70,+1 Lap,20
6221,2017_9,ericsson,sauber,9,15,0.0,19,69,+2 Laps,19
6222,2017_9,kvyat,toro_rosso,26,16,0.0,14,68,+3 Laps,14
6223,2017_9,sainz,toro_rosso,55,17,0.0,10,44,Engine,10
6224,2017_9,kevin_magnussen,haas,20,18,0.0,15,29,Hydraulics,15
6225,2017_9,alonso,mclaren,14,19,0.0,12,1,Collision damage,12
6226,2017_9,max_verstappen,red_bull,33,20,0.0,5,0,Collision damage,6
6227,2017_10,hamilton,mercedes,44,1,25.0,1,51,Finished,1
6228,2017_10,bottas,mercedes,77,2,18.0,9,51,Finished,4
6229,2017_10,raikkonen,ferrari,7,3,15.0,2,51,Finished,2
6230,2017_10,max_verstappen,red_bull,33,4,12.0,4,51,Finished,5
6231,2017_10,ricciardo,red_bull,3,5,10.0,19,51,Finished,20
6232,2017_10,hulkenberg,renault,27,6,8.0,5,51,Finished,6
6233,2017_10,vettel,ferrari,5,7,6.0,3,51,Finished,3
6234,2017_10,ocon,force_india,31,8,4.0,7,50,+1 Lap,8
6235,2017_10,perez,force_india,11,9,2.0,6,50,+1 Lap,7
6236,2017_10,massa,williams,19,10,1.0,14,50,+1 Lap,15
6237,2017_10,vandoorne,mclaren,2,11,0.0,8,50,+1 Lap,9
6238,2017_10,kevin_magnussen,haas,20,12,0.0,16,50,+1 Lap,17
6239,2017_10,grosjean,haas,8,13,0.0,10,50,+1 Lap,10
6240,2017_10,ericsson,sauber,9,14,0.0,18,50,+1 Lap,19
6241,2017_10,kvyat,toro_rosso,26,15,0.0,12,50,+1 Lap,12
6242,2017_10,stroll,williams,18,16,0.0,15,50,+1 Lap,16
6243,2017_10,wehrlein,sauber,94,17,0.0,17,50,+1 Lap,18
6244,2017_10,alonso,mclaren,14,18,0.0,20,32,Power Unit,13
6245,2017_10,sainz,toro_rosso,55,19,0.0,13,0,Collision damage,14
6246,2017_10,jolyon_palmer,renault,30,20,0.0,11,0,Hydraulics,11
6247,2017_11,vettel,ferrari,5,1,25.0,1,70,Finished,1
6248,2017_11,raikkonen,ferrari,7,2,18.0,2,70,Finished,2
6249,2017_11,bottas,mercedes,77,3,15.0,3,70,Finished,3
6250,2017_11,hamilton,mercedes,44,4,12.0,4,70,Finished,4
6251,2017_11,max_verstappen,red_bull,33,5,10.0,5,70,Finished,5
6252,2017_11,alonso,mclaren,14,6,8.0,7,70,Finished,8
6253,2017_11,sainz,toro_rosso,55,7,6.0,9,69,+1 Lap,10
6254,2017_11,perez,force_india,11,8,4.0,13,69,+1 Lap,14
6255,2017_11,ocon,force_india,31,9,2.0,11,69,+1 Lap,12
6256,2017_11,vandoorne,mclaren,2,10,1.0,8,69,+1 Lap,9
6257,2017_11,kvyat,toro_rosso,26,11,0.0,16,69,+1 Lap,13
6258,2017_11,jolyon_palmer,renault,30,12,0.0,10,69,+1 Lap,11
6259,2017_11,kevin_magnussen,haas,20,13,0.0,15,69,+1 Lap,16
6260,2017_11,stroll,williams,18,14,0.0,17,69,+1 Lap,17
6261,2017_11,wehrlein,sauber,94,15,0.0,18,68,+2 Laps,18
6262,2017_11,ericsson,sauber,9,16,0.0,20,68,+2 Laps,20
6263,2017_11,hulkenberg,renault,27,17,0.0,12,67,Brakes,7
6264,2017_11,resta,williams,40,18,0.0,19,60,Oil leak,19
6265,2017_11,grosjean,haas,8,19,0.0,14,20,Wheel nut,15
6266,2017_11,ricciardo,red_bull,3,20,0.0,6,0,Collision,6
6267,2017_12,hamilton,mercedes,44,1,25.0,1,44,Finished,1
6268,2017_12,vettel,ferrari,5,2,18.0,2,44,Finished,2
6269,2017_12,ricciardo,red_bull,3,3,15.0,6,44,Finished,6
6270,2017_12,raikkonen,ferrari,7,4,12.0,4,44,Finished,4
6271,2017_12,bottas,mercedes,77,5,10.0,3,44,Finished,3
6272,2017_12,hulkenberg,renault,27,6,8.0,7,44,Finished,7
6273,2017_12,grosjean,haas,8,7,6.0,11,44,Finished,12
6274,2017_12,massa,williams,19,8,4.0,16,44,Finished,16
6275,2017_12,ocon,force_india,31,9,2.0,9,44,Finished,9
6276,2017_12,sainz,toro_rosso,55,10,1.0,13,44,Finished,14
6277,2017_12,stroll,williams,18,11,0.0,15,44,Finished,18
6278,2017_12,kvyat,toro_rosso,26,12,0.0,19,44,Finished,17
6279,2017_12,jolyon_palmer,renault,30,13,0.0,14,44,Finished,10
6280,2017_12,vandoorne,mclaren,2,14,0.0,20,44,Finished,15
6281,2017_12,kevin_magnussen,haas,20,15,0.0,12,44,Finished,13
6282,2017_12,ericsson,sauber,9,16,0.0,17,44,Finished,19
6283,2017_12,perez,force_india,11,17,0.0,8,42,Gearbox,8
6284,2017_12,alonso,mclaren,14,18,0.0,10,25,Engine,11
6285,2017_12,max_verstappen,red_bull,33,19,0.0,5,7,Engine,5
6286,2017_12,wehrlein,sauber,94,20,0.0,18,2,Collision,20
6287,2017_13,hamilton,mercedes,44,1,25.0,1,53,Finished,1
6288,2017_13,bottas,mercedes,77,2,18.0,4,53,Finished,6
6289,2017_13,vettel,ferrari,5,3,15.0,6,53,Finished,8
6290,2017_13,ricciardo,red_bull,3,4,12.0,16,53,Finished,3
6291,2017_13,raikkonen,ferrari,7,5,10.0,5,53,Finished,7
6292,2017_13,ocon,force_india,31,6,8.0,3,53,Finished,5
6293,2017_13,stroll,williams,18,7,6.0,2,53,Finished,4
6294,2017_13,massa,williams,19,8,4.0,7,53,Finished,9
6295,2017_13,perez,force_india,11,9,2.0,10,53,Finished,11
6296,2017_13,max_verstappen,red_bull,33,10,1.0,13,52,+1 Lap,2
6297,2017_13,kevin_magnussen,haas,20,11,0.0,9,52,+1 Lap,16
6298,2017_13,kvyat,toro_rosso,26,12,0.0,8,52,+1 Lap,14
6299,2017_13,hulkenberg,renault,27,13,0.0,14,52,+1 Lap,12
6300,2017_13,sainz,toro_rosso,55,14,0.0,15,52,+1 Lap,15
6301,2017_13,grosjean,haas,8,15,0.0,20,52,+1 Lap,20
6302,2017_13,wehrlein,sauber,94,16,0.0,12,51,+2 Laps,19
6303,2017_13,alonso,mclaren,14,17,0.0,19,50,Gearbox,13
6304,2017_13,ericsson,sauber,9,18,0.0,11,49,Gearbox,18
6305,2017_13,vandoorne,mclaren,2,19,0.0,18,33,Engine,10
6306,2017_13,jolyon_palmer,renault,30,20,0.0,17,29,Engine,17
6307,2017_14,hamilton,mercedes,44,1,25.0,5,58,Finished,5
6308,2017_14,ricciardo,red_bull,3,2,18.0,3,58,Finished,3
6309,2017_14,bottas,mercedes,77,3,15.0,6,58,Finished,6
6310,2017_14,sainz,toro_rosso,55,4,12.0,10,58,Finished,10
6311,2017_14,perez,force_india,11,5,10.0,12,58,Finished,12
6312,2017_14,jolyon_palmer,renault,30,6,8.0,11,58,Finished,11
6313,2017_14,vandoorne,mclaren,2,7,6.0,9,58,Finished,9
6314,2017_14,stroll,williams,18,8,4.0,18,58,Finished,18
6315,2017_14,grosjean,haas,8,9,2.0,15,58,Finished,15
6316,2017_14,ocon,force_india,31,10,1.0,14,58,Finished,14
6317,2017_14,massa,williams,19,11,0.0,17,58,Finished,17
6318,2017_14,wehrlein,sauber,94,12,0.0,19,56,+2 Laps,19
6319,2017_14,kevin_magnussen,haas,20,13,0.0,16,50,Engine,16
6320,2017_14,hulkenberg,renault,27,14,0.0,7,48,Engine,7
6321,2017_14,ericsson,sauber,9,15,0.0,20,35,Accident,20
6322,2017_14,kvyat,toro_rosso,26,16,0.0,13,10,Accident,13
6323,2017_14,alonso,mclaren,14,17,0.0,8,8,Collision damage,8
6324,2017_14,vettel,ferrari,5,18,0.0,1,0,Accident,1
6325,2017_14,max_verstappen,red_bull,33,19,0.0,2,0,Accident,2
6326,2017_14,raikkonen,ferrari,7,20,0.0,4,0,Accident,4
6327,2017_15,max_verstappen,red_bull,33,1,25.0,3,56,Finished,3
6328,2017_15,hamilton,mercedes,44,2,18.0,1,56,Finished,1
6329,2017_15,ricciardo,red_bull,3,3,15.0,4,56,Finished,4
6330,2017_15,vettel,ferrari,5,4,12.0,20,56,Finished,20
6331,2017_15,bottas,mercedes,77,5,10.0,5,56,Finished,5
6332,2017_15,perez,force_india,11,6,8.0,9,56,Finished,9
6333,2017_15,vandoorne,mclaren,2,7,6.0,7,55,+1 Lap,7
6334,2017_15,stroll,williams,18,8,4.0,13,55,+1 Lap,13
6335,2017_15,massa,williams,19,9,2.0,11,55,+1 Lap,11
6336,2017_15,ocon,force_india,31,10,1.0,6,55,+1 Lap,6
6337,2017_15,alonso,mclaren,14,11,0.0,10,55,+1 Lap,10
6338,2017_15,kevin_magnussen,haas,20,12,0.0,17,55,+1 Lap,17
6339,2017_15,grosjean,haas,8,13,0.0,16,55,+1 Lap,16
6340,2017_15,gasly,toro_rosso,10,14,0.0,15,55,+1 Lap,15
6341,2017_15,jolyon_palmer,renault,30,15,0.0,12,55,+1 Lap,12
6342,2017_15,hulkenberg,renault,27,16,0.0,8,55,+1 Lap,8
6343,2017_15,wehrlein,sauber,94,17,0.0,18,55,+1 Lap,18
6344,2017_15,ericsson,sauber,9,18,0.0,19,54,+2 Laps,19
6345,2017_15,sainz,toro_rosso,55,19,0.0,14,29,Engine,14
6346,2017_15,raikkonen,ferrari,7,20,0.0,0,0,Battery,2
6347,2017_16,hamilton,mercedes,44,1,25.0,1,53,Finished,1
6348,2017_16,max_verstappen,red_bull,33,2,18.0,4,53,Finished,5
6349,2017_16,ricciardo,red_bull,3,3,15.0,3,53,Finished,4
6350,2017_16,bottas,mercedes,77,4,12.0,6,53,Finished,2
6351,2017_16,raikkonen,ferrari,7,5,10.0,10,53,Finished,6
6352,2017_16,ocon,force_india,31,6,8.0,5,53,Finished,7
6353,2017_16,perez,force_india,11,7,6.0,7,53,Finished,8
6354,2017_16,kevin_magnussen,haas,20,8,4.0,12,53,Finished,13
6355,2017_16,grosjean,haas,8,9,2.0,13,53,Finished,16
6356,2017_16,massa,williams,19,10,1.0,8,52,+1 Lap,9
6357,2017_16,alonso,mclaren,14,11,0.0,20,52,+1 Lap,10
6358,2017_16,jolyon_palmer,renault,30,12,0.0,18,52,+1 Lap,14
6359,2017_16,gasly,toro_rosso,10,13,0.0,14,52,+1 Lap,17
6360,2017_16,vandoorne,mclaren,2,14,0.0,9,52,+1 Lap,11
6361,2017_16,wehrlein,sauber,94,15,0.0,17,51,+2 Laps,20
6362,2017_16,stroll,williams,18,16,0.0,15,45,Wheel,18
6363,2017_16,hulkenberg,renault,27,17,0.0,11,40,Front wing,12
6364,2017_16,ericsson,sauber,9,18,0.0,16,7,Accident,19
6365,2017_16,vettel,ferrari,5,19,0.0,2,4,Spark plugs,3
6366,2017_16,sainz,toro_rosso,55,20,0.0,19,0,Accident,15
6367,2017_17,hamilton,mercedes,44,1,25.0,1,56,Finished,1
6368,2017_17,vettel,ferrari,5,2,18.0,2,56,Finished,2
6369,2017_17,raikkonen,ferrari,7,3,15.0,5,56,Finished,5
6370,2017_17,max_verstappen,red_bull,33,4,12.0,16,56,Finished,6
6371,2017_17,bottas,mercedes,77,5,10.0,3,56,Finished,3
6372,2017_17,ocon,force_india,31,6,8.0,6,56,Finished,7
6373,2017_17,sainz,renault,55,7,6.0,7,56,Finished,8
6374,2017_17,perez,force_india,11,8,4.0,9,55,+1 Lap,10
6375,2017_17,massa,williams,19,9,2.0,10,55,+1 Lap,11
6376,2017_17,kvyat,toro_rosso,26,10,1.0,11,55,+1 Lap,12
6377,2017_17,stroll,williams,18,11,0.0,15,55,+1 Lap,17
6378,2017_17,vandoorne,mclaren,2,12,0.0,20,55,+1 Lap,13
6379,2017_17,brendon_hartley,toro_rosso,39,13,0.0,19,55,+1 Lap,18
6380,2017_17,grosjean,haas,8,14,0.0,12,55,+1 Lap,14
6381,2017_17,ericsson,sauber,9,15,0.0,13,55,+1 Lap,16
6382,2017_17,kevin_magnussen,haas,20,16,0.0,17,55,+1 Lap,20
6383,2017_17,alonso,mclaren,14,17,0.0,8,24,Engine,9
6384,2017_17,ricciardo,red_bull,3,18,0.0,4,14,Engine,4
6385,2017_17,wehrlein,sauber,94,19,0.0,14,5,Collision,19
6386,2017_17,hulkenberg,renault,27,20,0.0,18,3,Engine,15
6387,2017_18,max_verstappen,red_bull,33,1,25.0,2,71,Finished,2
6388,2017_18,bottas,mercedes,77,2,18.0,4,71,Finished,4
6389,2017_18,raikkonen,ferrari,7,3,15.0,5,71,Finished,5
6390,2017_18,vettel,ferrari,5,4,12.0,1,71,Finished,1
6391,2017_18,ocon,force_india,31,5,10.0,6,70,+1 Lap,6
6392,2017_18,stroll,williams,18,6,8.0,11,70,+1 Lap,12
6393,2017_18,perez,force_india,11,7,6.0,9,70,+1 Lap,10
6394,2017_18,kevin_magnussen,haas,20,8,4.0,14,70,+1 Lap,18
6395,2017_18,hamilton,mercedes,44,9,2.0,3,70,+1 Lap,3
6396,2017_18,alonso,mclaren,14,10,1.0,18,70,+1 Lap,14
6397,2017_18,massa,williams,19,11,0.0,10,70,+1 Lap,11
6398,2017_18,vandoorne,mclaren,2,12,0.0,19,70,+1 Lap,15
6399,2017_18,gasly,toro_rosso,10,13,0.0,20,70,+1 Lap,
6400,2017_18,wehrlein,sauber,94,14,0.0,13,69,+2 Laps,17
6401,2017_18,grosjean,haas,8,15,0.0,15,69,+2 Laps,19
6402,2017_18,sainz,renault,55,16,0.0,8,59,Engine,9
6403,2017_18,ericsson,sauber,9,17,0.0,12,55,Engine,16
6404,2017_18,brendon_hartley,toro_rosso,28,18,0.0,17,30,Engine,13
6405,2017_18,hulkenberg,renault,27,19,0.0,7,24,Electrical,8
6406,2017_18,ricciardo,red_bull,3,20,0.0,16,5,Engine,7
6407,2017_19,vettel,ferrari,5,1,25.0,2,71,Finished,2
6408,2017_19,bottas,mercedes,77,2,18.0,1,71,Finished,1
6409,2017_19,raikkonen,ferrari,7,3,15.0,3,71,Finished,3
6410,2017_19,hamilton,mercedes,44,4,12.0,20,71,Finished,20
6411,2017_19,max_verstappen,red_bull,33,5,10.0,4,71,Finished,4
6412,2017_19,ricciardo,red_bull,3,6,8.0,14,71,Finished,5
6413,2017_19,massa,williams,19,7,6.0,9,71,Finished,10
6414,2017_19,alonso,mclaren,14,8,4.0,6,71,Finished,7
6415,2017_19,perez,force_india,11,9,2.0,5,71,Finished,6
6416,2017_19,hulkenberg,renault,27,10,1.0,7,70,+1 Lap,8
6417,2017_19,sainz,renault,55,11,0.0,8,70,+1 Lap,9
6418,2017_19,gasly,toro_rosso,10,12,0.0,19,70,+1 Lap,17
6419,2017_19,ericsson,sauber,9,13,0.0,17,70,+1 Lap,19
6420,2017_19,wehrlein,sauber,94,14,0.0,15,70,+1 Lap,16
6421,2017_19,grosjean,haas,8,15,0.0,11,69,+2 Laps,12
6422,2017_19,stroll,williams,18,16,0.0,16,69,+2 Laps,18
6423,2017_19,brendon_hartley,toro_rosso,28,17,0.0,18,40,Engine,15
6424,2017_19,ocon,force_india,31,18,0.0,10,0,Accident,11
6425,2017_19,vandoorne,mclaren,2,19,0.0,12,0,Accident,13
6426,2017_19,kevin_magnussen,haas,20,20,0.0,13,0,Accident,14
6427,2017_20,bottas,mercedes,77,1,25.0,1,55,Finished,1
6428,2017_20,hamilton,mercedes,44,2,18.0,2,55,Finished,2
6429,2017_20,vettel,ferrari,5,3,15.0,3,55,Finished,3
6430,2017_20,raikkonen,ferrari,7,4,12.0,5,55,Finished,5
6431,2017_20,max_verstappen,red_bull,33,5,10.0,6,55,Finished,6
6432,2017_20,hulkenberg,renault,27,6,8.0,7,55,Finished,7
6433,2017_20,perez,force_india,11,7,6.0,8,55,Finished,8
6434,2017_20,ocon,force_india,31,8,4.0,9,55,Finished,9
6435,2017_20,alonso,mclaren,14,9,2.0,11,54,+1 Lap,11
6436,2017_20,massa,williams,19,10,1.0,10,54,+1 Lap,10
6437,2017_20,grosjean,haas,8,11,0.0,16,54,+1 Lap,16
6438,2017_20,vandoorne,mclaren,2,12,0.0,13,54,+1 Lap,13
6439,2017_20,kevin_magnussen,haas,20,13,0.0,14,54,+1 Lap,14
6440,2017_20,wehrlein,sauber,94,14,0.0,18,54,+1 Lap,18
6441,2017_20,brendon_hartley,toro_rosso,28,15,0.0,20,54,+1 Lap,20
6442,2017_20,gasly,toro_rosso,10,16,0.0,17,54,+1 Lap,17
6443,2017_20,ericsson,sauber,9,17,0.0,19,54,+1 Lap,19
6444,2017_20,stroll,williams,18,18,0.0,15,54,+1 Lap,15
6445,2017_20,sainz,renault,55,19,0.0,12,31,Wheel,12
6446,2017_20,ricciardo,red_bull,3,20,0.0,4,20,Hydraulics,4
6447,2018_1,vettel,ferrari,5,1,25.0,3,58,Finished,3
6448,2018_1,hamilton,mercedes,44,2,18.0,1,58,Finished,1
6449,2018_1,raikkonen,ferrari,7,3,15.0,2,58,Finished,2
6450,2018_1,ricciardo,red_bull,3,4,12.0,8,58,Finished,5
6451,2018_1,alonso,mclaren,14,5,10.0,10,58,Finished,11
6452,2018_1,max_verstappen,red_bull,33,6,8.0,4,58,Finished,4
6453,2018_1,hulkenberg,renault,27,7,6.0,7,58,Finished,8
6454,2018_1,bottas,mercedes,77,8,4.0,15,58,Finished,10
6455,2018_1,vandoorne,mclaren,2,9,2.0,11,58,Finished,12
6456,2018_1,sainz,renault,55,10,1.0,9,58,Finished,9
6457,2018_1,perez,force_india,11,11,0.0,12,58,Finished,13
6458,2018_1,ocon,force_india,31,12,0.0,14,58,Finished,15
6459,2018_1,leclerc,sauber,16,13,0.0,18,58,Finished,18
6460,2018_1,stroll,williams,18,14,0.0,13,58,Finished,14
6461,2018_1,brendon_hartley,toro_rosso,28,15,0.0,16,57,+1 Lap,16
6462,2018_1,grosjean,haas,8,16,0.0,6,24,Wheel,7
6463,2018_1,kevin_magnussen,haas,20,17,0.0,5,22,Wheel,6
6464,2018_1,gasly,toro_rosso,10,18,0.0,20,13,Engine,20
6465,2018_1,ericsson,sauber,9,19,0.0,17,5,Steering,17
6466,2018_1,sirotkin,williams,35,20,0.0,19,4,Brakes,19
6467,2018_2,vettel,ferrari,5,1,25.0,1,57,Finished,1
6468,2018_2,bottas,mercedes,77,2,18.0,3,57,Finished,3
6469,2018_2,hamilton,mercedes,44,3,15.0,9,57,Finished,4
6470,2018_2,gasly,toro_rosso,10,4,12.0,5,57,Finished,6
6471,2018_2,kevin_magnussen,haas,20,5,10.0,6,57,Finished,7
6472,2018_2,hulkenberg,renault,27,6,8.0,7,57,Finished,8
6473,2018_2,alonso,mclaren,14,7,6.0,13,56,+1 Lap,13
6474,2018_2,vandoorne,mclaren,2,8,4.0,14,56,+1 Lap,14
6475,2018_2,ericsson,sauber,9,9,2.0,17,56,+1 Lap,17
6476,2018_2,ocon,force_india,31,10,1.0,8,56,+1 Lap,9
6477,2018_2,sainz,renault,55,11,0.0,10,56,+1 Lap,10
6478,2018_2,leclerc,sauber,16,12,0.0,19,56,+1 Lap,19
6479,2018_2,grosjean,haas,8,13,0.0,16,56,+1 Lap,16
6480,2018_2,stroll,williams,18,14,0.0,20,56,+1 Lap,20
6481,2018_2,sirotkin,williams,35,15,0.0,18,56,+1 Lap,18
6482,2018_2,perez,force_india,11,16,0.0,12,56,+1 Lap,12
6483,2018_2,brendon_hartley,toro_rosso,28,17,0.0,11,56,+1 Lap,11
6484,2018_2,raikkonen,ferrari,7,18,0.0,2,35,Wheel,2
6485,2018_2,max_verstappen,red_bull,33,19,0.0,15,3,Puncture,15
6486,2018_2,ricciardo,red_bull,3,20,0.0,4,1,Electrical,5
6487,2018_3,ricciardo,red_bull,3,1,25.0,6,56,Finished,6
6488,2018_3,bottas,mercedes,77,2,18.0,3,56,Finished,3
6489,2018_3,raikkonen,ferrari,7,3,15.0,2,56,Finished,2
6490,2018_3,hamilton,mercedes,44,4,12.0,4,56,Finished,4
6491,2018_3,max_verstappen,red_bull,33,5,10.0,5,56,Finished,5
6492,2018_3,hulkenberg,renault,27,6,8.0,7,56,Finished,7
6493,2018_3,alonso,mclaren,14,7,6.0,13,56,Finished,13
6494,2018_3,vettel,ferrari,5,8,4.0,1,56,Finished,1
6495,2018_3,sainz,renault,55,9,2.0,9,56,Finished,9
6496,2018_3,kevin_magnussen,haas,20,10,1.0,11,56,Finished,11
6497,2018_3,ocon,force_india,31,11,0.0,12,56,Finished,12
6498,2018_3,perez,force_india,11,12,0.0,8,56,Finished,8
6499,2018_3,vandoorne,mclaren,2,13,0.0,14,56,Finished,14
6500,2018_3,stroll,williams,18,14,0.0,18,56,Finished,18
6501,2018_3,sirotkin,williams,35,15,0.0,16,56,Finished,16
6502,2018_3,ericsson,sauber,9,16,0.0,20,56,Finished,20
6503,2018_3,grosjean,haas,8,17,0.0,10,56,Finished,10
6504,2018_3,gasly,toro_rosso,10,18,0.0,17,56,Finished,17
6505,2018_3,leclerc,sauber,16,19,0.0,19,56,Finished,19
6506,2018_3,brendon_hartley,toro_rosso,28,20,0.0,15,51,Collision damage,15
6507,2018_4,hamilton,mercedes,44,1,25.0,2,51,Finished,2
6508,2018_4,raikkonen,ferrari,7,2,18.0,6,51,Finished,6
6509,2018_4,perez,force_india,11,3,15.0,8,51,Finished,8
6510,2018_4,vettel,ferrari,5,4,12.0,1,51,Finished,1
6511,2018_4,sainz,renault,55,5,10.0,9,51,Finished,10
6512,2018_4,leclerc,sauber,16,6,8.0,13,51,Finished,14
6513,2018_4,alonso,mclaren,14,7,6.0,12,51,Finished,13
6514,2018_4,stroll,williams,18,8,4.0,10,51,Finished,11
6515,2018_4,vandoorne,mclaren,2,9,2.0,16,51,Finished,16
6516,2018_4,brendon_hartley,toro_rosso,28,10,1.0,19,51,Finished,19
6517,2018_4,ericsson,sauber,9,11,0.0,18,51,Finished,18
6518,2018_4,gasly,toro_rosso,10,12,0.0,17,51,Finished,17
6519,2018_4,kevin_magnussen,haas,20,13,0.0,15,51,Finished,15
6520,2018_4,bottas,mercedes,77,14,0.0,3,48,Puncture,3
6521,2018_4,grosjean,haas,8,15,0.0,20,42,Accident,20
6522,2018_4,max_verstappen,red_bull,33,16,0.0,5,39,Collision,5
6523,2018_4,ricciardo,red_bull,3,17,0.0,4,39,Collision,4
6524,2018_4,hulkenberg,renault,27,18,0.0,14,10,Accident,9
6525,2018_4,ocon,force_india,31,19,0.0,7,0,Collision,7
6526,2018_4,sirotkin,williams,35,20,0.0,11,0,Collision,12
6527,2018_5,hamilton,mercedes,44,1,25.0,1,66,Finished,1
6528,2018_5,bottas,mercedes,77,2,18.0,2,66,Finished,2
6529,2018_5,max_verstappen,red_bull,33,3,15.0,5,66,Finished,5
6530,2018_5,vettel,ferrari,5,4,12.0,3,66,Finished,3
6531,2018_5,ricciardo,red_bull,3,5,10.0,6,66,Finished,6
6532,2018_5,kevin_magnussen,haas,20,6,8.0,7,65,+1 Lap,7
6533,2018_5,sainz,renault,55,7,6.0,9,65,+1 Lap,9
6534,2018_5,alonso,mclaren,14,8,4.0,8,65,+1 Lap,8
6535,2018_5,perez,force_india,11,9,2.0,15,64,+2 Laps,15
6536,2018_5,leclerc,sauber,16,10,1.0,14,64,+2 Laps,14
6537,2018_5,stroll,williams,18,11,0.0,18,64,+2 Laps,19
6538,2018_5,brendon_hartley,toro_rosso,28,12,0.0,20,64,+2 Laps,20
6539,2018_5,ericsson,sauber,9,13,0.0,17,64,+2 Laps,17
6540,2018_5,sirotkin,williams,35,14,0.0,19,63,+3 Laps,18
6541,2018_5,vandoorne,mclaren,2,15,0.0,11,45,Gearbox,11
6542,2018_5,ocon,force_india,31,16,0.0,13,38,Oil leak,13
6543,2018_5,raikkonen,ferrari,7,17,0.0,4,25,Turbo,4
6544,2018_5,grosjean,haas,8,18,0.0,10,0,Collision,10
6545,2018_5,gasly,toro_rosso,10,19,0.0,12,0,Collision,12
6546,2018_5,hulkenberg,renault,27,20,0.0,16,0,Collision,16
6547,2018_6,ricciardo,red_bull,3,1,25.0,1,78,Finished,1
6548,2018_6,vettel,ferrari,5,2,18.0,2,78,Finished,2
6549,2018_6,hamilton,mercedes,44,3,15.0,3,78,Finished,3
6550,2018_6,raikkonen,ferrari,7,4,12.0,4,78,Finished,4
6551,2018_6,bottas,mercedes,77,5,10.0,5,78,Finished,5
6552,2018_6,ocon,force_india,31,6,8.0,6,78,Finished,6
6553,2018_6,gasly,toro_rosso,10,7,6.0,10,78,Finished,10
6554,2018_6,hulkenberg,renault,27,8,4.0,11,78,Finished,11
6555,2018_6,max_verstappen,red_bull,33,9,2.0,20,78,Finished,20
6556,2018_6,sainz,renault,55,10,1.0,8,78,Finished,8
6557,2018_6,ericsson,sauber,9,11,0.0,16,78,Finished,17
6558,2018_6,perez,force_india,11,12,0.0,9,78,Finished,9
6559,2018_6,kevin_magnussen,haas,20,13,0.0,19,78,Finished,19
6560,2018_6,vandoorne,mclaren,2,14,0.0,12,77,+1 Lap,12
6561,2018_6,grosjean,haas,8,15,0.0,18,77,+1 Lap,15
6562,2018_6,sirotkin,williams,35,16,0.0,13,77,+1 Lap,13
6563,2018_6,stroll,williams,18,17,0.0,17,76,+2 Laps,18
6564,2018_6,leclerc,sauber,16,18,0.0,14,70,Collision,14
6565,2018_6,brendon_hartley,toro_rosso,28,19,0.0,15,70,Collision,16
6566,2018_6,alonso,mclaren,14,20,0.0,7,52,Gearbox,7
6567,2018_7,vettel,ferrari,5,1,25.0,1,68,Finished,1
6568,2018_7,bottas,mercedes,77,2,18.0,2,68,Finished,2
6569,2018_7,max_verstappen,red_bull,33,3,15.0,3,68,Finished,3
6570,2018_7,ricciardo,red_bull,3,4,12.0,6,68,Finished,6
6571,2018_7,hamilton,mercedes,44,5,10.0,4,68,Finished,4
6572,2018_7,raikkonen,ferrari,7,6,8.0,5,68,Finished,5
6573,2018_7,hulkenberg,renault,27,7,6.0,7,67,+1 Lap,7
6574,2018_7,sainz,renault,55,8,4.0,9,67,+1 Lap,9
6575,2018_7,ocon,force_india,31,9,2.0,8,67,+1 Lap,8
6576,2018_7,leclerc,sauber,16,10,1.0,13,67,+1 Lap,13
6577,2018_7,gasly,toro_rosso,10,11,0.0,16,67,+1 Lap,16
6578,2018_7,grosjean,haas,8,12,0.0,20,67,+1 Lap,20
6579,2018_7,kevin_magnussen,haas,20,13,0.0,11,67,+1 Lap,11
6580,2018_7,perez,force_india,11,14,0.0,10,67,+1 Lap,10
6581,2018_7,ericsson,sauber,9,15,0.0,19,66,+2 Laps,19
6582,2018_7,vandoorne,mclaren,2,16,0.0,15,66,+2 Laps,15
6583,2018_7,sirotkin,williams,35,17,0.0,18,66,+2 Laps,18
6584,2018_7,alonso,mclaren,14,18,0.0,14,40,Exhaust,14
6585,2018_7,brendon_hartley,toro_rosso,28,19,0.0,12,0,Collision,12
6586,2018_7,stroll,williams,18,20,0.0,17,0,Collision,17
6587,2018_8,hamilton,mercedes,44,1,25.0,1,53,Finished,1
6588,2018_8,max_verstappen,red_bull,33,2,18.0,4,53,Finished,4
6589,2018_8,raikkonen,ferrari,7,3,15.0,6,53,Finished,6
6590,2018_8,ricciardo,red_bull,3,4,12.0,5,53,Finished,5
6591,2018_8,vettel,ferrari,5,5,10.0,3,53,Finished,3
6592,2018_8,kevin_magnussen,haas,20,6,8.0,9,53,Finished,9
6593,2018_8,bottas,mercedes,77,7,6.0,2,53,Finished,2
6594,2018_8,sainz,renault,55,8,4.0,7,53,Finished,7
6595,2018_8,hulkenberg,renault,27,9,2.0,12,53,Finished,12
6596,2018_8,leclerc,sauber,16,10,1.0,8,53,Finished,8
6597,2018_8,grosjean,haas,8,11,0.0,10,52,+1 Lap,10
6598,2018_8,vandoorne,mclaren,2,12,0.0,17,52,+1 Lap,18
6599,2018_8,ericsson,sauber,9,13,0.0,15,52,+1 Lap,15
6600,2018_8,brendon_hartley,toro_rosso,28,14,0.0,20,52,+1 Lap,17
6601,2018_8,sirotkin,williams,35,15,0.0,18,52,+1 Lap,19
6602,2018_8,alonso,mclaren,14,16,0.0,16,50,Wheel,16
6603,2018_8,stroll,williams,18,17,0.0,19,48,Puncture,20
6604,2018_8,perez,force_india,11,18,0.0,13,27,Engine,13
6605,2018_8,ocon,force_india,31,19,0.0,11,0,Collision,11
6606,2018_8,gasly,toro_rosso,10,20,0.0,14,0,Collision,14
6607,2018_9,max_verstappen,red_bull,33,1,25.0,4,71,Finished,5
6608,2018_9,raikkonen,ferrari,7,2,18.0,3,71,Finished,4
6609,2018_9,vettel,ferrari,5,3,15.0,6,71,Finished,3
6610,2018_9,grosjean,haas,8,4,12.0,5,70,+1 Lap,6
6611,2018_9,kevin_magnussen,haas,20,5,10.0,8,70,+1 Lap,8
6612,2018_9,ocon,force_india,31,6,8.0,11,70,+1 Lap,11
6613,2018_9,perez,force_india,11,7,6.0,16,70,+1 Lap,17
6614,2018_9,alonso,mclaren,14,8,4.0,13,70,+1 Lap,14
6615,2018_9,leclerc,sauber,16,9,2.0,18,70,+1 Lap,13
6616,2018_9,ericsson,sauber,9,10,1.0,20,70,+1 Lap,20
6617,2018_9,gasly,toro_rosso,10,11,0.0,12,70,+1 Lap,12
6618,2018_9,sainz,renault,55,12,0.0,9,70,+1 Lap,9
6619,2018_9,sirotkin,williams,35,13,0.0,17,69,+2 Laps,18
6620,2018_9,stroll,williams,18,14,0.0,14,69,+2 Laps,15
6621,2018_9,vandoorne,mclaren,2,15,0.0,15,65,Collision damage,16
6622,2018_9,hamilton,mercedes,44,16,0.0,2,62,Fuel pressure,2
6623,2018_9,brendon_hartley,toro_rosso,28,17,0.0,19,54,Hydraulics,19
6624,2018_9,ricciardo,red_bull,3,18,0.0,7,53,Exhaust,7
6625,2018_9,bottas,mercedes,77,19,0.0,1,13,Hydraulics,1
6626,2018_9,hulkenberg,renault,27,20,0.0,10,11,Engine,10
6627,2018_10,vettel,ferrari,5,1,25.0,2,52,Finished,2
6628,2018_10,hamilton,mercedes,44,2,18.0,1,52,Finished,1
6629,2018_10,raikkonen,ferrari,7,3,15.0,3,52,Finished,3
6630,2018_10,bottas,mercedes,77,4,12.0,4,52,Finished,4
6631,2018_10,ricciardo,red_bull,3,5,10.0,6,52,Finished,6
6632,2018_10,hulkenberg,renault,27,6,8.0,11,52,Finished,11
6633,2018_10,ocon,force_india,31,7,6.0,10,52,Finished,10
6634,2018_10,alonso,mclaren,14,8,4.0,13,52,Finished,13
6635,2018_10,kevin_magnussen,haas,20,9,2.0,7,52,Finished,7
6636,2018_10,perez,force_india,11,10,1.0,12,52,Finished,12
6637,2018_10,vandoorne,mclaren,2,11,0.0,17,52,Finished,17
6638,2018_10,stroll,williams,18,12,0.0,19,52,Finished,19
6639,2018_10,gasly,toro_rosso,10,13,0.0,14,52,Finished,14
6640,2018_10,sirotkin,williams,35,14,0.0,18,52,Finished,18
6641,2018_10,max_verstappen,red_bull,33,15,0.0,5,46,Brakes,5
6642,2018_10,grosjean,haas,8,16,0.0,8,37,Collision,8
6643,2018_10,sainz,renault,55,17,0.0,16,37,Collision,16
6644,2018_10,ericsson,sauber,9,18,0.0,15,31,Accident,15
6645,2018_10,leclerc,sauber,16,19,0.0,9,18,Tyre,9
6646,2018_10,brendon_hartley,toro_rosso,28,20,0.0,0,1,Power Unit,20
6647,2018_11,hamilton,mercedes,44,1,25.0,14,67,Finished,14
6648,2018_11,bottas,mercedes,77,2,18.0,2,67,Finished,2
6649,2018_11,raikkonen,ferrari,7,3,15.0,3,67,Finished,3
6650,2018_11,max_verstappen,red_bull,33,4,12.0,4,67,Finished,4
6651,2018_11,hulkenberg,renault,27,5,10.0,7,67,Finished,7
6652,2018_11,grosjean,haas,8,6,8.0,6,67,Finished,6
6653,2018_11,perez,force_india,11,7,6.0,10,67,Finished,10
6654,2018_11,ocon,force_india,31,8,4.0,15,67,Finished,16
6655,2018_11,ericsson,sauber,9,9,2.0,13,67,Finished,13
6656,2018_11,brendon_hartley,toro_rosso,28,10,1.0,17,67,Finished,18
6657,2018_11,kevin_magnussen,haas,20,11,0.0,5,67,Finished,5
6658,2018_11,sainz,renault,55,12,0.0,8,67,Finished,8
6659,2018_11,vandoorne,mclaren,2,13,0.0,19,67,Finished,20
6660,2018_11,gasly,toro_rosso,10,14,0.0,16,66,+1 Lap,17
6661,2018_11,leclerc,sauber,16,15,0.0,9,66,+1 Lap,9
6662,2018_11,alonso,mclaren,14,16,0.0,11,65,Retired,11
6663,2018_11,stroll,williams,18,17,0.0,18,53,Engine,19
6664,2018_11,vettel,ferrari,5,18,0.0,1,51,Accident,1
6665,2018_11,sirotkin,williams,35,19,0.0,12,51,Engine,12
6666,2018_11,ricciardo,red_bull,3,20,0.0,20,27,Engine,15
6667,2018_12,hamilton,mercedes,44,1,25.0,1,70,Finished,1
6668,2018_12,vettel,ferrari,5,2,18.0,4,70,Finished,4
6669,2018_12,raikkonen,ferrari,7,3,15.0,3,70,Finished,3
6670,2018_12,ricciardo,red_bull,3,4,12.0,12,70,Finished,12
6671,2018_12,bottas,mercedes,77,5,10.0,2,70,Finished,2
6672,2018_12,gasly,toro_rosso,10,6,8.0,6,70,Finished,6
6673,2018_12,kevin_magnussen,haas,20,7,6.0,9,69,+1 Lap,9
6674,2018_12,alonso,mclaren,14,8,4.0,11,69,+1 Lap,11
6675,2018_12,sainz,renault,55,9,2.0,5,69,+1 Lap,5
6676,2018_12,grosjean,haas,8,10,1.0,10,69,+1 Lap,10
6677,2018_12,brendon_hartley,toro_rosso,28,11,0.0,8,69,+1 Lap,8
6678,2018_12,hulkenberg,renault,27,12,0.0,13,69,+1 Lap,13
6679,2018_12,ocon,force_india,31,13,0.0,18,69,+1 Lap,18
6680,2018_12,perez,force_india,11,14,0.0,19,69,+1 Lap,19
6681,2018_12,ericsson,sauber,9,15,0.0,14,68,+2 Laps,14
6682,2018_12,sirotkin,williams,35,16,0.0,20,68,+2 Laps,20
6683,2018_12,stroll,williams,18,17,0.0,15,68,+2 Laps,15
6684,2018_12,vandoorne,mclaren,2,18,0.0,16,49,Gearbox,16
6685,2018_12,max_verstappen,red_bull,33,19,0.0,7,5,Power loss,7
6686,2018_12,leclerc,sauber,16,20,0.0,17,0,Suspension,17
6687,2018_13,vettel,ferrari,5,1,25.0,2,44,Finished,2
6688,2018_13,hamilton,mercedes,44,2,18.0,1,44,Finished,1
6689,2018_13,max_verstappen,red_bull,33,3,15.0,7,44,Finished,7
6690,2018_13,bottas,mercedes,77,4,12.0,19,44,Finished,10
6691,2018_13,perez,force_india,11,5,10.0,4,44,Finished,4
6692,2018_13,ocon,force_india,31,6,8.0,3,44,Finished,3
6693,2018_13,grosjean,haas,8,7,6.0,5,44,Finished,5
6694,2018_13,kevin_magnussen,haas,20,8,4.0,9,44,Finished,9
6695,2018_13,gasly,toro_rosso,10,9,2.0,10,44,Finished,11
6696,2018_13,ericsson,sauber,9,10,1.0,13,43,+1 Lap,14
6697,2018_13,sainz,renault,55,11,0.0,14,43,+1 Lap,16
6698,2018_13,sirotkin,williams,35,12,0.0,16,43,+1 Lap,18
6699,2018_13,stroll,williams,18,13,0.0,17,43,+1 Lap,19
6700,2018_13,brendon_hartley,toro_rosso,28,14,0.0,11,43,+1 Lap,12
6701,2018_13,vandoorne,mclaren,2,15,0.0,18,43,+1 Lap,20
6702,2018_13,ricciardo,red_bull,3,16,0.0,8,28,Retired,8
6703,2018_13,raikkonen,ferrari,7,17,0.0,6,8,Brakes,6
6704,2018_13,leclerc,sauber,16,18,0.0,12,0,Accident,13
6705,2018_13,alonso,mclaren,14,19,0.0,15,0,Accident,17
6706,2018_13,hulkenberg,renault,27,20,0.0,20,0,Accident,15
6707,2018_14,hamilton,mercedes,44,1,25.0,3,53,Finished,3
6708,2018_14,raikkonen,ferrari,7,2,18.0,1,53,Finished,1
6709,2018_14,bottas,mercedes,77,3,15.0,4,53,Finished,4
6710,2018_14,vettel,ferrari,5,4,12.0,2,53,Finished,2
6711,2018_14,max_verstappen,red_bull,33,5,10.0,5,53,Finished,5
6712,2018_14,ocon,force_india,31,6,8.0,8,53,Finished,8
6713,2018_14,perez,force_india,11,7,6.0,14,53,Finished,16
6714,2018_14,sainz,renault,55,8,4.0,7,53,Finished,7
6715,2018_14,stroll,williams,18,9,2.0,10,52,+1 Lap,10
6716,2018_14,sirotkin,williams,35,10,1.0,12,52,+1 Lap,12
6717,2018_14,leclerc,sauber,16,11,0.0,15,52,+1 Lap,17
6718,2018_14,vandoorne,mclaren,2,12,0.0,17,52,+1 Lap,20
6719,2018_14,hulkenberg,renault,27,13,0.0,20,52,+1 Lap,14
6720,2018_14,gasly,toro_rosso,10,14,0.0,9,52,+1 Lap,9
6721,2018_14,ericsson,sauber,9,15,0.0,18,52,+1 Lap,19
6722,2018_14,kevin_magnussen,haas,20,16,0.0,11,52,+1 Lap,11
6723,2018_14,ricciardo,red_bull,3,17,0.0,19,23,Engine,15
6724,2018_14,alonso,mclaren,14,18,0.0,13,9,Engine,13
6725,2018_14,brendon_hartley,toro_rosso,28,19,0.0,16,0,Brakes,18
6726,2018_14,grosjean,haas,8,20,0.0,6,53,Disqualified,6
6727,2018_15,hamilton,mercedes,44,1,25.0,1,61,Finished,1
6728,2018_15,max_verstappen,red_bull,33,2,18.0,2,61,Finished,2
6729,2018_15,vettel,ferrari,5,3,15.0,3,61,Finished,3
6730,2018_15,bottas,mercedes,77,4,12.0,4,61,Finished,4
6731,2018_15,raikkonen,ferrari,7,5,10.0,5,61,Finished,5
6732,2018_15,ricciardo,red_bull,3,6,8.0,6,61,Finished,6
6733,2018_15,alonso,mclaren,14,7,6.0,11,61,Finished,11
6734,2018_15,sainz,renault,55,8,4.0,12,60,+1 Lap,12
6735,2018_15,leclerc,sauber,16,9,2.0,13,60,+1 Lap,13
6736,2018_15,hulkenberg,renault,27,10,1.0,10,60,+1 Lap,10
6737,2018_15,ericsson,sauber,9,11,0.0,14,60,+1 Lap,14
6738,2018_15,vandoorne,mclaren,2,12,0.0,18,60,+1 Lap,18
6739,2018_15,gasly,toro_rosso,10,13,0.0,15,60,+1 Lap,15
6740,2018_15,stroll,williams,18,14,0.0,20,60,+1 Lap,20
6741,2018_15,grosjean,haas,8,15,0.0,8,60,+1 Lap,8
6742,2018_15,perez,force_india,11,16,0.0,7,60,+1 Lap,7
6743,2018_15,brendon_hartley,toro_rosso,28,17,0.0,17,60,+1 Lap,17
6744,2018_15,kevin_magnussen,haas,20,18,0.0,16,59,+2 Laps,16
6745,2018_15,sirotkin,williams,35,19,0.0,19,59,+2 Laps,19
6746,2018_15,ocon,force_india,31,20,0.0,9,0,Collision,9
6747,2018_16,hamilton,mercedes,44,1,25.0,2,53,Finished,2
6748,2018_16,bottas,mercedes,77,2,18.0,1,53,Finished,1
6749,2018_16,vettel,ferrari,5,3,15.0,3,53,Finished,3
6750,2018_16,raikkonen,ferrari,7,4,12.0,4,53,Finished,4
6751,2018_16,max_verstappen,red_bull,33,5,10.0,19,53,Finished,11
6752,2018_16,ricciardo,red_bull,3,6,8.0,18,53,Finished,12
6753,2018_16,leclerc,sauber,16,7,6.0,7,53,Finished,7
6754,2018_16,kevin_magnussen,haas,20,8,4.0,5,52,+1 Lap,5
6755,2018_16,ocon,force_india,31,9,2.0,6,52,+1 Lap,6
6756,2018_16,perez,force_india,11,10,1.0,8,52,+1 Lap,8
6757,2018_16,grosjean,haas,8,11,0.0,9,52,+1 Lap,9
6758,2018_16,hulkenberg,renault,27,12,0.0,12,52,+1 Lap,15
6759,2018_16,ericsson,sauber,9,13,0.0,10,52,+1 Lap,10
6760,2018_16,alonso,mclaren,14,14,0.0,16,52,+1 Lap,17
6761,2018_16,stroll,williams,18,15,0.0,14,52,+1 Lap,20
6762,2018_16,vandoorne,mclaren,2,16,0.0,15,51,+2 Laps,19
6763,2018_16,sainz,renault,55,17,0.0,11,51,+2 Laps,14
6764,2018_16,sirotkin,williams,35,18,0.0,13,51,+2 Laps,18
6765,2018_16,gasly,toro_rosso,10,19,0.0,17,4,Brakes,13
6766,2018_16,brendon_hartley,toro_rosso,28,20,0.0,20,4,Brakes,16
6767,2018_17,hamilton,mercedes,44,1,25.0,1,53,Finished,1
6768,2018_17,bottas,mercedes,77,2,18.0,2,53,Finished,2
6769,2018_17,max_verstappen,red_bull,33,3,15.0,3,53,Finished,3
6770,2018_17,ricciardo,red_bull,3,4,12.0,15,53,Finished,15
6771,2018_17,raikkonen,ferrari,7,5,10.0,4,53,Finished,4
6772,2018_17,vettel,ferrari,5,6,8.0,8,53,Finished,9
6773,2018_17,perez,force_india,11,7,6.0,9,53,Finished,10
6774,2018_17,grosjean,haas,8,8,4.0,5,53,Finished,5
6775,2018_17,ocon,force_india,31,9,2.0,11,53,Finished,8
6776,2018_17,sainz,renault,55,10,1.0,13,52,+1 Lap,13
6777,2018_17,gasly,toro_rosso,10,11,0.0,7,52,+1 Lap,7
6778,2018_17,ericsson,sauber,9,12,0.0,20,52,+1 Lap,20
6779,2018_17,brendon_hartley,toro_rosso,28,13,0.0,6,52,+1 Lap,6
6780,2018_17,alonso,mclaren,14,14,0.0,18,52,+1 Lap,18
6781,2018_17,vandoorne,mclaren,2,15,0.0,19,52,+1 Lap,19
6782,2018_17,sirotkin,williams,35,16,0.0,17,52,+1 Lap,17
6783,2018_17,stroll,williams,18,17,0.0,14,52,+1 Lap,14
6784,2018_17,leclerc,sauber,16,18,0.0,10,38,Mechanical,11
6785,2018_17,hulkenberg,renault,27,19,0.0,16,37,Engine,16
6786,2018_17,kevin_magnussen,haas,20,20,0.0,12,8,Collision damage,12
6787,2018_18,raikkonen,ferrari,7,1,25.0,2,56,Finished,3
6788,2018_18,max_verstappen,red_bull,33,2,18.0,18,56,Finished,15
6789,2018_18,hamilton,mercedes,44,3,15.0,1,56,Finished,1
6790,2018_18,vettel,ferrari,5,4,12.0,5,56,Finished,2
6791,2018_18,bottas,mercedes,77,5,10.0,3,56,Finished,4
6792,2018_18,hulkenberg,renault,27,6,8.0,7,56,Finished,7
6793,2018_18,sainz,renault,55,7,6.0,11,56,Finished,11
6794,2018_18,perez,force_india,11,8,4.0,10,56,Finished,10
6795,2018_18,brendon_hartley,toro_rosso,28,9,2.0,20,55,+1 Lap,14
6796,2018_18,ericsson,sauber,9,10,1.0,16,55,+1 Lap,19
6797,2018_18,vandoorne,mclaren,2,11,0.0,17,55,+1 Lap,20
6798,2018_18,gasly,toro_rosso,10,12,0.0,19,55,+1 Lap,13
6799,2018_18,sirotkin,williams,35,13,0.0,14,55,+1 Lap,17
6800,2018_18,stroll,williams,18,14,0.0,15,54,+2 Laps,18
6801,2018_18,leclerc,sauber,16,15,0.0,9,31,Collision damage,9
6802,2018_18,ricciardo,red_bull,3,16,0.0,4,8,Battery,5
6803,2018_18,grosjean,haas,8,17,0.0,8,2,Collision damage,8
6804,2018_18,alonso,mclaren,14,18,0.0,13,1,Collision,16
6805,2018_18,ocon,force_india,31,19,0.0,6,56,Disqualified,6
6806,2018_18,kevin_magnussen,haas,20,20,0.0,12,56,Disqualified,12
6807,2018_19,max_verstappen,red_bull,33,1,25.0,2,71,Finished,2
6808,2018_19,vettel,ferrari,5,2,18.0,4,71,Finished,4
6809,2018_19,raikkonen,ferrari,7,3,15.0,6,71,Finished,6
6810,2018_19,hamilton,mercedes,44,4,12.0,3,71,Finished,3
6811,2018_19,bottas,mercedes,77,5,10.0,5,70,+1 Lap,5
6812,2018_19,hulkenberg,renault,27,6,8.0,7,69,+2 Laps,7
6813,2018_19,leclerc,sauber,16,7,6.0,9,69,+2 Laps,9
6814,2018_19,vandoorne,mclaren,2,8,4.0,15,69,+2 Laps,17
6815,2018_19,ericsson,sauber,9,9,2.0,10,69,+2 Laps,10
6816,2018_19,gasly,toro_rosso,10,10,1.0,20,69,+2 Laps,15
6817,2018_19,ocon,force_india,31,11,0.0,11,69,+2 Laps,11
6818,2018_19,stroll,williams,18,12,0.0,17,69,+2 Laps,19
6819,2018_19,sirotkin,williams,35,13,0.0,19,69,+2 Laps,20
6820,2018_19,brendon_hartley,toro_rosso,28,14,0.0,14,69,+2 Laps,14
6821,2018_19,kevin_magnussen,haas,20,15,0.0,16,69,+2 Laps,18
6822,2018_19,grosjean,haas,8,16,0.0,18,68,+3 Laps,16
6823,2018_19,ricciardo,red_bull,3,17,0.0,1,61,Engine,1
6824,2018_19,perez,force_india,11,18,0.0,13,38,Brakes,13
6825,2018_19,sainz,renault,55,19,0.0,8,28,Suspension,8
6826,2018_19,alonso,mclaren,14,20,0.0,12,3,Engine,12
6827,2018_20,hamilton,mercedes,44,1,25.0,1,71,Finished,1
6828,2018_20,max_verstappen,red_bull,33,2,18.0,5,71,Finished,5
6829,2018_20,raikkonen,ferrari,7,3,15.0,4,71,Finished,4
6830,2018_20,ricciardo,red_bull,3,4,12.0,11,71,Finished,6
6831,2018_20,bottas,mercedes,77,5,10.0,3,71,Finished,3
6832,2018_20,vettel,ferrari,5,6,8.0,2,71,Finished,2
6833,2018_20,leclerc,sauber,16,7,6.0,7,71,Finished,8
6834,2018_20,grosjean,haas,8,8,4.0,8,71,Finished,9
6835,2018_20,kevin_magnussen,haas,20,9,2.0,10,71,Finished,11
6836,2018_20,perez,force_india,11,10,1.0,12,70,+1 Lap,12
6837,2018_20,brendon_hartley,toro_rosso,28,11,0.0,16,70,+1 Lap,17
6838,2018_20,sainz,renault,55,12,0.0,15,70,+1 Lap,16
6839,2018_20,gasly,toro_rosso,10,13,0.0,9,70,+1 Lap,10
6840,2018_20,vandoorne,mclaren,2,14,0.0,20,70,+1 Lap,20
6841,2018_20,ocon,force_india,31,15,0.0,18,70,+1 Lap,13
6842,2018_20,sirotkin,williams,35,16,0.0,14,69,+2 Laps,15
6843,2018_20,alonso,mclaren,14,17,0.0,17,69,+2 Laps,18
6844,2018_20,stroll,williams,18,18,0.0,19,69,+2 Laps,19
6845,2018_20,hulkenberg,renault,27,19,0.0,13,32,Overheating,14
6846,2018_20,ericsson,sauber,9,20,0.0,6,20,Collision,7
6847,2018_21,hamilton,mercedes,44,1,25.0,1,55,Finished,1
6848,2018_21,vettel,ferrari,5,2,18.0,3,55,Finished,3
6849,2018_21,max_verstappen,red_bull,33,3,15.0,6,55,Finished,6
6850,2018_21,ricciardo,red_bull,3,4,12.0,5,55,Finished,5
6851,2018_21,bottas,mercedes,77,5,10.0,2,55,Finished,2
6852,2018_21,sainz,renault,55,6,8.0,11,55,Finished,11
6853,2018_21,leclerc,sauber,16,7,6.0,8,55,Finished,8
6854,2018_21,perez,force_india,11,8,4.0,14,55,Finished,14
6855,2018_21,grosjean,haas,8,9,2.0,7,54,+1 Lap,7
6856,2018_21,kevin_magnussen,haas,20,10,1.0,13,54,+1 Lap,13
6857,2018_21,alonso,mclaren,14,11,0.0,15,54,+1 Lap,15
6858,2018_21,brendon_hartley,toro_rosso,28,12,0.0,16,54,+1 Lap,16
6859,2018_21,stroll,williams,18,13,0.0,20,54,+1 Lap,20
6860,2018_21,vandoorne,mclaren,2,14,0.0,18,54,+1 Lap,18
6861,2018_21,sirotkin,williams,35,15,0.0,19,54,+1 Lap,19
6862,2018_21,gasly,toro_rosso,10,16,0.0,17,46,Engine,17
6863,2018_21,ocon,force_india,31,17,0.0,9,44,Engine,9
6864,2018_21,ericsson,sauber,9,18,0.0,12,24,Power loss,12
6865,2018_21,raikkonen,ferrari,7,19,0.0,4,6,Power loss,4
6866,2018_21,hulkenberg,renault,27,20,0.0,10,0,Collision,10
6867,2019_1,bottas,mercedes,77,1,26.0,2,58,Finished,2
6868,2019_1,hamilton,mercedes,44,2,18.0,1,58,Finished,1
6869,2019_1,max_verstappen,red_bull,33,3,15.0,4,58,Finished,4
6870,2019_1,vettel,ferrari,5,4,12.0,3,58,Finished,3
6871,2019_1,leclerc,ferrari,16,5,10.0,5,58,Finished,5
6872,2019_1,kevin_magnussen,haas,20,6,8.0,7,58,Finished,7
6873,2019_1,hulkenberg,renault,27,7,6.0,11,57,+1 Lap,11
6874,2019_1,raikkonen,alfa,7,8,4.0,9,57,+1 Lap,9
6875,2019_1,stroll,racing_point,18,9,2.0,16,57,+1 Lap,16
6876,2019_1,kvyat,toro_rosso,26,10,1.0,15,57,+1 Lap,15
6877,2019_1,gasly,red_bull,10,11,0.0,17,57,+1 Lap,17
6878,2019_1,norris,mclaren,4,12,0.0,8,57,+1 Lap,8
6879,2019_1,perez,racing_point,11,13,0.0,10,57,+1 Lap,10
6880,2019_1,albon,toro_rosso,23,14,0.0,13,57,+1 Lap,13
6881,2019_1,giovinazzi,alfa,99,15,0.0,14,57,+1 Lap,14
6882,2019_1,russell,williams,63,16,0.0,19,56,+2 Laps,19
6883,2019_1,kubica,williams,88,17,0.0,20,55,+3 Laps,20
6884,2019_1,grosjean,haas,8,18,0.0,6,29,Wheel,6
6885,2019_1,ricciardo,renault,3,19,0.0,12,28,Damage,12
6886,2019_1,sainz,mclaren,55,20,0.0,18,9,Engine,18
6887,2019_2,hamilton,mercedes,44,1,25.0,3,57,Finished,3
6888,2019_2,bottas,mercedes,77,2,18.0,4,57,Finished,4
6889,2019_2,leclerc,ferrari,16,3,16.0,1,57,Finished,1
6890,2019_2,max_verstappen,red_bull,33,4,12.0,5,57,Finished,5
6891,2019_2,vettel,ferrari,5,5,10.0,2,57,Finished,2
6892,2019_2,norris,mclaren,4,6,8.0,9,57,Finished,10
6893,2019_2,raikkonen,alfa,7,7,6.0,8,57,Finished,9
6894,2019_2,gasly,red_bull,10,8,4.0,13,57,Finished,13
6895,2019_2,albon,toro_rosso,23,9,2.0,12,57,Finished,12
6896,2019_2,perez,racing_point,11,10,1.0,14,57,Finished,14
6897,2019_2,giovinazzi,alfa,99,11,0.0,16,57,Finished,16
6898,2019_2,kvyat,toro_rosso,26,12,0.0,15,56,+1 Lap,15
6899,2019_2,kevin_magnussen,haas,20,13,0.0,6,56,+1 Lap,6
6900,2019_2,stroll,racing_point,18,14,0.0,18,56,+1 Lap,18
6901,2019_2,russell,williams,63,15,0.0,19,56,+1 Lap,19
6902,2019_2,kubica,williams,88,16,0.0,20,55,+2 Laps,20
6903,2019_2,hulkenberg,renault,27,17,0.0,17,53,Engine,17
6904,2019_2,ricciardo,renault,3,18,0.0,10,53,Out of fuel,11
6905,2019_2,sainz,mclaren,55,19,0.0,7,53,Collision damage,7
6906,2019_2,grosjean,haas,8,20,0.0,11,16,Retired,8
6907,2019_3,hamilton,mercedes,44,1,25.0,2,56,Finished,2
6908,2019_3,bottas,mercedes,77,2,18.0,1,56,Finished,1
6909,2019_3,vettel,ferrari,5,3,15.0,3,56,Finished,3
6910,2019_3,max_verstappen,red_bull,33,4,12.0,5,56,Finished,5
6911,2019_3,leclerc,ferrari,16,5,10.0,4,56,Finished,4
6912,2019_3,gasly,red_bull,10,6,9.0,6,56,Finished,6
6913,2019_3,ricciardo,renault,3,7,6.0,7,55,+1 Lap,7
6914,2019_3,perez,racing_point,11,8,4.0,12,55,+1 Lap,12
6915,2019_3,raikkonen,alfa,7,9,2.0,13,55,+1 Lap,13
6916,2019_3,albon,toro_rosso,23,10,1.0,0,55,+1 Lap,
6917,2019_3,grosjean,haas,8,11,0.0,10,55,+1 Lap,10
6918,2019_3,stroll,racing_point,18,12,0.0,16,55,+1 Lap,16
6919,2019_3,kevin_magnussen,haas,20,13,0.0,9,55,+1 Lap,9
6920,2019_3,sainz,mclaren,55,14,0.0,14,55,+1 Lap,14
6921,2019_3,giovinazzi,alfa,99,15,0.0,19,55,+1 Lap,
6922,2019_3,russell,williams,63,16,0.0,17,54,+2 Laps,17
6923,2019_3,kubica,williams,88,17,0.0,18,54,+2 Laps,18
6924,2019_3,norris,mclaren,4,18,0.0,15,50,Collision,15
6925,2019_3,kvyat,toro_rosso,26,19,0.0,11,41,Collision,11
6926,2019_3,hulkenberg,renault,27,20,0.0,8,16,Power Unit,8
6927,2019_4,bottas,mercedes,77,1,25.0,1,51,Finished,1
6928,2019_4,hamilton,mercedes,44,2,18.0,2,51,Finished,2
6929,2019_4,vettel,ferrari,5,3,15.0,3,51,Finished,3
6930,2019_4,max_verstappen,red_bull,33,4,12.0,4,51,Finished,4
6931,2019_4,leclerc,ferrari,16,5,11.0,8,51,Finished,9
6932,2019_4,perez,racing_point,11,6,8.0,5,51,Finished,5
6933,2019_4,sainz,mclaren,55,7,6.0,9,51,Finished,10
6934,2019_4,norris,mclaren,4,8,4.0,7,51,Finished,7
6935,2019_4,stroll,racing_point,18,9,2.0,13,51,Finished,14
6936,2019_4,raikkonen,alfa,7,10,1.0,0,50,+1 Lap,19
6937,2019_4,albon,toro_rosso,23,11,0.0,11,50,+1 Lap,12
6938,2019_4,giovinazzi,alfa,99,12,0.0,17,50,+1 Lap,8
6939,2019_4,kevin_magnussen,haas,20,13,0.0,12,50,+1 Lap,13
6940,2019_4,hulkenberg,renault,27,14,0.0,15,50,+1 Lap,16
6941,2019_4,russell,williams,63,15,0.0,16,49,+2 Laps,17
6942,2019_4,kubica,williams,88,16,0.0,0,49,+2 Laps,18
6943,2019_4,gasly,red_bull,10,17,0.0,0,38,Transmission,20
6944,2019_4,grosjean,haas,8,18,0.0,14,38,Brakes,15
6945,2019_4,kvyat,toro_rosso,26,19,0.0,6,33,Collision,6
6946,2019_4,ricciardo,renault,3,20,0.0,10,31,Collision,11
6947,2019_5,hamilton,mercedes,44,1,26.0,2,66,Finished,2
6948,2019_5,bottas,mercedes,77,2,18.0,1,66,Finished,1
6949,2019_5,max_verstappen,red_bull,33,3,15.0,4,66,Finished,4
6950,2019_5,vettel,ferrari,5,4,12.0,3,66,Finished,3
6951,2019_5,leclerc,ferrari,16,5,10.0,5,66,Finished,5
6952,2019_5,gasly,red_bull,10,6,8.0,6,66,Finished,6
6953,2019_5,kevin_magnussen,haas,20,7,6.0,8,66,Finished,8
6954,2019_5,sainz,mclaren,55,8,4.0,12,66,Finished,13
6955,2019_5,kvyat,toro_rosso,26,9,2.0,9,66,Finished,9
6956,2019_5,grosjean,haas,8,10,1.0,7,66,Finished,7
6957,2019_5,albon,toro_rosso,23,11,0.0,11,66,Finished,12
6958,2019_5,ricciardo,renault,3,12,0.0,13,66,Finished,10
6959,2019_5,hulkenberg,renault,27,13,0.0,0,66,Finished,16
6960,2019_5,raikkonen,alfa,7,14,0.0,14,66,Finished,14
6961,2019_5,perez,racing_point,11,15,0.0,15,66,Finished,15
6962,2019_5,giovinazzi,alfa,99,16,0.0,18,66,Finished,18
6963,2019_5,russell,williams,63,17,0.0,19,65,+1 Lap,19
6964,2019_5,kubica,williams,88,18,0.0,17,65,+1 Lap,20
6965,2019_5,stroll,racing_point,18,19,0.0,16,44,Collision,17
6966,2019_5,norris,mclaren,4,20,0.0,10,44,Collision,11
6967,2019_6,hamilton,mercedes,44,1,25.0,1,78,Finished,1
6968,2019_6,vettel,ferrari,5,2,18.0,4,78,Finished,4
6969,2019_6,bottas,mercedes,77,3,15.0,2,78,Finished,2
6970,2019_6,max_verstappen,red_bull,33,4,12.0,3,78,Finished,3
6971,2019_6,gasly,red_bull,10,5,11.0,8,78,Finished,5
6972,2019_6,sainz,mclaren,55,6,8.0,9,78,Finished,9
6973,2019_6,kvyat,toro_rosso,26,7,6.0,7,78,Finished,8
6974,2019_6,albon,toro_rosso,23,8,4.0,10,78,Finished,10
6975,2019_6,ricciardo,renault,3,9,2.0,6,78,Finished,7
6976,2019_6,grosjean,haas,8,10,1.0,13,78,Finished,13
6977,2019_6,norris,mclaren,4,11,0.0,12,78,Finished,12
6978,2019_6,perez,racing_point,11,12,0.0,16,77,+1 Lap,17
6979,2019_6,hulkenberg,renault,27,13,0.0,11,77,+1 Lap,11
6980,2019_6,kevin_magnussen,haas,20,14,0.0,5,77,+1 Lap,6
6981,2019_6,russell,williams,63,15,0.0,19,77,+1 Lap,19
6982,2019_6,stroll,racing_point,18,16,0.0,17,77,+1 Lap,18
6983,2019_6,raikkonen,alfa,7,17,0.0,14,77,+1 Lap,14
6984,2019_6,kubica,williams,88,18,0.0,20,77,+1 Lap,20
6985,2019_6,giovinazzi,alfa,99,19,0.0,18,76,+2 Laps,15
6986,2019_6,leclerc,ferrari,16,20,0.0,15,16,Collision,16
6987,2019_7,hamilton,mercedes,44,1,25.0,2,70,Finished,2
6988,2019_7,vettel,ferrari,5,2,18.0,1,70,Finished,1
6989,2019_7,leclerc,ferrari,16,3,15.0,3,70,Finished,3
6990,2019_7,bottas,mercedes,77,4,13.0,6,70,Finished,6
6991,2019_7,max_verstappen,red_bull,33,5,10.0,9,70,Finished,11
6992,2019_7,ricciardo,renault,3,6,8.0,4,69,+1 Lap,4
6993,2019_7,hulkenberg,renault,27,7,6.0,7,69,+1 Lap,7
6994,2019_7,gasly,red_bull,10,8,4.0,5,69,+1 Lap,5
6995,2019_7,stroll,racing_point,18,9,2.0,17,69,+1 Lap,18
6996,2019_7,kvyat,toro_rosso,26,10,1.0,10,69,+1 Lap,12
6997,2019_7,sainz,mclaren,55,11,0.0,11,69,+1 Lap,9
6998,2019_7,perez,racing_point,11,12,0.0,15,69,+1 Lap,16
6999,2019_7,giovinazzi,alfa,99,13,0.0,12,69,+1 Lap,13
7000,2019_7,grosjean,haas,8,14,0.0,14,69,+1 Lap,15
7001,2019_7,raikkonen,alfa,7,15,0.0,16,69,+1 Lap,17
7002,2019_7,russell,williams,63,16,0.0,18,68,+2 Laps,19
7003,2019_7,kevin_magnussen,haas,20,17,0.0,0,68,+2 Laps,10
7004,2019_7,kubica,williams,88,18,0.0,19,67,+3 Laps,20
7005,2019_7,albon,toro_rosso,23,19,0.0,13,59,Collision damage,14
7006,2019_7,norris,mclaren,4,20,0.0,8,8,Suspension,8
7007,2019_8,hamilton,mercedes,44,1,25.0,1,53,Finished,1
7008,2019_8,bottas,mercedes,77,2,18.0,2,53,Finished,2
7009,2019_8,leclerc,ferrari,16,3,15.0,3,53,Finished,3
7010,2019_8,max_verstappen,red_bull,33,4,12.0,4,53,Finished,4
7011,2019_8,vettel,ferrari,5,5,11.0,7,53,Finished,7
7012,2019_8,sainz,mclaren,55,6,8.0,6,53,Finished,6
7013,2019_8,raikkonen,alfa,7,7,6.0,12,52,+1 Lap,12
7014,2019_8,hulkenberg,renault,27,8,4.0,13,52,+1 Lap,13
7015,2019_8,norris,mclaren,4,9,2.0,5,52,+1 Lap,5
7016,2019_8,gasly,red_bull,10,10,1.0,9,52,+1 Lap,9
7017,2019_8,ricciardo,renault,3,11,0.0,8,52,+1 Lap,8
7018,2019_8,perez,racing_point,11,12,0.0,14,52,+1 Lap,14
7019,2019_8,stroll,racing_point,18,13,0.0,17,52,+1 Lap,18
7020,2019_8,kvyat,toro_rosso,26,14,0.0,19,52,+1 Lap,16
7021,2019_8,albon,toro_rosso,23,15,0.0,11,52,+1 Lap,11
7022,2019_8,giovinazzi,alfa,99,16,0.0,10,52,+1 Lap,10
7023,2019_8,kevin_magnussen,haas,20,17,0.0,15,52,+1 Lap,15
7024,2019_8,kubica,williams,88,18,0.0,18,51,+2 Laps,20
7025,2019_8,russell,williams,63,19,0.0,20,51,+2 Laps,19
7026,2019_8,grosjean,haas,8,20,0.0,16,44,Retired,17
7027,2019_9,max_verstappen,red_bull,33,1,26.0,2,71,Finished,3
7028,2019_9,leclerc,ferrari,16,2,18.0,1,71,Finished,1
7029,2019_9,bottas,mercedes,77,3,15.0,3,71,Finished,4
7030,2019_9,vettel,ferrari,5,4,12.0,9,71,Finished,10
7031,2019_9,hamilton,mercedes,44,5,10.0,4,71,Finished,2
7032,2019_9,norris,mclaren,4,6,8.0,5,70,+1 Lap,6
7033,2019_9,gasly,red_bull,10,7,6.0,8,70,+1 Lap,9
7034,2019_9,sainz,mclaren,55,8,4.0,19,70,+1 Lap,15
7035,2019_9,raikkonen,alfa,7,9,2.0,6,70,+1 Lap,7
7036,2019_9,giovinazzi,alfa,99,10,1.0,7,70,+1 Lap,8
7037,2019_9,perez,racing_point,11,11,0.0,13,70,+1 Lap,16
7038,2019_9,ricciardo,renault,3,12,0.0,12,70,+1 Lap,14
7039,2019_9,hulkenberg,renault,27,13,0.0,15,70,+1 Lap,12
7040,2019_9,stroll,racing_point,18,14,0.0,14,70,+1 Lap,17
7041,2019_9,albon,toro_rosso,23,15,0.0,18,70,+1 Lap,13
7042,2019_9,grosjean,haas,8,16,0.0,11,70,+1 Lap,11
7043,2019_9,kvyat,toro_rosso,26,17,0.0,16,70,+1 Lap,18
7044,2019_9,russell,williams,63,18,0.0,0,69,+2 Laps,19
7045,2019_9,kevin_magnussen,haas,20,19,0.0,10,69,+2 Laps,5
7046,2019_9,kubica,williams,88,20,0.0,17,68,+3 Laps,20
7047,2019_10,hamilton,mercedes,44,1,26.0,2,52,Finished,2
7048,2019_10,bottas,mercedes,77,2,18.0,1,52,Finished,1
7049,2019_10,leclerc,ferrari,16,3,15.0,3,52,Finished,3
7050,2019_10,gasly,red_bull,10,4,12.0,5,52,Finished,5
7051,2019_10,max_verstappen,red_bull,33,5,10.0,4,52,Finished,4
7052,2019_10,sainz,mclaren,55,6,8.0,13,52,Finished,13
7053,2019_10,ricciardo,renault,3,7,6.0,7,52,Finished,7
7054,2019_10,raikkonen,alfa,7,8,4.0,12,52,Finished,12
7055,2019_10,kvyat,toro_rosso,26,9,2.0,17,52,Finished,17
7056,2019_10,hulkenberg,renault,27,10,1.0,10,52,Finished,10
7057,2019_10,norris,mclaren,4,11,0.0,8,52,Finished,8
7058,2019_10,albon,toro_rosso,23,12,0.0,9,52,Finished,9
7059,2019_10,stroll,racing_point,18,13,0.0,18,52,Finished,18
7060,2019_10,russell,williams,63,14,0.0,19,51,+1 Lap,19
7061,2019_10,kubica,williams,88,15,0.0,20,51,+1 Lap,20
7062,2019_10,vettel,ferrari,5,16,0.0,6,51,+1 Lap,6
7063,2019_10,perez,racing_point,11,17,0.0,15,51,+1 Lap,15
7064,2019_10,giovinazzi,alfa,99,18,0.0,11,18,Spun off,11
7065,2019_10,grosjean,haas,8,19,0.0,14,9,Collision,14
7066,2019_10,kevin_magnussen,haas,20,20,0.0,16,6,Collision,16
7067,2019_11,max_verstappen,red_bull,33,1,26.0,2,64,Finished,2
7068,2019_11,vettel,ferrari,5,2,18.0,20,64,Finished,20
7069,2019_11,kvyat,toro_rosso,26,3,15.0,14,64,Finished,14
7070,2019_11,stroll,racing_point,18,4,12.0,15,64,Finished,15
7071,2019_11,sainz,mclaren,55,5,10.0,7,64,Finished,7
7072,2019_11,albon,toro_rosso,23,6,8.0,16,64,Finished,17
7073,2019_11,grosjean,haas,8,7,6.0,6,64,Finished,6
7074,2019_11,kevin_magnussen,haas,20,8,4.0,12,64,Finished,12
7075,2019_11,hamilton,mercedes,44,9,2.0,1,64,Finished,1
7076,2019_11,kubica,williams,88,10,1.0,18,64,Finished,19
7077,2019_11,russell,williams,63,11,0.0,17,64,Finished,18
7078,2019_11,raikkonen,alfa,7,12,0.0,5,64,Finished,5
7079,2019_11,giovinazzi,alfa,99,13,0.0,11,64,Finished,11
7080,2019_11,gasly,red_bull,10,14,0.0,4,61,Collision,4
7081,2019_11,bottas,mercedes,77,15,0.0,3,56,Accident,3
7082,2019_11,hulkenberg,renault,27,16,0.0,9,39,Accident,9
7083,2019_11,leclerc,ferrari,16,17,0.0,10,27,Accident,10
7084,2019_11,norris,mclaren,4,18,0.0,19,25,Power loss,16
7085,2019_11,ricciardo,renault,3,19,0.0,13,13,Exhaust,13
7086,2019_11,perez,racing_point,11,20,0.0,8,1,Spun off,8
7087,2019_12,hamilton,mercedes,44,1,25.0,3,70,Finished,3
7088,2019_12,max_verstappen,red_bull,33,2,19.0,1,70,Finished,1
7089,2019_12,vettel,ferrari,5,3,15.0,5,70,Finished,5
7090,2019_12,leclerc,ferrari,16,4,12.0,4,70,Finished,4
7091,2019_12,sainz,mclaren,55,5,10.0,8,69,+1 Lap,8
7092,2019_12,gasly,red_bull,10,6,8.0,6,69,+1 Lap,6
7093,2019_12,raikkonen,alfa,7,7,6.0,10,69,+1 Lap,10
7094,2019_12,bottas,mercedes,77,8,4.0,2,69,+1 Lap,2
7095,2019_12,norris,mclaren,4,9,2.0,7,69,+1 Lap,7
7096,2019_12,albon,toro_rosso,23,10,1.0,12,69,+1 Lap,12
7097,2019_12,perez,racing_point,11,11,0.0,16,69,+1 Lap,17
7098,2019_12,hulkenberg,renault,27,12,0.0,11,69,+1 Lap,11
7099,2019_12,kevin_magnussen,haas,20,13,0.0,14,69,+1 Lap,15
7100,2019_12,ricciardo,renault,3,14,0.0,20,69,+1 Lap,18
7101,2019_12,kvyat,toro_rosso,26,15,0.0,13,68,+2 Laps,13
7102,2019_12,russell,williams,63,16,0.0,15,68,+2 Laps,16
7103,2019_12,stroll,racing_point,18,17,0.0,18,68,+2 Laps,19
7104,2019_12,giovinazzi,alfa,99,18,0.0,17,68,+2 Laps,14
7105,2019_12,kubica,williams,88,19,0.0,19,67,+3 Laps,20
7106,2019_12,grosjean,haas,8,20,0.0,9,49,Water pressure,9
7107,2019_13,leclerc,ferrari,16,1,25.0,1,44,Finished,1
7108,2019_13,hamilton,mercedes,44,2,18.0,3,44,Finished,3
7109,2019_13,bottas,mercedes,77,3,15.0,4,44,Finished,4
7110,2019_13,vettel,ferrari,5,4,13.0,2,44,Finished,2
7111,2019_13,albon,red_bull,23,5,10.0,17,44,Finished,14
7112,2019_13,perez,racing_point,11,6,8.0,7,44,Finished,9
7113,2019_13,kvyat,toro_rosso,26,7,6.0,19,44,Finished,18
7114,2019_13,hulkenberg,renault,27,8,4.0,12,44,Finished,7
7115,2019_13,gasly,toro_rosso,10,9,2.0,13,44,Finished,16
7116,2019_13,stroll,racing_point,18,10,1.0,16,44,Finished,13
7117,2019_13,norris,mclaren,4,11,0.0,11,43,Engine,12
7118,2019_13,kevin_magnussen,haas,20,12,0.0,8,43,+1 Lap,10
7119,2019_13,grosjean,haas,8,13,0.0,9,43,+1 Lap,11
7120,2019_13,ricciardo,renault,3,14,0.0,10,43,+1 Lap,6
7121,2019_13,russell,williams,63,15,0.0,14,43,+1 Lap,19
7122,2019_13,raikkonen,alfa,7,16,0.0,6,43,+1 Lap,8
7123,2019_13,kubica,williams,88,17,0.0,0,43,+1 Lap,20
7124,2019_13,giovinazzi,alfa,99,18,0.0,18,42,Accident,15
7125,2019_13,sainz,mclaren,55,19,0.0,15,1,Power loss,17
7126,2019_13,max_verstappen,red_bull,33,20,0.0,5,0,Accident,5
7127,2019_14,leclerc,ferrari,16,1,25.0,1,53,Finished,1
7128,2019_14,bottas,mercedes,77,2,18.0,3,53,Finished,3
7129,2019_14,hamilton,mercedes,44,3,16.0,2,53,Finished,2
7130,2019_14,ricciardo,renault,3,4,12.0,5,53,Finished,5
7131,2019_14,hulkenberg,renault,27,5,10.0,6,53,Finished,6
7132,2019_14,albon,red_bull,23,6,8.0,8,53,Finished,8
7133,2019_14,perez,racing_point,11,7,6.0,18,53,Finished,17
7134,2019_14,max_verstappen,red_bull,33,8,4.0,19,53,Finished,20
7135,2019_14,giovinazzi,alfa,99,9,2.0,10,52,+1 Lap,11
7136,2019_14,norris,mclaren,4,10,1.0,16,52,+1 Lap,14
7137,2019_14,gasly,toro_rosso,10,11,0.0,17,52,+1 Lap,15
7138,2019_14,stroll,racing_point,18,12,0.0,9,52,+1 Lap,9
7139,2019_14,vettel,ferrari,5,13,0.0,4,52,+1 Lap,4
7140,2019_14,russell,williams,63,14,0.0,14,52,+1 Lap,18
7141,2019_14,raikkonen,alfa,7,15,0.0,0,52,+1 Lap,10
7142,2019_14,grosjean,haas,8,16,0.0,13,52,+1 Lap,16
7143,2019_14,kubica,williams,88,17,0.0,15,51,+2 Laps,19
7144,2019_14,kevin_magnussen,haas,20,18,0.0,11,43,Hydraulics,12
7145,2019_14,kvyat,toro_rosso,26,19,0.0,12,29,Engine,13
7146,2019_14,sainz,mclaren,55,20,0.0,7,27,Wheel,7
7147,2019_15,vettel,ferrari,5,1,25.0,3,61,Finished,3
7148,2019_15,leclerc,ferrari,16,2,18.0,1,61,Finished,1
7149,2019_15,max_verstappen,red_bull,33,3,15.0,4,61,Finished,4
7150,2019_15,hamilton,mercedes,44,4,12.0,2,61,Finished,2
7151,2019_15,bottas,mercedes,77,5,10.0,5,61,Finished,5
7152,2019_15,albon,red_bull,23,6,8.0,6,61,Finished,6
7153,2019_15,norris,mclaren,4,7,6.0,9,61,Finished,9
7154,2019_15,gasly,toro_rosso,10,8,4.0,11,61,Finished,12
7155,2019_15,hulkenberg,renault,27,9,2.0,8,61,Finished,8
7156,2019_15,giovinazzi,alfa,99,10,1.0,10,61,Finished,11
7157,2019_15,grosjean,haas,8,11,0.0,17,61,Finished,17
7158,2019_15,sainz,mclaren,55,12,0.0,7,61,Finished,7
7159,2019_15,stroll,racing_point,18,13,0.0,16,61,Finished,16
7160,2019_15,ricciardo,renault,3,14,0.0,20,61,Finished,20
7161,2019_15,kvyat,toro_rosso,26,15,0.0,14,61,Finished,15
7162,2019_15,kubica,williams,88,16,0.0,19,61,Finished,19
7163,2019_15,kevin_magnussen,haas,20,17,0.0,13,61,Finished,14
7164,2019_15,raikkonen,alfa,7,18,0.0,12,49,Collision,13
7165,2019_15,perez,racing_point,11,19,0.0,15,42,Engine,10
7166,2019_15,russell,williams,63,20,0.0,18,34,Collision,18
7167,2019_16,hamilton,mercedes,44,1,26.0,2,53,Finished,2
7168,2019_16,bottas,mercedes,77,2,18.0,4,53,Finished,5
7169,2019_16,leclerc,ferrari,16,3,15.0,1,53,Finished,1
7170,2019_16,max_verstappen,red_bull,33,4,12.0,9,53,Finished,4
7171,2019_16,albon,red_bull,23,5,10.0,0,53,Finished,19
7172,2019_16,sainz,mclaren,55,6,8.0,5,53,Finished,6
7173,2019_16,perez,racing_point,11,7,6.0,11,53,Finished,12
7174,2019_16,norris,mclaren,4,8,4.0,7,53,Finished,8
7175,2019_16,kevin_magnussen,haas,20,9,2.0,13,53,Finished,14
7176,2019_16,hulkenberg,renault,27,10,1.0,6,53,Finished,7
7177,2019_16,stroll,racing_point,18,11,0.0,14,53,Finished,15
7178,2019_16,kvyat,toro_rosso,26,12,0.0,19,53,Finished,20
7179,2019_16,raikkonen,alfa,7,13,0.0,15,53,Finished,16
7180,2019_16,gasly,toro_rosso,10,14,0.0,16,53,Finished,11
7181,2019_16,giovinazzi,alfa,99,15,0.0,12,53,Finished,13
7182,2019_16,kubica,williams,88,16,0.0,18,28,Brakes,18
7183,2019_16,russell,williams,63,17,0.0,17,27,Brakes,17
7184,2019_16,vettel,ferrari,5,18,0.0,3,26,Power loss,3
7185,2019_16,ricciardo,renault,3,19,0.0,10,24,Collision,10
7186,2019_16,grosjean,haas,8,20,0.0,8,0,Collision,9
7187,2019_17,bottas,mercedes,77,1,25.0,3,52,Finished,3
7188,2019_17,vettel,ferrari,5,2,18.0,1,52,Finished,1
7189,2019_17,hamilton,mercedes,44,3,16.0,4,52,Finished,4
7190,2019_17,albon,red_bull,23,4,12.0,6,52,Finished,6
7191,2019_17,sainz,mclaren,55,5,10.0,7,52,Finished,7
7192,2019_17,leclerc,ferrari,16,6,8.0,2,51,+1 Lap,2
7193,2019_17,gasly,toro_rosso,10,7,6.0,9,51,+1 Lap,9
7194,2019_17,perez,racing_point,11,8,4.0,17,51,+1 Lap,17
7195,2019_17,stroll,racing_point,18,9,2.0,12,51,+1 Lap,12
7196,2019_17,kvyat,toro_rosso,26,10,1.0,14,51,+1 Lap,14
7197,2019_17,norris,mclaren,4,11,0.0,8,51,+1 Lap,8
7198,2019_17,raikkonen,alfa,7,12,0.0,13,51,+1 Lap,13
7199,2019_17,grosjean,haas,8,13,0.0,10,51,+1 Lap,10
7200,2019_17,giovinazzi,alfa,99,14,0.0,11,51,+1 Lap,11
7201,2019_17,kevin_magnussen,haas,20,15,0.0,19,51,+1 Lap,19
7202,2019_17,russell,williams,63,16,0.0,18,50,+2 Laps,18
7203,2019_17,kubica,williams,88,17,0.0,0,50,+2 Laps,20
7204,2019_17,max_verstappen,red_bull,33,18,0.0,5,14,Brakes,5
7205,2019_17,ricciardo,renault,3,19,0.0,16,51,Disqualified,16
7206,2019_17,hulkenberg,renault,27,20,0.0,15,51,Disqualified,15
7207,2019_18,hamilton,mercedes,44,1,25.0,3,71,Finished,4
7208,2019_18,vettel,ferrari,5,2,18.0,2,71,Finished,3
7209,2019_18,bottas,mercedes,77,3,15.0,6,71,Finished,6
7210,2019_18,leclerc,ferrari,16,4,13.0,1,71,Finished,2
7211,2019_18,albon,red_bull,23,5,10.0,5,71,Finished,5
7212,2019_18,max_verstappen,red_bull,33,6,8.0,4,71,Finished,1
7213,2019_18,perez,racing_point,11,7,6.0,11,71,Finished,11
7214,2019_18,ricciardo,renault,3,8,4.0,13,71,Finished,13
7215,2019_18,gasly,toro_rosso,10,9,2.0,10,70,+1 Lap,10
7216,2019_18,hulkenberg,renault,27,10,1.0,12,70,+1 Lap,12
7217,2019_18,kvyat,toro_rosso,26,11,0.0,9,70,+1 Lap,9
7218,2019_18,stroll,racing_point,18,12,0.0,16,70,+1 Lap,16
7219,2019_18,sainz,mclaren,55,13,0.0,7,70,+1 Lap,7
7220,2019_18,giovinazzi,alfa,99,14,0.0,15,70,+1 Lap,15
7221,2019_18,kevin_magnussen,haas,20,15,0.0,17,69,+2 Laps,17
7222,2019_18,russell,williams,63,16,0.0,19,69,+2 Laps,19
7223,2019_18,grosjean,haas,8,17,0.0,18,69,+2 Laps,18
7224,2019_18,kubica,williams,88,18,0.0,20,69,+2 Laps,20
7225,2019_18,raikkonen,alfa,7,19,0.0,14,58,Overheating,14
7226,2019_18,norris,mclaren,4,20,0.0,8,48,Withdrew,8
7227,2019_19,bottas,mercedes,77,1,25.0,1,56,Finished,1
7228,2019_19,hamilton,mercedes,44,2,18.0,5,56,Finished,5
7229,2019_19,max_verstappen,red_bull,33,3,15.0,3,56,Finished,3
7230,2019_19,leclerc,ferrari,16,4,13.0,4,56,Finished,4
7231,2019_19,albon,red_bull,23,5,10.0,6,56,Finished,6
7232,2019_19,ricciardo,renault,3,6,8.0,9,56,Finished,9
7233,2019_19,norris,mclaren,4,7,6.0,8,56,Finished,8
7234,2019_19,sainz,mclaren,55,8,4.0,7,55,+1 Lap,7
7235,2019_19,hulkenberg,renault,27,9,2.0,11,55,+1 Lap,11
7236,2019_19,perez,racing_point,11,10,1.0,0,55,+1 Lap,19
7237,2019_19,raikkonen,alfa,7,11,0.0,17,55,+1 Lap,17
7238,2019_19,kvyat,toro_rosso,26,12,0.0,13,55,+1 Lap,13
7239,2019_19,stroll,racing_point,18,13,0.0,14,55,+1 Lap,14
7240,2019_19,giovinazzi,alfa,99,14,0.0,16,55,+1 Lap,16
7241,2019_19,grosjean,haas,8,15,0.0,15,55,+1 Lap,15
7242,2019_19,gasly,toro_rosso,10,16,0.0,10,54,Suspension,10
7243,2019_19,russell,williams,63,17,0.0,18,54,+2 Laps,18
7244,2019_19,kevin_magnussen,haas,20,18,0.0,12,52,Brakes,12
7245,2019_19,kubica,williams,88,19,0.0,19,31,Oil leak,20
7246,2019_19,vettel,ferrari,5,20,0.0,2,7,Suspension,2
7247,2019_20,max_verstappen,red_bull,33,1,25.0,1,71,Finished,1
7248,2019_20,gasly,toro_rosso,10,2,18.0,6,71,Finished,7
7249,2019_20,sainz,mclaren,55,3,15.0,20,71,Finished,20
7250,2019_20,raikkonen,alfa,7,4,12.0,8,71,Finished,9
7251,2019_20,giovinazzi,alfa,99,5,10.0,12,71,Finished,13
7252,2019_20,ricciardo,renault,3,6,8.0,11,71,Finished,12
7253,2019_20,hamilton,mercedes,44,7,6.0,3,71,Finished,3
7254,2019_20,norris,mclaren,4,8,4.0,10,71,Finished,11
7255,2019_20,perez,racing_point,11,9,2.0,15,71,Finished,15
7256,2019_20,kvyat,toro_rosso,26,10,1.0,16,71,Finished,16
7257,2019_20,kevin_magnussen,haas,20,11,0.0,9,71,Finished,10
7258,2019_20,russell,williams,63,12,0.0,18,71,Finished,18
7259,2019_20,grosjean,haas,8,13,0.0,7,71,Finished,8
7260,2019_20,albon,red_bull,23,14,0.0,5,71,Finished,6
7261,2019_20,hulkenberg,renault,27,15,0.0,13,71,Finished,14
7262,2019_20,kubica,williams,88,16,0.0,19,70,+1 Lap,19
7263,2019_20,vettel,ferrari,5,17,0.0,2,65,Collision,2
7264,2019_20,leclerc,ferrari,16,18,0.0,14,65,Collision,4
7265,2019_20,stroll,racing_point,18,19,0.0,17,65,Suspension,17
7266,2019_20,bottas,mercedes,77,20,0.0,4,51,Power Unit,5
7267,2019_21,hamilton,mercedes,44,1,26.0,1,55,Finished,1
7268,2019_21,max_verstappen,red_bull,33,2,18.0,2,55,Finished,3
7269,2019_21,leclerc,ferrari,16,3,15.0,3,55,Finished,4
7270,2019_21,bottas,mercedes,77,4,12.0,20,55,Finished,2
7271,2019_21,vettel,ferrari,5,5,10.0,4,55,Finished,5
7272,2019_21,albon,red_bull,23,6,8.0,5,55,Finished,6
7273,2019_21,perez,racing_point,11,7,6.0,10,54,+1 Lap,11
7274,2019_21,norris,mclaren,4,8,4.0,6,54,+1 Lap,7
7275,2019_21,kvyat,toro_rosso,26,9,2.0,13,54,+1 Lap,14
7276,2019_21,sainz,mclaren,55,10,1.0,8,54,+1 Lap,9
7277,2019_21,ricciardo,renault,3,11,0.0,7,54,+1 Lap,8
7278,2019_21,hulkenberg,renault,27,12,0.0,9,54,+1 Lap,10
7279,2019_21,raikkonen,alfa,7,13,0.0,17,54,+1 Lap,18
7280,2019_21,kevin_magnussen,haas,20,14,0.0,14,54,+1 Lap,15
7281,2019_21,grosjean,haas,8,15,0.0,15,54,+1 Lap,16
7282,2019_21,giovinazzi,alfa,99,16,0.0,16,54,+1 Lap,17
7283,2019_21,russell,williams,63,17,0.0,18,54,+1 Lap,19
7284,2019_21,gasly,toro_rosso,10,18,0.0,11,53,+2 Laps,12
7285,2019_21,kubica,williams,88,19,0.0,19,53,+2 Laps,20
7286,2019_21,stroll,racing_point,18,20,0.0,12,45,Brakes,13
7287,2020_1,bottas,mercedes,77,1,25.0,1,71,Finished,1
7288,2020_1,leclerc,ferrari,16,2,18.0,7,71,Finished,7
7289,2020_1,norris,mclaren,4,3,16.0,3,71,Finished,4
7290,2020_1,hamilton,mercedes,44,4,12.0,5,71,Finished,2
7291,2020_1,sainz,mclaren,55,5,10.0,8,71,Finished,8
7292,2020_1,perez,racing_point,11,6,8.0,6,71,Finished,6
7293,2020_1,gasly,alphatauri,10,7,6.0,12,71,Finished,12
7294,2020_1,ocon,renault,31,8,4.0,14,71,Finished,14
7295,2020_1,giovinazzi,alfa,99,9,2.0,18,71,Finished,18
7296,2020_1,vettel,ferrari,5,10,1.0,11,71,Finished,11
7297,2020_1,latifi,williams,6,11,0.0,20,71,Finished,20
7298,2020_1,kvyat,alphatauri,26,12,0.0,13,69,Suspension,13
7299,2020_1,albon,red_bull,23,13,0.0,4,67,Electronics,5
7300,2020_1,raikkonen,alfa,7,14,0.0,19,53,Wheel,19
7301,2020_1,russell,williams,63,15,0.0,17,49,Fuel pressure,17
7302,2020_1,grosjean,haas,8,16,0.0,15,49,Brakes,15
7303,2020_1,kevin_magnussen,haas,20,17,0.0,16,24,Brakes,16
7304,2020_1,stroll,racing_point,18,18,0.0,9,20,Engine,9
7305,2020_1,ricciardo,renault,3,19,0.0,10,17,Overheating,10
7306,2020_1,max_verstappen,red_bull,33,20,0.0,2,11,Electronics,3
7307,2020_2,hamilton,mercedes,44,1,25.0,1,71,Finished,1
7308,2020_2,bottas,mercedes,77,2,18.0,4,71,Finished,4
7309,2020_2,max_verstappen,red_bull,33,3,15.0,2,71,Finished,2
7310,2020_2,albon,red_bull,23,4,12.0,6,71,Finished,7
7311,2020_2,norris,mclaren,4,5,10.0,9,71,Finished,6
7312,2020_2,perez,racing_point,11,6,8.0,17,71,Finished,17
7313,2020_2,stroll,racing_point,18,7,6.0,12,71,Finished,13
7314,2020_2,ricciardo,renault,3,8,4.0,8,71,Finished,9
7315,2020_2,sainz,mclaren,55,9,3.0,3,70,+1 Lap,3
7316,2020_2,kvyat,alphatauri,26,10,1.0,13,70,+1 Lap,14
7317,2020_2,raikkonen,alfa,7,11,0.0,16,70,+1 Lap,16
7318,2020_2,kevin_magnussen,haas,20,12,0.0,15,70,+1 Lap,15
7319,2020_2,grosjean,haas,8,13,0.0,0,70,+1 Lap,20
7320,2020_2,giovinazzi,alfa,99,14,0.0,19,70,+1 Lap,19
7321,2020_2,gasly,alphatauri,10,15,0.0,7,70,+1 Lap,8
7322,2020_2,russell,williams,63,16,0.0,11,69,+2 Laps,12
7323,2020_2,latifi,williams,6,17,0.0,18,69,+2 Laps,18
7324,2020_2,ocon,renault,31,18,0.0,5,25,Overheating,5
7325,2020_2,leclerc,ferrari,16,19,0.0,14,4,Collision damage,11
7326,2020_2,vettel,ferrari,5,20,0.0,10,1,Collision damage,10
7327,2020_3,hamilton,mercedes,44,1,26.0,1,70,Finished,1
7328,2020_3,max_verstappen,red_bull,33,2,18.0,7,70,Finished,7
7329,2020_3,bottas,mercedes,77,3,15.0,2,70,Finished,2
7330,2020_3,stroll,racing_point,18,4,12.0,3,70,Finished,3
7331,2020_3,albon,red_bull,23,5,10.0,13,70,Finished,13
7332,2020_3,vettel,ferrari,5,6,8.0,5,69,+1 Lap,5
7333,2020_3,perez,racing_point,11,7,6.0,4,69,+1 Lap,4
7334,2020_3,ricciardo,renault,3,8,4.0,11,69,+1 Lap,11
7335,2020_3,sainz,mclaren,55,9,2.0,9,69,+1 Lap,9
7336,2020_3,kevin_magnussen,haas,20,10,1.0,0,69,+1 Lap,16
7337,2020_3,leclerc,ferrari,16,11,0.0,6,69,+1 Lap,6
7338,2020_3,kvyat,alphatauri,26,12,0.0,17,69,+1 Lap,17
7339,2020_3,norris,mclaren,4,13,0.0,8,69,+1 Lap,8
7340,2020_3,ocon,renault,31,14,0.0,14,69,+1 Lap,14
7341,2020_3,raikkonen,alfa,7,15,0.0,20,69,+1 Lap,20
7342,2020_3,grosjean,haas,8,16,0.0,0,69,+1 Lap,18
7343,2020_3,giovinazzi,alfa,99,17,0.0,19,69,+1 Lap,19
7344,2020_3,russell,williams,63,18,0.0,12,69,+1 Lap,12
7345,2020_3,latifi,williams,6,19,0.0,15,65,+5 Laps,15
7346,2020_3,gasly,alphatauri,10,20,0.0,10,15,Engine,10
7347,2020_4,hamilton,mercedes,44,1,25.0,1,52,Finished,1
7348,2020_4,max_verstappen,red_bull,33,2,19.0,3,52,Finished,3
7349,2020_4,leclerc,ferrari,16,3,15.0,4,52,Finished,4
7350,2020_4,ricciardo,renault,3,4,12.0,8,52,Finished,8
7351,2020_4,norris,mclaren,4,5,10.0,5,52,Finished,5
7352,2020_4,ocon,renault,31,6,8.0,9,52,Finished,9
7353,2020_4,gasly,alphatauri,10,7,6.0,11,52,Finished,11
7354,2020_4,albon,red_bull,23,8,4.0,12,52,Finished,12
7355,2020_4,stroll,racing_point,18,9,2.0,6,52,Finished,6
7356,2020_4,vettel,ferrari,5,10,1.0,10,52,Finished,10
7357,2020_4,bottas,mercedes,77,11,0.0,2,52,Finished,2
7358,2020_4,russell,williams,63,12,0.0,20,52,Finished,15
7359,2020_4,sainz,mclaren,55,13,0.0,7,52,Finished,7
7360,2020_4,giovinazzi,alfa,99,14,0.0,15,52,Finished,17
7361,2020_4,latifi,williams,6,15,0.0,18,52,Finished,20
7362,2020_4,grosjean,haas,8,16,0.0,17,52,Finished,19
7363,2020_4,raikkonen,alfa,7,17,0.0,16,51,+1 Lap,18
7364,2020_4,kvyat,alphatauri,26,18,0.0,19,11,Accident,14
7365,2020_4,kevin_magnussen,haas,20,19,0.0,14,1,Collision,16
7366,2020_4,hulkenberg,racing_point,27,20,0.0,13,0,Power Unit,13
7367,2020_5,max_verstappen,red_bull,33,1,25.0,4,52,Finished,4
7368,2020_5,hamilton,mercedes,44,2,19.0,2,52,Finished,2
7369,2020_5,bottas,mercedes,77,3,15.0,1,52,Finished,1
7370,2020_5,leclerc,ferrari,16,4,12.0,8,52,Finished,8
7371,2020_5,albon,red_bull,23,5,10.0,9,52,Finished,9
7372,2020_5,stroll,racing_point,18,6,8.0,6,52,Finished,6
7373,2020_5,hulkenberg,racing_point,27,7,6.0,3,52,Finished,3
7374,2020_5,ocon,renault,31,8,4.0,14,52,Finished,11
7375,2020_5,norris,mclaren,4,9,2.0,10,52,Finished,10
7376,2020_5,kvyat,alphatauri,26,10,1.0,16,52,Finished,16
7377,2020_5,gasly,alphatauri,10,11,0.0,7,52,Finished,7
7378,2020_5,vettel,ferrari,5,12,0.0,11,52,Finished,12
7379,2020_5,sainz,mclaren,55,13,0.0,12,52,Finished,13
7380,2020_5,ricciardo,renault,3,14,0.0,5,51,+1 Lap,5
7381,2020_5,raikkonen,alfa,7,15,0.0,20,51,+1 Lap,20
7382,2020_5,grosjean,haas,8,16,0.0,13,51,+1 Lap,14
7383,2020_5,giovinazzi,alfa,99,17,0.0,19,51,+1 Lap,19
7384,2020_5,russell,williams,63,18,0.0,15,51,+1 Lap,15
7385,2020_5,latifi,williams,6,19,0.0,18,51,+1 Lap,18
7386,2020_5,kevin_magnussen,haas,20,20,0.0,17,43,Retired,17
7387,2020_6,hamilton,mercedes,44,1,25.0,1,66,Finished,1
7388,2020_6,max_verstappen,red_bull,33,2,18.0,3,66,Finished,3
7389,2020_6,bottas,mercedes,77,3,16.0,2,66,Finished,2
7390,2020_6,stroll,racing_point,18,4,12.0,5,65,+1 Lap,5
7391,2020_6,perez,racing_point,11,5,10.0,4,65,+1 Lap,4
7392,2020_6,sainz,mclaren,55,6,8.0,7,65,+1 Lap,7
7393,2020_6,vettel,ferrari,5,7,6.0,11,65,+1 Lap,11
7394,2020_6,albon,red_bull,23,8,4.0,6,65,+1 Lap,6
7395,2020_6,gasly,alphatauri,10,9,2.0,10,65,+1 Lap,10
7396,2020_6,norris,mclaren,4,10,1.0,8,65,+1 Lap,8
7397,2020_6,ricciardo,renault,3,11,0.0,13,65,+1 Lap,13
7398,2020_6,kvyat,alphatauri,26,12,0.0,12,65,+1 Lap,12
7399,2020_6,ocon,renault,31,13,0.0,15,65,+1 Lap,15
7400,2020_6,raikkonen,alfa,7,14,0.0,14,65,+1 Lap,14
7401,2020_6,kevin_magnussen,haas,20,15,0.0,16,65,+1 Lap,16
7402,2020_6,giovinazzi,alfa,99,16,0.0,20,65,+1 Lap,20
7403,2020_6,russell,williams,63,17,0.0,18,65,+1 Lap,18
7404,2020_6,latifi,williams,6,18,0.0,19,64,+2 Laps,19
7405,2020_6,grosjean,haas,8,19,0.0,17,64,+2 Laps,17
7406,2020_6,leclerc,ferrari,16,20,0.0,9,38,Electronics,9
7407,2020_7,hamilton,mercedes,44,1,25.0,1,44,Finished,1
7408,2020_7,bottas,mercedes,77,2,18.0,2,44,Finished,2
7409,2020_7,max_verstappen,red_bull,33,3,15.0,3,44,Finished,3
7410,2020_7,ricciardo,renault,3,4,13.0,4,44,Finished,4
7411,2020_7,ocon,renault,31,5,10.0,6,44,Finished,6
7412,2020_7,albon,red_bull,23,6,8.0,5,44,Finished,5
7413,2020_7,norris,mclaren,4,7,6.0,10,44,Finished,10
7414,2020_7,gasly,alphatauri,10,8,4.0,12,44,Finished,12
7415,2020_7,stroll,racing_point,18,9,2.0,9,44,Finished,9
7416,2020_7,perez,racing_point,11,10,1.0,8,44,Finished,8
7417,2020_7,kvyat,alphatauri,26,11,0.0,11,44,Finished,11
7418,2020_7,raikkonen,alfa,7,12,0.0,16,44,Finished,16
7419,2020_7,vettel,ferrari,5,13,0.0,14,44,Finished,14
7420,2020_7,leclerc,ferrari,16,14,0.0,13,44,Finished,13
7421,2020_7,grosjean,haas,8,15,0.0,17,44,Finished,17
7422,2020_7,latifi,williams,6,16,0.0,19,44,Finished,19
7423,2020_7,kevin_magnussen,haas,20,17,0.0,20,44,Finished,20
7424,2020_7,giovinazzi,alfa,99,18,0.0,18,9,Accident,18
7425,2020_7,russell,williams,63,19,0.0,15,9,Debris,15
7426,2020_7,sainz,mclaren,55,20,0.0,7,0,Exhaust,7
7427,2020_8,gasly,alphatauri,10,1,25.0,10,53,Finished,10
7428,2020_8,sainz,mclaren,55,2,18.0,3,53,Finished,3
7429,2020_8,stroll,racing_point,18,3,15.0,8,53,Finished,8
7430,2020_8,norris,mclaren,4,4,12.0,6,53,Finished,6
7431,2020_8,bottas,mercedes,77,5,10.0,2,53,Finished,2
7432,2020_8,ricciardo,renault,3,6,8.0,7,53,Finished,7
7433,2020_8,hamilton,mercedes,44,7,7.0,1,53,Finished,1
7434,2020_8,ocon,renault,31,8,4.0,12,53,Finished,12
7435,2020_8,kvyat,alphatauri,26,9,2.0,11,53,Finished,11
7436,2020_8,perez,racing_point,11,10,1.0,4,53,Finished,4
7437,2020_8,latifi,williams,6,11,0.0,20,53,Finished,20
7438,2020_8,grosjean,haas,8,12,0.0,16,53,Finished,16
7439,2020_8,raikkonen,alfa,7,13,0.0,14,53,Finished,14
7440,2020_8,russell,williams,63,14,0.0,19,53,Finished,19
7441,2020_8,albon,red_bull,23,15,0.0,9,53,Finished,9
7442,2020_8,giovinazzi,alfa,99,16,0.0,18,53,Finished,18
7443,2020_8,max_verstappen,red_bull,33,17,0.0,5,30,Power Unit,5
7444,2020_8,leclerc,ferrari,16,18,0.0,13,23,Accident,13
7445,2020_8,kevin_magnussen,haas,20,19,0.0,15,17,Power Unit,15
7446,2020_8,vettel,ferrari,5,20,0.0,17,6,Brakes,17
7447,2020_9,hamilton,mercedes,44,1,26.0,1,59,Finished,1
7448,2020_9,bottas,mercedes,77,2,18.0,2,59,Finished,2
7449,2020_9,albon,red_bull,23,3,15.0,4,59,Finished,4
7450,2020_9,ricciardo,renault,3,4,12.0,8,59,Finished,8
7451,2020_9,perez,racing_point,11,5,10.0,7,59,Finished,6
7452,2020_9,norris,mclaren,4,6,8.0,11,59,Finished,11
7453,2020_9,kvyat,alphatauri,26,7,6.0,12,59,Finished,12
7454,2020_9,leclerc,ferrari,16,8,4.0,5,59,Finished,5
7455,2020_9,raikkonen,alfa,7,9,2.0,13,59,Finished,13
7456,2020_9,vettel,ferrari,5,10,1.0,14,59,Finished,14
7457,2020_9,russell,williams,63,11,0.0,18,59,Finished,18
7458,2020_9,grosjean,haas,8,12,0.0,15,59,Finished,15
7459,2020_9,stroll,racing_point,18,13,0.0,6,42,Puncture,7
7460,2020_9,ocon,renault,31,14,0.0,10,7,Brakes,10
7461,2020_9,latifi,williams,6,15,0.0,19,6,Collision,19
7462,2020_9,kevin_magnussen,haas,20,16,0.0,20,5,Collision,20
7463,2020_9,giovinazzi,alfa,99,17,0.0,17,5,Collision,17
7464,2020_9,sainz,mclaren,55,18,0.0,9,5,Collision,9
7465,2020_9,max_verstappen,red_bull,33,19,0.0,3,0,Collision,3
7466,2020_9,gasly,alphatauri,10,20,0.0,16,0,Collision,16
7467,2020_10,bottas,mercedes,77,1,26.0,3,53,Finished,3
7468,2020_10,max_verstappen,red_bull,33,2,18.0,2,53,Finished,2
7469,2020_10,hamilton,mercedes,44,3,15.0,1,53,Finished,1
7470,2020_10,perez,racing_point,11,4,12.0,4,53,Finished,4
7471,2020_10,ricciardo,renault,3,5,10.0,5,53,Finished,5
7472,2020_10,leclerc,ferrari,16,6,8.0,10,53,Finished,11
7473,2020_10,ocon,renault,31,7,6.0,7,53,Finished,7
7474,2020_10,kvyat,alphatauri,26,8,4.0,11,53,Finished,12
7475,2020_10,gasly,alphatauri,10,9,2.0,9,53,Finished,9
7476,2020_10,albon,red_bull,23,10,1.0,15,53,Finished,10
7477,2020_10,giovinazzi,alfa,99,11,0.0,17,52,+1 Lap,17
7478,2020_10,kevin_magnussen,haas,20,12,0.0,18,52,+1 Lap,18
7479,2020_10,vettel,ferrari,5,13,0.0,14,52,+1 Lap,15
7480,2020_10,raikkonen,alfa,7,14,0.0,19,52,+1 Lap,20
7481,2020_10,norris,mclaren,4,15,0.0,8,52,+1 Lap,8
7482,2020_10,latifi,williams,6,16,0.0,20,52,+1 Lap,19
7483,2020_10,grosjean,haas,8,17,0.0,16,52,+1 Lap,16
7484,2020_10,russell,williams,63,18,0.0,13,52,+1 Lap,14
7485,2020_10,sainz,mclaren,55,19,0.0,6,0,Accident,6
7486,2020_10,stroll,racing_point,18,20,0.0,12,0,Collision,13
7487,2020_11,hamilton,mercedes,44,1,25.0,2,60,Finished,2
7488,2020_11,max_verstappen,red_bull,33,2,19.0,3,60,Finished,3
7489,2020_11,ricciardo,renault,3,3,15.0,6,60,Finished,6
7490,2020_11,perez,racing_point,11,4,12.0,9,60,Finished,9
7491,2020_11,sainz,mclaren,55,5,10.0,10,60,Finished,10
7492,2020_11,gasly,alphatauri,10,6,8.0,12,60,Finished,12
7493,2020_11,leclerc,ferrari,16,7,6.0,4,60,Finished,4
7494,2020_11,hulkenberg,racing_point,27,8,4.0,20,60,Finished,20
7495,2020_11,grosjean,haas,8,9,2.0,16,60,Finished,16
7496,2020_11,giovinazzi,alfa,99,10,1.0,14,60,Finished,14
7497,2020_11,vettel,ferrari,5,11,0.0,11,60,Finished,11
7498,2020_11,raikkonen,alfa,7,12,0.0,19,60,Finished,19
7499,2020_11,kevin_magnussen,haas,20,13,0.0,15,60,Finished,15
7500,2020_11,latifi,williams,6,14,0.0,18,60,Finished,18
7501,2020_11,kvyat,alphatauri,26,15,0.0,13,60,Finished,13
7502,2020_11,norris,mclaren,4,16,0.0,8,42,Power Unit,8
7503,2020_11,albon,red_bull,23,17,0.0,5,23,Radiator,5
7504,2020_11,ocon,renault,31,18,0.0,7,22,Gearbox,7
7505,2020_11,bottas,mercedes,77,19,0.0,1,18,Power Unit,1
7506,2020_11,russell,williams,63,20,0.0,17,12,Collision,17
7507,2020_12,hamilton,mercedes,44,1,26.0,1,66,Finished,1
7508,2020_12,bottas,mercedes,77,2,18.0,2,66,Finished,2
7509,2020_12,max_verstappen,red_bull,33,3,15.0,3,66,Finished,3
7510,2020_12,leclerc,ferrari,16,4,12.0,4,66,Finished,4
7511,2020_12,gasly,alphatauri,10,5,10.0,9,65,+1 Lap,9
7512,2020_12,sainz,mclaren,55,6,8.0,7,65,+1 Lap,7
7513,2020_12,perez,racing_point,11,7,6.0,5,65,+1 Lap,5
7514,2020_12,ocon,renault,31,8,4.0,11,65,+1 Lap,11
7515,2020_12,ricciardo,renault,3,9,2.0,10,65,+1 Lap,10
7516,2020_12,vettel,ferrari,5,10,1.0,15,65,+1 Lap,15
7517,2020_12,raikkonen,alfa,7,11,0.0,16,65,+1 Lap,16
7518,2020_12,albon,red_bull,23,12,0.0,6,65,+1 Lap,6
7519,2020_12,norris,mclaren,4,13,0.0,8,65,+1 Lap,8
7520,2020_12,russell,williams,63,14,0.0,14,65,+1 Lap,14
7521,2020_12,giovinazzi,alfa,99,15,0.0,17,65,+1 Lap,17
7522,2020_12,kevin_magnussen,haas,20,16,0.0,19,65,+1 Lap,19
7523,2020_12,grosjean,haas,8,17,0.0,18,65,+1 Lap,18
7524,2020_12,latifi,williams,6,18,0.0,20,64,+2 Laps,20
7525,2020_12,kvyat,alphatauri,26,19,0.0,13,64,+2 Laps,13
7526,2020_12,stroll,racing_point,18,20,0.0,12,51,Collision damage,12
7527,2020_13,hamilton,mercedes,44,1,26.0,2,63,Finished,2
7528,2020_13,bottas,mercedes,77,2,18.0,1,63,Finished,1
7529,2020_13,ricciardo,renault,3,3,15.0,5,63,Finished,5
7530,2020_13,kvyat,alphatauri,26,4,12.0,8,63,Finished,8
7531,2020_13,leclerc,ferrari,16,5,10.0,7,63,Finished,7
7532,2020_13,perez,racing_point,11,6,8.0,11,63,Finished,11
7533,2020_13,sainz,mclaren,55,7,6.0,10,63,Finished,10
7534,2020_13,norris,mclaren,4,8,4.0,9,63,Finished,9
7535,2020_13,raikkonen,alfa,7,9,2.0,18,63,Finished,18
7536,2020_13,giovinazzi,alfa,99,10,1.0,20,63,Finished,20
7537,2020_13,latifi,williams,6,11,0.0,19,63,Finished,19
7538,2020_13,vettel,ferrari,5,12,0.0,14,63,Finished,14
7539,2020_13,stroll,racing_point,18,13,0.0,15,63,Finished,15
7540,2020_13,grosjean,haas,8,14,0.0,16,63,Finished,16
7541,2020_13,albon,red_bull,23,15,0.0,6,63,Finished,6
7542,2020_13,russell,williams,63,16,0.0,13,51,Accident,13
7543,2020_13,max_verstappen,red_bull,33,17,0.0,3,50,Puncture,3
7544,2020_13,kevin_magnussen,haas,20,18,0.0,17,47,Illness,17
7545,2020_13,ocon,renault,31,19,0.0,12,27,Gearbox,12
7546,2020_13,gasly,alphatauri,10,20,0.0,4,8,Water pressure,4
7547,2020_14,hamilton,mercedes,44,1,25.0,6,58,Finished,6
7548,2020_14,perez,racing_point,11,2,18.0,3,58,Finished,3
7549,2020_14,vettel,ferrari,5,3,15.0,11,58,Finished,12
7550,2020_14,leclerc,ferrari,16,4,12.0,12,58,Finished,14
7551,2020_14,sainz,mclaren,55,5,10.0,15,58,Finished,13
7552,2020_14,max_verstappen,red_bull,33,6,8.0,2,58,Finished,2
7553,2020_14,albon,red_bull,23,7,6.0,4,58,Finished,4
7554,2020_14,norris,mclaren,4,8,5.0,14,58,Finished,11
7555,2020_14,stroll,racing_point,18,9,2.0,1,58,Finished,1
7556,2020_14,ricciardo,renault,3,10,1.0,5,58,Finished,5
7557,2020_14,ocon,renault,31,11,0.0,7,57,+1 Lap,7
7558,2020_14,kvyat,alphatauri,26,12,0.0,16,57,+1 Lap,17
7559,2020_14,gasly,alphatauri,10,13,0.0,19,57,+1 Lap,15
7560,2020_14,bottas,mercedes,77,14,0.0,9,57,+1 Lap,9
7561,2020_14,raikkonen,alfa,7,15,0.0,8,57,+1 Lap,8
7562,2020_14,russell,williams,63,16,0.0,0,57,+1 Lap,18
7563,2020_14,kevin_magnussen,haas,20,17,0.0,13,55,Withdrew,16
7564,2020_14,grosjean,haas,8,18,0.0,17,49,Collision damage,19
7565,2020_14,latifi,williams,6,19,0.0,0,39,Collision damage,20
7566,2020_14,giovinazzi,alfa,99,20,0.0,10,11,Gearbox,10
7567,2020_15,hamilton,mercedes,44,1,25.0,1,57,Finished,1
7568,2020_15,max_verstappen,red_bull,33,2,19.0,3,57,Finished,3
7569,2020_15,albon,red_bull,23,3,15.0,4,57,Finished,4
7570,2020_15,norris,mclaren,4,4,12.0,9,57,Finished,9
7571,2020_15,sainz,mclaren,55,5,10.0,15,57,Finished,15
7572,2020_15,gasly,alphatauri,10,6,8.0,8,57,Finished,8
7573,2020_15,ricciardo,renault,3,7,6.0,6,57,Finished,6
7574,2020_15,bottas,mercedes,77,8,4.0,2,57,Finished,2
7575,2020_15,ocon,renault,31,9,2.0,7,57,Finished,7
7576,2020_15,leclerc,ferrari,16,10,1.0,12,56,+1 Lap,12
7577,2020_15,kvyat,alphatauri,26,11,0.0,10,56,+1 Lap,10
7578,2020_15,russell,williams,63,12,0.0,14,56,+1 Lap,14
7579,2020_15,vettel,ferrari,5,13,0.0,11,56,+1 Lap,11
7580,2020_15,latifi,williams,6,14,0.0,20,56,+1 Lap,20
7581,2020_15,raikkonen,alfa,7,15,0.0,17,56,+1 Lap,17
7582,2020_15,giovinazzi,alfa,99,16,0.0,16,56,+1 Lap,16
7583,2020_15,kevin_magnussen,haas,20,17,0.0,18,56,+1 Lap,18
7584,2020_15,perez,racing_point,11,18,0.0,5,53,Engine,5
7585,2020_15,stroll,racing_point,18,19,0.0,13,2,Collision,13
7586,2020_15,grosjean,haas,8,20,0.0,19,0,Collision,19
7587,2020_16,perez,racing_point,11,1,25.0,5,87,Finished,5
7588,2020_16,ocon,renault,31,2,18.0,11,87,Finished,11
7589,2020_16,stroll,racing_point,18,3,15.0,10,87,Finished,10
7590,2020_16,sainz,mclaren,55,4,12.0,8,87,Finished,8
7591,2020_16,ricciardo,renault,3,5,10.0,7,87,Finished,7
7592,2020_16,albon,red_bull,23,6,8.0,12,87,Finished,12
7593,2020_16,kvyat,alphatauri,26,7,6.0,6,87,Finished,6
7594,2020_16,bottas,mercedes,77,8,4.0,1,87,Finished,1
7595,2020_16,russell,mercedes,63,9,3.0,2,87,Finished,2
7596,2020_16,norris,mclaren,4,10,1.0,19,87,Finished,15
7597,2020_16,gasly,alphatauri,10,11,0.0,9,87,Finished,9
7598,2020_16,vettel,ferrari,5,12,0.0,13,87,Finished,13
7599,2020_16,giovinazzi,alfa,99,13,0.0,14,87,Finished,14
7600,2020_16,raikkonen,alfa,7,14,0.0,18,87,Finished,19
7601,2020_16,kevin_magnussen,haas,20,15,0.0,15,87,Finished,16
7602,2020_16,aitken,williams,89,16,0.0,17,87,Finished,18
7603,2020_16,pietro_fittipaldi,haas,51,17,0.0,20,87,Finished,20
7604,2020_16,latifi,williams,6,18,0.0,16,52,Engine,17
7605,2020_16,max_verstappen,red_bull,33,19,0.0,3,0,Accident,3
7606,2020_16,leclerc,ferrari,16,20,0.0,4,0,Collision,4
7607,2020_17,max_verstappen,red_bull,33,1,25.0,1,55,Finished,1
7608,2020_17,bottas,mercedes,77,2,18.0,2,55,Finished,2
7609,2020_17,hamilton,mercedes,44,3,15.0,3,55,Finished,3
7610,2020_17,albon,red_bull,23,4,12.0,5,55,Finished,5
7611,2020_17,norris,mclaren,4,5,10.0,4,55,Finished,4
7612,2020_17,sainz,mclaren,55,6,8.0,6,55,Finished,6
7613,2020_17,ricciardo,renault,3,7,7.0,11,55,Finished,12
7614,2020_17,gasly,alphatauri,10,8,4.0,9,55,Finished,10
7615,2020_17,ocon,renault,31,9,2.0,10,55,Finished,11
7616,2020_17,stroll,racing_point,18,10,1.0,8,55,Finished,8
7617,2020_17,kvyat,alphatauri,26,11,0.0,7,54,+1 Lap,7
7618,2020_17,raikkonen,alfa,7,12,0.0,15,54,+1 Lap,16
7619,2020_17,leclerc,ferrari,16,13,0.0,12,54,+1 Lap,9
7620,2020_17,vettel,ferrari,5,14,0.0,13,54,+1 Lap,13
7621,2020_17,russell,williams,63,15,0.0,16,54,+1 Lap,18
7622,2020_17,giovinazzi,alfa,99,16,0.0,14,54,+1 Lap,14
7623,2020_17,latifi,williams,6,17,0.0,18,54,+1 Lap,20
7624,2020_17,kevin_magnussen,haas,20,18,0.0,20,54,+1 Lap,17
7625,2020_17,pietro_fittipaldi,haas,51,19,0.0,17,53,+2 Laps,19
7626,2020_17,perez,racing_point,11,20,0.0,19,8,Transmission,15
7627,2021_1,hamilton,mercedes,44,1,25.0,2,56,Finished,2
7628,2021_1,max_verstappen,red_bull,33,2,18.0,1,56,Finished,1
7629,2021_1,bottas,mercedes,77,3,16.0,3,56,Finished,3
7630,2021_1,norris,mclaren,4,4,12.0,7,56,Finished,7
7631,2021_1,perez,red_bull,11,5,10.0,0,56,Finished,11
7632,2021_1,leclerc,ferrari,16,6,8.0,4,56,Finished,4
7633,2021_1,ricciardo,mclaren,3,7,6.0,6,56,Finished,6
7634,2021_1,sainz,ferrari,55,8,4.0,8,56,Finished,8
7635,2021_1,tsunoda,alphatauri,22,9,2.0,13,56,Finished,13
7636,2021_1,stroll,aston_martin,18,10,1.0,10,56,Finished,10
7637,2021_1,raikkonen,alfa,7,11,0.0,14,56,Finished,14
7638,2021_1,giovinazzi,alfa,99,12,0.0,12,55,+1 Lap,12
7639,2021_1,ocon,alpine,31,13,0.0,16,55,+1 Lap,16
7640,2021_1,russell,williams,63,14,0.0,15,55,+1 Lap,15
7641,2021_1,vettel,aston_martin,5,15,0.0,20,55,+1 Lap,18
7642,2021_1,mick_schumacher,haas,47,16,0.0,18,55,+1 Lap,19
7643,2021_1,gasly,alphatauri,10,17,0.0,5,52,Retired,5
7644,2021_1,latifi,williams,6,18,0.0,17,51,Retired,17
7645,2021_1,alonso,alpine,14,19,0.0,9,32,Brakes,9
7646,2021_1,mazepin,haas,9,20,0.0,19,0,Accident,20
7647,2021_2,max_verstappen,red_bull,33,1,25.0,3,63,Finished,3
7648,2021_2,hamilton,mercedes,44,2,19.0,1,63,Finished,1
7649,2021_2,norris,mclaren,4,3,15.0,7,63,Finished,7
7650,2021_2,leclerc,ferrari,16,4,12.0,4,63,Finished,4
7651,2021_2,sainz,ferrari,55,5,10.0,11,63,Finished,11
7652,2021_2,ricciardo,mclaren,3,6,8.0,6,63,Finished,6
7653,2021_2,gasly,alphatauri,10,7,6.0,5,63,Finished,5
7654,2021_2,stroll,aston_martin,18,8,4.0,10,63,Finished,10
7655,2021_2,ocon,alpine,31,9,2.0,9,63,Finished,9
7656,2021_2,alonso,alpine,14,10,1.0,15,63,Finished,15
7657,2021_2,perez,red_bull,11,11,0.0,2,63,Finished,2
7658,2021_2,tsunoda,alphatauri,22,12,0.0,20,63,Finished,20
7659,2021_2,raikkonen,alfa,7,13,0.0,16,63,Finished,16
7660,2021_2,giovinazzi,alfa,99,14,0.0,17,62,+1 Lap,17
7661,2021_2,vettel,aston_martin,5,15,0.0,0,61,Gearbox,13
7662,2021_2,mick_schumacher,haas,47,16,0.0,18,61,+2 Laps,18
7663,2021_2,mazepin,haas,9,17,0.0,19,61,+2 Laps,19
7664,2021_2,bottas,mercedes,77,18,0.0,8,30,Collision,8
7665,2021_2,russell,williams,63,19,0.0,12,30,Collision,12
7666,2021_2,latifi,williams,6,20,0.0,14,0,Collision,14
7667,2021_3,hamilton,mercedes,44,1,25.0,2,66,Finished,2
7668,2021_3,max_verstappen,red_bull,33,2,18.0,3,66,Finished,3
7669,2021_3,bottas,mercedes,77,3,16.0,1,66,Finished,1
7670,2021_3,perez,red_bull,11,4,12.0,4,66,Finished,4
7671,2021_3,norris,mclaren,4,5,10.0,7,66,Finished,7
7672,2021_3,leclerc,ferrari,16,6,8.0,8,66,Finished,8
7673,2021_3,ocon,alpine,31,7,6.0,6,66,Finished,6
7674,2021_3,alonso,alpine,14,8,4.0,13,66,Finished,13
7675,2021_3,ricciardo,mclaren,3,9,2.0,16,66,Finished,16
7676,2021_3,gasly,alphatauri,10,10,1.0,9,66,Finished,9
7677,2021_3,sainz,ferrari,55,11,0.0,5,66,Finished,5
7678,2021_3,giovinazzi,alfa,99,12,0.0,12,65,+1 Lap,12
7679,2021_3,vettel,aston_martin,5,13,0.0,10,65,+1 Lap,10
7680,2021_3,stroll,aston_martin,18,14,0.0,17,65,+1 Lap,17
7681,2021_3,tsunoda,alphatauri,22,15,0.0,14,65,+1 Lap,14
7682,2021_3,russell,williams,63,16,0.0,11,65,+1 Lap,11
7683,2021_3,mick_schumacher,haas,47,17,0.0,19,64,+2 Laps,19
7684,2021_3,latifi,williams,6,18,0.0,18,64,+2 Laps,18
7685,2021_3,mazepin,haas,9,19,0.0,20,64,+2 Laps,20
7686,2021_3,raikkonen,alfa,7,20,0.0,15,1,Collision damage,15
7687,2021_4,hamilton,mercedes,44,1,25.0,1,66,Finished,1
7688,2021_4,max_verstappen,red_bull,33,2,19.0,2,66,Finished,2
7689,2021_4,bottas,mercedes,77,3,15.0,3,66,Finished,3
7690,2021_4,leclerc,ferrari,16,4,12.0,4,66,Finished,4
7691,2021_4,perez,red_bull,11,5,10.0,8,66,Finished,8
7692,2021_4,ricciardo,mclaren,3,6,8.0,7,66,Finished,7
7693,2021_4,sainz,ferrari,55,7,6.0,6,66,Finished,6
7694,2021_4,norris,mclaren,4,8,4.0,9,65,+1 Lap,9
7695,2021_4,ocon,alpine,31,9,2.0,5,65,+1 Lap,5
7696,2021_4,gasly,alphatauri,10,10,1.0,12,65,+1 Lap,12
7697,2021_4,stroll,aston_martin,18,11,0.0,11,65,+1 Lap,11
7698,2021_4,raikkonen,alfa,7,12,0.0,17,65,+1 Lap,17
7699,2021_4,vettel,aston_martin,5,13,0.0,13,65,+1 Lap,13
7700,2021_4,russell,williams,63,14,0.0,15,65,+1 Lap,15
7701,2021_4,giovinazzi,alfa,99,15,0.0,14,65,+1 Lap,14
7702,2021_4,latifi,williams,6,16,0.0,19,65,+1 Lap,19
7703,2021_4,alonso,alpine,14,17,0.0,10,65,+1 Lap,10
7704,2021_4,mick_schumacher,haas,47,18,0.0,18,64,+2 Laps,18
7705,2021_4,mazepin,haas,9,19,0.0,20,64,+2 Laps,20
7706,2021_4,tsunoda,alphatauri,22,20,0.0,16,6,Electrical,16
7707,2021_5,max_verstappen,red_bull,33,1,25.0,2,78,Finished,2
7708,2021_5,sainz,ferrari,55,2,18.0,4,78,Finished,4
7709,2021_5,norris,mclaren,4,3,15.0,5,78,Finished,5
7710,2021_5,perez,red_bull,11,4,12.0,9,78,Finished,9
7711,2021_5,vettel,aston_martin,5,5,10.0,8,78,Finished,8
7712,2021_5,gasly,alphatauri,10,6,8.0,6,78,Finished,6
7713,2021_5,hamilton,mercedes,44,7,7.0,7,78,Finished,7
7714,2021_5,stroll,aston_martin,18,8,4.0,13,77,+1 Lap,13
7715,2021_5,ocon,alpine,31,9,2.0,11,77,+1 Lap,11
7716,2021_5,giovinazzi,alfa,99,10,1.0,10,77,+1 Lap,10
7717,2021_5,raikkonen,alfa,7,11,0.0,14,77,+1 Lap,14
7718,2021_5,ricciardo,mclaren,3,12,0.0,12,77,+1 Lap,12
7719,2021_5,alonso,alpine,14,13,0.0,17,77,+1 Lap,17
7720,2021_5,russell,williams,63,14,0.0,15,77,+1 Lap,15
7721,2021_5,latifi,williams,6,15,0.0,18,77,+1 Lap,18
7722,2021_5,tsunoda,alphatauri,22,16,0.0,16,77,+1 Lap,16
7723,2021_5,mazepin,haas,9,17,0.0,19,75,+3 Laps,19
7724,2021_5,mick_schumacher,haas,47,18,0.0,20,75,+3 Laps,
7725,2021_5,bottas,mercedes,77,19,0.0,3,29,Wheel nut,3
7726,2021_5,leclerc,ferrari,16,20,0.0,1,0,Driveshaft,1
7727,2021_6,perez,red_bull,11,1,25.0,6,51,Finished,7
7728,2021_6,vettel,aston_martin,5,2,18.0,11,51,Finished,11
7729,2021_6,gasly,alphatauri,10,3,15.0,4,51,Finished,4
7730,2021_6,leclerc,ferrari,16,4,12.0,1,51,Finished,1
7731,2021_6,norris,mclaren,4,5,10.0,9,51,Finished,6
7732,2021_6,alonso,alpine,14,6,8.0,8,51,Finished,9
7733,2021_6,tsunoda,alphatauri,22,7,6.0,7,51,Finished,8
7734,2021_6,sainz,ferrari,55,8,4.0,5,51,Finished,5
7735,2021_6,ricciardo,mclaren,3,9,2.0,13,51,Finished,13
7736,2021_6,raikkonen,alfa,7,10,1.0,14,51,Finished,14
7737,2021_6,giovinazzi,alfa,99,11,0.0,20,51,Finished,20
7738,2021_6,bottas,mercedes,77,12,0.0,10,51,Finished,10
7739,2021_6,mick_schumacher,haas,47,13,0.0,17,51,Finished,17
7740,2021_6,mazepin,haas,9,14,0.0,18,51,Finished,18
7741,2021_6,hamilton,mercedes,44,15,0.0,2,51,Finished,2
7742,2021_6,latifi,williams,6,16,0.0,16,51,Finished,16
7743,2021_6,russell,williams,63,17,0.0,15,48,Gearbox,15
7744,2021_6,max_verstappen,red_bull,33,18,0.0,3,45,Accident,3
7745,2021_6,stroll,aston_martin,18,19,0.0,19,29,Accident,19
7746,2021_6,ocon,alpine,31,20,0.0,12,3,Turbo,12
7747,2021_7,max_verstappen,red_bull,33,1,26.0,1,53,Finished,1
7748,2021_7,hamilton,mercedes,44,2,18.0,2,53,Finished,2
7749,2021_7,perez,red_bull,11,3,15.0,4,53,Finished,4
7750,2021_7,bottas,mercedes,77,4,12.0,3,53,Finished,3
7751,2021_7,norris,mclaren,4,5,10.0,8,53,Finished,8
7752,2021_7,ricciardo,mclaren,3,6,8.0,10,53,Finished,10
7753,2021_7,gasly,alphatauri,10,7,6.0,6,53,Finished,6
7754,2021_7,alonso,alpine,14,8,4.0,9,53,Finished,9
7755,2021_7,vettel,aston_martin,5,9,2.0,12,53,Finished,12
7756,2021_7,stroll,aston_martin,18,10,1.0,19,53,Finished,19
7757,2021_7,sainz,ferrari,55,11,0.0,5,53,Finished,5
7758,2021_7,russell,williams,63,12,0.0,14,52,+1 Lap,14
7759,2021_7,tsunoda,alphatauri,22,13,0.0,0,52,+1 Lap,20
7760,2021_7,ocon,alpine,31,14,0.0,11,52,+1 Lap,11
7761,2021_7,giovinazzi,alfa,99,15,0.0,13,52,+1 Lap,13
7762,2021_7,leclerc,ferrari,16,16,0.0,7,52,+1 Lap,7
7763,2021_7,raikkonen,alfa,7,17,0.0,17,52,+1 Lap,17
7764,2021_7,latifi,williams,6,18,0.0,16,52,+1 Lap,16
7765,2021_7,mick_schumacher,haas,47,19,0.0,15,52,+1 Lap,15
7766,2021_7,mazepin,haas,9,20,0.0,18,52,+1 Lap,18
7767,2021_8,max_verstappen,red_bull,33,1,25.0,1,71,Finished,1
7768,2021_8,hamilton,mercedes,44,2,19.0,2,71,Finished,3
7769,2021_8,bottas,mercedes,77,3,15.0,5,71,Finished,2
7770,2021_8,perez,red_bull,11,4,12.0,4,71,Finished,5
7771,2021_8,norris,mclaren,4,5,10.0,3,70,+1 Lap,4
7772,2021_8,sainz,ferrari,55,6,8.0,12,70,+1 Lap,12
7773,2021_8,leclerc,ferrari,16,7,6.0,7,70,+1 Lap,7
7774,2021_8,stroll,aston_martin,18,8,4.0,9,70,+1 Lap,10
7775,2021_8,alonso,alpine,14,9,2.0,8,70,+1 Lap,9
7776,2021_8,tsunoda,alphatauri,22,10,1.0,11,70,+1 Lap,8
7777,2021_8,raikkonen,alfa,7,11,0.0,18,70,+1 Lap,18
7778,2021_8,vettel,aston_martin,5,12,0.0,14,70,+1 Lap,14
7779,2021_8,ricciardo,mclaren,3,13,0.0,13,70,+1 Lap,13
7780,2021_8,ocon,alpine,31,14,0.0,17,70,+1 Lap,17
7781,2021_8,giovinazzi,alfa,99,15,0.0,15,70,+1 Lap,15
7782,2021_8,mick_schumacher,haas,47,16,0.0,19,69,+2 Laps,19
7783,2021_8,latifi,williams,6,17,0.0,16,68,+3 Laps,16
7784,2021_8,mazepin,haas,9,18,0.0,20,68,+3 Laps,20
7785,2021_8,russell,williams,63,19,0.0,10,36,Engine,11
7786,2021_8,gasly,alphatauri,10,20,0.0,6,1,Collision,6
7787,2021_9,max_verstappen,red_bull,33,1,26.0,1,71,Finished,1
7788,2021_9,bottas,mercedes,77,2,18.0,5,71,Finished,5
7789,2021_9,norris,mclaren,4,3,15.0,2,71,Finished,2
7790,2021_9,hamilton,mercedes,44,4,12.0,4,71,Finished,4
7791,2021_9,sainz,ferrari,55,5,10.0,10,71,Finished,11
7792,2021_9,perez,red_bull,11,6,8.0,3,71,Finished,3
7793,2021_9,ricciardo,mclaren,3,7,6.0,13,71,Finished,13
7794,2021_9,leclerc,ferrari,16,8,4.0,12,71,Finished,12
7795,2021_9,gasly,alphatauri,10,9,2.0,6,71,Finished,6
7796,2021_9,alonso,alpine,14,10,1.0,14,70,+1 Lap,14
7797,2021_9,russell,williams,63,11,0.0,8,70,+1 Lap,9
7798,2021_9,tsunoda,alphatauri,22,12,0.0,7,70,+1 Lap,7
7799,2021_9,stroll,aston_martin,18,13,0.0,9,70,+1 Lap,10
7800,2021_9,giovinazzi,alfa,99,14,0.0,15,70,+1 Lap,15
7801,2021_9,raikkonen,alfa,7,15,0.0,16,70,+1 Lap,16
7802,2021_9,latifi,williams,6,16,0.0,18,70,+1 Lap,18
7803,2021_9,vettel,aston_martin,5,17,0.0,11,69,Collision,8
7804,2021_9,mick_schumacher,haas,47,18,0.0,19,69,+2 Laps,19
7805,2021_9,mazepin,haas,9,19,0.0,20,69,+2 Laps,20
7806,2021_9,ocon,alpine,31,20,0.0,17,0,Collision,17
7807,2021_10,hamilton,mercedes,44,1,25.0,2,52,Finished,1
7808,2021_10,leclerc,ferrari,16,2,18.0,4,52,Finished,4
7809,2021_10,bottas,mercedes,77,3,15.0,3,52,Finished,3
7810,2021_10,norris,mclaren,4,4,12.0,5,52,Finished,6
7811,2021_10,ricciardo,mclaren,3,5,10.0,6,52,Finished,7
7812,2021_10,sainz,ferrari,55,6,8.0,10,52,Finished,9
7813,2021_10,alonso,alpine,14,7,6.0,7,52,Finished,11
7814,2021_10,stroll,aston_martin,18,8,4.0,14,52,Finished,15
7815,2021_10,ocon,alpine,31,9,2.0,9,52,Finished,13
7816,2021_10,tsunoda,alphatauri,22,10,1.0,16,52,Finished,16
7817,2021_10,gasly,alphatauri,10,11,0.0,11,52,Finished,12
7818,2021_10,russell,williams,63,12,0.0,12,51,+1 Lap,8
7819,2021_10,giovinazzi,alfa,99,13,0.0,15,51,+1 Lap,14
7820,2021_10,latifi,williams,6,14,0.0,17,51,+1 Lap,18
7821,2021_10,raikkonen,alfa,7,15,0.0,13,51,+1 Lap,17
7822,2021_10,perez,red_bull,11,16,0.0,0,51,+1 Lap,5
7823,2021_10,mazepin,haas,9,17,0.0,19,51,+1 Lap,20
7824,2021_10,mick_schumacher,haas,47,18,0.0,18,51,+1 Lap,19
7825,2021_10,vettel,aston_martin,5,19,0.0,8,40,Retired,10
7826,2021_10,max_verstappen,red_bull,33,20,0.0,1,0,Collision,2
7827,2021_11,ocon,alpine,31,1,25.0,8,70,Finished,8
7828,2021_11,hamilton,mercedes,44,2,18.0,1,70,Finished,1
7829,2021_11,sainz,ferrari,55,3,15.0,15,70,Finished,15
7830,2021_11,alonso,alpine,14,4,12.0,9,70,Finished,9
7831,2021_11,gasly,alphatauri,10,5,11.0,5,70,Finished,5
7832,2021_11,tsunoda,alphatauri,22,6,8.0,16,70,Finished,16
7833,2021_11,latifi,williams,6,7,6.0,18,70,Finished,18
7834,2021_11,russell,williams,63,8,4.0,17,70,Finished,17
7835,2021_11,max_verstappen,red_bull,33,9,2.0,3,70,Finished,3
7836,2021_11,raikkonen,alfa,7,10,1.0,13,69,+1 Lap,13
7837,2021_11,ricciardo,mclaren,3,11,0.0,11,69,+1 Lap,11
7838,2021_11,mick_schumacher,haas,47,12,0.0,20,69,+1 Lap,20
7839,2021_11,giovinazzi,alfa,99,13,0.0,0,69,+1 Lap,14
7840,2021_11,mazepin,haas,9,14,0.0,19,3,Collision,19
7841,2021_11,norris,mclaren,4,15,0.0,6,2,Collision,6
7842,2021_11,bottas,mercedes,77,16,0.0,2,0,Collision,2
7843,2021_11,perez,red_bull,11,17,0.0,4,0,Collision,4
7844,2021_11,leclerc,ferrari,16,18,0.0,7,0,Collision,7
7845,2021_11,stroll,aston_martin,18,19,0.0,12,0,Collision,12
7846,2021_11,vettel,aston_martin,5,20,0.0,10,70,Disqualified,10
7847,2021_12,max_verstappen,red_bull,33,1,12.5,1,1,Finished,1
7848,2021_12,russell,williams,63,2,9.0,2,1,Finished,2
7849,2021_12,hamilton,mercedes,44,3,7.5,3,1,Finished,3
7850,2021_12,ricciardo,mclaren,3,4,6.0,4,1,Finished,4
7851,2021_12,vettel,aston_martin,5,5,5.0,5,1,Finished,5
7852,2021_12,gasly,alphatauri,10,6,4.0,6,1,Finished,6
7853,2021_12,ocon,alpine,31,7,3.0,8,1,Finished,9
7854,2021_12,leclerc,ferrari,16,8,2.0,9,1,Finished,11
7855,2021_12,latifi,williams,6,9,1.0,10,1,Finished,12
7856,2021_12,sainz,ferrari,55,10,0.5,11,1,Finished,13
7857,2021_12,alonso,alpine,14,11,0.0,12,1,Finished,14
7858,2021_12,bottas,mercedes,77,12,0.0,13,1,Finished,8
7859,2021_12,giovinazzi,alfa,99,13,0.0,14,1,Finished,16
7860,2021_12,norris,mclaren,4,14,0.0,15,1,Finished,10
7861,2021_12,tsunoda,alphatauri,22,15,0.0,16,1,Finished,17
7862,2021_12,mick_schumacher,haas,47,16,0.0,17,1,Finished,18
7863,2021_12,mazepin,haas,9,17,0.0,18,1,Finished,20
7864,2021_12,raikkonen,alfa,7,18,0.0,0,1,Finished,19
7865,2021_12,perez,red_bull,11,19,0.0,0,1,Finished,7
7866,2021_12,stroll,aston_martin,18,20,0.0,19,1,Finished,15
7867,2021_13,max_verstappen,red_bull,33,1,25.0,1,72,Finished,1
7868,2021_13,hamilton,mercedes,44,2,19.0,2,72,Finished,2
7869,2021_13,bottas,mercedes,77,3,15.0,3,72,Finished,3
7870,2021_13,gasly,alphatauri,10,4,12.0,4,71,+1 Lap,4
7871,2021_13,leclerc,ferrari,16,5,10.0,5,71,+1 Lap,5
7872,2021_13,alonso,alpine,14,6,8.0,9,71,+1 Lap,9
7873,2021_13,sainz,ferrari,55,7,6.0,6,71,+1 Lap,6
7874,2021_13,perez,red_bull,11,8,4.0,0,71,+1 Lap,16
7875,2021_13,ocon,alpine,31,9,2.0,8,71,+1 Lap,8
7876,2021_13,norris,mclaren,4,10,1.0,13,71,+1 Lap,13
7877,2021_13,ricciardo,mclaren,3,11,0.0,10,71,+1 Lap,10
7878,2021_13,stroll,aston_martin,18,12,0.0,12,70,+2 Laps,12
7879,2021_13,vettel,aston_martin,5,13,0.0,15,70,+2 Laps,17
7880,2021_13,giovinazzi,alfa,99,14,0.0,7,70,+2 Laps,7
7881,2021_13,kubica,alfa,88,15,0.0,16,70,+2 Laps,18
7882,2021_13,latifi,williams,6,16,0.0,0,70,+2 Laps,14
7883,2021_13,russell,williams,63,17,0.0,11,69,Gearbox,11
7884,2021_13,mick_schumacher,haas,47,18,0.0,17,69,+3 Laps,19
7885,2021_13,tsunoda,alphatauri,22,19,0.0,14,48,Power Unit,15
7886,2021_13,mazepin,haas,9,20,0.0,18,41,Hydraulics,20
7887,2021_14,ricciardo,mclaren,3,1,26.0,2,53,Finished,5
7888,2021_14,norris,mclaren,4,2,18.0,3,53,Finished,4
7889,2021_14,bottas,mercedes,77,3,15.0,19,53,Finished,1
7890,2021_14,leclerc,ferrari,16,4,12.0,5,53,Finished,8
7891,2021_14,perez,red_bull,11,5,10.0,8,53,Finished,9
7892,2021_14,sainz,ferrari,55,6,8.0,6,53,Finished,7
7893,2021_14,stroll,aston_martin,18,7,6.0,9,53,Finished,12
7894,2021_14,alonso,alpine,14,8,4.0,10,53,Finished,13
7895,2021_14,russell,williams,63,9,2.0,14,53,Finished,15
7896,2021_14,ocon,alpine,31,10,1.0,12,53,Finished,14
7897,2021_14,latifi,williams,6,11,0.0,13,53,Finished,16
7898,2021_14,vettel,aston_martin,5,12,0.0,11,53,Finished,11
7899,2021_14,giovinazzi,alfa,99,13,0.0,7,53,Finished,10
7900,2021_14,kubica,alfa,88,14,0.0,17,53,Finished,19
7901,2021_14,mick_schumacher,haas,47,15,0.0,18,53,Finished,18
7902,2021_14,mazepin,haas,9,16,0.0,16,41,Power Unit,20
7903,2021_14,hamilton,mercedes,44,17,0.0,4,25,Collision,2
7904,2021_14,max_verstappen,red_bull,33,18,0.0,1,25,Collision,3
7905,2021_14,gasly,alphatauri,10,19,0.0,0,3,Suspension,6
7906,2021_14,tsunoda,alphatauri,22,20,0.0,0,0,Brakes,17
7907,2021_15,hamilton,mercedes,44,1,25.0,4,53,Finished,4
7908,2021_15,max_verstappen,red_bull,33,2,18.0,20,53,Finished,20
7909,2021_15,sainz,ferrari,55,3,15.0,2,53,Finished,2
7910,2021_15,ricciardo,mclaren,3,4,12.0,5,53,Finished,5
7911,2021_15,bottas,mercedes,77,5,10.0,16,53,Finished,7
7912,2021_15,alonso,alpine,14,6,8.0,6,53,Finished,6
7913,2021_15,norris,mclaren,4,7,7.0,1,53,Finished,1
7914,2021_15,raikkonen,alfa,7,8,4.0,13,53,Finished,16
7915,2021_15,perez,red_bull,11,9,2.0,8,53,Finished,9
7916,2021_15,russell,williams,63,10,1.0,3,53,Finished,3
7917,2021_15,stroll,aston_martin,18,11,0.0,7,53,Finished,8
7918,2021_15,vettel,aston_martin,5,12,0.0,10,52,+1 Lap,11
7919,2021_15,gasly,alphatauri,10,13,0.0,11,52,+1 Lap,12
7920,2021_15,ocon,alpine,31,14,0.0,9,52,+1 Lap,10
7921,2021_15,leclerc,ferrari,16,15,0.0,19,52,+1 Lap,15
7922,2021_15,giovinazzi,alfa,99,16,0.0,17,52,+1 Lap,18
7923,2021_15,tsunoda,alphatauri,22,17,0.0,12,52,+1 Lap,13
7924,2021_15,mazepin,haas,9,18,0.0,15,51,+2 Laps,19
7925,2021_15,latifi,williams,6,19,0.0,18,47,Accident,14
7926,2021_15,mick_schumacher,haas,47,20,0.0,14,32,Oil leak,17
7927,2021_16,bottas,mercedes,77,1,26.0,1,58,Finished,2
7928,2021_16,max_verstappen,red_bull,33,2,18.0,2,58,Finished,3
7929,2021_16,perez,red_bull,11,3,15.0,6,58,Finished,7
7930,2021_16,leclerc,ferrari,16,4,12.0,3,58,Finished,4
7931,2021_16,hamilton,mercedes,44,5,10.0,11,58,Finished,1
7932,2021_16,gasly,alphatauri,10,6,8.0,4,58,Finished,5
7933,2021_16,norris,mclaren,4,7,6.0,7,58,Finished,8
7934,2021_16,sainz,ferrari,55,8,4.0,19,58,Finished,15
7935,2021_16,stroll,aston_martin,18,9,2.0,8,58,Finished,9
7936,2021_16,ocon,alpine,31,10,1.0,12,57,+1 Lap,12
7937,2021_16,giovinazzi,alfa,99,11,0.0,16,57,+1 Lap,18
7938,2021_16,raikkonen,alfa,7,12,0.0,17,57,+1 Lap,19
7939,2021_16,ricciardo,mclaren,3,13,0.0,20,57,+1 Lap,16
7940,2021_16,tsunoda,alphatauri,22,14,0.0,9,57,+1 Lap,10
7941,2021_16,russell,williams,63,15,0.0,13,57,+1 Lap,13
7942,2021_16,alonso,alpine,14,16,0.0,5,57,+1 Lap,6
7943,2021_16,latifi,williams,6,17,0.0,15,57,+1 Lap,17
7944,2021_16,vettel,aston_martin,5,18,0.0,10,57,+1 Lap,11
7945,2021_16,mick_schumacher,haas,47,19,0.0,14,56,+2 Laps,14
7946,2021_16,mazepin,haas,9,20,0.0,18,56,+2 Laps,20
7947,2021_17,max_verstappen,red_bull,33,1,25.0,1,56,Finished,1
7948,2021_17,hamilton,mercedes,44,2,19.0,2,56,Finished,2
7949,2021_17,perez,red_bull,11,3,15.0,3,56,Finished,3
7950,2021_17,leclerc,ferrari,16,4,12.0,4,56,Finished,5
7951,2021_17,ricciardo,mclaren,3,5,10.0,6,56,Finished,7
7952,2021_17,bottas,mercedes,77,6,8.0,9,56,Finished,4
7953,2021_17,sainz,ferrari,55,7,6.0,5,56,Finished,6
7954,2021_17,norris,mclaren,4,8,4.0,7,56,Finished,8
7955,2021_17,tsunoda,alphatauri,22,9,2.0,10,55,+1 Lap,10
7956,2021_17,vettel,aston_martin,5,10,1.0,18,55,+1 Lap,12
7957,2021_17,giovinazzi,alfa,99,11,0.0,12,55,+1 Lap,13
7958,2021_17,stroll,aston_martin,18,12,0.0,13,55,+1 Lap,16
7959,2021_17,raikkonen,alfa,7,13,0.0,15,55,+1 Lap,18
7960,2021_17,russell,williams,63,14,0.0,20,55,+1 Lap,15
7961,2021_17,latifi,williams,6,15,0.0,14,55,+1 Lap,17
7962,2021_17,mick_schumacher,haas,47,16,0.0,16,54,+2 Laps,19
7963,2021_17,mazepin,haas,9,17,0.0,17,54,+2 Laps,20
7964,2021_17,alonso,alpine,14,18,0.0,19,49,Rear wing,14
7965,2021_17,ocon,alpine,31,19,0.0,11,40,Mechanical,11
7966,2021_17,gasly,alphatauri,10,20,0.0,8,14,Suspension,9
7967,2021_18,max_verstappen,red_bull,33,1,25.0,3,71,Finished,3
7968,2021_18,hamilton,mercedes,44,2,18.0,2,71,Finished,2
7969,2021_18,perez,red_bull,11,3,15.0,4,71,Finished,4
7970,2021_18,gasly,alphatauri,10,4,12.0,5,71,Finished,5
7971,2021_18,leclerc,ferrari,16,5,10.0,8,71,Finished,8
7972,2021_18,sainz,ferrari,55,6,8.0,6,70,+1 Lap,6
7973,2021_18,vettel,aston_martin,5,7,6.0,9,70,+1 Lap,11
7974,2021_18,raikkonen,alfa,7,8,4.0,10,70,+1 Lap,12
7975,2021_18,alonso,alpine,14,9,2.0,12,70,+1 Lap,16
7976,2021_18,norris,mclaren,4,10,1.0,18,70,+1 Lap,10
7977,2021_18,giovinazzi,alfa,99,11,0.0,11,70,+1 Lap,14
7978,2021_18,ricciardo,mclaren,3,12,0.0,7,70,+1 Lap,7
7979,2021_18,ocon,alpine,31,13,0.0,19,70,+1 Lap,15
7980,2021_18,stroll,aston_martin,18,14,0.0,20,69,+2 Laps,20
7981,2021_18,bottas,mercedes,77,15,0.0,1,69,+2 Laps,1
7982,2021_18,russell,williams,63,16,0.0,16,69,+2 Laps,13
7983,2021_18,latifi,williams,6,17,0.0,13,69,+2 Laps,17
7984,2021_18,mazepin,haas,9,18,0.0,15,68,+3 Laps,19
7985,2021_18,mick_schumacher,haas,47,19,0.0,14,0,Collision,18
7986,2021_18,tsunoda,alphatauri,22,20,0.0,17,0,Collision,9
7987,2021_19,hamilton,mercedes,44,1,25.0,10,71,Finished,1
7988,2021_19,max_verstappen,red_bull,33,2,18.0,2,71,Finished,2
7989,2021_19,bottas,mercedes,77,3,15.0,1,71,Finished,3
7990,2021_19,perez,red_bull,11,4,13.0,4,71,Finished,4
7991,2021_19,leclerc,ferrari,16,5,10.0,6,71,Finished,7
7992,2021_19,sainz,ferrari,55,6,8.0,3,71,Finished,6
7993,2021_19,gasly,alphatauri,10,7,6.0,7,70,+1 Lap,5
7994,2021_19,ocon,alpine,31,8,4.0,8,70,+1 Lap,11
7995,2021_19,alonso,alpine,14,9,2.0,12,70,+1 Lap,10
7996,2021_19,norris,mclaren,4,10,1.0,5,70,+1 Lap,8
7997,2021_19,vettel,aston_martin,5,11,0.0,9,70,+1 Lap,12
7998,2021_19,raikkonen,alfa,7,12,0.0,0,70,+1 Lap,14
7999,2021_19,russell,williams,63,13,0.0,17,70,+1 Lap,18
8000,2021_19,giovinazzi,alfa,99,14,0.0,13,70,+1 Lap,15
8001,2021_19,tsunoda,alphatauri,22,15,0.0,15,70,+1 Lap,13
8002,2021_19,latifi,williams,6,16,0.0,16,70,+1 Lap,17
8003,2021_19,mazepin,haas,9,17,0.0,19,69,+2 Laps,20
8004,2021_19,mick_schumacher,haas,47,18,0.0,18,69,+2 Laps,19
8005,2021_19,ricciardo,mclaren,3,19,0.0,11,49,Power loss,9
8006,2021_19,stroll,aston_martin,18,20,0.0,14,47,Collision damage,16
8007,2021_20,hamilton,mercedes,44,1,25.0,1,57,Finished,1
8008,2021_20,max_verstappen,red_bull,33,2,19.0,7,57,Finished,2
8009,2021_20,alonso,alpine,14,3,15.0,3,57,Finished,5
8010,2021_20,perez,red_bull,11,4,12.0,11,57,Finished,11
8011,2021_20,ocon,alpine,31,5,10.0,9,57,Finished,9
8012,2021_20,stroll,aston_martin,18,6,8.0,12,57,Finished,12
8013,2021_20,sainz,ferrari,55,7,6.0,5,57,Finished,7
8014,2021_20,leclerc,ferrari,16,8,4.0,13,57,Finished,13
8015,2021_20,norris,mclaren,4,9,2.0,4,56,+1 Lap,6
8016,2021_20,vettel,aston_martin,5,10,1.0,10,56,+1 Lap,10
8017,2021_20,gasly,alphatauri,10,11,0.0,2,56,+1 Lap,4
8018,2021_20,ricciardo,mclaren,3,12,0.0,14,56,+1 Lap,14
8019,2021_20,tsunoda,alphatauri,22,13,0.0,8,56,+1 Lap,8
8020,2021_20,raikkonen,alfa,7,14,0.0,16,56,+1 Lap,16
8021,2021_20,giovinazzi,alfa,99,15,0.0,18,56,+1 Lap,18
8022,2021_20,mick_schumacher,haas,47,16,0.0,19,56,+1 Lap,19
8023,2021_20,russell,williams,63,17,0.0,15,55,+2 Laps,15
8024,2021_20,mazepin,haas,9,18,0.0,20,55,+2 Laps,20
8025,2021_20,latifi,williams,6,19,0.0,17,50,Puncture,17
8026,2021_20,bottas,mercedes,77,20,0.0,6,48,Damage,3
8027,2021_21,hamilton,mercedes,44,1,26.0,1,50,Finished,1
8028,2021_21,max_verstappen,red_bull,33,2,18.0,3,50,Finished,3
8029,2021_21,bottas,mercedes,77,3,15.0,2,50,Finished,2
8030,2021_21,ocon,alpine,31,4,12.0,9,50,Finished,9
8031,2021_21,ricciardo,mclaren,3,5,10.0,11,50,Finished,11
8032,2021_21,gasly,alphatauri,10,6,8.0,6,50,Finished,6
8033,2021_21,leclerc,ferrari,16,7,6.0,4,50,Finished,4
8034,2021_21,sainz,ferrari,55,8,4.0,15,50,Finished,15
8035,2021_21,giovinazzi,alfa,99,9,2.0,10,50,Finished,10
8036,2021_21,norris,mclaren,4,10,1.0,7,50,Finished,7
8037,2021_21,stroll,aston_martin,18,11,0.0,18,50,Finished,18
8038,2021_21,latifi,williams,6,12,0.0,16,50,Finished,16
8039,2021_21,alonso,alpine,14,13,0.0,13,49,+1 Lap,13
8040,2021_21,tsunoda,alphatauri,22,14,0.0,8,49,+1 Lap,8
8041,2021_21,raikkonen,alfa,7,15,0.0,12,49,+1 Lap,12
8042,2021_21,vettel,aston_martin,5,16,0.0,17,44,Collision damage,17
8043,2021_21,perez,red_bull,11,17,0.0,5,14,Collision,5
8044,2021_21,mazepin,haas,9,18,0.0,20,14,Collision,20
8045,2021_21,russell,williams,63,19,0.0,14,14,Collision,14
8046,2021_21,mick_schumacher,haas,47,20,0.0,19,8,Accident,19
8047,2021_22,max_verstappen,red_bull,33,1,26.0,1,58,Finished,1
8048,2021_22,hamilton,mercedes,44,2,18.0,2,58,Finished,2
8049,2021_22,sainz,ferrari,55,3,15.0,5,58,Finished,5
8050,2021_22,tsunoda,alphatauri,22,4,12.0,8,58,Finished,8
8051,2021_22,gasly,alphatauri,10,5,10.0,12,58,Finished,12
8052,2021_22,bottas,mercedes,77,6,8.0,6,58,Finished,6
8053,2021_22,norris,mclaren,4,7,6.0,3,58,Finished,3
8054,2021_22,alonso,alpine,14,8,4.0,11,58,Finished,11
8055,2021_22,ocon,alpine,31,9,2.0,9,58,Finished,9
8056,2021_22,leclerc,ferrari,16,10,1.0,7,58,Finished,7
8057,2021_22,vettel,aston_martin,5,11,0.0,15,58,Finished,15
8058,2021_22,ricciardo,mclaren,3,12,0.0,10,57,+1 Lap,10
8059,2021_22,stroll,aston_martin,18,13,0.0,13,57,+1 Lap,13
8060,2021_22,mick_schumacher,haas,47,14,0.0,19,57,+1 Lap,19
8061,2021_22,perez,red_bull,11,15,0.0,4,55,Engine,4
8062,2021_22,latifi,williams,6,16,0.0,16,50,Accident,16
8063,2021_22,giovinazzi,alfa,99,17,0.0,14,33,Gearbox,14
8064,2021_22,russell,williams,63,18,0.0,17,26,Gearbox,17
8065,2021_22,raikkonen,alfa,7,19,0.0,18,25,Brakes,18
8066,2021_22,mazepin,haas,9,20,0.0,20,0,Illness,20
8067,2022_1,leclerc,ferrari,16,1,26.0,1,57,Finished,1
8068,2022_1,sainz,ferrari,55,2,18.0,3,57,Finished,3
8069,2022_1,hamilton,mercedes,44,3,15.0,5,57,Finished,5
8070,2022_1,russell,mercedes,63,4,12.0,9,57,Finished,9
8071,2022_1,kevin_magnussen,haas,20,5,10.0,7,57,Finished,7
8072,2022_1,bottas,alfa,77,6,8.0,6,57,Finished,6
8073,2022_1,ocon,alpine,31,7,6.0,11,57,Finished,11
8074,2022_1,tsunoda,alphatauri,22,8,4.0,16,57,Finished,16
8075,2022_1,alonso,alpine,14,9,2.0,8,57,Finished,8
8076,2022_1,zhou,alfa,24,10,1.0,15,57,Finished,15
8077,2022_1,mick_schumacher,haas,47,11,0.0,12,57,Finished,12
8078,2022_1,stroll,aston_martin,18,12,0.0,19,57,Finished,19
8079,2022_1,albon,williams,23,13,0.0,14,57,Finished,14
8080,2022_1,ricciardo,mclaren,3,14,0.0,18,57,Finished,18
8081,2022_1,norris,mclaren,4,15,0.0,13,57,Finished,13
8082,2022_1,latifi,williams,6,16,0.0,20,57,Finished,20
8083,2022_1,hulkenberg,aston_martin,27,17,0.0,17,57,Finished,17
8084,2022_1,perez,red_bull,11,18,0.0,4,56,Fuel pressure,4
8085,2022_1,max_verstappen,red_bull,1,19,0.0,2,54,Fuel pressure,2
8086,2022_1,gasly,alphatauri,10,20,0.0,10,44,Power Unit,10
8087,2022_2,max_verstappen,red_bull,1,1,25.0,4,50,Finished,4
8088,2022_2,leclerc,ferrari,16,2,19.0,2,50,Finished,2
8089,2022_2,sainz,ferrari,55,3,15.0,3,50,Finished,3
8090,2022_2,perez,red_bull,11,4,12.0,1,50,Finished,1
8091,2022_2,russell,mercedes,63,5,10.0,6,50,Finished,6
8092,2022_2,ocon,alpine,31,6,8.0,5,50,Finished,5
8093,2022_2,norris,mclaren,4,7,6.0,11,50,Finished,11
8094,2022_2,gasly,alphatauri,10,8,4.0,9,50,Finished,9
8095,2022_2,kevin_magnussen,haas,20,9,2.0,10,50,Finished,10
8096,2022_2,hamilton,mercedes,44,10,1.0,15,50,Finished,16
8097,2022_2,zhou,alfa,24,11,0.0,12,50,Finished,13
8098,2022_2,hulkenberg,aston_martin,27,12,0.0,17,50,Finished,18
8099,2022_2,stroll,aston_martin,18,13,0.0,13,49,+1 Lap,15
8100,2022_2,albon,williams,23,14,0.0,16,47,Collision damage,17
8101,2022_2,bottas,alfa,77,15,0.0,8,36,Cooling system,8
8102,2022_2,alonso,alpine,14,16,0.0,7,35,Water pump,7
8103,2022_2,ricciardo,mclaren,3,17,0.0,14,35,Gearbox,12
8104,2022_2,latifi,williams,6,18,0.0,18,14,Accident,19
8105,2022_2,tsunoda,alphatauri,22,19,0.0,19,0,Power Unit,20
8106,2022_2,mick_schumacher,haas,47,20,0.0,0,0,Withdrew,14
8107,2022_3,leclerc,ferrari,16,1,26.0,1,58,Finished,1
8108,2022_3,perez,red_bull,11,2,18.0,3,58,Finished,3
8109,2022_3,russell,mercedes,63,3,15.0,6,58,Finished,6
8110,2022_3,hamilton,mercedes,44,4,12.0,5,58,Finished,5
8111,2022_3,norris,mclaren,4,5,10.0,4,58,Finished,4
8112,2022_3,ricciardo,mclaren,3,6,8.0,7,58,Finished,7
8113,2022_3,ocon,alpine,31,7,6.0,8,58,Finished,8
8114,2022_3,bottas,alfa,77,8,4.0,12,58,Finished,12
8115,2022_3,gasly,alphatauri,10,9,2.0,11,58,Finished,11
8116,2022_3,albon,williams,23,10,1.0,20,58,Finished,16
8117,2022_3,zhou,alfa,24,11,0.0,14,58,Finished,14
8118,2022_3,stroll,aston_martin,18,12,0.0,19,58,Finished,20
8119,2022_3,mick_schumacher,haas,47,13,0.0,15,57,+1 Lap,15
8120,2022_3,kevin_magnussen,haas,20,14,0.0,16,57,+1 Lap,17
8121,2022_3,tsunoda,alphatauri,22,15,0.0,13,57,+1 Lap,13
8122,2022_3,latifi,williams,6,16,0.0,18,57,+1 Lap,19
8123,2022_3,alonso,alpine,14,17,0.0,10,57,+1 Lap,10
8124,2022_3,max_verstappen,red_bull,1,18,0.0,2,38,Fuel leak,2
8125,2022_3,vettel,aston_martin,5,19,0.0,17,22,Accident,18
8126,2022_3,sainz,ferrari,55,20,0.0,9,1,Spun off,9
8127,2022_4,max_verstappen,red_bull,1,1,26.0,1,63,Finished,1
8128,2022_4,perez,red_bull,11,2,18.0,3,63,Finished,7
8129,2022_4,norris,mclaren,4,3,15.0,5,63,Finished,3
8130,2022_4,russell,mercedes,63,4,12.0,11,63,Finished,11
8131,2022_4,bottas,alfa,77,5,10.0,7,63,Finished,8
8132,2022_4,leclerc,ferrari,16,6,8.0,2,63,Finished,2
8133,2022_4,tsunoda,alphatauri,22,7,6.0,12,63,Finished,16
8134,2022_4,vettel,aston_martin,5,8,4.0,13,63,Finished,9
8135,2022_4,kevin_magnussen,haas,20,9,2.0,8,63,Finished,4
8136,2022_4,stroll,aston_martin,18,10,1.0,15,62,+1 Lap,15
8137,2022_4,albon,williams,23,11,0.0,18,62,+1 Lap,20
8138,2022_4,gasly,alphatauri,10,12,0.0,17,62,+1 Lap,17
8139,2022_4,hamilton,mercedes,44,13,0.0,14,62,+1 Lap,13
8140,2022_4,ocon,alpine,31,14,0.0,16,62,+1 Lap,19
8141,2022_4,zhou,alfa,24,15,0.0,0,62,+1 Lap,14
8142,2022_4,latifi,williams,6,16,0.0,19,62,+1 Lap,18
8143,2022_4,mick_schumacher,haas,47,17,0.0,10,62,+1 Lap,12
8144,2022_4,ricciardo,mclaren,3,18,0.0,6,62,+1 Lap,6
8145,2022_4,alonso,alpine,14,19,0.0,9,6,Collision damage,5
8146,2022_4,sainz,ferrari,55,20,0.0,4,0,Collision,10
8147,2022_5,max_verstappen,red_bull,1,1,26.0,3,57,Finished,3
8148,2022_5,leclerc,ferrari,16,2,18.0,1,57,Finished,1
8149,2022_5,sainz,ferrari,55,3,15.0,2,57,Finished,2
8150,2022_5,perez,red_bull,11,4,12.0,4,57,Finished,4
8151,2022_5,russell,mercedes,63,5,10.0,12,57,Finished,12
8152,2022_5,hamilton,mercedes,44,6,8.0,6,57,Finished,6
8153,2022_5,bottas,alfa,77,7,6.0,5,57,Finished,5
8154,2022_5,ocon,alpine,31,8,4.0,20,57,Finished,20
8155,2022_5,albon,williams,23,9,2.0,18,57,Finished,18
8156,2022_5,stroll,aston_martin,18,10,1.0,0,57,Finished,10
8157,2022_5,alonso,alpine,14,11,0.0,11,57,Finished,11
8158,2022_5,tsunoda,alphatauri,22,12,0.0,9,57,Finished,9
8159,2022_5,ricciardo,mclaren,3,13,0.0,14,57,Finished,14
8160,2022_5,latifi,williams,6,14,0.0,19,57,Finished,19
8161,2022_5,mick_schumacher,haas,47,15,0.0,15,57,Finished,15
8162,2022_5,kevin_magnussen,haas,20,16,0.0,16,56,Front wing,16
8163,2022_5,vettel,aston_martin,5,17,0.0,0,54,Collision,13
8164,2022_5,gasly,alphatauri,10,18,0.0,7,45,Suspension,7
8165,2022_5,norris,mclaren,4,19,0.0,8,39,Collision,8
8166,2022_5,zhou,alfa,24,20,0.0,17,6,Water leak,17
8167,2022_6,max_verstappen,red_bull,1,1,25.0,2,66,Finished,2
8168,2022_6,perez,red_bull,11,2,19.0,5,66,Finished,5
8169,2022_6,russell,mercedes,63,3,15.0,4,66,Finished,4
8170,2022_6,sainz,ferrari,55,4,12.0,3,66,Finished,3
8171,2022_6,hamilton,mercedes,44,5,10.0,6,66,Finished,6
8172,2022_6,bottas,alfa,77,6,8.0,7,66,Finished,7
8173,2022_6,ocon,alpine,31,7,6.0,12,66,Finished,12
8174,2022_6,norris,mclaren,4,8,4.0,11,66,Finished,11
8175,2022_6,alonso,alpine,14,9,2.0,20,65,+1 Lap,17
8176,2022_6,tsunoda,alphatauri,22,10,1.0,13,65,+1 Lap,13
8177,2022_6,vettel,aston_martin,5,11,0.0,16,65,+1 Lap,16
8178,2022_6,ricciardo,mclaren,3,12,0.0,9,65,+1 Lap,9
8179,2022_6,gasly,alphatauri,10,13,0.0,14,65,+1 Lap,14
8180,2022_6,mick_schumacher,haas,47,14,0.0,10,65,+1 Lap,10
8181,2022_6,stroll,aston_martin,18,15,0.0,17,65,+1 Lap,18
8182,2022_6,latifi,williams,6,16,0.0,19,64,+2 Laps,20
8183,2022_6,kevin_magnussen,haas,20,17,0.0,8,64,+2 Laps,8
8184,2022_6,albon,williams,23,18,0.0,18,64,+2 Laps,19
8185,2022_6,zhou,alfa,24,19,0.0,15,28,Power loss,15
8186,2022_6,leclerc,ferrari,16,20,0.0,1,27,Turbo,1
8187,2022_7,perez,red_bull,11,1,25.0,3,64,Finished,3
8188,2022_7,sainz,ferrari,55,2,18.0,2,64,Finished,2
8189,2022_7,max_verstappen,red_bull,1,3,15.0,4,64,Finished,4
8190,2022_7,leclerc,ferrari,16,4,12.0,1,64,Finished,1
8191,2022_7,russell,mercedes,63,5,10.0,6,64,Finished,6
8192,2022_7,norris,mclaren,4,6,9.0,5,64,Finished,5
8193,2022_7,alonso,alpine,14,7,6.0,7,64,Finished,7
8194,2022_7,hamilton,mercedes,44,8,4.0,8,64,Finished,8
8195,2022_7,bottas,alfa,77,9,2.0,12,64,Finished,12
8196,2022_7,vettel,aston_martin,5,10,1.0,9,64,Finished,9
8197,2022_7,gasly,alphatauri,10,11,0.0,17,64,Finished,17
8198,2022_7,ocon,alpine,31,12,0.0,10,64,Finished,10
8199,2022_7,ricciardo,mclaren,3,13,0.0,14,64,Finished,14
8200,2022_7,stroll,aston_martin,18,14,0.0,18,64,Finished,18
8201,2022_7,latifi,williams,6,15,0.0,19,63,+1 Lap,19
8202,2022_7,zhou,alfa,24,16,0.0,20,63,+1 Lap,20
8203,2022_7,tsunoda,alphatauri,22,17,0.0,11,63,+1 Lap,11
8204,2022_7,albon,williams,23,18,0.0,16,48,Mechanical,16
8205,2022_7,mick_schumacher,haas,47,19,0.0,15,24,Accident,15
8206,2022_7,kevin_magnussen,haas,20,20,0.0,13,19,Water pressure,13
8207,2022_8,max_verstappen,red_bull,1,1,25.0,3,51,Finished,3
8208,2022_8,perez,red_bull,11,2,19.0,2,51,Finished,2
8209,2022_8,russell,mercedes,63,3,15.0,5,51,Finished,5
8210,2022_8,hamilton,mercedes,44,4,12.0,7,51,Finished,7
8211,2022_8,gasly,alphatauri,10,5,10.0,6,51,Finished,6
8212,2022_8,vettel,aston_martin,5,6,8.0,9,51,Finished,9
8213,2022_8,alonso,alpine,14,7,6.0,10,51,Finished,10
8214,2022_8,ricciardo,mclaren,3,8,4.0,12,51,Finished,12
8215,2022_8,norris,mclaren,4,9,2.0,11,51,Finished,11
8216,2022_8,ocon,alpine,31,10,1.0,13,51,Finished,13
8217,2022_8,bottas,alfa,77,11,0.0,15,50,+1 Lap,15
8218,2022_8,albon,williams,23,12,0.0,17,50,+1 Lap,17
8219,2022_8,tsunoda,alphatauri,22,13,0.0,8,50,+1 Lap,8
8220,2022_8,mick_schumacher,haas,47,14,0.0,20,50,+1 Lap,20
8221,2022_8,latifi,williams,6,15,0.0,18,50,+1 Lap,18
8222,2022_8,stroll,aston_martin,18,16,0.0,19,46,Vibrations,19
8223,2022_8,kevin_magnussen,haas,20,17,0.0,16,31,Power Unit,16
8224,2022_8,zhou,alfa,24,18,0.0,14,23,Hydraulics,14
8225,2022_8,leclerc,ferrari,16,19,0.0,1,21,Power Unit,1
8226,2022_8,sainz,ferrari,55,20,0.0,4,8,Hydraulics,4
8227,2022_9,max_verstappen,red_bull,1,1,25.0,1,70,Finished,1
8228,2022_9,sainz,ferrari,55,2,19.0,3,70,Finished,3
8229,2022_9,hamilton,mercedes,44,3,15.0,4,70,Finished,4
8230,2022_9,russell,mercedes,63,4,12.0,8,70,Finished,8
8231,2022_9,leclerc,ferrari,16,5,10.0,19,70,Finished,15
8232,2022_9,ocon,alpine,31,6,8.0,7,70,Finished,7
8233,2022_9,bottas,alfa,77,7,6.0,11,70,Finished,11
8234,2022_9,zhou,alfa,24,8,4.0,10,70,Finished,10
8235,2022_9,alonso,alpine,14,9,2.0,2,70,Finished,2
8236,2022_9,stroll,aston_martin,18,10,1.0,17,70,Finished,18
8237,2022_9,ricciardo,mclaren,3,11,0.0,9,70,Finished,9
8238,2022_9,vettel,aston_martin,5,12,0.0,16,70,Finished,17
8239,2022_9,albon,williams,23,13,0.0,12,70,Finished,12
8240,2022_9,gasly,alphatauri,10,14,0.0,15,70,Finished,16
8241,2022_9,norris,mclaren,4,15,0.0,14,70,Finished,14
8242,2022_9,latifi,williams,6,16,0.0,18,70,Finished,19
8243,2022_9,kevin_magnussen,haas,20,17,0.0,5,70,Finished,5
8244,2022_9,tsunoda,alphatauri,22,18,0.0,20,47,Accident,20
8245,2022_9,mick_schumacher,haas,47,19,0.0,6,18,Engine,6
8246,2022_9,perez,red_bull,11,20,0.0,13,7,Gearbox,13
8247,2022_10,sainz,ferrari,55,1,25.0,1,52,Finished,1
8248,2022_10,perez,red_bull,11,2,18.0,4,52,Finished,4
8249,2022_10,hamilton,mercedes,44,3,16.0,5,52,Finished,5
8250,2022_10,leclerc,ferrari,16,4,12.0,3,52,Finished,3
8251,2022_10,alonso,alpine,14,5,10.0,7,52,Finished,7
8252,2022_10,norris,mclaren,4,6,8.0,6,52,Finished,6
8253,2022_10,max_verstappen,red_bull,1,7,6.0,2,52,Finished,2
8254,2022_10,mick_schumacher,haas,47,8,4.0,19,52,Finished,19
8255,2022_10,vettel,aston_martin,5,9,2.0,18,52,Finished,18
8256,2022_10,kevin_magnussen,haas,20,10,1.0,17,52,Finished,17
8257,2022_10,stroll,aston_martin,18,11,0.0,20,52,Finished,20
8258,2022_10,latifi,williams,6,12,0.0,10,52,Finished,10
8259,2022_10,ricciardo,mclaren,3,13,0.0,14,52,Finished,14
8260,2022_10,tsunoda,alphatauri,22,14,0.0,13,52,Finished,13
8261,2022_10,ocon,alpine,31,15,0.0,15,37,Fuel pump,15
8262,2022_10,gasly,alphatauri,10,16,0.0,11,26,Collision damage,11
8263,2022_10,bottas,alfa,77,17,0.0,12,20,Gearbox,12
8264,2022_10,russell,mercedes,63,18,0.0,8,0,Collision,8
8265,2022_10,zhou,alfa,24,19,0.0,9,0,Collision,9
8266,2022_10,albon,williams,23,20,0.0,16,0,Collision,16
8267,2022_11,leclerc,ferrari,16,1,25.0,2,71,Finished,2
8268,2022_11,max_verstappen,red_bull,1,2,19.0,1,71,Finished,1
8269,2022_11,hamilton,mercedes,44,3,15.0,8,71,Finished,9
8270,2022_11,russell,mercedes,63,4,12.0,4,71,Finished,4
8271,2022_11,ocon,alpine,31,5,10.0,6,71,Finished,5
8272,2022_11,mick_schumacher,haas,47,6,8.0,9,70,+1 Lap,7
8273,2022_11,norris,mclaren,4,7,6.0,10,70,+1 Lap,15
8274,2022_11,kevin_magnussen,haas,20,8,4.0,7,70,+1 Lap,6
8275,2022_11,ricciardo,mclaren,3,9,2.0,11,70,+1 Lap,16
8276,2022_11,alonso,alpine,14,10,1.0,19,70,+1 Lap,8
8277,2022_11,bottas,alfa,77,11,0.0,0,70,+1 Lap,12
8278,2022_11,albon,williams,23,12,0.0,15,70,+1 Lap,11
8279,2022_11,stroll,aston_martin,18,13,0.0,12,70,+1 Lap,17
8280,2022_11,zhou,alfa,24,14,0.0,13,70,+1 Lap,18
8281,2022_11,gasly,alphatauri,10,15,0.0,14,70,+1 Lap,10
8282,2022_11,tsunoda,alphatauri,22,16,0.0,16,70,+1 Lap,14
8283,2022_11,vettel,aston_martin,5,17,0.0,18,70,+1 Lap,20
8284,2022_11,sainz,ferrari,55,18,0.0,3,56,Power Unit,3
8285,2022_11,latifi,williams,6,19,0.0,17,48,Undertray,19
8286,2022_11,perez,red_bull,11,20,0.0,5,24,Collision damage,13
8287,2022_12,max_verstappen,red_bull,1,1,25.0,2,53,Finished,2
8288,2022_12,hamilton,mercedes,44,2,18.0,4,53,Finished,4
8289,2022_12,russell,mercedes,63,3,15.0,6,53,Finished,6
8290,2022_12,perez,red_bull,11,4,12.0,3,53,Finished,3
8291,2022_12,sainz,ferrari,55,5,11.0,19,53,Finished,9
8292,2022_12,alonso,alpine,14,6,8.0,7,53,Finished,7
8293,2022_12,norris,mclaren,4,7,6.0,5,53,Finished,5
8294,2022_12,ocon,alpine,31,8,4.0,10,53,Finished,12
8295,2022_12,ricciardo,mclaren,3,9,2.0,9,53,Finished,11
8296,2022_12,stroll,aston_martin,18,10,1.0,15,53,Finished,17
8297,2022_12,vettel,aston_martin,5,11,0.0,12,53,Finished,14
8298,2022_12,gasly,alphatauri,10,12,0.0,14,53,Finished,16
8299,2022_12,albon,williams,23,13,0.0,13,53,Finished,15
8300,2022_12,bottas,alfa,77,14,0.0,11,53,Finished,13
8301,2022_12,mick_schumacher,haas,47,15,0.0,17,53,Finished,19
8302,2022_12,zhou,alfa,24,16,0.0,16,47,+6 Laps,18
8303,2022_12,latifi,williams,6,17,0.0,18,40,Collision damage,20
8304,2022_12,kevin_magnussen,haas,20,18,0.0,20,37,Collision damage,10
8305,2022_12,leclerc,ferrari,16,19,0.0,1,17,Accident,1
8306,2022_12,tsunoda,alphatauri,22,20,0.0,8,17,Undertray,8
8307,2022_13,max_verstappen,red_bull,1,1,25.0,10,70,Finished,10
8308,2022_13,hamilton,mercedes,44,2,19.0,7,70,Finished,7
8309,2022_13,russell,mercedes,63,3,15.0,1,70,Finished,1
8310,2022_13,sainz,ferrari,55,4,12.0,2,70,Finished,2
8311,2022_13,perez,red_bull,11,5,10.0,11,70,Finished,11
8312,2022_13,leclerc,ferrari,16,6,8.0,3,70,Finished,3
8313,2022_13,norris,mclaren,4,7,6.0,4,70,Finished,4
8314,2022_13,alonso,alpine,14,8,4.0,6,69,+1 Lap,6
8315,2022_13,ocon,alpine,31,9,2.0,5,69,+1 Lap,5
8316,2022_13,vettel,aston_martin,5,10,1.0,18,69,+1 Lap,18
8317,2022_13,stroll,aston_martin,18,11,0.0,14,69,+1 Lap,14
8318,2022_13,gasly,alphatauri,10,12,0.0,0,69,+1 Lap,19
8319,2022_13,zhou,alfa,24,13,0.0,12,69,+1 Lap,12
8320,2022_13,mick_schumacher,haas,47,14,0.0,15,69,+1 Lap,15
8321,2022_13,ricciardo,mclaren,3,15,0.0,9,69,+1 Lap,9
8322,2022_13,kevin_magnussen,haas,20,16,0.0,13,69,+1 Lap,13
8323,2022_13,albon,williams,23,17,0.0,17,69,+1 Lap,17
8324,2022_13,latifi,williams,6,18,0.0,19,69,+1 Lap,20
8325,2022_13,tsunoda,alphatauri,22,19,0.0,16,68,+2 Laps,16
8326,2022_13,bottas,alfa,77,20,0.0,8,65,Power Unit,8
8327,2022_14,max_verstappen,red_bull,1,1,26.0,14,44,Finished,1
8328,2022_14,perez,red_bull,11,2,18.0,2,44,Finished,3
8329,2022_14,sainz,ferrari,55,3,15.0,1,44,Finished,2
8330,2022_14,russell,mercedes,63,4,12.0,5,44,Finished,8
8331,2022_14,alonso,alpine,14,5,10.0,3,44,Finished,6
8332,2022_14,leclerc,ferrari,16,6,8.0,15,44,Finished,4
8333,2022_14,ocon,alpine,31,7,6.0,16,44,Finished,5
8334,2022_14,vettel,aston_martin,5,8,4.0,10,44,Finished,16
8335,2022_14,gasly,alphatauri,10,9,2.0,0,44,Finished,12
8336,2022_14,albon,williams,23,10,1.0,6,44,Finished,9
8337,2022_14,stroll,aston_martin,18,11,0.0,9,44,Finished,14
8338,2022_14,norris,mclaren,4,12,0.0,17,44,Finished,10
8339,2022_14,tsunoda,alphatauri,22,13,0.0,0,44,Finished,19
8340,2022_14,zhou,alfa,24,14,0.0,18,44,Finished,13
8341,2022_14,ricciardo,mclaren,3,15,0.0,7,44,Finished,11
8342,2022_14,kevin_magnussen,haas,20,16,0.0,12,43,+1 Lap,18
8343,2022_14,mick_schumacher,haas,47,17,0.0,19,43,+1 Lap,15
8344,2022_14,latifi,williams,6,18,0.0,11,43,+1 Lap,17
8345,2022_14,bottas,alfa,77,19,0.0,13,1,Accident,20
8346,2022_14,hamilton,mercedes,44,20,0.0,4,0,Collision damage,7
8347,2022_15,max_verstappen,red_bull,1,1,26.0,1,72,Finished,1
8348,2022_15,russell,mercedes,63,2,18.0,6,72,Finished,6
8349,2022_15,leclerc,ferrari,16,3,15.0,2,72,Finished,2
8350,2022_15,hamilton,mercedes,44,4,12.0,4,72,Finished,4
8351,2022_15,perez,red_bull,11,5,10.0,5,72,Finished,5
8352,2022_15,alonso,alpine,14,6,8.0,13,72,Finished,13
8353,2022_15,norris,mclaren,4,7,6.0,7,72,Finished,7
8354,2022_15,sainz,ferrari,55,8,4.0,3,72,Finished,3
8355,2022_15,ocon,alpine,31,9,2.0,12,72,Finished,12
8356,2022_15,stroll,aston_martin,18,10,1.0,10,72,Finished,10
8357,2022_15,gasly,alphatauri,10,11,0.0,11,72,Finished,11
8358,2022_15,albon,williams,23,12,0.0,15,72,Finished,15
8359,2022_15,mick_schumacher,haas,47,13,0.0,8,72,Finished,8
8360,2022_15,vettel,aston_martin,5,14,0.0,19,72,Finished,19
8361,2022_15,kevin_magnussen,haas,20,15,0.0,18,72,Finished,18
8362,2022_15,zhou,alfa,24,16,0.0,14,72,Finished,14
8363,2022_15,ricciardo,mclaren,3,17,0.0,17,72,Finished,17
8364,2022_15,latifi,williams,6,18,0.0,20,71,+1 Lap,20
8365,2022_15,bottas,alfa,77,19,0.0,16,53,Engine,16
8366,2022_15,tsunoda,alphatauri,22,20,0.0,9,43,Differential,9
8367,2022_16,max_verstappen,red_bull,1,1,25.0,7,53,Finished,2
8368,2022_16,leclerc,ferrari,16,2,18.0,1,53,Finished,1
8369,2022_16,russell,mercedes,63,3,15.0,2,53,Finished,6
8370,2022_16,sainz,ferrari,55,4,12.0,18,53,Finished,3
8371,2022_16,hamilton,mercedes,44,5,10.0,19,53,Finished,5
8372,2022_16,perez,red_bull,11,6,9.0,13,53,Finished,4
8373,2022_16,norris,mclaren,4,7,6.0,3,53,Finished,7
8374,2022_16,gasly,alphatauri,10,8,4.0,5,53,Finished,9
8375,2022_16,de_vries,williams,45,9,2.0,8,53,Finished,13
8376,2022_16,zhou,alfa,24,10,1.0,9,53,Finished,14
8377,2022_16,ocon,alpine,31,11,0.0,14,53,Finished,11
8378,2022_16,mick_schumacher,haas,47,12,0.0,17,53,Finished,20
8379,2022_16,bottas,alfa,77,13,0.0,15,52,+1 Lap,12
8380,2022_16,tsunoda,alphatauri,22,14,0.0,20,52,+1 Lap,15
8381,2022_16,latifi,williams,6,15,0.0,10,52,+1 Lap,16
8382,2022_16,kevin_magnussen,haas,20,16,0.0,16,52,+1 Lap,19
8383,2022_16,ricciardo,mclaren,3,17,0.0,4,45,Oil leak,8
8384,2022_16,stroll,aston_martin,18,18,0.0,12,39,Engine,18
8385,2022_16,alonso,alpine,14,19,0.0,6,31,Water pressure,10
8386,2022_16,vettel,aston_martin,5,20,0.0,11,10,Engine,17
8387,2022_17,perez,red_bull,11,1,25.0,2,59,Finished,2
8388,2022_17,leclerc,ferrari,16,2,18.0,1,59,Finished,1
8389,2022_17,sainz,ferrari,55,3,15.0,4,59,Finished,4
8390,2022_17,norris,mclaren,4,4,12.0,6,59,Finished,6
8391,2022_17,ricciardo,mclaren,3,5,10.0,16,59,Finished,17
8392,2022_17,stroll,aston_martin,18,6,8.0,11,59,Finished,12
8393,2022_17,max_verstappen,red_bull,1,7,6.0,8,59,Finished,8
8394,2022_17,vettel,aston_martin,5,8,4.0,13,59,Finished,14
8395,2022_17,hamilton,mercedes,44,9,2.0,3,59,Finished,3
8396,2022_17,gasly,alphatauri,10,10,1.0,7,59,Finished,7
8397,2022_17,bottas,alfa,77,11,0.0,15,59,Finished,16
8398,2022_17,kevin_magnussen,haas,20,12,0.0,9,59,Finished,9
8399,2022_17,mick_schumacher,haas,47,13,0.0,12,58,+1 Lap,13
8400,2022_17,russell,mercedes,63,14,0.0,0,57,+2 Laps,11
8401,2022_17,tsunoda,alphatauri,22,15,0.0,10,34,Accident,10
8402,2022_17,ocon,alpine,31,16,0.0,17,26,Engine,18
8403,2022_17,albon,williams,23,17,0.0,18,25,Collision damage,19
8404,2022_17,alonso,alpine,14,18,0.0,5,20,Engine,5
8405,2022_17,latifi,williams,6,19,0.0,19,7,Collision damage,20
8406,2022_17,zhou,alfa,24,20,0.0,14,6,Collision,15
8407,2022_18,max_verstappen,red_bull,1,1,25.0,1,28,Finished,1
8408,2022_18,perez,red_bull,11,2,18.0,4,28,Finished,4
8409,2022_18,leclerc,ferrari,16,3,15.0,2,28,Finished,2
8410,2022_18,ocon,alpine,31,4,12.0,5,28,Finished,5
8411,2022_18,hamilton,mercedes,44,5,10.0,6,28,Finished,6
8412,2022_18,vettel,aston_martin,5,6,8.0,9,28,Finished,9
8413,2022_18,alonso,alpine,14,7,6.0,7,28,Finished,7
8414,2022_18,russell,mercedes,63,8,4.0,8,28,Finished,8
8415,2022_18,latifi,williams,6,9,2.0,20,28,Finished,20
8416,2022_18,norris,mclaren,4,10,1.0,10,28,Finished,10
8417,2022_18,ricciardo,mclaren,3,11,0.0,11,28,Finished,11
8418,2022_18,stroll,aston_martin,18,12,0.0,19,28,Finished,19
8419,2022_18,tsunoda,alphatauri,22,13,0.0,13,28,Finished,13
8420,2022_18,kevin_magnussen,haas,20,14,0.0,18,28,Finished,18
8421,2022_18,bottas,alfa,77,15,0.0,12,28,Finished,12
8422,2022_18,zhou,alfa,24,16,0.0,14,28,Finished,14
8423,2022_18,mick_schumacher,haas,47,17,0.0,15,28,Finished,15
8424,2022_18,gasly,alphatauri,10,18,0.0,17,28,Finished,17
8425,2022_18,sainz,ferrari,55,19,0.0,3,0,Accident,3
8426,2022_18,albon,williams,23,20,0.0,16,0,Hydraulics,16
8427,2022_19,max_verstappen,red_bull,1,1,25.0,2,56,Finished,3
8428,2022_19,hamilton,mercedes,44,2,18.0,3,56,Finished,5
8429,2022_19,leclerc,ferrari,16,3,15.0,12,56,Finished,2
8430,2022_19,perez,red_bull,11,4,12.0,9,56,Finished,4
8431,2022_19,russell,mercedes,63,5,11.0,4,56,Finished,6
8432,2022_19,norris,mclaren,4,6,8.0,6,56,Finished,8
8433,2022_19,alonso,alpine,14,7,6.0,14,56,Finished,9
8434,2022_19,vettel,aston_martin,5,8,4.0,10,56,Finished,12
8435,2022_19,kevin_magnussen,haas,20,9,2.0,13,56,Finished,16
8436,2022_19,tsunoda,alphatauri,22,10,1.0,19,56,Finished,15
8437,2022_19,ocon,alpine,31,11,0.0,0,56,Finished,18
8438,2022_19,zhou,alfa,24,12,0.0,18,56,Finished,14
8439,2022_19,albon,williams,23,13,0.0,8,56,Finished,11
8440,2022_19,gasly,alphatauri,10,14,0.0,11,56,Finished,13
8441,2022_19,mick_schumacher,haas,47,15,0.0,16,56,Finished,19
8442,2022_19,ricciardo,mclaren,3,16,0.0,15,56,Finished,17
8443,2022_19,latifi,williams,6,17,0.0,17,56,Finished,20
8444,2022_19,stroll,aston_martin,18,18,0.0,5,21,Collision,7
8445,2022_19,bottas,alfa,77,19,0.0,7,16,Spun off,10
8446,2022_19,sainz,ferrari,55,20,0.0,1,1,Collision damage,1
8447,2022_20,max_verstappen,red_bull,1,1,25.0,1,71,Finished,1
8448,2022_20,hamilton,mercedes,44,2,18.0,3,71,Finished,3
8449,2022_20,perez,red_bull,11,3,15.0,4,71,Finished,4
8450,2022_20,russell,mercedes,63,4,13.0,2,71,Finished,2
8451,2022_20,sainz,ferrari,55,5,10.0,5,71,Finished,5
8452,2022_20,leclerc,ferrari,16,6,8.0,7,71,Finished,7
8453,2022_20,ricciardo,mclaren,3,7,6.0,11,70,+1 Lap,11
8454,2022_20,ocon,alpine,31,8,4.0,10,70,+1 Lap,10
8455,2022_20,norris,mclaren,4,9,2.0,8,70,+1 Lap,8
8456,2022_20,bottas,alfa,77,10,1.0,6,70,+1 Lap,6
8457,2022_20,gasly,alphatauri,10,11,0.0,14,70,+1 Lap,14
8458,2022_20,albon,williams,23,12,0.0,17,70,+1 Lap,19
8459,2022_20,zhou,alfa,24,13,0.0,12,70,+1 Lap,12
8460,2022_20,vettel,aston_martin,5,14,0.0,16,70,+1 Lap,17
8461,2022_20,stroll,aston_martin,18,15,0.0,20,70,+1 Lap,18
8462,2022_20,mick_schumacher,haas,47,16,0.0,15,70,+1 Lap,16
8463,2022_20,kevin_magnussen,haas,20,17,0.0,19,70,+1 Lap,15
8464,2022_20,latifi,williams,6,18,0.0,18,69,+2 Laps,20
8465,2022_20,alonso,alpine,14,19,0.0,9,63,Engine,9
8466,2022_20,tsunoda,alphatauri,22,20,0.0,13,50,Collision damage,13
8467,2022_21,russell,mercedes,63,1,26.0,1,71,Finished,3
8468,2022_21,hamilton,mercedes,44,2,18.0,2,71,Finished,8
8469,2022_21,sainz,ferrari,55,3,15.0,7,71,Finished,5
8470,2022_21,leclerc,ferrari,16,4,12.0,5,71,Finished,10
8471,2022_21,alonso,alpine,14,5,10.0,17,71,Finished,7
8472,2022_21,max_verstappen,red_bull,1,6,8.0,3,71,Finished,2
8473,2022_21,perez,red_bull,11,7,6.0,4,71,Finished,9
8474,2022_21,ocon,alpine,31,8,4.0,16,71,Finished,6
8475,2022_21,bottas,alfa,77,9,2.0,14,71,Finished,18
8476,2022_21,stroll,aston_martin,18,10,1.0,15,71,Finished,15
8477,2022_21,vettel,aston_martin,5,11,0.0,9,71,Finished,13
8478,2022_21,zhou,alfa,24,12,0.0,13,71,Finished,17
8479,2022_21,mick_schumacher,haas,47,13,0.0,12,71,Finished,20
8480,2022_21,gasly,alphatauri,10,14,0.0,10,71,Finished,12
8481,2022_21,albon,williams,23,15,0.0,19,71,Finished,11
8482,2022_21,latifi,williams,6,16,0.0,18,71,Finished,16
8483,2022_21,tsunoda,alphatauri,22,17,0.0,0,70,+1 Lap,19
8484,2022_21,norris,mclaren,4,18,0.0,6,50,Gearbox,4
8485,2022_21,kevin_magnussen,haas,20,19,0.0,8,0,Collision,1
8486,2022_21,ricciardo,mclaren,3,20,0.0,11,0,Collision,14
8487,2022_22,max_verstappen,red_bull,1,1,25.0,1,58,Finished,1
8488,2022_22,leclerc,ferrari,16,2,18.0,3,58,Finished,3
8489,2022_22,perez,red_bull,11,3,15.0,2,58,Finished,2
8490,2022_22,sainz,ferrari,55,4,12.0,4,58,Finished,4
8491,2022_22,russell,mercedes,63,5,10.0,6,58,Finished,6
8492,2022_22,norris,mclaren,4,6,9.0,7,58,Finished,7
8493,2022_22,ocon,alpine,31,7,6.0,8,58,Finished,8
8494,2022_22,stroll,aston_martin,18,8,4.0,14,58,Finished,14
8495,2022_22,ricciardo,mclaren,3,9,2.0,13,58,Finished,10
8496,2022_22,vettel,aston_martin,5,10,1.0,9,58,Finished,9
8497,2022_22,tsunoda,alphatauri,22,11,0.0,11,58,Finished,12
8498,2022_22,zhou,alfa,24,12,0.0,15,57,+1 Lap,15
8499,2022_22,albon,williams,23,13,0.0,19,57,+1 Lap,19
8500,2022_22,gasly,alphatauri,10,14,0.0,17,57,+1 Lap,17
8501,2022_22,bottas,alfa,77,15,0.0,18,57,+1 Lap,18
8502,2022_22,mick_schumacher,haas,47,16,0.0,12,57,+1 Lap,13
8503,2022_22,kevin_magnussen,haas,20,17,0.0,16,57,+1 Lap,16
8504,2022_22,hamilton,mercedes,44,18,0.0,5,55,Hydraulics,5
8505,2022_22,latifi,williams,6,19,0.0,20,55,Collision damage,20
8506,2022_22,alonso,alpine,14,20,0.0,10,27,Water leak,11
8507,2023_6,max_verstappen,red_bull,1,1,25.0,1,78,Finished,1
8508,2023_6,alonso,aston_martin,14,2,18.0,2,78,Finished,2
8509,2023_6,ocon,alpine,31,3,15.0,3,78,Finished,4
8510,2023_6,hamilton,mercedes,44,4,13.0,5,78,Finished,6
8511,2023_6,russell,mercedes,63,5,10.0,8,78,Finished,8
8512,2023_6,leclerc,ferrari,16,6,8.0,6,78,Finished,3
8513,2023_6,gasly,alpine,10,7,6.0,7,78,Finished,7
8514,2023_6,sainz,ferrari,55,8,4.0,4,78,Finished,5
8515,2023_6,norris,mclaren,4,9,2.0,10,77,Lapped,10
8516,2023_6,piastri,mclaren,81,10,1.0,11,77,Lapped,11
8517,2023_6,bottas,alfa,77,11,0.0,15,77,Lapped,15
8518,2023_6,de_vries,alphatauri,21,12,0.0,12,77,Lapped,12
8519,2023_6,zhou,alfa,24,13,0.0,19,77,Lapped,19
8520,2023_6,albon,williams,23,14,0.0,13,77,Lapped,13
8521,2023_6,tsunoda,alphatauri,22,15,0.0,9,76,Lapped,9
8522,2023_6,perez,red_bull,11,16,0.0,20,76,Lapped,20
8523,2023_6,hulkenberg,haas,27,17,0.0,18,76,Lapped,18
8524,2023_6,sargeant,williams,2,18,0.0,16,76,Lapped,16
8525,2023_6,kevin_magnussen,haas,20,19,0.0,17,70,Retired,17
8526,2023_6,stroll,aston_martin,18,20,0.0,14,53,Retired,14
8527,2023_7,max_verstappen,red_bull,1,1,26.0,1,66,Finished,1
8528,2023_7,hamilton,mercedes,44,2,18.0,4,66,Finished,5
8529,2023_7,russell,mercedes,63,3,15.0,12,66,Finished,12
8530,2023_7,perez,red_bull,11,4,12.0,11,66,Finished,11
8531,2023_7,sainz,ferrari,55,5,10.0,2,66,Finished,2
8532,2023_7,stroll,aston_martin,18,6,8.0,5,66,Finished,6
8533,2023_7,alonso,aston_martin,14,7,6.0,8,66,Finished,9
8534,2023_7,ocon,alpine,31,8,4.0,6,66,Finished,7
8535,2023_7,zhou,alfa,24,9,2.0,13,66,Finished,13
8536,2023_7,gasly,alpine,10,10,1.0,10,66,Finished,4
8537,2023_7,leclerc,ferrari,16,11,0.0,19,66,Finished,19
8538,2023_7,tsunoda,alphatauri,22,12,0.0,15,66,Finished,15
8539,2023_7,piastri,mclaren,81,13,0.0,9,65,Lapped,10
8540,2023_7,de_vries,alphatauri,21,14,0.0,14,65,Lapped,14
8541,2023_7,hulkenberg,haas,27,15,0.0,7,65,Lapped,8
8542,2023_7,albon,williams,23,16,0.0,18,65,Lapped,18
8543,2023_7,norris,mclaren,4,17,0.0,3,65,Lapped,3
8544,2023_7,kevin_magnussen,haas,20,18,0.0,17,65,Lapped,17
8545,2023_7,bottas,alfa,77,19,0.0,16,65,Lapped,16
8546,2023_7,sargeant,williams,2,20,0.0,20,65,Lapped,20
8547,2023_8,max_verstappen,red_bull,1,1,25.0,1,70,Finished,1
8548,2023_8,alonso,aston_martin,14,2,18.0,2,70,Finished,3
8549,2023_8,hamilton,mercedes,44,3,15.0,3,70,Finished,4
8550,2023_8,leclerc,ferrari,16,4,12.0,10,70,Finished,11
8551,2023_8,sainz,ferrari,55,5,10.0,11,70,Finished,8
8552,2023_8,perez,red_bull,11,6,9.0,12,70,Finished,12
8553,2023_8,albon,williams,23,7,6.0,9,70,Finished,10
8554,2023_8,ocon,alpine,31,8,4.0,6,70,Finished,6
8555,2023_8,stroll,aston_martin,18,9,2.0,16,70,Finished,13
8556,2023_8,bottas,alfa,77,10,1.0,14,70,Finished,15
8557,2023_8,piastri,mclaren,81,11,0.0,8,70,Finished,9
8558,2023_8,gasly,alpine,10,12,0.0,15,70,Finished,17
8559,2023_8,norris,mclaren,4,13,0.0,7,70,Finished,7
8560,2023_8,tsunoda,alphatauri,22,14,0.0,19,70,Finished,16
8561,2023_8,hulkenberg,haas,27,15,0.0,5,69,Lapped,2
8562,2023_8,zhou,alfa,24,16,0.0,20,69,Lapped,20
8563,2023_8,kevin_magnussen,haas,20,17,0.0,13,69,Lapped,14
8564,2023_8,de_vries,alphatauri,21,18,0.0,17,69,Lapped,18
8565,2023_8,russell,mercedes,63,19,0.0,4,53,Retired,5
8566,2023_8,sargeant,williams,2,20,0.0,18,6,Retired,19
8567,2023_9,max_verstappen,red_bull,1,1,26.0,1,71,Finished,1
8568,2023_9,leclerc,ferrari,16,2,18.0,2,71,Finished,2
8569,2023_9,perez,red_bull,11,3,15.0,15,71,Finished,15
8570,2023_9,norris,mclaren,4,4,12.0,4,71,Finished,4
8571,2023_9,alonso,aston_martin,14,5,10.0,7,71,Finished,7
8572,2023_9,sainz,ferrari,55,6,8.0,3,71,Finished,3
8573,2023_9,russell,mercedes,63,7,6.0,11,71,Finished,11
8574,2023_9,hamilton,mercedes,44,8,4.0,5,71,Finished,5
8575,2023_9,stroll,aston_martin,18,9,2.0,6,71,Finished,6
8576,2023_9,gasly,alpine,10,10,1.0,9,71,Finished,9
8577,2023_9,albon,williams,23,11,0.0,10,71,Finished,10
8578,2023_9,zhou,alfa,24,12,0.0,17,70,Lapped,17
8579,2023_9,sargeant,williams,2,13,0.0,18,70,Lapped,18
8580,2023_9,ocon,alpine,31,14,0.0,12,70,Lapped,12
8581,2023_9,bottas,alfa,77,15,0.0,14,70,Lapped,14
8582,2023_9,piastri,mclaren,81,16,0.0,13,70,Lapped,13
8583,2023_9,de_vries,alphatauri,21,17,0.0,20,70,Lapped,20
8584,2023_9,kevin_magnussen,haas,20,18,0.0,19,70,Lapped,19
8585,2023_9,tsunoda,alphatauri,22,19,0.0,16,70,Lapped,16
8586,2023_9,hulkenberg,haas,27,20,0.0,8,12,Retired,8
8587,2023_10,max_verstappen,red_bull,1,1,26.0,1,52,Finished,1
8588,2023_10,norris,mclaren,4,2,18.0,2,52,Finished,2
8589,2023_10,hamilton,mercedes,44,3,15.0,7,52,Finished,7
8590,2023_10,piastri,mclaren,81,4,12.0,3,52,Finished,3
8591,2023_10,russell,mercedes,63,5,10.0,6,52,Finished,6
8592,2023_10,perez,red_bull,11,6,8.0,15,52,Finished,15
8593,2023_10,alonso,aston_martin,14,7,6.0,9,52,Finished,9
8594,2023_10,albon,williams,23,8,4.0,8,52,Finished,8
8595,2023_10,leclerc,ferrari,16,9,2.0,4,52,Finished,4
8596,2023_10,sainz,ferrari,55,10,1.0,5,52,Finished,5
8597,2023_10,sargeant,williams,2,11,0.0,14,52,Finished,14
8598,2023_10,bottas,alfa,77,12,0.0,20,52,Finished,15
8599,2023_10,hulkenberg,haas,27,13,0.0,11,52,Finished,11
8600,2023_10,stroll,aston_martin,18,14,0.0,12,52,Finished,12
8601,2023_10,zhou,alfa,24,15,0.0,17,52,Finished,17
8602,2023_10,tsunoda,alphatauri,22,16,0.0,16,52,Finished,16
8603,2023_10,de_vries,alphatauri,21,17,0.0,18,52,Finished,18
8604,2023_10,gasly,alpine,10,18,0.0,10,46,Retired,10
8605,2023_10,kevin_magnussen,haas,20,19,0.0,19,31,Retired,19
8606,2023_10,ocon,alpine,31,20,0.0,13,9,Retired,13
8607,2023_11,max_verstappen,red_bull,1,1,26.0,2,70,Finished,2
8608,2023_11,norris,mclaren,4,2,18.0,3,70,Finished,3
8609,2023_11,perez,red_bull,11,3,15.0,9,70,Finished,9
8610,2023_11,hamilton,mercedes,44,4,12.0,1,70,Finished,1
8611,2023_11,piastri,mclaren,81,5,10.0,4,70,Finished,4
8612,2023_11,russell,mercedes,63,6,8.0,18,70,Finished,18
8613,2023_11,leclerc,ferrari,16,7,6.0,6,70,Finished,6
8614,2023_11,sainz,ferrari,55,8,4.0,11,70,Finished,11
8615,2023_11,alonso,aston_martin,14,9,2.0,8,70,Finished,8
8616,2023_11,stroll,aston_martin,18,10,1.0,14,69,Lapped,14
8617,2023_11,albon,williams,23,11,0.0,16,69,Lapped,16
8618,2023_11,bottas,alfa,77,12,0.0,7,69,Lapped,7
8619,2023_11,ricciardo,alphatauri,3,13,0.0,13,69,Lapped,13
8620,2023_11,hulkenberg,haas,27,14,0.0,10,69,Lapped,10
8621,2023_11,tsunoda,alphatauri,22,15,0.0,17,69,Lapped,17
8622,2023_11,zhou,alfa,24,16,0.0,5,69,Lapped,5
8623,2023_11,kevin_magnussen,haas,20,17,0.0,19,69,Lapped,19
8624,2023_11,sargeant,williams,2,18,0.0,20,67,Retired,20
8625,2023_11,ocon,alpine,31,19,0.0,12,2,Retired,12
8626,2023_11,gasly,alpine,10,20,0.0,15,1,Retired,15
8627,2023_12,max_verstappen,red_bull,1,1,25.0,6,44,Finished,1
8628,2023_12,perez,red_bull,11,2,18.0,2,44,Finished,3
8629,2023_12,leclerc,ferrari,16,3,15.0,1,44,Finished,2
8630,2023_12,hamilton,mercedes,44,4,13.0,3,44,Finished,4
8631,2023_12,alonso,aston_martin,14,5,10.0,9,44,Finished,9
8632,2023_12,russell,mercedes,63,6,8.0,8,44,Finished,8
8633,2023_12,norris,mclaren,4,7,6.0,7,44,Finished,7
8634,2023_12,ocon,alpine,31,8,4.0,14,44,Finished,15
8635,2023_12,stroll,aston_martin,18,9,2.0,10,44,Finished,10
8636,2023_12,tsunoda,alphatauri,22,10,1.0,11,44,Finished,11
8637,2023_12,gasly,alpine,10,11,0.0,12,44,Finished,12
8638,2023_12,bottas,alfa,77,12,0.0,13,44,Finished,14
8639,2023_12,zhou,alfa,24,13,0.0,17,44,Finished,17
8640,2023_12,albon,williams,23,14,0.0,15,44,Finished,16
8641,2023_12,kevin_magnussen,haas,20,15,0.0,16,44,Finished,13
8642,2023_12,ricciardo,alphatauri,3,16,0.0,19,44,Finished,19
8643,2023_12,sargeant,williams,2,17,0.0,18,44,Finished,18
8644,2023_12,hulkenberg,haas,27,18,0.0,20,44,Finished,20
8645,2023_12,sainz,ferrari,55,19,0.0,4,23,Retired,5
8646,2023_12,piastri,mclaren,81,20,0.0,5,0,Retired,6
8647,2023_13,max_verstappen,red_bull,1,1,25.0,1,72,Finished,1
8648,2023_13,alonso,aston_martin,14,2,19.0,5,72,Finished,5
8649,2023_13,gasly,alpine,10,3,15.0,12,72,Finished,12
8650,2023_13,perez,red_bull,11,4,12.0,7,72,Finished,7
8651,2023_13,sainz,ferrari,55,5,10.0,6,72,Finished,6
8652,2023_13,hamilton,mercedes,44,6,8.0,13,72,Finished,13
8653,2023_13,norris,mclaren,4,7,6.0,2,72,Finished,2
8654,2023_13,albon,williams,23,8,4.0,4,72,Finished,4
8655,2023_13,piastri,mclaren,81,9,2.0,8,72,Finished,8
8656,2023_13,ocon,alpine,31,10,1.0,16,72,Finished,17
8657,2023_13,stroll,aston_martin,18,11,0.0,11,72,Finished,11
8658,2023_13,hulkenberg,haas,27,12,0.0,14,72,Finished,15
8659,2023_13,lawson,alphatauri,40,13,0.0,19,72,Finished,20
8660,2023_13,bottas,alfa,77,14,0.0,18,72,Finished,19
8661,2023_13,tsunoda,alphatauri,22,15,0.0,17,72,Finished,14
8662,2023_13,kevin_magnussen,haas,20,16,0.0,0,72,Finished,18
8663,2023_13,russell,mercedes,63,17,0.0,3,72,Finished,3
8664,2023_13,zhou,alfa,24,18,0.0,15,62,Accident,16
8665,2023_13,leclerc,ferrari,16,19,0.0,9,41,Undertray,9
8666,2023_13,sargeant,williams,2,20,0.0,10,14,Accident,10
8667,2023_14,max_verstappen,red_bull,1,1,25.0,2,51,Finished,2
8668,2023_14,perez,red_bull,11,2,18.0,5,51,Finished,5
8669,2023_14,sainz,ferrari,55,3,15.0,1,51,Finished,1
8670,2023_14,leclerc,ferrari,16,4,12.0,3,51,Finished,3
8671,2023_14,russell,mercedes,63,5,10.0,4,51,Finished,4
8672,2023_14,hamilton,mercedes,44,6,8.0,8,51,Finished,8
8673,2023_14,albon,williams,23,7,6.0,6,51,Finished,6
8674,2023_14,norris,mclaren,4,8,4.0,9,51,Finished,9
8675,2023_14,alonso,aston_martin,14,9,2.0,10,51,Finished,10
8676,2023_14,bottas,alfa,77,10,1.0,14,51,Finished,14
8677,2023_14,lawson,alphatauri,40,11,0.0,12,51,Finished,12
8678,2023_14,piastri,mclaren,81,12,0.0,7,51,Finished,7
8679,2023_14,sargeant,williams,2,13,0.0,15,51,Finished,15
8680,2023_14,zhou,alfa,24,14,0.0,16,51,Finished,16
8681,2023_14,gasly,alpine,10,15,0.0,17,51,Finished,17
8682,2023_14,stroll,aston_martin,18,16,0.0,20,51,Finished,20
8683,2023_14,hulkenberg,haas,27,17,0.0,13,50,Lapped,13
8684,2023_14,kevin_magnussen,haas,20,18,0.0,19,50,Lapped,19
8685,2023_14,ocon,alpine,31,19,0.0,18,39,Retired,18
8686,2023_14,tsunoda,alphatauri,22,20,0.0,11,0,Did not start,11
8687,2023_15,sainz,ferrari,55,1,25.0,1,62,Finished,1
8688,2023_15,norris,mclaren,4,2,18.0,4,62,Finished,4
8689,2023_15,hamilton,mercedes,44,3,16.0,5,62,Finished,5
8690,2023_15,leclerc,ferrari,16,4,12.0,3,62,Finished,3
8691,2023_15,max_verstappen,red_bull,1,5,10.0,11,62,Finished,11
8692,2023_15,gasly,alpine,10,6,8.0,12,62,Finished,12
8693,2023_15,piastri,mclaren,81,7,6.0,17,62,Finished,17
8694,2023_15,perez,red_bull,11,8,4.0,13,62,Finished,13
8695,2023_15,lawson,alphatauri,40,9,2.0,10,62,Finished,10
8696,2023_15,kevin_magnussen,haas,20,10,1.0,6,62,Finished,6
8697,2023_15,albon,williams,23,11,0.0,14,62,Finished,14
8698,2023_15,zhou,alfa,24,12,0.0,19,62,Finished,19
8699,2023_15,hulkenberg,haas,27,13,0.0,9,62,Finished,9
8700,2023_15,sargeant,williams,2,14,0.0,18,62,Finished,18
8701,2023_15,alonso,aston_martin,14,15,0.0,7,62,Finished,7
8702,2023_15,russell,mercedes,63,16,0.0,2,61,Retired,2
8703,2023_15,bottas,alfa,77,17,0.0,16,51,Retired,16
8704,2023_15,ocon,alpine,31,18,0.0,8,42,Retired,8
8705,2023_15,tsunoda,alphatauri,22,19,0.0,15,0,Retired,15
8706,2023_15,stroll,aston_martin,18,20,0.0,0,0,Withdrew,20
8707,2023_16,max_verstappen,red_bull,1,1,26.0,1,53,Finished,1
8708,2023_16,norris,mclaren,4,2,18.0,3,53,Finished,3
8709,2023_16,piastri,mclaren,81,3,15.0,2,53,Finished,2
8710,2023_16,leclerc,ferrari,16,4,12.0,4,53,Finished,4
8711,2023_16,hamilton,mercedes,44,5,10.0,7,53,Finished,7
8712,2023_16,sainz,ferrari,55,6,8.0,6,53,Finished,6
8713,2023_16,russell,mercedes,63,7,6.0,8,53,Finished,8
8714,2023_16,alonso,aston_martin,14,8,4.0,10,53,Finished,10
8715,2023_16,ocon,alpine,31,9,2.0,14,53,Finished,14
8716,2023_16,gasly,alpine,10,10,1.0,12,53,Finished,12
8717,2023_16,lawson,alphatauri,40,11,0.0,11,52,Lapped,11
8718,2023_16,tsunoda,alphatauri,22,12,0.0,9,52,Lapped,9
8719,2023_16,zhou,alfa,24,13,0.0,19,52,Lapped,19
8720,2023_16,hulkenberg,haas,27,14,0.0,18,52,Lapped,18
8721,2023_16,kevin_magnussen,haas,20,15,0.0,15,52,Lapped,15
8722,2023_16,albon,williams,23,16,0.0,13,26,Retired,13
8723,2023_16,sargeant,williams,2,17,0.0,20,22,Retired,20
8724,2023_16,stroll,aston_martin,18,18,0.0,17,20,Retired,17
8725,2023_16,perez,red_bull,11,19,0.0,5,15,Retired,5
8726,2023_16,bottas,alfa,77,20,0.0,16,7,Retired,16
8727,2023_17,max_verstappen,red_bull,1,1,26.0,1,57,Finished,1
8728,2023_17,piastri,mclaren,81,2,18.0,6,57,Finished,6
8729,2023_17,norris,mclaren,4,3,15.0,10,57,Finished,10
8730,2023_17,russell,mercedes,63,4,12.0,2,57,Finished,2
8731,2023_17,leclerc,ferrari,16,5,10.0,5,57,Finished,5
8732,2023_17,alonso,aston_martin,14,6,8.0,4,57,Finished,4
8733,2023_17,ocon,alpine,31,7,6.0,8,57,Finished,8
8734,2023_17,bottas,alfa,77,8,4.0,9,57,Finished,9
8735,2023_17,zhou,alfa,24,9,2.0,19,57,Finished,20
8736,2023_17,perez,red_bull,11,10,1.0,20,57,Finished,13
8737,2023_17,stroll,aston_martin,18,11,0.0,16,57,Finished,17
8738,2023_17,gasly,alpine,10,12,0.0,7,57,Finished,7
8739,2023_17,albon,williams,23,13,0.0,13,57,Finished,14
8740,2023_17,kevin_magnussen,haas,20,14,0.0,18,56,Lapped,19
8741,2023_17,tsunoda,alphatauri,22,15,0.0,11,56,Lapped,11
8742,2023_17,hulkenberg,haas,27,16,0.0,14,56,Lapped,15
8743,2023_17,lawson,alphatauri,40,17,0.0,17,56,Lapped,18
8744,2023_17,sargeant,williams,2,18,0.0,15,40,Retired,16
8745,2023_17,hamilton,mercedes,44,19,0.0,3,0,Retired,3
8746,2023_17,sainz,ferrari,55,20,0.0,12,0,Did not start,12
8747,2023_18,max_verstappen,red_bull,1,1,25.0,6,56,Finished,6
8748,2023_18,norris,mclaren,4,2,18.0,2,56,Finished,2
8749,2023_18,sainz,ferrari,55,3,15.0,4,56,Finished,4
8750,2023_18,perez,red_bull,11,4,12.0,9,56,Finished,9
8751,2023_18,russell,mercedes,63,5,10.0,5,56,Finished,5
8752,2023_18,gasly,alpine,10,6,8.0,7,56,Finished,7
8753,2023_18,stroll,aston_martin,18,7,6.0,20,56,Finished,19
8754,2023_18,tsunoda,alphatauri,22,8,5.0,11,56,Finished,11
8755,2023_18,albon,williams,23,9,2.0,15,56,Finished,18
8756,2023_18,sargeant,williams,2,10,1.0,16,56,Finished,20
8757,2023_18,hulkenberg,haas,27,11,0.0,18,56,Finished,16
8758,2023_18,bottas,alfa,77,12,0.0,13,56,Finished,13
8759,2023_18,zhou,alfa,24,13,0.0,12,55,Lapped,12
8760,2023_18,kevin_magnussen,haas,20,14,0.0,17,55,Lapped,14
8761,2023_18,ricciardo,alphatauri,3,15,0.0,14,55,Lapped,15
8762,2023_18,alonso,aston_martin,14,16,0.0,19,49,Retired,17
8763,2023_18,piastri,mclaren,81,17,0.0,10,10,Retired,10
8764,2023_18,ocon,alpine,31,18,0.0,8,6,Retired,8
8765,2023_18,hamilton,mercedes,44,19,0.0,3,56,Disqualified,3
8766,2023_18,leclerc,ferrari,16,20,0.0,1,56,Disqualified,1
8767,2023_19,max_verstappen,red_bull,1,1,25.0,3,71,Finished,3
8768,2023_19,hamilton,mercedes,44,2,19.0,6,71,Finished,6
8769,2023_19,leclerc,ferrari,16,3,15.0,1,71,Finished,1
8770,2023_19,sainz,ferrari,55,4,12.0,2,71,Finished,2
8771,2023_19,norris,mclaren,4,5,10.0,17,71,Finished,19
8772,2023_19,russell,mercedes,63,6,8.0,8,71,Finished,8
8773,2023_19,ricciardo,alphatauri,3,7,6.0,4,71,Finished,4
8774,2023_19,piastri,mclaren,81,8,4.0,7,71,Finished,7
8775,2023_19,albon,williams,23,9,2.0,14,71,Finished,14
8776,2023_19,ocon,alpine,31,10,1.0,15,71,Finished,16
8777,2023_19,gasly,alpine,10,11,0.0,11,71,Finished,11
8778,2023_19,tsunoda,alphatauri,22,12,0.0,18,71,Finished,15
8779,2023_19,hulkenberg,haas,27,13,0.0,12,71,Finished,12
8780,2023_19,zhou,alfa,24,14,0.0,10,71,Finished,10
8781,2023_19,bottas,alfa,77,15,0.0,9,71,Finished,9
8782,2023_19,sargeant,williams,2,16,0.0,19,70,Retired,20
8783,2023_19,stroll,aston_martin,18,17,0.0,0,66,Collision damage,18
8784,2023_19,alonso,aston_martin,14,18,0.0,13,47,Withdrew,13
8785,2023_19,kevin_magnussen,haas,20,19,0.0,16,31,Accident,17
8786,2023_19,perez,red_bull,11,20,0.0,5,1,Collision damage,5
8787,2023_20,max_verstappen,red_bull,1,1,25.0,1,71,Finished,1
8788,2023_20,norris,mclaren,4,2,19.0,6,71,Finished,7
8789,2023_20,alonso,aston_martin,14,3,15.0,4,71,Finished,4
8790,2023_20,perez,red_bull,11,4,12.0,9,71,Finished,9
8791,2023_20,stroll,aston_martin,18,5,10.0,3,71,Finished,3
8792,2023_20,sainz,ferrari,55,6,8.0,7,71,Finished,8
8793,2023_20,gasly,alpine,10,7,6.0,15,71,Finished,13
8794,2023_20,hamilton,mercedes,44,8,4.0,5,71,Finished,5
8795,2023_20,tsunoda,alphatauri,22,9,2.0,16,71,Finished,16
8796,2023_20,ocon,alpine,31,10,1.0,14,70,Lapped,12
8797,2023_20,sargeant,williams,2,11,0.0,19,70,Lapped,19
8798,2023_20,hulkenberg,haas,27,12,0.0,11,70,Lapped,11
8799,2023_20,ricciardo,alphatauri,3,13,0.0,17,70,Lapped,17
8800,2023_20,piastri,mclaren,81,14,0.0,10,69,Lapped,10
8801,2023_20,russell,mercedes,63,15,0.0,8,57,Retired,6
8802,2023_20,bottas,alfa,77,16,0.0,18,39,Retired,18
8803,2023_20,zhou,alfa,24,17,0.0,20,22,Retired,20
8804,2023_20,kevin_magnussen,haas,20,18,0.0,12,0,Retired,14
8805,2023_20,albon,williams,23,19,0.0,13,0,Retired,15
8806,2023_20,leclerc,ferrari,16,20,0.0,2,0,Did not start,2
8807,2023_21,max_verstappen,red_bull,1,1,25.0,2,50,Finished,3
8808,2023_21,leclerc,ferrari,16,2,18.0,1,50,Finished,1
8809,2023_21,perez,red_bull,11,3,15.0,11,50,Finished,12
8810,2023_21,ocon,alpine,31,4,12.0,16,50,Finished,17
8811,2023_21,stroll,aston_martin,18,5,10.0,19,50,Finished,14
8812,2023_21,sainz,ferrari,55,6,8.0,12,50,Finished,2
8813,2023_21,hamilton,mercedes,44,7,6.0,10,50,Finished,11
8814,2023_21,russell,mercedes,63,8,4.0,3,50,Finished,4
8815,2023_21,alonso,aston_martin,14,9,2.0,9,50,Finished,10
8816,2023_21,piastri,mclaren,81,10,2.0,18,50,Finished,19
8817,2023_21,gasly,alpine,10,11,0.0,4,50,Finished,5
8818,2023_21,albon,williams,23,12,0.0,5,50,Finished,6
8819,2023_21,kevin_magnussen,haas,20,13,0.0,8,50,Finished,9
8820,2023_21,ricciardo,alphatauri,3,14,0.0,14,50,Finished,15
8821,2023_21,zhou,alfa,24,15,0.0,17,50,Finished,18
8822,2023_21,sargeant,williams,2,16,0.0,6,50,Finished,7
8823,2023_21,bottas,alfa,77,17,0.0,7,50,Finished,8
8824,2023_21,tsunoda,alphatauri,22,18,0.0,20,46,Retired,20
8825,2023_21,hulkenberg,haas,27,19,0.0,13,45,Retired,13
8826,2023_21,norris,mclaren,4,20,0.0,15,2,Retired,16
8827,2023_22,max_verstappen,red_bull,1,1,26.0,1,58,Finished,1
8828,2023_22,leclerc,ferrari,16,2,18.0,2,58,Finished,2
8829,2023_22,russell,mercedes,63,3,15.0,4,58,Finished,4
8830,2023_22,perez,red_bull,11,4,12.0,9,58,Finished,9
8831,2023_22,norris,mclaren,4,5,10.0,5,58,Finished,5
8832,2023_22,piastri,mclaren,81,6,8.0,3,58,Finished,3
8833,2023_22,alonso,aston_martin,14,7,6.0,7,58,Finished,7
8834,2023_22,tsunoda,alphatauri,22,8,4.0,6,58,Finished,6
8835,2023_22,hamilton,mercedes,44,9,2.0,11,58,Finished,11
8836,2023_22,stroll,aston_martin,18,10,1.0,13,58,Finished,13
8837,2023_22,ricciardo,alphatauri,3,11,0.0,15,58,Finished,15
8838,2023_22,ocon,alpine,31,12,0.0,12,58,Finished,12
8839,2023_22,gasly,alpine,10,13,0.0,10,58,Finished,10
8840,2023_22,albon,williams,23,14,0.0,14,58,Finished,14
8841,2023_22,hulkenberg,haas,27,15,0.0,8,58,Finished,8
8842,2023_22,sargeant,williams,2,16,0.0,20,58,Finished,20
8843,2023_22,zhou,alfa,24,17,0.0,19,58,Finished,19
8844,2023_22,sainz,ferrari,55,18,0.0,16,57,Retired,16
8845,2023_22,bottas,alfa,77,19,0.0,18,57,Lapped,18
8846,2023_22,kevin_magnussen,haas,20,20,0.0,17,57,Lapped,17
8847,2024_1,max_verstappen,red_bull,1,1,26.0,1,57,Finished,1
8848,2024_1,perez,red_bull,11,2,18.0,5,57,Finished,5
8849,2024_1,sainz,ferrari,55,3,15.0,4,57,Finished,4
8850,2024_1,leclerc,ferrari,16,4,12.0,2,57,Finished,2
8851,2024_1,russell,mercedes,63,5,10.0,3,57,Finished,3
8852,2024_1,norris,mclaren,4,6,8.0,7,57,Finished,7
8853,2024_1,hamilton,mercedes,44,7,6.0,9,57,Finished,9
8854,2024_1,piastri,mclaren,81,8,4.0,8,57,Finished,8
8855,2024_1,alonso,aston_martin,14,9,2.0,6,57,Finished,6
8856,2024_1,stroll,aston_martin,18,10,1.0,12,57,Finished,12
8857,2024_1,zhou,sauber,24,11,0.0,17,56,Lapped,17
8858,2024_1,kevin_magnussen,haas,20,12,0.0,15,56,Lapped,15
8859,2024_1,ricciardo,rb,3,13,0.0,14,56,Lapped,14
8860,2024_1,tsunoda,rb,22,14,0.0,11,56,Lapped,11
8861,2024_1,albon,williams,23,15,0.0,13,56,Lapped,13
8862,2024_1,hulkenberg,haas,27,16,0.0,10,56,Lapped,10
8863,2024_1,ocon,alpine,31,17,0.0,19,56,Lapped,19
8864,2024_1,gasly,alpine,10,18,0.0,20,56,Lapped,20
8865,2024_1,bottas,sauber,77,19,0.0,16,56,Lapped,16
8866,2024_1,sargeant,williams,2,20,0.0,18,55,Lapped,18
8867,2024_2,max_verstappen,red_bull,1,1,25.0,1,50,Finished,1
8868,2024_2,perez,red_bull,11,2,18.0,3,50,Finished,3
8869,2024_2,leclerc,ferrari,16,3,16.0,2,50,Finished,2
8870,2024_2,piastri,mclaren,81,4,12.0,5,50,Finished,5
8871,2024_2,alonso,aston_martin,14,5,10.0,4,50,Finished,4
8872,2024_2,russell,mercedes,63,6,8.0,7,50,Finished,7
8873,2024_2,bearman,ferrari,38,7,6.0,11,50,Finished,11
8874,2024_2,norris,mclaren,4,8,4.0,6,50,Finished,6
8875,2024_2,hamilton,mercedes,44,9,2.0,8,50,Finished,8
8876,2024_2,hulkenberg,haas,27,10,1.0,15,50,Finished,15
8877,2024_2,albon,williams,23,11,0.0,12,50,Finished,12
8878,2024_2,kevin_magnussen,haas,20,12,0.0,13,50,Finished,13
8879,2024_2,ocon,alpine,31,13,0.0,17,49,Lapped,17
8880,2024_2,sargeant,williams,2,14,0.0,19,49,Lapped,19
8881,2024_2,tsunoda,rb,22,15,0.0,9,49,Lapped,9
8882,2024_2,ricciardo,rb,3,16,0.0,14,49,Lapped,14
8883,2024_2,bottas,sauber,77,17,0.0,16,49,Lapped,16
8884,2024_2,zhou,sauber,24,18,0.0,20,49,Lapped,20
8885,2024_2,stroll,aston_martin,18,19,0.0,10,5,Retired,10
8886,2024_2,gasly,alpine,10,20,0.0,18,1,Retired,18
8887,2024_3,sainz,ferrari,55,1,25.0,2,58,Finished,2
8888,2024_3,leclerc,ferrari,16,2,19.0,4,58,Finished,5
8889,2024_3,norris,mclaren,4,3,15.0,3,58,Finished,4
8890,2024_3,piastri,mclaren,81,4,12.0,5,58,Finished,6
8891,2024_3,perez,red_bull,11,5,10.0,6,58,Finished,3
8892,2024_3,stroll,aston_martin,18,6,8.0,9,58,Finished,9
8893,2024_3,tsunoda,rb,22,7,6.0,8,58,Finished,8
8894,2024_3,alonso,aston_martin,14,8,4.0,10,58,Finished,10
8895,2024_3,hulkenberg,haas,27,9,2.0,16,58,Finished,16
8896,2024_3,kevin_magnussen,haas,20,10,1.0,14,57,Lapped,14
8897,2024_3,albon,williams,23,11,0.0,12,57,Lapped,12
8898,2024_3,ricciardo,rb,3,12,0.0,18,57,Lapped,18
8899,2024_3,gasly,alpine,10,13,0.0,17,57,Lapped,17
8900,2024_3,bottas,sauber,77,14,0.0,13,57,Lapped,13
8901,2024_3,zhou,sauber,24,15,0.0,19,57,Lapped,19
8902,2024_3,ocon,alpine,31,16,0.0,15,57,Lapped,15
8903,2024_3,russell,mercedes,63,17,0.0,7,56,Retired,7
8904,2024_3,hamilton,mercedes,44,18,0.0,11,15,Retired,11
8905,2024_3,max_verstappen,red_bull,1,19,0.0,1,3,Retired,1
8906,2024_4,max_verstappen,red_bull,1,1,26.0,1,53,Finished,1
8907,2024_4,perez,red_bull,11,2,18.0,2,53,Finished,2
8908,2024_4,sainz,ferrari,55,3,15.0,4,53,Finished,4
8909,2024_4,leclerc,ferrari,16,4,12.0,8,53,Finished,8
8910,2024_4,norris,mclaren,4,5,10.0,3,53,Finished,3
8911,2024_4,alonso,aston_martin,14,6,8.0,5,53,Finished,5
8912,2024_4,russell,mercedes,63,7,6.0,9,53,Finished,9
8913,2024_4,piastri,mclaren,81,8,4.0,6,53,Finished,6
8914,2024_4,hamilton,mercedes,44,9,2.0,7,53,Finished,7
8915,2024_4,tsunoda,rb,22,10,1.0,10,52,Lapped,10
8916,2024_4,hulkenberg,haas,27,11,0.0,12,52,Lapped,12
8917,2024_4,stroll,aston_martin,18,12,0.0,16,52,Lapped,16
8918,2024_4,kevin_magnussen,haas,20,13,0.0,18,52,Lapped,18
8919,2024_4,bottas,sauber,77,14,0.0,13,52,Lapped,13
8920,2024_4,ocon,alpine,31,15,0.0,15,52,Lapped,15
8921,2024_4,gasly,alpine,10,16,0.0,17,52,Lapped,17
8922,2024_4,sargeant,williams,2,17,0.0,19,52,Lapped,19
8923,2024_4,zhou,sauber,24,18,0.0,20,12,Retired,20
8924,2024_4,ricciardo,rb,3,19,0.0,11,0,Retired,11
8925,2024_4,albon,williams,23,20,0.0,14,0,Retired,14
8926,2024_5,max_verstappen,red_bull,1,1,25.0,1,56,Finished,1
8927,2024_5,norris,mclaren,4,2,18.0,4,56,Finished,4
8928,2024_5,perez,red_bull,11,3,15.0,2,56,Finished,2
8929,2024_5,leclerc,ferrari,16,4,12.0,6,56,Finished,6
8930,2024_5,sainz,ferrari,55,5,10.0,7,56,Finished,7
8931,2024_5,russell,mercedes,63,6,8.0,8,56,Finished,8
8932,2024_5,alonso,aston_martin,14,7,7.0,3,56,Finished,3
8933,2024_5,piastri,mclaren,81,8,4.0,5,56,Finished,5
8934,2024_5,hamilton,mercedes,44,9,2.0,18,56,Finished,18
8935,2024_5,hulkenberg,haas,27,10,1.0,9,56,Finished,9
8936,2024_5,ocon,alpine,31,11,0.0,13,56,Finished,13
8937,2024_5,albon,williams,23,12,0.0,14,56,Finished,14
8938,2024_5,gasly,alpine,10,13,0.0,15,56,Finished,15
8939,2024_5,zhou,sauber,24,14,0.0,16,56,Finished,16
8940,2024_5,stroll,aston_martin,18,15,0.0,11,56,Finished,11
8941,2024_5,kevin_magnussen,haas,20,16,0.0,17,56,Finished,17
8942,2024_5,sargeant,williams,2,17,0.0,20,56,Finished,20
8943,2024_5,ricciardo,rb,3,18,0.0,12,33,Retired,12
8944,2024_5,tsunoda,rb,22,19,0.0,19,26,Retired,19
8945,2024_5,bottas,sauber,77,20,0.0,10,19,Retired,10
8946,2024_6,norris,mclaren,4,1,25.0,5,57,Finished,5
8947,2024_6,max_verstappen,red_bull,1,2,18.0,1,57,Finished,1
8948,2024_6,leclerc,ferrari,16,3,15.0,2,57,Finished,2
8949,2024_6,perez,red_bull,11,4,12.0,4,57,Finished,4
8950,2024_6,sainz,ferrari,55,5,10.0,3,57,Finished,3
8951,2024_6,hamilton,mercedes,44,6,8.0,8,57,Finished,8
8952,2024_6,tsunoda,rb,22,7,6.0,10,57,Finished,10
8953,2024_6,russell,mercedes,63,8,4.0,7,57,Finished,7
8954,2024_6,alonso,aston_martin,14,9,2.0,15,57,Finished,15
8955,2024_6,ocon,alpine,31,10,1.0,13,57,Finished,13
8956,2024_6,hulkenberg,haas,27,11,0.0,9,57,Finished,9
8957,2024_6,gasly,alpine,10,12,0.0,12,57,Finished,12
8958,2024_6,piastri,mclaren,81,13,0.0,6,57,Finished,6
8959,2024_6,zhou,sauber,24,14,0.0,19,57,Finished,20
8960,2024_6,ricciardo,rb,3,15,0.0,20,57,Finished,18
8961,2024_6,bottas,sauber,77,16,0.0,16,57,Finished,16
8962,2024_6,stroll,aston_martin,18,17,0.0,11,57,Finished,11
8963,2024_6,albon,williams,23,18,0.0,14,57,Finished,14
8964,2024_6,kevin_magnussen,haas,20,19,0.0,18,57,Finished,19
8965,2024_6,sargeant,williams,2,20,0.0,17,27,Retired,17
8966,2024_7,max_verstappen,red_bull,1,1,25.0,1,63,Finished,1
8967,2024_7,norris,mclaren,4,2,18.0,2,63,Finished,3
8968,2024_7,leclerc,ferrari,16,3,15.0,3,63,Finished,4
8969,2024_7,piastri,mclaren,81,4,12.0,5,63,Finished,2
8970,2024_7,sainz,ferrari,55,5,10.0,4,63,Finished,5
8971,2024_7,hamilton,mercedes,44,6,8.0,8,63,Finished,8
8972,2024_7,russell,mercedes,63,7,7.0,6,63,Finished,6
8973,2024_7,perez,red_bull,11,8,4.0,11,63,Finished,11
8974,2024_7,stroll,aston_martin,18,9,2.0,13,63,Finished,13
8975,2024_7,tsunoda,rb,22,10,1.0,7,62,Lapped,7
8976,2024_7,hulkenberg,haas,27,11,0.0,10,62,Lapped,10
8977,2024_7,kevin_magnussen,haas,20,12,0.0,18,62,Lapped,18
8978,2024_7,ricciardo,rb,3,13,0.0,9,62,Lapped,9
8979,2024_7,ocon,alpine,31,14,0.0,12,62,Lapped,12
8980,2024_7,zhou,sauber,24,15,0.0,17,62,Lapped,17
8981,2024_7,gasly,alpine,10,16,0.0,15,62,Lapped,15
8982,2024_7,sargeant,williams,2,17,0.0,19,62,Lapped,20
8983,2024_7,bottas,sauber,77,18,0.0,16,62,Lapped,16
8984,2024_7,alonso,aston_martin,14,19,0.0,20,62,Lapped,19
8985,2024_7,albon,williams,23,20,0.0,14,51,Retired,14
8986,2024_8,leclerc,ferrari,16,1,25.0,1,78,Finished,1
8987,2024_8,piastri,mclaren,81,2,18.0,2,78,Finished,2
8988,2024_8,sainz,ferrari,55,3,15.0,3,78,Finished,3
8989,2024_8,norris,mclaren,4,4,12.0,4,78,Finished,4
8990,2024_8,russell,mercedes,63,5,10.0,5,78,Finished,5
8991,2024_8,max_verstappen,red_bull,1,6,8.0,6,78,Finished,6
8992,2024_8,hamilton,mercedes,44,7,7.0,7,78,Finished,7
8993,2024_8,tsunoda,rb,22,8,4.0,8,77,Lapped,8
8994,2024_8,albon,williams,23,9,2.0,9,77,Lapped,9
8995,2024_8,gasly,alpine,10,10,1.0,10,77,Lapped,10
8996,2024_8,alonso,aston_martin,14,11,0.0,14,76,Lapped,14
8997,2024_8,ricciardo,rb,3,12,0.0,12,76,Lapped,12
8998,2024_8,bottas,sauber,77,13,0.0,17,76,Lapped,17
8999,2024_8,stroll,aston_martin,18,14,0.0,13,76,Lapped,13
9000,2024_8,sargeant,williams,2,15,0.0,15,76,Lapped,15
9001,2024_8,zhou,sauber,24,16,0.0,18,76,Lapped,18
9002,2024_8,ocon,alpine,31,17,0.0,11,0,Retired,11
9003,2024_8,perez,red_bull,11,18,0.0,16,0,Retired,16
9004,2024_8,hulkenberg,haas,27,19,0.0,19,0,Retired,14
9005,2024_8,kevin_magnussen,haas,20,20,0.0,20,0,Retired,15
9006,2024_9,max_verstappen,red_bull,1,1,25.0,2,70,Finished,2
9007,2024_9,norris,mclaren,4,2,18.0,3,70,Finished,3
9008,2024_9,russell,mercedes,63,3,15.0,1,70,Finished,1
9009,2024_9,hamilton,mercedes,44,4,13.0,7,70,Finished,7
9010,2024_9,piastri,mclaren,81,5,10.0,4,70,Finished,4
9011,2024_9,alonso,aston_martin,14,6,8.0,6,70,Finished,6
9012,2024_9,stroll,aston_martin,18,7,6.0,9,70,Finished,9
9013,2024_9,ricciardo,rb,3,8,4.0,5,70,Finished,5
9014,2024_9,gasly,alpine,10,9,2.0,15,70,Finished,15
9015,2024_9,ocon,alpine,31,10,1.0,18,70,Finished,18
9016,2024_9,hulkenberg,haas,27,11,0.0,17,70,Finished,19
9017,2024_9,kevin_magnussen,haas,20,12,0.0,14,70,Finished,14
9018,2024_9,bottas,sauber,77,13,0.0,19,70,Finished,17
9019,2024_9,tsunoda,rb,22,14,0.0,8,70,Finished,8
9020,2024_9,zhou,sauber,24,15,0.0,20,69,Lapped,20
9021,2024_9,sainz,ferrari,55,16,0.0,12,52,Retired,12
9022,2024_9,albon,williams,23,17,0.0,10,52,Retired,10
9023,2024_9,perez,red_bull,11,18,0.0,16,51,Retired,16
9024,2024_9,leclerc,ferrari,16,19,0.0,11,40,Retired,11
9025,2024_9,sargeant,williams,2,20,0.0,13,23,Retired,13
9026,2024_10,max_verstappen,red_bull,1,1,25.0,2,66,Finished,2
9027,2024_10,norris,mclaren,4,2,19.0,1,66,Finished,1
9028,2024_10,hamilton,mercedes,44,3,15.0,3,66,Finished,3
9029,2024_10,russell,mercedes,63,4,12.0,4,66,Finished,4
9030,2024_10,leclerc,ferrari,16,5,10.0,5,66,Finished,5
9031,2024_10,sainz,ferrari,55,6,8.0,6,66,Finished,6
9032,2024_10,piastri,mclaren,81,7,6.0,9,66,Finished,10
9033,2024_10,perez,red_bull,11,8,4.0,11,66,Finished,8
9034,2024_10,gasly,alpine,10,9,2.0,7,66,Finished,7
9035,2024_10,ocon,alpine,31,10,1.0,8,66,Finished,9
9036,2024_10,hulkenberg,haas,27,11,0.0,13,66,Finished,13
9037,2024_10,alonso,aston_martin,14,12,0.0,10,65,Lapped,11
9038,2024_10,zhou,sauber,24,13,0.0,15,65,Lapped,15
9039,2024_10,stroll,aston_martin,18,14,0.0,14,65,Lapped,14
9040,2024_10,ricciardo,rb,3,15,0.0,18,65,Lapped,18
9041,2024_10,bottas,sauber,77,16,0.0,12,65,Lapped,12
9042,2024_10,kevin_magnussen,haas,20,17,0.0,16,65,Lapped,16
9043,2024_10,albon,williams,23,18,0.0,20,65,Lapped,19
9044,2024_10,tsunoda,rb,22,19,0.0,17,65,Lapped,17
9045,2024_10,sargeant,williams,2,20,0.0,19,64,Lapped,20
9046,2024_11,russell,mercedes,63,1,25.0,3,71,Finished,3
9047,2024_11,piastri,mclaren,81,2,18.0,7,71,Finished,7
9048,2024_11,sainz,ferrari,55,3,15.0,4,71,Finished,4
9049,2024_11,hamilton,mercedes,44,4,12.0,5,71,Finished,5
9050,2024_11,max_verstappen,red_bull,1,5,10.0,1,71,Finished,1
9051,2024_11,hulkenberg,haas,27,6,8.0,9,71,Finished,9
9052,2024_11,perez,red_bull,11,7,6.0,8,71,Finished,8
9053,2024_11,kevin_magnussen,haas,20,8,4.0,12,71,Finished,12
9054,2024_11,ricciardo,rb,3,9,2.0,11,71,Finished,11
9055,2024_11,gasly,alpine,10,10,1.0,13,71,Finished,13
9056,2024_11,leclerc,ferrari,16,11,0.0,6,71,Finished,6
9057,2024_11,ocon,alpine,31,12,0.0,10,71,Finished,10
9058,2024_11,stroll,aston_martin,18,13,0.0,17,70,Lapped,17
9059,2024_11,tsunoda,rb,22,14,0.0,14,70,Lapped,14
9060,2024_11,albon,williams,23,15,0.0,16,70,Lapped,16
9061,2024_11,bottas,sauber,77,16,0.0,18,70,Lapped,18
9062,2024_11,zhou,sauber,24,17,0.0,20,70,Lapped,20
9063,2024_11,alonso,aston_martin,14,18,0.0,15,70,Lapped,15
9064,2024_11,sargeant,williams,2,19,0.0,19,69,Lapped,19
9065,2024_11,norris,mclaren,4,20,0.0,2,64,Lapped,2
9066,2024_12,hamilton,mercedes,44,1,25.0,2,52,Finished,2
9067,2024_12,max_verstappen,red_bull,1,2,18.0,4,52,Finished,4
9068,2024_12,norris,mclaren,4,3,15.0,3,52,Finished,3
9069,2024_12,piastri,mclaren,81,4,12.0,5,52,Finished,5
9070,2024_12,sainz,ferrari,55,5,11.0,7,52,Finished,7
9071,2024_12,hulkenberg,haas,27,6,8.0,6,52,Finished,6
9072,2024_12,stroll,aston_martin,18,7,6.0,8,52,Finished,8
9073,2024_12,alonso,aston_martin,14,8,4.0,10,52,Finished,10
9074,2024_12,albon,williams,23,9,2.0,9,52,Finished,9
9075,2024_12,tsunoda,rb,22,10,1.0,13,52,Finished,13
9076,2024_12,sargeant,williams,2,11,0.0,12,52,Finished,12
9077,2024_12,kevin_magnussen,haas,20,12,0.0,17,52,Finished,17
9078,2024_12,ricciardo,rb,3,13,0.0,15,51,Lapped,15
9079,2024_12,leclerc,ferrari,16,14,0.0,11,51,Lapped,11
9080,2024_12,bottas,sauber,77,15,0.0,16,51,Lapped,16
9081,2024_12,ocon,alpine,31,16,0.0,18,50,Lapped,18
9082,2024_12,perez,red_bull,11,17,0.0,20,50,Lapped,19
9083,2024_12,zhou,sauber,24,18,0.0,14,50,Lapped,14
9084,2024_12,russell,mercedes,63,19,0.0,1,33,Retired,1
9085,2024_12,gasly,alpine,10,20,0.0,19,0,Did not start,20
9086,2024_13,piastri,mclaren,81,1,25.0,2,70,Finished,2
9087,2024_13,norris,mclaren,4,2,18.0,1,70,Finished,1
9088,2024_13,hamilton,mercedes,44,3,15.0,5,70,Finished,5
9089,2024_13,leclerc,ferrari,16,4,12.0,6,70,Finished,6
9090,2024_13,max_verstappen,red_bull,1,5,10.0,3,70,Finished,3
9091,2024_13,sainz,ferrari,55,6,8.0,4,70,Finished,4
9092,2024_13,perez,red_bull,11,7,6.0,16,70,Finished,16
9093,2024_13,russell,mercedes,63,8,5.0,17,70,Finished,17
9094,2024_13,tsunoda,rb,22,9,2.0,10,70,Finished,10
9095,2024_13,stroll,aston_martin,18,10,1.0,8,70,Finished,8
9096,2024_13,alonso,aston_martin,14,11,0.0,7,70,Finished,7
9097,2024_13,ricciardo,rb,3,12,0.0,9,69,Lapped,9
9098,2024_13,hulkenberg,haas,27,13,0.0,11,69,Lapped,11
9099,2024_13,albon,williams,23,14,0.0,13,69,Lapped,13
9100,2024_13,kevin_magnussen,haas,20,15,0.0,15,69,Lapped,15
9101,2024_13,bottas,sauber,77,16,0.0,12,69,Lapped,12
9102,2024_13,sargeant,williams,2,17,0.0,14,69,Lapped,14
9103,2024_13,ocon,alpine,31,18,0.0,19,69,Lapped,19
9104,2024_13,zhou,sauber,24,19,0.0,18,69,Lapped,18
9105,2024_13,gasly,alpine,10,20,0.0,20,33,Retired,20
9106,2024_14,hamilton,mercedes,44,1,25.0,3,44,Finished,4
9107,2024_14,piastri,mclaren,81,2,18.0,5,44,Finished,6
9108,2024_14,leclerc,ferrari,16,3,15.0,1,44,Finished,2
9109,2024_14,max_verstappen,red_bull,1,4,12.0,11,44,Finished,1
9110,2024_14,norris,mclaren,4,5,10.0,4,44,Finished,5
9111,2024_14,sainz,ferrari,55,6,8.0,7,44,Finished,8
9112,2024_14,perez,red_bull,11,7,7.0,2,44,Finished,3
9113,2024_14,alonso,aston_martin,14,8,4.0,8,44,Finished,9
9114,2024_14,ocon,alpine,31,9,2.0,9,44,Finished,10
9115,2024_14,ricciardo,rb,3,10,1.0,13,44,Finished,13
9116,2024_14,stroll,aston_martin,18,11,0.0,15,44,Finished,15
9117,2024_14,albon,williams,23,12,0.0,10,44,Finished,11
9118,2024_14,gasly,alpine,10,13,0.0,12,44,Finished,12
9119,2024_14,kevin_magnussen,haas,20,14,0.0,17,44,Finished,17
9120,2024_14,bottas,sauber,77,15,0.0,14,44,Finished,14
9121,2024_14,tsunoda,rb,22,16,0.0,20,44,Finished,18
9122,2024_14,sargeant,williams,2,17,0.0,18,44,Finished,19
9123,2024_14,hulkenberg,haas,27,18,0.0,16,44,Finished,16
9124,2024_14,zhou,sauber,24,19,0.0,19,5,Retired,20
9125,2024_14,russell,mercedes,63,20,0.0,6,44,Disqualified,7
9126,2024_15,norris,mclaren,4,1,26.0,1,72,Finished,1
9127,2024_15,max_verstappen,red_bull,1,2,18.0,2,72,Finished,2
9128,2024_15,leclerc,ferrari,16,3,15.0,6,72,Finished,6
9129,2024_15,piastri,mclaren,81,4,12.0,3,72,Finished,3
9130,2024_15,sainz,ferrari,55,5,10.0,10,72,Finished,10
9131,2024_15,perez,red_bull,11,6,8.0,5,72,Finished,5
9132,2024_15,russell,mercedes,63,7,6.0,4,72,Finished,4
9133,2024_15,hamilton,mercedes,44,8,4.0,14,72,Finished,11
9134,2024_15,gasly,alpine,10,9,2.0,9,71,Lapped,9
9135,2024_15,alonso,aston_martin,14,10,1.0,7,71,Lapped,7
9136,2024_15,hulkenberg,haas,27,11,0.0,12,71,Lapped,13
9137,2024_15,ricciardo,rb,3,12,0.0,13,71,Lapped,15
9138,2024_15,stroll,aston_martin,18,13,0.0,8,71,Lapped,8
9139,2024_15,albon,williams,23,14,0.0,19,71,Lapped,10
9140,2024_15,ocon,alpine,31,15,0.0,15,71,Lapped,16
9141,2024_15,sargeant,williams,2,16,0.0,18,71,Lapped,20
9142,2024_15,tsunoda,rb,22,17,0.0,11,71,Lapped,12
9143,2024_15,kevin_magnussen,haas,20,18,0.0,20,71,Lapped,14
9144,2024_15,bottas,sauber,77,19,0.0,16,70,Lapped,17
9145,2024_15,zhou,sauber,24,20,0.0,17,70,Lapped,18
9146,2024_16,leclerc,ferrari,16,1,25.0,4,53,Finished,4
9147,2024_16,piastri,mclaren,81,2,18.0,2,53,Finished,2
9148,2024_16,norris,mclaren,4,3,16.0,1,53,Finished,1
9149,2024_16,sainz,ferrari,55,4,12.0,5,53,Finished,5
9150,2024_16,hamilton,mercedes,44,5,10.0,6,53,Finished,6
9151,2024_16,max_verstappen,red_bull,1,6,8.0,7,53,Finished,7
9152,2024_16,russell,mercedes,63,7,6.0,3,53,Finished,3
9153,2024_16,perez,red_bull,11,8,4.0,8,53,Finished,8
9154,2024_16,albon,williams,23,9,2.0,9,53,Finished,9
9155,2024_16,kevin_magnussen,haas,20,10,1.0,13,53,Finished,13
9156,2024_16,alonso,aston_martin,14,11,0.0,11,53,Finished,11
9157,2024_16,colapinto,williams,43,12,0.0,18,53,Finished,18
9158,2024_16,ricciardo,rb,3,13,0.0,12,53,Finished,12
9159,2024_16,ocon,alpine,31,14,0.0,15,52,Lapped,15
9160,2024_16,gasly,alpine,10,15,0.0,14,52,Lapped,14
9161,2024_16,bottas,sauber,77,16,0.0,19,52,Lapped,19
9162,2024_16,hulkenberg,haas,27,17,0.0,10,52,Lapped,10
9163,2024_16,zhou,sauber,24,18,0.0,20,52,Lapped,20
9164,2024_16,stroll,aston_martin,18,19,0.0,17,52,Lapped,17
9165,2024_16,tsunoda,rb,22,20,0.0,16,7,Retired,16
9166,2024_17,piastri,mclaren,81,1,25.0,2,51,Finished,2
9167,2024_17,leclerc,ferrari,16,2,18.0,1,51,Finished,1
9168,2024_17,russell,mercedes,63,3,15.0,5,51,Finished,5
9169,2024_17,norris,mclaren,4,4,13.0,15,51,Finished,16
9170,2024_17,max_verstappen,red_bull,1,5,10.0,6,51,Finished,6
9171,2024_17,alonso,aston_martin,14,6,8.0,7,51,Finished,8
9172,2024_17,albon,williams,23,7,6.0,9,51,Finished,10
9173,2024_17,colapinto,williams,43,8,4.0,8,51,Finished,9
9174,2024_17,hamilton,mercedes,44,9,2.0,19,51,Finished,7
9175,2024_17,bearman,haas,50,10,1.0,10,51,Finished,11
9176,2024_17,hulkenberg,haas,27,11,0.0,12,51,Finished,13
9177,2024_17,gasly,alpine,10,12,0.0,18,51,Finished,15
9178,2024_17,ricciardo,rb,3,13,0.0,14,51,Finished,15
9179,2024_17,zhou,sauber,24,14,0.0,17,51,Finished,18
9180,2024_17,ocon,alpine,31,15,0.0,20,50,Lapped,19
9181,2024_17,bottas,sauber,77,16,0.0,16,50,Lapped,17
9182,2024_17,perez,red_bull,11,17,0.0,4,49,Retired,4
9183,2024_17,sainz,ferrari,55,18,0.0,3,49,Retired,3
9184,2024_17,stroll,aston_martin,18,19,0.0,13,45,Retired,14
9185,2024_17,tsunoda,rb,22,20,0.0,11,14,Retired,12
9186,2024_18,norris,mclaren,4,1,25.0,1,62,Finished,1
9187,2024_18,max_verstappen,red_bull,1,2,18.0,2,62,Finished,2
9188,2024_18,piastri,mclaren,81,3,15.0,5,62,Finished,5
9189,2024_18,russell,mercedes,63,4,12.0,4,62,Finished,4
9190,2024_18,leclerc,ferrari,16,5,10.0,9,62,Finished,9
9191,2024_18,hamilton,mercedes,44,6,8.0,3,62,Finished,3
9192,2024_18,sainz,ferrari,55,7,6.0,10,62,Finished,10
9193,2024_18,alonso,aston_martin,14,8,4.0,7,61,Lapped,7
9194,2024_18,hulkenberg,haas,27,9,2.0,6,61,Lapped,6
9195,2024_18,perez,red_bull,11,10,1.0,13,61,Lapped,13
9196,2024_18,colapinto,williams,43,11,0.0,12,61,Lapped,12
9197,2024_18,tsunoda,rb,22,12,0.0,8,61,Lapped,8
9198,2024_18,ocon,alpine,31,13,0.0,15,61,Lapped,15
9199,2024_18,stroll,aston_martin,18,14,0.0,17,61,Lapped,17
9200,2024_18,zhou,sauber,24,15,0.0,20,61,Lapped,20
9201,2024_18,bottas,sauber,77,16,0.0,19,61,Lapped,19
9202,2024_18,gasly,alpine,10,17,0.0,18,61,Lapped,18
9203,2024_18,ricciardo,rb,3,18,0.0,16,61,Lapped,16
9204,2024_18,kevin_magnussen,haas,20,19,0.0,14,57,Retired,14
9205,2024_18,albon,williams,23,20,0.0,11,15,Retired,11
9206,2024_19,leclerc,ferrari,16,1,25.0,4,56,Finished,4
9207,2024_19,sainz,ferrari,55,2,18.0,3,56,Finished,3
9208,2024_19,max_verstappen,red_bull,1,3,15.0,2,56,Finished,2
9209,2024_19,norris,mclaren,4,4,12.0,1,56,Finished,1
9210,2024_19,piastri,mclaren,81,5,10.0,5,56,Finished,5
9211,2024_19,russell,mercedes,63,6,8.0,20,56,Finished,6
9212,2024_19,perez,red_bull,11,7,6.0,9,56,Finished,10
9213,2024_19,hulkenberg,haas,27,8,4.0,11,56,Finished,12
9214,2024_19,lawson,rb,30,9,2.0,19,56,Finished,15
9215,2024_19,colapinto,williams,43,10,1.0,15,56,Finished,17
9216,2024_19,kevin_magnussen,haas,20,11,0.0,8,56,Finished,9
9217,2024_19,gasly,alpine,10,12,0.0,6,56,Finished,7
9218,2024_19,alonso,aston_martin,14,13,0.0,7,55,Lapped,8
9219,2024_19,tsunoda,rb,22,14,0.0,10,55,Lapped,11
9220,2024_19,stroll,aston_martin,18,15,0.0,13,55,Lapped,14
9221,2024_19,albon,williams,23,16,0.0,14,55,Lapped,16
9222,2024_19,bottas,sauber,77,17,0.0,16,55,Lapped,18
9223,2024_19,ocon,alpine,31,18,0.0,12,55,Lapped,13
9224,2024_19,zhou,sauber,24,19,0.0,18,55,Lapped,20
9225,2024_19,hamilton,mercedes,44,20,0.0,17,1,Retired,19
9226,2024_20,sainz,ferrari,55,1,25.0,1,71,Finished,1
9227,2024_20,norris,mclaren,4,2,18.0,3,71,Finished,3
9228,2024_20,leclerc,ferrari,16,3,16.0,4,71,Finished,4
9229,2024_20,hamilton,mercedes,44,4,12.0,6,71,Finished,6
9230,2024_20,russell,mercedes,63,5,10.0,5,71,Finished,5
9231,2024_20,max_verstappen,red_bull,1,6,8.0,2,71,Finished,2
9232,2024_20,kevin_magnussen,haas,20,7,6.0,7,71,Finished,7
9233,2024_20,piastri,mclaren,81,8,4.0,17,71,Finished,17
9234,2024_20,hulkenberg,haas,27,9,2.0,10,70,Lapped,10
9235,2024_20,gasly,alpine,10,10,1.0,8,70,Lapped,8
9236,2024_20,stroll,aston_martin,18,11,0.0,14,70,Lapped,14
9237,2024_20,colapinto,williams,43,12,0.0,16,70,Lapped,16
9238,2024_20,ocon,alpine,31,13,0.0,0,70,Lapped,19
9239,2024_20,bottas,sauber,77,14,0.0,15,70,Lapped,15
9240,2024_20,zhou,sauber,24,15,0.0,19,70,Lapped,20
9241,2024_20,lawson,rb,30,16,0.0,12,70,Lapped,12
9242,2024_20,perez,red_bull,11,17,0.0,18,70,Lapped,18
9243,2024_20,alonso,aston_martin,14,18,0.0,13,15,Retired,13
9244,2024_20,albon,williams,23,19,0.0,9,0,Retired,9
9245,2024_20,tsunoda,rb,22,20,0.0,11,0,Retired,11
9246,2024_21,max_verstappen,red_bull,1,1,26.0,17,69,Finished,12
9247,2024_21,ocon,alpine,31,2,18.0,4,69,Finished,4
9248,2024_21,gasly,alpine,10,3,15.0,13,69,Finished,15
9249,2024_21,russell,mercedes,63,4,12.0,2,69,Finished,2
9250,2024_21,leclerc,ferrari,16,5,10.0,6,69,Finished,6
9251,2024_21,norris,mclaren,4,6,8.0,1,69,Finished,1
9252,2024_21,tsunoda,rb,22,7,6.0,3,69,Finished,3
9253,2024_21,piastri,mclaren,81,8,4.0,8,69,Finished,8
9254,2024_21,lawson,rb,30,9,2.0,5,69,Finished,5
9255,2024_21,hamilton,mercedes,44,10,1.0,14,69,Finished,16
9256,2024_21,perez,red_bull,11,11,0.0,12,69,Finished,13
9257,2024_21,bearman,haas,50,12,0.0,15,69,Finished,17
9258,2024_21,bottas,sauber,77,13,0.0,11,69,Finished,11
9259,2024_21,alonso,aston_martin,14,14,0.0,9,69,Finished,9
9260,2024_21,zhou,sauber,24,15,0.0,19,69,Finished,20
9261,2024_21,sainz,ferrari,55,16,0.0,20,38,Retired,14
9262,2024_21,colapinto,williams,43,17,0.0,16,30,Retired,18
9263,2024_21,albon,williams,23,18,0.0,7,0,Did not start,7
9264,2024_21,stroll,aston_martin,18,19,0.0,10,0,Did not start,10
9265,2024_21,hulkenberg,haas,27,20,0.0,18,0,Disqualified,19
9266,2024_22,russell,mercedes,63,1,25.0,1,50,Finished,1
9267,2024_22,hamilton,mercedes,44,2,18.0,10,50,Finished,10
9268,2024_22,sainz,ferrari,55,3,15.0,2,50,Finished,2
9269,2024_22,leclerc,ferrari,16,4,12.0,4,50,Finished,4
9270,2024_22,max_verstappen,red_bull,1,5,10.0,5,50,Finished,5
9271,2024_22,norris,mclaren,4,6,9.0,6,50,Finished,6
9272,2024_22,piastri,mclaren,81,7,6.0,8,50,Finished,8
9273,2024_22,hulkenberg,haas,27,8,4.0,9,50,Finished,9
9274,2024_22,tsunoda,rb,22,9,2.0,7,50,Finished,7
9275,2024_22,perez,red_bull,11,10,1.0,15,50,Finished,16
9276,2024_22,alonso,aston_martin,14,11,0.0,16,50,Finished,17
9277,2024_22,kevin_magnussen,haas,20,12,0.0,12,50,Finished,12
9278,2024_22,zhou,sauber,24,13,0.0,13,50,Finished,13
9279,2024_22,colapinto,williams,43,14,0.0,20,50,Finished,14
9280,2024_22,stroll,aston_martin,18,15,0.0,18,50,Finished,20
9281,2024_22,lawson,rb,30,16,0.0,14,50,Finished,15
9282,2024_22,ocon,alpine,31,17,0.0,11,49,Lapped,11
9283,2024_22,bottas,sauber,77,18,0.0,19,49,Lapped,19
9284,2024_22,albon,williams,23,19,0.0,17,25,Retired,18
9285,2024_22,gasly,alpine,10,20,0.0,3,15,Retired,3
9286,2024_23,max_verstappen,red_bull,1,1,25.0,2,57,Finished,1
9287,2024_23,leclerc,ferrari,16,2,18.0,5,57,Finished,5
9288,2024_23,piastri,mclaren,81,3,15.0,4,57,Finished,4
9289,2024_23,russell,mercedes,63,4,12.0,1,57,Finished,2
9290,2024_23,gasly,alpine,10,5,10.0,11,57,Finished,11
9291,2024_23,sainz,ferrari,55,6,8.0,7,57,Finished,7
9292,2024_23,alonso,aston_martin,14,7,6.0,8,57,Finished,8
9293,2024_23,zhou,sauber,24,8,4.0,12,57,Finished,12
9294,2024_23,kevin_magnussen,haas,20,9,2.0,10,57,Finished,10
9295,2024_23,norris,mclaren,4,10,2.0,3,57,Finished,3
9296,2024_23,bottas,sauber,77,11,0.0,13,57,Finished,13
9297,2024_23,hamilton,mercedes,44,12,0.0,6,57,Finished,6
9298,2024_23,tsunoda,rb,22,13,0.0,14,57,Finished,14
9299,2024_23,lawson,rb,30,14,0.0,17,57,Finished,17
9300,2024_23,albon,williams,23,15,0.0,16,56,Lapped,16
9301,2024_23,hulkenberg,haas,27,16,0.0,18,39,Retired,18
9302,2024_23,perez,red_bull,11,17,0.0,9,38,Retired,9
9303,2024_23,stroll,aston_martin,18,18,0.0,15,8,Retired,15
9304,2024_23,colapinto,williams,43,19,0.0,19,0,Retired,19
9305,2024_23,ocon,alpine,31,20,0.0,20,0,Retired,20
9306,2024_24,norris,mclaren,4,1,25.0,1,58,Finished,1
9307,2024_24,sainz,ferrari,55,2,18.0,3,58,Finished,3
9308,2024_24,leclerc,ferrari,16,3,15.0,19,58,Finished,14
9309,2024_24,hamilton,mercedes,44,4,12.0,16,58,Finished,18
9310,2024_24,russell,mercedes,63,5,10.0,6,58,Finished,7
9311,2024_24,max_verstappen,red_bull,1,6,8.0,4,58,Finished,5
9312,2024_24,gasly,alpine,10,7,6.0,5,58,Finished,6
9313,2024_24,hulkenberg,haas,27,8,4.0,7,58,Finished,4
9314,2024_24,alonso,aston_martin,14,9,2.0,8,58,Finished,8
9315,2024_24,piastri,mclaren,81,10,1.0,2,58,Finished,2
9316,2024_24,albon,williams,23,11,0.0,18,57,Lapped,16
9317,2024_24,tsunoda,rb,22,12,0.0,11,57,Lapped,11
9318,2024_24,zhou,sauber,24,13,0.0,15,57,Lapped,17
9319,2024_24,stroll,aston_martin,18,14,0.0,13,57,Lapped,13
9320,2024_24,doohan,alpine,61,15,0.0,17,57,Lapped,20
9321,2024_24,kevin_magnussen,haas,20,16,0.0,14,57,Lapped,15
9322,2024_24,lawson,rb,30,17,0.0,12,55,Retired,12
9323,2024_24,bottas,sauber,77,18,0.0,9,30,Retired,9
9324,2024_24,colapinto,williams,43,19,0.0,20,26,Retired,19
9325,2024_24,perez,red_bull,11,20,0.0,10,0,Retired,10
9326,2025_1,norris,mclaren,4,1,25.0,1,57,Finished,1
9327,2025_1,max_verstappen,red_bull,1,2,18.0,3,57,Finished,3
9328,2025_1,russell,mercedes,63,3,15.0,4,57,Finished,4
9329,2025_1,antonelli,mercedes,12,4,12.0,16,57,Finished,16
9330,2025_1,albon,williams,23,5,10.0,6,57,Finished,6
9331,2025_1,stroll,aston_martin,18,6,8.0,13,57,Finished,13
9332,2025_1,hulkenberg,sauber,27,7,6.0,17,57,Finished,17
9333,2025_1,leclerc,ferrari,16,8,4.0,7,57,Finished,7
9334,2025_1,piastri,mclaren,81,9,2.0,2,57,Finished,2
9335,2025_1,hamilton,ferrari,44,10,1.0,8,57,Finished,8
9336,2025_1,gasly,alpine,10,11,0.0,9,57,Finished,9
9337,2025_1,tsunoda,rb,22,12,0.0,5,57,Finished,5
9338,2025_1,ocon,haas,31,13,0.0,19,57,Finished,19
9339,2025_1,bearman,haas,87,14,0.0,20,57,Finished,20
9340,2025_1,lawson,red_bull,30,15,0.0,18,46,Retired,18
9341,2025_1,bortoleto,sauber,5,16,0.0,15,45,Retired,15
9342,2025_1,alonso,aston_martin,14,17,0.0,12,32,Retired,12
9343,2025_1,sainz,williams,55,18,0.0,10,0,Retired,10
9344,2025_1,doohan,alpine,7,19,0.0,14,0,Retired,14
9345,2025_1,hadjar,rb,6,20,0.0,11,0,Retired,11
9346,2025_2,piastri,mclaren,81,1,25.0,1,56,Finished,1
9347,2025_2,norris,mclaren,4,2,18.0,3,56,Finished,3
9348,2025_2,russell,mercedes,63,3,15.0,2,56,Finished,2
9349,2025_2,max_verstappen,red_bull,1,4,12.0,4,56,Finished,4
9350,2025_2,ocon,haas,31,5,10.0,11,56,Finished,11
9351,2025_2,antonelli,mercedes,12,6,8.0,8,56,Finished,8
9352,2025_2,albon,williams,23,7,6.0,10,56,Finished,10
9353,2025_2,bearman,haas,87,8,4.0,17,56,Finished,17
9354,2025_2,stroll,aston_martin,18,9,2.0,14,56,Finished,14
9355,2025_2,sainz,williams,55,10,1.0,15,56,Finished,15
9356,2025_2,hadjar,rb,6,11,0.0,7,56,Finished,7
9357,2025_2,lawson,red_bull,30,12,0.0,20,56,Finished,20
9358,2025_2,doohan,alpine,7,13,0.0,18,56,Finished,18
9359,2025_2,bortoleto,sauber,5,14,0.0,19,55,Lapped,19
9360,2025_2,hulkenberg,sauber,27,15,0.0,12,55,Lapped,12
9361,2025_2,tsunoda,rb,22,16,0.0,9,55,Lapped,9
9362,2025_2,alonso,aston_martin,14,17,0.0,13,4,Retired,13
9363,2025_2,leclerc,ferrari,16,18,0.0,6,0,Disqualified,6
9364,2025_2,hamilton,ferrari,44,19,0.0,5,0,Disqualified,5
9365,2025_2,gasly,alpine,10,20,0.0,16,0,Disqualified,16
9366,2025_3,max_verstappen,red_bull,1,1,25.0,1,53,Finished,1
9367,2025_3,norris,mclaren,4,2,18.0,2,53,Finished,2
9368,2025_3,piastri,mclaren,81,3,15.0,3,53,Finished,3
9369,2025_3,leclerc,ferrari,16,4,12.0,4,53,Finished,4
9370,2025_3,russell,mercedes,63,5,10.0,5,53,Finished,5
9371,2025_3,antonelli,mercedes,12,6,8.0,6,53,Finished,6
9372,2025_3,hamilton,ferrari,44,7,6.0,8,53,Finished,8
9373,2025_3,hadjar,rb,6,8,4.0,7,53,Finished,7
9374,2025_3,albon,williams,23,9,2.0,9,53,Finished,9
9375,2025_3,bearman,haas,87,10,1.0,10,53,Finished,10
9376,2025_3,alonso,aston_martin,14,11,0.0,12,53,Finished,13
9377,2025_3,tsunoda,red_bull,22,12,0.0,14,53,Finished,15
9378,2025_3,gasly,alpine,10,13,0.0,11,53,Finished,11
9379,2025_3,sainz,williams,55,14,0.0,15,53,Finished,12
9380,2025_3,doohan,alpine,7,15,0.0,19,53,Finished,19
9381,2025_3,hulkenberg,sauber,27,16,0.0,16,53,Finished,16
9382,2025_3,lawson,rb,30,17,0.0,13,53,Finished,14
9383,2025_3,ocon,haas,31,18,0.0,18,53,Finished,18
9384,2025_3,bortoleto,sauber,5,19,0.0,17,53,Finished,17
9385,2025_3,stroll,aston_martin,18,20,0.0,20,52,Lapped,20
9386,2025_4,piastri,mclaren,81,1,25.0,1,57,Finished,1
9387,2025_4,russell,mercedes,63,2,18.0,3,57,Finished,2
9388,2025_4,norris,mclaren,4,3,15.0,6,57,Finished,6
9389,2025_4,leclerc,ferrari,16,4,12.0,2,57,Finished,3
9390,2025_4,hamilton,ferrari,44,5,10.0,9,57,Finished,9
9391,2025_4,max_verstappen,red_bull,1,6,8.0,7,57,Finished,7
9392,2025_4,gasly,alpine,10,7,6.0,4,57,Finished,5
9393,2025_4,ocon,haas,31,8,4.0,14,57,Finished,14
9394,2025_4,tsunoda,red_bull,22,9,2.0,10,57,Finished,10
9395,2025_4,bearman,haas,87,10,1.0,20,57,Finished,20
9396,2025_4,antonelli,mercedes,12,11,0.0,5,57,Finished,4
9397,2025_4,albon,williams,23,12,0.0,15,57,Finished,15
9398,2025_4,hadjar,rb,6,13,0.0,12,57,Finished,12
9399,2025_4,doohan,alpine,7,14,0.0,11,57,Finished,11
9400,2025_4,alonso,aston_martin,14,15,0.0,13,57,Finished,13
9401,2025_4,lawson,rb,30,16,0.0,17,57,Finished,17
9402,2025_4,stroll,aston_martin,18,17,0.0,19,57,Finished,19
9403,2025_4,bortoleto,sauber,5,18,0.0,18,57,Finished,18
9404,2025_4,sainz,williams,55,19,0.0,8,45,Retired,8
9405,2025_4,hulkenberg,sauber,27,20,0.0,16,0,Disqualified,16
9406,2025_5,piastri,mclaren,81,1,25.0,2,50,Finished,2
9407,2025_5,max_verstappen,red_bull,1,2,18.0,1,50,Finished,1
9408,2025_5,leclerc,ferrari,16,3,15.0,4,50,Finished,4
9409,2025_5,norris,mclaren,4,4,12.0,10,50,Finished,10
9410,2025_5,russell,mercedes,63,5,10.0,3,50,Finished,3
9411,2025_5,antonelli,mercedes,12,6,8.0,5,50,Finished,5
9412,2025_5,hamilton,ferrari,44,7,6.0,7,50,Finished,7
9413,2025_5,sainz,williams,55,8,4.0,6,50,Finished,6
9414,2025_5,albon,williams,23,9,2.0,11,50,Finished,11
9415,2025_5,hadjar,rb,6,10,1.0,14,50,Finished,14
9416,2025_5,alonso,aston_martin,14,11,0.0,13,50,Finished,13
9417,2025_5,lawson,rb,30,12,0.0,12,50,Finished,12
9418,2025_5,bearman,haas,87,13,0.0,15,50,Finished,15
9419,2025_5,ocon,haas,31,14,0.0,19,50,Finished,19
9420,2025_5,hulkenberg,sauber,27,15,0.0,18,49,Lapped,18
9421,2025_5,stroll,aston_martin,18,16,0.0,16,49,Lapped,16
9422,2025_5,doohan,alpine,7,17,0.0,17,49,Lapped,17
9423,2025_5,bortoleto,sauber,5,18,0.0,20,49,Lapped,20
9424,2025_5,tsunoda,red_bull,22,19,0.0,8,1,Retired,8
9425,2025_5,gasly,alpine,10,20,0.0,9,0,Retired,9
9426,2025_6,piastri,mclaren,81,1,25.0,4,57,Finished,4
9427,2025_6,norris,mclaren,4,2,18.0,2,57,Finished,2
9428,2025_6,russell,mercedes,63,3,15.0,5,57,Finished,5
9429,2025_6,max_verstappen,red_bull,1,4,12.0,1,57,Finished,1
9430,2025_6,albon,williams,23,5,10.0,7,57,Finished,7
9431,2025_6,antonelli,mercedes,12,6,8.0,3,57,Finished,3
9432,2025_6,leclerc,ferrari,16,7,6.0,8,57,Finished,8
9433,2025_6,hamilton,ferrari,44,8,4.0,12,57,Finished,12
9434,2025_6,sainz,williams,55,9,2.0,6,57,Finished,6
9435,2025_6,tsunoda,red_bull,22,10,1.0,10,57,Finished,10
9436,2025_6,hadjar,rb,6,11,0.0,11,57,Finished,11
9437,2025_6,ocon,haas,31,12,0.0,9,57,Finished,9
9438,2025_6,gasly,alpine,10,13,0.0,20,57,Finished,18
9439,2025_6,hulkenberg,sauber,27,14,0.0,16,56,Lapped,16
9440,2025_6,alonso,aston_martin,14,15,0.0,17,56,Lapped,17
9441,2025_6,stroll,aston_martin,18,16,0.0,18,56,Lapped,19
9442,2025_6,lawson,rb,30,17,0.0,15,36,Retired,15
9443,2025_6,bortoleto,sauber,5,18,0.0,13,30,Retired,13
9444,2025_6,bearman,haas,87,19,0.0,19,27,Retired,20
9445,2025_6,doohan,alpine,7,20,0.0,14,0,Retired,14
9446,2025_7,max_verstappen,red_bull,1,1,25.0,2,63,Finished,2
9447,2025_7,norris,mclaren,4,2,18.0,4,63,Finished,4
9448,2025_7,piastri,mclaren,81,3,15.0,1,63,Finished,1
9449,2025_7,hamilton,ferrari,44,4,12.0,12,63,Finished,12
9450,2025_7,albon,williams,23,5,10.0,7,63,Finished,7
9451,2025_7,leclerc,ferrari,16,6,8.0,11,63,Finished,11
9452,2025_7,russell,mercedes,63,7,6.0,3,63,Finished,3
9453,2025_7,sainz,williams,55,8,4.0,6,63,Finished,6
9454,2025_7,hadjar,rb,6,9,2.0,9,63,Finished,9
9455,2025_7,tsunoda,red_bull,22,10,1.0,20,63,Finished,20
9456,2025_7,alonso,aston_martin,14,11,0.0,5,63,Finished,5
9457,2025_7,hulkenberg,sauber,27,12,0.0,17,63,Finished,17
9458,2025_7,gasly,alpine,10,13,0.0,10,63,Finished,10
9459,2025_7,lawson,rb,30,14,0.0,15,63,Finished,16
9460,2025_7,stroll,aston_martin,18,15,0.0,8,63,Finished,8
9461,2025_7,colapinto,alpine,43,16,0.0,16,63,Finished,15
9462,2025_7,bearman,haas,87,17,0.0,19,63,Finished,16
9463,2025_7,bortoleto,sauber,5,18,0.0,14,63,Finished,14
9464,2025_7,antonelli,mercedes,12,19,0.0,13,44,Retired,13
9465,2025_7,ocon,haas,31,20,0.0,18,27,Retired,18
9466,2025_8,norris,mclaren,4,1,25.0,1,78,Finished,1
9467,2025_8,leclerc,ferrari,16,2,18.0,2,78,Finished,2
9468,2025_8,piastri,mclaren,81,3,15.0,3,78,Finished,3
9469,2025_8,max_verstappen,red_bull,1,4,12.0,4,78,Finished,5
9470,2025_8,hamilton,ferrari,44,5,10.0,7,78,Finished,4
9471,2025_8,hadjar,rb,6,6,8.0,5,77,Lapped,6
9472,2025_8,ocon,haas,31,7,6.0,8,77,Lapped,8
9473,2025_8,lawson,rb,30,8,4.0,9,77,Lapped,9
9474,2025_8,albon,williams,23,9,2.0,10,76,Lapped,10
9475,2025_8,sainz,williams,55,10,1.0,11,76,Lapped,11
9476,2025_8,russell,mercedes,63,11,0.0,14,76,Lapped,14
9477,2025_8,bearman,haas,87,12,0.0,20,76,Lapped,17
9478,2025_8,colapinto,alpine,43,13,0.0,18,76,Lapped,20
9479,2025_8,bortoleto,sauber,5,14,0.0,16,76,Lapped,16
9480,2025_8,stroll,aston_martin,18,15,0.0,19,76,Lapped,19
9481,2025_8,hulkenberg,sauber,27,16,0.0,13,76,Lapped,13
9482,2025_8,tsunoda,red_bull,22,17,0.0,12,76,Lapped,12
9483,2025_8,antonelli,mercedes,12,18,0.0,15,75,Lapped,15
9484,2025_8,alonso,aston_martin,14,19,0.0,6,36,Retired,7
9485,2025_8,gasly,alpine,10,20,0.0,17,7,Retired,18
9486,2025_9,piastri,mclaren,81,1,25.0,1,66,Finished,1
9487,2025_9,norris,mclaren,4,2,18.0,2,66,Finished,2
9488,2025_9,leclerc,ferrari,16,3,15.0,7,66,Finished,7
9489,2025_9,russell,mercedes,63,4,12.0,4,66,Finished,4
9490,2025_9,hulkenberg,sauber,27,5,10.0,15,66,Finished,16
9491,2025_9,hamilton,ferrari,44,6,8.0,5,66,Finished,5
9492,2025_9,hadjar,rb,6,7,6.0,9,66,Finished,9
9493,2025_9,gasly,alpine,10,8,4.0,8,66,Finished,8
9494,2025_9,alonso,aston_martin,14,9,2.0,10,66,Finished,10
9495,2025_9,max_verstappen,red_bull,1,10,1.0,3,66,Finished,3
9496,2025_9,lawson,rb,30,11,0.0,13,66,Finished,13
9497,2025_9,bortoleto,sauber,5,12,0.0,12,66,Finished,12
9498,2025_9,tsunoda,red_bull,22,13,0.0,19,66,Finished,20
9499,2025_9,sainz,williams,55,14,0.0,17,66,Finished,18
9500,2025_9,colapinto,alpine,43,15,0.0,18,66,Finished,19
9501,2025_9,ocon,haas,31,16,0.0,16,66,Finished,17
9502,2025_9,bearman,haas,87,17,0.0,14,66,Finished,15
9503,2025_9,antonelli,mercedes,12,18,0.0,6,53,Retired,6
9504,2025_9,albon,williams,23,19,0.0,11,27,Retired,11
9505,2025_10,russell,mercedes,63,1,25.0,1,70,Finished,1
9506,2025_10,max_verstappen,red_bull,1,2,18.0,2,70,Finished,2
9507,2025_10,antonelli,mercedes,12,3,15.0,4,70,Finished,4
9508,2025_10,piastri,mclaren,81,4,12.0,3,70,Finished,3
9509,2025_10,leclerc,ferrari,16,5,10.0,8,70,Finished,8
9510,2025_10,hamilton,ferrari,44,6,8.0,5,70,Finished,5
9511,2025_10,alonso,aston_martin,14,7,6.0,6,70,Finished,6
9512,2025_10,hulkenberg,sauber,27,8,4.0,11,70,Finished,13
9513,2025_10,ocon,haas,31,9,2.0,14,69,Lapped,15
9514,2025_10,sainz,williams,55,10,1.0,16,69,Lapped,17
9515,2025_10,bearman,haas,87,11,0.0,13,69,Lapped,14
9516,2025_10,tsunoda,red_bull,22,12,0.0,18,69,Lapped,11
9517,2025_10,colapinto,alpine,43,13,0.0,10,69,Lapped,12
9518,2025_10,bortoleto,sauber,5,14,0.0,15,69,Lapped,16
9519,2025_10,gasly,alpine,10,15,0.0,20,69,Lapped,20
9520,2025_10,hadjar,rb,6,16,0.0,12,69,Lapped,9
9521,2025_10,stroll,aston_martin,18,17,0.0,17,69,Lapped,18
9522,2025_10,norris,mclaren,4,18,0.0,7,66,Retired,7
9523,2025_10,lawson,rb,30,19,0.0,19,53,Retired,19
9524,2025_10,albon,williams,23,20,0.0,9,46,Retired,10
9525,2025_11,norris,mclaren,4,1,25.0,1,70,Finished,1
9526,2025_11,piastri,mclaren,81,2,18.0,3,70,Finished,3
9527,2025_11,leclerc,ferrari,16,3,15.0,2,70,Finished,2
9528,2025_11,hamilton,ferrari,44,4,12.0,4,70,Finished,4
9529,2025_11,russell,mercedes,63,5,10.0,5,70,Finished,5
9530,2025_11,lawson,rb,30,6,8.0,6,70,Finished,6
9531,2025_11,alonso,aston_martin,14,7,6.0,11,69,Lapped,11
9532,2025_11,bortoleto,sauber,5,8,4.0,8,69,Lapped,8
9533,2025_11,hulkenberg,sauber,27,9,2.0,20,69,Lapped,20
9534,2025_11,ocon,haas,31,10,1.0,17,69,Lapped,17
9535,2025_11,bearman,haas,87,11,0.0,15,69,Lapped,15
9536,2025_11,hadjar,rb,6,12,0.0,13,69,Lapped,13
9537,2025_11,gasly,alpine,10,13,0.0,10,69,Lapped,10
9538,2025_11,stroll,aston_martin,18,14,0.0,16,69,Lapped,16
9539,2025_11,colapinto,alpine,43,15,0.0,14,69,Lapped,14
9540,2025_11,tsunoda,red_bull,22,16,0.0,18,68,Lapped,18
9541,2025_11,albon,williams,23,17,0.0,12,15,Retired,12
9542,2025_11,max_verstappen,red_bull,1,18,0.0,7,0,Retired,7
9543,2025_11,antonelli,mercedes,12,19,0.0,9,0,Retired,9
9544,2025_11,sainz,williams,55,20,0.0,19,0,Did not start,19
9545,2025_12,norris,mclaren,4,1,25.0,3,52,Finished,3
9546,2025_12,piastri,mclaren,81,2,18.0,2,52,Finished,2
9547,2025_12,hulkenberg,sauber,27,3,15.0,19,52,Finished,19
9548,2025_12,hamilton,ferrari,44,4,12.0,5,52,Finished,5
9549,2025_12,max_verstappen,red_bull,1,5,10.0,1,52,Finished,1
9550,2025_12,gasly,alpine,10,6,8.0,8,52,Finished,10
9551,2025_12,stroll,aston_martin,18,7,6.0,17,52,Finished,18
9552,2025_12,albon,williams,23,8,4.0,13,52,Finished,14
9553,2025_12,alonso,aston_martin,14,9,2.0,7,52,Finished,9
9554,2025_12,russell,mercedes,63,10,1.0,4,52,Finished,4
9555,2025_12,bearman,haas,87,11,0.0,18,52,Finished,8
9556,2025_12,sainz,williams,55,12,0.0,9,52,Finished,11
9557,2025_12,ocon,haas,31,13,0.0,14,52,Finished,15
9558,2025_12,leclerc,ferrari,16,14,0.0,6,52,Finished,6
9559,2025_12,tsunoda,red_bull,22,15,0.0,11,51,Lapped,12
9560,2025_12,antonelli,mercedes,12,16,0.0,10,23,Retired,7
9561,2025_12,hadjar,rb,6,17,0.0,12,17,Retired,13
9562,2025_12,bortoleto,sauber,5,18,0.0,16,3,Retired,17
9563,2025_12,lawson,rb,30,19,0.0,15,0,Retired,16
9564,2025_12,colapinto,alpine,43,20,0.0,20,0,Did not start,20
9565,2025_13,piastri,mclaren,81,1,25.0,2,44,Finished,2
9566,2025_13,norris,mclaren,4,2,18.0,1,44,Finished,1
9567,2025_13,leclerc,ferrari,16,3,15.0,3,44,Finished,3
9568,2025_13,max_verstappen,red_bull,1,4,12.0,4,44,Finished,4
9569,2025_13,russell,mercedes,63,5,10.0,6,44,Finished,6
9570,2025_13,albon,williams,23,6,8.0,5,44,Finished,5
9571,2025_13,hamilton,ferrari,44,7,6.0,18,44,Finished,16
9572,2025_13,lawson,rb,30,8,4.0,9,44,Finished,9
9573,2025_13,bortoleto,sauber,5,9,2.0,10,44,Finished,10
9574,2025_13,gasly,alpine,10,10,1.0,13,44,Finished,13
9575,2025_13,bearman,haas,87,11,0.0,12,44,Finished,12
9576,2025_13,hulkenberg,sauber,27,12,0.0,14,44,Finished,14
9577,2025_13,tsunoda,red_bull,22,13,0.0,7,44,Finished,7
9578,2025_13,stroll,aston_martin,18,14,0.0,16,44,Finished,20
9579,2025_13,ocon,haas,31,15,0.0,11,44,Finished,11
9580,2025_13,antonelli,mercedes,12,16,0.0,19,44,Finished,18
9581,2025_13,alonso,aston_martin,14,17,0.0,20,44,Finished,19
9582,2025_13,sainz,williams,55,18,0.0,17,44,Finished,15
9583,2025_13,colapinto,alpine,43,19,0.0,15,44,Finished,17
9584,2025_13,hadjar,rb,6,20,0.0,8,43,Lapped,8
9585,2025_14,norris,mclaren,4,1,25.0,3,70,Finished,3
9586,2025_14,piastri,mclaren,81,2,18.0,2,70,Finished,2
9587,2025_14,russell,mercedes,63,3,15.0,4,70,Finished,4
9588,2025_14,leclerc,ferrari,16,4,12.0,1,70,Finished,1
9589,2025_14,alonso,aston_martin,14,5,10.0,5,70,Finished,5
9590,2025_14,bortoleto,sauber,5,6,8.0,7,70,Finished,7
9591,2025_14,stroll,aston_martin,18,7,6.0,6,70,Finished,6
9592,2025_14,lawson,rb,30,8,4.0,9,70,Finished,9
9593,2025_14,max_verstappen,red_bull,1,9,2.0,8,70,Finished,8
9594,2025_14,antonelli,mercedes,12,10,1.0,15,69,Lapped,15
9595,2025_14,hadjar,rb,6,11,0.0,10,69,Lapped,10
9596,2025_14,hamilton,ferrari,44,12,0.0,12,69,Lapped,12
9597,2025_14,hulkenberg,sauber,27,13,0.0,18,69,Lapped,19
9598,2025_14,sainz,williams,55,14,0.0,13,69,Lapped,13
9599,2025_14,albon,williams,23,15,0.0,19,69,Lapped,20
9600,2025_14,ocon,haas,31,16,0.0,17,69,Lapped,18
9601,2025_14,tsunoda,red_bull,22,17,0.0,20,69,Lapped,16
9602,2025_14,colapinto,alpine,43,18,0.0,14,69,Lapped,14
9603,2025_14,gasly,alpine,10,19,0.0,16,69,Lapped,17
9604,2025_14,bearman,haas,87,20,0.0,11,48,Retired,11
9605,2025_15,piastri,mclaren,81,1,25.0,1,72,Finished,1
9606,2025_15,max_verstappen,red_bull,1,2,18.0,3,72,Finished,3
9607,2025_15,hadjar,rb,6,3,15.0,4,72,Finished,4
9608,2025_15,russell,mercedes,63,4,12.0,5,72,Finished,5
9609,2025_15,albon,williams,23,5,10.0,15,72,Finished,15
9610,2025_15,bearman,haas,87,6,8.0,20,72,Finished,19
9611,2025_15,stroll,aston_martin,18,7,6.0,19,72,Finished,20
9612,2025_15,alonso,aston_martin,14,8,4.0,10,72,Finished,10
9613,2025_15,tsunoda,red_bull,22,9,2.0,12,72,Finished,12
9614,2025_15,ocon,haas,31,10,1.0,18,72,Finished,18
9615,2025_15,colapinto,alpine,43,11,0.0,16,72,Finished,16
9616,2025_15,lawson,rb,30,12,0.0,8,72,Finished,8
9617,2025_15,sainz,williams,55,13,0.0,9,72,Finished,9
9618,2025_15,hulkenberg,sauber,27,14,0.0,17,72,Finished,17
9619,2025_15,bortoleto,sauber,5,15,0.0,13,72,Finished,13
9620,2025_15,antonelli,mercedes,12,16,0.0,11,72,Finished,11
9621,2025_15,gasly,alpine,10,17,0.0,14,72,Finished,14
9622,2025_15,norris,mclaren,4,18,0.0,2,64,Retired,2
9623,2025_15,leclerc,ferrari,16,19,0.0,6,52,Retired,6
9624,2025_15,hamilton,ferrari,44,20,0.0,7,22,Retired,7
9625,2025_16,max_verstappen,red_bull,1,1,25.0,1,53,Finished,1
9626,2025_16,norris,mclaren,4,2,18.0,2,53,Finished,2
9627,2025_16,piastri,mclaren,81,3,15.0,3,53,Finished,3
9628,2025_16,leclerc,ferrari,16,4,12.0,4,53,Finished,4
9629,2025_16,russell,mercedes,63,5,10.0,5,53,Finished,6
9630,2025_16,hamilton,ferrari,44,6,8.0,10,53,Finished,5
9631,2025_16,albon,williams,23,7,6.0,14,53,Finished,14
9632,2025_16,bortoleto,sauber,5,8,4.0,7,53,Finished,8
9633,2025_16,antonelli,mercedes,12,9,2.0,6,53,Finished,7
9634,2025_16,hadjar,rb,6,10,1.0,19,53,Finished,16
9635,2025_16,sainz,williams,55,11,0.0,13,53,Finished,13
9636,2025_16,bearman,haas,87,12,0.0,11,53,Finished,11
9637,2025_16,tsunoda,red_bull,22,13,0.0,9,53,Finished,10
9638,2025_16,lawson,rb,30,14,0.0,18,53,Finished,20
9639,2025_16,ocon,haas,31,15,0.0,15,52,Lapped,15
9640,2025_16,gasly,alpine,10,16,0.0,20,52,Lapped,19
9641,2025_16,colapinto,alpine,43,17,0.0,17,52,Lapped,18
9642,2025_16,stroll,aston_martin,18,18,0.0,16,52,Lapped,17
9643,2025_16,alonso,aston_martin,14,19,0.0,8,24,Retired,9
9644,2025_16,hulkenberg,sauber,27,20,0.0,12,0,Did not start,12
9645,2025_17,max_verstappen,red_bull,1,1,25.0,1,51,Finished,1
9646,2025_17,russell,mercedes,63,2,18.0,5,51,Finished,5
9647,2025_17,sainz,williams,55,3,15.0,2,51,Finished,2
9648,2025_17,antonelli,mercedes,12,4,12.0,4,51,Finished,4
9649,2025_17,lawson,rb,30,5,10.0,3,51,Finished,3
9650,2025_17,tsunoda,red_bull,22,6,8.0,6,51,Finished,6
9651,2025_17,norris,mclaren,4,7,6.0,7,51,Finished,7
9652,2025_17,hamilton,ferrari,44,8,4.0,12,51,Finished,12
9653,2025_17,leclerc,ferrari,16,9,2.0,10,51,Finished,10
9654,2025_17,hadjar,rb,6,10,1.0,8,51,Finished,8
9655,2025_17,bortoleto,sauber,5,11,0.0,13,51,Finished,13
9656,2025_17,bearman,haas,87,12,0.0,15,51,Finished,15
9657,2025_17,albon,williams,23,13,0.0,19,51,Finished,19
9658,2025_17,ocon,haas,31,14,0.0,20,51,Finished,20
9659,2025_17,alonso,aston_martin,14,15,0.0,11,51,Finished,11
9660,2025_17,hulkenberg,sauber,27,16,0.0,17,51,Finished,17
9661,2025_17,stroll,aston_martin,18,17,0.0,14,51,Finished,14
9662,2025_17,gasly,alpine,10,18,0.0,18,50,Lapped,18
9663,2025_17,colapinto,alpine,43,19,0.0,16,50,Lapped,16
9664,2025_17,piastri,mclaren,81,20,0.0,9,0,Retired,9
9665,2025_18,russell,mercedes,63,1,25.0,1,62,Finished,1
9666,2025_18,max_verstappen,red_bull,1,2,18.0,2,62,Finished,2
9667,2025_18,norris,mclaren,4,3,15.0,5,62,Finished,5
9668,2025_18,piastri,mclaren,81,4,12.0,3,62,Finished,3
9669,2025_18,antonelli,mercedes,12,5,10.0,4,62,Finished,4
9670,2025_18,leclerc,ferrari,16,6,8.0,7,62,Finished,7
9671,2025_18,alonso,aston_martin,14,7,6.0,10,62,Finished,10
9672,2025_18,hamilton,ferrari,44,8,4.0,6,62,Finished,6
9673,2025_18,bearman,haas,87,9,2.0,9,62,Finished,9
9674,2025_18,sainz,williams,55,10,1.0,18,61,Lapped,20
9675,2025_18,hadjar,rb,6,11,0.0,8,61,Lapped,8
9676,2025_18,tsunoda,red_bull,22,12,0.0,13,61,Lapped,13
9677,2025_18,stroll,aston_martin,18,13,0.0,15,61,Lapped,15
9678,2025_18,albon,williams,23,14,0.0,20,61,Lapped,19
9679,2025_18,lawson,rb,30,15,0.0,12,61,Lapped,12
9680,2025_18,colapinto,alpine,43,16,0.0,16,61,Lapped,16
9681,2025_18,bortoleto,sauber,5,17,0.0,14,61,Lapped,14
9682,2025_18,ocon,haas,31,18,0.0,17,61,Lapped,17
9683,2025_18,gasly,alpine,10,19,0.0,19,61,Lapped,18
9684,2025_18,hulkenberg,sauber,27,20,0.0,11,61,Lapped,11
9685,2025_19,max_verstappen,red_bull,1,1,25.0,1,56,Finished,1
9686,2025_19,norris,mclaren,4,2,18.0,2,56,Finished,2
9687,2025_19,leclerc,ferrari,16,3,15.0,3,56,Finished,3
9688,2025_19,hamilton,ferrari,44,4,12.0,5,56,Finished,5
9689,2025_19,piastri,mclaren,81,5,10.0,6,56,Finished,6
9690,2025_19,russell,mercedes,63,6,8.0,4,56,Finished,4
9691,2025_19,tsunoda,red_bull,22,7,6.0,13,56,Finished,13
9692,2025_19,hulkenberg,sauber,27,8,4.0,11,56,Finished,11
9693,2025_19,bearman,haas,87,9,2.0,8,56,Finished,8
9694,2025_19,alonso,aston_martin,14,10,1.0,10,56,Finished,10
9695,2025_19,lawson,rb,30,11,0.0,12,56,Finished,12
9696,2025_19,stroll,aston_martin,18,12,0.0,19,56,Finished,18
9697,2025_19,antonelli,mercedes,12,13,0.0,7,56,Finished,7
9698,2025_19,albon,williams,23,14,0.0,18,56,Finished,19
9699,2025_19,ocon,haas,31,15,0.0,17,56,Finished,17
9700,2025_19,hadjar,rb,6,16,0.0,20,56,Finished,20
9701,2025_19,colapinto,alpine,43,17,0.0,15,55,Lapped,15
9702,2025_19,bortoleto,sauber,5,18,0.0,16,55,Lapped,16
9703,2025_19,gasly,alpine,10,19,0.0,14,55,Lapped,14
9704,2025_19,sainz,williams,55,20,0.0,9,5,Retired,9
9705,2025_20,norris,mclaren,4,1,25.0,1,71,Finished,1
9706,2025_20,leclerc,ferrari,16,2,18.0,2,71,Finished,2
9707,2025_20,max_verstappen,red_bull,1,3,15.0,5,71,Finished,5
9708,2025_20,bearman,haas,87,4,12.0,9,71,Finished,10
9709,2025_20,piastri,mclaren,81,5,10.0,7,71,Finished,8
9710,2025_20,antonelli,mercedes,12,6,8.0,6,71,Finished,6
9711,2025_20,russell,mercedes,63,7,6.0,4,71,Finished,4
9712,2025_20,hamilton,ferrari,44,8,4.0,3,71,Finished,3
9713,2025_20,ocon,haas,31,9,2.0,11,71,Finished,12
9714,2025_20,bortoleto,sauber,5,10,1.0,16,71,Finished,16
9715,2025_20,tsunoda,red_bull,22,11,0.0,10,71,Finished,11
9716,2025_20,albon,williams,23,12,0.0,17,70,Lapped,17
9717,2025_20,hadjar,rb,6,13,0.0,8,70,Lapped,9
9718,2025_20,stroll,aston_martin,18,14,0.0,19,70,Lapped,19
9719,2025_20,gasly,alpine,10,15,0.0,18,70,Lapped,18
9720,2025_20,colapinto,alpine,43,16,0.0,20,70,Lapped,20
9721,2025_20,sainz,williams,55,17,0.0,12,67,Retired,7
9722,2025_20,alonso,aston_martin,14,18,0.0,14,34,Retired,14
9723,2025_20,hulkenberg,sauber,27,19,0.0,13,25,Retired,13
9724,2025_20,lawson,rb,30,20,0.0,15,5,Retired,15
9725,2025_21,norris,mclaren,4,1,25.0,1,71,Finished,1
9726,2025_21,antonelli,mercedes,12,2,18.0,2,71,Finished,2
9727,2025_21,max_verstappen,red_bull,1,3,15.0,19,71,Finished,16
9728,2025_21,russell,mercedes,63,4,12.0,6,71,Finished,6
9729,2025_21,piastri,mclaren,81,5,10.0,4,71,Finished,4
9730,2025_21,bearman,haas,87,6,8.0,8,71,Finished,8
9731,2025_21,lawson,rb,30,7,6.0,7,71,Finished,7
9732,2025_21,hadjar,rb,6,8,4.0,5,71,Finished,5
9733,2025_21,hulkenberg,sauber,27,9,2.0,10,71,Finished,10
9734,2025_21,gasly,alpine,10,10,1.0,9,71,Finished,9
9735,2025_21,albon,williams,23,11,0.0,12,71,Finished,12
9736,2025_21,ocon,haas,31,12,0.0,20,71,Finished,17
9737,2025_21,sainz,williams,55,13,0.0,15,71,Finished,15
9738,2025_21,alonso,aston_martin,14,14,0.0,11,71,Finished,11
9739,2025_21,colapinto,alpine,43,15,0.0,16,71,Finished,18
9740,2025_21,stroll,aston_martin,18,16,0.0,14,71,Finished,14
9741,2025_21,tsunoda,red_bull,22,17,0.0,17,71,Finished,19
9742,2025_21,hamilton,ferrari,44,18,0.0,13,37,Retired,13
9743,2025_21,leclerc,ferrari,16,19,0.0,3,5,Retired,3
9744,2025_21,bortoleto,sauber,5,20,0.0,18,0,Retired,
9745,2025_22,max_verstappen,red_bull,1,1,25.0,2,50,Finished,2
9746,2025_22,russell,mercedes,63,2,18.0,4,50,Finished,4
9747,2025_22,antonelli,mercedes,12,3,15.0,17,50,Finished,17
9748,2025_22,leclerc,ferrari,16,4,12.0,9,50,Finished,9
9749,2025_22,sainz,williams,55,5,10.0,3,50,Finished,3
9750,2025_22,hadjar,rb,6,6,8.0,8,50,Finished,8
9751,2025_22,hulkenberg,sauber,27,7,6.0,11,50,Finished,11
9752,2025_22,hamilton,ferrari,44,8,4.0,19,50,Finished,20
9753,2025_22,ocon,haas,31,9,2.0,13,50,Finished,13
9754,2025_22,bearman,haas,87,10,1.0,14,50,Finished,14
9755,2025_22,alonso,aston_martin,14,11,0.0,7,50,Finished,7
9756,2025_22,tsunoda,red_bull,22,12,0.0,20,50,Finished,19
9757,2025_22,gasly,alpine,10,13,0.0,10,50,Finished,10
9758,2025_22,lawson,rb,30,14,0.0,6,49,Lapped,6
9759,2025_22,colapinto,alpine,43,15,0.0,15,49,Lapped,15
9760,2025_22,albon,williams,23,16,0.0,16,35,Retired,16
9761,2025_22,bortoleto,sauber,5,17,0.0,18,2,Retired,18
9762,2025_22,stroll,aston_martin,18,18,0.0,12,0,Retired,12
9763,2025_22,norris,mclaren,4,19,0.0,1,50,Disqualified,1
9764,2025_22,piastri,mclaren,81,20,0.0,5,50,Disqualified,5
9765,2025_23,max_verstappen,red_bull,1,1,25.0,3,57,Finished,3
9766,2025_23,piastri,mclaren,81,2,18.0,1,57,Finished,1
9767,2025_23,sainz,williams,55,3,15.0,7,57,Finished,7
9768,2025_23,norris,mclaren,4,4,12.0,2,57,Finished,2
9769,2025_23,antonelli,mercedes,12,5,10.0,5,57,Finished,5
9770,2025_23,russell,mercedes,63,6,8.0,4,57,Finished,4
9771,2025_23,alonso,aston_martin,14,7,6.0,8,57,Finished,8
9772,2025_23,leclerc,ferrari,16,8,4.0,10,57,Finished,10
9773,2025_23,lawson,rb,30,9,2.0,12,57,Finished,12
9774,2025_23,tsunoda,red_bull,22,10,1.0,15,57,Finished,16
9775,2025_23,albon,williams,23,11,0.0,14,57,Finished,15
9776,2025_23,hamilton,ferrari,44,12,0.0,17,57,Finished,18
9777,2025_23,bortoleto,sauber,5,13,0.0,19,57,Finished,14
9778,2025_23,colapinto,alpine,43,14,0.0,20,56,Lapped,20
9779,2025_23,ocon,haas,31,15,0.0,16,56,Lapped,17
9780,2025_23,gasly,alpine,10,16,0.0,9,56,Lapped,9
9781,2025_23,stroll,aston_martin,18,17,0.0,18,55,Retired,19
9782,2025_23,hadjar,rb,6,18,0.0,6,55,Retired,6
9783,2025_23,bearman,haas,87,19,0.0,13,41,Retired,13
9784,2025_23,hulkenberg,sauber,27,20,0.0,11,6,Retired,11
9785,2025_24,max_verstappen,red_bull,1,1,25.0,1,58,Finished,1
9786,2025_24,piastri,mclaren,81,2,18.0,3,58,Finished,3
9787,2025_24,norris,mclaren,4,3,15.0,2,58,Finished,2
9788,2025_24,leclerc,ferrari,16,4,12.0,5,58,Finished,5
9789,2025_24,russell,mercedes,63,5,10.0,4,58,Finished,4
9790,2025_24,alonso,aston_martin,14,6,8.0,6,58,Finished,6
9791,2025_24,ocon,haas,31,7,6.0,8,58,Finished,8
9792,2025_24,hamilton,ferrari,44,8,4.0,16,58,Finished,16
9793,2025_24,hulkenberg,sauber,27,9,2.0,18,58,Finished,18
9794,2025_24,stroll,aston_martin,18,10,1.0,15,58,Finished,15
9795,2025_24,bortoleto,sauber,5,11,0.0,7,58,Finished,7
9796,2025_24,bearman,haas,87,12,0.0,11,58,Finished,11
9797,2025_24,sainz,williams,55,13,0.0,12,58,Finished,12
9798,2025_24,tsunoda,red_bull,22,14,0.0,10,58,Finished,10
9799,2025_24,antonelli,mercedes,12,15,0.0,14,58,Finished,14
9800,2025_24,albon,williams,23,16,0.0,17,58,Finished,17
9801,2025_24,hadjar,rb,6,17,0.0,9,57,Lapped,9
9802,2025_24,lawson,rb,30,18,0.0,13,57,Lapped,13
9803,2025_24,gasly,alpine,10,19,0.0,19,57,Lapped,19
9804,2025_24,colapinto,alpine,43,20,0.0,20,57,Lapped,20
9805,2026_1,russell,mercedes,63,1,25.0,1,58,Finished,1
9806,2026_1,antonelli,mercedes,12,2,18.0,2,58,Finished,2
9807,2026_1,leclerc,ferrari,16,3,15.0,4,58,Finished,4
9808,2026_1,hamilton,ferrari,44,4,12.0,7,58,Finished,7
9809,2026_1,norris,mclaren,1,5,10.0,6,58,Finished,6
9810,2026_1,max_verstappen,red_bull,3,6,8.0,20,58,Finished,
9811,2026_1,bearman,haas,87,7,6.0,12,57,Lapped,12
9812,2026_1,arvid_lindblad,rb,41,8,4.0,9,57,Lapped,9
9813,2026_1,bortoleto,audi,5,9,2.0,10,57,Lapped,10
9814,2026_1,gasly,alpine,10,10,1.0,14,57,Lapped,14
9815,2026_1,ocon,haas,31,11,0.0,13,57,Lapped,13
9816,2026_1,albon,williams,23,12,0.0,15,57,Lapped,15
9817,2026_1,lawson,rb,30,13,0.0,8,57,Lapped,8
9818,2026_1,colapinto,alpine,43,14,0.0,16,56,Lapped,16
9819,2026_1,sainz,williams,55,15,0.0,21,56,Lapped,
9820,2026_1,perez,cadillac,11,16,0.0,18,55,Lapped,18
9821,2026_1,stroll,aston_martin,18,17,0.0,22,43,Lapped,
9822,2026_1,alonso,aston_martin,14,18,0.0,17,21,Retired,17
9823,2026_1,bottas,cadillac,77,19,0.0,19,15,Retired,19
9824,2026_1,hadjar,red_bull,6,20,0.0,3,10,Retired,3
9825,2026_1,piastri,mclaren,81,21,0.0,5,0,Did not start,5
9826,2026_1,hulkenberg,audi,27,22,0.0,11,0,Did not start,11
9827,2026_2,antonelli,mercedes,12,1,25.0,1,56,Finished,1
9828,2026_2,russell,mercedes,63,2,18.0,2,56,Finished,2
9829,2026_2,hamilton,ferrari,44,3,15.0,3,56,Finished,3
9830,2026_2,leclerc,ferrari,16,4,12.0,4,56,Finished,4
9831,2026_2,bearman,haas,87,5,10.0,10,56,Finished,10
9832,2026_2,gasly,alpine,10,6,8.0,7,56,Finished,7
9833,2026_2,lawson,rb,30,7,6.0,14,56,Finished,14
9834,2026_2,hadjar,red_bull,6,8,4.0,9,56,Finished,9
9835,2026_2,sainz,williams,55,9,2.0,17,55,Lapped,17
9836,2026_2,colapinto,alpine,43,10,1.0,12,55,Lapped,12
9837,2026_2,hulkenberg,audi,27,11,0.0,11,55,Lapped,11
9838,2026_2,arvid_lindblad,rb,41,12,0.0,15,55,Lapped,15
9839,2026_2,bottas,cadillac,77,13,0.0,19,55,Lapped,20
9840,2026_2,ocon,haas,31,14,0.0,13,55,Lapped,13
9841,2026_2,perez,cadillac,11,15,0.0,21,55,Lapped,22
9842,2026_2,max_verstappen,red_bull,3,16,0.0,8,45,Retired,8
9843,2026_2,alonso,aston_martin,14,17,0.0,18,32,Retired,19
9844,2026_2,stroll,aston_martin,18,18,0.0,20,9,Retired,21
9845,2026_2,piastri,mclaren,81,19,0.0,5,0,Did not start,5
9846,2026_2,norris,mclaren,1,20,0.0,6,0,Did not start,6
9847,2026_2,bortoleto,audi,5,21,0.0,16,0,Did not start,16
9848,2026_2,albon,williams,23,22,0.0,22,0,Did not start,18
9849,2026_3,antonelli,mercedes,12,1,25.0,1,53,Finished,1
9850,2026_3,piastri,mclaren,81,2,18.0,3,53,Finished,3
9851,2026_3,leclerc,ferrari,16,3,15.0,4,53,Finished,4
9852,2026_3,russell,mercedes,63,4,12.0,2,53,Finished,2
9853,2026_3,norris,mclaren,1,5,10.0,5,53,Finished,5
9854,2026_3,hamilton,ferrari,44,6,8.0,6,53,Finished,6
9855,2026_3,gasly,alpine,10,7,6.0,7,53,Finished,7
9856,2026_3,max_verstappen,red_bull,3,8,4.0,11,53,Finished,11
9857,2026_3,lawson,rb,30,9,2.0,14,53,Finished,14
9858,2026_3,ocon,haas,31,10,1.0,12,53,Finished,12
9859,2026_3,hulkenberg,audi,27,11,0.0,13,53,Finished,13
9860,2026_3,hadjar,red_bull,6,12,0.0,8,53,Finished,8
9861,2026_3,bortoleto,audi,5,13,0.0,9,53,Finished,9
9862,2026_3,arvid_lindblad,rb,41,14,0.0,10,53,Finished,10
9863,2026_3,sainz,williams,55,15,0.0,16,53,Finished,16
9864,2026_3,colapinto,alpine,43,16,0.0,15,53,Finished,15
9865,2026_3,perez,cadillac,11,17,0.0,19,53,Finished,19
9866,2026_3,alonso,aston_martin,14,18,0.0,21,52,Lapped,21
9867,2026_3,bottas,cadillac,77,19,0.0,20,52,Lapped,20
9868,2026_3,albon,williams,23,20,0.0,17,51,Lapped,17
9869,2026_3,stroll,aston_martin,18,21,0.0,22,30,Retired,22
9870,2026_3,bearman,haas,87,22,0.0,18,20,Retired,18
9871,2026_4,antonelli,mercedes,12,1,25.0,1,57,Finished,1
9872,2026_4,norris,mclaren,1,2,18.0,4,57,Finished,4
9873,2026_4,piastri,mclaren,81,3,15.0,7,57,Finished,7
9874,2026_4,russell,mercedes,63,4,12.0,5,57,Finished,5
9875,2026_4,max_verstappen,red_bull,3,5,10.0,2,57,Finished,2
9876,2026_4,hamilton,ferrari,44,6,8.0,6,57,Finished,6
9877,2026_4,colapinto,alpine,43,7,6.0,8,57,Finished,8
9878,2026_4,leclerc,ferrari,16,8,4.0,3,57,Finished,3
9879,2026_4,sainz,williams,55,9,2.0,13,57,Finished,13
9880,2026_4,albon,williams,23,10,1.0,15,57,Finished,15
9881,2026_4,bearman,haas,87,11,0.0,12,56,Lapped,12
9882,2026_4,bortoleto,audi,5,12,0.0,21,56,Lapped,21
9883,2026_4,ocon,haas,31,13,0.0,14,56,Lapped,14
9884,2026_4,arvid_lindblad,rb,41,14,0.0,16,56,Lapped,16
9885,2026_4,alonso,aston_martin,14,15,0.0,17,56,Lapped,17
9886,2026_4,perez,cadillac,11,16,0.0,20,56,Lapped,20
9887,2026_4,stroll,aston_martin,18,17,0.0,18,56,Lapped,18
9888,2026_4,bottas,cadillac,77,18,0.0,19,55,Lapped,19
9889,2026_4,hulkenberg,audi,27,19,0.0,10,7,Retired,10
9890,2026_4,lawson,rb,30,20,0.0,11,6,Retired,11
9891,2026_4,gasly,alpine,10,21,0.0,9,4,Retired,9
9892,2026_4,hadjar,red_bull,6,22,0.0,22,4,Retired,22
9893,2026_5,antonelli,mercedes,12,1,25.0,2,68,Finished,2
9894,2026_5,hamilton,ferrari,44,2,18.0,5,68,Finished,5
9895,2026_5,max_verstappen,red_bull,3,3,15.0,6,68,Finished,6
9896,2026_5,leclerc,ferrari,16,4,12.0,8,68,Finished,8
9897,2026_5,hadjar,red_bull,6,5,10.0,7,67,Lapped,7
9898,2026_5,colapinto,alpine,43,6,8.0,10,67,Lapped,10
9899,2026_5,lawson,rb,30,7,6.0,12,67,Lapped,12
9900,2026_5,gasly,alpine,10,8,4.0,14,67,Lapped,14
9901,2026_5,sainz,williams,55,9,2.0,15,67,Lapped,15
9902,2026_5,bearman,haas,87,10,1.0,16,67,Lapped,16
9903,2026_5,piastri,mclaren,81,11,0.0,4,66,Lapped,4
9904,2026_5,hulkenberg,audi,27,12,0.0,11,66,Lapped,11
9905,2026_5,bortoleto,audi,5,13,0.0,13,66,Lapped,13
9906,2026_5,ocon,haas,31,14,0.0,17,66,Lapped,17
9907,2026_5,stroll,aston_martin,18,15,0.0,22,64,Lapped,21
9908,2026_5,bottas,cadillac,77,16,0.0,21,64,Lapped,22
9909,2026_5,perez,cadillac,11,17,0.0,20,39,Retired,20
9910,2026_5,norris,mclaren,1,18,0.0,3,38,Retired,3
9911,2026_5,russell,mercedes,63,19,0.0,1,29,Retired,1
9912,2026_5,alonso,aston_martin,14,20,0.0,19,23,Retired,19
9913,2026_5,albon,williams,23,21,0.0,18,11,Retired,18
9914,2026_5,arvid_lindblad,rb,41,22,0.0,9,0,Did not start,9
9915,2026_6,antonelli,mercedes,12,1,25.0,1,78,Finished,1
9916,2026_6,hamilton,ferrari,44,2,18.0,3,78,Finished,3
9917,2026_6,gasly,alpine,10,3,15.0,9,78,Finished,9
9918,2026_6,hadjar,red_bull,6,4,12.0,5,78,Finished,5
9919,2026_6,piastri,mclaren,81,5,10.0,7,78,Finished,7
9920,2026_6,lawson,rb,30,6,8.0,10,78,Finished,10
9921,2026_6,arvid_lindblad,rb,41,7,6.0,15,78,Finished,15
9922,2026_6,albon,williams,23,8,4.0,11,78,Finished,11
9923,2026_6,ocon,haas,31,9,2.0,17,78,Finished,17
9924,2026_6,alonso,aston_martin,14,10,1.0,21,78,Finished,21
9925,2026_6,bortoleto,audi,5,11,0.0,16,78,Finished,16
9926,2026_6,russell,mercedes,63,12,0.0,6,78,Finished,6
9927,2026_6,hulkenberg,audi,27,13,0.0,13,78,Finished,13
9928,2026_6,colapinto,alpine,43,14,0.0,14,78,Finished,14
9929,2026_6,perez,cadillac,11,15,0.0,18,78,Finished,18
9930,2026_6,sainz,williams,55,16,0.0,12,70,Retired,12
9931,2026_6,leclerc,ferrari,16,17,0.0,4,64,Retired,4
9932,2026_6,stroll,aston_martin,18,18,0.0,22,56,Retired,22
9933,2026_6,norris,mclaren,1,19,0.0,8,43,Retired,8
9934,2026_6,bearman,haas,87,20,0.0,19,27,Retired,19
9935,2026_6,bottas,cadillac,77,21,0.0,20,15,Retired,20
9936,2026_6,max_verstappen,red_bull,3,22,0.0,2,0,Retired,2
9937,2026_7,hamilton,ferrari,44,1,25.0,2,66,Finished,2
9938,2026_7,russell,mercedes,63,2,18.0,1,66,Finished,1
9939,2026_7,norris,mclaren,1,3,15.0,4,66,Finished,4
9940,2026_7,max_verstappen,red_bull,3,4,12.0,5,66,Finished,5
9941,2026_7,piastri,mclaren,81,5,10.0,7,66,Finished,7
9942,2026_7,hadjar,red_bull,6,6,8.0,6,65,Lapped,6
9943,2026_7,gasly,alpine,10,7,6.0,14,65,Lapped,14
9944,2026_7,lawson,rb,30,8,4.0,8,65,Lapped,8
9945,2026_7,arvid_lindblad,rb,41,9,2.0,11,65,Lapped,11
9946,2026_7,colapinto,alpine,43,10,1.0,13,65,Lapped,13
9947,2026_7,bortoleto,audi,5,11,0.0,12,64,Lapped,12
9948,2026_7,sainz,williams,55,12,0.0,16,64,Lapped,16
9949,2026_7,ocon,haas,31,13,0.0,17,64,Lapped,17
9950,2026_7,perez,cadillac,11,14,0.0,19,63,Lapped,19
9951,2026_7,leclerc,ferrari,16,15,0.0,10,62,Retired,10
9952,2026_7,antonelli,mercedes,12,16,0.0,3,61,Retired,3
9953,2026_7,bearman,haas,87,17,0.0,15,60,Retired,15
9954,2026_7,albon,williams,23,18,0.0,18,55,Lapped,18
9955,2026_7,alonso,aston_martin,14,19,0.0,22,37,Retired,22
9956,2026_7,hulkenberg,audi,27,20,0.0,9,29,Retired,9
9957,2026_7,bottas,cadillac,77,21,0.0,20,15,Retired,20
9958,2026_7,stroll,aston_martin,18,22,0.0,21,5,Retired,21
9959,2026_8,russell,mercedes,63,1,25.0,1,71,Finished,1
9960,2026_8,max_verstappen,red_bull,3,2,18.0,5,71,Finished,5
9961,2026_8,antonelli,mercedes,12,3,15.0,4,71,Finished,4
9962,2026_8,piastri,mclaren,81,4,12.0,7,71,Finished,7
9963,2026_8,hamilton,ferrari,44,5,10.0,3,71,Finished,3
9964,2026_8,hadjar,red_bull,6,6,8.0,8,71,Finished,8
9965,2026_8,norris,mclaren,1,7,6.0,6,71,Finished,6
9966,2026_8,leclerc,ferrari,16,8,4.0,2,71,Finished,2
9967,2026_8,lawson,rb,30,9,2.0,9,70,Lapped,9
9968,2026_8,arvid_lindblad,rb,41,10,1.0,10,70,Lapped,10
9969,2026_8,bortoleto,audi,5,11,0.0,12,70,Lapped,12
9970,2026_8,hulkenberg,audi,27,12,0.0,14,70,Lapped,14
9971,2026_8,gasly,alpine,10,13,0.0,11,70,Lapped,11
9972,2026_8,bearman,haas,87,14,0.0,13,70,Lapped,13
9973,2026_8,colapinto,alpine,43,15,0.0,16,70,Lapped,16
9974,2026_8,ocon,haas,31,16,0.0,15,69,Lapped,15
9975,2026_8,albon,williams,23,17,0.0,18,69,Lapped,18
9976,2026_8,alonso,aston_martin,14,18,0.0,21,68,Lapped,21
9977,2026_8,stroll,aston_martin,18,19,0.0,22,45,Retired,22
9978,2026_8,sainz,williams,55,20,0.0,17,23,Retired,17
9979,2026_8,perez,cadillac,11,21,0.0,19,4,Retired,19
9980,2026_8,bottas,cadillac,77,22,0.0,20,2,Retired,20
9981,2026_9,leclerc,ferrari,16,1,25.0,2,52,Finished,2
9982,2026_9,russell,mercedes,63,2,18.0,4,52,Finished,4
9983,2026_9,hamilton,ferrari,44,3,15.0,3,52,Finished,3
9984,2026_9,norris,mclaren,1,4,12.0,6,52,Finished,6
9985,2026_9,hadjar,red_bull,6,5,10.0,5,52,Finished,5
9986,2026_9,lawson,rb,30,6,8.0,10,52,Finished,10
9987,2026_9,arvid_lindblad,rb,41,7,6.0,9,52,Finished,9
9988,2026_9,bortoleto,audi,5,8,4.0,11,52,Finished,11
9989,2026_9,colapinto,alpine,43,9,2.0,19,52,Finished,19
9990,2026_9,gasly,alpine,10,10,1.0,15,52,Finished,12
9991,2026_9,piastri,mclaren,81,11,0.0,8,52,Finished,8
9992,2026_9,bearman,haas,87,12,0.0,13,52,Finished,14
9993,2026_9,ocon,haas,31,13,0.0,17,52,Finished,17
9994,2026_9,perez,cadillac,11,14,0.0,20,52,Finished,20
9995,2026_9,antonelli,mercedes,12,15,0.0,1,52,Finished,1
9996,2026_9,bottas,cadillac,77,16,0.0,18,52,Finished,18
9997,2026_9,sainz,williams,55,17,0.0,14,51,Lapped,15
9998,2026_9,alonso,aston_martin,14,18,0.0,21,51,Lapped,22
9999,2026_9,stroll,aston_martin,18,19,0.0,22,51,Lapped,21
10000,2026_9,max_verstappen,red_bull,3,20,0.0,7,46,Retired,7
10001,2026_9,albon,williams,23,21,0.0,16,43,Retired,16
10002,2026_9,hulkenberg,audi,27,22,0.0,12,36,Retired,13
10003,2026_10,antonelli,mercedes,12,1,25.0,1,44,Finished,1
10004,2026_10,leclerc,ferrari,16,2,18.0,4,44,Finished,5
10005,2026_10,max_verstappen,red_bull,3,3,15.0,2,44,Finished,2
10006,2026_10,hamilton,ferrari,44,4,12.0,5,44,Finished,6
10007,2026_10,piastri,mclaren,81,5,10.0,6,44,Finished,7
10008,2026_10,hadjar,red_bull,6,6,8.0,21,44,Finished,10
10009,2026_10,norris,mclaren,1,7,6.0,13,44,Finished,3
10010,2026_10,bortoleto,audi,5,8,4.0,8,44,Finished,9
10011,2026_10,arvid_lindblad,rb,41,9,2.0,7,44,Finished,8
10012,2026_10,colapinto,alpine,43,10,1.0,11,44,Finished,13
10013,2026_10,gasly,alpine,10,11,0.0,10,44,Finished,12
10014,2026_10,lawson,rb,30,12,0.0,9,44,Finished,11
10015,2026_10,hulkenberg,audi,27,13,0.0,12,44,Finished,14
10016,2026_10,bearman,haas,87,14,0.0,14,44,Finished,16
10017,2026_10,albon,williams,23,15,0.0,15,44,Finished,17
10018,2026_10,sainz,williams,55,16,0.0,19,44,Finished,15
10019,2026_10,ocon,haas,31,17,0.0,16,44,Finished,18
10020,2026_10,bottas,cadillac,77,18,0.0,17,43,Lapped,19
10021,2026_10,alonso,aston_martin,14,19,0.0,22,42,Lapped,21
10022,2026_10,stroll,aston_martin,18,20,0.0,20,25,Retired,22
10023,2026_10,perez,cadillac,11,21,0.0,18,13,Retired,20
10024,2026_10,russell,mercedes,63,22,0.0,3,0,Retired,4
10025,2026_11,norris,mclaren,1,1,25.0,1,70,Finished,1
10026,2026_11,max_verstappen,red_bull,3,2,18.0,4,70,Finished,6
10027,2026_11,antonelli,mercedes,12,3,15.0,7,70,Finished,4
10028,2026_11,leclerc,ferrari,16,4,12.0,2,70,Finished,3
10029,2026_11,hamilton,ferrari,44,5,10.0,5,70,Finished,2
10030,2026_11,hadjar,red_bull,6,6,8.0,8,70,Finished,8
10031,2026_11,russell,mercedes,63,7,6.0,6,70,Finished,7
10032,2026_11,lawson,rb,30,8,4.0,11,69,Lapped,11
10033,2026_11,hulkenberg,audi,27,9,2.0,10,69,Lapped,10
10034,2026_11,arvid_lindblad,rb,41,10,1.0,9,69,Lapped,9
10035,2026_11,bortoleto,audi,5,11,0.0,14,69,Lapped,14
10036,2026_11,gasly,alpine,10,12,0.0,12,69,Lapped,12
10037,2026_11,stroll,aston_martin,18,13,0.0,20,69,Lapped,20
10038,2026_11,alonso,aston_martin,14,14,0.0,16,69,Lapped,16
10039,2026_11,colapinto,alpine,43,15,0.0,13,68,Lapped,13
10040,2026_11,ocon,haas,31,16,0.0,15,68,Lapped,15
10041,2026_11,albon,williams,23,17,0.0,19,68,Lapped,19
10042,2026_11,sainz,williams,55,18,0.0,18,68,Lapped,18
10043,2026_11,bearman,haas,87,19,0.0,17,68,Lapped,17
10044,2026_11,piastri,mclaren,81,20,0.0,3,55,Retired,5
10045,2026_11,perez,cadillac,11,21,0.0,22,48,Retired,22
10046,2026_11,bottas,cadillac,77,22,0.0,21,13,Retired,21
10047,2026_12,norris,mclaren,1,1,25.0,1,72,Finished,1
10048,2026_12,antonelli,mercedes,12,2,18.0,3,72,Finished,3
10049,2026_12,russell,mercedes,63,3,15.0,2,72,Finished,2
10050,2026_12,hamilton,ferrari,44,4,12.0,5,72,Finished,5
10051,2026_12,leclerc,ferrari,16,5,10.0,6,72,Finished,6
10052,2026_12,piastri,mclaren,81,6,8.0,4,72,Finished,4
10053,2026_12,lawson,red_bull,30,7,6.0,8,72,Finished,8
10054,2026_12,hulkenberg,audi,27,8,4.0,13,71,Lapped,13
10055,2026_12,alonso,aston_martin,14,9,2.0,18,71,Lapped,18
10056,2026_12,gasly,alpine,10,10,1.0,11,71,Lapped,11
10057,2026_12,tsunoda,rb,22,11,0.0,12,71,Lapped,12
10058,2026_12,arvid_lindblad,rb,41,12,0.0,10,71,Lapped,10
10059,2026_12,bortoleto,audi,5,13,0.0,9,71,Lapped,9
10060,2026_12,colapinto,alpine,43,14,0.0,14,70,Lapped,14
10061,2026_12,perez,cadillac,11,15,0.0,22,70,Lapped,22
10062,2026_12,sainz,williams,55,16,0.0,17,70,Lapped,17
10063,2026_12,albon,williams,23,17,0.0,16,66,Retired,16
10064,2026_12,bottas,cadillac,77,18,0.0,21,61,Retired,21
10065,2026_12,ocon,haas,31,19,0.0,15,52,Retired,15
10066,2026_12,stroll,aston_martin,18,20,0.0,19,45,Retired,19
10067,2026_12,bearman,haas,87,21,0.0,20,2,Retired,20
10068,2026_12,max_verstappen,red_bull,3,22,0.0,7,0,Retired,7
