id,session_key,date,air_temperature,track_temperature,humidity,pressure,rainfall,wind_speed,wind_direction
1,7953,2023-03-05T14:01:47.286000+00:00,29.8,35.1,19.0,1016.5,0,1.2,176
2,7953,2023-03-05T14:03:47.300000+00:00,29.7,34.9,19.0,1016.5,0,1.1,156
3,7953,2023-03-05T14:05:47.297000+00:00,29.6,34.8,19.0,1016.5,0,0.8,219
4,7953,2023-03-05T14:07:47.295000+00:00,29.6,34.7,19.0,1016.5,0,0.6,196
5,7953,2023-03-05T14:09:47.309000+00:00,29.5,34.5,18.0,1016.5,0,0.8,180
6,7953,2023-03-05T14:11:47.322000+00:00,29.5,34.2,18.0,1016.5,0,1.0,199
7,7953,2023-03-05T14:13:47.320000+00:00,29.4,34.2,18.0,1016.5,0,1.0,173
8,7953,2023-03-05T14:15:47.333000+00:00,29.4,34.0,18.0,1016.5,0,1.1,170
9,7953,2023-03-05T14:17:47.347000+00:00,29.3,33.8,18.0,1016.5,0,1.1,180
10,7953,2023-03-05T14:19:47.345000+00:00,29.2,33.8,19.0,1016.5,0,1.5,172
11,7953,2023-03-05T14:21:47.374000+00:00,29.1,33.6,21.0,1016.5,0,1.0,181
12,7953,2023-03-05T14:23:47.372000+00:00,29.0,33.3,24.0,1016.5,0,1.7,180
13,7953,2023-03-05T14:25:47.371000+00:00,28.9,33.2,25.0,1016.5,0,2.0,187
14,7953,2023-03-05T14:27:47.367000+00:00,28.8,33.1,25.0,1016.5,0,1.7,187
15,7953,2023-03-05T14:29:47.396000+00:00,28.6,32.7,26.0,1016.5,0,1.6,180
16,7953,2023-03-05T14:31:47.425000+00:00,28.6,32.7,27.0,1016.5,0,1.5,182
17,7953,2023-03-05T14:33:47.423000+00:00,28.4,32.7,27.0,1016.5,0,1.3,181
18,7953,2023-03-05T14:35:47.421000+00:00,28.4,32.2,28.0,1016.7,0,1.2,184
19,7953,2023-03-05T14:37:47.434000+00:00,28.3,32.2,28.0,1016.5,0,0.8,180
20,7953,2023-03-05T14:39:47.448000+00:00,28.2,32.2,26.0,1016.7,0,0.8,162
21,7953,2023-03-05T14:41:47.477000+00:00,28.1,32.2,24.0,1016.7,0,1.1,172
22,7953,2023-03-05T14:43:47.475000+00:00,28.0,32.2,23.0,1016.7,0,0.8,165
23,7953,2023-03-05T14:45:47.488000+00:00,28.0,32.1,22.0,1016.7,0,0.8,179
24,7953,2023-03-05T14:47:47.502000+00:00,28.0,32.0,22.0,1016.5,0,0.8,202
25,7953,2023-03-05T14:49:47.515000+00:00,27.8,32.0,21.0,1016.7,0,1.0,207
26,7953,2023-03-05T14:51:47.544000+00:00,27.6,31.7,22.0,1016.7,0,0.8,177
27,7953,2023-03-05T14:53:47.558000+00:00,27.6,31.6,22.0,1016.7,0,0.5,217
28,7953,2023-03-05T14:55:47.555000+00:00,27.5,31.6,22.0,1016.7,0,0.5,0
29,7953,2023-03-05T14:57:47.553000+00:00,27.5,31.4,22.0,1016.7,0,0.6,178
30,7953,2023-03-05T14:59:47.582000+00:00,27.4,31.4,22.0,1016.7,0,0.6,196
31,7953,2023-03-05T15:01:47.549000+00:00,27.4,31.3,22.0,1016.7,0,0.3,205
32,7953,2023-03-05T15:03:47.578000+00:00,27.3,31.2,22.0,1016.7,0,0.5,226
33,7953,2023-03-05T15:05:47.607000+00:00,27.3,31.1,22.0,1016.7,0,0.0,208
34,7953,2023-03-05T15:07:47.605000+00:00,27.3,31.2,22.0,1016.7,0,0.6,170
35,7953,2023-03-05T15:09:47.603000+00:00,27.2,31.1,22.0,1016.9,0,0.8,236
36,7953,2023-03-05T15:11:47.600000+00:00,27.2,31.0,22.0,1016.9,0,0.6,225
37,7953,2023-03-05T15:13:47.630000+00:00,27.1,30.9,22.0,1016.9,0,0.6,210
38,7953,2023-03-05T15:15:47.612000+00:00,27.1,30.9,21.0,1016.9,0,1.0,173
39,7953,2023-03-05T15:17:47.657000+00:00,27.2,30.8,21.0,1016.9,0,0.6,193
40,7953,2023-03-05T15:19:47.670000+00:00,27.1,30.8,21.0,1016.9,0,0.8,195
41,7953,2023-03-05T15:21:47.715000+00:00,27.1,30.6,21.0,1016.9,0,0.8,179
42,7953,2023-03-05T15:23:47.681000+00:00,27.1,30.5,21.0,1017.0,0,1.0,161
43,7953,2023-03-05T15:25:47.679000+00:00,27.1,30.5,21.0,1016.9,0,0.8,171
44,7953,2023-03-05T15:27:47.677000+00:00,27.1,30.5,21.0,1016.9,0,0.6,187
45,7953,2023-03-05T15:29:47.675000+00:00,27.0,30.4,21.0,1017.0,0,0.8,178
46,7953,2023-03-05T15:31:47.704000+00:00,27.0,30.3,21.0,1017.0,0,0.6,208
47,7953,2023-03-05T15:33:47.686000+00:00,26.9,30.3,21.0,1017.0,0,0.4,212
48,7953,2023-03-05T15:35:47.684000+00:00,26.9,30.2,21.0,1017.0,0,0.6,240
49,7953,2023-03-05T15:37:47.682000+00:00,26.9,30.1,21.0,1017.0,0,0.6,182
50,7953,2023-03-05T15:39:47.679000+00:00,26.8,30.0,21.0,1017.0,0,0.4,183
51,7953,2023-03-05T15:41:47.693000+00:00,26.7,29.9,21.0,1017.0,0,0.4,217
52,7953,2023-03-05T15:43:47.691000+00:00,26.7,29.9,21.0,1017.0,0,0.6,183
53,7953,2023-03-05T15:45:47.689000+00:00,26.7,29.9,21.0,1017.0,0,0.5,195
54,7953,2023-03-05T15:47:47.702000+00:00,26.8,29.9,21.0,1017.0,0,0.6,175
55,7953,2023-03-05T15:49:47.715000+00:00,26.7,29.9,21.0,1017.0,0,0.8,199
56,7953,2023-03-05T15:51:47.744000+00:00,26.6,29.7,21.0,1017.0,0,0.6,193
57,7953,2023-03-05T15:53:47.742000+00:00,26.7,29.7,21.0,1017.0,0,0.6,228
58,7953,2023-03-05T15:55:47.740000+00:00,26.7,29.6,21.0,1017.0,0,0.6,204
59,7953,2023-03-05T15:57:47.754000+00:00,26.7,29.6,21.0,1017.0,0,0.6,212
60,7953,2023-03-05T15:59:47.751000+00:00,26.6,29.6,21.0,1017.0,0,0.5,189
61,7953,2023-03-05T16:01:47.781000+00:00,26.7,29.6,21.0,1017.0,0,0.4,192
62,7953,2023-03-05T16:03:47.778000+00:00,26.6,29.6,21.0,1017.0,0,0.4,0
63,7953,2023-03-05T16:05:47.792000+00:00,26.5,29.5,21.0,1017.2,0,0.6,168
64,7953,2023-03-05T16:07:47.806000+00:00,26.5,29.5,21.0,1017.0,0,0.6,222
65,7953,2023-03-05T16:09:47.803000+00:00,26.5,29.5,21.0,1017.0,0,0.4,0
66,7953,2023-03-05T16:11:47.801000+00:00,26.5,29.3,21.0,1017.2,0,0.0,0
67,7953,2023-03-05T16:13:47.799000+00:00,26.4,29.3,21.0,1017.2,0,0.0,184
68,7953,2023-03-05T16:15:47.812000+00:00,26.4,29.2,21.0,1017.0,0,0.0,0
69,7953,2023-03-05T16:17:47.810000+00:00,26.4,29.1,21.0,1017.0,0,0.5,0
70,7953,2023-03-05T16:19:47.808000+00:00,26.4,29.1,21.0,1017.2,0,0.0,183
71,7953,2023-03-05T16:21:47.806000+00:00,26.4,29.0,21.0,1017.2,0,0.0,297
72,7953,2023-03-05T16:23:47.804000+00:00,26.3,29.0,21.0,1017.2,0,0.0,336
73,7953,2023-03-05T16:25:47.833000+00:00,26.3,29.0,21.0,1017.2,0,0.0,0
74,7953,2023-03-05T16:27:47.862000+00:00,26.3,28.9,21.0,1017.2,0,0.0,246
75,7953,2023-03-05T16:29:47.891000+00:00,26.3,28.9,21.0,1017.4,0,0.0,0
76,7953,2023-03-05T16:31:47.857000+00:00,26.3,28.8,21.0,1017.2,0,0.4,38
77,7953,2023-03-05T16:33:47.871000+00:00,26.3,28.8,21.0,1017.4,0,0.0,0
78,7953,2023-03-05T16:35:47.884000+00:00,26.3,28.7,21.0,1017.4,0,0.4,268
79,7953,2023-03-05T16:37:47.898000+00:00,26.3,28.7,21.0,1017.4,0,0.6,242
80,7953,2023-03-05T16:39:47.911000+00:00,26.3,28.7,21.0,1017.5,0,0.4,0
81,7953,2023-03-05T16:41:47.909000+00:00,26.2,28.7,21.0,1017.5,0,0.3,215
82,7779,2023-03-19T16:01:59.956000+00:00,26.0,34.0,62.0,1010.5,0,2.7,315
83,7779,2023-03-19T16:03:59.954000+00:00,26.0,34.2,61.0,1010.5,0,2.7,325
84,7779,2023-03-19T16:05:59.952000+00:00,26.0,34.3,60.0,1010.5,0,2.7,322
85,7779,2023-03-19T16:07:59.950000+00:00,26.0,34.0,61.0,1010.5,0,3.4,320
86,7779,2023-03-19T16:09:59.947000+00:00,26.0,34.0,62.0,1010.5,0,2.7,341
87,7779,2023-03-19T16:11:59.961000+00:00,26.0,34.0,62.0,1010.7,0,3.2,327
88,7779,2023-03-19T16:13:59.959000+00:00,26.0,33.7,61.0,1010.7,0,2.5,323
89,7779,2023-03-19T16:15:59.957000+00:00,26.0,33.9,61.0,1010.5,0,3.5,312
90,7779,2023-03-19T16:18:00.001000+00:00,26.0,33.9,61.0,1010.5,0,3.2,330
91,7779,2023-03-19T16:19:59.952000+00:00,26.0,33.4,61.0,1010.5,0,3.2,316
92,7779,2023-03-19T16:21:59.966000+00:00,26.0,33.3,61.0,1010.5,0,3.5,326
93,7779,2023-03-19T16:23:59.948000+00:00,26.0,33.3,62.0,1010.5,0,3.0,329
94,7779,2023-03-19T16:25:59.961000+00:00,26.2,33.3,61.0,1010.7,0,2.7,331
95,7779,2023-03-19T16:27:59.959000+00:00,26.3,33.0,59.0,1010.7,0,2.9,335
96,7779,2023-03-19T16:29:59.957000+00:00,26.4,33.1,59.0,1010.7,0,2.0,317
97,7779,2023-03-19T16:31:59.955000+00:00,26.4,33.9,58.0,1010.7,0,2.5,316
98,7779,2023-03-19T16:33:59.953000+00:00,26.3,33.1,58.0,1010.7,0,2.5,303
99,7779,2023-03-19T16:35:59.950000+00:00,26.1,32.9,58.0,1010.7,0,2.5,317
100,7779,2023-03-19T16:37:59.979000+00:00,26.1,32.4,58.0,1010.7,0,2.9,318
101,7779,2023-03-19T16:40:00.024000+00:00,26.0,32.5,58.0,1010.7,0,2.2,316
102,7779,2023-03-19T16:42:00.053000+00:00,26.0,32.5,58.0,1010.9,0,2.7,319
103,7779,2023-03-19T16:44:00.051000+00:00,26.0,32.1,58.0,1010.9,0,2.9,329
104,7779,2023-03-19T16:46:00.096000+00:00,26.0,32.0,59.0,1010.7,0,2.5,311
105,7779,2023-03-19T16:48:00.094000+00:00,26.0,31.9,59.0,1010.7,0,2.0,309
106,7779,2023-03-19T16:50:00.123000+00:00,26.0,32.1,57.0,1010.9,0,1.5,297
107,7779,2023-03-19T16:52:00.136000+00:00,26.0,32.1,57.0,1010.9,0,1.1,340
108,7779,2023-03-19T16:54:00.134000+00:00,25.9,31.9,56.0,1010.9,0,1.2,323
109,7779,2023-03-19T16:56:00.147000+00:00,25.9,31.9,56.0,1010.9,0,1.7,322
110,7779,2023-03-19T16:58:00.161000+00:00,25.9,31.8,55.0,1011.0,0,0.8,279
111,7779,2023-03-19T17:00:00.190000+00:00,25.9,32.0,55.0,1010.9,0,1.5,323
112,7779,2023-03-19T17:02:00.188000+00:00,25.9,32.2,55.0,1011.0,0,1.8,298
113,7779,2023-03-19T17:04:00.201000+00:00,25.9,31.6,56.0,1011.0,0,1.8,317
114,7779,2023-03-19T17:06:00.215000+00:00,26.0,31.7,55.0,1011.0,0,1.7,326
115,7779,2023-03-19T17:08:00.212000+00:00,26.0,32.2,55.0,1011.0,0,1.1,352
116,7779,2023-03-19T17:10:00.210000+00:00,26.1,31.5,55.0,1011.0,0,1.6,310
117,7779,2023-03-19T17:12:00.208000+00:00,26.3,31.6,55.0,1011.0,0,1.7,292
118,7779,2023-03-19T17:14:00.206000+00:00,26.4,31.6,55.0,1011.0,0,1.3,326
119,7779,2023-03-19T17:16:00.204000+00:00,26.4,31.7,55.0,1011.0,0,1.2,9
120,7779,2023-03-19T17:18:00.202000+00:00,26.4,31.6,56.0,1011.0,0,1.2,160
121,7779,2023-03-19T17:20:00.215000+00:00,26.4,31.4,55.0,1011.0,0,1.2,305
122,7779,2023-03-19T17:22:00.213000+00:00,26.3,31.7,56.0,1011.0,0,1.1,311
123,7779,2023-03-19T17:24:00.211000+00:00,26.3,31.4,56.0,1011.2,0,1.0,108
124,7779,2023-03-19T17:26:00.208000+00:00,26.3,31.4,56.0,1011.2,0,0.8,308
125,7779,2023-03-19T17:28:00.206000+00:00,26.2,31.5,56.0,1011.0,0,0.8,313
126,7779,2023-03-19T17:30:00.220000+00:00,26.2,31.5,56.0,1011.0,0,1.6,292
127,7779,2023-03-19T17:32:00.249000+00:00,26.2,31.5,57.0,1011.0,0,1.3,327
128,7779,2023-03-19T17:34:00.278000+00:00,26.1,31.2,58.0,1011.2,0,2.0,332
129,7779,2023-03-19T17:36:00.291000+00:00,26.1,31.1,58.0,1011.0,0,1.2,311
130,7779,2023-03-19T17:38:00.289000+00:00,26.0,31.1,58.0,1011.0,0,1.2,308
131,7779,2023-03-19T17:40:00.318000+00:00,26.0,31.1,58.0,1011.0,0,1.5,300
132,7779,2023-03-19T17:42:00.332000+00:00,26.0,31.0,57.0,1011.0,0,0.8,318
133,7779,2023-03-19T17:44:00.330000+00:00,26.1,31.0,57.0,1011.2,0,1.3,307
134,7779,2023-03-19T17:46:00.343000+00:00,26.1,31.0,55.0,1011.0,0,1.3,271
135,7779,2023-03-19T17:48:00.356000+00:00,26.2,31.0,55.0,1011.0,0,2.0,0
136,7779,2023-03-19T17:50:00.370000+00:00,26.2,31.0,55.0,1011.0,0,1.0,309
137,7779,2023-03-19T17:52:00.383000+00:00,26.3,31.1,55.0,1011.0,0,1.2,85
138,7779,2023-03-19T17:54:00.397000+00:00,26.3,30.9,55.0,1011.0,0,0.8,116
139,7779,2023-03-19T17:56:00.395000+00:00,26.3,30.9,55.0,1011.0,0,0.8,231
140,7779,2023-03-19T17:58:00.424000+00:00,26.3,30.5,55.0,1011.0,0,0.6,337
141,7779,2023-03-19T18:00:00.453000+00:00,26.3,30.7,56.0,1011.0,0,1.1,83
142,7779,2023-03-19T18:02:00.451000+00:00,26.3,30.4,57.0,1011.2,0,1.3,278
143,7779,2023-03-19T18:04:00.464000+00:00,26.2,30.3,58.0,1011.2,0,1.1,272
144,7779,2023-03-19T18:06:00.462000+00:00,26.1,30.7,58.0,1011.2,0,1.7,340
145,7779,2023-03-19T18:08:00.460000+00:00,26.0,30.3,59.0,1011.0,0,1.7,324
146,7779,2023-03-19T18:10:00.458000+00:00,26.0,30.2,59.0,1011.2,0,1.1,346
147,7779,2023-03-19T18:12:00.455000+00:00,26.0,30.3,59.0,1011.2,0,1.2,83
148,7779,2023-03-19T18:14:00.469000+00:00,25.9,30.5,59.0,1011.2,0,2.2,301
149,7779,2023-03-19T18:16:00.467000+00:00,26.0,30.3,59.0,1011.2,0,1.1,153
150,7779,2023-03-19T18:18:00.465000+00:00,26.0,30.3,59.0,1011.2,0,1.2,30
151,7779,2023-03-19T18:20:00.462000+00:00,26.0,30.2,60.0,1011.2,0,1.2,27
152,7779,2023-03-19T18:22:00.460000+00:00,26.0,30.3,59.0,1011.2,0,1.6,47
153,7779,2023-03-19T18:24:00.458000+00:00,26.0,30.0,59.0,1011.2,0,1.2,58
154,7779,2023-03-19T18:26:00.456000+00:00,25.9,30.3,60.0,1011.4,0,1.1,276
155,7779,2023-03-19T18:28:00.454000+00:00,25.8,30.0,60.0,1011.2,0,1.1,290
156,7787,2023-04-02T04:01:37.633000+00:00,17.1,35.0,53.0,1018.5,0,1.6,0
157,7787,2023-04-02T04:03:37.632000+00:00,17.2,35.1,52.0,1018.7,0,0.6,168
158,7787,2023-04-02T04:05:37.646000+00:00,17.3,34.8,51.0,1018.7,0,0.8,200
159,7787,2023-04-02T04:07:37.629000+00:00,17.3,34.8,51.0,1018.5,0,0.8,286
160,7787,2023-04-02T04:09:37.643000+00:00,17.2,34.5,52.0,1018.5,0,1.5,284
161,7787,2023-04-02T04:11:37.642000+00:00,17.3,34.7,52.0,1018.5,0,0.8,155
162,7787,2023-04-02T04:13:37.641000+00:00,17.1,34.9,50.0,1018.5,0,1.1,0
163,7787,2023-04-02T04:15:37.639000+00:00,17.2,34.5,51.0,1018.7,0,1.3,165
164,7787,2023-04-02T04:17:37.653000+00:00,17.2,34.8,52.0,1018.5,0,1.2,176
165,7787,2023-04-02T04:19:37.636000+00:00,17.2,34.5,53.0,1018.5,0,1.2,64
166,7787,2023-04-02T04:21:37.635000+00:00,17.2,34.8,51.0,1018.5,0,1.1,151
167,7787,2023-04-02T04:23:37.634000+00:00,17.0,34.5,53.0,1018.5,0,0.8,0
168,7787,2023-04-02T04:25:37.632000+00:00,17.6,34.8,50.0,1018.5,0,0.6,67
169,7787,2023-04-02T04:27:37.631000+00:00,17.5,34.7,51.0,1018.5,0,0.4,54
170,7787,2023-04-02T04:29:37.645000+00:00,17.5,34.1,51.0,1018.5,0,1.1,0
171,7787,2023-04-02T04:31:37.644000+00:00,17.5,34.5,51.0,1018.5,0,0.8,185
172,7787,2023-04-02T04:33:37.642000+00:00,17.2,34.2,52.0,1018.5,0,1.2,262
173,7787,2023-04-02T04:35:37.641000+00:00,17.2,34.7,52.0,1018.5,0,1.0,147
174,7787,2023-04-02T04:37:37.639000+00:00,17.4,26.6,51.0,1018.5,0,0.6,141
175,7787,2023-04-02T04:39:37.638000+00:00,17.4,22.1,50.0,1018.5,0,0.6,282
176,7787,2023-04-02T04:41:37.637000+00:00,17.5,21.6,52.0,1018.5,0,1.0,82
177,7787,2023-04-02T04:43:37.635000+00:00,17.5,21.1,52.0,1018.5,0,1.0,185
178,7787,2023-04-02T04:45:37.634000+00:00,17.5,23.0,54.0,1018.5,0,1.2,256
179,7787,2023-04-02T04:47:37.632000+00:00,17.5,25.0,53.0,1018.5,0,0.5,139
180,7787,2023-04-02T04:49:37.631000+00:00,17.5,23.9,51.0,1018.5,0,1.2,151
181,7787,2023-04-02T04:51:37.645000+00:00,17.5,24.7,52.0,1018.5,0,1.2,0
182,7787,2023-04-02T04:53:37.644000+00:00,17.5,35.4,53.0,1018.5,0,1.2,80
183,7787,2023-04-02T04:55:37.642000+00:00,17.5,34.7,52.0,1018.5,0,0.6,55
184,7787,2023-04-02T04:57:37.641000+00:00,17.4,34.7,52.0,1018.5,0,0.8,175
185,7787,2023-04-02T04:59:37.640000+00:00,17.3,34.7,52.0,1018.5,0,1.2,189
186,7787,2023-04-02T05:01:37.654000+00:00,17.4,34.5,53.0,1018.5,0,0.8,155
187,7787,2023-04-02T05:03:37.637000+00:00,17.4,34.6,52.0,1018.5,0,1.0,149
188,7787,2023-04-02T05:05:37.635000+00:00,17.5,34.2,53.0,1018.5,0,0.6,127
189,7787,2023-04-02T05:07:37.634000+00:00,17.6,34.2,53.0,1018.7,0,1.2,138
190,7787,2023-04-02T05:09:37.633000+00:00,17.8,34.4,52.0,1018.5,0,0.8,0
191,7787,2023-04-02T05:11:37.631000+00:00,17.8,34.0,52.0,1018.5,0,1.2,163
192,7787,2023-04-02T05:13:37.645000+00:00,17.8,33.7,51.0,1018.5,0,1.1,140
193,7787,2023-04-02T05:15:37.644000+00:00,17.8,33.7,52.0,1018.5,0,1.7,156
194,7787,2023-04-02T05:17:37.643000+00:00,17.6,33.4,52.0,1018.5,0,0.8,157
195,7787,2023-04-02T05:19:37.657000+00:00,17.6,33.2,50.0,1018.5,0,0.8,156
196,7787,2023-04-02T05:21:37.624000+00:00,17.6,33.5,51.0,1018.5,0,0.8,0
197,7787,2023-04-02T05:23:37.639000+00:00,17.7,33.5,51.0,1018.5,0,0.8,155
198,7787,2023-04-02T05:25:37.637000+00:00,17.9,33.3,52.0,1018.5,0,1.3,234
199,7787,2023-04-02T05:27:37.636000+00:00,17.8,33.0,52.0,1018.5,0,1.1,201
200,7787,2023-04-02T05:29:37.634000+00:00,17.9,33.0,53.0,1018.5,0,0.6,153
201,7787,2023-04-02T05:31:37.649000+00:00,17.9,33.3,52.0,1018.4,0,0.6,0
202,7787,2023-04-02T05:33:37.678000+00:00,17.6,32.9,51.0,1018.4,0,1.5,266
203,7787,2023-04-02T05:35:37.630000+00:00,17.7,32.7,52.0,1018.5,0,0.6,283
204,7787,2023-04-02T05:37:37.644000+00:00,18.0,32.9,52.0,1018.4,0,1.2,161
205,7787,2023-04-02T05:39:37.643000+00:00,18.0,33.0,51.0,1018.5,0,0.6,74
206,7787,2023-04-02T05:41:37.642000+00:00,18.0,32.9,52.0,1018.4,0,1.2,140
207,7787,2023-04-02T05:43:37.656000+00:00,18.0,32.8,50.0,1018.5,0,1.2,128
208,7787,2023-04-02T05:45:37.639000+00:00,18.0,32.5,51.0,1018.4,0,1.1,346
209,7787,2023-04-02T05:47:37.653000+00:00,17.9,32.1,50.0,1018.4,0,0.8,142
210,7787,2023-04-02T05:49:37.730000+00:00,18.0,32.3,51.0,1018.4,0,1.7,134
211,7787,2023-04-02T05:51:37.697000+00:00,17.9,32.0,51.0,1018.4,0,1.8,126
212,7787,2023-04-02T05:53:37.696000+00:00,17.8,31.7,54.0,1018.2,0,0.8,147
213,7787,2023-04-02T05:55:37.694000+00:00,17.8,31.7,53.0,1018.2,0,1.7,120
214,7787,2023-04-02T05:57:37.709000+00:00,17.7,31.7,55.0,1018.2,0,1.5,164
215,7787,2023-04-02T05:59:37.723000+00:00,17.7,31.6,53.0,1018.2,0,2.2,148
216,7787,2023-04-02T06:01:37.753000+00:00,17.8,31.4,54.0,1018.2,0,1.6,133
217,7787,2023-04-02T06:03:37.767000+00:00,17.7,31.1,54.0,1018.2,0,0.6,147
218,7787,2023-04-02T06:05:37.766000+00:00,17.8,31.0,54.0,1018.2,0,1.3,343
219,7787,2023-04-02T06:07:37.764000+00:00,17.9,30.9,54.0,1018.4,0,0.6,91
220,7787,2023-04-02T06:09:37.763000+00:00,17.9,30.8,53.0,1018.2,0,1.0,0
221,7787,2023-04-02T06:11:37.761000+00:00,17.9,30.7,54.0,1018.0,0,0.8,326
222,7787,2023-04-02T06:13:37.760000+00:00,17.9,30.6,55.0,1018.2,0,1.3,118
223,7787,2023-04-02T06:15:37.759000+00:00,17.8,30.2,55.0,1018.4,0,0.8,155
224,7787,2023-04-02T06:17:37.773000+00:00,17.9,30.2,55.0,1018.2,0,1.1,0
225,7787,2023-04-02T06:19:37.772000+00:00,17.7,30.1,56.0,1018.4,0,2.2,128
226,7787,2023-04-02T06:21:37.770000+00:00,17.6,29.9,56.0,1018.2,0,1.0,146
227,7787,2023-04-02T06:23:37.800000+00:00,17.6,29.7,57.0,1018.2,0,0.8,156
228,7787,2023-04-02T06:25:37.846000+00:00,17.6,29.6,57.0,1018.2,0,1.2,136
229,7787,2023-04-02T06:27:37.829000+00:00,17.5,29.3,58.0,1018.4,0,1.2,90
230,7787,2023-04-02T06:29:37.827000+00:00,17.5,29.2,57.0,1018.2,0,1.7,151
231,7787,2023-04-02T06:31:37.841000+00:00,17.5,29.2,57.0,1018.2,0,1.2,133
232,7787,2023-04-02T06:33:37.856000+00:00,17.5,29.1,56.0,1018.2,0,0.6,106
233,7787,2023-04-02T06:35:37.917000+00:00,17.5,28.9,56.0,1018.2,0,1.3,61
234,7787,2023-04-02T06:37:37.853000+00:00,17.5,28.9,55.0,1018.2,0,1.0,113
235,7787,2023-04-02T06:39:37.867000+00:00,17.5,28.9,55.0,1018.2,0,1.6,154
236,7787,2023-04-02T06:41:37.882000+00:00,17.5,28.4,56.0,1018.2,0,1.5,158
237,7787,2023-04-02T06:43:37.896000+00:00,17.4,28.1,57.0,1018.2,0,1.6,166
238,7787,2023-04-02T06:45:37.894000+00:00,17.2,28.0,56.0,1018.2,0,0.8,129
239,7787,2023-04-02T06:47:37.893000+00:00,17.3,28.0,56.0,1018.2,0,1.1,174
240,7787,2023-04-02T06:49:37.892000+00:00,17.2,27.4,58.0,1018.2,0,1.3,171
241,7787,2023-04-02T06:51:37.890000+00:00,17.3,27.4,58.0,1018.4,0,1.2,85
242,7787,2023-04-02T06:53:37.889000+00:00,17.3,27.5,57.0,1018.2,0,1.0,151
243,7787,2023-04-02T06:55:37.903000+00:00,17.3,27.4,58.0,1018.2,0,1.0,12
244,7787,2023-04-02T06:57:37.902000+00:00,17.3,27.1,59.0,1018.4,0,1.1,12
245,7787,2023-04-02T06:59:38.494000+00:00,17.2,27.2,58.0,1018.2,0,1.1,57
246,7787,2023-04-02T07:01:37.899000+00:00,17.1,27.0,58.0,1018.2,0,0.4,130
247,7787,2023-04-02T07:03:37.898000+00:00,17.2,27.1,57.0,1018.2,0,0.8,155
248,7787,2023-04-02T07:05:37.896000+00:00,17.2,26.7,57.0,1018.2,0,1.0,142
249,7787,2023-04-02T07:07:37.895000+00:00,17.2,26.8,56.0,1018.2,0,1.7,141
250,7787,2023-04-02T07:09:37.894000+00:00,17.2,26.3,57.0,1018.2,0,0.8,134
251,7787,2023-04-02T07:11:37.892000+00:00,17.1,26.2,56.0,1018.2,0,0.6,149
252,7787,2023-04-02T07:13:37.891000+00:00,17.1,26.1,57.0,1018.2,0,0.6,175
253,7787,2023-04-02T07:15:37.890000+00:00,17.0,25.7,57.0,1018.4,0,1.1,143
254,7787,2023-04-02T07:17:37.888000+00:00,17.0,25.4,58.0,1018.2,0,0.8,129
255,7787,2023-04-02T07:19:37.887000+00:00,16.9,25.2,59.0,1018.2,0,1.6,148
256,7787,2023-04-02T07:21:37.885000+00:00,16.9,25.1,58.0,1018.2,0,1.2,135
257,7787,2023-04-02T07:23:37.900000+00:00,16.9,25.0,60.0,1018.2,0,1.0,90
258,7787,2023-04-02T07:25:37.930000+00:00,16.9,24.7,60.0,1018.4,0,1.7,150
259,7787,2023-04-02T07:27:37.944000+00:00,16.8,24.5,61.0,1018.2,0,1.5,107
260,7787,2023-04-02T07:29:37.942000+00:00,16.9,24.4,60.0,1018.2,0,1.5,107
261,7787,2023-04-02T07:31:37.957000+00:00,16.9,24.3,60.0,1018.2,0,5.0,107
262,7787,2023-04-02T07:33:37.971000+00:00,16.9,24.3,59.0,1018.2,0,1.7,92
263,7787,2023-04-02T07:35:37.985000+00:00,16.9,24.0,58.0,1018.4,0,1.5,115
264,7787,2023-04-02T07:37:38.015000+00:00,16.9,23.9,59.0,1018.4,0,1.6,137
265,7787,2023-04-02T07:39:38.014000+00:00,16.9,24.0,57.0,1018.4,0,1.2,128
266,7787,2023-04-02T07:41:38.028000+00:00,16.9,23.7,59.0,1018.4,0,1.5,169
267,9069,2023-04-29T12:49:07.212000+00:00,22.3,43.5,52.0,1009.0,0,0.6,93
268,9069,2023-04-29T12:51:07.226000+00:00,22.4,42.7,55.0,1009.0,0,0.6,312
269,9069,2023-04-29T12:53:07.256000+00:00,22.3,42.8,48.0,1009.0,0,0.6,0
270,9069,2023-04-29T12:55:07.254000+00:00,22.2,43.4,45.0,1008.9,0,0.0,0
271,9069,2023-04-29T12:57:07.253000+00:00,22.4,43.1,48.0,1009.0,0,0.5,60
272,9069,2023-04-29T12:59:07.252000+00:00,22.3,42.8,46.0,1009.0,0,0.3,219
273,9069,2023-04-29T13:01:07.266000+00:00,22.4,42.2,48.0,1009.0,0,0.6,340
274,9069,2023-04-29T13:03:07.249000+00:00,22.5,42.5,52.0,1009.0,0,1.0,0
275,9069,2023-04-29T13:05:07.263000+00:00,22.6,41.6,53.0,1009.0,0,0.5,0
276,9069,2023-04-29T13:07:07.261000+00:00,22.6,40.6,54.0,1009.0,0,1.0,59
277,9069,2023-04-29T13:09:07.260000+00:00,22.6,38.8,53.0,1009.0,0,0.0,6
278,9069,2023-04-29T13:11:07.259000+00:00,22.5,36.8,55.0,1009.0,0,0.5,0
279,9069,2023-04-29T13:13:07.257000+00:00,22.5,38.8,55.0,1009.0,0,0.5,12
280,9069,2023-04-29T13:15:07.256000+00:00,22.5,38.8,56.0,1009.0,0,0.3,345
281,9069,2023-04-29T13:17:07.254000+00:00,22.5,38.1,56.0,1009.0,0,0.6,58
282,9069,2023-04-29T13:19:07.253000+00:00,22.4,36.2,58.0,1009.0,0,0.4,7
283,9069,2023-04-29T13:21:07.267000+00:00,22.3,35.8,60.0,1009.0,0,0.6,71
284,9069,2023-04-29T13:23:07.266000+00:00,22.2,36.3,61.0,1009.0,0,0.6,102
285,9069,2023-04-29T13:25:07.249000+00:00,22.1,36.6,60.0,1009.0,0,0.5,0
286,9069,2023-04-29T13:27:07.247000+00:00,22.0,36.5,62.0,1009.0,0,0.4,78
287,9069,2023-04-29T13:29:07.262000+00:00,22.0,36.2,57.0,1009.0,0,0.3,267
288,9069,2023-04-29T13:31:07.260000+00:00,22.2,35.9,60.0,1009.0,0,0.4,0
289,9069,2023-04-29T13:33:07.259000+00:00,22.3,35.5,61.0,1008.9,1,0.4,223
290,9069,2023-04-29T13:35:07.257000+00:00,22.4,35.4,62.0,1009.0,0,0.6,0
291,9069,2023-04-29T13:37:07.272000+00:00,22.1,35.5,61.0,1009.0,0,0.3,0
292,9069,2023-04-29T13:39:07.270000+00:00,22.2,35.3,57.0,1009.0,0,1.1,249
293,9069,2023-04-29T13:41:07.300000+00:00,22.1,34.6,56.0,1009.0,0,0.6,0
294,9069,2023-04-29T13:43:07.299000+00:00,22.2,34.5,60.0,1008.9,0,1.3,0
295,9069,2023-04-29T13:45:07.329000+00:00,22.1,34.2,57.0,1008.9,0,0.6,218
296,9069,2023-04-29T13:47:07.327000+00:00,22.0,34.1,61.0,1008.9,0,0.4,334
297,9069,2023-04-29T13:49:07.341000+00:00,22.0,34.0,62.0,1008.7,0,0.6,0
298,9069,2023-04-29T13:51:07.371000+00:00,21.9,33.5,64.0,1008.9,0,1.0,0
299,9069,2023-04-29T13:53:07.370000+00:00,22.0,33.4,64.0,1008.7,0,0.8,245
300,9069,2023-04-29T13:55:07.400000+00:00,22.0,33.1,66.0,1008.7,0,0.6,232
301,9069,2023-04-29T13:57:07.383000+00:00,22.0,32.8,66.0,1008.7,0,1.0,177
302,9069,2023-04-29T13:59:07.381000+00:00,21.9,33.0,66.0,1008.7,0,1.0,232
303,9069,2023-04-29T14:01:07.380000+00:00,21.8,32.8,67.0,1008.7,0,1.0,194
304,9069,2023-04-29T14:03:07.394000+00:00,21.8,33.0,66.0,1008.7,0,1.8,217
305,9069,2023-04-29T14:05:07.377000+00:00,21.8,32.7,66.0,1008.5,0,1.8,0
306,9069,2023-04-29T14:07:07.392000+00:00,21.9,32.6,65.0,1008.7,0,0.6,232
307,9069,2023-04-29T14:09:07.421000+00:00,21.9,32.6,65.0,1008.5,0,1.2,241
308,9070,2023-04-30T10:01:11.577000+00:00,23.9,42.5,52.0,1009.5,0,1.6,15
309,9070,2023-04-30T10:03:11.575000+00:00,24.0,42.5,52.0,1009.5,0,1.0,59
310,9070,2023-04-30T10:05:11.604000+00:00,24.0,42.7,50.0,1009.4,0,1.5,30
311,9070,2023-04-30T10:07:11.602000+00:00,24.1,42.6,50.0,1009.5,0,0.6,255
312,9070,2023-04-30T10:09:11.599000+00:00,24.0,42.9,50.0,1009.5,0,1.7,162
313,9070,2023-04-30T10:11:11.597000+00:00,24.2,43.3,50.0,1009.4,0,1.1,115
314,9070,2023-04-30T10:13:11.626000+00:00,24.3,43.7,50.0,1009.4,0,0.8,41
315,9070,2023-04-30T10:15:11.655000+00:00,24.4,44.0,50.0,1009.4,0,1.7,197
316,9070,2023-04-30T10:17:11.653000+00:00,24.5,43.5,49.0,1009.4,0,1.7,112
317,9070,2023-04-30T10:19:11.651000+00:00,24.5,43.2,51.0,1009.2,0,0.8,353
318,9070,2023-04-30T10:21:11.664000+00:00,24.2,44.0,51.0,1009.2,0,1.2,41
319,9070,2023-04-30T10:23:11.678000+00:00,24.4,44.2,48.0,1009.2,0,1.1,62
320,9070,2023-04-30T10:25:11.691000+00:00,24.4,43.7,49.0,1009.4,0,1.1,49
321,9070,2023-04-30T10:27:11.689000+00:00,24.5,41.8,50.0,1009.2,0,0.8,149
322,9070,2023-04-30T10:29:11.687000+00:00,24.5,43.8,49.0,1009.2,0,1.1,195
323,9070,2023-04-30T10:31:11.700000+00:00,24.5,42.7,50.0,1009.2,0,1.2,33
324,9070,2023-04-30T10:33:11.714000+00:00,24.5,41.1,51.0,1009.0,0,1.7,50
325,9070,2023-04-30T10:35:11.680000+00:00,24.5,41.0,53.0,1009.0,0,0.8,0
326,9070,2023-04-30T10:37:11.678000+00:00,24.4,41.1,51.0,1009.0,0,0.8,304
327,9070,2023-04-30T10:39:11.707000+00:00,24.5,43.8,48.0,1009.0,0,1.1,348
328,9070,2023-04-30T10:41:11.690000+00:00,24.5,41.0,52.0,1009.0,0,1.7,38
329,9070,2023-04-30T10:43:11.687000+00:00,24.3,42.1,52.0,1008.9,0,1.3,24
330,9070,2023-04-30T10:45:11.685000+00:00,24.4,43.9,51.0,1008.7,0,0.8,67
331,9070,2023-04-30T10:47:11.683000+00:00,24.5,44.8,48.0,1008.7,0,1.5,121
332,9070,2023-04-30T10:49:11.681000+00:00,24.6,44.1,48.0,1008.7,0,0.6,65
333,9070,2023-04-30T10:51:11.679000+00:00,24.7,43.3,49.0,1008.7,0,0.6,341
334,9070,2023-04-30T10:53:11.692000+00:00,24.7,42.7,50.0,1008.7,0,1.3,19
335,9070,2023-04-30T10:55:11.784000+00:00,24.5,41.7,52.0,1008.7,0,1.7,43
336,9070,2023-04-30T10:57:11.797000+00:00,24.4,42.2,51.0,1008.9,0,1.1,76
337,9070,2023-04-30T10:59:11.795000+00:00,24.5,42.7,50.0,1008.7,0,0.6,340
338,9070,2023-04-30T11:01:11.808000+00:00,24.6,43.2,50.0,1008.7,0,1.0,193
339,9070,2023-04-30T11:03:11.822000+00:00,24.7,43.4,49.0,1008.9,0,1.7,245
340,9070,2023-04-30T11:05:11.804000+00:00,25.1,43.3,49.0,1008.7,0,1.0,195
341,9070,2023-04-30T11:07:11.818000+00:00,25.0,42.9,49.0,1008.7,0,1.2,222
342,9070,2023-04-30T11:09:11.815000+00:00,25.0,43.1,49.0,1008.7,0,0.4,16
343,9070,2023-04-30T11:11:11.829000+00:00,24.9,43.0,50.0,1008.7,0,1.1,233
344,9070,2023-04-30T11:13:11.811000+00:00,25.0,43.3,49.0,1008.5,0,1.0,275
345,9070,2023-04-30T11:15:11.809000+00:00,24.8,42.3,49.0,1008.5,0,0.6,21
346,9070,2023-04-30T11:17:11.807000+00:00,24.8,41.7,51.0,1008.5,0,0.8,0
347,9070,2023-04-30T11:19:11.805000+00:00,25.0,42.0,50.0,1008.5,0,0.6,295
348,9070,2023-04-30T11:21:11.865000+00:00,25.0,42.4,50.0,1008.2,0,0.8,148
349,9070,2023-04-30T11:23:11.816000+00:00,25.2,42.6,49.0,1008.2,0,0.8,23
350,9070,2023-04-30T11:25:11.814000+00:00,25.0,40.9,50.0,1008.2,0,1.2,26
351,9070,2023-04-30T11:27:11.843000+00:00,24.8,41.0,51.0,1008.2,0,1.2,343
352,9070,2023-04-30T11:29:11.856000+00:00,24.9,41.0,50.0,1008.0,0,1.2,226
353,9070,2023-04-30T11:31:11.870000+00:00,25.1,42.5,49.0,1008.0,0,0.8,64
354,9070,2023-04-30T11:33:11.883000+00:00,25.1,43.0,49.0,1008.0,0,2.0,34
355,9070,2023-04-30T11:35:11.912000+00:00,25.0,42.5,48.0,1008.0,0,1.2,47
356,9070,2023-04-30T11:37:11.910000+00:00,25.1,42.6,48.0,1008.0,0,1.0,65
357,9070,2023-04-30T11:39:11.908000+00:00,25.1,42.0,48.0,1008.0,0,1.3,290
358,9070,2023-04-30T11:41:11.921000+00:00,25.2,41.2,48.0,1008.2,0,1.0,0
359,9070,2023-04-30T11:43:11.935000+00:00,25.4,41.0,47.0,1008.2,0,0.6,48
360,9070,2023-04-30T11:45:11.933000+00:00,25.4,40.8,48.0,1008.2,0,1.0,0
361,9070,2023-04-30T11:47:11.930000+00:00,25.5,40.6,48.0,1008.4,0,1.2,16
362,9070,2023-04-30T11:49:11.944000+00:00,25.3,40.4,48.0,1008.2,0,1.2,95
363,9070,2023-04-30T11:51:11.942000+00:00,25.3,40.9,47.0,1008.2,0,1.2,66
364,9070,2023-04-30T11:53:11.940000+00:00,25.5,40.5,48.0,1008.2,0,1.6,62
365,9070,2023-04-30T11:55:11.937000+00:00,25.5,40.5,48.0,1008.4,0,0.8,0
366,9070,2023-04-30T11:57:11.935000+00:00,25.6,41.3,46.0,1008.2,0,1.8,62
367,9070,2023-04-30T11:59:11.949000+00:00,25.6,40.9,48.0,1008.2,0,1.2,0
368,9070,2023-04-30T12:01:11.946000+00:00,25.5,40.9,47.0,1008.2,0,1.2,75
369,9070,2023-04-30T12:03:11.991000+00:00,25.4,40.7,47.0,1008.2,0,0.6,15
370,9070,2023-04-30T12:05:11.989000+00:00,25.5,40.1,47.0,1008.2,0,0.6,147
371,9070,2023-04-30T12:07:12.002000+00:00,25.5,39.8,47.0,1008.2,0,1.0,91
372,9070,2023-04-30T12:09:12.032000+00:00,25.4,39.4,47.0,1008.2,0,0.6,93
373,9070,2023-04-30T12:11:12.045000+00:00,25.4,38.9,48.0,1008.2,0,1.2,288
374,9070,2023-04-30T12:13:12.058000+00:00,25.4,38.8,48.0,1008.2,0,1.0,30
375,9070,2023-04-30T12:15:12.072000+00:00,25.3,38.8,48.0,1008.2,0,1.0,190
376,9070,2023-04-30T12:17:12.070000+00:00,25.5,38.9,47.0,1008.4,0,1.5,46
377,9070,2023-04-30T12:19:12.068000+00:00,25.4,37.6,48.0,1008.4,0,0.5,46
378,9070,2023-04-30T12:21:12.066000+00:00,25.2,38.0,48.0,1008.4,0,0.8,158
379,9070,2023-04-30T12:23:12.063000+00:00,25.3,37.5,48.0,1008.5,0,0.8,235
380,9070,2023-04-30T12:25:12.061000+00:00,25.3,37.3,47.0,1008.5,0,1.0,123
381,9070,2023-04-30T12:27:12.075000+00:00,25.2,37.0,48.0,1008.5,0,1.1,0
382,9070,2023-04-30T12:29:12.072000+00:00,25.0,36.5,49.0,1008.5,0,1.2,194
383,9070,2023-04-30T12:31:12.070000+00:00,24.9,35.8,50.0,1008.7,0,1.6,217
384,9070,2023-04-30T12:33:12.068000+00:00,24.8,35.6,50.0,1008.9,0,1.1,210
385,9070,2023-04-30T12:35:12.050000+00:00,24.8,35.1,51.0,1008.9,0,1.3,190
386,9070,2023-04-30T12:37:12.064000+00:00,24.7,35.1,51.0,1009.0,0,1.7,201
387,9070,2023-04-30T12:39:12.171000+00:00,24.6,34.8,51.0,1009.2,0,2.0,191
388,9078,2023-05-07T18:31:25.241000+00:00,27.2,36.5,60.0,1019.0,0,4.0,134
389,9078,2023-05-07T18:33:25.239000+00:00,27.4,49.7,58.0,1019.0,0,4.0,103
390,9078,2023-05-07T18:35:25.238000+00:00,27.4,50.7,57.0,1019.0,0,4.4,142
391,9078,2023-05-07T18:37:25.237000+00:00,27.7,51.0,58.0,1018.9,0,4.9,99
392,9078,2023-05-07T18:39:25.282000+00:00,27.8,46.9,57.0,1019.0,0,3.0,83
393,9078,2023-05-07T18:41:25.218000+00:00,27.7,52.5,58.0,1018.7,0,3.0,101
394,9078,2023-05-07T18:43:25.232000+00:00,27.8,51.4,57.0,1018.7,0,3.7,132
395,9078,2023-05-07T18:45:25.231000+00:00,27.7,41.0,57.0,1018.7,0,4.0,133
396,9078,2023-05-07T18:47:25.230000+00:00,27.4,36.4,58.0,1018.7,0,4.5,146
397,9078,2023-05-07T18:49:25.228000+00:00,27.2,34.8,57.0,1018.7,0,4.6,146
398,9078,2023-05-07T18:51:25.227000+00:00,27.0,36.3,59.0,1018.7,0,3.4,129
399,9078,2023-05-07T18:53:25.241000+00:00,27.2,36.4,59.0,1018.7,0,5.5,147
400,9078,2023-05-07T18:55:25.240000+00:00,26.8,36.1,61.0,1018.7,0,4.5,137
401,9078,2023-05-07T18:57:25.239000+00:00,26.9,35.9,61.0,1018.7,0,4.1,108
402,9078,2023-05-07T18:59:25.300000+00:00,26.9,35.5,60.0,1018.7,0,3.5,125
403,9078,2023-05-07T19:01:25.267000+00:00,27.0,35.1,60.0,1018.7,0,3.0,128
404,9078,2023-05-07T19:03:25.297000+00:00,27.0,35.6,60.0,1018.7,0,3.9,129
405,9078,2023-05-07T19:05:25.327000+00:00,26.9,35.2,60.0,1018.7,0,4.6,132
406,9078,2023-05-07T19:07:25.325000+00:00,26.7,36.0,60.0,1018.7,0,3.7,112
407,9078,2023-05-07T19:09:25.340000+00:00,26.7,35.1,61.0,1018.7,0,3.2,139
408,9078,2023-05-07T19:11:25.338000+00:00,26.7,35.2,60.0,1018.7,0,3.4,140
409,9078,2023-05-07T19:13:25.353000+00:00,26.7,36.3,60.0,1018.7,0,2.2,142
410,9078,2023-05-07T19:15:25.398000+00:00,26.9,39.8,61.0,1018.7,0,2.5,124
411,9078,2023-05-07T19:17:25.365000+00:00,27.0,39.6,61.0,1018.7,0,4.3,134
412,9078,2023-05-07T19:19:25.364000+00:00,27.1,41.4,60.0,1018.5,0,4.8,141
413,9078,2023-05-07T19:21:25.363000+00:00,27.1,44.1,62.0,1018.7,0,3.7,136
414,9078,2023-05-07T19:23:25.361000+00:00,27.1,40.8,61.0,1018.7,0,4.0,154
415,9078,2023-05-07T19:25:25.360000+00:00,27.1,36.2,61.0,1018.5,0,4.0,141
416,9078,2023-05-07T19:27:25.359000+00:00,26.9,35.2,61.0,1018.7,0,3.2,136
417,9078,2023-05-07T19:29:25.357000+00:00,26.8,34.3,60.0,1018.7,0,5.8,131
418,9078,2023-05-07T19:31:25.372000+00:00,26.8,34.2,61.0,1018.5,0,4.4,140
419,9078,2023-05-07T19:33:25.355000+00:00,26.6,33.8,61.0,1018.5,0,6.9,146
420,9078,2023-05-07T19:35:25.369000+00:00,26.6,33.7,62.0,1018.5,0,3.5,139
421,9078,2023-05-07T19:37:25.368000+00:00,26.7,33.9,60.0,1018.5,0,4.1,128
422,9078,2023-05-07T19:39:25.366000+00:00,26.9,33.9,59.0,1018.5,0,4.8,158
423,9078,2023-05-07T19:41:25.365000+00:00,26.9,35.2,60.0,1018.5,0,5.5,128
424,9078,2023-05-07T19:43:25.363000+00:00,27.2,35.5,60.0,1018.5,0,3.2,147
425,9078,2023-05-07T19:45:25.378000+00:00,27.3,35.8,59.0,1018.5,0,4.0,134
426,9078,2023-05-07T19:47:25.361000+00:00,27.5,37.6,57.0,1018.4,0,3.0,132
427,9078,2023-05-07T19:49:25.359000+00:00,27.6,37.9,57.0,1018.4,0,4.4,155
428,9078,2023-05-07T19:51:25.358000+00:00,27.6,35.5,59.0,1018.4,0,3.7,134
429,9078,2023-05-07T19:53:25.372000+00:00,27.3,35.0,60.0,1018.4,0,4.6,130
430,9078,2023-05-07T19:55:25.371000+00:00,27.2,34.5,60.0,1018.5,0,3.5,132
431,9078,2023-05-07T19:57:25.370000+00:00,27.2,34.4,60.0,1018.4,0,5.1,139
432,9078,2023-05-07T19:59:25.368000+00:00,27.1,33.7,61.0,1018.4,0,3.7,127
433,9078,2023-05-07T20:01:25.367000+00:00,27.2,34.8,60.0,1018.4,0,3.0,137
434,9078,2023-05-07T20:03:25.365000+00:00,27.1,34.8,61.0,1018.4,0,3.9,151
435,9078,2023-05-07T20:05:25.364000+00:00,27.1,34.3,60.0,1018.2,0,3.0,113
436,9078,2023-05-07T20:07:25.363000+00:00,27.1,35.0,61.0,1018.2,0,5.5,113
437,9078,2023-05-07T20:09:25.361000+00:00,27.2,36.5,60.0,1018.2,0,4.3,117
438,9078,2023-05-07T20:11:25.360000+00:00,27.3,37.0,60.0,1018.2,0,3.0,280
439,9078,2023-05-07T20:13:25.390000+00:00,27.5,37.2,61.0,1018.0,0,3.0,145
440,9078,2023-05-07T20:15:25.358000+00:00,27.6,38.0,60.0,1018.2,0,3.7,129
441,9078,2023-05-07T20:17:25.356000+00:00,27.6,38.5,58.0,1018.2,0,4.3,142
442,9078,2023-05-07T20:19:25.355000+00:00,27.5,36.3,59.0,1018.2,0,3.2,145
443,9078,2023-05-07T20:21:25.369000+00:00,27.5,36.0,59.0,1018.2,0,4.5,160
444,9078,2023-05-07T20:23:25.368000+00:00,27.4,35.5,59.0,1018.2,0,3.5,144
445,9078,2023-05-07T20:25:25.397000+00:00,27.3,34.9,58.0,1018.0,0,4.6,144
446,9078,2023-05-07T20:27:25.365000+00:00,27.0,34.3,60.0,1018.0,0,3.7,128
447,9078,2023-05-07T20:29:25.363000+00:00,26.9,34.8,58.0,1018.0,0,4.3,133
448,9078,2023-05-07T20:31:25.378000+00:00,27.0,34.6,60.0,1018.0,0,3.5,125
449,9078,2023-05-07T20:33:25.376000+00:00,26.9,35.5,59.0,1018.0,0,4.3,148
450,9078,2023-05-07T20:35:25.359000+00:00,26.9,34.5,59.0,1018.0,0,4.0,148
451,9078,2023-05-07T20:37:25.358000+00:00,26.9,34.1,60.0,1018.0,0,2.7,144
452,9078,2023-05-07T20:39:25.357000+00:00,26.7,33.3,60.0,1018.0,0,4.0,143
453,9078,2023-05-07T20:41:25.355000+00:00,26.7,33.3,60.0,1018.0,0,4.3,158
454,9078,2023-05-07T20:43:25.370000+00:00,26.8,33.0,61.0,1018.0,0,3.2,142
455,9078,2023-05-07T20:45:25.384000+00:00,27.1,35.1,59.0,1017.9,0,4.4,140
456,9078,2023-05-07T20:47:25.383000+00:00,27.1,34.2,58.0,1018.0,0,4.4,128
457,9078,2023-05-07T20:49:25.366000+00:00,27.0,33.3,59.0,1018.0,0,3.7,122
458,9078,2023-05-07T20:51:25.364000+00:00,27.1,33.8,58.0,1018.0,0,4.0,136
459,9078,2023-05-07T20:53:25.363000+00:00,27.0,33.4,59.0,1017.9,0,5.0,142
460,9078,2023-05-07T20:55:25.362000+00:00,26.9,33.1,59.0,1017.9,0,3.5,118
461,9078,2023-05-07T20:57:25.360000+00:00,26.9,32.9,58.0,1017.9,0,4.0,136
462,9078,2023-05-07T20:59:25.359000+00:00,27.0,32.8,59.0,1017.9,0,3.7,141
463,9078,2023-05-07T21:01:25.373000+00:00,27.1,33.1,60.0,1017.9,0,3.0,136
464,9078,2023-05-07T21:03:25.372000+00:00,27.1,33.6,58.0,1017.9,0,3.0,143
465,9078,2023-05-07T21:05:25.371000+00:00,27.1,34.1,57.0,1017.7,0,1.3,113
466,9094,2023-05-28T12:01:43.398000+00:00,25.8,47.4,39.0,1013.7,0,1.0,149
467,9094,2023-05-28T12:03:43.395000+00:00,25.8,48.2,41.0,1013.7,0,1.0,137
468,9094,2023-05-28T12:05:43.409000+00:00,25.8,48.3,41.0,1013.7,0,0.5,0
469,9094,2023-05-28T12:07:43.422000+00:00,25.9,47.2,41.0,1013.5,0,0.6,334
470,9094,2023-05-28T12:09:43.405000+00:00,26.0,48.3,39.0,1013.7,0,1.0,324
471,9094,2023-05-28T12:11:43.403000+00:00,26.0,47.0,41.0,1013.5,0,0.4,277
472,9094,2023-05-28T12:13:43.432000+00:00,25.9,47.3,41.0,1013.5,0,0.5,296
473,9094,2023-05-28T12:15:43.445000+00:00,25.9,47.0,41.0,1013.5,0,0.8,341
474,9094,2023-05-28T12:17:43.443000+00:00,25.8,47.6,42.0,1013.5,0,0.5,332
475,9094,2023-05-28T12:19:43.472000+00:00,26.1,47.8,41.0,1013.5,0,0.4,0
476,9094,2023-05-28T12:21:43.486000+00:00,25.9,48.2,41.0,1013.4,0,0.5,328
477,9094,2023-05-28T12:23:43.484000+00:00,25.6,47.6,41.0,1013.4,0,0.8,69
478,9094,2023-05-28T12:25:43.482000+00:00,25.6,47.5,42.0,1013.5,0,0.6,35
479,9094,2023-05-28T12:27:43.495000+00:00,25.9,47.8,41.0,1013.5,0,0.8,123
480,9094,2023-05-28T12:29:43.509000+00:00,26.2,48.2,41.0,1013.5,0,0.6,150
481,9094,2023-05-28T12:31:43.554000+00:00,26.1,47.5,43.0,1013.4,0,0.8,100
482,9094,2023-05-28T12:33:43.567000+00:00,26.0,47.8,42.0,1013.4,0,1.1,302
483,9094,2023-05-28T12:35:43.565000+00:00,26.1,47.5,41.0,1013.4,0,0.8,63
484,9094,2023-05-28T12:37:43.578000+00:00,26.0,47.0,41.0,1013.5,0,1.1,11
485,9094,2023-05-28T12:39:43.576000+00:00,26.0,46.5,42.0,1013.5,0,1.2,82
486,9094,2023-05-28T12:41:43.621000+00:00,25.9,46.6,42.0,1013.5,0,0.6,143
487,9094,2023-05-28T12:43:43.603000+00:00,26.0,46.3,42.0,1013.5,0,1.5,167
488,9094,2023-05-28T12:45:43.616000+00:00,25.7,45.7,43.0,1013.5,0,0.6,270
489,9094,2023-05-28T12:47:43.630000+00:00,25.5,45.5,42.0,1013.5,0,0.8,138
490,9094,2023-05-28T12:49:43.628000+00:00,25.3,45.4,43.0,1013.5,0,0.8,134
491,9094,2023-05-28T12:51:43.641000+00:00,25.2,44.7,44.0,1013.5,0,0.6,51
492,9094,2023-05-28T12:53:43.655000+00:00,25.3,44.3,44.0,1013.5,0,1.2,0
493,9094,2023-05-28T12:55:43.668000+00:00,25.4,44.0,44.0,1013.5,0,0.8,0
494,9094,2023-05-28T12:57:43.698000+00:00,25.3,43.3,44.0,1013.5,0,1.0,0
495,9094,2023-05-28T12:59:43.695000+00:00,25.3,43.0,44.0,1013.4,0,1.0,298
496,9094,2023-05-28T13:01:43.693000+00:00,25.2,42.3,44.0,1013.4,0,0.5,155
497,9094,2023-05-28T13:03:43.691000+00:00,25.2,43.1,44.0,1013.4,0,0.8,153
498,9094,2023-05-28T13:05:43.705000+00:00,25.2,42.8,45.0,1013.5,0,0.8,66
499,9094,2023-05-28T13:07:43.687000+00:00,25.4,42.8,45.0,1013.5,0,1.0,115
500,9094,2023-05-28T13:09:43.685000+00:00,25.4,42.4,44.0,1013.5,0,1.0,132
501,9094,2023-05-28T13:11:43.698000+00:00,25.4,41.4,44.0,1013.5,0,0.6,50
502,9094,2023-05-28T13:13:43.696000+00:00,25.4,41.0,44.0,1013.5,0,1.2,147
503,9094,2023-05-28T13:15:43.694000+00:00,25.5,40.9,42.0,1013.5,0,2.2,137
504,9094,2023-05-28T13:17:43.676000+00:00,25.3,40.0,44.0,1013.5,0,0.6,1
505,9094,2023-05-28T13:19:43.690000+00:00,25.4,40.1,43.0,1013.5,0,0.6,136
506,9094,2023-05-28T13:21:43.688000+00:00,25.3,39.9,43.0,1013.5,0,0.8,148
507,9094,2023-05-28T13:23:43.686000+00:00,25.3,39.5,44.0,1013.5,0,0.8,129
508,9094,2023-05-28T13:25:43.699000+00:00,25.2,39.8,44.0,1013.5,0,0.8,145
509,9094,2023-05-28T13:27:43.713000+00:00,25.3,39.9,42.0,1013.5,0,0.6,132
510,9094,2023-05-28T13:29:43.742000+00:00,25.3,39.7,43.0,1013.5,0,2.0,91
511,9094,2023-05-28T13:31:43.755000+00:00,25.4,39.1,43.0,1013.5,0,1.6,125
512,9094,2023-05-28T13:33:43.784000+00:00,25.4,39.0,42.0,1013.4,0,1.1,141
513,9094,2023-05-28T13:35:43.813000+00:00,25.4,38.8,42.0,1013.4,0,1.8,152
514,9094,2023-05-28T13:37:43.827000+00:00,25.3,38.8,42.0,1013.2,0,0.6,131
515,9094,2023-05-28T13:39:43.825000+00:00,25.4,39.1,41.0,1013.2,0,1.0,134
516,9094,2023-05-28T13:41:43.823000+00:00,25.5,38.8,41.0,1013.2,0,1.1,81
517,9094,2023-05-28T13:43:43.820000+00:00,25.6,38.4,40.0,1013.4,0,1.0,110
518,9094,2023-05-28T13:45:43.818000+00:00,25.6,38.4,40.0,1013.4,0,1.0,156
519,9094,2023-05-28T13:47:43.832000+00:00,25.5,37.9,41.0,1013.4,0,1.0,92
520,9094,2023-05-28T13:49:43.845000+00:00,25.4,37.9,41.0,1013.4,0,1.6,154
521,9094,2023-05-28T13:51:43.890000+00:00,25.3,37.5,41.0,1013.2,0,1.3,140
522,9094,2023-05-28T13:53:43.888000+00:00,25.3,36.8,41.0,1013.4,0,1.2,158
523,9094,2023-05-28T13:55:43.917000+00:00,25.3,36.8,41.0,1013.4,0,1.2,152
524,9094,2023-05-28T13:57:43.930000+00:00,25.3,36.5,41.0,1013.2,0,1.2,109
525,9094,2023-05-28T13:59:43.944000+00:00,25.2,36.3,42.0,1013.4,0,1.1,155
526,9094,2023-05-28T14:01:43.957000+00:00,25.1,36.1,43.0,1013.4,0,0.8,153
527,9094,2023-05-28T14:03:43.955000+00:00,25.0,36.0,43.0,1013.4,0,0.8,70
528,9094,2023-05-28T14:05:43.953000+00:00,25.0,35.9,42.0,1013.2,0,2.0,128
529,9094,2023-05-28T14:07:43.951000+00:00,25.0,35.8,43.0,1013.4,0,0.6,158
530,9094,2023-05-28T14:09:43.949000+00:00,25.0,35.7,43.0,1013.4,0,0.4,0
531,9094,2023-05-28T14:11:43.947000+00:00,24.9,35.2,42.0,1013.2,0,1.2,172
532,9094,2023-05-28T14:13:43.944000+00:00,24.7,34.9,42.0,1013.2,1,0.8,133
533,9094,2023-05-28T14:15:43.958000+00:00,24.6,34.5,43.0,1013.2,1,0.5,217
534,9094,2023-05-28T14:17:43.940000+00:00,24.5,33.9,45.0,1013.2,1,0.6,104
535,9094,2023-05-28T14:19:43.954000+00:00,24.0,31.7,49.0,1013.2,1,0.6,147
536,9094,2023-05-28T14:21:43.952000+00:00,24.0,30.1,52.0,1013.2,1,0.6,127
537,9094,2023-05-28T14:23:43.949000+00:00,23.9,29.6,51.0,1013.2,1,1.2,189
538,9094,2023-05-28T14:25:44.041000+00:00,23.6,29.2,58.0,1013.2,1,1.3,154
539,9094,2023-05-28T14:27:43.945000+00:00,23.5,28.4,62.0,1013.2,1,1.3,132
540,9094,2023-05-28T14:29:43.943000+00:00,23.1,27.7,65.0,1013.2,1,1.7,145
541,9094,2023-05-28T14:31:43.956000+00:00,23.0,27.2,66.0,1013.2,1,1.6,141
542,9094,2023-05-28T14:33:43.954000+00:00,23.1,27.4,66.0,1013.2,1,1.6,146
543,9094,2023-05-28T14:35:43.968000+00:00,23.1,27.4,65.0,1013.2,1,1.7,152
544,9094,2023-05-28T14:37:43.966000+00:00,23.3,27.7,64.0,1013.2,1,1.7,143
545,9094,2023-05-28T14:39:43.979000+00:00,23.4,28.1,62.0,1013.2,0,1.6,151
546,9094,2023-05-28T14:41:43.946000+00:00,23.5,28.7,62.0,1013.0,0,1.7,148
547,9094,2023-05-28T14:43:43.975000+00:00,23.6,29.2,58.0,1013.0,0,2.0,136
548,9094,2023-05-28T14:45:43.988000+00:00,23.8,30.0,57.0,1013.0,0,1.3,138
549,9094,2023-05-28T14:47:44.002000+00:00,23.8,30.3,56.0,1013.0,0,1.5,146
550,9094,2023-05-28T14:49:44.031000+00:00,23.9,30.7,57.0,1012.9,0,1.7,136
551,9094,2023-05-28T14:51:44.044000+00:00,23.9,30.7,58.0,1012.9,0,1.5,135
552,9094,2023-05-28T14:53:44.073000+00:00,23.9,30.7,54.0,1013.0,0,1.1,131
553,9094,2023-05-28T14:55:44.071000+00:00,23.9,30.6,56.0,1012.7,0,0.5,135
554,9102,2023-06-04T12:01:27.692000+00:00,23.5,38.5,59.0,1000.9,0,2.2,238
555,9102,2023-06-04T12:03:27.690000+00:00,23.5,39.4,58.0,1000.9,0,1.7,222
556,9102,2023-06-04T12:05:27.703000+00:00,23.8,39.9,57.0,1001.0,0,1.2,214
557,9102,2023-06-04T12:07:27.701000+00:00,24.2,40.6,55.0,1000.7,0,1.7,221
558,9102,2023-06-04T12:09:27.699000+00:00,24.0,41.1,56.0,1000.7,0,1.5,211
559,9102,2023-06-04T12:11:27.697000+00:00,24.0,41.1,56.0,1000.7,0,1.7,233
560,9102,2023-06-04T12:13:27.694000+00:00,24.0,41.2,54.0,1000.7,0,2.0,225
561,9102,2023-06-04T12:15:27.723000+00:00,24.4,42.0,55.0,1000.7,0,1.7,224
562,9102,2023-06-04T12:17:27.706000+00:00,24.7,41.0,55.0,1000.7,0,1.3,194
563,9102,2023-06-04T12:19:27.704000+00:00,24.6,40.5,56.0,1000.7,0,1.2,178
564,9102,2023-06-04T12:21:27.717000+00:00,24.3,41.6,57.0,1000.7,0,2.2,229
565,9102,2023-06-04T12:23:27.699000+00:00,24.1,40.9,59.0,1000.7,0,3.0,231
566,9102,2023-06-04T12:25:27.713000+00:00,24.2,40.7,60.0,1000.5,0,3.5,227
567,9102,2023-06-04T12:27:27.711000+00:00,24.0,40.8,61.0,1000.7,0,2.5,207
568,9102,2023-06-04T12:29:27.708000+00:00,24.0,41.4,60.0,1000.5,0,2.2,233
569,9102,2023-06-04T12:31:27.706000+00:00,24.1,42.2,59.0,1000.7,0,1.8,232
570,9102,2023-06-04T12:33:27.720000+00:00,24.2,41.6,60.0,1000.5,0,1.6,279
571,9102,2023-06-04T12:35:27.718000+00:00,24.0,42.1,60.0,1000.7,0,1.7,85
572,9102,2023-06-04T12:37:27.715000+00:00,23.8,42.1,60.0,1000.7,0,1.7,100
573,9102,2023-06-04T12:39:27.729000+00:00,23.7,42.5,60.0,1000.9,0,2.9,106
574,9102,2023-06-04T12:41:27.711000+00:00,23.5,39.1,62.0,1001.0,0,1.6,64
575,9102,2023-06-04T12:43:27.709000+00:00,23.3,39.2,62.0,1001.2,0,0.6,236
576,9102,2023-06-04T12:45:27.723000+00:00,23.1,38.2,62.0,1000.9,0,1.2,238
577,9102,2023-06-04T12:47:27.720000+00:00,22.8,37.0,63.0,1001.2,0,1.5,206
578,9102,2023-06-04T12:49:27.718000+00:00,22.9,36.5,63.0,1001.0,0,1.6,247
579,9102,2023-06-04T12:51:27.732000+00:00,22.8,35.8,64.0,1001.0,0,1.2,250
580,9102,2023-06-04T12:53:27.729000+00:00,22.8,35.2,64.0,1001.2,0,0.8,196
581,9102,2023-06-04T12:55:27.743000+00:00,22.7,35.1,63.0,1001.2,0,0.8,247
582,9102,2023-06-04T12:57:27.741000+00:00,22.8,34.7,63.0,1001.2,0,1.0,222
583,9102,2023-06-04T12:59:27.723000+00:00,22.8,34.6,63.0,1001.2,0,1.2,266
584,9102,2023-06-04T13:01:27.721000+00:00,22.6,33.8,64.0,1001.0,0,1.2,0
585,9102,2023-06-04T13:03:27.750000+00:00,22.5,33.4,64.0,1001.0,0,1.6,294
586,9102,2023-06-04T13:05:27.748000+00:00,22.5,33.3,63.0,1001.0,0,1.1,14
587,9102,2023-06-04T13:07:27.761000+00:00,22.5,32.7,64.0,1001.0,0,1.1,273
588,9102,2023-06-04T13:09:27.743000+00:00,22.4,32.6,64.0,1001.0,0,1.6,13
589,9102,2023-06-04T13:11:27.773000+00:00,22.4,32.5,63.0,1001.0,0,1.6,49
590,9102,2023-06-04T13:13:27.770000+00:00,22.3,32.2,65.0,1001.0,0,1.5,55
591,9102,2023-06-04T13:15:27.768000+00:00,22.2,31.8,64.0,1001.0,0,2.2,16
592,9102,2023-06-04T13:17:27.766000+00:00,22.0,31.8,64.0,1001.0,0,2.2,82
593,9102,2023-06-04T13:19:27.764000+00:00,22.1,31.5,64.0,1001.2,0,2.2,84
594,9102,2023-06-04T13:21:27.762000+00:00,22.0,31.7,64.0,1001.2,0,2.7,86
595,9102,2023-06-04T13:23:27.775000+00:00,22.1,31.2,65.0,1001.2,0,2.0,67
596,9102,2023-06-04T13:25:27.773000+00:00,22.1,31.3,64.0,1001.2,0,2.0,46
597,9102,2023-06-04T13:27:27.771000+00:00,22.1,30.9,65.0,1001.2,0,2.7,83
598,9102,2023-06-04T13:29:27.784000+00:00,22.0,31.5,63.0,1001.2,0,1.6,95
599,9102,2023-06-04T13:31:27.782000+00:00,22.1,31.2,64.0,1001.2,0,2.2,90
600,9102,2023-06-04T13:33:27.780000+00:00,22.0,30.7,64.0,1001.5,0,1.7,76
601,9102,2023-06-04T13:35:27.778000+00:00,22.0,30.9,64.0,1001.4,0,2.2,61
602,9102,2023-06-04T13:37:27.776000+00:00,22.0,30.9,65.0,1001.2,0,3.2,84
603,9102,2023-06-04T13:39:27.789000+00:00,22.0,30.4,66.0,1001.2,0,1.6,68
604,9102,2023-06-04T13:41:27.803000+00:00,22.1,30.5,65.0,1001.2,0,1.6,112
605,9102,2023-06-04T13:43:27.801000+00:00,22.2,30.1,66.0,1001.2,0,2.2,74
606,9102,2023-06-04T13:45:27.798000+00:00,22.1,30.5,66.0,1001.2,0,2.2,88
607,9102,2023-06-04T13:47:27.796000+00:00,22.1,30.6,65.0,1001.0,0,2.2,60
608,9102,2023-06-04T13:49:27.794000+00:00,22.1,30.2,66.0,1001.0,0,1.7,68
609,9102,2023-06-04T13:51:27.808000+00:00,22.0,30.4,65.0,1001.2,0,1.5,36
610,9102,2023-06-04T13:53:27.805000+00:00,22.1,30.1,65.0,1001.2,0,1.2,340
611,9102,2023-06-04T13:55:27.803000+00:00,22.2,29.9,66.0,1001.2,0,2.0,42
612,9102,2023-06-04T13:57:27.801000+00:00,22.1,29.9,66.0,1001.2,0,1.6,71
613,9102,2023-06-04T13:59:27.799000+00:00,22.1,29.9,65.0,1001.4,0,1.7,70
614,9102,2023-06-04T14:01:27.812000+00:00,22.1,29.9,65.0,1001.4,0,2.0,62
615,9102,2023-06-04T14:03:27.810000+00:00,22.1,29.6,66.0,1001.5,0,2.2,20
616,9102,2023-06-04T14:05:27.808000+00:00,22.0,29.1,66.0,1001.5,0,1.2,49
617,9102,2023-06-04T14:07:27.806000+00:00,22.1,29.3,65.0,1001.5,0,1.2,56
618,9102,2023-06-04T14:09:27.804000+00:00,22.0,29.5,64.0,1001.5,0,2.4,58
619,9102,2023-06-04T14:11:27.817000+00:00,22.0,28.7,65.0,1001.5,0,2.2,327
620,9102,2023-06-04T14:13:27.815000+00:00,22.0,28.6,66.0,1001.5,0,1.7,51
621,9102,2023-06-04T14:15:27.829000+00:00,21.9,28.3,67.0,1001.5,0,1.7,71
622,9102,2023-06-04T14:17:27.811000+00:00,21.9,28.4,67.0,1001.5,0,2.2,80
623,9102,2023-06-04T14:19:27.809000+00:00,21.9,28.1,66.0,1001.5,0,1.8,56
624,9102,2023-06-04T14:21:27.822000+00:00,21.8,28.2,66.0,1001.5,0,1.2,27
625,9102,2023-06-04T14:23:27.820000+00:00,21.7,27.9,67.0,1001.4,0,1.7,17
626,9102,2023-06-04T14:25:27.818000+00:00,21.6,27.3,68.0,1001.4,0,1.1,52
627,9102,2023-06-04T14:27:27.816000+00:00,21.5,27.2,68.0,1001.4,0,1.7,65
628,9102,2023-06-04T14:29:27.814000+00:00,21.5,27.1,69.0,1001.4,0,2.2,55
629,9102,2023-06-04T14:31:27.827000+00:00,21.5,27.5,68.0,1001.2,0,2.2,43
630,9102,2023-06-04T14:33:27.840000+00:00,21.5,27.4,68.0,1001.0,0,2.4,45
631,9110,2023-06-18T17:01:59.471000+00:00,17.1,27.1,69.0,1011.9,0,1.8,285
632,9110,2023-06-18T17:03:59.484000+00:00,17.1,27.1,69.0,1011.9,0,1.3,278
633,9110,2023-06-18T17:05:59.482000+00:00,17.2,27.4,69.0,1011.9,0,1.0,294
634,9110,2023-06-18T17:07:59.495000+00:00,17.3,27.5,68.0,1011.7,0,2.2,321
635,9110,2023-06-18T17:09:59.509000+00:00,17.3,27.5,68.0,1011.7,0,2.7,309
636,9110,2023-06-18T17:11:59.507000+00:00,17.2,28.4,66.0,1011.7,0,2.0,296
637,9110,2023-06-18T17:13:59.505000+00:00,17.0,28.2,68.0,1011.9,0,2.9,287
638,9110,2023-06-18T17:15:59.503000+00:00,17.2,28.2,68.0,1011.9,0,2.9,287
639,9110,2023-06-18T17:17:59.501000+00:00,17.3,27.9,67.0,1011.9,0,2.2,276
640,9110,2023-06-18T17:19:59.529000+00:00,17.4,28.0,68.0,1011.7,0,1.7,315
641,9110,2023-06-18T17:21:59.559000+00:00,17.4,27.9,67.0,1011.7,0,2.0,318
642,9110,2023-06-18T17:23:59.572000+00:00,17.4,27.8,68.0,1011.7,0,1.0,256
643,9110,2023-06-18T17:25:59.570000+00:00,17.5,28.1,66.0,1011.5,0,3.0,311
644,9110,2023-06-18T17:27:59.584000+00:00,17.5,28.4,67.0,1011.5,0,1.7,301
645,9110,2023-06-18T17:29:59.597000+00:00,17.7,28.5,68.0,1011.5,0,1.3,238
646,9110,2023-06-18T17:31:59.626000+00:00,17.7,30.2,66.0,1011.5,0,2.0,255
647,9110,2023-06-18T17:33:59.640000+00:00,17.7,32.1,66.0,1011.5,0,1.2,204
648,9110,2023-06-18T17:35:59.637000+00:00,17.8,32.1,65.0,1011.4,0,2.4,314
649,9110,2023-06-18T17:37:59.635000+00:00,17.8,31.0,66.0,1011.4,0,2.5,305
650,9110,2023-06-18T17:39:59.649000+00:00,17.7,31.8,66.0,1011.5,0,2.4,294
651,9110,2023-06-18T17:41:59.647000+00:00,17.9,32.5,67.0,1011.5,0,1.2,314
652,9110,2023-06-18T17:43:59.644000+00:00,17.9,32.7,66.0,1011.4,0,0.8,293
653,9110,2023-06-18T17:45:59.658000+00:00,18.1,33.1,65.0,1011.4,0,1.6,315
654,9110,2023-06-18T17:47:59.640000+00:00,18.4,33.3,65.0,1011.4,0,2.7,285
655,9110,2023-06-18T17:49:59.654000+00:00,18.4,33.3,66.0,1011.4,0,2.2,289
656,9110,2023-06-18T17:51:59.667000+00:00,18.4,32.6,67.0,1011.5,0,0.8,315
657,9110,2023-06-18T17:53:59.649000+00:00,18.3,32.5,65.0,1011.5,0,2.2,290
658,9110,2023-06-18T17:55:59.647000+00:00,18.1,32.5,66.0,1011.5,0,2.0,305
659,9110,2023-06-18T17:57:59.661000+00:00,18.1,32.9,65.0,1011.5,0,2.7,323
660,9110,2023-06-18T17:59:59.659000+00:00,18.2,31.7,65.0,1011.5,0,2.4,336
661,9110,2023-06-18T18:01:59.657000+00:00,18.3,33.2,65.0,1011.5,0,2.0,308
662,9110,2023-06-18T18:03:59.654000+00:00,18.3,32.2,64.0,1011.5,0,2.0,314
663,9110,2023-06-18T18:05:59.684000+00:00,18.5,32.5,63.0,1011.5,0,2.0,304
664,9110,2023-06-18T18:07:59.681000+00:00,18.4,31.4,64.0,1011.4,0,1.7,317
665,9110,2023-06-18T18:09:59.726000+00:00,18.5,30.8,62.0,1011.4,0,2.0,334
666,9110,2023-06-18T18:11:59.740000+00:00,18.5,30.8,62.0,1011.4,0,1.5,342
667,9110,2023-06-18T18:13:59.769000+00:00,18.6,31.1,63.0,1011.4,0,1.8,327
668,9110,2023-06-18T18:15:59.782000+00:00,18.7,31.9,61.0,1011.4,0,1.3,296
669,9110,2023-06-18T18:17:59.796000+00:00,18.7,31.6,62.0,1011.4,0,1.2,352
670,9110,2023-06-18T18:19:59.825000+00:00,18.9,32.9,61.0,1011.4,0,2.5,318
671,9110,2023-06-18T18:21:59.838000+00:00,19.0,34.1,61.0,1011.4,0,1.8,351
672,9110,2023-06-18T18:23:59.836000+00:00,19.2,34.0,60.0,1011.2,0,1.5,339
673,9110,2023-06-18T18:25:59.834000+00:00,19.4,34.2,60.0,1011.2,0,1.2,337
674,9110,2023-06-18T18:27:59.863000+00:00,19.4,33.8,61.0,1011.4,0,1.7,310
675,9110,2023-06-18T18:29:59.861000+00:00,19.4,33.0,61.0,1011.4,0,1.5,330
676,9110,2023-06-18T18:31:59.890000+00:00,19.2,31.3,62.0,1011.4,0,1.8,319
677,9110,2023-06-18T18:33:59.919000+00:00,18.9,31.3,62.0,1011.4,0,2.7,319
678,9110,2023-06-18T18:35:59.917000+00:00,18.7,30.8,64.0,1011.4,0,3.0,304
679,9110,2023-06-18T18:37:59.915000+00:00,18.8,30.5,64.0,1011.4,0,1.8,329
680,9110,2023-06-18T18:39:59.929000+00:00,18.8,30.5,64.0,1011.4,0,1.5,282
681,9110,2023-06-18T18:41:59.958000+00:00,19.0,31.2,62.0,1011.4,0,1.7,320
682,9110,2023-06-18T18:43:59.971000+00:00,19.1,30.4,61.0,1011.4,0,2.4,305
683,9110,2023-06-18T18:45:59.969000+00:00,19.1,29.5,63.0,1011.2,0,1.6,306
684,9110,2023-06-18T18:48:00.014000+00:00,19.1,30.5,64.0,1011.4,0,1.6,332
685,9110,2023-06-18T18:50:00.043000+00:00,19.1,30.7,64.0,1011.4,0,1.5,349
686,9110,2023-06-18T18:52:00.057000+00:00,19.4,32.3,61.0,1011.2,0,2.5,329
687,9110,2023-06-18T18:54:00.070000+00:00,19.4,32.3,61.0,1011.2,0,2.5,329
688,9110,2023-06-18T18:56:00.052000+00:00,19.3,32.3,62.0,1011.5,0,1.8,324
689,9110,2023-06-18T18:58:00.066000+00:00,19.3,31.6,62.0,1011.5,0,2.4,314
690,9110,2023-06-18T19:00:00.064000+00:00,19.3,31.3,62.0,1011.5,0,1.3,324
691,9110,2023-06-18T19:02:00.062000+00:00,19.4,31.8,60.0,1011.4,0,1.5,324
692,9110,2023-06-18T19:04:00.059000+00:00,19.1,30.9,61.0,1011.4,0,2.5,319
693,9110,2023-06-18T19:06:00.073000+00:00,19.1,30.7,64.0,1011.4,0,2.2,347
694,9110,2023-06-18T19:08:00.071000+00:00,19.2,30.8,63.0,1011.5,0,2.0,348
695,9110,2023-06-18T19:10:00.069000+00:00,19.1,30.4,61.0,1011.5,0,2.2,332
696,9110,2023-06-18T19:12:00.067000+00:00,19.1,29.9,62.0,1011.5,0,2.7,331
697,9110,2023-06-18T19:14:00.065000+00:00,19.1,29.3,63.0,1011.7,0,2.0,289
698,9110,2023-06-18T19:16:00.062000+00:00,19.0,29.1,64.0,1011.7,0,1.6,339
699,9110,2023-06-18T19:18:00.092000+00:00,19.0,29.1,63.0,1011.7,0,1.5,317
700,9110,2023-06-18T19:20:00.090000+00:00,19.1,29.2,63.0,1011.7,0,1.7,312
701,9110,2023-06-18T19:22:00.103000+00:00,19.0,29.3,64.0,1011.7,0,2.0,325
702,9110,2023-06-18T19:24:00.117000+00:00,19.0,29.3,63.0,1011.7,0,2.0,336
703,9110,2023-06-18T19:26:00.114000+00:00,19.1,29.2,63.0,1011.7,0,2.4,313
704,9110,2023-06-18T19:28:00.128000+00:00,19.1,29.1,63.0,1011.7,0,1.8,337
705,9110,2023-06-18T19:30:00.141000+00:00,19.3,29.8,62.0,1011.9,0,1.8,343
706,9110,2023-06-18T19:32:00.171000+00:00,19.3,29.5,62.0,1012.0,0,2.0,342
707,9110,2023-06-18T19:34:00.184000+00:00,19.2,29.3,61.0,1012.0,0,1.6,351
708,9110,2023-06-18T19:36:00.198000+00:00,19.2,29.4,63.0,1012.0,0,2.7,309
709,9110,2023-06-18T19:38:00.211000+00:00,19.1,29.4,61.0,1012.0,0,3.0,347
710,9110,2023-06-18T19:40:00.209000+00:00,19.1,28.8,63.0,1012.2,0,2.0,304
711,9110,2023-06-18T19:42:00.207000+00:00,19.0,28.6,63.0,1012.0,0,2.5,304
712,9117,2023-07-01T13:52:04.366000+00:00,16.9,22.4,84.0,932.7,0,0.6,0
713,9117,2023-07-01T13:54:04.364000+00:00,16.8,22.2,84.0,932.7,0,0.8,26
714,9117,2023-07-01T13:56:04.363000+00:00,16.8,22.2,84.0,932.7,0,0.0,33
715,9117,2023-07-01T13:58:04.362000+00:00,16.8,22.2,85.0,932.7,1,0.5,0
716,9117,2023-07-01T14:00:04.360000+00:00,16.8,22.3,85.0,932.7,1,0.6,156
717,9117,2023-07-01T14:02:04.375000+00:00,16.8,22.2,86.0,932.7,1,0.6,260
718,9117,2023-07-01T14:04:04.389000+00:00,16.8,22.0,87.0,932.7,1,0.8,0
719,9117,2023-07-01T14:06:04.403000+00:00,16.8,21.7,88.0,932.7,1,0.8,30
720,9117,2023-07-01T14:08:04.418000+00:00,16.8,21.8,88.0,932.7,1,0.6,10
721,9117,2023-07-01T14:10:04.432000+00:00,16.6,21.7,89.0,932.7,1,0.8,335
722,9117,2023-07-01T14:12:04.477000+00:00,16.6,21.4,90.0,932.7,1,0.5,92
723,9117,2023-07-01T14:14:04.476000+00:00,16.6,21.2,89.0,932.7,1,0.3,266
724,9117,2023-07-01T14:16:04.490000+00:00,16.4,21.1,89.0,932.7,1,1.0,0
725,9117,2023-07-01T14:18:04.505000+00:00,16.4,21.0,90.0,932.7,1,0.0,218
726,9117,2023-07-01T14:20:04.488000+00:00,16.4,21.4,90.0,932.7,0,0.5,329
727,9117,2023-07-01T14:22:04.502000+00:00,16.3,21.4,89.0,932.7,1,0.4,350
728,9117,2023-07-01T14:24:04.501000+00:00,16.2,21.3,90.0,932.7,1,0.0,0
729,9117,2023-07-01T14:26:04.499000+00:00,16.1,21.1,90.0,932.7,1,0.5,292
730,9117,2023-07-01T14:28:04.514000+00:00,16.2,21.1,90.0,932.7,1,0.6,281
731,9117,2023-07-01T14:30:04.512000+00:00,16.1,21.3,89.0,932.7,1,0.6,255
732,9117,2023-07-01T14:32:04.527000+00:00,16.1,21.3,89.0,932.7,1,0.4,265
733,9117,2023-07-01T14:34:04.557000+00:00,16.1,21.3,89.0,932.7,0,0.6,300
734,9117,2023-07-01T14:36:04.571000+00:00,16.1,21.0,90.0,932.7,1,0.4,68
735,9117,2023-07-01T14:38:04.554000+00:00,16.2,21.0,90.0,932.7,0,1.3,154
736,9117,2023-07-01T14:40:04.568000+00:00,16.3,20.9,91.0,932.7,0,1.7,94
737,9117,2023-07-01T14:42:04.598000+00:00,16.4,21.1,89.0,932.7,0,1.2,349
738,9117,2023-07-01T14:44:04.613000+00:00,16.5,21.0,90.0,932.7,0,0.8,86
739,9117,2023-07-01T14:46:04.611000+00:00,16.4,20.8,88.0,932.7,0,0.6,169
740,9117,2023-07-01T14:48:04.641000+00:00,16.3,21.0,89.0,932.5,0,1.1,77
741,9117,2023-07-01T14:50:04.655000+00:00,16.4,20.8,87.0,932.7,0,1.2,25
742,9117,2023-07-01T14:52:04.639000+00:00,16.4,20.9,87.0,932.7,0,1.8,141
743,9117,2023-07-01T14:54:04.653000+00:00,16.4,20.7,86.0,932.7,0,1.5,55
744,9117,2023-07-01T14:56:04.698000+00:00,16.5,20.7,85.0,932.7,0,2.2,112
745,9117,2023-07-01T14:58:04.728000+00:00,16.5,20.5,85.0,932.5,0,0.6,88
746,9117,2023-07-01T15:00:04.743000+00:00,16.4,20.4,86.0,932.5,0,0.8,61
747,9117,2023-07-01T15:02:04.726000+00:00,16.5,20.7,85.0,932.5,0,0.6,73
748,9117,2023-07-01T15:04:04.709000+00:00,16.5,20.7,85.0,932.5,0,1.0,76
749,9117,2023-07-01T15:06:04.692000+00:00,16.4,20.7,83.0,932.7,0,1.2,99
750,9117,2023-07-01T15:08:04.706000+00:00,16.5,20.5,84.0,932.7,0,1.0,263
751,9117,2023-07-01T15:10:04.705000+00:00,16.3,20.2,85.0,932.7,0,0.3,246
752,9117,2023-07-01T15:12:04.719000+00:00,16.3,20.2,86.0,932.7,0,0.8,247
753,9117,2023-07-01T15:14:04.749000+00:00,16.3,20.4,86.0,932.7,0,0.3,247
754,9117,2023-07-01T15:16:04.795000+00:00,16.4,20.4,87.0,932.5,0,0.8,268
755,9117,2023-07-01T15:18:04.793000+00:00,16.3,20.8,87.0,932.7,0,1.1,248
756,9117,2023-07-01T15:20:04.792000+00:00,16.4,20.8,87.0,932.5,0,0.8,248
757,9117,2023-07-01T15:22:04.791000+00:00,16.4,20.8,86.0,932.7,0,0.8,261
758,9117,2023-07-01T15:24:04.789000+00:00,16.4,20.8,86.0,932.5,0,0.4,0
759,9117,2023-07-01T15:26:04.804000+00:00,16.4,20.9,86.0,932.5,0,0.4,273
760,9117,2023-07-01T15:28:04.787000+00:00,16.4,20.8,85.0,932.5,0,0.3,202
761,9118,2023-07-02T12:01:10.088000+00:00,21.7,31.2,56.0,934.2,0,1.0,90
762,9118,2023-07-02T12:03:10.086000+00:00,21.6,31.0,55.0,934.2,0,1.2,171
763,9118,2023-07-02T12:05:10.225000+00:00,21.5,30.6,55.0,934.2,0,0.8,69
764,9118,2023-07-02T12:07:10.082000+00:00,21.5,30.9,55.0,934.2,0,1.1,100
765,9118,2023-07-02T12:09:10.095000+00:00,21.5,30.5,54.0,934.2,0,1.8,62
766,9118,2023-07-02T12:11:10.093000+00:00,21.6,30.8,54.0,934.2,0,1.0,143
767,9118,2023-07-02T12:13:10.201000+00:00,21.7,31.2,53.0,934.2,0,0.8,68
768,9118,2023-07-02T12:15:10.120000+00:00,21.9,31.2,51.0,934.0,0,1.1,70
769,9118,2023-07-02T12:17:10.134000+00:00,21.9,31.4,50.0,934.0,0,1.8,77
770,9118,2023-07-02T12:19:10.147000+00:00,21.8,31.0,52.0,934.0,0,2.2,60
771,9118,2023-07-02T12:21:10.145000+00:00,21.8,30.7,53.0,934.0,1,1.3,80
772,9118,2023-07-02T12:23:10.159000+00:00,21.9,31.1,53.0,934.0,0,1.0,67
773,9118,2023-07-02T12:25:10.157000+00:00,21.9,32.0,53.0,934.0,0,1.8,73
774,9118,2023-07-02T12:27:10.186000+00:00,22.0,32.5,51.0,934.0,0,1.7,68
775,9118,2023-07-02T12:29:10.184000+00:00,22.2,32.3,51.0,934.0,0,0.6,52
776,9118,2023-07-02T12:31:10.182000+00:00,22.1,33.3,52.0,934.0,0,1.6,96
777,9118,2023-07-02T12:33:10.180000+00:00,22.2,32.7,51.0,934.0,0,2.0,65
778,9118,2023-07-02T12:35:10.177000+00:00,22.3,33.2,52.0,934.2,0,0.6,0
779,9118,2023-07-02T12:37:10.175000+00:00,22.2,33.2,51.0,934.0,0,0.6,24
780,9118,2023-07-02T12:39:10.189000+00:00,22.1,32.4,51.0,934.0,0,0.0,0
781,9118,2023-07-02T12:41:10.187000+00:00,22.2,33.3,51.0,934.0,0,0.6,291
782,9118,2023-07-02T12:43:10.185000+00:00,22.3,33.6,49.0,934.0,0,0.5,357
783,9118,2023-07-02T12:45:10.198000+00:00,22.3,32.8,50.0,934.0,0,0.4,209
784,9118,2023-07-02T12:47:10.212000+00:00,22.3,32.2,50.0,934.0,0,0.6,234
785,9118,2023-07-02T12:49:10.241000+00:00,22.3,32.3,50.0,934.0,1,1.3,267
786,9118,2023-07-02T12:51:10.254000+00:00,22.2,32.2,51.0,934.0,0,1.6,255
787,9118,2023-07-02T12:53:10.252000+00:00,22.1,32.1,51.0,934.0,0,1.8,264
788,9118,2023-07-02T12:55:10.297000+00:00,22.3,32.3,51.0,934.0,0,2.0,254
789,9118,2023-07-02T12:57:10.310000+00:00,22.3,31.8,50.0,934.0,0,1.8,242
790,9118,2023-07-02T12:59:10.324000+00:00,22.1,31.7,52.0,933.9,0,2.2,218
791,9118,2023-07-02T13:01:10.322000+00:00,22.1,32.0,51.0,933.9,0,0.8,269
792,9118,2023-07-02T13:03:10.319000+00:00,22.1,32.0,51.0,934.0,0,1.2,246
793,9118,2023-07-02T13:05:10.349000+00:00,22.3,32.1,50.0,934.0,0,1.1,240
794,9118,2023-07-02T13:07:10.346000+00:00,22.5,33.0,51.0,934.0,0,0.6,323
795,9118,2023-07-02T13:09:10.360000+00:00,22.7,34.3,49.0,934.0,0,0.0,0
796,9118,2023-07-02T13:11:10.373000+00:00,22.9,33.8,50.0,934.0,0,1.0,80
797,9118,2023-07-02T13:13:10.372000+00:00,23.0,33.4,50.0,934.0,0,1.1,0
798,9118,2023-07-02T13:15:10.385000+00:00,23.2,33.6,49.0,933.9,0,1.2,71
799,9118,2023-07-02T13:17:10.398000+00:00,23.2,34.1,49.0,933.9,0,1.3,0
800,9118,2023-07-02T13:19:10.584000+00:00,23.2,34.2,49.0,933.9,0,1.2,86
801,9118,2023-07-02T13:21:10.425000+00:00,23.2,34.5,48.0,934.0,0,0.8,161
802,9118,2023-07-02T13:23:10.423000+00:00,23.0,34.1,49.0,934.0,0,0.6,284
803,9118,2023-07-02T13:25:10.468000+00:00,22.9,32.9,49.0,934.0,0,0.8,330
804,9118,2023-07-02T13:27:10.513000+00:00,22.8,32.7,51.0,934.0,0,0.8,95
805,9118,2023-07-02T13:29:10.479000+00:00,22.7,32.8,51.0,934.0,0,1.2,145
806,9118,2023-07-02T13:31:10.508000+00:00,22.8,32.5,52.0,934.0,0,0.8,93
807,9118,2023-07-02T13:33:10.537000+00:00,22.7,32.6,52.0,934.0,0,1.2,118
808,9118,2023-07-02T13:35:10.566000+00:00,22.7,32.5,51.0,934.0,0,0.8,0
809,9118,2023-07-02T13:37:10.564000+00:00,22.6,32.2,51.0,934.0,0,0.8,47
810,9118,2023-07-02T13:39:10.562000+00:00,22.6,31.5,51.0,934.0,0,1.2,29
811,9118,2023-07-02T13:41:10.560000+00:00,22.7,32.2,52.0,934.0,0,1.6,113
812,9118,2023-07-02T13:43:10.574000+00:00,22.7,32.1,52.0,934.2,0,1.2,129
813,9118,2023-07-02T13:45:10.587000+00:00,22.5,31.8,53.0,934.0,0,1.0,80
814,9118,2023-07-02T13:47:10.601000+00:00,22.5,31.7,53.0,934.0,0,1.7,167
815,9118,2023-07-02T13:49:10.598000+00:00,22.5,31.4,53.0,934.0,0,1.1,9
816,9118,2023-07-02T13:51:10.596000+00:00,22.5,31.3,53.0,934.0,0,1.5,176
817,9118,2023-07-02T13:53:10.610000+00:00,22.5,31.3,53.0,934.0,0,0.8,137
818,9118,2023-07-02T13:55:10.639000+00:00,22.3,31.0,54.0,934.0,0,0.6,1
819,9118,2023-07-02T13:57:10.652000+00:00,22.3,30.7,55.0,934.0,0,0.8,57
820,9118,2023-07-02T13:59:10.666000+00:00,22.4,30.6,56.0,934.0,0,1.2,353
821,9118,2023-07-02T14:01:10.679000+00:00,22.3,31.5,55.0,934.0,0,0.6,42
822,9118,2023-07-02T14:03:10.661000+00:00,22.5,31.7,54.0,934.0,0,1.6,93
823,9118,2023-07-02T14:05:10.659000+00:00,22.5,31.5,54.0,934.0,0,1.7,133
824,9118,2023-07-02T14:07:10.673000+00:00,22.6,31.1,55.0,934.0,0,2.0,134
825,9118,2023-07-02T14:09:10.702000+00:00,22.6,31.1,55.0,934.0,0,1.6,78
826,9118,2023-07-02T14:11:10.700000+00:00,22.5,31.1,55.0,934.0,0,1.6,104
827,9118,2023-07-02T14:13:10.713000+00:00,22.5,31.2,54.0,933.9,0,1.7,93
828,9118,2023-07-02T14:15:10.711000+00:00,22.7,31.6,53.0,934.0,0,1.3,126
829,9118,2023-07-02T14:17:10.865000+00:00,22.7,31.8,54.0,934.0,0,1.1,96
830,9118,2023-07-02T14:19:10.754000+00:00,22.8,32.1,53.0,934.0,0,0.6,92
831,9118,2023-07-02T14:21:10.767000+00:00,22.8,32.0,52.0,934.0,0,0.6,109
832,9118,2023-07-02T14:23:10.796000+00:00,22.9,31.4,52.0,934.0,0,0.6,55
833,9118,2023-07-02T14:25:10.794000+00:00,22.8,31.3,53.0,934.0,0,0.8,59
834,9118,2023-07-02T14:27:10.807000+00:00,22.7,31.1,52.0,934.0,0,0.6,155
835,9118,2023-07-02T14:29:10.915000+00:00,22.6,31.0,53.0,934.0,0,0.4,118
836,9118,2023-07-02T14:31:10.866000+00:00,22.6,31.1,53.0,933.9,0,1.2,5
837,9118,2023-07-02T14:33:10.879000+00:00,22.6,31.1,53.0,933.9,0,1.2,5
838,9126,2023-07-09T13:01:13.379000+00:00,22.1,36.2,51.0,1001.4,0,2.7,233
839,9126,2023-07-09T13:03:13.377000+00:00,22.4,35.4,50.0,1001.4,0,3.0,194
840,9126,2023-07-09T13:05:13.390000+00:00,22.1,35.5,52.0,1001.2,0,4.9,200
841,9126,2023-07-09T13:07:13.388000+00:00,22.3,36.1,51.0,1001.5,0,4.9,183
842,9126,2023-07-09T13:09:13.386000+00:00,22.2,36.5,52.0,1001.4,0,4.1,208
843,9126,2023-07-09T13:11:13.384000+00:00,22.2,36.2,51.0,1001.4,0,3.0,198
844,9126,2023-07-09T13:13:13.397000+00:00,22.0,33.9,53.0,1001.2,0,2.5,195
845,9126,2023-07-09T13:15:13.395000+00:00,22.0,35.0,52.0,1001.4,0,3.2,197
846,9126,2023-07-09T13:17:13.393000+00:00,22.0,35.3,52.0,1001.4,0,4.0,199
847,9126,2023-07-09T13:19:13.391000+00:00,22.3,36.5,50.0,1001.5,0,4.1,198
848,9126,2023-07-09T13:21:13.389000+00:00,22.3,38.2,51.0,1001.4,0,4.3,187
849,9126,2023-07-09T13:23:13.402000+00:00,22.2,37.7,52.0,1001.2,0,3.0,206
850,9126,2023-07-09T13:25:13.400000+00:00,22.2,34.0,50.0,1001.2,0,3.0,231
851,9126,2023-07-09T13:27:13.445000+00:00,22.4,34.0,50.0,1001.2,0,4.0,212
852,9126,2023-07-09T13:29:13.458000+00:00,22.5,32.8,50.0,1001.0,0,3.0,218
853,9126,2023-07-09T13:31:13.472000+00:00,22.5,32.8,49.0,1001.0,0,4.0,220
854,9126,2023-07-09T13:33:13.501000+00:00,22.4,30.4,50.0,1001.2,0,3.2,231
855,9126,2023-07-09T13:35:13.499000+00:00,22.0,31.0,50.0,1001.2,0,3.7,195
856,9126,2023-07-09T13:37:13.512000+00:00,21.9,29.3,52.0,1001.2,0,2.9,199
857,9126,2023-07-09T13:39:13.526000+00:00,21.8,29.6,52.0,1001.0,0,4.3,225
858,9126,2023-07-09T13:41:13.523000+00:00,22.0,31.0,50.0,1001.2,0,3.5,190
859,9126,2023-07-09T13:43:13.537000+00:00,22.1,32.1,51.0,1001.0,0,4.3,193
860,9126,2023-07-09T13:45:13.535000+00:00,22.3,29.8,51.0,1001.2,0,5.5,192
861,9126,2023-07-09T13:47:13.533000+00:00,22.1,29.6,52.0,1001.2,0,3.5,204
862,9126,2023-07-09T13:49:13.530000+00:00,22.0,29.5,52.0,1001.2,0,3.0,203
863,9126,2023-07-09T13:51:13.528000+00:00,21.9,29.2,52.0,1001.2,0,3.7,212
864,9126,2023-07-09T13:53:13.542000+00:00,21.8,28.3,53.0,1001.2,0,4.3,203
865,9126,2023-07-09T13:55:13.540000+00:00,21.6,28.6,54.0,1001.2,0,3.0,211
866,9126,2023-07-09T13:57:13.538000+00:00,21.6,28.2,54.0,1001.2,0,3.7,207
867,9126,2023-07-09T13:59:13.535000+00:00,21.6,27.9,54.0,1001.2,0,4.0,190
868,9126,2023-07-09T14:01:13.534000+00:00,21.5,27.7,54.0,1001.2,0,3.7,195
869,9126,2023-07-09T14:03:13.547000+00:00,21.4,29.6,54.0,1001.2,0,3.7,236
870,9126,2023-07-09T14:05:13.545000+00:00,21.4,29.5,55.0,1001.4,0,3.2,191
871,9126,2023-07-09T14:07:13.542000+00:00,21.5,29.4,54.0,1001.2,0,3.4,238
872,9126,2023-07-09T14:09:13.540000+00:00,21.4,29.3,55.0,1001.2,0,3.0,201
873,9126,2023-07-09T14:11:13.538000+00:00,21.5,29.4,55.0,1001.4,0,3.2,193
874,9126,2023-07-09T14:13:13.552000+00:00,21.4,29.3,54.0,1001.2,0,4.0,198
875,9126,2023-07-09T14:15:13.550000+00:00,21.5,29.1,55.0,1001.4,0,3.5,201
876,9126,2023-07-09T14:17:13.547000+00:00,21.3,29.1,55.0,1001.2,0,3.5,201
877,9126,2023-07-09T14:19:13.545000+00:00,21.4,29.2,55.0,1001.2,0,3.2,203
878,9126,2023-07-09T14:21:13.559000+00:00,21.3,29.1,55.0,1001.2,0,4.5,187
879,9126,2023-07-09T14:23:13.572000+00:00,21.4,28.8,57.0,1001.5,0,4.5,205
880,9126,2023-07-09T14:25:13.554000+00:00,21.1,27.8,60.0,1001.5,0,4.5,229
881,9126,2023-07-09T14:27:13.552000+00:00,20.7,27.7,63.0,1001.5,0,1.8,212
882,9126,2023-07-09T14:29:13.566000+00:00,20.1,27.9,63.0,1001.4,0,2.2,222
883,9126,2023-07-09T14:31:13.564000+00:00,20.1,28.3,64.0,1001.5,0,2.4,229
884,9126,2023-07-09T14:33:13.562000+00:00,20.2,29.1,64.0,1001.4,0,3.2,201
885,9126,2023-07-09T14:35:13.559000+00:00,20.2,29.4,64.0,1001.4,0,2.0,206
886,9126,2023-07-09T14:37:13.557000+00:00,20.0,29.6,64.0,1001.2,0,1.7,222
887,9126,2023-07-09T14:39:13.555000+00:00,20.2,29.6,63.0,1001.4,0,0.8,214
888,9126,2023-07-09T14:41:13.569000+00:00,20.4,30.9,62.0,1001.4,0,1.7,145
889,9126,2023-07-09T14:43:13.555000+00:00,20.5,31.7,63.0,1001.4,0,2.0,220
890,9126,2023-07-09T14:45:13.568000+00:00,20.8,32.4,62.0,1001.4,0,1.2,209
891,9126,2023-07-09T14:47:13.597000+00:00,20.9,33.3,61.0,1001.4,0,2.5,175
892,9126,2023-07-09T14:49:13.595000+00:00,21.0,32.7,61.0,1001.4,0,1.8,195
893,9126,2023-07-09T14:51:13.562000+00:00,21.0,31.4,62.0,1001.4,0,2.2,235
894,9126,2023-07-09T14:53:13.591000+00:00,21.0,30.6,63.0,1001.2,0,1.3,179
895,9126,2023-07-09T14:55:13.605000+00:00,21.0,30.5,63.0,1001.2,0,1.7,201
896,9126,2023-07-09T14:57:13.634000+00:00,20.9,30.3,62.0,1001.2,0,1.8,190
897,9126,2023-07-09T14:59:13.663000+00:00,21.0,30.1,62.0,1001.2,0,1.7,247
898,9126,2023-07-09T15:01:13.661000+00:00,20.8,29.8,63.0,1001.2,0,1.5,217
899,9126,2023-07-09T15:03:13.674000+00:00,20.9,29.7,63.0,1001.2,0,0.8,246
900,9126,2023-07-09T15:05:13.672000+00:00,20.9,29.4,63.0,1001.2,0,1.8,199
901,9126,2023-07-09T15:07:13.670000+00:00,20.9,29.5,64.0,1001.0,0,1.1,173
902,9126,2023-07-09T15:09:13.668000+00:00,21.0,29.5,63.0,1001.0,0,1.1,218
903,9126,2023-07-09T15:11:13.681000+00:00,21.1,29.7,62.0,1001.0,0,2.4,192
904,9126,2023-07-09T15:13:13.695000+00:00,21.3,29.9,62.0,1001.0,0,1.7,200
905,9126,2023-07-09T15:15:13.708000+00:00,21.4,31.1,57.0,1001.0,0,2.0,220
906,9126,2023-07-09T15:17:13.737000+00:00,21.4,30.4,57.0,1001.0,0,2.0,212
907,9126,2023-07-09T15:19:13.766000+00:00,21.4,30.1,58.0,1001.0,0,2.7,199
908,9126,2023-07-09T15:21:13.764000+00:00,21.5,30.0,58.0,1001.0,0,2.4,229
909,9126,2023-07-09T15:23:13.762000+00:00,21.5,29.6,54.0,1001.0,0,3.4,188
910,9126,2023-07-09T15:25:13.807000+00:00,21.6,29.7,54.0,1001.0,0,4.0,182
911,9126,2023-07-09T15:27:13.805000+00:00,21.8,30.2,53.0,1001.0,0,3.5,188
912,9126,2023-07-09T15:29:13.834000+00:00,21.8,29.6,53.0,1001.0,0,3.4,187
913,9126,2023-07-09T15:31:13.800000+00:00,21.8,29.3,53.0,1001.0,0,4.1,192
914,9133,2023-07-23T12:01:53.448000+00:00,28.0,50.9,34.0,989.0,0,1.8,287
915,9133,2023-07-23T12:03:53.462000+00:00,28.0,51.0,33.0,989.0,0,0.8,334
916,9133,2023-07-23T12:05:53.475000+00:00,28.1,51.4,32.0,989.0,0,2.5,318
917,9133,2023-07-23T12:07:53.489000+00:00,27.9,50.5,34.0,989.0,0,1.1,265
918,9133,2023-07-23T12:09:53.502000+00:00,27.9,49.2,34.0,989.0,0,2.0,190
919,9133,2023-07-23T12:11:53.531000+00:00,27.7,49.2,34.0,988.9,0,0.6,152
920,9133,2023-07-23T12:13:53.529000+00:00,27.7,51.3,33.0,989.0,0,2.5,306
921,9133,2023-07-23T12:15:53.527000+00:00,28.0,50.3,33.0,989.0,0,1.2,35
922,9133,2023-07-23T12:17:53.525000+00:00,28.1,50.7,33.0,989.0,0,1.7,144
923,9133,2023-07-23T12:19:53.538000+00:00,28.2,50.7,32.0,989.0,0,0.8,211
924,9133,2023-07-23T12:21:53.521000+00:00,28.0,50.3,32.0,989.0,0,1.1,114
925,9133,2023-07-23T12:23:53.534000+00:00,28.0,50.0,34.0,988.7,0,0.8,59
926,9133,2023-07-23T12:25:53.548000+00:00,28.1,50.0,34.0,988.9,0,1.2,59
927,9133,2023-07-23T12:27:53.530000+00:00,28.2,50.0,32.0,988.9,0,1.6,75
928,9133,2023-07-23T12:29:53.528000+00:00,28.3,49.1,33.0,988.9,0,1.6,225
929,9133,2023-07-23T12:31:53.541000+00:00,28.3,49.9,34.0,988.7,0,1.3,60
930,9133,2023-07-23T12:33:53.586000+00:00,28.2,49.7,34.0,988.7,0,1.0,193
931,9133,2023-07-23T12:35:53.584000+00:00,28.1,49.5,34.0,988.7,0,0.8,182
932,9133,2023-07-23T12:37:53.597000+00:00,28.3,48.3,34.0,988.7,0,1.6,219
933,9133,2023-07-23T12:39:53.642000+00:00,28.3,49.1,34.0,988.9,0,1.1,203
934,9133,2023-07-23T12:41:53.640000+00:00,28.4,49.2,34.0,988.9,0,1.7,197
935,9133,2023-07-23T12:43:53.638000+00:00,28.2,48.7,34.0,988.7,0,0.8,141
936,9133,2023-07-23T12:45:53.651000+00:00,28.2,47.9,34.0,988.7,0,0.8,320
937,9133,2023-07-23T12:47:53.649000+00:00,28.1,49.0,34.0,988.7,0,0.8,56
938,9133,2023-07-23T12:49:53.663000+00:00,28.3,49.0,34.0,988.7,0,1.8,113
939,9133,2023-07-23T12:51:53.676000+00:00,28.5,48.4,33.0,988.5,0,1.7,83
940,9133,2023-07-23T12:53:53.674000+00:00,28.5,47.2,34.0,988.7,0,1.7,125
941,9133,2023-07-23T12:55:53.672000+00:00,28.5,49.6,34.0,988.7,0,1.2,262
942,9133,2023-07-23T12:57:53.670000+00:00,28.6,49.6,34.0,988.5,0,1.3,48
943,9133,2023-07-23T12:59:53.683000+00:00,28.5,49.8,34.0,988.5,0,0.8,5
944,9133,2023-07-23T13:01:53.681000+00:00,28.5,50.3,33.0,988.7,0,1.1,329
945,9133,2023-07-23T13:03:53.679000+00:00,28.7,50.1,33.0,988.5,0,1.1,0
946,9133,2023-07-23T13:05:53.677000+00:00,28.8,49.9,34.0,988.5,0,0.6,110
947,9133,2023-07-23T13:07:53.674000+00:00,28.8,50.1,33.0,988.5,0,1.5,134
948,9133,2023-07-23T13:09:53.688000+00:00,28.9,49.6,34.0,988.5,0,1.1,314
949,9133,2023-07-23T13:11:53.686000+00:00,29.1,49.6,33.0,988.4,0,2.5,269
950,9133,2023-07-23T13:13:53.699000+00:00,29.1,49.2,34.0,988.4,0,2.2,111
951,9133,2023-07-23T13:15:53.681000+00:00,29.0,49.9,32.0,988.5,0,1.7,58
952,9133,2023-07-23T13:17:53.711000+00:00,28.9,49.5,32.0,988.5,0,1.7,136
953,9133,2023-07-23T13:19:53.708000+00:00,29.0,49.6,31.0,988.5,0,1.5,183
954,9133,2023-07-23T13:21:53.739000+00:00,29.1,49.3,31.0,988.2,0,0.6,68
955,9133,2023-07-23T13:23:53.735000+00:00,29.0,49.1,31.0,988.2,0,1.2,298
956,9133,2023-07-23T13:25:53.733000+00:00,29.1,50.0,33.0,988.2,0,1.8,128
957,9133,2023-07-23T13:27:53.731000+00:00,29.4,48.6,33.0,988.4,0,2.5,322
958,9133,2023-07-23T13:29:53.760000+00:00,29.3,48.5,32.0,988.2,0,1.1,342
959,9133,2023-07-23T13:31:53.789000+00:00,29.2,49.2,32.0,988.2,0,0.8,129
960,9133,2023-07-23T13:33:53.787000+00:00,28.9,48.6,33.0,988.2,0,2.2,329
961,9133,2023-07-23T13:35:53.832000+00:00,28.9,49.3,33.0,988.4,0,1.6,340
962,9133,2023-07-23T13:37:53.830000+00:00,29.0,48.8,33.0,988.2,0,2.0,38
963,9133,2023-07-23T13:39:53.828000+00:00,29.0,48.2,33.0,988.2,0,1.1,241
964,9133,2023-07-23T13:41:53.826000+00:00,29.0,48.5,32.0,988.2,0,1.2,316
965,9133,2023-07-23T13:43:53.830000+00:00,29.1,48.5,33.0,988.2,0,1.1,153
966,9133,2023-07-23T13:45:53.828000+00:00,29.3,48.6,33.0,988.2,0,1.2,114
967,9133,2023-07-23T13:47:53.825000+00:00,29.3,48.2,34.0,988.2,0,2.5,241
968,9133,2023-07-23T13:49:53.839000+00:00,29.3,48.5,32.0,988.2,0,2.2,293
969,9133,2023-07-23T13:51:53.837000+00:00,29.3,48.5,32.0,988.2,0,1.7,134
970,9133,2023-07-23T13:53:53.835000+00:00,29.2,48.1,32.0,988.2,0,2.4,108
971,9133,2023-07-23T13:55:53.832000+00:00,29.3,47.5,32.0,988.2,0,1.5,124
972,9133,2023-07-23T13:57:53.830000+00:00,29.3,47.4,32.0,988.2,0,1.2,0
973,9133,2023-07-23T13:59:53.828000+00:00,29.2,47.4,33.0,988.0,0,1.3,219
974,9133,2023-07-23T14:01:53.842000+00:00,29.3,47.5,33.0,988.2,0,0.8,137
975,9133,2023-07-23T14:03:53.855000+00:00,29.2,48.1,32.0,988.0,0,2.0,92
976,9133,2023-07-23T14:05:53.884000+00:00,29.0,48.0,32.0,988.0,0,1.7,351
977,9133,2023-07-23T14:07:53.898000+00:00,29.1,47.9,32.0,988.0,0,1.3,232
978,9133,2023-07-23T14:09:53.911000+00:00,29.2,47.6,32.0,988.0,0,1.7,39
979,9133,2023-07-23T14:11:53.925000+00:00,29.2,47.1,33.0,988.0,0,2.2,179
980,9133,2023-07-23T14:13:53.938000+00:00,29.0,47.0,33.0,988.0,0,1.2,134
981,9133,2023-07-23T14:15:53.952000+00:00,29.1,47.5,33.0,988.0,0,1.0,135
982,9133,2023-07-23T14:17:53.950000+00:00,29.3,47.5,32.0,988.0,0,2.2,149
983,9133,2023-07-23T14:19:53.963000+00:00,29.4,46.8,32.0,988.0,0,2.0,55
984,9133,2023-07-23T14:21:53.977000+00:00,29.3,46.8,32.0,988.0,0,1.7,109
985,9133,2023-07-23T14:23:53.975000+00:00,29.4,46.7,32.0,988.0,0,1.5,324
986,9133,2023-07-23T14:25:53.972000+00:00,29.5,47.1,32.0,988.0,0,1.1,99
987,9133,2023-07-23T14:27:53.970000+00:00,29.5,46.4,33.0,987.9,0,1.3,121
988,9133,2023-07-23T14:29:53.984000+00:00,29.5,46.4,32.0,987.9,0,1.3,240
989,9133,2023-07-23T14:31:53.982000+00:00,29.5,46.1,32.0,988.0,0,1.2,335
990,9133,2023-07-23T14:33:53.980000+00:00,29.4,46.1,33.0,987.9,0,1.5,105
991,9133,2023-07-23T14:35:53.977000+00:00,29.3,45.9,32.0,988.0,0,1.7,16
992,9133,2023-07-23T14:37:53.975000+00:00,29.3,45.6,32.0,988.0,0,1.7,345
993,9133,2023-07-23T14:39:54.020000+00:00,29.4,45.7,32.0,987.7,0,1.2,336
994,9133,2023-07-23T14:41:53.987000+00:00,29.4,45.5,32.0,987.7,0,1.2,248
995,9133,2023-07-23T14:43:54.016000+00:00,29.3,45.7,32.0,987.7,0,1.0,253
996,9140,2023-07-29T14:20:19.435000+00:00,21.0,30.7,65.0,961.5,0,1.5,238
997,9140,2023-07-29T14:22:19.434000+00:00,21.0,31.6,65.0,961.4,0,0.5,123
998,9140,2023-07-29T14:24:19.433000+00:00,21.3,31.6,66.0,961.5,0,2.0,152
999,9140,2023-07-29T14:26:19.431000+00:00,21.5,31.7,65.0,961.2,0,2.2,267
1000,9140,2023-07-29T14:28:19.461000+00:00,21.6,31.7,65.0,961.2,0,0.8,166
1001,9140,2023-07-29T14:30:19.444000+00:00,21.7,31.1,66.0,961.4,0,1.7,0
1002,9140,2023-07-29T14:32:19.443000+00:00,21.6,30.6,64.0,961.2,0,1.7,142
1003,9140,2023-07-29T14:34:19.442000+00:00,21.4,30.6,64.0,961.4,0,1.2,99
1004,9140,2023-07-29T14:36:19.440000+00:00,21.4,30.5,65.0,961.4,0,1.5,127
1005,9140,2023-07-29T14:38:19.439000+00:00,21.4,31.2,64.0,961.4,0,1.0,134
1006,9140,2023-07-29T14:40:19.453000+00:00,21.5,31.6,65.0,961.4,1,0.8,339
1007,9140,2023-07-29T14:42:19.436000+00:00,21.3,31.2,65.0,961.4,1,2.0,142
1008,9140,2023-07-29T14:44:19.435000+00:00,21.1,30.1,66.0,961.5,1,0.8,146
1009,9140,2023-07-29T14:46:19.449000+00:00,21.0,30.0,64.0,961.4,1,1.7,40
1010,9140,2023-07-29T14:48:19.448000+00:00,21.0,29.6,65.0,961.5,1,1.2,88
1011,9140,2023-07-29T14:50:19.447000+00:00,20.9,29.3,65.0,961.5,1,1.2,113
1012,9140,2023-07-29T14:52:19.445000+00:00,20.6,29.0,66.0,961.5,1,0.8,61
1013,9140,2023-07-29T14:54:19.460000+00:00,20.6,29.0,67.0,961.5,1,1.8,109
1014,9140,2023-07-29T14:56:19.443000+00:00,20.5,28.7,67.0,961.5,0,1.1,110
1015,9140,2023-07-29T14:58:19.441000+00:00,20.5,29.0,67.0,961.5,0,0.8,136
1016,9140,2023-07-29T15:00:19.456000+00:00,20.3,28.5,68.0,961.5,0,1.5,89
1017,9140,2023-07-29T15:02:19.454000+00:00,20.2,28.3,68.0,961.7,1,1.1,129
1018,9140,2023-07-29T15:04:19.484000+00:00,19.9,27.0,71.0,961.7,1,0.8,126
1019,9140,2023-07-29T15:06:19.498000+00:00,19.6,25.9,76.0,961.9,1,2.5,127
1020,9140,2023-07-29T15:08:19.497000+00:00,18.9,22.8,80.0,961.7,1,1.5,145
1021,9140,2023-07-29T15:10:19.496000+00:00,18.3,22.8,83.0,961.7,1,1.0,238
1022,9140,2023-07-29T15:12:19.526000+00:00,18.3,24.0,85.0,961.7,1,1.3,176
1023,9140,2023-07-29T15:14:19.524000+00:00,18.0,24.5,84.0,961.5,1,1.2,265
1024,9140,2023-07-29T15:16:19.601000+00:00,17.8,24.2,86.0,961.7,1,0.6,52
1025,9140,2023-07-29T15:18:19.569000+00:00,17.7,24.1,86.0,961.7,1,1.1,149
1026,9140,2023-07-29T15:20:19.567000+00:00,17.7,24.2,86.0,961.7,1,0.8,205
1027,9140,2023-07-29T15:22:19.597000+00:00,18.0,25.7,88.0,961.7,0,1.0,110
1028,9140,2023-07-29T15:24:19.596000+00:00,18.0,25.8,87.0,961.7,1,0.5,99
1029,9140,2023-07-29T15:26:19.594000+00:00,18.2,26.6,86.0,961.7,0,0.6,53
1030,9140,2023-07-29T15:28:19.609000+00:00,18.4,26.5,87.0,961.5,0,0.3,146
1031,9140,2023-07-29T15:30:19.592000+00:00,18.6,26.3,87.0,961.5,0,0.8,167
1032,9140,2023-07-29T15:32:19.590000+00:00,18.5,26.2,87.0,961.5,0,0.6,150
1033,9140,2023-07-29T15:34:19.605000+00:00,18.6,25.9,88.0,961.5,0,0.8,110
1034,9140,2023-07-29T15:36:19.619000+00:00,18.6,25.9,85.0,961.5,0,1.2,127
1035,9140,2023-07-29T15:38:19.618000+00:00,18.4,25.7,85.0,961.5,0,0.5,92
1036,9140,2023-07-29T15:40:19.648000+00:00,18.5,25.5,85.0,961.5,0,0.6,139
1037,9140,2023-07-29T15:42:19.646000+00:00,18.6,25.9,87.0,961.5,0,0.6,100
1038,9140,2023-07-29T15:44:19.645000+00:00,18.7,25.8,86.0,961.5,0,1.6,94
1039,9140,2023-07-29T15:46:19.675000+00:00,18.9,26.6,84.0,961.5,0,0.0,0
1040,9140,2023-07-29T15:48:19.689000+00:00,18.9,26.7,84.0,961.5,0,0.5,193
1041,9140,2023-07-29T15:50:19.719000+00:00,19.0,26.7,82.0,961.5,0,1.1,156
1042,9140,2023-07-29T15:52:19.718000+00:00,19.0,26.6,83.0,961.5,0,0.0,148
1043,9140,2023-07-29T15:54:19.732000+00:00,19.1,26.7,83.0,961.4,0,1.3,147
1044,9140,2023-07-29T15:56:19.731000+00:00,19.1,26.6,83.0,961.5,0,1.2,161
1045,9140,2023-07-29T15:58:19.729000+00:00,18.9,26.0,82.0,961.5,0,1.3,74
1046,9140,2023-07-29T16:00:19.728000+00:00,19.0,25.8,82.0,961.5,0,1.5,147
1047,9140,2023-07-29T16:02:19.742000+00:00,19.0,25.8,82.0,961.5,0,0.8,135
1048,9140,2023-07-29T16:04:19.725000+00:00,18.9,25.9,82.0,961.5,0,0.8,109
1049,9140,2023-07-29T16:06:19.771000+00:00,18.9,25.7,82.0,961.5,0,1.6,191
1050,9140,2023-07-29T16:08:19.754000+00:00,19.0,25.8,83.0,961.5,0,1.8,99
1051,9140,2023-07-29T16:10:19.799000+00:00,19.1,25.7,80.0,961.5,0,1.1,138
1052,9140,2023-07-29T16:12:19.783000+00:00,19.1,25.1,82.0,961.5,0,2.5,159
1053,9140,2023-07-29T16:14:19.797000+00:00,19.3,24.9,82.0,961.7,1,2.0,130
1054,9140,2023-07-29T16:16:19.811000+00:00,19.5,25.6,82.0,961.5,0,1.7,225
1055,9140,2023-07-29T16:18:19.794000+00:00,19.7,25.9,83.0,961.5,0,0.5,26
1056,9141,2023-07-30T12:01:24.702000+00:00,17.0,26.3,66.0,966.5,0,2.5,83
1057,9141,2023-07-30T12:03:24.685000+00:00,17.0,26.6,66.0,966.5,0,1.2,81
1058,9141,2023-07-30T12:05:24.684000+00:00,17.0,27.1,65.0,966.4,0,1.2,215
1059,9141,2023-07-30T12:07:24.682000+00:00,17.1,27.0,65.0,966.4,0,2.0,108
1060,9141,2023-07-30T12:09:24.697000+00:00,17.1,27.1,64.0,966.5,0,1.3,1
1061,9141,2023-07-30T12:11:24.711000+00:00,17.2,27.2,63.0,966.5,0,1.7,86
1062,9141,2023-07-30T12:13:24.725000+00:00,17.3,28.0,63.0,966.5,0,1.0,100
1063,9141,2023-07-30T12:15:24.740000+00:00,17.4,27.5,63.0,966.5,0,2.2,146
1064,9141,2023-07-30T12:17:24.769000+00:00,17.4,27.4,63.0,966.5,0,1.8,71
1065,9141,2023-07-30T12:19:24.768000+00:00,17.7,27.8,61.0,966.5,0,2.0,228
1066,9141,2023-07-30T12:21:24.767000+00:00,17.8,27.6,62.0,966.5,0,0.8,264
1067,9141,2023-07-30T12:23:24.765000+00:00,17.6,28.0,63.0,966.5,0,0.5,193
1068,9141,2023-07-30T12:25:24.764000+00:00,17.5,28.3,63.0,966.5,0,1.6,134
1069,9141,2023-07-30T12:27:24.794000+00:00,17.5,27.7,62.0,966.5,0,2.0,14
1070,9141,2023-07-30T12:29:24.761000+00:00,17.4,27.4,63.0,966.5,0,0.8,35
1071,9141,2023-07-30T12:31:24.776000+00:00,17.5,28.0,63.0,966.7,0,2.0,89
1072,9141,2023-07-30T12:33:24.790000+00:00,17.7,28.2,62.0,966.5,0,2.0,110
1073,9141,2023-07-30T12:35:24.757000+00:00,17.7,27.7,63.0,966.5,0,1.7,115
1074,9141,2023-07-30T12:37:24.772000+00:00,17.7,27.2,63.0,966.5,0,0.6,83
1075,9141,2023-07-30T12:39:24.770000+00:00,17.7,27.1,63.0,966.5,0,1.2,48
1076,9141,2023-07-30T12:41:24.785000+00:00,17.7,26.6,62.0,966.7,0,1.0,94
1077,9141,2023-07-30T12:43:24.783000+00:00,17.7,26.7,62.0,966.5,0,0.8,127
1078,9141,2023-07-30T12:45:24.782000+00:00,17.5,26.5,63.0,966.7,0,1.5,135
1079,9141,2023-07-30T12:47:24.812000+00:00,17.5,26.6,63.0,966.7,0,2.7,200
1080,9141,2023-07-30T12:49:24.779000+00:00,17.6,27.5,63.0,966.7,0,0.8,161
1081,9141,2023-07-30T12:51:24.794000+00:00,17.8,28.5,62.0,966.7,0,1.7,106
1082,9141,2023-07-30T12:53:24.777000+00:00,17.9,28.6,62.0,966.5,0,1.5,118
1083,9141,2023-07-30T12:55:24.822000+00:00,18.0,28.3,61.0,966.5,0,2.0,149
1084,9141,2023-07-30T12:57:24.836000+00:00,18.0,27.9,62.0,966.5,0,1.7,209
1085,9141,2023-07-30T12:59:24.835000+00:00,18.0,27.4,61.0,966.5,0,1.1,109
1086,9141,2023-07-30T13:01:24.849000+00:00,18.0,27.0,61.0,966.7,0,0.8,131
1087,9141,2023-07-30T13:03:24.832000+00:00,18.1,29.7,59.0,966.5,0,4.5,141
1088,9141,2023-07-30T13:05:24.831000+00:00,18.0,28.6,59.0,966.7,0,2.7,150
1089,9141,2023-07-30T13:07:24.861000+00:00,18.0,29.0,58.0,966.7,0,0.8,23
1090,9141,2023-07-30T13:09:24.891000+00:00,18.1,30.1,58.0,966.5,0,2.0,306
1091,9141,2023-07-30T13:11:24.905000+00:00,18.1,30.4,57.0,966.5,0,2.0,126
1092,9141,2023-07-30T13:13:24.920000+00:00,18.1,31.4,57.0,966.5,0,1.5,95
1093,9141,2023-07-30T13:15:24.918000+00:00,18.1,31.5,57.0,966.5,0,0.8,110
1094,9141,2023-07-30T13:17:24.917000+00:00,18.1,30.6,58.0,966.5,0,1.2,112
1095,9141,2023-07-30T13:19:24.916000+00:00,18.1,30.1,57.0,966.7,0,2.2,311
1096,9141,2023-07-30T13:21:24.930000+00:00,18.2,29.6,58.0,966.7,0,1.7,168
1097,9141,2023-07-30T13:23:24.944000+00:00,18.3,29.9,58.0,966.7,0,1.2,266
1098,9141,2023-07-30T13:25:24.974000+00:00,18.2,29.2,60.0,966.7,0,2.5,159
1099,9141,2023-07-30T13:27:24.973000+00:00,18.1,28.8,60.0,966.7,0,1.1,21
1100,9141,2023-07-30T13:29:25.003000+00:00,17.9,28.4,61.0,966.7,0,0.8,61
1101,9141,2023-07-30T13:31:25.001000+00:00,18.0,28.3,61.0,966.7,0,1.5,111
1102,9141,2023-07-30T13:33:25.016000+00:00,18.3,28.8,61.0,966.7,0,1.2,113
1103,9141,2023-07-30T13:35:25.030000+00:00,18.3,28.7,61.0,966.7,0,2.9,39
1104,9141,2023-07-30T13:37:25.029000+00:00,18.1,28.2,61.0,966.7,0,3.0,144
1105,9141,2023-07-30T13:39:25.043000+00:00,17.9,27.8,62.0,966.7,0,1.2,144
1106,9141,2023-07-30T13:41:25.073000+00:00,17.7,27.4,63.0,966.7,1,1.0,117
1107,9141,2023-07-30T13:43:25.056000+00:00,17.6,27.2,63.0,966.9,1,1.5,111
1108,9141,2023-07-30T13:45:25.070000+00:00,17.4,25.6,65.0,967.0,1,1.7,179
1109,9141,2023-07-30T13:47:25.069000+00:00,17.1,25.1,66.0,967.0,1,1.7,84
1110,9141,2023-07-30T13:49:25.067000+00:00,17.0,25.0,68.0,966.9,1,1.7,128
1111,9141,2023-07-30T13:51:25.066000+00:00,16.9,25.0,69.0,966.9,0,1.1,103
1112,9141,2023-07-30T13:53:25.065000+00:00,16.9,25.9,67.0,966.9,0,1.0,107
1113,9141,2023-07-30T13:55:25.095000+00:00,17.0,26.9,69.0,966.7,0,0.8,106
1114,9141,2023-07-30T13:57:25.062000+00:00,17.3,27.9,66.0,966.7,0,1.6,78
1115,9141,2023-07-30T13:59:25.092000+00:00,17.6,29.5,66.0,966.7,0,1.8,171
1116,9141,2023-07-30T14:01:25.075000+00:00,17.7,30.6,65.0,966.7,0,1.6,164
1117,9141,2023-07-30T14:03:25.074000+00:00,18.1,31.0,62.0,966.7,0,2.4,135
1118,9141,2023-07-30T14:05:25.088000+00:00,18.4,31.0,61.0,966.7,0,2.0,355
1119,9141,2023-07-30T14:07:25.087000+00:00,18.5,29.7,61.0,966.7,0,1.3,37
1120,9141,2023-07-30T14:09:25.086000+00:00,18.4,29.3,60.0,966.9,0,0.8,79
1121,9141,2023-07-30T14:11:25.100000+00:00,18.8,30.7,59.0,966.7,0,1.7,43
1122,9141,2023-07-30T14:13:25.099000+00:00,18.9,30.0,59.0,966.7,0,1.2,25
1123,9141,2023-07-30T14:15:25.097000+00:00,18.8,29.1,60.0,966.7,0,2.0,203
1124,9141,2023-07-30T14:17:25.127000+00:00,18.8,28.8,62.0,966.5,0,1.7,94
1125,9141,2023-07-30T14:19:25.141000+00:00,18.9,29.0,62.0,966.7,0,1.5,149
1126,9141,2023-07-30T14:21:25.140000+00:00,19.0,30.0,60.0,966.7,0,1.5,89
1127,9141,2023-07-30T14:23:25.123000+00:00,19.2,29.3,59.0,966.7,0,2.2,119
1128,9141,2023-07-30T14:25:25.137000+00:00,18.8,28.4,61.0,966.7,0,1.2,156
1129,9141,2023-07-30T14:27:25.136000+00:00,18.7,28.3,61.0,966.7,0,2.0,133
1130,9141,2023-07-30T14:29:25.135000+00:00,18.5,27.9,59.0,966.7,0,3.5,191
1131,9149,2023-08-27T12:01:46.711000+00:00,17.4,25.5,68.0,1007.4,0,2.7,196
1132,9149,2023-08-27T12:03:46.709000+00:00,17.4,25.5,66.0,1007.4,0,3.4,177
1133,9149,2023-08-27T12:05:46.722000+00:00,17.5,25.6,67.0,1007.5,0,2.9,186
1134,9149,2023-08-27T12:07:46.720000+00:00,17.6,25.9,66.0,1007.5,0,3.0,197
1135,9149,2023-08-27T12:09:46.718000+00:00,17.6,26.1,67.0,1007.5,0,3.5,220
1136,9149,2023-08-27T12:11:46.731000+00:00,17.7,26.3,66.0,1007.5,0,3.0,199
1137,9149,2023-08-27T12:13:46.729000+00:00,17.8,26.3,67.0,1007.5,0,4.5,191
1138,9149,2023-08-27T12:15:46.727000+00:00,17.8,26.6,67.0,1007.4,0,3.7,201
1139,9149,2023-08-27T12:17:46.725000+00:00,17.9,26.5,68.0,1007.5,0,3.7,195
1140,9149,2023-08-27T12:19:46.723000+00:00,17.9,26.9,68.0,1007.5,0,4.1,198
1141,9149,2023-08-27T12:21:46.736000+00:00,17.8,27.1,68.0,1007.4,0,3.5,195
1142,9149,2023-08-27T12:23:46.750000+00:00,17.7,27.7,67.0,1007.4,0,4.3,176
1143,9149,2023-08-27T12:25:46.748000+00:00,17.6,26.9,68.0,1007.5,0,4.3,204
1144,9149,2023-08-27T12:27:46.746000+00:00,17.6,27.9,68.0,1007.5,0,4.1,197
1145,9149,2023-08-27T12:29:46.744000+00:00,17.6,27.0,69.0,1007.4,0,3.7,191
1146,9149,2023-08-27T12:31:46.757000+00:00,17.5,26.5,69.0,1007.4,0,2.9,186
1147,9149,2023-08-27T12:33:46.786000+00:00,17.7,27.0,69.0,1007.5,0,3.0,194
1148,9149,2023-08-27T12:35:46.784000+00:00,18.0,28.8,64.0,1007.5,0,3.2,191
1149,9149,2023-08-27T12:37:46.813000+00:00,18.2,28.9,62.0,1007.5,0,3.2,199
1150,9149,2023-08-27T12:39:46.842000+00:00,18.2,29.3,62.0,1007.5,0,3.9,188
1151,9149,2023-08-27T12:41:46.856000+00:00,18.3,29.6,63.0,1007.5,0,3.5,187
1152,9149,2023-08-27T12:43:46.854000+00:00,18.4,30.2,62.0,1007.5,0,3.4,186
1153,9149,2023-08-27T12:45:46.867000+00:00,18.3,30.1,64.0,1007.5,0,4.0,187
1154,9149,2023-08-27T12:47:46.865000+00:00,18.3,28.3,67.0,1007.4,0,3.0,147
1155,9149,2023-08-27T12:49:46.863000+00:00,17.9,27.5,68.0,1007.2,0,2.0,140
1156,9149,2023-08-27T12:51:46.876000+00:00,17.2,26.9,66.0,1007.5,0,1.2,154
1157,9149,2023-08-27T12:53:46.859000+00:00,16.9,26.9,65.0,1007.5,0,1.5,135
1158,9149,2023-08-27T12:55:46.872000+00:00,17.1,28.6,67.0,1007.5,0,1.5,118
1159,9149,2023-08-27T12:57:46.870000+00:00,17.5,29.6,67.0,1007.7,0,1.1,165
1160,9149,2023-08-27T12:59:46.868000+00:00,17.7,29.7,66.0,1007.5,0,1.7,126
1161,9149,2023-08-27T13:01:46.866000+00:00,17.8,30.8,66.0,1007.7,0,1.2,110
1162,9149,2023-08-27T13:03:46.879000+00:00,17.6,29.5,67.0,1007.7,0,1.8,135
1163,9149,2023-08-27T13:05:46.877000+00:00,17.4,28.5,68.0,1007.7,1,2.2,152
1164,9149,2023-08-27T13:07:46.906000+00:00,16.9,26.2,70.0,1007.7,1,1.8,160
1165,9149,2023-08-27T13:09:46.935000+00:00,16.4,24.8,68.0,1007.7,1,1.7,150
1166,9149,2023-08-27T13:11:46.933000+00:00,16.2,24.6,69.0,1007.7,0,2.0,177
1167,9149,2023-08-27T13:13:46.978000+00:00,16.4,24.2,70.0,1007.7,0,1.8,143
1168,9149,2023-08-27T13:15:47.007000+00:00,16.5,24.1,73.0,1007.5,0,1.7,169
1169,9149,2023-08-27T13:17:47.005000+00:00,16.5,24.1,70.0,1007.5,0,2.0,186
1170,9149,2023-08-27T13:19:47.003000+00:00,16.5,24.2,69.0,1007.5,0,2.5,148
1171,9149,2023-08-27T13:21:47.016000+00:00,16.5,24.6,66.0,1007.5,1,1.7,183
1172,9149,2023-08-27T13:23:47.014000+00:00,16.5,24.7,66.0,1007.5,1,2.4,154
1173,9149,2023-08-27T13:25:47.059000+00:00,16.8,25.5,67.0,1007.5,1,2.4,139
1174,9149,2023-08-27T13:27:47.041000+00:00,16.9,26.1,67.0,1007.5,1,2.5,159
1175,9149,2023-08-27T13:29:47.055000+00:00,17.1,26.9,67.0,1007.7,0,2.2,162
1176,9149,2023-08-27T13:31:47.052000+00:00,17.1,28.0,65.0,1007.7,0,2.4,150
1177,9149,2023-08-27T13:33:47.082000+00:00,17.1,28.7,65.0,1007.7,0,2.7,158
1178,9149,2023-08-27T13:35:47.111000+00:00,17.4,29.2,65.0,1007.7,0,2.2,162
1179,9149,2023-08-27T13:37:47.109000+00:00,17.4,29.5,64.0,1007.7,0,2.7,190
1180,9149,2023-08-27T13:39:47.122000+00:00,17.3,29.7,63.0,1007.7,0,3.2,179
1181,9149,2023-08-27T13:41:47.167000+00:00,17.3,29.7,64.0,1007.9,0,3.2,181
1182,9149,2023-08-27T13:43:47.180000+00:00,17.3,29.2,63.0,1007.5,0,3.0,138
1183,9149,2023-08-27T13:45:47.194000+00:00,17.1,28.4,62.0,1007.5,0,2.4,160
1184,9149,2023-08-27T13:47:47.192000+00:00,17.1,27.4,63.0,1007.7,0,2.5,158
1185,9149,2023-08-27T13:49:47.189000+00:00,17.0,26.8,64.0,1007.7,0,2.7,162
1186,9149,2023-08-27T13:51:47.187000+00:00,16.8,26.3,65.0,1007.7,0,2.5,165
1187,9149,2023-08-27T13:53:47.201000+00:00,16.8,25.9,66.0,1007.7,0,3.7,166
1188,9149,2023-08-27T13:55:47.199000+00:00,16.9,25.5,66.0,1007.7,0,2.2,179
1189,9149,2023-08-27T13:57:47.197000+00:00,16.9,25.3,66.0,1007.7,0,3.0,179
1190,9149,2023-08-27T13:59:47.210000+00:00,16.8,24.9,68.0,1007.7,0,2.7,167
1191,9149,2023-08-27T14:01:47.208000+00:00,16.9,25.0,68.0,1007.7,0,2.9,172
1192,9149,2023-08-27T14:03:47.206000+00:00,17.0,24.9,69.0,1007.9,0,2.7,196
1193,9149,2023-08-27T14:05:47.204000+00:00,17.3,25.1,68.0,1007.7,0,3.2,160
1194,9149,2023-08-27T14:07:47.217000+00:00,17.5,26.9,67.0,1007.7,0,2.7,151
1195,9149,2023-08-27T14:09:47.231000+00:00,17.7,28.2,67.0,1007.9,0,3.2,179
1196,9149,2023-08-27T14:11:47.244000+00:00,17.7,27.9,70.0,1008.0,0,3.2,196
1197,9149,2023-08-27T14:13:47.258000+00:00,17.6,26.9,69.0,1008.0,0,3.2,193
1198,9149,2023-08-27T14:15:47.271000+00:00,17.4,26.1,70.0,1008.0,0,3.5,177
1199,9149,2023-08-27T14:17:47.285000+00:00,17.3,25.7,72.0,1007.9,0,2.9,192
1200,9149,2023-08-27T14:19:47.314000+00:00,17.2,25.6,71.0,1008.0,0,2.5,191
1201,9149,2023-08-27T14:21:47.296000+00:00,17.1,25.2,70.0,1008.0,0,3.7,170
1202,9149,2023-08-27T14:23:47.294000+00:00,17.1,25.0,69.0,1008.0,0,3.7,190
1203,9149,2023-08-27T14:25:47.292000+00:00,17.1,24.8,68.0,1008.0,0,3.0,157
1204,9149,2023-08-27T14:27:47.290000+00:00,17.1,24.7,69.0,1008.0,0,3.2,161
1205,9149,2023-08-27T14:29:47.287000+00:00,17.1,24.3,73.0,1008.0,1,2.2,155
1206,9149,2023-08-27T14:31:47.301000+00:00,17.0,22.8,76.0,1008.2,1,3.0,156
1207,9149,2023-08-27T14:33:47.299000+00:00,16.3,21.8,80.0,1008.4,1,2.5,158
1208,9149,2023-08-27T14:35:47.297000+00:00,15.7,19.5,83.0,1008.4,1,3.0,175
1209,9149,2023-08-27T14:37:47.310000+00:00,15.2,19.8,83.0,1008.2,1,3.2,183
1210,9149,2023-08-27T14:39:47.308000+00:00,14.9,20.0,81.0,1008.5,1,3.5,183
1211,9149,2023-08-27T14:41:47.321000+00:00,14.9,19.9,83.0,1008.5,1,3.2,228
1212,9149,2023-08-27T14:43:47.304000+00:00,14.9,19.9,83.0,1008.5,1,3.2,228
1213,9149,2023-08-27T14:45:47.317000+00:00,14.9,19.9,83.0,1008.5,1,3.2,228
1214,9149,2023-08-27T14:47:47.346000+00:00,14.9,19.7,84.0,1008.2,1,4.4,174
1215,9149,2023-08-27T14:49:47.360000+00:00,14.7,19.6,83.0,1008.2,1,3.7,171
1216,9149,2023-08-27T14:51:47.405000+00:00,14.6,19.6,84.0,1008.4,1,2.5,182
1217,9149,2023-08-27T14:53:47.356000+00:00,14.8,19.7,85.0,1008.4,1,2.9,181
1218,9149,2023-08-27T14:55:47.353000+00:00,14.9,20.8,84.0,1008.5,0,2.7,186
1219,9149,2023-08-27T14:57:47.383000+00:00,14.9,20.9,83.0,1008.4,0,3.2,188
1220,9149,2023-08-27T14:59:47.396000+00:00,14.9,20.6,82.0,1008.4,0,3.7,195
1221,9149,2023-08-27T15:01:47.410000+00:00,15.2,20.6,81.0,1008.2,0,2.9,168
1222,9149,2023-08-27T15:03:47.439000+00:00,15.4,20.8,80.0,1008.4,0,3.0,189
1223,9149,2023-08-27T15:05:47.436000+00:00,15.6,20.7,79.0,1008.2,0,2.0,180
1224,9149,2023-08-27T15:07:47.434000+00:00,15.8,20.7,78.0,1008.2,0,2.2,167
1225,9149,2023-08-27T15:09:47.463000+00:00,15.8,20.7,76.0,1008.2,0,2.7,181
1226,9149,2023-08-27T15:11:47.493000+00:00,15.9,20.2,77.0,1008.2,0,2.5,163
1227,9149,2023-08-27T15:13:47.490000+00:00,15.9,20.0,78.0,1008.2,0,2.5,210
1228,9149,2023-08-27T15:15:47.504000+00:00,16.0,19.9,80.0,1008.2,0,3.5,169
1229,9149,2023-08-27T15:17:47.533000+00:00,16.0,19.9,80.0,1008.2,0,2.9,171
1230,9149,2023-08-27T15:19:47.531000+00:00,15.9,19.6,77.0,1008.2,0,3.5,162
1231,9149,2023-08-27T15:21:47.544000+00:00,15.8,19.3,79.0,1008.2,0,2.7,188
1232,9149,2023-08-27T15:23:47.542000+00:00,15.8,19.0,79.0,1008.4,1,3.2,134
1233,9149,2023-08-27T15:25:47.556000+00:00,15.7,19.0,79.0,1008.2,1,3.0,176
1234,9149,2023-08-27T15:27:47.554000+00:00,15.8,19.1,77.0,1008.2,1,2.7,163
1235,9149,2023-08-27T15:29:47.536000+00:00,15.6,18.9,73.0,1008.2,0,2.9,164
1236,9157,2023-09-03T12:01:37.059000+00:00,28.5,43.2,45.0,1001.0,0,1.8,302
1237,9157,2023-09-03T12:03:37.058000+00:00,28.5,43.3,45.0,1001.0,0,0.6,269
1238,9157,2023-09-03T12:05:37.056000+00:00,28.4,42.8,46.0,1001.0,0,0.8,274
1239,9157,2023-09-03T12:07:37.055000+00:00,28.5,42.8,45.0,1001.0,0,1.0,237
1240,9157,2023-09-03T12:09:37.054000+00:00,28.4,43.2,45.0,1001.0,0,1.1,201
1241,9157,2023-09-03T12:11:37.068000+00:00,28.4,43.2,45.0,1001.0,0,0.4,95
1242,9157,2023-09-03T12:13:37.066000+00:00,28.5,43.0,45.0,1001.0,0,1.1,193
1243,9157,2023-09-03T12:15:37.050000+00:00,28.6,42.8,46.0,1001.0,0,0.8,296
1244,9157,2023-09-03T12:17:37.064000+00:00,28.7,43.0,46.0,1001.0,0,0.6,238
1245,9157,2023-09-03T12:19:37.062000+00:00,28.8,42.3,46.0,1001.2,0,1.3,130
1246,9157,2023-09-03T12:21:37.061000+00:00,28.6,42.6,46.0,1001.0,0,1.5,0
1247,9157,2023-09-03T12:23:37.060000+00:00,28.8,43.2,45.0,1001.0,0,0.6,0
1248,9157,2023-09-03T12:25:37.090000+00:00,28.8,42.4,44.0,1001.0,0,0.6,259
1249,9157,2023-09-03T12:27:37.104000+00:00,28.8,42.1,44.0,1001.0,0,1.0,85
1250,9157,2023-09-03T12:29:37.118000+00:00,28.8,42.3,44.0,1001.0,0,1.2,294
1251,9157,2023-09-03T12:31:37.117000+00:00,28.7,42.8,44.0,1001.0,0,1.8,282
1252,9157,2023-09-03T12:33:37.147000+00:00,28.6,42.7,45.0,1000.9,0,1.2,240
1253,9157,2023-09-03T12:35:37.161000+00:00,28.8,43.0,44.0,1000.9,0,0.5,44
1254,9157,2023-09-03T12:37:37.175000+00:00,28.7,43.3,44.0,1000.9,0,1.2,275
1255,9157,2023-09-03T12:39:37.190000+00:00,28.6,42.7,45.0,1000.9,0,1.2,233
1256,9157,2023-09-03T12:41:37.204000+00:00,28.6,42.6,44.0,1000.7,0,0.0,0
1257,9157,2023-09-03T12:43:37.203000+00:00,28.7,42.8,44.0,1000.7,0,0.6,339
1258,9157,2023-09-03T12:45:37.201000+00:00,28.8,42.8,43.0,1000.9,0,0.8,7
1259,9157,2023-09-03T12:47:37.200000+00:00,28.8,42.8,44.0,1000.7,0,1.0,140
1260,9157,2023-09-03T12:49:37.214000+00:00,28.9,43.4,44.0,1000.9,0,0.6,254
1261,9157,2023-09-03T12:51:37.213000+00:00,29.0,43.0,42.0,1000.9,0,1.0,301
1262,9157,2023-09-03T12:53:37.212000+00:00,28.8,42.7,44.0,1000.7,0,0.6,285
1263,9157,2023-09-03T12:55:37.210000+00:00,29.0,42.9,42.0,1000.7,0,1.7,47
1264,9157,2023-09-03T12:57:37.209000+00:00,28.9,43.0,43.0,1000.7,0,0.5,294
1265,9157,2023-09-03T12:59:37.208000+00:00,29.0,43.0,42.0,1000.7,0,1.2,8
1266,9157,2023-09-03T13:01:37.222000+00:00,29.1,42.7,42.0,1000.7,0,0.6,346
1267,9157,2023-09-03T13:03:37.220000+00:00,29.0,43.4,41.0,1000.7,0,1.7,28
1268,9157,2023-09-03T13:05:37.219000+00:00,29.0,43.4,41.0,1000.5,0,0.4,188
1269,9157,2023-09-03T13:07:37.218000+00:00,29.2,43.4,41.0,1000.5,0,0.4,251
1270,9157,2023-09-03T13:09:37.216000+00:00,29.4,43.5,41.0,1000.5,0,1.2,15
1271,9157,2023-09-03T13:11:37.215000+00:00,29.3,43.3,42.0,1000.5,0,0.4,209
1272,9157,2023-09-03T13:13:37.245000+00:00,29.3,43.0,44.0,1000.5,0,0.8,139
1273,9157,2023-09-03T13:15:37.259000+00:00,29.3,43.6,43.0,1000.5,0,0.6,285
1274,9157,2023-09-03T13:17:37.274000+00:00,29.2,43.4,44.0,1000.5,0,1.1,238
1275,9157,2023-09-03T13:19:37.272000+00:00,29.3,43.0,42.0,1000.5,0,0.8,223
1276,9157,2023-09-03T13:21:37.287000+00:00,29.3,42.7,42.0,1000.5,0,0.4,271
1277,9157,2023-09-03T13:23:37.301000+00:00,29.2,42.5,41.0,1000.4,0,1.3,341
1278,9157,2023-09-03T13:25:37.315000+00:00,29.2,43.1,40.0,1000.5,0,1.0,189
1279,9157,2023-09-03T13:27:37.361000+00:00,29.4,43.2,39.0,1000.4,0,1.3,23
1280,9157,2023-09-03T13:29:37.359000+00:00,29.5,43.1,41.0,1000.4,0,1.2,250
1281,9157,2023-09-03T13:31:37.358000+00:00,29.7,43.4,41.0,1000.2,0,1.7,164
1282,9157,2023-09-03T13:33:37.357000+00:00,29.7,43.6,42.0,1000.2,0,2.4,0
1283,9157,2023-09-03T13:35:37.355000+00:00,29.8,44.1,41.0,1000.4,0,0.6,178
1284,9157,2023-09-03T13:37:37.370000+00:00,29.9,43.9,41.0,1000.2,0,2.2,162
1285,9157,2023-09-03T13:39:37.368000+00:00,29.9,43.3,42.0,1000.4,0,1.7,8
1286,9157,2023-09-03T13:41:37.383000+00:00,29.9,43.7,41.0,1000.4,0,1.2,199
1287,9157,2023-09-03T13:43:37.366000+00:00,30.0,43.7,42.0,1000.4,0,2.0,258
1288,9157,2023-09-03T13:45:37.364000+00:00,30.0,43.9,40.0,1000.4,0,1.7,178
1289,9157,2023-09-03T13:47:37.363000+00:00,29.8,43.5,39.0,1000.4,0,1.5,268
1290,9157,2023-09-03T13:49:37.377000+00:00,29.8,43.6,40.0,1000.4,0,1.2,158
1291,9157,2023-09-03T13:51:37.360000+00:00,30.0,44.4,39.0,1000.4,0,1.6,180
1292,9157,2023-09-03T13:53:37.390000+00:00,30.0,44.0,39.0,1000.2,0,1.3,145
1293,9157,2023-09-03T13:55:37.373000+00:00,29.9,43.7,41.0,1000.2,0,1.3,178
1294,9157,2023-09-03T13:57:37.372000+00:00,29.9,43.5,41.0,1000.2,0,2.0,179
1295,9157,2023-09-03T13:59:37.386000+00:00,29.8,43.6,40.0,1000.2,0,1.6,156
1296,9157,2023-09-03T14:01:37.385000+00:00,29.9,43.4,40.0,1000.2,0,1.0,228
1297,9157,2023-09-03T14:03:37.384000+00:00,29.9,43.3,41.0,1000.2,0,0.8,112
1298,9157,2023-09-03T14:05:37.413000+00:00,29.7,42.5,42.0,1000.2,0,0.8,317
1299,9157,2023-09-03T14:07:37.412000+00:00,29.8,42.8,42.0,1000.2,0,1.3,193
1300,9157,2023-09-03T14:09:37.411000+00:00,29.9,42.6,41.0,1000.2,0,1.1,174
1301,9157,2023-09-03T14:11:37.441000+00:00,29.8,42.5,42.0,1000.2,0,1.5,164
1302,9157,2023-09-03T14:13:37.439000+00:00,29.8,42.6,41.0,1000.2,0,1.8,139
1303,9157,2023-09-03T14:15:37.454000+00:00,30.0,42.5,43.0,1000.2,0,1.8,208
1304,9157,2023-09-03T14:17:37.546000+00:00,30.0,42.8,40.0,1000.2,0,1.6,186
1305,9157,2023-09-03T14:19:37.482000+00:00,30.0,42.6,40.0,1000.2,0,1.3,168
1306,9157,2023-09-03T14:21:37.496000+00:00,30.1,42.9,41.0,1000.2,0,2.0,187
1307,9157,2023-09-03T14:23:37.511000+00:00,30.3,42.5,39.0,1000.2,0,1.3,188
1308,9157,2023-09-03T14:25:37.525000+00:00,30.1,42.5,39.0,1000.2,0,1.6,144
1309,9157,2023-09-03T14:27:37.524000+00:00,30.0,41.7,40.0,1000.2,0,1.1,161
1310,9157,2023-09-03T14:29:37.522000+00:00,30.0,41.8,41.0,1000.2,0,1.6,190
1311,9157,2023-09-03T14:31:37.537000+00:00,30.1,41.2,41.0,1000.2,0,1.7,161
1312,9157,2023-09-03T14:33:37.567000+00:00,30.0,41.0,41.0,1000.2,0,1.2,179
1313,9157,2023-09-03T14:35:37.581000+00:00,30.0,40.8,41.0,1000.2,0,1.7,161
1314,9165,2023-09-17T11:01:24.028000+00:00,30.0,38.3,68.0,1007.9,0,0.8,106
1315,9165,2023-09-17T11:03:24.042000+00:00,30.0,38.6,68.0,1008.0,0,1.2,198
1316,9165,2023-09-17T11:05:24.041000+00:00,30.0,38.4,68.0,1007.9,0,0.8,175
1317,9165,2023-09-17T11:07:24.055000+00:00,30.0,38.3,69.0,1008.0,0,1.2,194
1318,9165,2023-09-17T11:09:24.054000+00:00,30.0,38.6,67.0,1008.0,0,1.1,164
1319,9165,2023-09-17T11:11:24.052000+00:00,30.0,38.1,68.0,1008.0,0,0.8,166
1320,9165,2023-09-17T11:13:24.051000+00:00,30.0,38.1,67.0,1008.0,0,1.1,179
1321,9165,2023-09-17T11:15:24.050000+00:00,30.1,38.0,68.0,1008.0,0,1.2,0
1322,9165,2023-09-17T11:17:24.048000+00:00,30.2,37.7,67.0,1008.0,0,1.2,188
1323,9165,2023-09-17T11:19:24.078000+00:00,30.2,38.3,67.0,1008.0,0,1.3,182
1324,9165,2023-09-17T11:21:24.108000+00:00,30.1,37.5,68.0,1008.0,0,1.5,197
1325,9165,2023-09-17T11:23:24.107000+00:00,30.0,37.4,69.0,1007.9,0,0.6,189
1326,9165,2023-09-17T11:25:24.137000+00:00,29.9,37.7,69.0,1007.9,0,1.2,190
1327,9165,2023-09-17T11:27:24.151000+00:00,29.9,37.7,70.0,1008.0,0,1.2,171
1328,9165,2023-09-17T11:29:24.181000+00:00,29.9,37.6,70.0,1007.9,0,1.0,164
1329,9165,2023-09-17T11:31:24.195000+00:00,29.9,37.9,69.0,1007.9,0,1.1,192
1330,9165,2023-09-17T11:33:24.194000+00:00,29.9,37.7,69.0,1007.9,0,1.2,156
1331,9165,2023-09-17T11:35:24.193000+00:00,29.8,37.4,69.0,1007.9,0,1.2,160
1332,9165,2023-09-17T11:37:24.191000+00:00,29.8,37.1,69.0,1007.9,0,1.0,182
1333,9165,2023-09-17T11:39:24.190000+00:00,29.8,37.2,69.0,1008.0,0,0.8,167
1334,9165,2023-09-17T11:41:24.189000+00:00,29.8,37.5,70.0,1008.0,0,0.8,156
1335,9165,2023-09-17T11:43:24.203000+00:00,29.8,37.1,70.0,1007.9,0,1.2,127
1336,9165,2023-09-17T11:45:24.202000+00:00,29.8,36.7,70.0,1008.0,0,0.8,199
1337,9165,2023-09-17T11:47:24.200000+00:00,29.8,37.3,70.0,1008.0,0,0.8,155
1338,9165,2023-09-17T11:49:24.199000+00:00,29.8,37.5,70.0,1008.2,0,0.8,181
1339,9165,2023-09-17T11:51:24.198000+00:00,29.8,37.1,70.0,1008.2,0,1.1,203
1340,9165,2023-09-17T11:53:24.196000+00:00,29.8,37.1,70.0,1008.4,0,0.8,168
1341,9165,2023-09-17T11:55:24.195000+00:00,29.7,37.0,70.0,1008.4,0,1.5,199
1342,9165,2023-09-17T11:57:24.240000+00:00,29.7,37.4,71.0,1008.5,0,0.8,169
1343,9165,2023-09-17T11:59:24.270000+00:00,29.8,37.2,71.0,1008.5,0,0.8,178
1344,9165,2023-09-17T12:01:24.269000+00:00,29.8,36.9,71.0,1008.5,0,1.1,160
1345,9165,2023-09-17T12:03:24.299000+00:00,29.8,36.8,71.0,1008.7,0,1.3,178
1346,9165,2023-09-17T12:05:24.344000+00:00,29.8,36.7,72.0,1008.7,0,1.0,180
1347,9165,2023-09-17T12:07:24.327000+00:00,29.9,37.3,71.0,1008.7,0,1.0,168
1348,9165,2023-09-17T12:09:24.342000+00:00,29.9,37.2,71.0,1008.7,0,1.2,183
1349,9165,2023-09-17T12:11:24.340000+00:00,29.9,37.0,71.0,1008.7,0,1.2,163
1350,9165,2023-09-17T12:13:24.339000+00:00,30.0,36.8,72.0,1008.9,0,1.5,162
1351,9165,2023-09-17T12:15:24.338000+00:00,30.0,36.8,71.0,1008.9,0,1.6,163
1352,9165,2023-09-17T12:17:24.352000+00:00,30.0,36.3,72.0,1009.0,0,1.7,163
1353,9165,2023-09-17T12:19:24.351000+00:00,30.0,36.2,73.0,1009.0,0,1.2,175
1354,9165,2023-09-17T12:21:24.349000+00:00,30.0,36.8,72.0,1009.0,0,1.1,145
1355,9165,2023-09-17T12:23:24.348000+00:00,30.0,36.8,72.0,1009.0,0,1.5,181
1356,9165,2023-09-17T12:25:24.347000+00:00,30.1,36.6,72.0,1009.0,0,1.5,175
1357,9165,2023-09-17T12:27:24.345000+00:00,30.1,36.4,72.0,1009.0,0,1.6,169
1358,9165,2023-09-17T12:29:24.359000+00:00,30.1,36.4,72.0,1009.0,0,1.6,173
1359,9165,2023-09-17T12:31:24.358000+00:00,30.1,36.5,73.0,1009.0,0,1.2,189
1360,9165,2023-09-17T12:33:24.357000+00:00,30.0,36.4,73.0,1009.0,0,1.3,185
1361,9165,2023-09-17T12:35:24.355000+00:00,30.0,36.3,73.0,1009.2,0,1.5,197
1362,9165,2023-09-17T12:37:24.354000+00:00,30.0,36.2,72.0,1009.2,0,1.7,170
1363,9165,2023-09-17T12:39:24.352000+00:00,30.0,36.3,72.0,1009.2,0,1.2,174
1364,9165,2023-09-17T12:41:24.367000+00:00,30.0,36.2,72.0,1009.2,0,1.6,155
1365,9165,2023-09-17T12:43:24.350000+00:00,30.0,36.0,72.0,1009.2,0,1.6,160
1366,9165,2023-09-17T12:45:24.364000+00:00,29.9,36.1,73.0,1009.2,0,1.5,166
1367,9165,2023-09-17T12:47:24.362000+00:00,29.9,36.0,72.0,1009.2,0,1.7,171
1368,9165,2023-09-17T12:49:24.361000+00:00,29.9,36.2,72.0,1009.2,0,1.7,168
1369,9165,2023-09-17T12:51:24.360000+00:00,30.0,36.1,72.0,1009.2,0,1.5,176
1370,9165,2023-09-17T12:53:24.374000+00:00,30.0,35.7,73.0,1009.4,0,1.6,189
1371,9165,2023-09-17T12:55:24.404000+00:00,30.0,35.9,74.0,1009.2,0,1.0,181
1372,9165,2023-09-17T12:57:24.418000+00:00,30.0,35.9,74.0,1009.5,0,0.8,188
1373,9165,2023-09-17T12:59:24.417000+00:00,30.0,35.9,74.0,1009.4,0,0.8,163
1374,9165,2023-09-17T13:01:24.415000+00:00,30.0,35.9,74.0,1009.4,0,1.3,178
1375,9165,2023-09-17T13:03:24.414000+00:00,30.0,35.9,74.0,1009.5,0,1.5,166
1376,9165,2023-09-17T13:05:24.444000+00:00,29.9,35.4,74.0,1009.5,0,1.7,180
1377,9165,2023-09-17T13:07:24.458000+00:00,29.9,35.3,74.0,1009.7,0,1.7,165
1378,9165,2023-09-17T13:09:24.488000+00:00,29.8,35.5,74.0,1009.7,0,2.2,168
1379,9165,2023-09-17T13:11:24.502000+00:00,29.7,35.5,75.0,1009.7,0,1.8,171
1380,9165,2023-09-17T13:13:24.501000+00:00,29.8,35.5,75.0,1009.7,0,1.7,171
1381,9165,2023-09-17T13:15:24.499000+00:00,29.8,35.5,74.0,1009.7,0,2.0,167
1382,9165,2023-09-17T13:17:24.514000+00:00,29.7,34.8,74.0,1009.9,0,2.4,183
1383,9165,2023-09-17T13:19:24.512000+00:00,29.7,35.3,75.0,1009.9,0,2.2,153
1384,9165,2023-09-17T13:21:24.511000+00:00,29.6,35.3,74.0,1009.9,0,2.0,165
1385,9165,2023-09-17T13:23:24.510000+00:00,29.6,35.0,74.0,1009.9,0,2.4,163
1386,9165,2023-09-17T13:25:24.508000+00:00,29.5,34.9,75.0,1009.9,0,2.2,181
1387,9165,2023-09-17T13:27:24.507000+00:00,29.6,34.8,75.0,1009.9,0,1.7,167
1388,9165,2023-09-17T13:29:24.505000+00:00,29.6,34.9,75.0,1010.0,0,1.8,134
1389,9165,2023-09-17T13:31:24.520000+00:00,29.6,35.2,75.0,1010.0,0,1.8,156
1390,9165,2023-09-17T13:33:24.518000+00:00,29.7,35.3,75.0,1010.0,0,1.7,180
1391,9165,2023-09-17T13:35:24.517000+00:00,29.6,34.8,75.0,1010.0,0,2.0,162
1392,9165,2023-09-17T13:37:24.516000+00:00,29.6,34.6,76.0,1009.9,0,1.3,174
1393,9165,2023-09-17T13:39:24.514000+00:00,29.5,34.8,76.0,1010.0,0,1.8,167
1394,9165,2023-09-17T13:41:24.513000+00:00,29.6,34.8,76.0,1010.0,0,2.0,179
1395,9165,2023-09-17T13:43:24.511000+00:00,29.5,34.9,76.0,1010.2,0,2.0,160
1396,9165,2023-09-17T13:45:24.526000+00:00,29.5,35.2,76.0,1010.0,0,1.5,173
1397,9165,2023-09-17T13:47:24.524000+00:00,29.5,35.0,76.0,1010.0,0,1.7,168
1398,9165,2023-09-17T13:49:24.523000+00:00,29.5,34.9,76.0,1010.2,0,2.2,185
1399,9165,2023-09-17T13:51:24.522000+00:00,29.5,34.9,76.0,1010.0,0,2.5,184
1400,9165,2023-09-17T13:53:24.520000+00:00,29.5,35.0,76.0,1010.2,0,1.7,188
1401,9165,2023-09-17T13:55:24.519000+00:00,29.5,35.0,76.0,1010.2,0,1.5,0
1402,9173,2023-09-24T04:01:23.491000+00:00,27.3,45.8,46.0,1013.2,0,2.0,109
1403,9173,2023-09-24T04:03:23.489000+00:00,27.3,46.4,45.0,1013.2,0,2.7,124
1404,9173,2023-09-24T04:05:23.487000+00:00,27.7,45.8,45.0,1013.2,0,2.0,117
1405,9173,2023-09-24T04:07:23.485000+00:00,27.7,46.5,44.0,1013.2,0,2.7,125
1406,9173,2023-09-24T04:09:23.483000+00:00,27.5,45.7,45.0,1013.2,0,1.2,116
1407,9173,2023-09-24T04:11:23.480000+00:00,27.6,46.7,44.0,1013.0,0,2.0,124
1408,9173,2023-09-24T04:13:23.494000+00:00,27.5,46.1,44.0,1013.2,0,1.7,112
1409,9173,2023-09-24T04:15:23.492000+00:00,27.5,45.6,44.0,1013.0,0,2.5,107
1410,9173,2023-09-24T04:17:23.490000+00:00,27.5,46.1,43.0,1013.0,0,2.7,125
1411,9173,2023-09-24T04:19:23.472000+00:00,27.4,45.8,43.0,1013.0,0,2.5,114
1412,9173,2023-09-24T04:21:23.485000+00:00,27.6,46.1,42.0,1013.0,0,2.0,112
1413,9173,2023-09-24T04:23:23.499000+00:00,27.6,46.2,41.0,1013.0,0,1.8,100
1414,9173,2023-09-24T04:25:23.481000+00:00,27.6,46.0,42.0,1013.0,0,1.6,123
1415,9173,2023-09-24T04:27:23.495000+00:00,27.6,45.8,41.0,1013.0,0,2.4,121
1416,9173,2023-09-24T04:29:23.492000+00:00,27.6,45.7,41.0,1012.9,0,3.5,113
1417,9173,2023-09-24T04:31:23.490000+00:00,27.5,45.4,42.0,1013.0,0,2.9,127
1418,9173,2023-09-24T04:33:23.519000+00:00,27.3,45.4,40.0,1013.0,0,2.2,113
1419,9173,2023-09-24T04:35:23.517000+00:00,27.1,45.1,40.0,1013.0,0,2.5,110
1420,9173,2023-09-24T04:37:23.531000+00:00,27.1,45.0,41.0,1013.0,0,2.5,132
1421,9173,2023-09-24T04:39:23.544000+00:00,27.1,44.1,41.0,1013.0,0,2.4,131
1422,9173,2023-09-24T04:41:23.558000+00:00,27.1,43.8,41.0,1013.0,0,1.8,114
1423,9173,2023-09-24T04:43:23.587000+00:00,27.2,44.7,41.0,1013.0,0,1.8,100
1424,9173,2023-09-24T04:45:23.600000+00:00,27.1,44.6,41.0,1013.0,0,1.8,114
1425,9173,2023-09-24T04:47:23.598000+00:00,27.1,44.8,41.0,1013.0,0,1.7,113
1426,9173,2023-09-24T04:49:23.643000+00:00,27.2,44.6,41.0,1013.0,0,2.2,111
1427,9173,2023-09-24T04:51:23.641000+00:00,27.3,44.6,41.0,1013.0,0,2.7,106
1428,9173,2023-09-24T04:53:23.623000+00:00,27.5,44.4,41.0,1013.0,0,2.7,142
1429,9173,2023-09-24T04:55:23.637000+00:00,27.4,44.4,41.0,1012.9,0,1.7,112
1430,9173,2023-09-24T04:57:23.634000+00:00,27.3,44.3,41.0,1013.0,0,3.0,116
1431,9173,2023-09-24T04:59:23.648000+00:00,27.2,44.1,41.0,1013.0,0,3.0,112
1432,9173,2023-09-24T05:01:23.646000+00:00,27.1,43.8,43.0,1013.0,0,2.5,112
1433,9173,2023-09-24T05:03:23.644000+00:00,27.0,43.9,42.0,1013.0,0,2.0,147
1434,9173,2023-09-24T05:05:23.642000+00:00,27.0,43.9,42.0,1013.0,0,2.5,138
1435,9173,2023-09-24T05:07:23.655000+00:00,27.1,44.1,39.0,1013.0,0,2.7,119
1436,9173,2023-09-24T05:09:23.637000+00:00,27.1,43.5,42.0,1013.0,0,1.5,110
1437,9173,2023-09-24T05:11:23.651000+00:00,27.2,43.7,42.0,1013.0,0,2.5,136
1438,9173,2023-09-24T05:13:23.649000+00:00,27.2,43.2,43.0,1013.0,0,3.0,133
1439,9173,2023-09-24T05:15:23.647000+00:00,27.2,42.6,43.0,1013.0,0,2.0,133
1440,9173,2023-09-24T05:17:23.644000+00:00,27.1,42.4,43.0,1013.0,0,2.4,123
1441,9173,2023-09-24T05:19:23.658000+00:00,27.1,43.0,42.0,1013.0,0,1.2,106
1442,9173,2023-09-24T05:21:23.640000+00:00,27.1,43.0,41.0,1012.9,0,1.7,9
1443,9173,2023-09-24T05:23:23.654000+00:00,27.1,43.5,40.0,1012.9,0,1.5,155
1444,9173,2023-09-24T05:25:23.683000+00:00,27.2,43.3,41.0,1012.7,0,1.6,145
1445,9173,2023-09-24T05:27:23.712000+00:00,27.3,43.4,41.0,1012.7,0,1.2,97
1446,9173,2023-09-24T05:29:23.710000+00:00,27.4,43.1,41.0,1012.9,0,1.6,132
1447,9173,2023-09-24T05:31:23.708000+00:00,27.3,43.0,40.0,1012.7,0,0.8,85
1448,9173,2023-09-24T05:33:23.705000+00:00,27.2,43.1,40.0,1012.9,0,1.1,308
1449,9173,2023-09-24T05:35:23.719000+00:00,27.3,43.0,40.0,1012.9,0,0.8,141
1450,9173,2023-09-24T05:37:23.701000+00:00,27.3,42.8,42.0,1012.9,0,1.0,128
1451,9173,2023-09-24T05:39:23.715000+00:00,27.3,42.5,43.0,1012.9,0,0.8,199
1452,9173,2023-09-24T05:41:23.728000+00:00,27.3,42.3,42.0,1012.9,0,1.0,134
1453,9173,2023-09-24T05:43:23.757000+00:00,27.3,40.8,43.0,1013.0,0,1.7,20
1454,9173,2023-09-24T05:45:23.771000+00:00,27.3,40.5,41.0,1012.9,0,1.8,100
1455,9173,2023-09-24T05:47:23.784000+00:00,27.4,40.2,39.0,1012.9,0,1.8,326
1456,9173,2023-09-24T05:49:23.798000+00:00,27.4,39.6,39.0,1012.9,0,1.0,3
1457,9173,2023-09-24T05:51:23.796000+00:00,27.4,39.1,40.0,1012.9,0,0.8,131
1458,9173,2023-09-24T05:53:23.825000+00:00,27.3,38.7,42.0,1012.9,0,1.0,161
1459,9173,2023-09-24T05:55:23.791000+00:00,27.4,38.2,42.0,1012.9,0,1.7,114
1460,9173,2023-09-24T05:57:23.805000+00:00,27.4,38.4,40.0,1012.9,0,1.1,351
1461,9173,2023-09-24T05:59:23.803000+00:00,27.4,38.4,40.0,1012.9,0,0.5,112
1462,9173,2023-09-24T06:01:23.801000+00:00,27.4,38.1,41.0,1012.9,0,1.8,136
1463,9173,2023-09-24T06:03:23.799000+00:00,27.3,37.8,41.0,1012.7,0,1.2,72
1464,9173,2023-09-24T06:05:23.812000+00:00,27.2,37.7,41.0,1012.7,0,1.5,97
1465,9173,2023-09-24T06:07:23.794000+00:00,27.3,37.4,42.0,1012.7,0,1.0,69
1466,9173,2023-09-24T06:09:23.808000+00:00,27.3,37.4,41.0,1012.7,0,0.6,297
1467,9173,2023-09-24T06:11:23.821000+00:00,27.3,38.0,42.0,1012.7,0,1.5,115
1468,9173,2023-09-24T06:13:23.835000+00:00,27.3,37.0,45.0,1012.7,0,1.7,157
1469,9173,2023-09-24T06:15:23.864000+00:00,27.3,37.3,44.0,1012.7,0,1.0,110
1470,9173,2023-09-24T06:17:23.862000+00:00,27.4,37.2,44.0,1012.7,0,1.2,63
1471,9173,2023-09-24T06:19:23.860000+00:00,27.3,37.4,45.0,1012.7,0,1.6,108
1472,9173,2023-09-24T06:21:23.873000+00:00,27.1,36.9,44.0,1012.7,0,1.8,114
1473,9173,2023-09-24T06:23:23.871000+00:00,27.1,36.9,44.0,1012.9,0,2.7,93
1474,9173,2023-09-24T06:25:23.900000+00:00,27.2,36.7,45.0,1012.9,0,1.3,129
1475,9173,2023-09-24T06:27:23.914000+00:00,27.1,36.6,46.0,1012.7,0,2.2,104
1476,9173,2023-09-24T06:29:23.927000+00:00,27.2,36.6,47.0,1012.9,0,1.5,116
1477,9173,2023-09-24T06:31:23.941000+00:00,27.2,36.7,47.0,1012.9,0,1.8,114
1478,9173,2023-09-24T06:33:23.939000+00:00,27.2,36.8,46.0,1012.9,0,1.7,112
1479,9173,2023-09-24T06:35:23.952000+00:00,27.0,36.3,47.0,1012.9,0,1.3,134
1480,9173,2023-09-24T06:37:23.950000+00:00,26.9,36.2,49.0,1012.7,0,2.9,149
1481,9220,2023-10-07T16:34:15.954000+00:00,32.3,36.6,56.0,1007.7,0,2.7,309
1482,9220,2023-10-07T16:36:15.953000+00:00,32.3,36.4,57.0,1007.7,0,2.7,311
1483,9220,2023-10-07T16:38:15.967000+00:00,32.3,36.4,56.0,1007.7,0,2.2,320
1484,9220,2023-10-07T16:40:15.981000+00:00,32.2,36.7,57.0,1007.7,0,2.0,312
1485,9220,2023-10-07T16:42:16.011000+00:00,32.2,36.5,57.0,1007.7,0,2.2,303
1486,9220,2023-10-07T16:44:15.994000+00:00,32.2,36.5,57.0,1007.7,0,1.7,305
1487,9220,2023-10-07T16:46:16.008000+00:00,32.2,36.5,57.0,1007.7,0,2.4,306
1488,9220,2023-10-07T16:48:16.007000+00:00,32.1,36.5,57.0,1007.7,0,2.2,311
1489,9220,2023-10-07T16:50:16.021000+00:00,32.1,36.4,58.0,1007.7,0,2.0,314
1490,9220,2023-10-07T16:52:16.004000+00:00,32.1,36.3,58.0,1007.7,0,2.0,316
1491,9220,2023-10-07T16:54:16.003000+00:00,32.0,36.4,57.0,1007.7,0,1.5,347
1492,9220,2023-10-07T16:56:16.002000+00:00,32.0,36.4,58.0,1007.7,0,2.2,315
1493,9220,2023-10-07T16:58:16.016000+00:00,32.0,36.2,58.0,1007.7,0,1.7,329
1494,9220,2023-10-07T17:00:16.015000+00:00,32.0,36.3,58.0,1007.7,0,1.8,302
1495,9220,2023-10-07T17:02:16.013000+00:00,32.0,36.2,58.0,1007.7,0,1.6,303
1496,9220,2023-10-07T17:04:16.012000+00:00,32.0,36.1,59.0,1007.9,0,2.4,338
1497,9220,2023-10-07T17:06:16.011000+00:00,32.0,36.4,59.0,1007.7,0,1.2,301
1498,9220,2023-10-07T17:08:16.009000+00:00,32.0,36.5,58.0,1007.7,0,1.7,329
1499,9220,2023-10-07T17:10:16.008000+00:00,32.0,36.3,59.0,1007.9,0,1.6,334
1500,9220,2023-10-07T17:12:16.022000+00:00,31.9,36.2,59.0,1007.9,0,2.2,307
1501,9220,2023-10-07T17:14:16.021000+00:00,31.9,35.9,59.0,1008.0,0,1.7,297
1502,9220,2023-10-07T17:16:16.035000+00:00,31.9,36.1,60.0,1007.9,0,2.2,310
1503,9220,2023-10-07T17:18:16.049000+00:00,31.8,36.1,59.0,1007.9,0,1.6,310
1504,9220,2023-10-07T17:20:16.079000+00:00,31.8,35.9,60.0,1008.0,0,1.6,306
1505,9220,2023-10-07T17:22:16.094000+00:00,31.7,35.9,60.0,1008.0,0,1.7,300
1506,9220,2023-10-07T17:24:16.124000+00:00,31.7,35.9,60.0,1008.0,0,2.0,311
1507,9220,2023-10-07T17:26:16.122000+00:00,31.7,35.9,61.0,1008.0,0,1.7,326
1508,9220,2023-10-07T17:28:16.121000+00:00,31.6,35.8,61.0,1008.0,0,2.0,306
1509,9220,2023-10-07T17:30:16.120000+00:00,31.7,35.7,61.0,1008.0,0,1.8,293
1510,9220,2023-10-07T17:32:16.165000+00:00,31.6,35.7,61.0,1008.0,0,1.7,319
1511,9220,2023-10-07T17:34:16.148000+00:00,31.6,35.6,61.0,1008.0,0,1.5,341
1512,9220,2023-10-07T17:36:16.162000+00:00,31.6,35.7,61.0,1008.0,0,1.3,339
1513,9220,2023-10-07T17:38:16.161000+00:00,31.6,35.7,61.0,1008.0,0,1.2,297
1514,9220,2023-10-07T17:40:16.160000+00:00,31.6,35.6,61.0,1008.0,0,1.0,269
1515,9220,2023-10-07T17:42:16.158000+00:00,31.6,35.6,61.0,1008.0,0,1.0,298
1516,9220,2023-10-07T17:44:16.157000+00:00,31.6,35.5,61.0,1008.0,0,0.6,269
1517,9220,2023-10-07T17:46:16.171000+00:00,31.6,35.5,61.0,1008.0,0,0.6,348
1518,9220,2023-10-07T17:48:16.154000+00:00,31.6,35.4,62.0,1008.0,0,1.1,150
1519,9220,2023-10-07T17:50:16.169000+00:00,31.6,35.8,61.0,1008.0,0,0.8,288
1520,9220,2023-10-07T17:52:16.167000+00:00,31.6,35.5,62.0,1008.0,0,0.8,293
1521,9220,2023-10-07T17:54:16.166000+00:00,31.6,36.0,61.0,1008.0,0,0.5,141
1522,9220,2023-10-07T17:56:16.165000+00:00,31.6,35.9,61.0,1008.0,0,0.6,296
1523,9220,2023-10-07T17:58:16.163000+00:00,31.5,35.2,62.0,1008.0,0,1.2,237
1524,9220,2023-10-07T18:00:16.162000+00:00,31.4,35.1,62.0,1008.0,0,1.6,286
1525,9220,2023-10-07T18:02:16.176000+00:00,31.4,35.0,62.0,1008.0,0,1.0,291
1526,9220,2023-10-07T18:04:16.175000+00:00,31.4,35.0,62.0,1008.0,0,0.8,298
1527,9220,2023-10-07T18:06:16.174000+00:00,31.3,35.3,62.0,1008.0,0,1.0,165
1528,9220,2023-10-07T18:08:16.172000+00:00,31.3,35.1,61.0,1008.0,0,0.8,317
1529,9220,2023-10-07T18:10:16.171000+00:00,31.3,35.3,62.0,1008.0,0,0.4,194
1530,9220,2023-10-07T18:12:16.170000+00:00,31.3,35.3,62.0,1008.0,0,0.8,271
1531,9220,2023-10-07T18:14:16.184000+00:00,31.3,34.8,63.0,1008.0,0,1.5,311
1532,9220,2023-10-07T18:16:16.182000+00:00,31.3,35.1,63.0,1008.0,0,1.7,307
1533,9221,2023-10-08T16:01:20.941000+00:00,32.3,38.1,64.0,1009.5,0,1.1,282
1534,9221,2023-10-08T16:03:20.940000+00:00,32.2,38.4,65.0,1009.5,0,1.0,287
1535,9221,2023-10-08T16:05:20.939000+00:00,32.2,38.1,65.0,1009.5,0,1.2,291
1536,9221,2023-10-08T16:07:20.953000+00:00,32.2,38.0,66.0,1009.5,0,1.2,287
1537,9221,2023-10-08T16:09:20.952000+00:00,32.1,37.9,65.0,1009.5,0,0.8,295
1538,9221,2023-10-08T16:11:20.950000+00:00,32.0,37.9,67.0,1009.5,0,1.1,295
1539,9221,2023-10-08T16:13:20.949000+00:00,32.0,37.9,67.0,1009.5,0,0.8,288
1540,9221,2023-10-08T16:15:20.947000+00:00,32.0,38.0,68.0,1009.5,0,1.0,259
1541,9221,2023-10-08T16:17:20.946000+00:00,32.0,37.6,69.0,1009.5,0,1.2,266
1542,9221,2023-10-08T16:19:20.961000+00:00,32.0,38.0,69.0,1009.5,0,1.0,287
1543,9221,2023-10-08T16:21:20.959000+00:00,31.9,38.1,69.0,1009.5,0,0.6,277
1544,9221,2023-10-08T16:23:20.973000+00:00,31.9,38.5,69.0,1009.5,0,0.8,283
1545,9221,2023-10-08T16:25:21.003000+00:00,31.8,37.9,69.0,1009.5,0,1.2,269
1546,9221,2023-10-08T16:27:21.018000+00:00,31.9,37.1,71.0,1009.5,0,1.2,342
1547,9221,2023-10-08T16:29:21.016000+00:00,31.8,37.6,72.0,1009.7,0,1.1,301
1548,9221,2023-10-08T16:31:21.031000+00:00,31.8,37.4,73.0,1009.7,0,0.8,291
1549,9221,2023-10-08T16:33:21.061000+00:00,31.7,37.3,73.0,1009.7,0,1.0,279
1550,9221,2023-10-08T16:35:21.059000+00:00,31.7,37.6,72.0,1009.7,0,0.6,278
1551,9221,2023-10-08T16:37:21.058000+00:00,31.6,37.2,72.0,1009.7,0,0.8,279
1552,9221,2023-10-08T16:39:21.057000+00:00,31.6,37.2,74.0,1009.7,0,0.4,272
1553,9221,2023-10-08T16:41:21.071000+00:00,31.6,37.2,74.0,1009.9,0,1.2,310
1554,9221,2023-10-08T16:43:21.070000+00:00,31.6,37.4,74.0,1009.7,0,1.1,280
1555,9221,2023-10-08T16:45:21.068000+00:00,31.4,37.4,74.0,1009.7,0,1.1,280
1556,9221,2023-10-08T16:47:21.082000+00:00,31.6,37.4,75.0,1009.7,0,1.0,297
1557,9221,2023-10-08T16:49:21.097000+00:00,31.6,37.4,74.0,1009.9,0,1.0,281
1558,9221,2023-10-08T16:51:21.095000+00:00,31.5,37.4,75.0,1009.9,0,0.8,288
1559,9221,2023-10-08T16:53:21.094000+00:00,31.5,37.2,74.0,1009.9,0,1.0,286
1560,9221,2023-10-08T16:55:21.108000+00:00,31.6,37.5,73.0,1009.9,0,1.0,319
1561,9221,2023-10-08T16:57:21.107000+00:00,31.6,37.4,73.0,1009.9,0,1.0,270
1562,9221,2023-10-08T16:59:21.121000+00:00,31.6,37.3,73.0,1009.9,0,0.6,268
1563,9221,2023-10-08T17:01:21.104000+00:00,31.6,37.2,73.0,1009.9,0,0.8,288
1564,9221,2023-10-08T17:03:21.103000+00:00,31.6,37.2,73.0,1009.9,0,1.2,275
1565,9221,2023-10-08T17:05:21.117000+00:00,31.5,37.4,73.0,1009.9,0,0.4,235
1566,9221,2023-10-08T17:07:21.116000+00:00,31.5,37.6,73.0,1009.9,0,0.5,0
1567,9221,2023-10-08T17:09:21.099000+00:00,31.5,37.3,74.0,1009.9,0,1.0,315
1568,9221,2023-10-08T17:11:21.114000+00:00,31.5,37.3,74.0,1009.9,0,0.6,190
1569,9221,2023-10-08T17:13:21.112000+00:00,31.5,37.3,75.0,1009.9,0,0.6,112
1570,9221,2023-10-08T17:15:21.126000+00:00,31.5,36.8,75.0,1009.9,0,0.6,156
1571,9221,2023-10-08T17:17:21.110000+00:00,31.5,37.4,75.0,1009.9,0,1.3,0
1572,9221,2023-10-08T17:19:21.124000+00:00,31.5,36.8,75.0,1010.0,0,0.8,168
1573,9221,2023-10-08T17:21:21.122000+00:00,31.4,36.7,75.0,1009.9,0,0.5,188
1574,9221,2023-10-08T17:23:21.121000+00:00,31.4,37.3,76.0,1009.9,0,0.6,163
1575,9221,2023-10-08T17:25:21.135000+00:00,31.5,36.9,76.0,1009.9,0,0.8,157
1576,9221,2023-10-08T17:27:21.118000+00:00,31.5,37.0,76.0,1009.9,0,0.6,144
1577,9221,2023-10-08T17:29:21.133000+00:00,31.4,36.7,77.0,1010.0,0,1.3,140
1578,9221,2023-10-08T17:31:21.163000+00:00,31.4,36.9,77.0,1010.0,0,1.2,157
1579,9221,2023-10-08T17:33:21.193000+00:00,31.4,36.4,76.0,1009.9,0,0.8,220
1580,9221,2023-10-08T17:35:21.223000+00:00,31.3,36.8,76.0,1009.9,0,0.6,204
1581,9221,2023-10-08T17:37:21.237000+00:00,31.3,36.7,76.0,1009.9,0,1.2,134
1582,9221,2023-10-08T17:39:21.236000+00:00,31.2,36.5,75.0,1009.9,0,0.5,161
1583,9221,2023-10-08T17:41:21.250000+00:00,31.2,36.7,75.0,1009.7,0,1.1,152
1584,9221,2023-10-08T17:43:21.248000+00:00,31.2,36.7,75.0,1009.7,0,0.6,173
1585,9221,2023-10-08T17:45:21.263000+00:00,31.2,36.5,75.0,1009.9,0,1.5,168
1586,9221,2023-10-08T17:47:21.261000+00:00,31.3,36.8,74.0,1009.7,0,1.0,212
1587,9221,2023-10-08T17:49:21.260000+00:00,31.3,37.1,72.0,1009.7,0,1.2,213
1588,9221,2023-10-08T17:51:21.259000+00:00,31.3,36.9,71.0,1009.7,0,1.2,175
1589,9221,2023-10-08T17:53:21.257000+00:00,31.4,37.2,71.0,1009.9,0,0.5,200
1590,9221,2023-10-08T17:55:21.256000+00:00,31.4,36.5,73.0,1009.9,0,1.2,174
1591,9221,2023-10-08T17:57:21.270000+00:00,31.4,36.6,73.0,1009.7,0,0.6,273
1592,9221,2023-10-08T17:59:21.269000+00:00,31.3,36.3,74.0,1009.9,0,1.7,162
1593,9221,2023-10-08T18:01:21.268000+00:00,31.2,36.1,75.0,1009.7,0,0.6,158
1594,9221,2023-10-08T18:03:21.282000+00:00,31.2,36.2,74.0,1009.9,0,0.6,152
1595,9221,2023-10-08T18:05:21.327000+00:00,31.3,36.2,74.0,1009.9,0,0.8,169
1596,9221,2023-10-08T18:07:21.326000+00:00,31.2,36.1,74.0,1009.9,0,0.8,137
1597,9221,2023-10-08T18:09:21.325000+00:00,31.2,36.0,75.0,1009.9,0,0.5,145
1598,9221,2023-10-08T18:11:21.339000+00:00,31.1,35.6,76.0,1009.9,0,0.6,0
1599,9221,2023-10-08T18:13:21.353000+00:00,31.1,35.8,76.0,1009.9,0,0.6,193
1600,9221,2023-10-08T18:15:21.367000+00:00,31.0,35.5,76.0,1009.9,0,1.3,80
1601,9221,2023-10-08T18:17:21.382000+00:00,31.0,36.5,75.0,1009.9,0,1.3,161
1602,9221,2023-10-08T18:19:21.396000+00:00,31.1,36.4,75.0,1009.9,0,1.2,182
1603,9221,2023-10-08T18:21:21.410000+00:00,31.0,36.3,74.0,1009.7,0,0.8,136
1604,9221,2023-10-08T18:23:21.409000+00:00,31.0,36.4,73.0,1009.7,0,0.8,241
1605,9221,2023-10-08T18:25:21.407000+00:00,31.0,36.3,74.0,1009.9,0,1.1,166
1606,9221,2023-10-08T18:27:21.406000+00:00,31.0,35.7,75.0,1009.7,0,0.8,84
1607,9221,2023-10-08T18:29:21.405000+00:00,30.9,35.5,76.0,1009.7,0,0.8,155
1608,9221,2023-10-08T18:31:21.403000+00:00,30.9,35.6,75.0,1009.9,0,0.6,102
1609,9221,2023-10-08T18:33:21.418000+00:00,30.8,35.6,74.0,1009.9,0,0.5,34
1610,9221,2023-10-08T18:35:21.416000+00:00,30.9,35.4,76.0,1009.9,0,0.8,268
1611,9221,2023-10-08T18:37:21.415000+00:00,30.9,35.0,76.0,1009.7,0,1.0,287
1612,9221,2023-10-08T18:39:21.413000+00:00,30.8,34.8,77.0,1009.7,0,1.1,291
1613,9212,2023-10-21T21:09:42.191000+00:00,33.3,37.1,21.0,992.7,0,3.0,84
1614,9212,2023-10-21T21:11:42.190000+00:00,33.2,37.1,20.0,992.5,0,2.9,82
1615,9212,2023-10-21T21:13:42.220000+00:00,33.2,37.2,20.0,992.5,0,2.7,90
1616,9212,2023-10-21T21:15:42.234000+00:00,33.3,37.3,21.0,992.5,0,1.7,82
1617,9212,2023-10-21T21:17:42.264000+00:00,33.4,37.5,21.0,992.5,0,1.2,105
1618,9212,2023-10-21T21:19:42.262000+00:00,33.5,37.6,21.0,992.7,0,1.1,128
1619,9212,2023-10-21T21:21:42.292000+00:00,33.6,37.6,20.0,992.5,0,1.3,79
1620,9212,2023-10-21T21:23:42.291000+00:00,33.6,37.8,20.0,992.7,0,1.3,86
1621,9212,2023-10-21T21:25:42.305000+00:00,33.5,37.8,20.0,992.7,0,1.7,107
1622,9212,2023-10-21T21:27:42.304000+00:00,33.5,37.6,21.0,992.5,0,3.4,96
1623,9212,2023-10-21T21:29:42.302000+00:00,33.4,37.4,21.0,992.5,0,3.0,96
1624,9212,2023-10-21T21:31:42.301000+00:00,33.3,37.2,21.0,992.5,0,3.7,90
1625,9212,2023-10-21T21:33:42.315000+00:00,33.2,37.0,21.0,992.5,0,2.9,80
1626,9212,2023-10-21T21:35:42.314000+00:00,33.2,37.0,22.0,992.5,0,2.2,102
1627,9212,2023-10-21T21:37:42.312000+00:00,33.3,37.0,22.0,992.5,0,2.7,97
1628,9212,2023-10-21T21:39:42.311000+00:00,33.3,37.1,22.0,992.5,0,2.7,92
1629,9212,2023-10-21T21:41:42.325000+00:00,33.3,36.9,22.0,992.5,0,2.7,120
1630,9212,2023-10-21T21:43:42.324000+00:00,33.2,36.7,22.0,992.5,0,3.0,95
1631,9212,2023-10-21T21:45:42.323000+00:00,33.2,36.8,22.0,992.5,0,3.0,104
1632,9212,2023-10-21T21:47:42.321000+00:00,33.2,36.5,22.0,992.5,0,2.7,108
1633,9212,2023-10-21T21:49:42.320000+00:00,33.2,36.7,22.0,992.5,0,3.9,86
1634,9212,2023-10-21T21:51:42.318000+00:00,33.2,36.7,23.0,992.5,0,3.0,97
1635,9212,2023-10-21T21:53:42.317000+00:00,33.2,36.7,23.0,992.5,0,2.7,91
1636,9212,2023-10-21T21:55:42.331000+00:00,33.1,36.6,22.0,992.5,0,3.4,82
1637,9212,2023-10-21T21:57:42.330000+00:00,33.0,36.4,22.0,992.5,0,3.2,97
1638,9212,2023-10-21T21:59:42.360000+00:00,33.0,36.3,22.0,992.5,0,2.5,86
1639,9212,2023-10-21T22:01:42.374000+00:00,32.9,36.3,22.0,992.7,0,3.4,88
1640,9212,2023-10-21T22:03:42.388000+00:00,33.0,36.4,22.0,992.7,0,2.9,99
1641,9212,2023-10-21T22:05:42.371000+00:00,33.0,36.4,22.0,992.7,0,2.5,95
1642,9212,2023-10-21T22:07:42.385000+00:00,33.0,36.5,22.0,992.7,0,3.4,108
1643,9212,2023-10-21T22:09:42.415000+00:00,33.1,36.4,22.0,992.7,0,2.7,95
1644,9212,2023-10-21T22:11:42.430000+00:00,33.2,36.5,22.0,992.5,0,2.5,109
1645,9212,2023-10-21T22:13:42.428000+00:00,33.1,36.4,22.0,992.5,0,3.0,59
1646,9212,2023-10-21T22:15:42.427000+00:00,33.2,36.4,23.0,992.7,0,1.8,83
1647,9212,2023-10-21T22:17:42.426000+00:00,33.1,36.3,23.0,992.5,0,1.8,98
1648,9212,2023-10-21T22:19:42.471000+00:00,33.0,36.1,23.0,992.5,0,1.7,127
1649,9212,2023-10-21T22:21:42.454000+00:00,33.1,36.1,23.0,992.5,0,1.2,81
1650,9212,2023-10-21T22:23:42.453000+00:00,33.1,36.1,22.0,992.7,0,2.2,93
1651,9212,2023-10-21T22:25:42.467000+00:00,33.1,36.1,22.0,992.7,0,2.0,98
1652,9212,2023-10-21T22:27:42.465000+00:00,33.1,36.1,22.0,992.5,0,2.2,105
1653,9212,2023-10-21T22:29:42.480000+00:00,33.1,36.0,21.0,992.7,0,2.2,86
1654,9212,2023-10-21T22:31:42.478000+00:00,33.1,35.9,22.0,992.5,0,1.7,57
1655,9212,2023-10-21T22:33:42.461000+00:00,33.2,35.9,21.0,992.5,0,1.1,53
1656,9212,2023-10-21T22:35:42.507000+00:00,33.2,35.9,22.0,992.7,0,1.7,110
1657,9212,2023-10-21T22:37:42.521000+00:00,33.2,35.7,22.0,992.7,0,2.0,93
1658,9212,2023-10-21T22:39:42.535000+00:00,33.1,35.7,21.0,992.7,0,2.2,94
1659,9212,2023-10-21T22:41:42.518000+00:00,33.1,35.7,22.0,992.7,0,2.2,123
1660,9213,2023-10-22T18:01:47.219000+00:00,28.6,39.4,49.0,995.0,0,3.2,85
1661,9213,2023-10-22T18:03:47.216000+00:00,28.6,39.2,50.0,995.2,0,1.8,87
1662,9213,2023-10-22T18:05:47.214000+00:00,28.6,40.0,50.0,995.0,0,3.0,99
1663,9213,2023-10-22T18:07:47.228000+00:00,28.5,39.2,51.0,995.0,0,2.5,134
1664,9213,2023-10-22T18:09:47.241000+00:00,28.8,39.6,49.0,995.0,0,2.4,97
1665,9213,2023-10-22T18:11:47.255000+00:00,28.9,39.6,45.0,994.9,0,4.0,108
1666,9213,2023-10-22T18:13:47.268000+00:00,29.0,40.2,45.0,994.9,0,5.1,100
1667,9213,2023-10-22T18:15:47.266000+00:00,29.0,39.9,46.0,995.0,0,3.4,132
1668,9213,2023-10-22T18:17:47.279000+00:00,29.1,40.0,45.0,994.9,0,3.4,106
1669,9213,2023-10-22T18:19:47.309000+00:00,29.1,39.2,46.0,994.7,0,3.0,116
1670,9213,2023-10-22T18:21:47.353000+00:00,28.9,39.9,47.0,994.7,0,4.0,97
1671,9213,2023-10-22T18:23:47.351000+00:00,28.8,39.8,48.0,994.7,0,3.4,126
1672,9213,2023-10-22T18:25:47.349000+00:00,29.0,39.7,47.0,994.7,0,3.7,103
1673,9213,2023-10-22T18:27:47.347000+00:00,29.0,39.4,48.0,994.7,0,3.0,97
1674,9213,2023-10-22T18:29:47.345000+00:00,29.0,39.6,48.0,994.5,0,3.7,98
1675,9213,2023-10-22T18:31:47.342000+00:00,29.2,39.6,47.0,994.5,0,4.4,105
1676,9213,2023-10-22T18:33:47.356000+00:00,29.1,39.5,46.0,994.5,0,3.4,101
1677,9213,2023-10-22T18:35:47.354000+00:00,29.0,39.4,47.0,994.5,0,2.2,89
1678,9213,2023-10-22T18:37:47.367000+00:00,29.0,40.0,46.0,994.5,0,2.7,99
1679,9213,2023-10-22T18:39:47.365000+00:00,29.2,40.0,46.0,994.5,0,3.0,109
1680,9213,2023-10-22T18:41:47.363000+00:00,29.3,40.3,44.0,994.4,0,3.2,102
1681,9213,2023-10-22T18:43:47.361000+00:00,29.6,40.5,44.0,994.4,0,4.4,101
1682,9213,2023-10-22T18:45:47.359000+00:00,29.6,40.4,44.0,994.4,0,3.4,107
1683,9213,2023-10-22T18:47:47.357000+00:00,29.4,40.2,43.0,994.4,0,4.0,106
1684,9213,2023-10-22T18:49:47.370000+00:00,29.2,39.9,43.0,994.2,0,3.0,107
1685,9213,2023-10-22T18:51:47.368000+00:00,29.5,39.8,44.0,994.2,0,4.3,96
1686,9213,2023-10-22T18:53:47.428000+00:00,29.6,39.6,44.0,994.2,0,3.5,76
1687,9213,2023-10-22T18:55:47.410000+00:00,29.5,40.3,44.0,994.0,0,4.5,98
1688,9213,2023-10-22T18:57:47.440000+00:00,29.6,41.0,43.0,994.2,0,4.0,98
1689,9213,2023-10-22T18:59:47.453000+00:00,29.7,39.8,43.0,994.2,0,1.6,92
1690,9213,2023-10-22T19:01:47.466000+00:00,29.6,41.1,42.0,994.0,0,3.7,112
1691,9213,2023-10-22T19:03:47.464000+00:00,29.9,40.8,42.0,994.0,0,2.9,103
1692,9213,2023-10-22T19:05:47.493000+00:00,29.8,40.8,42.0,993.9,0,3.0,109
1693,9213,2023-10-22T19:07:47.554000+00:00,29.9,40.7,41.0,994.0,0,2.9,95
1694,9213,2023-10-22T19:09:47.505000+00:00,29.9,40.7,41.0,994.0,0,4.0,96
1695,9213,2023-10-22T19:11:47.503000+00:00,30.0,40.5,43.0,993.9,0,2.5,100
1696,9213,2023-10-22T19:13:47.500000+00:00,30.0,40.5,42.0,994.0,0,3.7,97
1697,9213,2023-10-22T19:15:47.498000+00:00,30.0,40.5,40.0,993.9,0,4.1,123
1698,9213,2023-10-22T19:17:47.512000+00:00,30.0,41.1,41.0,993.7,0,2.4,102
1699,9213,2023-10-22T19:19:47.510000+00:00,30.0,40.4,41.0,993.9,0,3.2,107
1700,9213,2023-10-22T19:21:47.617000+00:00,30.0,40.7,41.0,993.7,0,3.4,92
1701,9213,2023-10-22T19:23:47.505000+00:00,30.0,40.8,42.0,993.7,0,3.5,82
1702,9213,2023-10-22T19:25:47.519000+00:00,30.4,41.5,40.0,993.5,0,1.5,324
1703,9213,2023-10-22T19:27:47.517000+00:00,30.4,41.3,39.0,993.5,0,3.4,113
1704,9213,2023-10-22T19:29:47.499000+00:00,30.3,41.6,39.0,993.5,0,2.2,103
1705,9213,2023-10-22T19:31:47.512000+00:00,30.4,41.5,38.0,993.5,0,1.8,103
1706,9213,2023-10-22T19:33:47.510000+00:00,30.5,41.8,39.0,993.2,0,5.0,85
1707,9213,2023-10-22T19:35:47.524000+00:00,30.2,41.6,40.0,993.5,0,4.3,106
1708,9213,2023-10-22T19:37:47.522000+00:00,30.1,41.3,40.0,993.5,0,2.7,94
1709,9213,2023-10-22T19:39:47.519000+00:00,30.2,40.9,39.0,993.5,0,2.4,143
1710,9213,2023-10-22T19:41:47.517000+00:00,30.3,41.4,39.0,993.4,0,2.2,102
1711,9213,2023-10-22T19:43:47.531000+00:00,30.4,42.0,38.0,993.4,0,1.3,103
1712,9213,2023-10-22T19:45:47.622000+00:00,30.7,41.6,37.0,993.4,0,4.5,101
1713,9213,2023-10-22T19:47:47.589000+00:00,30.4,41.2,38.0,993.2,0,4.0,104
1714,9213,2023-10-22T19:49:47.618000+00:00,30.4,41.3,38.0,993.2,0,4.0,108
1715,9213,2023-10-22T19:51:47.616000+00:00,30.5,41.4,37.0,993.2,0,4.5,90
1716,9213,2023-10-22T19:53:47.629000+00:00,30.4,41.0,37.0,993.2,0,4.8,92
1717,9213,2023-10-22T19:55:47.643000+00:00,30.1,41.0,38.0,993.2,0,3.0,106
1718,9213,2023-10-22T19:57:47.656000+00:00,30.4,41.0,37.0,993.0,0,4.1,124
1719,9213,2023-10-22T19:59:47.654000+00:00,30.7,41.6,37.0,993.0,0,6.1,91
1720,9213,2023-10-22T20:01:47.699000+00:00,30.5,41.5,38.0,993.2,0,4.9,109
1721,9213,2023-10-22T20:03:47.712000+00:00,30.4,41.3,39.0,993.2,0,5.0,93
1722,9213,2023-10-22T20:05:47.710000+00:00,30.6,41.6,38.0,993.0,0,4.5,73
1723,9213,2023-10-22T20:07:47.708000+00:00,30.4,41.4,39.0,993.2,0,4.9,74
1724,9213,2023-10-22T20:09:47.722000+00:00,30.2,41.2,39.0,993.0,0,3.4,95
1725,9213,2023-10-22T20:11:47.735000+00:00,30.4,41.0,39.0,993.0,0,2.5,96
1726,9213,2023-10-22T20:13:47.764000+00:00,30.7,41.5,39.0,992.9,0,1.2,51
1727,9213,2023-10-22T20:15:47.762000+00:00,31.0,42.2,38.0,993.0,0,3.7,107
1728,9213,2023-10-22T20:17:47.760000+00:00,30.9,41.8,38.0,993.0,0,5.0,105
1729,9213,2023-10-22T20:19:47.773000+00:00,30.6,40.7,39.0,993.0,0,3.4,93
1730,9213,2023-10-22T20:21:47.771000+00:00,30.6,41.3,39.0,993.0,0,1.7,125
1731,9213,2023-10-22T20:23:47.785000+00:00,30.9,41.3,38.0,993.0,0,1.6,84
1732,9213,2023-10-22T20:25:47.783000+00:00,31.0,41.6,38.0,992.9,0,3.9,98
1733,9213,2023-10-22T20:27:47.812000+00:00,30.9,40.8,39.0,992.9,0,3.2,96
1734,9213,2023-10-22T20:29:47.825000+00:00,31.0,41.1,40.0,992.9,0,3.7,56
1735,9213,2023-10-22T20:31:47.839000+00:00,30.9,41.3,39.0,992.7,0,1.6,322
1736,9213,2023-10-22T20:33:47.852000+00:00,30.8,40.8,39.0,992.7,0,1.7,89
1737,9213,2023-10-22T20:35:47.850000+00:00,30.8,41.0,40.0,992.9,0,2.5,105
1738,9213,2023-10-22T20:37:47.879000+00:00,30.8,40.2,41.0,992.7,0,3.4,104
1739,9213,2023-10-22T20:39:47.924000+00:00,30.8,40.4,41.0,992.7,0,2.7,104
1740,9213,2023-10-22T20:41:47.906000+00:00,30.7,40.6,42.0,992.7,0,2.4,102
1741,9213,2023-10-22T20:43:47.904000+00:00,30.6,39.9,42.0,992.7,0,3.0,86
1742,9213,2023-10-22T20:45:47.902000+00:00,30.6,39.0,42.0,992.7,0,2.9,82
1743,9213,2023-10-22T20:47:47.916000+00:00,30.6,39.9,43.0,992.7,0,2.7,76
1744,9181,2023-10-29T19:01:53.120000+00:00,24.7,47.3,31.0,781.2,0,1.0,278
1745,9181,2023-10-29T19:03:53.118000+00:00,24.5,47.2,29.0,781.2,0,1.7,281
1746,9181,2023-10-29T19:05:53.116000+00:00,24.6,47.5,27.0,781.2,0,2.0,257
1747,9181,2023-10-29T19:07:53.130000+00:00,24.4,47.6,28.0,781.0,0,2.2,277
1748,9181,2023-10-29T19:09:53.127000+00:00,24.2,47.1,29.0,781.0,0,1.1,269
1749,9181,2023-10-29T19:11:53.125000+00:00,24.4,47.2,27.0,781.0,0,2.2,271
1750,9181,2023-10-29T19:13:53.139000+00:00,24.5,46.7,29.0,781.0,0,1.0,199
1751,9181,2023-10-29T19:15:53.121000+00:00,24.6,46.9,29.0,780.9,0,0.8,248
1752,9181,2023-10-29T19:17:53.135000+00:00,24.3,47.1,27.0,780.9,0,0.8,249
1753,9181,2023-10-29T19:19:53.133000+00:00,24.2,47.4,28.0,780.7,0,2.2,104
1754,9181,2023-10-29T19:21:53.130000+00:00,24.2,47.8,29.0,780.7,0,4.0,68
1755,9181,2023-10-29T19:23:53.128000+00:00,24.2,47.6,28.0,780.5,0,1.2,117
1756,9181,2023-10-29T19:25:53.142000+00:00,24.2,47.9,27.0,780.5,0,1.2,84
1757,9181,2023-10-29T19:27:53.140000+00:00,24.2,47.8,27.0,780.5,0,2.0,123
1758,9181,2023-10-29T19:29:53.122000+00:00,24.3,48.2,26.0,780.5,0,1.2,106
1759,9181,2023-10-29T19:31:53.136000+00:00,24.4,47.8,27.0,780.5,0,0.8,267
1760,9181,2023-10-29T19:33:53.133000+00:00,24.4,48.1,29.0,780.5,0,0.6,335
1761,9181,2023-10-29T19:35:53.131000+00:00,24.6,48.1,27.0,780.5,0,1.5,254
1762,9181,2023-10-29T19:37:53.145000+00:00,25.0,47.7,26.0,780.2,0,1.6,271
1763,9181,2023-10-29T19:39:53.143000+00:00,25.0,47.7,27.0,780.4,0,1.2,271
1764,9181,2023-10-29T19:41:53.141000+00:00,24.9,47.6,27.0,780.2,0,1.1,288
1765,9181,2023-10-29T19:43:53.154000+00:00,24.7,47.7,27.0,780.2,0,1.5,300
1766,9181,2023-10-29T19:45:53.152000+00:00,24.6,47.9,26.0,780.2,0,1.2,292
1767,9181,2023-10-29T19:47:53.150000+00:00,24.8,47.9,26.0,780.2,0,1.2,292
1768,9181,2023-10-29T19:49:53.148000+00:00,24.7,47.9,26.0,780.2,0,1.2,292
1769,9181,2023-10-29T19:51:53.146000+00:00,24.9,48.1,27.0,780.0,0,0.6,301
1770,9181,2023-10-29T19:53:53.159000+00:00,24.9,47.9,28.0,780.0,0,1.2,342
1771,9181,2023-10-29T19:55:53.157000+00:00,24.9,47.7,28.0,780.0,0,0.8,75
1772,9181,2023-10-29T19:57:53.155000+00:00,24.7,47.7,28.0,780.0,0,1.6,79
1773,9181,2023-10-29T19:59:53.153000+00:00,24.7,47.8,28.0,780.0,0,1.1,338
1774,9181,2023-10-29T20:01:53.151000+00:00,24.6,47.9,28.0,780.0,0,1.5,172
1775,9181,2023-10-29T20:03:53.164000+00:00,24.5,48.1,28.0,780.0,0,1.1,163
1776,9181,2023-10-29T20:05:53.162000+00:00,24.6,48.6,28.0,779.9,0,2.5,220
1777,9181,2023-10-29T20:07:53.176000+00:00,24.8,48.2,26.0,779.7,0,2.2,311
1778,9181,2023-10-29T20:09:53.189000+00:00,24.8,47.5,26.0,779.7,0,2.0,296
1779,9181,2023-10-29T20:11:53.203000+00:00,25.0,47.0,27.0,779.7,0,1.3,306
1780,9181,2023-10-29T20:13:53.216000+00:00,25.1,47.0,27.0,779.7,0,1.2,281
1781,9181,2023-10-29T20:15:53.214000+00:00,25.4,47.2,28.0,779.7,0,2.7,318
1782,9181,2023-10-29T20:17:53.212000+00:00,25.4,47.2,28.0,779.5,0,2.0,143
1783,9181,2023-10-29T20:19:53.210000+00:00,25.4,47.4,27.0,779.7,0,3.7,274
1784,9181,2023-10-29T20:21:53.208000+00:00,25.5,47.6,24.0,779.7,0,1.1,193
1785,9181,2023-10-29T20:23:53.221000+00:00,25.6,47.4,22.0,779.5,0,0.6,227
1786,9181,2023-10-29T20:25:53.219000+00:00,25.8,47.5,22.0,779.5,0,1.3,119
1787,9181,2023-10-29T20:27:53.217000+00:00,25.6,47.1,22.0,779.4,0,1.1,187
1788,9181,2023-10-29T20:29:53.215000+00:00,25.5,47.7,24.0,779.5,0,3.0,258
1789,9181,2023-10-29T20:31:53.244000+00:00,25.5,47.2,24.0,779.4,0,1.3,288
1790,9181,2023-10-29T20:33:53.258000+00:00,25.6,47.0,23.0,779.4,0,0.8,233
1791,9181,2023-10-29T20:35:53.287000+00:00,25.8,47.3,23.0,779.4,0,1.0,315
1792,9181,2023-10-29T20:37:53.285000+00:00,25.8,47.6,22.0,779.4,0,1.2,292
1793,9181,2023-10-29T20:39:53.298000+00:00,25.9,46.8,22.0,779.2,0,1.0,274
1794,9181,2023-10-29T20:41:53.312000+00:00,25.8,46.6,22.0,779.2,0,0.8,0
1795,9181,2023-10-29T20:43:53.310000+00:00,25.7,46.8,22.0,779.2,0,0.5,50
1796,9181,2023-10-29T20:45:53.307000+00:00,25.7,46.5,22.0,779.2,0,1.1,117
1797,9181,2023-10-29T20:47:53.305000+00:00,25.7,46.7,23.0,779.2,0,0.6,295
1798,9181,2023-10-29T20:49:53.319000+00:00,25.9,46.8,22.0,779.2,0,1.0,295
1799,9181,2023-10-29T20:51:53.317000+00:00,25.9,46.6,22.0,779.0,0,1.3,310
1800,9181,2023-10-29T20:53:53.315000+00:00,25.9,46.7,22.0,779.2,0,1.1,167
1801,9181,2023-10-29T20:55:53.312000+00:00,26.0,46.4,22.0,779.0,0,1.0,273
1802,9181,2023-10-29T20:57:53.326000+00:00,26.1,46.4,21.0,779.0,0,0.8,333
1803,9181,2023-10-29T20:59:53.324000+00:00,26.0,46.2,22.0,779.0,0,1.2,270
1804,9181,2023-10-29T21:01:53.322000+00:00,26.1,46.2,22.0,779.0,0,1.7,275
1805,9181,2023-10-29T21:03:53.320000+00:00,26.0,46.0,21.0,779.0,0,2.4,261
1806,9181,2023-10-29T21:05:53.318000+00:00,26.1,46.0,21.0,779.0,0,3.5,271
1807,9181,2023-10-29T21:07:53.331000+00:00,26.1,45.8,21.0,778.9,0,2.4,316
1808,9181,2023-10-29T21:09:53.329000+00:00,26.3,45.8,21.0,778.9,0,1.8,293
1809,9181,2023-10-29T21:11:53.343000+00:00,26.2,45.8,21.0,779.0,0,1.6,272
1810,9181,2023-10-29T21:13:53.325000+00:00,26.1,45.4,20.0,778.9,0,1.2,302
1811,9181,2023-10-29T21:15:53.323000+00:00,26.0,45.0,21.0,778.9,0,2.0,299
1812,9181,2023-10-29T21:17:53.336000+00:00,26.4,45.0,21.0,778.9,0,2.2,312
1813,9181,2023-10-29T21:19:53.365000+00:00,26.5,45.0,21.0,778.9,0,1.6,292
1814,9181,2023-10-29T21:21:53.394000+00:00,26.8,44.8,20.0,778.9,0,2.5,295
1815,9181,2023-10-29T21:23:53.408000+00:00,26.8,44.8,21.0,778.7,0,1.7,314
1816,9181,2023-10-29T21:25:53.406000+00:00,26.7,44.7,20.0,778.7,0,2.4,263
1817,9181,2023-10-29T21:27:53.435000+00:00,26.6,44.5,20.0,778.7,0,1.5,311
1818,9181,2023-10-29T21:29:53.449000+00:00,26.6,44.3,20.0,778.7,0,1.2,67
1819,9181,2023-10-29T21:31:53.478000+00:00,26.6,44.0,20.0,778.7,0,1.0,295
1820,9181,2023-10-29T21:33:53.476000+00:00,26.9,44.0,20.0,778.7,0,1.6,296
1821,9181,2023-10-29T21:35:53.473000+00:00,26.9,43.6,20.0,778.7,0,1.7,307
1822,9181,2023-10-29T21:37:53.471000+00:00,26.6,43.6,19.0,778.7,0,1.6,355
1823,9181,2023-10-29T21:39:53.469000+00:00,26.6,43.6,19.0,778.7,0,1.7,301
1824,9181,2023-10-29T21:41:53.467000+00:00,26.5,43.2,19.0,778.7,0,0.0,0
1825,9181,2023-10-29T21:43:53.465000+00:00,26.5,43.1,19.0,778.7,0,1.2,276
1826,9181,2023-10-29T21:45:53.479000+00:00,26.5,43.1,19.0,778.7,0,1.8,310
1827,9181,2023-10-29T21:47:53.477000+00:00,26.6,41.5,19.0,778.7,0,2.2,235
1828,9181,2023-10-29T21:49:53.490000+00:00,26.5,40.6,19.0,778.7,0,0.8,146
1829,9181,2023-10-29T21:51:53.488000+00:00,26.5,40.6,19.0,778.7,0,1.5,307
1830,9181,2023-10-29T21:53:53.486000+00:00,26.7,40.5,18.0,778.7,0,1.5,292
1831,9181,2023-10-29T21:55:53.468000+00:00,26.5,39.9,19.0,778.7,0,1.1,291
1832,9181,2023-10-29T21:57:53.482000+00:00,26.4,39.2,19.0,778.5,0,1.8,305
1833,9181,2023-10-29T21:59:53.480000+00:00,26.4,38.8,19.0,778.5,0,2.0,305
1834,9181,2023-10-29T22:01:53.493000+00:00,26.4,38.2,19.0,778.5,0,1.3,293
1835,9181,2023-10-29T22:03:53.491000+00:00,26.3,37.7,19.0,778.5,0,0.8,0
1836,9181,2023-10-29T22:05:53.536000+00:00,26.2,37.3,19.0,778.5,0,1.2,285
1837,9181,2023-10-29T22:07:53.534000+00:00,26.1,36.6,19.0,778.7,0,2.9,268
1838,9181,2023-10-29T22:09:53.563000+00:00,26.1,36.2,19.0,778.7,0,2.0,0
1839,9204,2023-11-04T17:36:52.286000+00:00,27.3,55.1,26.0,921.5,0,0.6,268
1840,9204,2023-11-04T17:38:52.269000+00:00,27.2,55.3,26.0,921.5,0,1.0,0
1841,9204,2023-11-04T17:40:52.283000+00:00,27.3,55.2,26.0,921.5,0,0.6,59
1842,9204,2023-11-04T17:42:52.282000+00:00,27.3,55.1,26.0,921.5,0,1.7,17
1843,9204,2023-11-04T17:44:52.281000+00:00,27.2,55.0,26.0,921.7,0,1.2,64
1844,9204,2023-11-04T17:46:52.295000+00:00,27.0,54.8,27.0,921.5,0,1.7,47
1845,9204,2023-11-04T17:48:52.340000+00:00,27.3,54.9,27.0,921.5,0,1.2,123
1846,9204,2023-11-04T17:50:52.339000+00:00,27.2,54.7,28.0,921.5,0,0.5,72
1847,9204,2023-11-04T17:52:52.338000+00:00,27.1,54.1,27.0,921.5,0,1.5,37
1848,9204,2023-11-04T17:54:52.352000+00:00,27.0,53.4,28.0,921.4,0,0.3,58
1849,9204,2023-11-04T17:56:52.382000+00:00,26.9,53.5,27.0,921.4,0,2.0,45
1850,9204,2023-11-04T17:58:52.412000+00:00,27.0,54.0,28.0,921.5,0,1.8,359
1851,9204,2023-11-04T18:00:52.426000+00:00,27.0,54.3,29.0,921.5,0,1.0,14
1852,9204,2023-11-04T18:02:52.425000+00:00,27.1,54.7,29.0,921.5,0,1.3,1
1853,9204,2023-11-04T18:04:52.455000+00:00,27.0,54.3,28.0,921.5,0,1.2,52
1854,9204,2023-11-04T18:06:52.469000+00:00,27.4,54.7,26.0,921.5,0,1.1,156
1855,9204,2023-11-04T18:08:52.468000+00:00,27.4,54.9,25.0,921.5,0,1.1,50
1856,9204,2023-11-04T18:10:52.482000+00:00,27.3,54.5,24.0,921.5,0,1.2,47
1857,9204,2023-11-04T18:12:52.481000+00:00,27.3,54.5,24.0,921.5,0,0.6,340
1858,9204,2023-11-04T18:14:52.479000+00:00,27.3,54.2,24.0,921.4,0,0.6,348
1859,9204,2023-11-04T18:16:52.509000+00:00,27.3,53.9,24.0,921.2,0,1.3,36
1860,9204,2023-11-04T18:18:52.523000+00:00,27.4,53.9,24.0,921.4,0,1.2,18
1861,9204,2023-11-04T18:20:52.538000+00:00,27.4,53.9,23.0,921.4,0,1.8,326
1862,9204,2023-11-04T18:22:52.552000+00:00,27.4,53.6,25.0,921.4,0,0.6,352
1863,9204,2023-11-04T18:24:52.566000+00:00,27.6,54.0,23.0,921.4,0,1.0,59
1864,9204,2023-11-04T18:26:52.565000+00:00,27.7,53.8,19.0,921.2,0,0.6,79
1865,9204,2023-11-04T18:28:52.564000+00:00,27.6,54.1,19.0,921.4,0,0.5,58
1866,9204,2023-11-04T18:30:52.562000+00:00,27.7,53.8,18.0,921.2,0,0.3,0
1867,9204,2023-11-04T18:32:52.561000+00:00,27.7,52.4,18.0,921.4,0,0.8,359
1868,9204,2023-11-04T18:34:52.560000+00:00,27.5,49.7,17.0,921.2,0,1.0,37
1869,9204,2023-11-04T18:36:52.574000+00:00,27.5,47.9,18.0,921.2,0,2.2,36
1870,9204,2023-11-04T18:38:52.572000+00:00,27.5,46.4,18.0,921.2,0,1.8,111
1871,9204,2023-11-04T18:40:52.571000+00:00,27.5,45.8,18.0,921.2,1,1.3,38
1872,9204,2023-11-04T18:42:52.570000+00:00,27.5,44.8,18.0,921.2,0,2.0,34
1873,9204,2023-11-04T18:44:52.568000+00:00,27.5,44.3,17.0,921.0,0,1.3,49
1874,9204,2023-11-04T18:46:52.567000+00:00,27.4,43.7,17.0,921.0,0,1.2,73
1875,9204,2023-11-04T18:48:52.581000+00:00,27.4,43.0,17.0,921.0,0,1.2,95
1876,9204,2023-11-04T18:50:52.580000+00:00,27.5,42.8,17.0,921.0,0,1.1,5
1877,9204,2023-11-04T18:52:52.579000+00:00,27.3,42.3,17.0,921.2,0,1.2,61
1878,9204,2023-11-04T18:54:52.577000+00:00,27.4,41.8,18.0,921.2,0,1.2,30
1879,9204,2023-11-04T18:56:52.576000+00:00,27.5,41.5,18.0,921.0,0,1.5,80
1880,9204,2023-11-04T18:58:52.575000+00:00,27.4,41.0,19.0,921.0,0,1.0,3
1881,9204,2023-11-04T19:00:52.589000+00:00,27.4,40.5,20.0,921.0,0,1.7,37
1882,9204,2023-11-04T19:02:52.587000+00:00,27.4,40.4,21.0,921.0,0,1.5,22
1883,9204,2023-11-04T19:04:52.586000+00:00,27.4,40.0,21.0,921.2,0,2.0,27
1884,9205,2023-11-05T16:01:57.618000+00:00,20.3,51.4,62.0,928.4,0,1.8,194
1885,9205,2023-11-05T16:03:57.617000+00:00,20.4,51.3,62.0,928.4,0,2.0,200
1886,9205,2023-11-05T16:05:57.615000+00:00,20.4,52.4,61.0,928.4,0,0.8,211
1887,9205,2023-11-05T16:07:57.614000+00:00,20.5,51.6,60.0,928.2,0,1.3,246
1888,9205,2023-11-05T16:09:57.613000+00:00,20.5,48.1,61.0,928.2,0,1.0,225
1889,9205,2023-11-05T16:11:57.611000+00:00,20.5,47.3,61.0,928.2,0,1.2,241
1890,9205,2023-11-05T16:13:57.610000+00:00,20.3,47.3,61.0,928.2,0,1.0,227
1891,9205,2023-11-05T16:15:57.624000+00:00,20.5,48.2,59.0,928.2,0,1.2,179
1892,9205,2023-11-05T16:17:57.623000+00:00,20.6,50.0,58.0,928.2,0,1.2,240
1893,9205,2023-11-05T16:19:57.621000+00:00,20.5,50.4,58.0,928.2,0,0.8,189
1894,9205,2023-11-05T16:21:57.620000+00:00,20.6,50.2,58.0,928.2,0,1.3,165
1895,9205,2023-11-05T16:23:57.618000+00:00,20.6,48.7,58.0,928.2,0,1.1,165
1896,9205,2023-11-05T16:25:57.633000+00:00,20.6,48.4,57.0,928.2,0,1.3,190
1897,9205,2023-11-05T16:27:57.616000+00:00,20.4,47.9,58.0,928.2,0,0.8,195
1898,9205,2023-11-05T16:29:57.630000+00:00,20.4,47.9,58.0,928.2,0,1.3,166
1899,9205,2023-11-05T16:31:57.628000+00:00,20.5,49.6,60.0,928.0,0,1.1,190
1900,9205,2023-11-05T16:33:57.627000+00:00,20.5,50.8,59.0,928.0,0,1.1,218
1901,9205,2023-11-05T16:35:57.641000+00:00,20.5,50.5,57.0,928.0,0,1.1,204
1902,9205,2023-11-05T16:37:57.640000+00:00,20.5,49.8,56.0,928.0,0,1.0,230
1903,9205,2023-11-05T16:39:57.638000+00:00,20.5,49.0,56.0,928.0,0,0.6,241
1904,9205,2023-11-05T16:41:57.637000+00:00,20.5,49.7,57.0,928.0,0,0.8,227
1905,9205,2023-11-05T16:43:57.651000+00:00,20.5,49.6,57.0,928.0,0,0.8,164
1906,9205,2023-11-05T16:45:57.634000+00:00,20.6,48.3,57.0,928.0,0,1.2,266
1907,9205,2023-11-05T16:47:57.648000+00:00,20.4,47.5,57.0,927.9,0,1.2,190
1908,9205,2023-11-05T16:49:57.647000+00:00,20.7,48.2,57.0,928.0,0,1.5,252
1909,9205,2023-11-05T16:51:57.646000+00:00,20.5,47.5,58.0,928.0,0,0.6,146
1910,9205,2023-11-05T16:53:57.644000+00:00,20.4,47.0,59.0,928.0,0,1.0,169
1911,9205,2023-11-05T16:55:57.643000+00:00,20.5,48.5,59.0,927.9,0,0.8,166
1912,9205,2023-11-05T16:57:57.673000+00:00,20.6,45.9,59.0,928.0,0,1.2,167
1913,9205,2023-11-05T16:59:57.671000+00:00,20.5,47.2,58.0,927.9,0,1.6,161
1914,9205,2023-11-05T17:01:57.670000+00:00,20.7,46.9,59.0,928.0,0,1.2,166
1915,9205,2023-11-05T17:03:57.684000+00:00,20.6,47.8,58.0,928.0,0,1.1,181
1916,9205,2023-11-05T17:05:57.696000+00:00,20.6,47.1,60.0,928.0,0,1.2,178
1917,9205,2023-11-05T17:07:57.694000+00:00,20.5,45.3,60.0,928.0,0,1.1,139
1918,9205,2023-11-05T17:09:57.709000+00:00,20.7,47.5,58.0,928.0,0,2.0,155
1919,9205,2023-11-05T17:11:57.723000+00:00,20.6,46.9,59.0,928.0,0,1.1,198
1920,9205,2023-11-05T17:13:57.753000+00:00,20.5,46.8,59.0,927.9,0,1.0,140
1921,9205,2023-11-05T17:15:57.767000+00:00,20.6,47.2,58.0,927.9,0,0.6,178
1922,9205,2023-11-05T17:17:57.781000+00:00,20.5,47.1,58.0,927.9,0,0.8,149
1923,9205,2023-11-05T17:19:57.811000+00:00,20.6,47.9,57.0,928.0,0,1.1,175
1924,9205,2023-11-05T17:21:57.810000+00:00,20.7,48.6,57.0,927.9,1,1.2,141
1925,9205,2023-11-05T17:23:57.824000+00:00,20.9,49.1,56.0,927.9,0,1.3,180
1926,9205,2023-11-05T17:25:57.838000+00:00,21.0,49.4,55.0,927.9,0,1.5,172
1927,9205,2023-11-05T17:27:57.852000+00:00,20.7,49.7,55.0,927.9,0,1.1,151
1928,9205,2023-11-05T17:29:57.867000+00:00,20.7,49.7,54.0,927.9,0,2.2,190
1929,9205,2023-11-05T17:31:57.896000+00:00,20.7,49.2,55.0,927.9,0,2.2,198
1930,9205,2023-11-05T17:33:57.911000+00:00,20.8,48.7,56.0,927.9,0,1.7,98
1931,9205,2023-11-05T17:35:57.925000+00:00,21.0,50.2,55.0,927.7,0,0.8,180
1932,9205,2023-11-05T17:37:57.923000+00:00,21.0,49.8,57.0,927.9,0,1.2,307
1933,9205,2023-11-05T17:39:57.922000+00:00,21.1,49.7,58.0,927.9,0,1.8,204
1934,9205,2023-11-05T17:41:57.921000+00:00,21.0,49.4,58.0,927.7,0,1.0,263
1935,9205,2023-11-05T17:43:57.919000+00:00,20.9,49.2,58.0,927.5,0,1.5,291
1936,9205,2023-11-05T17:45:57.934000+00:00,20.8,49.1,55.0,927.7,0,1.3,181
1937,9205,2023-11-05T17:47:57.932000+00:00,20.6,49.1,57.0,927.7,0,1.1,73
1938,9205,2023-11-05T17:49:57.946000+00:00,20.8,48.9,55.0,927.9,0,1.7,194
1939,9205,2023-11-05T17:51:57.961000+00:00,21.0,48.7,56.0,927.7,0,2.2,170
1940,9205,2023-11-05T17:53:57.975000+00:00,20.9,48.8,57.0,927.7,0,1.5,197
1941,9205,2023-11-05T17:55:57.973000+00:00,20.6,48.9,58.0,927.9,0,2.5,190
1942,9205,2023-11-05T17:57:57.988000+00:00,20.6,48.3,59.0,927.7,0,2.2,189
1943,9205,2023-11-05T17:59:57.971000+00:00,20.5,48.5,59.0,927.7,0,1.5,195
1944,9205,2023-11-05T18:01:57.985000+00:00,20.5,48.1,58.0,927.7,0,0.8,153
1945,9205,2023-11-05T18:03:57.984000+00:00,20.5,48.4,57.0,927.9,0,0.6,190
1946,9205,2023-11-05T18:05:57.998000+00:00,20.7,48.8,56.0,927.7,0,1.2,172
1947,9205,2023-11-05T18:07:58.012000+00:00,20.4,48.4,57.0,927.7,0,1.1,174
1948,9205,2023-11-05T18:09:58.042000+00:00,20.5,48.0,57.0,927.7,0,1.6,150
1949,9205,2023-11-05T18:11:58.041000+00:00,20.4,47.4,58.0,927.9,0,1.7,170
1950,9205,2023-11-05T18:13:58.070000+00:00,20.3,47.3,60.0,927.7,0,1.6,311
1951,9205,2023-11-05T18:15:58.069000+00:00,20.2,47.2,59.0,927.7,0,1.3,177
1952,9205,2023-11-05T18:17:58.083000+00:00,20.4,47.4,58.0,927.7,0,1.6,159
1953,9205,2023-11-05T18:19:58.082000+00:00,20.5,47.5,58.0,927.7,0,2.0,174
1954,9205,2023-11-05T18:21:58.080000+00:00,20.4,47.0,59.0,927.9,0,1.2,152
1955,9205,2023-11-05T18:23:58.079000+00:00,20.5,47.1,58.0,927.7,0,2.0,161
1956,9205,2023-11-05T18:25:58.078000+00:00,20.4,47.1,59.0,927.7,0,2.5,182
1957,9205,2023-11-05T18:27:58.092000+00:00,20.3,47.1,59.0,927.9,0,1.5,164
1958,9205,2023-11-05T18:29:58.075000+00:00,20.3,46.7,58.0,927.9,0,1.1,148
1959,9205,2023-11-05T18:31:58.089000+00:00,20.3,46.2,58.0,927.7,0,1.3,197
1960,9205,2023-11-05T18:33:58.088000+00:00,20.2,44.9,58.0,927.9,0,2.2,157
1961,9205,2023-11-05T18:35:58.086000+00:00,20.3,42.5,58.0,927.7,0,0.6,164
1962,9205,2023-11-05T18:37:58.085000+00:00,20.3,41.1,58.0,927.7,0,0.6,183
1963,9205,2023-11-05T18:39:58.084000+00:00,20.2,40.5,59.0,927.7,0,1.1,304
1964,9205,2023-11-05T18:41:58.082000+00:00,20.0,39.6,58.0,927.9,0,1.1,179
1965,9205,2023-11-05T18:43:58.081000+00:00,20.0,38.8,59.0,927.9,0,1.2,160
1966,9205,2023-11-05T18:45:58.095000+00:00,19.9,38.4,59.0,927.7,0,1.5,63
1967,9205,2023-11-05T18:47:58.094000+00:00,19.8,37.9,58.0,927.7,0,2.4,176
1968,9205,2023-11-05T18:49:58.108000+00:00,19.9,37.6,60.0,927.7,0,1.3,177
1969,9205,2023-11-05T18:51:58.107000+00:00,19.9,37.8,59.0,927.7,0,1.6,154
1970,9205,2023-11-05T18:53:58.121000+00:00,19.8,37.1,60.0,927.7,0,1.3,159
1971,9205,2023-11-05T18:55:58.151000+00:00,19.7,37.0,60.0,927.9,0,1.6,212
1972,9205,2023-11-05T18:57:58.149000+00:00,19.6,36.6,61.0,927.9,0,1.5,152
1973,9205,2023-11-05T18:59:58.148000+00:00,19.8,36.5,60.0,927.7,0,0.8,159
1974,9205,2023-11-05T19:01:58.162000+00:00,19.7,36.0,60.0,927.9,0,0.8,173
1975,9205,2023-11-05T19:03:58.177000+00:00,19.8,35.8,61.0,927.7,0,2.0,200
1976,9189,2023-11-19T05:50:08.851000+00:00,18.1,20.3,45.0,940.2,0,2.5,227
1977,9189,2023-11-19T05:52:08.849000+00:00,18.1,19.1,46.0,940.0,0,1.7,227
1978,9189,2023-11-19T05:54:08.847000+00:00,18.0,18.9,45.0,940.0,0,2.0,217
1979,9189,2023-11-19T05:56:08.861000+00:00,18.0,18.8,45.0,940.2,0,2.2,185
1980,9189,2023-11-19T05:58:08.874000+00:00,18.0,18.8,46.0,940.2,0,2.7,206
1981,9189,2023-11-19T06:00:08.856000+00:00,17.9,18.4,46.0,940.0,0,1.3,228
1982,9189,2023-11-19T06:02:08.854000+00:00,17.9,18.5,47.0,940.0,0,2.0,232
1983,9189,2023-11-19T06:04:08.868000+00:00,17.9,18.5,47.0,940.0,0,2.7,223
1984,9189,2023-11-19T06:06:08.866000+00:00,18.0,18.3,47.0,940.0,0,3.5,202
1985,9189,2023-11-19T06:08:08.864000+00:00,18.0,18.3,47.0,940.0,0,2.5,230
1986,9189,2023-11-19T06:10:08.861000+00:00,18.1,18.3,47.0,940.0,0,1.3,228
1987,9189,2023-11-19T06:12:08.859000+00:00,18.1,18.3,47.0,940.0,0,3.2,207
1988,9189,2023-11-19T06:14:08.857000+00:00,18.1,18.2,47.0,939.9,0,1.7,240
1989,9189,2023-11-19T06:16:08.871000+00:00,18.0,18.2,47.0,940.0,0,3.5,217
1990,9189,2023-11-19T06:18:08.869000+00:00,18.0,18.1,47.0,939.9,0,2.2,220
1991,9189,2023-11-19T06:20:08.867000+00:00,18.0,18.2,47.0,940.0,0,3.4,227
1992,9189,2023-11-19T06:22:08.864000+00:00,18.1,18.1,47.0,939.9,0,2.4,197
1993,9189,2023-11-19T06:24:08.878000+00:00,18.1,18.0,48.0,939.9,0,2.5,224
1994,9189,2023-11-19T06:26:08.876000+00:00,18.1,17.8,48.0,939.9,0,3.2,244
1995,9189,2023-11-19T06:28:08.889000+00:00,18.1,17.8,48.0,939.9,0,2.0,190
1996,9189,2023-11-19T06:30:08.903000+00:00,18.2,17.9,48.0,939.9,0,1.7,255
1997,9189,2023-11-19T06:32:08.932000+00:00,18.2,17.9,48.0,939.9,0,2.2,233
1998,9189,2023-11-19T06:34:08.945000+00:00,18.2,17.9,48.0,939.9,0,2.2,243
1999,9189,2023-11-19T06:36:08.959000+00:00,18.2,17.9,48.0,939.9,0,2.2,239
2000,9189,2023-11-19T06:38:08.972000+00:00,18.1,17.8,48.0,939.9,0,3.0,210
