id,session_key,driver_number,driver_id,full_name,name_acronym,team_name,team_colour,headshot_url
1,7953,1,max_verstappen,Max VERSTAPPEN,VER,Red Bull Racing,#3671C6,https://www.formula1.com/content/dam/fom-website/drivers/M/MAXVER01_Max_Verstappen/maxver01.png.transform/1col/image.png
2,7953,2,sargeant,Logan SARGEANT,SAR,Williams,#37BEDD,https://www.formula1.com/content/dam/fom-website/drivers/L/LOGSAR01_Logan_Sargeant/logsar01.png.transform/1col/image.png
3,7953,4,norris,Lando NORRIS,NOR,McLaren,#F58020,https://www.formula1.com/content/dam/fom-website/drivers/L/LANNOR01_Lando_Norris/lannor01.png.transform/1col/image.png
4,7953,10,gasly,Pierre GASLY,GAS,Alpine,#2293D1,https://www.formula1.com/content/dam/fom-website/drivers/P/PIEGAS01_Pierre_Gasly/piegas01.png.transform/1col/image.png
5,7953,11,perez,Sergio PEREZ,PER,Red Bull Racing,#3671C6,https://www.formula1.com/content/dam/fom-website/drivers/S/SERPER01_Sergio_Perez/serper01.png.transform/1col/image.png
6,7953,14,alonso,Fernando ALONSO,ALO,Aston Martin,#358C75,https://www.formula1.com/content/dam/fom-website/drivers/F/FERALO01_Fernando_Alonso/feralo01.png.transform/1col/image.png
7,7953,16,leclerc,Charles LECLERC,LEC,Ferrari,#F91536,https://www.formula1.com/content/dam/fom-website/drivers/C/CHALEC01_Charles_Leclerc/chalec01.png.transform/1col/image.png
8,7953,18,stroll,Lance STROLL,STR,Aston Martin,#358C75,https://www.formula1.com/content/dam/fom-website/drivers/L/LANSTR01_Lance_Stroll/lanstr01.png.transform/1col/image.png
9,7953,20,kevin_magnussen,Kevin MAGNUSSEN,MAG,Haas F1 Team,#B6BABD,https://www.formula1.com/content/dam/fom-website/drivers/K/KEVMAG01_Kevin_Magnussen/kevmag01.png.transform/1col/image.png
10,7953,21,de_vries,Nyck DE VRIES,DEV,AlphaTauri,#5E8FAA,https://www.formula1.com/content/dam/fom-website/drivers/N/NYCDEV01_Nyck_De%20Vries/nycdev01.png.transform/1col/image.png
11,7953,22,tsunoda,Yuki TSUNODA,TSU,AlphaTauri,#5E8FAA,https://www.formula1.com/content/dam/fom-website/drivers/Y/YUKTSU01_Yuki_Tsunoda/yuktsu01.png.transform/1col/image.png
12,7953,23,albon,Alexander ALBON,ALB,Williams,#37BEDD,https://www.formula1.com/content/dam/fom-website/drivers/A/ALEALB01_Alexander_Albon/alealb01.png.transform/1col/image.png
13,7953,24,zhou,ZHOU Guanyu,ZHO,Alfa Romeo,#C92D4B,https://www.formula1.com/content/dam/fom-website/drivers/G/GUAZHO01_Guanyu_Zhou/guazho01.png.transform/1col/image.png
14,7953,27,hulkenberg,Nico HULKENBERG,HUL,Haas F1 Team,#B6BABD,https://www.formula1.com/content/dam/fom-website/drivers/N/NICHUL01_Nico_Hulkenberg/nichul01.png.transform/1col/image.png
15,7953,31,ocon,Esteban OCON,OCO,Alpine,#2293D1,https://www.formula1.com/content/dam/fom-website/drivers/E/ESTOCO01_Esteban_Ocon/estoco01.png.transform/1col/image.png
16,7953,44,hamilton,Lewis HAMILTON,HAM,Mercedes,#6CD3BF,https://www.formula1.com/content/dam/fom-website/drivers/L/LEWHAM01_Lewis_Hamilton/lewham01.png.transform/1col/image.png
17,7953,55,sainz,Carlos SAINZ,SAI,Ferrari,#F91536,https://www.formula1.com/content/dam/fom-website/drivers/C/CARSAI01_Carlos_Sainz/carsai01.png.transform/1col/image.png
18,7953,63,russell,George RUSSELL,RUS,Mercedes,#6CD3BF,https://www.formula1.com/content/dam/fom-website/drivers/G/GEORUS01_George_Russell/georus01.png.transform/1col/image.png
19,7953,77,bottas,Valtteri BOTTAS,BOT,Alfa Romeo,#C92D4B,https://www.formula1.com/content/dam/fom-website/drivers/V/VALBOT01_Valtteri_Bottas/valbot01.png.transform/1col/image.png
20,7953,81,piastri,Oscar PIASTRI,PIA,McLaren,#F58020,https://www.formula1.com/content/dam/fom-website/drivers/O/OSCPIA01_Oscar_Piastri/oscpia01.png.transform/1col/image.png
21,7779,1,max_verstappen,Max VERSTAPPEN,VER,Red Bull Racing,#3671C6,https://www.formula1.com/content/dam/fom-website/drivers/M/MAXVER01_Max_Verstappen/maxver01.png.transform/1col/image.png
22,7779,2,sargeant,Logan SARGEANT,SAR,Williams,#37BEDD,https://www.formula1.com/content/dam/fom-website/drivers/L/LOGSAR01_Logan_Sargeant/logsar01.png.transform/1col/image.png
23,7779,4,norris,Lando NORRIS,NOR,McLaren,#F58020,https://www.formula1.com/content/dam/fom-website/drivers/L/LANNOR01_Lando_Norris/lannor01.png.transform/1col/image.png
24,7779,10,gasly,Pierre GASLY,GAS,Alpine,#2293D1,https://www.formula1.com/content/dam/fom-website/drivers/P/PIEGAS01_Pierre_Gasly/piegas01.png.transform/1col/image.png
25,7779,11,perez,Sergio PEREZ,PER,Red Bull Racing,#3671C6,https://www.formula1.com/content/dam/fom-website/drivers/S/SERPER01_Sergio_Perez/serper01.png.transform/1col/image.png
26,7779,14,alonso,Fernando ALONSO,ALO,Aston Martin,#358C75,https://www.formula1.com/content/dam/fom-website/drivers/F/FERALO01_Fernando_Alonso/feralo01.png.transform/1col/image.png
27,7779,16,leclerc,Charles LECLERC,LEC,Ferrari,#F91536,https://www.formula1.com/content/dam/fom-website/drivers/C/CHALEC01_Charles_Leclerc/chalec01.png.transform/1col/image.png
28,7779,18,stroll,Lance STROLL,STR,Aston Martin,#358C75,https://www.formula1.com/content/dam/fom-website/drivers/L/LANSTR01_Lance_Stroll/lanstr01.png.transform/1col/image.png
29,7779,20,kevin_magnussen,Kevin MAGNUSSEN,MAG,Haas F1 Team,#B6BABD,https://www.formula1.com/content/dam/fom-website/drivers/K/KEVMAG01_Kevin_Magnussen/kevmag01.png.transform/1col/image.png
30,7779,21,de_vries,Nyck DE VRIES,DEV,AlphaTauri,#5E8FAA,https://www.formula1.com/content/dam/fom-website/drivers/N/NYCDEV01_Nyck_De%20Vries/nycdev01.png.transform/1col/image.png
31,7779,22,tsunoda,Yuki TSUNODA,TSU,AlphaTauri,#5E8FAA,https://www.formula1.com/content/dam/fom-website/drivers/Y/YUKTSU01_Yuki_Tsunoda/yuktsu01.png.transform/1col/image.png
32,7779,23,albon,Alexander ALBON,ALB,Williams,#37BEDD,https://www.formula1.com/content/dam/fom-website/drivers/A/ALEALB01_Alexander_Albon/alealb01.png.transform/1col/image.png
33,7779,24,zhou,ZHOU Guanyu,ZHO,Alfa Romeo,#C92D4B,https://www.formula1.com/content/dam/fom-website/drivers/G/GUAZHO01_Guanyu_Zhou/guazho01.png.transform/1col/image.png
34,7779,27,hulkenberg,Nico HULKENBERG,HUL,Haas F1 Team,#B6BABD,https://www.formula1.com/content/dam/fom-website/drivers/N/NICHUL01_Nico_Hulkenberg/nichul01.png.transform/1col/image.png
35,7779,31,ocon,Esteban OCON,OCO,Alpine,#2293D1,https://www.formula1.com/content/dam/fom-website/drivers/E/ESTOCO01_Esteban_Ocon/estoco01.png.transform/1col/image.png
36,7779,44,hamilton,Lewis HAMILTON,HAM,Mercedes,#6CD3BF,https://www.formula1.com/content/dam/fom-website/drivers/L/LEWHAM01_Lewis_Hamilton/lewham01.png.transform/1col/image.png
37,7779,55,sainz,Carlos SAINZ,SAI,Ferrari,#F91536,https://www.formula1.com/content/dam/fom-website/drivers/C/CARSAI01_Carlos_Sainz/carsai01.png.transform/1col/image.png
38,7779,63,russell,George RUSSELL,RUS,Mercedes,#6CD3BF,https://www.formula1.com/content/dam/fom-website/drivers/G/GEORUS01_George_Russell/georus01.png.transform/1col/image.png
39,7779,77,bottas,Valtteri BOTTAS,BOT,Alfa Romeo,#C92D4B,https://www.formula1.com/content/dam/fom-website/drivers/V/VALBOT01_Valtteri_Bottas/valbot01.png.transform/1col/image.png
40,7779,81,piastri,Oscar PIASTRI,PIA,McLaren,#F58020,https://www.formula1.com/content/dam/fom-website/drivers/O/OSCPIA01_Oscar_Piastri/oscpia01.png.transform/1col/image.png
41,7787,1,max_verstappen,Max VERSTAPPEN,VER,Red Bull Racing,#3671C6,https://www.formula1.com/content/dam/fom-website/drivers/M/MAXVER01_Max_Verstappen/maxver01.png.transform/1col/image.png
42,7787,2,sargeant,Logan SARGEANT,SAR,Williams,#37BEDD,https://www.formula1.com/content/dam/fom-website/drivers/L/LOGSAR01_Logan_Sargeant/logsar01.png.transform/1col/image.png
43,7787,4,norris,Lando NORRIS,NOR,McLaren,#F58020,https://www.formula1.com/content/dam/fom-website/drivers/L/LANNOR01_Lando_Norris/lannor01.png.transform/1col/image.png
44,7787,10,gasly,Pierre GASLY,GAS,Alpine,#2293D1,https://www.formula1.com/content/dam/fom-website/drivers/P/PIEGAS01_Pierre_Gasly/piegas01.png.transform/1col/image.png
45,7787,11,perez,Sergio PEREZ,PER,Red Bull Racing,#3671C6,https://www.formula1.com/content/dam/fom-website/drivers/S/SERPER01_Sergio_Perez/serper01.png.transform/1col/image.png
46,7787,14,alonso,Fernando ALONSO,ALO,Aston Martin,#358C75,https://www.formula1.com/content/dam/fom-website/drivers/F/FERALO01_Fernando_Alonso/feralo01.png.transform/1col/image.png
47,7787,16,leclerc,Charles LECLERC,LEC,Ferrari,#F91536,https://www.formula1.com/content/dam/fom-website/drivers/C/CHALEC01_Charles_Leclerc/chalec01.png.transform/1col/image.png
48,7787,18,stroll,Lance STROLL,STR,Aston Martin,#358C75,https://www.formula1.com/content/dam/fom-website/drivers/L/LANSTR01_Lance_Stroll/lanstr01.png.transform/1col/image.png
49,7787,20,kevin_magnussen,Kevin MAGNUSSEN,MAG,Haas F1 Team,#B6BABD,https://www.formula1.com/content/dam/fom-website/drivers/K/KEVMAG01_Kevin_Magnussen/kevmag01.png.transform/1col/image.png
50,7787,21,de_vries,Nyck DE VRIES,DEV,AlphaTauri,#5E8FAA,https://www.formula1.com/content/dam/fom-website/drivers/N/NYCDEV01_Nyck_De%20Vries/nycdev01.png.transform/1col/image.png
51,7787,22,tsunoda,Yuki TSUNODA,TSU,AlphaTauri,#5E8FAA,https://www.formula1.com/content/dam/fom-website/drivers/Y/YUKTSU01_Yuki_Tsunoda/yuktsu01.png.transform/1col/image.png
52,7787,23,albon,Alexander ALBON,ALB,Williams,#37BEDD,https://www.formula1.com/content/dam/fom-website/drivers/A/ALEALB01_Alexander_Albon/alealb01.png.transform/1col/image.png
53,7787,24,zhou,ZHOU Guanyu,ZHO,Alfa Romeo,#C92D4B,https://www.formula1.com/content/dam/fom-website/drivers/G/GUAZHO01_Guanyu_Zhou/guazho01.png.transform/1col/image.png
54,7787,27,hulkenberg,Nico HULKENBERG,HUL,Haas F1 Team,#B6BABD,https://www.formula1.com/content/dam/fom-website/drivers/N/NICHUL01_Nico_Hulkenberg/nichul01.png.transform/1col/image.png
55,7787,31,ocon,Esteban OCON,OCO,Alpine,#2293D1,https://www.formula1.com/content/dam/fom-website/drivers/E/ESTOCO01_Esteban_Ocon/estoco01.png.transform/1col/image.png
56,7787,44,hamilton,Lewis HAMILTON,HAM,Mercedes,#6CD3BF,https://www.formula1.com/content/dam/fom-website/drivers/L/LEWHAM01_Lewis_Hamilton/lewham01.png.transform/1col/image.png
57,7787,55,sainz,Carlos SAINZ,SAI,Ferrari,#F91536,https://www.formula1.com/content/dam/fom-website/drivers/C/CARSAI01_Carlos_Sainz/carsai01.png.transform/1col/image.png
58,7787,63,russell,George RUSSELL,RUS,Mercedes,#6CD3BF,https://www.formula1.com/content/dam/fom-website/drivers/G/GEORUS01_George_Russell/georus01.png.transform/1col/image.png
59,7787,77,bottas,Valtteri BOTTAS,BOT,Alfa Romeo,#C92D4B,https://www.formula1.com/content/dam/fom-website/drivers/V/VALBOT01_Valtteri_Bottas/valbot01.png.transform/1col/image.png
60,7787,81,piastri,Oscar PIASTRI,PIA,McLaren,#F58020,https://www.formula1.com/content/dam/fom-website/drivers/O/OSCPIA01_Oscar_Piastri/oscpia01.png.transform/1col/image.png
61,9069,1,max_verstappen,Max VERSTAPPEN,VER,Red Bull Racing,#3671C6,https://www.formula1.com/content/dam/fom-website/drivers/M/MAXVER01_Max_Verstappen/maxver01.png.transform/1col/image.png
62,9069,4,norris,Lando NORRIS,NOR,McLaren,#F58020,https://www.formula1.com/content/dam/fom-website/drivers/L/LANNOR01_Lando_Norris/lannor01.png.transform/1col/image.png
63,9069,10,gasly,Pierre GASLY,GAS,Alpine,#2293D1,https://www.formula1.com/content/dam/fom-website/drivers/P/PIEGAS01_Pierre_Gasly/piegas01.png.transform/1col/image.png
64,9069,11,perez,Sergio PEREZ,PER,Red Bull Racing,#3671C6,https://www.formula1.com/content/dam/fom-website/drivers/S/SERPER01_Sergio_Perez/serper01.png.transform/1col/image.png
65,9069,14,alonso,Fernando ALONSO,ALO,Aston Martin,#358C75,https://www.formula1.com/content/dam/fom-website/drivers/F/FERALO01_Fernando_Alonso/feralo01.png.transform/1col/image.png
66,9069,16,leclerc,Charles LECLERC,LEC,Ferrari,#F91536,https://www.formula1.com/content/dam/fom-website/drivers/C/CHALEC01_Charles_Leclerc/chalec01.png.transform/1col/image.png
67,9069,18,stroll,Lance STROLL,STR,Aston Martin,#358C75,https://www.formula1.com/content/dam/fom-website/drivers/L/LANSTR01_Lance_Stroll/lanstr01.png.transform/1col/image.png
68,9069,20,kevin_magnussen,Kevin MAGNUSSEN,MAG,Haas F1 Team,#B6BABD,https://www.formula1.com/content/dam/fom-website/drivers/K/KEVMAG01_Kevin_Magnussen/kevmag01.png.transform/1col/image.png
69,9069,21,de_vries,Nyck DE VRIES,DEV,AlphaTauri,#5E8FAA,https://www.formula1.com/content/dam/fom-website/drivers/N/NYCDEV01_Nyck_De%20Vries/nycdev01.png.transform/1col/image.png
70,9069,22,tsunoda,Yuki TSUNODA,TSU,AlphaTauri,#5E8FAA,https://www.formula1.com/content/dam/fom-website/drivers/Y/YUKTSU01_Yuki_Tsunoda/yuktsu01.png.transform/1col/image.png
71,9069,23,albon,Alexander ALBON,ALB,Williams,#37BEDD,https://www.formula1.com/content/dam/fom-website/drivers/A/ALEALB01_Alexander_Albon/alealb01.png.transform/1col/image.png
72,9069,24,zhou,ZHOU Guanyu,ZHO,Alfa Romeo,#C92D4B,https://www.formula1.com/content/dam/fom-website/drivers/G/GUAZHO01_Guanyu_Zhou/guazho01.png.transform/1col/image.png
73,9069,27,hulkenberg,Nico HULKENBERG,HUL,Haas F1 Team,#B6BABD,https://www.formula1.com/content/dam/fom-website/drivers/N/NICHUL01_Nico_Hulkenberg/nichul01.png.transform/1col/image.png
74,9069,31,ocon,Esteban OCON,OCO,Alpine,#2293D1,https://www.formula1.com/content/dam/fom-website/drivers/E/ESTOCO01_Esteban_Ocon/estoco01.png.transform/1col/image.png
75,9069,44,hamilton,Lewis HAMILTON,HAM,Mercedes,#6CD3BF,https://www.formula1.com/content/dam/fom-website/drivers/L/LEWHAM01_Lewis_Hamilton/lewham01.png.transform/1col/image.png
76,9069,55,sainz,Carlos SAINZ,SAI,Ferrari,#F91536,https://www.formula1.com/content/dam/fom-website/drivers/C/CARSAI01_Carlos_Sainz/carsai01.png.transform/1col/image.png
77,9069,63,russell,George RUSSELL,RUS,Mercedes,#6CD3BF,https://www.formula1.com/content/dam/fom-website/drivers/G/GEORUS01_George_Russell/georus01.png.transform/1col/image.png
78,9069,77,bottas,Valtteri BOTTAS,BOT,Alfa Romeo,#C92D4B,https://www.formula1.com/content/dam/fom-website/drivers/V/VALBOT01_Valtteri_Bottas/valbot01.png.transform/1col/image.png
79,9069,81,piastri,Oscar PIASTRI,PIA,McLaren,#F58020,https://www.formula1.com/content/dam/fom-website/drivers/O/OSCPIA01_Oscar_Piastri/oscpia01.png.transform/1col/image.png
80,9070,1,max_verstappen,Max VERSTAPPEN,VER,Red Bull Racing,#3671C6,https://www.formula1.com/content/dam/fom-website/drivers/M/MAXVER01_Max_Verstappen/maxver01.png.transform/1col/image.png
81,9070,2,sargeant,Logan SARGEANT,SAR,Williams,#37BEDD,https://www.formula1.com/content/dam/fom-website/drivers/L/LOGSAR01_Logan_Sargeant/logsar01.png.transform/1col/image.png
82,9070,4,norris,Lando NORRIS,NOR,McLaren,#F58020,https://www.formula1.com/content/dam/fom-website/drivers/L/LANNOR01_Lando_Norris/lannor01.png.transform/1col/image.png
83,9070,10,gasly,Pierre GASLY,GAS,Alpine,#2293D1,https://www.formula1.com/content/dam/fom-website/drivers/P/PIEGAS01_Pierre_Gasly/piegas01.png.transform/1col/image.png
84,9070,11,perez,Sergio PEREZ,PER,Red Bull Racing,#3671C6,https://www.formula1.com/content/dam/fom-website/drivers/S/SERPER01_Sergio_Perez/serper01.png.transform/1col/image.png
85,9070,14,alonso,Fernando ALONSO,ALO,Aston Martin,#358C75,https://www.formula1.com/content/dam/fom-website/drivers/F/FERALO01_Fernando_Alonso/feralo01.png.transform/1col/image.png
86,9070,16,leclerc,Charles LECLERC,LEC,Ferrari,#F91536,https://www.formula1.com/content/dam/fom-website/drivers/C/CHALEC01_Charles_Leclerc/chalec01.png.transform/1col/image.png
87,9070,18,stroll,Lance STROLL,STR,Aston Martin,#358C75,https://www.formula1.com/content/dam/fom-website/drivers/L/LANSTR01_Lance_Stroll/lanstr01.png.transform/1col/image.png
88,9070,20,kevin_magnussen,Kevin MAGNUSSEN,MAG,Haas F1 Team,#B6BABD,https://www.formula1.com/content/dam/fom-website/drivers/K/KEVMAG01_Kevin_Magnussen/kevmag01.png.transform/1col/image.png
89,9070,21,de_vries,Nyck DE VRIES,DEV,AlphaTauri,#5E8FAA,https://www.formula1.com/content/dam/fom-website/drivers/N/NYCDEV01_Nyck_De%20Vries/nycdev01.png.transform/1col/image.png
90,9070,22,tsunoda,Yuki TSUNODA,TSU,AlphaTauri,#5E8FAA,https://www.formula1.com/content/dam/fom-website/drivers/Y/YUKTSU01_Yuki_Tsunoda/yuktsu01.png.transform/1col/image.png
91,9070,23,albon,Alexander ALBON,ALB,Williams,#37BEDD,https://www.formula1.com/content/dam/fom-website/drivers/A/ALEALB01_Alexander_Albon/alealb01.png.transform/1col/image.png
92,9070,24,zhou,ZHOU Guanyu,ZHO,Alfa Romeo,#C92D4B,https://www.formula1.com/content/dam/fom-website/drivers/G/GUAZHO01_Guanyu_Zhou/guazho01.png.transform/1col/image.png
93,9070,27,hulkenberg,Nico HULKENBERG,HUL,Haas F1 Team,#B6BABD,https://www.formula1.com/content/dam/fom-website/drivers/N/NICHUL01_Nico_Hulkenberg/nichul01.png.transform/1col/image.png
94,9070,31,ocon,Esteban OCON,OCO,Alpine,#2293D1,https://www.formula1.com/content/dam/fom-website/drivers/E/ESTOCO01_Esteban_Ocon/estoco01.png.transform/1col/image.png
95,9070,44,hamilton,Lewis HAMILTON,HAM,Mercedes,#6CD3BF,https://www.formula1.com/content/dam/fom-website/drivers/L/LEWHAM01_Lewis_Hamilton/lewham01.png.transform/1col/image.png
96,9070,55,sainz,Carlos SAINZ,SAI,Ferrari,#F91536,https://www.formula1.com/content/dam/fom-website/drivers/C/CARSAI01_Carlos_Sainz/carsai01.png.transform/1col/image.png
97,9070,63,russell,George RUSSELL,RUS,Mercedes,#6CD3BF,https://www.formula1.com/content/dam/fom-website/drivers/G/GEORUS01_George_Russell/georus01.png.transform/1col/image.png
98,9070,77,bottas,Valtteri BOTTAS,BOT,Alfa Romeo,#C92D4B,https://www.formula1.com/content/dam/fom-website/drivers/V/VALBOT01_Valtteri_Bottas/valbot01.png.transform/1col/image.png
99,9070,81,piastri,Oscar PIASTRI,PIA,McLaren,#F58020,https://www.formula1.com/content/dam/fom-website/drivers/O/OSCPIA01_Oscar_Piastri/oscpia01.png.transform/1col/image.png
100,9078,1,max_verstappen,Max VERSTAPPEN,VER,Red Bull Racing,#3671C6,https://www.formula1.com/content/dam/fom-website/drivers/M/MAXVER01_Max_Verstappen/maxver01.png.transform/1col/image.png
101,9078,2,sargeant,Logan SARGEANT,SAR,Williams,#37BEDD,https://www.formula1.com/content/dam/fom-website/drivers/L/LOGSAR01_Logan_Sargeant/logsar01.png.transform/1col/image.png
102,9078,4,norris,Lando NORRIS,NOR,McLaren,#F58020,https://www.formula1.com/content/dam/fom-website/drivers/L/LANNOR01_Lando_Norris/lannor01.png.transform/1col/image.png
103,9078,10,gasly,Pierre GASLY,GAS,Alpine,#2293D1,https://www.formula1.com/content/dam/fom-website/drivers/P/PIEGAS01_Pierre_Gasly/piegas01.png.transform/1col/image.png
104,9078,11,perez,Sergio PEREZ,PER,Red Bull Racing,#3671C6,https://www.formula1.com/content/dam/fom-website/drivers/S/SERPER01_Sergio_Perez/serper01.png.transform/1col/image.png
105,9078,14,alonso,Fernando ALONSO,ALO,Aston Martin,#358C75,https://www.formula1.com/content/dam/fom-website/drivers/F/FERALO01_Fernando_Alonso/feralo01.png.transform/1col/image.png
106,9078,16,leclerc,Charles LECLERC,LEC,Ferrari,#F91536,https://www.formula1.com/content/dam/fom-website/drivers/C/CHALEC01_Charles_Leclerc/chalec01.png.transform/1col/image.png
107,9078,18,stroll,Lance STROLL,STR,Aston Martin,#358C75,https://www.formula1.com/content/dam/fom-website/drivers/L/LANSTR01_Lance_Stroll/lanstr01.png.transform/1col/image.png
108,9078,20,kevin_magnussen,Kevin MAGNUSSEN,MAG,Haas F1 Team,#B6BABD,https://www.formula1.com/content/dam/fom-website/drivers/K/KEVMAG01_Kevin_Magnussen/kevmag01.png.transform/1col/image.png
109,9078,21,de_vries,Nyck DE VRIES,DEV,AlphaTauri,#5E8FAA,https://www.formula1.com/content/dam/fom-website/drivers/N/NYCDEV01_Nyck_De%20Vries/nycdev01.png.transform/1col/image.png
110,9078,22,tsunoda,Yuki TSUNODA,TSU,AlphaTauri,#5E8FAA,https://www.formula1.com/content/dam/fom-website/drivers/Y/YUKTSU01_Yuki_Tsunoda/yuktsu01.png.transform/1col/image.png
111,9078,23,albon,Alexander ALBON,ALB,Williams,#37BEDD,https://www.formula1.com/content/dam/fom-website/drivers/A/ALEALB01_Alexander_Albon/alealb01.png.transform/1col/image.png
112,9078,24,zhou,ZHOU Guanyu,ZHO,Alfa Romeo,#C92D4B,https://www.formula1.com/content/dam/fom-website/drivers/G/GUAZHO01_Guanyu_Zhou/guazho01.png.transform/1col/image.png
113,9078,27,hulkenberg,Nico HULKENBERG,HUL,Haas F1 Team,#B6BABD,https://www.formula1.com/content/dam/fom-website/drivers/N/NICHUL01_Nico_Hulkenberg/nichul01.png.transform/1col/image.png
114,9078,31,ocon,Esteban OCON,OCO,Alpine,#2293D1,https://www.formula1.com/content/dam/fom-website/drivers/E/ESTOCO01_Esteban_Ocon/estoco01.png.transform/1col/image.png
115,9078,44,hamilton,Lewis HAMILTON,HAM,Mercedes,#6CD3BF,https://www.formula1.com/content/dam/fom-website/drivers/L/LEWHAM01_Lewis_Hamilton/lewham01.png.transform/1col/image.png
116,9078,55,sainz,Carlos SAINZ,SAI,Ferrari,#F91536,https://www.formula1.com/content/dam/fom-website/drivers/C/CARSAI01_Carlos_Sainz/carsai01.png.transform/1col/image.png
117,9078,63,russell,George RUSSELL,RUS,Mercedes,#6CD3BF,https://www.formula1.com/content/dam/fom-website/drivers/G/GEORUS01_George_Russell/georus01.png.transform/1col/image.png
118,9078,77,bottas,Valtteri BOTTAS,BOT,Alfa Romeo,#C92D4B,https://www.formula1.com/content/dam/fom-website/drivers/V/VALBOT01_Valtteri_Bottas/valbot01.png.transform/1col/image.png
119,9078,81,piastri,Oscar PIASTRI,PIA,McLaren,#F58020,https://www.formula1.com/content/dam/fom-website/drivers/O/OSCPIA01_Oscar_Piastri/oscpia01.png.transform/1col/image.png
120,9094,1,max_verstappen,Max VERSTAPPEN,VER,Red Bull Racing,#3671C6,https://www.formula1.com/content/dam/fom-website/drivers/M/MAXVER01_Max_Verstappen/maxver01.png.transform/1col/image.png
121,9094,2,sargeant,Logan SARGEANT,SAR,Williams,#37BEDD,https://www.formula1.com/content/dam/fom-website/drivers/L/LOGSAR01_Logan_Sargeant/logsar01.png.transform/1col/image.png
122,9094,4,norris,Lando NORRIS,NOR,McLaren,#F58020,https://www.formula1.com/content/dam/fom-website/drivers/L/LANNOR01_Lando_Norris/lannor01.png.transform/1col/image.png
123,9094,10,gasly,Pierre GASLY,GAS,Alpine,#2293D1,https://www.formula1.com/content/dam/fom-website/drivers/P/PIEGAS01_Pierre_Gasly/piegas01.png.transform/1col/image.png
124,9094,11,perez,Sergio PEREZ,PER,Red Bull Racing,#3671C6,https://www.formula1.com/content/dam/fom-website/drivers/S/SERPER01_Sergio_Perez/serper01.png.transform/1col/image.png
125,9094,14,alonso,Fernando ALONSO,ALO,Aston Martin,#358C75,https://www.formula1.com/content/dam/fom-website/drivers/F/FERALO01_Fernando_Alonso/feralo01.png.transform/1col/image.png
126,9094,16,leclerc,Charles LECLERC,LEC,Ferrari,#F91536,https://www.formula1.com/content/dam/fom-website/drivers/C/CHALEC01_Charles_Leclerc/chalec01.png.transform/1col/image.png
127,9094,18,stroll,Lance STROLL,STR,Aston Martin,#358C75,https://www.formula1.com/content/dam/fom-website/drivers/L/LANSTR01_Lance_Stroll/lanstr01.png.transform/1col/image.png
128,9094,20,kevin_magnussen,Kevin MAGNUSSEN,MAG,Haas F1 Team,#B6BABD,https://www.formula1.com/content/dam/fom-website/drivers/K/KEVMAG01_Kevin_Magnussen/kevmag01.png.transform/1col/image.png
129,9094,21,de_vries,Nyck DE VRIES,DEV,AlphaTauri,#5E8FAA,https://www.formula1.com/content/dam/fom-website/drivers/N/NYCDEV01_Nyck_De%20Vries/nycdev01.png.transform/1col/image.png
130,9094,22,tsunoda,Yuki TSUNODA,TSU,AlphaTauri,#5E8FAA,https://www.formula1.com/content/dam/fom-website/drivers/Y/YUKTSU01_Yuki_Tsunoda/yuktsu01.png.transform/1col/image.png
131,9094,23,albon,Alexander ALBON,ALB,Williams,#37BEDD,https://www.formula1.com/content/dam/fom-website/drivers/A/ALEALB01_Alexander_Albon/alealb01.png.transform/1col/image.png
132,9094,24,zhou,ZHOU Guanyu,ZHO,Alfa Romeo,#C92D4B,https://www.formula1.com/content/dam/fom-website/drivers/G/GUAZHO01_Guanyu_Zhou/guazho01.png.transform/1col/image.png
133,9094,27,hulkenberg,Nico HULKENBERG,HUL,Haas F1 Team,#B6BABD,https://www.formula1.com/content/dam/fom-website/drivers/N/NICHUL01_Nico_Hulkenberg/nichul01.png.transform/1col/image.png
134,9094,31,ocon,Esteban OCON,OCO,Alpine,#2293D1,https://www.formula1.com/content/dam/fom-website/drivers/E/ESTOCO01_Esteban_Ocon/estoco01.png.transform/1col/image.png
135,9094,44,hamilton,Lewis HAMILTON,HAM,Mercedes,#6CD3BF,https://www.formula1.com/content/dam/fom-website/drivers/L/LEWHAM01_Lewis_Hamilton/lewham01.png.transform/1col/image.png
136,9094,55,sainz,Carlos SAINZ,SAI,Ferrari,#F91536,https://www.formula1.com/content/dam/fom-website/drivers/C/CARSAI01_Carlos_Sainz/carsai01.png.transform/1col/image.png
137,9094,63,russell,George RUSSELL,RUS,Mercedes,#6CD3BF,https://www.formula1.com/content/dam/fom-website/drivers/G/GEORUS01_George_Russell/georus01.png.transform/1col/image.png
138,9094,77,bottas,Valtteri BOTTAS,BOT,Alfa Romeo,#C92D4B,https://www.formula1.com/content/dam/fom-website/drivers/V/VALBOT01_Valtteri_Bottas/valbot01.png.transform/1col/image.png
139,9094,81,piastri,Oscar PIASTRI,PIA,McLaren,#F58020,https://www.formula1.com/content/dam/fom-website/drivers/O/OSCPIA01_Oscar_Piastri/oscpia01.png.transform/1col/image.png
140,9102,1,max_verstappen,Max VERSTAPPEN,VER,Red Bull Racing,#3671C6,https://www.formula1.com/content/dam/fom-website/drivers/M/MAXVER01_Max_Verstappen/maxver01.png.transform/1col/image.png
141,9102,2,sargeant,Logan SARGEANT,SAR,Williams,#37BEDD,https://www.formula1.com/content/dam/fom-website/drivers/L/LOGSAR01_Logan_Sargeant/logsar01.png.transform/1col/image.png
142,9102,4,norris,Lando NORRIS,NOR,McLaren,#F58020,https://www.formula1.com/content/dam/fom-website/drivers/L/LANNOR01_Lando_Norris/lannor01.png.transform/1col/image.png
143,9102,10,gasly,Pierre GASLY,GAS,Alpine,#2293D1,https://www.formula1.com/content/dam/fom-website/drivers/P/PIEGAS01_Pierre_Gasly/piegas01.png.transform/1col/image.png
144,9102,11,perez,Sergio PEREZ,PER,Red Bull Racing,#3671C6,https://www.formula1.com/content/dam/fom-website/drivers/S/SERPER01_Sergio_Perez/serper01.png.transform/1col/image.png
145,9102,14,alonso,Fernando ALONSO,ALO,Aston Martin,#358C75,https://www.formula1.com/content/dam/fom-website/drivers/F/FERALO01_Fernando_Alonso/feralo01.png.transform/1col/image.png
146,9102,16,leclerc,Charles LECLERC,LEC,Ferrari,#F91536,https://www.formula1.com/content/dam/fom-website/drivers/C/CHALEC01_Charles_Leclerc/chalec01.png.transform/1col/image.png
147,9102,18,stroll,Lance STROLL,STR,Aston Martin,#358C75,https://www.formula1.com/content/dam/fom-website/drivers/L/LANSTR01_Lance_Stroll/lanstr01.png.transform/1col/image.png
148,9102,20,kevin_magnussen,Kevin MAGNUSSEN,MAG,Haas F1 Team,#B6BABD,https://www.formula1.com/content/dam/fom-website/drivers/K/KEVMAG01_Kevin_Magnussen/kevmag01.png.transform/1col/image.png
149,9102,21,de_vries,Nyck DE VRIES,DEV,AlphaTauri,#5E8FAA,https://www.formula1.com/content/dam/fom-website/drivers/N/NYCDEV01_Nyck_De%20Vries/nycdev01.png.transform/1col/image.png
150,9102,22,tsunoda,Yuki TSUNODA,TSU,AlphaTauri,#5E8FAA,https://www.formula1.com/content/dam/fom-website/drivers/Y/YUKTSU01_Yuki_Tsunoda/yuktsu01.png.transform/1col/image.png
151,9102,23,albon,Alexander ALBON,ALB,Williams,#37BEDD,https://www.formula1.com/content/dam/fom-website/drivers/A/ALEALB01_Alexander_Albon/alealb01.png.transform/1col/image.png
152,9102,24,zhou,ZHOU Guanyu,ZHO,Alfa Romeo,#C92D4B,https://www.formula1.com/content/dam/fom-website/drivers/G/GUAZHO01_Guanyu_Zhou/guazho01.png.transform/1col/image.png
153,9102,27,hulkenberg,Nico HULKENBERG,HUL,Haas F1 Team,#B6BABD,https://www.formula1.com/content/dam/fom-website/drivers/N/NICHUL01_Nico_Hulkenberg/nichul01.png.transform/1col/image.png
154,9102,31,ocon,Esteban OCON,OCO,Alpine,#2293D1,https://www.formula1.com/content/dam/fom-website/drivers/E/ESTOCO01_Esteban_Ocon/estoco01.png.transform/1col/image.png
155,9102,44,hamilton,Lewis HAMILTON,HAM,Mercedes,#6CD3BF,https://www.formula1.com/content/dam/fom-website/drivers/L/LEWHAM01_Lewis_Hamilton/lewham01.png.transform/1col/image.png
156,9102,55,sainz,Carlos SAINZ,SAI,Ferrari,#F91536,https://www.formula1.com/content/dam/fom-website/drivers/C/CARSAI01_Carlos_Sainz/carsai01.png.transform/1col/image.png
157,9102,63,russell,George RUSSELL,RUS,Mercedes,#6CD3BF,https://www.formula1.com/content/dam/fom-website/drivers/G/GEORUS01_George_Russell/georus01.png.transform/1col/image.png
158,9102,77,bottas,Valtteri BOTTAS,BOT,Alfa Romeo,#C92D4B,https://www.formula1.com/content/dam/fom-website/drivers/V/VALBOT01_Valtteri_Bottas/valbot01.png.transform/1col/image.png
159,9102,81,piastri,Oscar PIASTRI,PIA,McLaren,#F58020,https://www.formula1.com/content/dam/fom-website/drivers/O/OSCPIA01_Oscar_Piastri/oscpia01.png.transform/1col/image.png
160,9110,1,max_verstappen,Max VERSTAPPEN,VER,Red Bull Racing,#3671C6,https://www.formula1.com/content/dam/fom-website/drivers/M/MAXVER01_Max_Verstappen/maxver01.png.transform/1col/image.png
161,9110,2,sargeant,Logan SARGEANT,SAR,Williams,#37BEDD,https://www.formula1.com/content/dam/fom-website/drivers/L/LOGSAR01_Logan_Sargeant/logsar01.png.transform/1col/image.png
162,9110,4,norris,Lando NORRIS,NOR,McLaren,#F58020,https://www.formula1.com/content/dam/fom-website/drivers/L/LANNOR01_Lando_Norris/lannor01.png.transform/1col/image.png
163,9110,10,gasly,Pierre GASLY,GAS,Alpine,#2293D1,https://www.formula1.com/content/dam/fom-website/drivers/P/PIEGAS01_Pierre_Gasly/piegas01.png.transform/1col/image.png
164,9110,11,perez,Sergio PEREZ,PER,Red Bull Racing,#3671C6,https://www.formula1.com/content/dam/fom-website/drivers/S/SERPER01_Sergio_Perez/serper01.png.transform/1col/image.png
165,9110,14,alonso,Fernando ALONSO,ALO,Aston Martin,#358C75,https://www.formula1.com/content/dam/fom-website/drivers/F/FERALO01_Fernando_Alonso/feralo01.png.transform/1col/image.png
166,9110,16,leclerc,Charles LECLERC,LEC,Ferrari,#F91536,https://www.formula1.com/content/dam/fom-website/drivers/C/CHALEC01_Charles_Leclerc/chalec01.png.transform/1col/image.png
167,9110,18,stroll,Lance STROLL,STR,Aston Martin,#358C75,https://www.formula1.com/content/dam/fom-website/drivers/L/LANSTR01_Lance_Stroll/lanstr01.png.transform/1col/image.png
168,9110,20,kevin_magnussen,Kevin MAGNUSSEN,MAG,Haas F1 Team,#B6BABD,https://www.formula1.com/content/dam/fom-website/drivers/K/KEVMAG01_Kevin_Magnussen/kevmag01.png.transform/1col/image.png
169,9110,21,de_vries,Nyck DE VRIES,DEV,AlphaTauri,#5E8FAA,https://www.formula1.com/content/dam/fom-website/drivers/N/NYCDEV01_Nyck_De%20Vries/nycdev01.png.transform/1col/image.png
170,9110,22,tsunoda,Yuki TSUNODA,TSU,AlphaTauri,#5E8FAA,https://www.formula1.com/content/dam/fom-website/drivers/Y/YUKTSU01_Yuki_Tsunoda/yuktsu01.png.transform/1col/image.png
171,9110,23,albon,Alexander ALBON,ALB,Williams,#37BEDD,https://www.formula1.com/content/dam/fom-website/drivers/A/ALEALB01_Alexander_Albon/alealb01.png.transform/1col/image.png
172,9110,24,zhou,ZHOU Guanyu,ZHO,Alfa Romeo,#C92D4B,https://www.formula1.com/content/dam/fom-website/drivers/G/GUAZHO01_Guanyu_Zhou/guazho01.png.transform/1col/image.png
173,9110,27,hulkenberg,Nico HULKENBERG,HUL,Haas F1 Team,#B6BABD,https://www.formula1.com/content/dam/fom-website/drivers/N/NICHUL01_Nico_Hulkenberg/nichul01.png.transform/1col/image.png
174,9110,31,ocon,Esteban OCON,OCO,Alpine,#2293D1,https://www.formula1.com/content/dam/fom-website/drivers/E/ESTOCO01_Esteban_Ocon/estoco01.png.transform/1col/image.png
175,9110,44,hamilton,Lewis HAMILTON,HAM,Mercedes,#6CD3BF,https://www.formula1.com/content/dam/fom-website/drivers/L/LEWHAM01_Lewis_Hamilton/lewham01.png.transform/1col/image.png
176,9110,55,sainz,Carlos SAINZ,SAI,Ferrari,#F91536,https://www.formula1.com/content/dam/fom-website/drivers/C/CARSAI01_Carlos_Sainz/carsai01.png.transform/1col/image.png
177,9110,63,russell,George RUSSELL,RUS,Mercedes,#6CD3BF,https://www.formula1.com/content/dam/fom-website/drivers/G/GEORUS01_George_Russell/georus01.png.transform/1col/image.png
178,9110,77,bottas,Valtteri BOTTAS,BOT,Alfa Romeo,#C92D4B,https://www.formula1.com/content/dam/fom-website/drivers/V/VALBOT01_Valtteri_Bottas/valbot01.png.transform/1col/image.png
179,9110,81,piastri,Oscar PIASTRI,PIA,McLaren,#F58020,https://www.formula1.com/content/dam/fom-website/drivers/O/OSCPIA01_Oscar_Piastri/oscpia01.png.transform/1col/image.png
180,9117,1,max_verstappen,Max VERSTAPPEN,VER,Red Bull Racing,#3671C6,https://www.formula1.com/content/dam/fom-website/drivers/M/MAXVER01_Max_Verstappen/maxver01.png.transform/1col/image.png
181,9117,2,sargeant,Logan SARGEANT,SAR,Williams,#37BEDD,https://www.formula1.com/content/dam/fom-website/drivers/L/LOGSAR01_Logan_Sargeant/logsar01.png.transform/1col/image.png
182,9117,4,norris,Lando NORRIS,NOR,McLaren,#F58020,https://www.formula1.com/content/dam/fom-website/drivers/L/LANNOR01_Lando_Norris/lannor01.png.transform/1col/image.png
183,9117,10,gasly,Pierre GASLY,GAS,Alpine,#2293D1,https://www.formula1.com/content/dam/fom-website/drivers/P/PIEGAS01_Pierre_Gasly/piegas01.png.transform/1col/image.png
184,9117,11,perez,Sergio PEREZ,PER,Red Bull Racing,#3671C6,https://www.formula1.com/content/dam/fom-website/drivers/S/SERPER01_Sergio_Perez/serper01.png.transform/1col/image.png
185,9117,14,alonso,Fernando ALONSO,ALO,Aston Martin,#358C75,https://www.formula1.com/content/dam/fom-website/drivers/F/FERALO01_Fernando_Alonso/feralo01.png.transform/1col/image.png
186,9117,16,leclerc,Charles LECLERC,LEC,Ferrari,#F91536,https://www.formula1.com/content/dam/fom-website/drivers/C/CHALEC01_Charles_Leclerc/chalec01.png.transform/1col/image.png
187,9117,18,stroll,Lance STROLL,STR,Aston Martin,#358C75,https://www.formula1.com/content/dam/fom-website/drivers/L/LANSTR01_Lance_Stroll/lanstr01.png.transform/1col/image.png
188,9117,20,kevin_magnussen,Kevin MAGNUSSEN,MAG,Haas F1 Team,#B6BABD,https://www.formula1.com/content/dam/fom-website/drivers/K/KEVMAG01_Kevin_Magnussen/kevmag01.png.transform/1col/image.png
189,9117,21,de_vries,Nyck DE VRIES,DEV,AlphaTauri,#5E8FAA,https://www.formula1.com/content/dam/fom-website/drivers/N/NYCDEV01_Nyck_De%20Vries/nycdev01.png.transform/1col/image.png
190,9117,22,tsunoda,Yuki TSUNODA,TSU,AlphaTauri,#5E8FAA,https://www.formula1.com/content/dam/fom-website/drivers/Y/YUKTSU01_Yuki_Tsunoda/yuktsu01.png.transform/1col/image.png
191,9117,23,albon,Alexander ALBON,ALB,Williams,#37BEDD,https://www.formula1.com/content/dam/fom-website/drivers/A/ALEALB01_Alexander_Albon/alealb01.png.transform/1col/image.png
192,9117,24,zhou,ZHOU Guanyu,ZHO,Alfa Romeo,#C92D4B,https://www.formula1.com/content/dam/fom-website/drivers/G/GUAZHO01_Guanyu_Zhou/guazho01.png.transform/1col/image.png
193,9117,27,hulkenberg,Nico HULKENBERG,HUL,Haas F1 Team,#B6BABD,https://www.formula1.com/content/dam/fom-website/drivers/N/NICHUL01_Nico_Hulkenberg/nichul01.png.transform/1col/image.png
194,9117,31,ocon,Esteban OCON,OCO,Alpine,#2293D1,https://www.formula1.com/content/dam/fom-website/drivers/E/ESTOCO01_Esteban_Ocon/estoco01.png.transform/1col/image.png
195,9117,44,hamilton,Lewis HAMILTON,HAM,Mercedes,#6CD3BF,https://www.formula1.com/content/dam/fom-website/drivers/L/LEWHAM01_Lewis_Hamilton/lewham01.png.transform/1col/image.png
196,9117,55,sainz,Carlos SAINZ,SAI,Ferrari,#F91536,https://www.formula1.com/content/dam/fom-website/drivers/C/CARSAI01_Carlos_Sainz/carsai01.png.transform/1col/image.png
197,9117,63,russell,George RUSSELL,RUS,Mercedes,#6CD3BF,https://www.formula1.com/content/dam/fom-website/drivers/G/GEORUS01_George_Russell/georus01.png.transform/1col/image.png
198,9117,77,bottas,Valtteri BOTTAS,BOT,Alfa Romeo,#C92D4B,https://www.formula1.com/content/dam/fom-website/drivers/V/VALBOT01_Valtteri_Bottas/valbot01.png.transform/1col/image.png
199,9117,81,piastri,Oscar PIASTRI,PIA,McLaren,#F58020,https://www.formula1.com/content/dam/fom-website/drivers/O/OSCPIA01_Oscar_Piastri/oscpia01.png.transform/1col/image.png
200,9118,1,max_verstappen,Max VERSTAPPEN,VER,Red Bull Racing,#3671C6,https://www.formula1.com/content/dam/fom-website/drivers/M/MAXVER01_Max_Verstappen/maxver01.png.transform/1col/image.png
201,9118,2,sargeant,Logan SARGEANT,SAR,Williams,#37BEDD,https://www.formula1.com/content/dam/fom-website/drivers/L/LOGSAR01_Logan_Sargeant/logsar01.png.transform/1col/image.png
202,9118,4,norris,Lando NORRIS,NOR,McLaren,#F58020,https://www.formula1.com/content/dam/fom-website/drivers/L/LANNOR01_Lando_Norris/lannor01.png.transform/1col/image.png
203,9118,10,gasly,Pierre GASLY,GAS,Alpine,#2293D1,https://www.formula1.com/content/dam/fom-website/drivers/P/PIEGAS01_Pierre_Gasly/piegas01.png.transform/1col/image.png
204,9118,11,perez,Sergio PEREZ,PER,Red Bull Racing,#3671C6,https://www.formula1.com/content/dam/fom-website/drivers/S/SERPER01_Sergio_Perez/serper01.png.transform/1col/image.png
205,9118,14,alonso,Fernando ALONSO,ALO,Aston Martin,#358C75,https://www.formula1.com/content/dam/fom-website/drivers/F/FERALO01_Fernando_Alonso/feralo01.png.transform/1col/image.png
206,9118,16,leclerc,Charles LECLERC,LEC,Ferrari,#F91536,https://www.formula1.com/content/dam/fom-website/drivers/C/CHALEC01_Charles_Leclerc/chalec01.png.transform/1col/image.png
207,9118,18,stroll,Lance STROLL,STR,Aston Martin,#358C75,https://www.formula1.com/content/dam/fom-website/drivers/L/LANSTR01_Lance_Stroll/lanstr01.png.transform/1col/image.png
208,9118,20,kevin_magnussen,Kevin MAGNUSSEN,MAG,Haas F1 Team,#B6BABD,https://www.formula1.com/content/dam/fom-website/drivers/K/KEVMAG01_Kevin_Magnussen/kevmag01.png.transform/1col/image.png
209,9118,21,de_vries,Nyck DE VRIES,DEV,AlphaTauri,#5E8FAA,https://www.formula1.com/content/dam/fom-website/drivers/N/NYCDEV01_Nyck_De%20Vries/nycdev01.png.transform/1col/image.png
210,9118,22,tsunoda,Yuki TSUNODA,TSU,AlphaTauri,#5E8FAA,https://www.formula1.com/content/dam/fom-website/drivers/Y/YUKTSU01_Yuki_Tsunoda/yuktsu01.png.transform/1col/image.png
211,9118,23,albon,Alexander ALBON,ALB,Williams,#37BEDD,https://www.formula1.com/content/dam/fom-website/drivers/A/ALEALB01_Alexander_Albon/alealb01.png.transform/1col/image.png
212,9118,24,zhou,ZHOU Guanyu,ZHO,Alfa Romeo,#C92D4B,https://www.formula1.com/content/dam/fom-website/drivers/G/GUAZHO01_Guanyu_Zhou/guazho01.png.transform/1col/image.png
213,9118,27,hulkenberg,Nico HULKENBERG,HUL,Haas F1 Team,#B6BABD,https://www.formula1.com/content/dam/fom-website/drivers/N/NICHUL01_Nico_Hulkenberg/nichul01.png.transform/1col/image.png
214,9118,31,ocon,Esteban OCON,OCO,Alpine,#2293D1,https://www.formula1.com/content/dam/fom-website/drivers/E/ESTOCO01_Esteban_Ocon/estoco01.png.transform/1col/image.png
215,9118,44,hamilton,Lewis HAMILTON,HAM,Mercedes,#6CD3BF,https://www.formula1.com/content/dam/fom-website/drivers/L/LEWHAM01_Lewis_Hamilton/lewham01.png.transform/1col/image.png
216,9118,55,sainz,Carlos SAINZ,SAI,Ferrari,#F91536,https://www.formula1.com/content/dam/fom-website/drivers/C/CARSAI01_Carlos_Sainz/carsai01.png.transform/1col/image.png
217,9118,63,russell,George RUSSELL,RUS,Mercedes,#6CD3BF,https://www.formula1.com/content/dam/fom-website/drivers/G/GEORUS01_George_Russell/georus01.png.transform/1col/image.png
218,9118,77,bottas,Valtteri BOTTAS,BOT,Alfa Romeo,#C92D4B,https://www.formula1.com/content/dam/fom-website/drivers/V/VALBOT01_Valtteri_Bottas/valbot01.png.transform/1col/image.png
219,9118,81,piastri,Oscar PIASTRI,PIA,McLaren,#F58020,https://www.formula1.com/content/dam/fom-website/drivers/O/OSCPIA01_Oscar_Piastri/oscpia01.png.transform/1col/image.png
220,9126,1,max_verstappen,Max VERSTAPPEN,VER,Red Bull Racing,#3671C6,https://www.formula1.com/content/dam/fom-website/drivers/M/MAXVER01_Max_Verstappen/maxver01.png.transform/1col/image.png
221,9126,2,sargeant,Logan SARGEANT,SAR,Williams,#37BEDD,https://www.formula1.com/content/dam/fom-website/drivers/L/LOGSAR01_Logan_Sargeant/logsar01.png.transform/1col/image.png
222,9126,4,norris,Lando NORRIS,NOR,McLaren,#F58020,https://www.formula1.com/content/dam/fom-website/drivers/L/LANNOR01_Lando_Norris/lannor01.png.transform/1col/image.png
223,9126,10,gasly,Pierre GASLY,GAS,Alpine,#2293D1,https://www.formula1.com/content/dam/fom-website/drivers/P/PIEGAS01_Pierre_Gasly/piegas01.png.transform/1col/image.png
224,9126,11,perez,Sergio PEREZ,PER,Red Bull Racing,#3671C6,https://www.formula1.com/content/dam/fom-website/drivers/S/SERPER01_Sergio_Perez/serper01.png.transform/1col/image.png
225,9126,14,alonso,Fernando ALONSO,ALO,Aston Martin,#358C75,https://www.formula1.com/content/dam/fom-website/drivers/F/FERALO01_Fernando_Alonso/feralo01.png.transform/1col/image.png
226,9126,16,leclerc,Charles LECLERC,LEC,Ferrari,#F91536,https://www.formula1.com/content/dam/fom-website/drivers/C/CHALEC01_Charles_Leclerc/chalec01.png.transform/1col/image.png
227,9126,18,stroll,Lance STROLL,STR,Aston Martin,#358C75,https://www.formula1.com/content/dam/fom-website/drivers/L/LANSTR01_Lance_Stroll/lanstr01.png.transform/1col/image.png
228,9126,20,kevin_magnussen,Kevin MAGNUSSEN,MAG,Haas F1 Team,#B6BABD,https://www.formula1.com/content/dam/fom-website/drivers/K/KEVMAG01_Kevin_Magnussen/kevmag01.png.transform/1col/image.png
229,9126,21,de_vries,Nyck DE VRIES,DEV,AlphaTauri,#5E8FAA,https://www.formula1.com/content/dam/fom-website/drivers/N/NYCDEV01_Nyck_De%20Vries/nycdev01.png.transform/1col/image.png
230,9126,22,tsunoda,Yuki TSUNODA,TSU,AlphaTauri,#5E8FAA,https://www.formula1.com/content/dam/fom-website/drivers/Y/YUKTSU01_Yuki_Tsunoda/yuktsu01.png.transform/1col/image.png
231,9126,23,albon,Alexander ALBON,ALB,Williams,#37BEDD,https://www.formula1.com/content/dam/fom-website/drivers/A/ALEALB01_Alexander_Albon/alealb01.png.transform/1col/image.png
232,9126,24,zhou,ZHOU Guanyu,ZHO,Alfa Romeo,#C92D4B,https://www.formula1.com/content/dam/fom-website/drivers/G/GUAZHO01_Guanyu_Zhou/guazho01.png.transform/1col/image.png
233,9126,27,hulkenberg,Nico HULKENBERG,HUL,Haas F1 Team,#B6BABD,https://www.formula1.com/content/dam/fom-website/drivers/N/NICHUL01_Nico_Hulkenberg/nichul01.png.transform/1col/image.png
234,9126,31,ocon,Esteban OCON,OCO,Alpine,#2293D1,https://www.formula1.com/content/dam/fom-website/drivers/E/ESTOCO01_Esteban_Ocon/estoco01.png.transform/1col/image.png
235,9126,44,hamilton,Lewis HAMILTON,HAM,Mercedes,#6CD3BF,https://www.formula1.com/content/dam/fom-website/drivers/L/LEWHAM01_Lewis_Hamilton/lewham01.png.transform/1col/image.png
236,9126,55,sainz,Carlos SAINZ,SAI,Ferrari,#F91536,https://www.formula1.com/content/dam/fom-website/drivers/C/CARSAI01_Carlos_Sainz/carsai01.png.transform/1col/image.png
237,9126,63,russell,George RUSSELL,RUS,Mercedes,#6CD3BF,https://www.formula1.com/content/dam/fom-website/drivers/G/GEORUS01_George_Russell/georus01.png.transform/1col/image.png
238,9126,77,bottas,Valtteri BOTTAS,BOT,Alfa Romeo,#C92D4B,https://www.formula1.com/content/dam/fom-website/drivers/V/VALBOT01_Valtteri_Bottas/valbot01.png.transform/1col/image.png
239,9126,81,piastri,Oscar PIASTRI,PIA,McLaren,#F58020,https://www.formula1.com/content/dam/fom-website/drivers/O/OSCPIA01_Oscar_Piastri/oscpia01.png.transform/1col/image.png
240,9133,1,max_verstappen,Max VERSTAPPEN,VER,Red Bull Racing,#3671C6,https://www.formula1.com/content/dam/fom-website/drivers/M/MAXVER01_Max_Verstappen/maxver01.png.transform/1col/image.png
241,9133,2,sargeant,Logan SARGEANT,SAR,Williams,#37BEDD,https://www.formula1.com/content/dam/fom-website/drivers/L/LOGSAR01_Logan_Sargeant/logsar01.png.transform/1col/image.png
242,9133,3,ricciardo,Daniel RICCIARDO,RIC,AlphaTauri,#5E8FAA,
243,9133,4,norris,Lando NORRIS,NOR,McLaren,#F58020,https://www.formula1.com/content/dam/fom-website/drivers/L/LANNOR01_Lando_Norris/lannor01.png.transform/1col/image.png
244,9133,10,gasly,Pierre GASLY,GAS,Alpine,#2293D1,https://www.formula1.com/content/dam/fom-website/drivers/P/PIEGAS01_Pierre_Gasly/piegas01.png.transform/1col/image.png
245,9133,11,perez,Sergio PEREZ,PER,Red Bull Racing,#3671C6,https://www.formula1.com/content/dam/fom-website/drivers/S/SERPER01_Sergio_Perez/serper01.png.transform/1col/image.png
246,9133,14,alonso,Fernando ALONSO,ALO,Aston Martin,#358C75,https://www.formula1.com/content/dam/fom-website/drivers/F/FERALO01_Fernando_Alonso/feralo01.png.transform/1col/image.png
247,9133,16,leclerc,Charles LECLERC,LEC,Ferrari,#F91536,https://www.formula1.com/content/dam/fom-website/drivers/C/CHALEC01_Charles_Leclerc/chalec01.png.transform/1col/image.png
248,9133,18,stroll,Lance STROLL,STR,Aston Martin,#358C75,https://www.formula1.com/content/dam/fom-website/drivers/L/LANSTR01_Lance_Stroll/lanstr01.png.transform/1col/image.png
249,9133,20,kevin_magnussen,Kevin MAGNUSSEN,MAG,Haas F1 Team,#B6BABD,https://www.formula1.com/content/dam/fom-website/drivers/K/KEVMAG01_Kevin_Magnussen/kevmag01.png.transform/1col/image.png
250,9133,22,tsunoda,Yuki TSUNODA,TSU,AlphaTauri,#5E8FAA,https://www.formula1.com/content/dam/fom-website/drivers/Y/YUKTSU01_Yuki_Tsunoda/yuktsu01.png.transform/1col/image.png
251,9133,23,albon,Alexander ALBON,ALB,Williams,#37BEDD,https://www.formula1.com/content/dam/fom-website/drivers/A/ALEALB01_Alexander_Albon/alealb01.png.transform/1col/image.png
252,9133,24,zhou,ZHOU Guanyu,ZHO,Alfa Romeo,#C92D4B,https://www.formula1.com/content/dam/fom-website/drivers/G/GUAZHO01_Guanyu_Zhou/guazho01.png.transform/1col/image.png
253,9133,27,hulkenberg,Nico HULKENBERG,HUL,Haas F1 Team,#B6BABD,https://www.formula1.com/content/dam/fom-website/drivers/N/NICHUL01_Nico_Hulkenberg/nichul01.png.transform/1col/image.png
254,9133,31,ocon,Esteban OCON,OCO,Alpine,#2293D1,https://www.formula1.com/content/dam/fom-website/drivers/E/ESTOCO01_Esteban_Ocon/estoco01.png.transform/1col/image.png
255,9133,44,hamilton,Lewis HAMILTON,HAM,Mercedes,#6CD3BF,https://www.formula1.com/content/dam/fom-website/drivers/L/LEWHAM01_Lewis_Hamilton/lewham01.png.transform/1col/image.png
256,9133,55,sainz,Carlos SAINZ,SAI,Ferrari,#F91536,https://www.formula1.com/content/dam/fom-website/drivers/C/CARSAI01_Carlos_Sainz/carsai01.png.transform/1col/image.png
257,9133,63,russell,George RUSSELL,RUS,Mercedes,#6CD3BF,https://www.formula1.com/content/dam/fom-website/drivers/G/GEORUS01_George_Russell/georus01.png.transform/1col/image.png
258,9133,77,bottas,Valtteri BOTTAS,BOT,Alfa Romeo,#C92D4B,https://www.formula1.com/content/dam/fom-website/drivers/V/VALBOT01_Valtteri_Bottas/valbot01.png.transform/1col/image.png
259,9133,81,piastri,Oscar PIASTRI,PIA,McLaren,#F58020,https://www.formula1.com/content/dam/fom-website/drivers/O/OSCPIA01_Oscar_Piastri/oscpia01.png.transform/1col/image.png
260,9140,1,max_verstappen,Max VERSTAPPEN,VER,Red Bull Racing,#3671C6,https://www.formula1.com/content/dam/fom-website/drivers/M/MAXVER01_Max_Verstappen/maxver01.png.transform/1col/image.png
261,9140,2,sargeant,Logan SARGEANT,SAR,Williams,#37BEDD,https://www.formula1.com/content/dam/fom-website/drivers/L/LOGSAR01_Logan_Sargeant/logsar01.png.transform/1col/image.png
262,9140,3,ricciardo,Daniel RICCIARDO,RIC,AlphaTauri,#5E8FAA,
263,9140,4,norris,Lando NORRIS,NOR,McLaren,#F58020,https://www.formula1.com/content/dam/fom-website/drivers/L/LANNOR01_Lando_Norris/lannor01.png.transform/1col/image.png
264,9140,10,gasly,Pierre GASLY,GAS,Alpine,#2293D1,https://www.formula1.com/content/dam/fom-website/drivers/P/PIEGAS01_Pierre_Gasly/piegas01.png.transform/1col/image.png
265,9140,11,perez,Sergio PEREZ,PER,Red Bull Racing,#3671C6,https://www.formula1.com/content/dam/fom-website/drivers/S/SERPER01_Sergio_Perez/serper01.png.transform/1col/image.png
266,9140,14,alonso,Fernando ALONSO,ALO,Aston Martin,#358C75,https://www.formula1.com/content/dam/fom-website/drivers/F/FERALO01_Fernando_Alonso/feralo01.png.transform/1col/image.png
267,9140,16,leclerc,Charles LECLERC,LEC,Ferrari,#F91536,https://www.formula1.com/content/dam/fom-website/drivers/C/CHALEC01_Charles_Leclerc/chalec01.png.transform/1col/image.png
268,9140,18,stroll,Lance STROLL,STR,Aston Martin,#358C75,https://www.formula1.com/content/dam/fom-website/drivers/L/LANSTR01_Lance_Stroll/lanstr01.png.transform/1col/image.png
269,9140,20,kevin_magnussen,Kevin MAGNUSSEN,MAG,Haas F1 Team,#B6BABD,https://www.formula1.com/content/dam/fom-website/drivers/K/KEVMAG01_Kevin_Magnussen/kevmag01.png.transform/1col/image.png
270,9140,22,tsunoda,Yuki TSUNODA,TSU,AlphaTauri,#5E8FAA,https://www.formula1.com/content/dam/fom-website/drivers/Y/YUKTSU01_Yuki_Tsunoda/yuktsu01.png.transform/1col/image.png
271,9140,23,albon,Alexander ALBON,ALB,Williams,#37BEDD,https://www.formula1.com/content/dam/fom-website/drivers/A/ALEALB01_Alexander_Albon/alealb01.png.transform/1col/image.png
272,9140,24,zhou,ZHOU Guanyu,ZHO,Alfa Romeo,#C92D4B,https://www.formula1.com/content/dam/fom-website/drivers/G/GUAZHO01_Guanyu_Zhou/guazho01.png.transform/1col/image.png
273,9140,27,hulkenberg,Nico HULKENBERG,HUL,Haas F1 Team,#B6BABD,https://www.formula1.com/content/dam/fom-website/drivers/N/NICHUL01_Nico_Hulkenberg/nichul01.png.transform/1col/image.png
274,9140,31,ocon,Esteban OCON,OCO,Alpine,#2293D1,https://www.formula1.com/content/dam/fom-website/drivers/E/ESTOCO01_Esteban_Ocon/estoco01.png.transform/1col/image.png
275,9140,44,hamilton,Lewis HAMILTON,HAM,Mercedes,#6CD3BF,https://www.formula1.com/content/dam/fom-website/drivers/L/LEWHAM01_Lewis_Hamilton/lewham01.png.transform/1col/image.png
276,9140,55,sainz,Carlos SAINZ,SAI,Ferrari,#F91536,https://www.formula1.com/content/dam/fom-website/drivers/C/CARSAI01_Carlos_Sainz/carsai01.png.transform/1col/image.png
277,9140,63,russell,George RUSSELL,RUS,Mercedes,#6CD3BF,https://www.formula1.com/content/dam/fom-website/drivers/G/GEORUS01_George_Russell/georus01.png.transform/1col/image.png
278,9140,77,bottas,Valtteri BOTTAS,BOT,Alfa Romeo,#C92D4B,https://www.formula1.com/content/dam/fom-website/drivers/V/VALBOT01_Valtteri_Bottas/valbot01.png.transform/1col/image.png
279,9140,81,piastri,Oscar PIASTRI,PIA,McLaren,#F58020,https://www.formula1.com/content/dam/fom-website/drivers/O/OSCPIA01_Oscar_Piastri/oscpia01.png.transform/1col/image.png
280,9141,1,max_verstappen,Max VERSTAPPEN,VER,Red Bull Racing,#3671C6,https://www.formula1.com/content/dam/fom-website/drivers/M/MAXVER01_Max_Verstappen/maxver01.png.transform/1col/image.png
281,9141,2,sargeant,Logan SARGEANT,SAR,Williams,#37BEDD,https://www.formula1.com/content/dam/fom-website/drivers/L/LOGSAR01_Logan_Sargeant/logsar01.png.transform/1col/image.png
282,9141,3,ricciardo,Daniel RICCIARDO,RIC,AlphaTauri,#5E8FAA,
283,9141,4,norris,Lando NORRIS,NOR,McLaren,#F58020,https://www.formula1.com/content/dam/fom-website/drivers/L/LANNOR01_Lando_Norris/lannor01.png.transform/1col/image.png
284,9141,10,gasly,Pierre GASLY,GAS,Alpine,#2293D1,https://www.formula1.com/content/dam/fom-website/drivers/P/PIEGAS01_Pierre_Gasly/piegas01.png.transform/1col/image.png
285,9141,11,perez,Sergio PEREZ,PER,Red Bull Racing,#3671C6,https://www.formula1.com/content/dam/fom-website/drivers/S/SERPER01_Sergio_Perez/serper01.png.transform/1col/image.png
286,9141,14,alonso,Fernando ALONSO,ALO,Aston Martin,#358C75,https://www.formula1.com/content/dam/fom-website/drivers/F/FERALO01_Fernando_Alonso/feralo01.png.transform/1col/image.png
287,9141,16,leclerc,Charles LECLERC,LEC,Ferrari,#F91536,https://www.formula1.com/content/dam/fom-website/drivers/C/CHALEC01_Charles_Leclerc/chalec01.png.transform/1col/image.png
288,9141,18,stroll,Lance STROLL,STR,Aston Martin,#358C75,https://www.formula1.com/content/dam/fom-website/drivers/L/LANSTR01_Lance_Stroll/lanstr01.png.transform/1col/image.png
289,9141,20,kevin_magnussen,Kevin MAGNUSSEN,MAG,Haas F1 Team,#B6BABD,https://www.formula1.com/content/dam/fom-website/drivers/K/KEVMAG01_Kevin_Magnussen/kevmag01.png.transform/1col/image.png
290,9141,22,tsunoda,Yuki TSUNODA,TSU,AlphaTauri,#5E8FAA,https://www.formula1.com/content/dam/fom-website/drivers/Y/YUKTSU01_Yuki_Tsunoda/yuktsu01.png.transform/1col/image.png
291,9141,23,albon,Alexander ALBON,ALB,Williams,#37BEDD,https://www.formula1.com/content/dam/fom-website/drivers/A/ALEALB01_Alexander_Albon/alealb01.png.transform/1col/image.png
292,9141,24,zhou,ZHOU Guanyu,ZHO,Alfa Romeo,#C92D4B,https://www.formula1.com/content/dam/fom-website/drivers/G/GUAZHO01_Guanyu_Zhou/guazho01.png.transform/1col/image.png
293,9141,27,hulkenberg,Nico HULKENBERG,HUL,Haas F1 Team,#B6BABD,https://www.formula1.com/content/dam/fom-website/drivers/N/NICHUL01_Nico_Hulkenberg/nichul01.png.transform/1col/image.png
294,9141,31,ocon,Esteban OCON,OCO,Alpine,#2293D1,https://www.formula1.com/content/dam/fom-website/drivers/E/ESTOCO01_Esteban_Ocon/estoco01.png.transform/1col/image.png
295,9141,44,hamilton,Lewis HAMILTON,HAM,Mercedes,#6CD3BF,https://www.formula1.com/content/dam/fom-website/drivers/L/LEWHAM01_Lewis_Hamilton/lewham01.png.transform/1col/image.png
296,9141,55,sainz,Carlos SAINZ,SAI,Ferrari,#F91536,https://www.formula1.com/content/dam/fom-website/drivers/C/CARSAI01_Carlos_Sainz/carsai01.png.transform/1col/image.png
297,9141,63,russell,George RUSSELL,RUS,Mercedes,#6CD3BF,https://www.formula1.com/content/dam/fom-website/drivers/G/GEORUS01_George_Russell/georus01.png.transform/1col/image.png
298,9141,77,bottas,Valtteri BOTTAS,BOT,Alfa Romeo,#C92D4B,https://www.formula1.com/content/dam/fom-website/drivers/V/VALBOT01_Valtteri_Bottas/valbot01.png.transform/1col/image.png
299,9141,81,piastri,Oscar PIASTRI,PIA,McLaren,#F58020,https://www.formula1.com/content/dam/fom-website/drivers/O/OSCPIA01_Oscar_Piastri/oscpia01.png.transform/1col/image.png
300,9149,1,max_verstappen,Max VERSTAPPEN,VER,Red Bull Racing,#3671C6,https://www.formula1.com/content/dam/fom-website/drivers/M/MAXVER01_Max_Verstappen/maxver01.png.transform/1col/image.png
301,9149,2,sargeant,Logan SARGEANT,SAR,Williams,#37BEDD,https://www.formula1.com/content/dam/fom-website/drivers/L/LOGSAR01_Logan_Sargeant/logsar01.png.transform/1col/image.png
302,9149,4,norris,Lando NORRIS,NOR,McLaren,#F58020,https://www.formula1.com/content/dam/fom-website/drivers/L/LANNOR01_Lando_Norris/lannor01.png.transform/1col/image.png
303,9149,10,gasly,Pierre GASLY,GAS,Alpine,#2293D1,https://www.formula1.com/content/dam/fom-website/drivers/P/PIEGAS01_Pierre_Gasly/piegas01.png.transform/1col/image.png
304,9149,11,perez,Sergio PEREZ,PER,Red Bull Racing,#3671C6,https://www.formula1.com/content/dam/fom-website/drivers/S/SERPER01_Sergio_Perez/serper01.png.transform/1col/image.png
305,9149,14,alonso,Fernando ALONSO,ALO,Aston Martin,#358C75,https://www.formula1.com/content/dam/fom-website/drivers/F/FERALO01_Fernando_Alonso/feralo01.png.transform/1col/image.png
306,9149,16,leclerc,Charles LECLERC,LEC,Ferrari,#F91536,https://www.formula1.com/content/dam/fom-website/drivers/C/CHALEC01_Charles_Leclerc/chalec01.png.transform/1col/image.png
307,9149,18,stroll,Lance STROLL,STR,Aston Martin,#358C75,https://www.formula1.com/content/dam/fom-website/drivers/L/LANSTR01_Lance_Stroll/lanstr01.png.transform/1col/image.png
308,9149,20,kevin_magnussen,Kevin MAGNUSSEN,MAG,Haas F1 Team,#B6BABD,https://www.formula1.com/content/dam/fom-website/drivers/K/KEVMAG01_Kevin_Magnussen/kevmag01.png.transform/1col/image.png
309,9149,22,tsunoda,Yuki TSUNODA,TSU,AlphaTauri,#5E8FAA,https://www.formula1.com/content/dam/fom-website/drivers/Y/YUKTSU01_Yuki_Tsunoda/yuktsu01.png.transform/1col/image.png
310,9149,23,albon,Alexander ALBON,ALB,Williams,#37BEDD,https://www.formula1.com/content/dam/fom-website/drivers/A/ALEALB01_Alexander_Albon/alealb01.png.transform/1col/image.png
311,9149,24,zhou,ZHOU Guanyu,ZHO,Alfa Romeo,#C92D4B,https://www.formula1.com/content/dam/fom-website/drivers/G/GUAZHO01_Guanyu_Zhou/guazho01.png.transform/1col/image.png
312,9149,27,hulkenberg,Nico HULKENBERG,HUL,Haas F1 Team,#B6BABD,https://www.formula1.com/content/dam/fom-website/drivers/N/NICHUL01_Nico_Hulkenberg/nichul01.png.transform/1col/image.png
313,9149,31,ocon,Esteban OCON,OCO,Alpine,#2293D1,https://www.formula1.com/content/dam/fom-website/drivers/E/ESTOCO01_Esteban_Ocon/estoco01.png.transform/1col/image.png
314,9149,40,lawson,Liam LAWSON,LAW,AlphaTauri,#5E8FAA,
315,9149,44,hamilton,Lewis HAMILTON,HAM,Mercedes,#6CD3BF,https://www.formula1.com/content/dam/fom-website/drivers/L/LEWHAM01_Lewis_Hamilton/lewham01.png.transform/1col/image.png
316,9149,55,sainz,Carlos SAINZ,SAI,Ferrari,#F91536,https://www.formula1.com/content/dam/fom-website/drivers/C/CARSAI01_Carlos_Sainz/carsai01.png.transform/1col/image.png
317,9149,63,russell,George RUSSELL,RUS,Mercedes,#6CD3BF,https://www.formula1.com/content/dam/fom-website/drivers/G/GEORUS01_George_Russell/georus01.png.transform/1col/image.png
318,9149,77,bottas,Valtteri BOTTAS,BOT,Alfa Romeo,#C92D4B,https://www.formula1.com/content/dam/fom-website/drivers/V/VALBOT01_Valtteri_Bottas/valbot01.png.transform/1col/image.png
319,9149,81,piastri,Oscar PIASTRI,PIA,McLaren,#F58020,https://www.formula1.com/content/dam/fom-website/drivers/O/OSCPIA01_Oscar_Piastri/oscpia01.png.transform/1col/image.png
320,9157,1,max_verstappen,Max VERSTAPPEN,VER,Red Bull Racing,#3671C6,https://www.formula1.com/content/dam/fom-website/drivers/M/MAXVER01_Max_Verstappen/maxver01.png.transform/1col/image.png
321,9157,2,sargeant,Logan SARGEANT,SAR,Williams,#37BEDD,https://www.formula1.com/content/dam/fom-website/drivers/L/LOGSAR01_Logan_Sargeant/logsar01.png.transform/1col/image.png
322,9157,4,norris,Lando NORRIS,NOR,McLaren,#F58020,https://www.formula1.com/content/dam/fom-website/drivers/L/LANNOR01_Lando_Norris/lannor01.png.transform/1col/image.png
323,9157,10,gasly,Pierre GASLY,GAS,Alpine,#2293D1,https://www.formula1.com/content/dam/fom-website/drivers/P/PIEGAS01_Pierre_Gasly/piegas01.png.transform/1col/image.png
324,9157,11,perez,Sergio PEREZ,PER,Red Bull Racing,#3671C6,https://www.formula1.com/content/dam/fom-website/drivers/S/SERPER01_Sergio_Perez/serper01.png.transform/1col/image.png
325,9157,14,alonso,Fernando ALONSO,ALO,Aston Martin,#358C75,https://www.formula1.com/content/dam/fom-website/drivers/F/FERALO01_Fernando_Alonso/feralo01.png.transform/1col/image.png
326,9157,16,leclerc,Charles LECLERC,LEC,Ferrari,#F91536,https://www.formula1.com/content/dam/fom-website/drivers/C/CHALEC01_Charles_Leclerc/chalec01.png.transform/1col/image.png
327,9157,18,stroll,Lance STROLL,STR,Aston Martin,#358C75,https://www.formula1.com/content/dam/fom-website/drivers/L/LANSTR01_Lance_Stroll/lanstr01.png.transform/1col/image.png
328,9157,20,kevin_magnussen,Kevin MAGNUSSEN,MAG,Haas F1 Team,#B6BABD,https://www.formula1.com/content/dam/fom-website/drivers/K/KEVMAG01_Kevin_Magnussen/kevmag01.png.transform/1col/image.png
329,9157,22,tsunoda,Yuki TSUNODA,TSU,AlphaTauri,#5E8FAA,https://www.formula1.com/content/dam/fom-website/drivers/Y/YUKTSU01_Yuki_Tsunoda/yuktsu01.png.transform/1col/image.png
330,9157,23,albon,Alexander ALBON,ALB,Williams,#37BEDD,https://www.formula1.com/content/dam/fom-website/drivers/A/ALEALB01_Alexander_Albon/alealb01.png.transform/1col/image.png
331,9157,24,zhou,ZHOU Guanyu,ZHO,Alfa Romeo,#C92D4B,https://www.formula1.com/content/dam/fom-website/drivers/G/GUAZHO01_Guanyu_Zhou/guazho01.png.transform/1col/image.png
332,9157,27,hulkenberg,Nico HULKENBERG,HUL,Haas F1 Team,#B6BABD,https://www.formula1.com/content/dam/fom-website/drivers/N/NICHUL01_Nico_Hulkenberg/nichul01.png.transform/1col/image.png
333,9157,31,ocon,Esteban OCON,OCO,Alpine,#2293D1,https://www.formula1.com/content/dam/fom-website/drivers/E/ESTOCO01_Esteban_Ocon/estoco01.png.transform/1col/image.png
334,9157,40,lawson,Liam LAWSON,LAW,AlphaTauri,#5E8FAA,
335,9157,44,hamilton,Lewis HAMILTON,HAM,Mercedes,#6CD3BF,https://www.formula1.com/content/dam/fom-website/drivers/L/LEWHAM01_Lewis_Hamilton/lewham01.png.transform/1col/image.png
336,9157,55,sainz,Carlos SAINZ,SAI,Ferrari,#F91536,https://www.formula1.com/content/dam/fom-website/drivers/C/CARSAI01_Carlos_Sainz/carsai01.png.transform/1col/image.png
337,9157,63,russell,George RUSSELL,RUS,Mercedes,#6CD3BF,https://www.formula1.com/content/dam/fom-website/drivers/G/GEORUS01_George_Russell/georus01.png.transform/1col/image.png
338,9157,77,bottas,Valtteri BOTTAS,BOT,Alfa Romeo,#C92D4B,https://www.formula1.com/content/dam/fom-website/drivers/V/VALBOT01_Valtteri_Bottas/valbot01.png.transform/1col/image.png
339,9157,81,piastri,Oscar PIASTRI,PIA,McLaren,#F58020,https://www.formula1.com/content/dam/fom-website/drivers/O/OSCPIA01_Oscar_Piastri/oscpia01.png.transform/1col/image.png
340,9165,1,max_verstappen,Max VERSTAPPEN,VER,Red Bull Racing,#3671C6,https://www.formula1.com/content/dam/fom-website/drivers/M/MAXVER01_Max_Verstappen/maxver01.png.transform/1col/image.png
341,9165,2,sargeant,Logan SARGEANT,SAR,Williams,#37BEDD,https://www.formula1.com/content/dam/fom-website/drivers/L/LOGSAR01_Logan_Sargeant/logsar01.png.transform/1col/image.png
342,9165,4,norris,Lando NORRIS,NOR,McLaren,#F58020,https://www.formula1.com/content/dam/fom-website/drivers/L/LANNOR01_Lando_Norris/lannor01.png.transform/1col/image.png
343,9165,10,gasly,Pierre GASLY,GAS,Alpine,#2293D1,https://www.formula1.com/content/dam/fom-website/drivers/P/PIEGAS01_Pierre_Gasly/piegas01.png.transform/1col/image.png
344,9165,11,perez,Sergio PEREZ,PER,Red Bull Racing,#3671C6,https://www.formula1.com/content/dam/fom-website/drivers/S/SERPER01_Sergio_Perez/serper01.png.transform/1col/image.png
345,9165,14,alonso,Fernando ALONSO,ALO,Aston Martin,#358C75,https://www.formula1.com/content/dam/fom-website/drivers/F/FERALO01_Fernando_Alonso/feralo01.png.transform/1col/image.png
346,9165,16,leclerc,Charles LECLERC,LEC,Ferrari,#F91536,https://www.formula1.com/content/dam/fom-website/drivers/C/CHALEC01_Charles_Leclerc/chalec01.png.transform/1col/image.png
347,9165,20,kevin_magnussen,Kevin MAGNUSSEN,MAG,Haas F1 Team,#B6BABD,https://www.formula1.com/content/dam/fom-website/drivers/K/KEVMAG01_Kevin_Magnussen/kevmag01.png.transform/1col/image.png
348,9165,22,tsunoda,Yuki TSUNODA,TSU,AlphaTauri,#5E8FAA,https://www.formula1.com/content/dam/fom-website/drivers/Y/YUKTSU01_Yuki_Tsunoda/yuktsu01.png.transform/1col/image.png
349,9165,23,albon,Alexander ALBON,ALB,Williams,#37BEDD,https://www.formula1.com/content/dam/fom-website/drivers/A/ALEALB01_Alexander_Albon/alealb01.png.transform/1col/image.png
350,9165,24,zhou,ZHOU Guanyu,ZHO,Alfa Romeo,#C92D4B,https://www.formula1.com/content/dam/fom-website/drivers/G/GUAZHO01_Guanyu_Zhou/guazho01.png.transform/1col/image.png
351,9165,27,hulkenberg,Nico HULKENBERG,HUL,Haas F1 Team,#B6BABD,https://www.formula1.com/content/dam/fom-website/drivers/N/NICHUL01_Nico_Hulkenberg/nichul01.png.transform/1col/image.png
352,9165,31,ocon,Esteban OCON,OCO,Alpine,#2293D1,https://www.formula1.com/content/dam/fom-website/drivers/E/ESTOCO01_Esteban_Ocon/estoco01.png.transform/1col/image.png
353,9165,40,lawson,Liam LAWSON,LAW,AlphaTauri,#5E8FAA,
354,9165,44,hamilton,Lewis HAMILTON,HAM,Mercedes,#6CD3BF,https://www.formula1.com/content/dam/fom-website/drivers/L/LEWHAM01_Lewis_Hamilton/lewham01.png.transform/1col/image.png
355,9165,55,sainz,Carlos SAINZ,SAI,Ferrari,#F91536,https://www.formula1.com/content/dam/fom-website/drivers/C/CARSAI01_Carlos_Sainz/carsai01.png.transform/1col/image.png
356,9165,63,russell,George RUSSELL,RUS,Mercedes,#6CD3BF,https://www.formula1.com/content/dam/fom-website/drivers/G/GEORUS01_George_Russell/georus01.png.transform/1col/image.png
357,9165,77,bottas,Valtteri BOTTAS,BOT,Alfa Romeo,#C92D4B,https://www.formula1.com/content/dam/fom-website/drivers/V/VALBOT01_Valtteri_Bottas/valbot01.png.transform/1col/image.png
358,9165,81,piastri,Oscar PIASTRI,PIA,McLaren,#F58020,https://www.formula1.com/content/dam/fom-website/drivers/O/OSCPIA01_Oscar_Piastri/oscpia01.png.transform/1col/image.png
359,9173,1,max_verstappen,Max VERSTAPPEN,VER,Red Bull Racing,#3671C6,https://www.formula1.com/content/dam/fom-website/drivers/M/MAXVER01_Max_Verstappen/maxver01.png.transform/1col/image.png
360,9173,2,sargeant,Logan SARGEANT,SAR,Williams,#37BEDD,https://www.formula1.com/content/dam/fom-website/drivers/L/LOGSAR01_Logan_Sargeant/logsar01.png.transform/1col/image.png
361,9173,4,norris,Lando NORRIS,NOR,McLaren,#F58020,https://www.formula1.com/content/dam/fom-website/drivers/L/LANNOR01_Lando_Norris/lannor01.png.transform/1col/image.png
362,9173,10,gasly,Pierre GASLY,GAS,Alpine,#2293D1,https://www.formula1.com/content/dam/fom-website/drivers/P/PIEGAS01_Pierre_Gasly/piegas01.png.transform/1col/image.png
363,9173,11,perez,Sergio PEREZ,PER,Red Bull Racing,#3671C6,https://www.formula1.com/content/dam/fom-website/drivers/S/SERPER01_Sergio_Perez/serper01.png.transform/1col/image.png
364,9173,14,alonso,Fernando ALONSO,ALO,Aston Martin,#358C75,https://www.formula1.com/content/dam/fom-website/drivers/F/FERALO01_Fernando_Alonso/feralo01.png.transform/1col/image.png
365,9173,16,leclerc,Charles LECLERC,LEC,Ferrari,#F91536,https://www.formula1.com/content/dam/fom-website/drivers/C/CHALEC01_Charles_Leclerc/chalec01.png.transform/1col/image.png
366,9173,18,stroll,Lance STROLL,STR,Aston Martin,#358C75,https://www.formula1.com/content/dam/fom-website/drivers/L/LANSTR01_Lance_Stroll/lanstr01.png.transform/1col/image.png
367,9173,20,kevin_magnussen,Kevin MAGNUSSEN,MAG,Haas F1 Team,#B6BABD,https://www.formula1.com/content/dam/fom-website/drivers/K/KEVMAG01_Kevin_Magnussen/kevmag01.png.transform/1col/image.png
368,9173,22,tsunoda,Yuki TSUNODA,TSU,AlphaTauri,#5E8FAA,https://www.formula1.com/content/dam/fom-website/drivers/Y/YUKTSU01_Yuki_Tsunoda/yuktsu01.png.transform/1col/image.png
369,9173,23,albon,Alexander ALBON,ALB,Williams,#37BEDD,https://www.formula1.com/content/dam/fom-website/drivers/A/ALEALB01_Alexander_Albon/alealb01.png.transform/1col/image.png
370,9173,24,zhou,ZHOU Guanyu,ZHO,Alfa Romeo,#C92D4B,https://www.formula1.com/content/dam/fom-website/drivers/G/GUAZHO01_Guanyu_Zhou/guazho01.png.transform/1col/image.png
371,9173,27,hulkenberg,Nico HULKENBERG,HUL,Haas F1 Team,#B6BABD,https://www.formula1.com/content/dam/fom-website/drivers/N/NICHUL01_Nico_Hulkenberg/nichul01.png.transform/1col/image.png
372,9173,31,ocon,Esteban OCON,OCO,Alpine,#2293D1,https://www.formula1.com/content/dam/fom-website/drivers/E/ESTOCO01_Esteban_Ocon/estoco01.png.transform/1col/image.png
373,9173,40,lawson,Liam LAWSON,LAW,AlphaTauri,#5E8FAA,
374,9173,44,hamilton,Lewis HAMILTON,HAM,Mercedes,#6CD3BF,https://www.formula1.com/content/dam/fom-website/drivers/L/LEWHAM01_Lewis_Hamilton/lewham01.png.transform/1col/image.png
375,9173,55,sainz,Carlos SAINZ,SAI,Ferrari,#F91536,https://www.formula1.com/content/dam/fom-website/drivers/C/CARSAI01_Carlos_Sainz/carsai01.png.transform/1col/image.png
376,9173,63,russell,George RUSSELL,RUS,Mercedes,#6CD3BF,https://www.formula1.com/content/dam/fom-website/drivers/G/GEORUS01_George_Russell/georus01.png.transform/1col/image.png
377,9173,77,bottas,Valtteri BOTTAS,BOT,Alfa Romeo,#C92D4B,https://www.formula1.com/content/dam/fom-website/drivers/V/VALBOT01_Valtteri_Bottas/valbot01.png.transform/1col/image.png
378,9173,81,piastri,Oscar PIASTRI,PIA,McLaren,#F58020,https://www.formula1.com/content/dam/fom-website/drivers/O/OSCPIA01_Oscar_Piastri/oscpia01.png.transform/1col/image.png
379,9220,1,max_verstappen,Max VERSTAPPEN,VER,Red Bull Racing,#3671C6,https://www.formula1.com/content/dam/fom-website/drivers/M/MAXVER01_Max_Verstappen/maxver01.png.transform/1col/image.png
380,9220,2,sargeant,Logan SARGEANT,SAR,Williams,#37BEDD,https://www.formula1.com/content/dam/fom-website/drivers/L/LOGSAR01_Logan_Sargeant/logsar01.png.transform/1col/image.png
381,9220,4,norris,Lando NORRIS,NOR,McLaren,#F58020,https://www.formula1.com/content/dam/fom-website/drivers/L/LANNOR01_Lando_Norris/lannor01.png.transform/1col/image.png
382,9220,10,gasly,Pierre GASLY,GAS,Alpine,#2293D1,https://www.formula1.com/content/dam/fom-website/drivers/P/PIEGAS01_Pierre_Gasly/piegas01.png.transform/1col/image.png
383,9220,11,perez,Sergio PEREZ,PER,Red Bull Racing,#3671C6,https://www.formula1.com/content/dam/fom-website/drivers/S/SERPER01_Sergio_Perez/serper01.png.transform/1col/image.png
384,9220,14,alonso,Fernando ALONSO,ALO,Aston Martin,#358C75,https://www.formula1.com/content/dam/fom-website/drivers/F/FERALO01_Fernando_Alonso/feralo01.png.transform/1col/image.png
385,9220,16,leclerc,Charles LECLERC,LEC,Ferrari,#F91536,https://www.formula1.com/content/dam/fom-website/drivers/C/CHALEC01_Charles_Leclerc/chalec01.png.transform/1col/image.png
386,9220,18,stroll,Lance STROLL,STR,Aston Martin,#358C75,https://www.formula1.com/content/dam/fom-website/drivers/L/LANSTR01_Lance_Stroll/lanstr01.png.transform/1col/image.png
387,9220,20,kevin_magnussen,Kevin MAGNUSSEN,MAG,Haas F1 Team,#B6BABD,https://www.formula1.com/content/dam/fom-website/drivers/K/KEVMAG01_Kevin_Magnussen/kevmag01.png.transform/1col/image.png
388,9220,22,tsunoda,Yuki TSUNODA,TSU,AlphaTauri,#5E8FAA,https://www.formula1.com/content/dam/fom-website/drivers/Y/YUKTSU01_Yuki_Tsunoda/yuktsu01.png.transform/1col/image.png
389,9220,23,albon,Alexander ALBON,ALB,Williams,#37BEDD,https://www.formula1.com/content/dam/fom-website/drivers/A/ALEALB01_Alexander_Albon/alealb01.png.transform/1col/image.png
390,9220,24,zhou,ZHOU Guanyu,ZHO,Alfa Romeo,#C92D4B,https://www.formula1.com/content/dam/fom-website/drivers/G/GUAZHO01_Guanyu_Zhou/guazho01.png.transform/1col/image.png
391,9220,27,hulkenberg,Nico HULKENBERG,HUL,Haas F1 Team,#B6BABD,https://www.formula1.com/content/dam/fom-website/drivers/N/NICHUL01_Nico_Hulkenberg/nichul01.png.transform/1col/image.png
392,9220,31,ocon,Esteban OCON,OCO,Alpine,#2293D1,https://www.formula1.com/content/dam/fom-website/drivers/E/ESTOCO01_Esteban_Ocon/estoco01.png.transform/1col/image.png
393,9220,40,lawson,Liam LAWSON,LAW,AlphaTauri,#5E8FAA,
394,9220,44,hamilton,Lewis HAMILTON,HAM,Mercedes,#6CD3BF,https://www.formula1.com/content/dam/fom-website/drivers/L/LEWHAM01_Lewis_Hamilton/lewham01.png.transform/1col/image.png
395,9220,55,sainz,Carlos SAINZ,SAI,Ferrari,#F91536,https://www.formula1.com/content/dam/fom-website/drivers/C/CARSAI01_Carlos_Sainz/carsai01.png.transform/1col/image.png
396,9220,63,russell,George RUSSELL,RUS,Mercedes,#6CD3BF,https://www.formula1.com/content/dam/fom-website/drivers/G/GEORUS01_George_Russell/georus01.png.transform/1col/image.png
397,9220,77,bottas,Valtteri BOTTAS,BOT,Alfa Romeo,#C92D4B,https://www.formula1.com/content/dam/fom-website/drivers/V/VALBOT01_Valtteri_Bottas/valbot01.png.transform/1col/image.png
398,9220,81,piastri,Oscar PIASTRI,PIA,McLaren,#F58020,https://www.formula1.com/content/dam/fom-website/drivers/O/OSCPIA01_Oscar_Piastri/oscpia01.png.transform/1col/image.png
399,9221,1,max_verstappen,Max VERSTAPPEN,VER,Red Bull Racing,#3671C6,https://www.formula1.com/content/dam/fom-website/drivers/M/MAXVER01_Max_Verstappen/maxver01.png.transform/1col/image.png
400,9221,2,sargeant,Logan SARGEANT,SAR,Williams,#37BEDD,https://www.formula1.com/content/dam/fom-website/drivers/L/LOGSAR01_Logan_Sargeant/logsar01.png.transform/1col/image.png
401,9221,4,norris,Lando NORRIS,NOR,McLaren,#F58020,https://www.formula1.com/content/dam/fom-website/drivers/L/LANNOR01_Lando_Norris/lannor01.png.transform/1col/image.png
402,9221,10,gasly,Pierre GASLY,GAS,Alpine,#2293D1,https://www.formula1.com/content/dam/fom-website/drivers/P/PIEGAS01_Pierre_Gasly/piegas01.png.transform/1col/image.png
403,9221,11,perez,Sergio PEREZ,PER,Red Bull Racing,#3671C6,https://www.formula1.com/content/dam/fom-website/drivers/S/SERPER01_Sergio_Perez/serper01.png.transform/1col/image.png
404,9221,14,alonso,Fernando ALONSO,ALO,Aston Martin,#358C75,https://www.formula1.com/content/dam/fom-website/drivers/F/FERALO01_Fernando_Alonso/feralo01.png.transform/1col/image.png
405,9221,16,leclerc,Charles LECLERC,LEC,Ferrari,#F91536,https://www.formula1.com/content/dam/fom-website/drivers/C/CHALEC01_Charles_Leclerc/chalec01.png.transform/1col/image.png
406,9221,18,stroll,Lance STROLL,STR,Aston Martin,#358C75,https://www.formula1.com/content/dam/fom-website/drivers/L/LANSTR01_Lance_Stroll/lanstr01.png.transform/1col/image.png
407,9221,20,kevin_magnussen,Kevin MAGNUSSEN,MAG,Haas F1 Team,#B6BABD,https://www.formula1.com/content/dam/fom-website/drivers/K/KEVMAG01_Kevin_Magnussen/kevmag01.png.transform/1col/image.png
408,9221,22,tsunoda,Yuki TSUNODA,TSU,AlphaTauri,#5E8FAA,https://www.formula1.com/content/dam/fom-website/drivers/Y/YUKTSU01_Yuki_Tsunoda/yuktsu01.png.transform/1col/image.png
409,9221,23,albon,Alexander ALBON,ALB,Williams,#37BEDD,https://www.formula1.com/content/dam/fom-website/drivers/A/ALEALB01_Alexander_Albon/alealb01.png.transform/1col/image.png
410,9221,24,zhou,ZHOU Guanyu,ZHO,Alfa Romeo,#C92D4B,https://www.formula1.com/content/dam/fom-website/drivers/G/GUAZHO01_Guanyu_Zhou/guazho01.png.transform/1col/image.png
411,9221,27,hulkenberg,Nico HULKENBERG,HUL,Haas F1 Team,#B6BABD,https://www.formula1.com/content/dam/fom-website/drivers/N/NICHUL01_Nico_Hulkenberg/nichul01.png.transform/1col/image.png
412,9221,31,ocon,Esteban OCON,OCO,Alpine,#2293D1,https://www.formula1.com/content/dam/fom-website/drivers/E/ESTOCO01_Esteban_Ocon/estoco01.png.transform/1col/image.png
413,9221,40,lawson,Liam LAWSON,LAW,AlphaTauri,#5E8FAA,
414,9221,44,hamilton,Lewis HAMILTON,HAM,Mercedes,#6CD3BF,https://www.formula1.com/content/dam/fom-website/drivers/L/LEWHAM01_Lewis_Hamilton/lewham01.png.transform/1col/image.png
415,9221,55,sainz,Carlos SAINZ,SAI,Ferrari,#F91536,https://www.formula1.com/content/dam/fom-website/drivers/C/CARSAI01_Carlos_Sainz/carsai01.png.transform/1col/image.png
416,9221,63,russell,George RUSSELL,RUS,Mercedes,#6CD3BF,https://www.formula1.com/content/dam/fom-website/drivers/G/GEORUS01_George_Russell/georus01.png.transform/1col/image.png
417,9221,77,bottas,Valtteri BOTTAS,BOT,Alfa Romeo,#C92D4B,https://www.formula1.com/content/dam/fom-website/drivers/V/VALBOT01_Valtteri_Bottas/valbot01.png.transform/1col/image.png
418,9221,81,piastri,Oscar PIASTRI,PIA,McLaren,#F58020,https://www.formula1.com/content/dam/fom-website/drivers/O/OSCPIA01_Oscar_Piastri/oscpia01.png.transform/1col/image.png
419,9212,1,max_verstappen,Max VERSTAPPEN,VER,Red Bull Racing,#3671C6,https://www.formula1.com/content/dam/fom-website/drivers/M/MAXVER01_Max_Verstappen/maxver01.png.transform/1col/image.png
420,9212,2,sargeant,Logan SARGEANT,SAR,Williams,#37BEDD,https://www.formula1.com/content/dam/fom-website/drivers/L/LOGSAR01_Logan_Sargeant/logsar01.png.transform/1col/image.png
421,9212,3,ricciardo,Daniel RICCIARDO,RIC,AlphaTauri,#5E8FAA,
422,9212,4,norris,Lando NORRIS,NOR,McLaren,#F58020,https://www.formula1.com/content/dam/fom-website/drivers/L/LANNOR01_Lando_Norris/lannor01.png.transform/1col/image.png
423,9212,10,gasly,Pierre GASLY,GAS,Alpine,#2293D1,https://www.formula1.com/content/dam/fom-website/drivers/P/PIEGAS01_Pierre_Gasly/piegas01.png.transform/1col/image.png
424,9212,11,perez,Sergio PEREZ,PER,Red Bull Racing,#3671C6,https://www.formula1.com/content/dam/fom-website/drivers/S/SERPER01_Sergio_Perez/serper01.png.transform/1col/image.png
425,9212,14,alonso,Fernando ALONSO,ALO,Aston Martin,#358C75,https://www.formula1.com/content/dam/fom-website/drivers/F/FERALO01_Fernando_Alonso/feralo01.png.transform/1col/image.png
426,9212,16,leclerc,Charles LECLERC,LEC,Ferrari,#F91536,https://www.formula1.com/content/dam/fom-website/drivers/C/CHALEC01_Charles_Leclerc/chalec01.png.transform/1col/image.png
427,9212,18,stroll,Lance STROLL,STR,Aston Martin,#358C75,https://www.formula1.com/content/dam/fom-website/drivers/L/LANSTR01_Lance_Stroll/lanstr01.png.transform/1col/image.png
428,9212,20,kevin_magnussen,Kevin MAGNUSSEN,MAG,Haas F1 Team,#B6BABD,https://www.formula1.com/content/dam/fom-website/drivers/K/KEVMAG01_Kevin_Magnussen/kevmag01.png.transform/1col/image.png
429,9212,22,tsunoda,Yuki TSUNODA,TSU,AlphaTauri,#5E8FAA,https://www.formula1.com/content/dam/fom-website/drivers/Y/YUKTSU01_Yuki_Tsunoda/yuktsu01.png.transform/1col/image.png
430,9212,23,albon,Alexander ALBON,ALB,Williams,#37BEDD,https://www.formula1.com/content/dam/fom-website/drivers/A/ALEALB01_Alexander_Albon/alealb01.png.transform/1col/image.png
431,9212,24,zhou,ZHOU Guanyu,ZHO,Alfa Romeo,#C92D4B,https://www.formula1.com/content/dam/fom-website/drivers/G/GUAZHO01_Guanyu_Zhou/guazho01.png.transform/1col/image.png
432,9212,27,hulkenberg,Nico HULKENBERG,HUL,Haas F1 Team,#B6BABD,https://www.formula1.com/content/dam/fom-website/drivers/N/NICHUL01_Nico_Hulkenberg/nichul01.png.transform/1col/image.png
433,9212,31,ocon,Esteban OCON,OCO,Alpine,#2293D1,https://www.formula1.com/content/dam/fom-website/drivers/E/ESTOCO01_Esteban_Ocon/estoco01.png.transform/1col/image.png
434,9212,44,hamilton,Lewis HAMILTON,HAM,Mercedes,#6CD3BF,https://www.formula1.com/content/dam/fom-website/drivers/L/LEWHAM01_Lewis_Hamilton/lewham01.png.transform/1col/image.png
435,9212,55,sainz,Carlos SAINZ,SAI,Ferrari,#F91536,https://www.formula1.com/content/dam/fom-website/drivers/C/CARSAI01_Carlos_Sainz/carsai01.png.transform/1col/image.png
436,9212,63,russell,George RUSSELL,RUS,Mercedes,#6CD3BF,https://www.formula1.com/content/dam/fom-website/drivers/G/GEORUS01_George_Russell/georus01.png.transform/1col/image.png
437,9212,77,bottas,Valtteri BOTTAS,BOT,Alfa Romeo,#C92D4B,https://www.formula1.com/content/dam/fom-website/drivers/V/VALBOT01_Valtteri_Bottas/valbot01.png.transform/1col/image.png
438,9212,81,piastri,Oscar PIASTRI,PIA,McLaren,#F58020,https://www.formula1.com/content/dam/fom-website/drivers/O/OSCPIA01_Oscar_Piastri/oscpia01.png.transform/1col/image.png
439,9213,1,max_verstappen,Max VERSTAPPEN,VER,Red Bull Racing,#3671C6,https://www.formula1.com/content/dam/fom-website/drivers/M/MAXVER01_Max_Verstappen/maxver01.png.transform/1col/image.png
440,9213,2,sargeant,Logan SARGEANT,SAR,Williams,#37BEDD,https://www.formula1.com/content/dam/fom-website/drivers/L/LOGSAR01_Logan_Sargeant/logsar01.png.transform/1col/image.png
441,9213,3,ricciardo,Daniel RICCIARDO,RIC,AlphaTauri,#5E8FAA,
442,9213,4,norris,Lando NORRIS,NOR,McLaren,#F58020,https://www.formula1.com/content/dam/fom-website/drivers/L/LANNOR01_Lando_Norris/lannor01.png.transform/1col/image.png
443,9213,10,gasly,Pierre GASLY,GAS,Alpine,#2293D1,https://www.formula1.com/content/dam/fom-website/drivers/P/PIEGAS01_Pierre_Gasly/piegas01.png.transform/1col/image.png
444,9213,11,perez,Sergio PEREZ,PER,Red Bull Racing,#3671C6,https://www.formula1.com/content/dam/fom-website/drivers/S/SERPER01_Sergio_Perez/serper01.png.transform/1col/image.png
445,9213,14,alonso,Fernando ALONSO,ALO,Aston Martin,#358C75,https://www.formula1.com/content/dam/fom-website/drivers/F/FERALO01_Fernando_Alonso/feralo01.png.transform/1col/image.png
446,9213,16,leclerc,Charles LECLERC,LEC,Ferrari,#F91536,https://www.formula1.com/content/dam/fom-website/drivers/C/CHALEC01_Charles_Leclerc/chalec01.png.transform/1col/image.png
447,9213,18,stroll,Lance STROLL,STR,Aston Martin,#358C75,https://www.formula1.com/content/dam/fom-website/drivers/L/LANSTR01_Lance_Stroll/lanstr01.png.transform/1col/image.png
448,9213,20,kevin_magnussen,Kevin MAGNUSSEN,MAG,Haas F1 Team,#B6BABD,https://www.formula1.com/content/dam/fom-website/drivers/K/KEVMAG01_Kevin_Magnussen/kevmag01.png.transform/1col/image.png
449,9213,22,tsunoda,Yuki TSUNODA,TSU,AlphaTauri,#5E8FAA,https://www.formula1.com/content/dam/fom-website/drivers/Y/YUKTSU01_Yuki_Tsunoda/yuktsu01.png.transform/1col/image.png
450,9213,23,albon,Alexander ALBON,ALB,Williams,#37BEDD,https://www.formula1.com/content/dam/fom-website/drivers/A/ALEALB01_Alexander_Albon/alealb01.png.transform/1col/image.png
451,9213,24,zhou,ZHOU Guanyu,ZHO,Alfa Romeo,#C92D4B,https://www.formula1.com/content/dam/fom-website/drivers/G/GUAZHO01_Guanyu_Zhou/guazho01.png.transform/1col/image.png
452,9213,27,hulkenberg,Nico HULKENBERG,HUL,Haas F1 Team,#B6BABD,https://www.formula1.com/content/dam/fom-website/drivers/N/NICHUL01_Nico_Hulkenberg/nichul01.png.transform/1col/image.png
453,9213,31,ocon,Esteban OCON,OCO,Alpine,#2293D1,https://www.formula1.com/content/dam/fom-website/drivers/E/ESTOCO01_Esteban_Ocon/estoco01.png.transform/1col/image.png
454,9213,44,hamilton,Lewis HAMILTON,HAM,Mercedes,#6CD3BF,https://www.formula1.com/content/dam/fom-website/drivers/L/LEWHAM01_Lewis_Hamilton/lewham01.png.transform/1col/image.png
455,9213,55,sainz,Carlos SAINZ,SAI,Ferrari,#F91536,https://www.formula1.com/content/dam/fom-website/drivers/C/CARSAI01_Carlos_Sainz/carsai01.png.transform/1col/image.png
456,9213,63,russell,George RUSSELL,RUS,Mercedes,#6CD3BF,https://www.formula1.com/content/dam/fom-website/drivers/G/GEORUS01_George_Russell/georus01.png.transform/1col/image.png
457,9213,77,bottas,Valtteri BOTTAS,BOT,Alfa Romeo,#C92D4B,https://www.formula1.com/content/dam/fom-website/drivers/V/VALBOT01_Valtteri_Bottas/valbot01.png.transform/1col/image.png
458,9213,81,piastri,Oscar PIASTRI,PIA,McLaren,#F58020,https://www.formula1.com/content/dam/fom-website/drivers/O/OSCPIA01_Oscar_Piastri/oscpia01.png.transform/1col/image.png
459,9181,1,max_verstappen,Max VERSTAPPEN,VER,Red Bull Racing,#3671C6,https://www.formula1.com/content/dam/fom-website/drivers/M/MAXVER01_Max_Verstappen/maxver01.png.transform/1col/image.png
460,9181,2,sargeant,Logan SARGEANT,SAR,Williams,#37BEDD,https://www.formula1.com/content/dam/fom-website/drivers/L/LOGSAR01_Logan_Sargeant/logsar01.png.transform/1col/image.png
461,9181,3,ricciardo,Daniel RICCIARDO,RIC,AlphaTauri,#5E8FAA,
462,9181,4,norris,Lando NORRIS,NOR,McLaren,#F58020,https://www.formula1.com/content/dam/fom-website/drivers/L/LANNOR01_Lando_Norris/lannor01.png.transform/1col/image.png
463,9181,10,gasly,Pierre GASLY,GAS,Alpine,#2293D1,https://www.formula1.com/content/dam/fom-website/drivers/P/PIEGAS01_Pierre_Gasly/piegas01.png.transform/1col/image.png
464,9181,11,perez,Sergio PEREZ,PER,Red Bull Racing,#3671C6,https://www.formula1.com/content/dam/fom-website/drivers/S/SERPER01_Sergio_Perez/serper01.png.transform/1col/image.png
465,9181,14,alonso,Fernando ALONSO,ALO,Aston Martin,#358C75,https://www.formula1.com/content/dam/fom-website/drivers/F/FERALO01_Fernando_Alonso/feralo01.png.transform/1col/image.png
466,9181,16,leclerc,Charles LECLERC,LEC,Ferrari,#F91536,https://www.formula1.com/content/dam/fom-website/drivers/C/CHALEC01_Charles_Leclerc/chalec01.png.transform/1col/image.png
467,9181,18,stroll,Lance STROLL,STR,Aston Martin,#358C75,https://www.formula1.com/content/dam/fom-website/drivers/L/LANSTR01_Lance_Stroll/lanstr01.png.transform/1col/image.png
468,9181,20,kevin_magnussen,Kevin MAGNUSSEN,MAG,Haas F1 Team,#B6BABD,https://www.formula1.com/content/dam/fom-website/drivers/K/KEVMAG01_Kevin_Magnussen/kevmag01.png.transform/1col/image.png
469,9181,22,tsunoda,Yuki TSUNODA,TSU,AlphaTauri,#5E8FAA,https://www.formula1.com/content/dam/fom-website/drivers/Y/YUKTSU01_Yuki_Tsunoda/yuktsu01.png.transform/1col/image.png
470,9181,23,albon,Alexander ALBON,ALB,Williams,#37BEDD,https://www.formula1.com/content/dam/fom-website/drivers/A/ALEALB01_Alexander_Albon/alealb01.png.transform/1col/image.png
471,9181,24,zhou,ZHOU Guanyu,ZHO,Alfa Romeo,#C92D4B,https://www.formula1.com/content/dam/fom-website/drivers/G/GUAZHO01_Guanyu_Zhou/guazho01.png.transform/1col/image.png
472,9181,27,hulkenberg,Nico HULKENBERG,HUL,Haas F1 Team,#B6BABD,https://www.formula1.com/content/dam/fom-website/drivers/N/NICHUL01_Nico_Hulkenberg/nichul01.png.transform/1col/image.png
473,9181,31,ocon,Esteban OCON,OCO,Alpine,#2293D1,https://www.formula1.com/content/dam/fom-website/drivers/E/ESTOCO01_Esteban_Ocon/estoco01.png.transform/1col/image.png
474,9181,44,hamilton,Lewis HAMILTON,HAM,Mercedes,#6CD3BF,https://www.formula1.com/content/dam/fom-website/drivers/L/LEWHAM01_Lewis_Hamilton/lewham01.png.transform/1col/image.png
475,9181,55,sainz,Carlos SAINZ,SAI,Ferrari,#F91536,https://www.formula1.com/content/dam/fom-website/drivers/C/CARSAI01_Carlos_Sainz/carsai01.png.transform/1col/image.png
476,9181,63,russell,George RUSSELL,RUS,Mercedes,#6CD3BF,https://www.formula1.com/content/dam/fom-website/drivers/G/GEORUS01_George_Russell/georus01.png.transform/1col/image.png
477,9181,77,bottas,Valtteri BOTTAS,BOT,Alfa Romeo,#C92D4B,https://www.formula1.com/content/dam/fom-website/drivers/V/VALBOT01_Valtteri_Bottas/valbot01.png.transform/1col/image.png
478,9181,81,piastri,Oscar PIASTRI,PIA,McLaren,#F58020,https://www.formula1.com/content/dam/fom-website/drivers/O/OSCPIA01_Oscar_Piastri/oscpia01.png.transform/1col/image.png
479,9204,1,max_verstappen,Max VERSTAPPEN,VER,Red Bull Racing,#3671C6,https://www.formula1.com/content/dam/fom-website/drivers/M/MAXVER01_Max_Verstappen/maxver01.png.transform/1col/image.png
480,9204,2,sargeant,Logan SARGEANT,SAR,Williams,#37BEDD,https://www.formula1.com/content/dam/fom-website/drivers/L/LOGSAR01_Logan_Sargeant/logsar01.png.transform/1col/image.png
481,9204,3,ricciardo,Daniel RICCIARDO,RIC,AlphaTauri,#5E8FAA,
482,9204,4,norris,Lando NORRIS,NOR,McLaren,#F58020,https://www.formula1.com/content/dam/fom-website/drivers/L/LANNOR01_Lando_Norris/lannor01.png.transform/1col/image.png
483,9204,10,gasly,Pierre GASLY,GAS,Alpine,#2293D1,https://www.formula1.com/content/dam/fom-website/drivers/P/PIEGAS01_Pierre_Gasly/piegas01.png.transform/1col/image.png
484,9204,11,perez,Sergio PEREZ,PER,Red Bull Racing,#3671C6,https://www.formula1.com/content/dam/fom-website/drivers/S/SERPER01_Sergio_Perez/serper01.png.transform/1col/image.png
485,9204,14,alonso,Fernando ALONSO,ALO,Aston Martin,#358C75,https://www.formula1.com/content/dam/fom-website/drivers/F/FERALO01_Fernando_Alonso/feralo01.png.transform/1col/image.png
486,9204,16,leclerc,Charles LECLERC,LEC,Ferrari,#F91536,https://www.formula1.com/content/dam/fom-website/drivers/C/CHALEC01_Charles_Leclerc/chalec01.png.transform/1col/image.png
487,9204,18,stroll,Lance STROLL,STR,Aston Martin,#358C75,https://www.formula1.com/content/dam/fom-website/drivers/L/LANSTR01_Lance_Stroll/lanstr01.png.transform/1col/image.png
488,9204,20,kevin_magnussen,Kevin MAGNUSSEN,MAG,Haas F1 Team,#B6BABD,https://www.formula1.com/content/dam/fom-website/drivers/K/KEVMAG01_Kevin_Magnussen/kevmag01.png.transform/1col/image.png
489,9204,22,tsunoda,Yuki TSUNODA,TSU,AlphaTauri,#5E8FAA,https://www.formula1.com/content/dam/fom-website/drivers/Y/YUKTSU01_Yuki_Tsunoda/yuktsu01.png.transform/1col/image.png
490,9204,23,albon,Alexander ALBON,ALB,Williams,#37BEDD,https://www.formula1.com/content/dam/fom-website/drivers/A/ALEALB01_Alexander_Albon/alealb01.png.transform/1col/image.png
491,9204,24,zhou,ZHOU Guanyu,ZHO,Alfa Romeo,#C92D4B,https://www.formula1.com/content/dam/fom-website/drivers/G/GUAZHO01_Guanyu_Zhou/guazho01.png.transform/1col/image.png
492,9204,27,hulkenberg,Nico HULKENBERG,HUL,Haas F1 Team,#B6BABD,https://www.formula1.com/content/dam/fom-website/drivers/N/NICHUL01_Nico_Hulkenberg/nichul01.png.transform/1col/image.png
493,9204,31,ocon,Esteban OCON,OCO,Alpine,#2293D1,https://www.formula1.com/content/dam/fom-website/drivers/E/ESTOCO01_Esteban_Ocon/estoco01.png.transform/1col/image.png
494,9204,44,hamilton,Lewis HAMILTON,HAM,Mercedes,#6CD3BF,https://www.formula1.com/content/dam/fom-website/drivers/L/LEWHAM01_Lewis_Hamilton/lewham01.png.transform/1col/image.png
495,9204,55,sainz,Carlos SAINZ,SAI,Ferrari,#F91536,https://www.formula1.com/content/dam/fom-website/drivers/C/CARSAI01_Carlos_Sainz/carsai01.png.transform/1col/image.png
496,9204,63,russell,George RUSSELL,RUS,Mercedes,#6CD3BF,https://www.formula1.com/content/dam/fom-website/drivers/G/GEORUS01_George_Russell/georus01.png.transform/1col/image.png
497,9204,77,bottas,Valtteri BOTTAS,BOT,Alfa Romeo,#C92D4B,https://www.formula1.com/content/dam/fom-website/drivers/V/VALBOT01_Valtteri_Bottas/valbot01.png.transform/1col/image.png
498,9204,81,piastri,Oscar PIASTRI,PIA,McLaren,#F58020,https://www.formula1.com/content/dam/fom-website/drivers/O/OSCPIA01_Oscar_Piastri/oscpia01.png.transform/1col/image.png
499,9205,1,max_verstappen,Max VERSTAPPEN,VER,Red Bull Racing,#3671C6,https://www.formula1.com/content/dam/fom-website/drivers/M/MAXVER01_Max_Verstappen/maxver01.png.transform/1col/image.png
500,9205,2,sargeant,Logan SARGEANT,SAR,Williams,#37BEDD,https://www.formula1.com/content/dam/fom-website/drivers/L/LOGSAR01_Logan_Sargeant/logsar01.png.transform/1col/image.png
501,9205,3,ricciardo,Daniel RICCIARDO,RIC,AlphaTauri,#5E8FAA,
502,9205,4,norris,Lando NORRIS,NOR,McLaren,#F58020,https://www.formula1.com/content/dam/fom-website/drivers/L/LANNOR01_Lando_Norris/lannor01.png.transform/1col/image.png
503,9205,10,gasly,Pierre GASLY,GAS,Alpine,#2293D1,https://www.formula1.com/content/dam/fom-website/drivers/P/PIEGAS01_Pierre_Gasly/piegas01.png.transform/1col/image.png
504,9205,11,perez,Sergio PEREZ,PER,Red Bull Racing,#3671C6,https://www.formula1.com/content/dam/fom-website/drivers/S/SERPER01_Sergio_Perez/serper01.png.transform/1col/image.png
505,9205,14,alonso,Fernando ALONSO,ALO,Aston Martin,#358C75,https://www.formula1.com/content/dam/fom-website/drivers/F/FERALO01_Fernando_Alonso/feralo01.png.transform/1col/image.png
506,9205,16,leclerc,Charles LECLERC,LEC,Ferrari,#F91536,https://www.formula1.com/content/dam/fom-website/drivers/C/CHALEC01_Charles_Leclerc/chalec01.png.transform/1col/image.png
507,9205,18,stroll,Lance STROLL,STR,Aston Martin,#358C75,https://www.formula1.com/content/dam/fom-website/drivers/L/LANSTR01_Lance_Stroll/lanstr01.png.transform/1col/image.png
508,9205,20,kevin_magnussen,Kevin MAGNUSSEN,MAG,Haas F1 Team,#B6BABD,https://www.formula1.com/content/dam/fom-website/drivers/K/KEVMAG01_Kevin_Magnussen/kevmag01.png.transform/1col/image.png
509,9205,22,tsunoda,Yuki TSUNODA,TSU,AlphaTauri,#5E8FAA,https://www.formula1.com/content/dam/fom-website/drivers/Y/YUKTSU01_Yuki_Tsunoda/yuktsu01.png.transform/1col/image.png
510,9205,23,albon,Alexander ALBON,ALB,Williams,#37BEDD,https://www.formula1.com/content/dam/fom-website/drivers/A/ALEALB01_Alexander_Albon/alealb01.png.transform/1col/image.png
511,9205,24,zhou,ZHOU Guanyu,ZHO,Alfa Romeo,#C92D4B,https://www.formula1.com/content/dam/fom-website/drivers/G/GUAZHO01_Guanyu_Zhou/guazho01.png.transform/1col/image.png
512,9205,27,hulkenberg,Nico HULKENBERG,HUL,Haas F1 Team,#B6BABD,https://www.formula1.com/content/dam/fom-website/drivers/N/NICHUL01_Nico_Hulkenberg/nichul01.png.transform/1col/image.png
513,9205,31,ocon,Esteban OCON,OCO,Alpine,#2293D1,https://www.formula1.com/content/dam/fom-website/drivers/E/ESTOCO01_Esteban_Ocon/estoco01.png.transform/1col/image.png
514,9205,44,hamilton,Lewis HAMILTON,HAM,Mercedes,#6CD3BF,https://www.formula1.com/content/dam/fom-website/drivers/L/LEWHAM01_Lewis_Hamilton/lewham01.png.transform/1col/image.png
515,9205,55,sainz,Carlos SAINZ,SAI,Ferrari,#F91536,https://www.formula1.com/content/dam/fom-website/drivers/C/CARSAI01_Carlos_Sainz/carsai01.png.transform/1col/image.png
516,9205,63,russell,George RUSSELL,RUS,Mercedes,#6CD3BF,https://www.formula1.com/content/dam/fom-website/drivers/G/GEORUS01_George_Russell/georus01.png.transform/1col/image.png
517,9205,77,bottas,Valtteri BOTTAS,BOT,Alfa Romeo,#C92D4B,https://www.formula1.com/content/dam/fom-website/drivers/V/VALBOT01_Valtteri_Bottas/valbot01.png.transform/1col/image.png
518,9205,81,piastri,Oscar PIASTRI,PIA,McLaren,#F58020,https://www.formula1.com/content/dam/fom-website/drivers/O/OSCPIA01_Oscar_Piastri/oscpia01.png.transform/1col/image.png
519,9189,1,max_verstappen,Max VERSTAPPEN,VER,Red Bull Racing,#3671C6,https://www.formula1.com/content/dam/fom-website/drivers/M/MAXVER01_Max_Verstappen/maxver01.png.transform/1col/image.png
520,9189,2,sargeant,Logan SARGEANT,SAR,Williams,#37BEDD,https://www.formula1.com/content/dam/fom-website/drivers/L/LOGSAR01_Logan_Sargeant/logsar01.png.transform/1col/image.png
521,9189,3,ricciardo,Daniel RICCIARDO,RIC,AlphaTauri,#5E8FAA,
522,9189,4,norris,Lando NORRIS,NOR,McLaren,#F58020,https://www.formula1.com/content/dam/fom-website/drivers/L/LANNOR01_Lando_Norris/lannor01.png.transform/1col/image.png
523,9189,10,gasly,Pierre GASLY,GAS,Alpine,#2293D1,https://www.formula1.com/content/dam/fom-website/drivers/P/PIEGAS01_Pierre_Gasly/piegas01.png.transform/1col/image.png
524,9189,11,perez,Sergio PEREZ,PER,Red Bull Racing,#3671C6,https://www.formula1.com/content/dam/fom-website/drivers/S/SERPER01_Sergio_Perez/serper01.png.transform/1col/image.png
525,9189,14,alonso,Fernando ALONSO,ALO,Aston Martin,#358C75,https://www.formula1.com/content/dam/fom-website/drivers/F/FERALO01_Fernando_Alonso/feralo01.png.transform/1col/image.png
526,9189,16,leclerc,Charles LECLERC,LEC,Ferrari,#F91536,https://www.formula1.com/content/dam/fom-website/drivers/C/CHALEC01_Charles_Leclerc/chalec01.png.transform/1col/image.png
527,9189,18,stroll,Lance STROLL,STR,Aston Martin,#358C75,https://www.formula1.com/content/dam/fom-website/drivers/L/LANSTR01_Lance_Stroll/lanstr01.png.transform/1col/image.png
528,9189,20,kevin_magnussen,Kevin MAGNUSSEN,MAG,Haas F1 Team,#B6BABD,https://www.formula1.com/content/dam/fom-website/drivers/K/KEVMAG01_Kevin_Magnussen/kevmag01.png.transform/1col/image.png
529,9189,22,tsunoda,Yuki TSUNODA,TSU,AlphaTauri,#5E8FAA,https://www.formula1.com/content/dam/fom-website/drivers/Y/YUKTSU01_Yuki_Tsunoda/yuktsu01.png.transform/1col/image.png
530,9189,23,albon,Alexander ALBON,ALB,Williams,#37BEDD,https://www.formula1.com/content/dam/fom-website/drivers/A/ALEALB01_Alexander_Albon/alealb01.png.transform/1col/image.png
531,9189,24,zhou,ZHOU Guanyu,ZHO,Alfa Romeo,#C92D4B,https://www.formula1.com/content/dam/fom-website/drivers/G/GUAZHO01_Guanyu_Zhou/guazho01.png.transform/1col/image.png
532,9189,27,hulkenberg,Nico HULKENBERG,HUL,Haas F1 Team,#B6BABD,https://www.formula1.com/content/dam/fom-website/drivers/N/NICHUL01_Nico_Hulkenberg/nichul01.png.transform/1col/image.png
533,9189,31,ocon,Esteban OCON,OCO,Alpine,#2293D1,https://www.formula1.com/content/dam/fom-website/drivers/E/ESTOCO01_Esteban_Ocon/estoco01.png.transform/1col/image.png
534,9189,44,hamilton,Lewis HAMILTON,HAM,Mercedes,#6CD3BF,https://www.formula1.com/content/dam/fom-website/drivers/L/LEWHAM01_Lewis_Hamilton/lewham01.png.transform/1col/image.png
535,9189,55,sainz,Carlos SAINZ,SAI,Ferrari,#F91536,https://www.formula1.com/content/dam/fom-website/drivers/C/CARSAI01_Carlos_Sainz/carsai01.png.transform/1col/image.png
536,9189,63,russell,George RUSSELL,RUS,Mercedes,#6CD3BF,https://www.formula1.com/content/dam/fom-website/drivers/G/GEORUS01_George_Russell/georus01.png.transform/1col/image.png
537,9189,77,bottas,Valtteri BOTTAS,BOT,Alfa Romeo,#C92D4B,https://www.formula1.com/content/dam/fom-website/drivers/V/VALBOT01_Valtteri_Bottas/valbot01.png.transform/1col/image.png
538,9189,81,piastri,Oscar PIASTRI,PIA,McLaren,#F58020,https://www.formula1.com/content/dam/fom-website/drivers/O/OSCPIA01_Oscar_Piastri/oscpia01.png.transform/1col/image.png
539,9197,1,max_verstappen,Max VERSTAPPEN,VER,Red Bull Racing,#3671C6,https://www.formula1.com/content/dam/fom-website/drivers/M/MAXVER01_Max_Verstappen/maxver01.png.transform/1col/image.png
540,9197,2,sargeant,Logan SARGEANT,SAR,Williams,#37BEDD,https://www.formula1.com/content/dam/fom-website/drivers/L/LOGSAR01_Logan_Sargeant/logsar01.png.transform/1col/image.png
541,9197,3,ricciardo,Daniel RICCIARDO,RIC,AlphaTauri,#5E8FAA,
542,9197,4,norris,Lando NORRIS,NOR,McLaren,#F58020,https://www.formula1.com/content/dam/fom-website/drivers/L/LANNOR01_Lando_Norris/lannor01.png.transform/1col/image.png
543,9197,10,gasly,Pierre GASLY,GAS,Alpine,#2293D1,https://www.formula1.com/content/dam/fom-website/drivers/P/PIEGAS01_Pierre_Gasly/piegas01.png.transform/1col/image.png
544,9197,11,perez,Sergio PEREZ,PER,Red Bull Racing,#3671C6,https://www.formula1.com/content/dam/fom-website/drivers/S/SERPER01_Sergio_Perez/serper01.png.transform/1col/image.png
545,9197,14,alonso,Fernando ALONSO,ALO,Aston Martin,#358C75,https://www.formula1.com/content/dam/fom-website/drivers/F/FERALO01_Fernando_Alonso/feralo01.png.transform/1col/image.png
546,9197,16,leclerc,Charles LECLERC,LEC,Ferrari,#F91536,https://www.formula1.com/content/dam/fom-website/drivers/C/CHALEC01_Charles_Leclerc/chalec01.png.transform/1col/image.png
547,9197,18,stroll,Lance STROLL,STR,Aston Martin,#358C75,https://www.formula1.com/content/dam/fom-website/drivers/L/LANSTR01_Lance_Stroll/lanstr01.png.transform/1col/image.png
548,9197,20,kevin_magnussen,Kevin MAGNUSSEN,MAG,Haas F1 Team,#B6BABD,https://www.formula1.com/content/dam/fom-website/drivers/K/KEVMAG01_Kevin_Magnussen/kevmag01.png.transform/1col/image.png
549,9197,22,tsunoda,Yuki TSUNODA,TSU,AlphaTauri,#5E8FAA,https://www.formula1.com/content/dam/fom-website/drivers/Y/YUKTSU01_Yuki_Tsunoda/yuktsu01.png.transform/1col/image.png
550,9197,23,albon,Alexander ALBON,ALB,Williams,#37BEDD,https://www.formula1.com/content/dam/fom-website/drivers/A/ALEALB01_Alexander_Albon/alealb01.png.transform/1col/image.png
551,9197,24,zhou,ZHOU Guanyu,ZHO,Alfa Romeo,#C92D4B,https://www.formula1.com/content/dam/fom-website/drivers/G/GUAZHO01_Guanyu_Zhou/guazho01.png.transform/1col/image.png
552,9197,27,hulkenberg,Nico HULKENBERG,HUL,Haas F1 Team,#B6BABD,https://www.formula1.com/content/dam/fom-website/drivers/N/NICHUL01_Nico_Hulkenberg/nichul01.png.transform/1col/image.png
553,9197,31,ocon,Esteban OCON,OCO,Alpine,#2293D1,https://www.formula1.com/content/dam/fom-website/drivers/E/ESTOCO01_Esteban_Ocon/estoco01.png.transform/1col/image.png
554,9197,44,hamilton,Lewis HAMILTON,HAM,Mercedes,#6CD3BF,https://www.formula1.com/content/dam/fom-website/drivers/L/LEWHAM01_Lewis_Hamilton/lewham01.png.transform/1col/image.png
555,9197,55,sainz,Carlos SAINZ,SAI,Ferrari,#F91536,https://www.formula1.com/content/dam/fom-website/drivers/C/CARSAI01_Carlos_Sainz/carsai01.png.transform/1col/image.png
556,9197,63,russell,George RUSSELL,RUS,Mercedes,#6CD3BF,https://www.formula1.com/content/dam/fom-website/drivers/G/GEORUS01_George_Russell/georus01.png.transform/1col/image.png
557,9197,77,bottas,Valtteri BOTTAS,BOT,Alfa Romeo,#C92D4B,https://www.formula1.com/content/dam/fom-website/drivers/V/VALBOT01_Valtteri_Bottas/valbot01.png.transform/1col/image.png
558,9197,81,piastri,Oscar PIASTRI,PIA,McLaren,#F58020,https://www.formula1.com/content/dam/fom-website/drivers/O/OSCPIA01_Oscar_Piastri/oscpia01.png.transform/1col/image.png
559,9472,1,max_verstappen,Max VERSTAPPEN,VER,Red Bull Racing,#3671c6,https://media.formula1.com/d_driver_fallback_image.png/content/dam/fom-website/drivers/M/MAXVER01_Max_Verstappen/maxver01.png.transform/1col/image.png
560,9472,2,sargeant,Logan SARGEANT,SAR,Williams,#64c4ff,https://media.formula1.com/d_driver_fallback_image.png/content/dam/fom-website/drivers/L/LOGSAR01_Logan_Sargeant/logsar01.png.transform/1col/image.png
561,9472,3,ricciardo,Daniel RICCIARDO,RIC,RB,#6692ff,https://media.formula1.com/d_driver_fallback_image.png/content/dam/fom-website/drivers/D/DANRIC01_Daniel_Ricciardo/danric01.png.transform/1col/image.png
562,9472,4,norris,Lando NORRIS,NOR,McLaren,#ff8000,https://media.formula1.com/d_driver_fallback_image.png/content/dam/fom-website/drivers/L/LANNOR01_Lando_Norris/lannor01.png.transform/1col/image.png
563,9472,10,gasly,Pierre GASLY,GAS,Alpine,#ff87bc,https://media.formula1.com/d_driver_fallback_image.png/content/dam/fom-website/drivers/P/PIEGAS01_Pierre_Gasly/piegas01.png.transform/1col/image.png
564,9472,11,perez,Sergio PEREZ,PER,Red Bull Racing,#3671c6,https://media.formula1.com/d_driver_fallback_image.png/content/dam/fom-website/drivers/S/SERPER01_Sergio_Perez/serper01.png.transform/1col/image.png
565,9472,14,alonso,Fernando ALONSO,ALO,Aston Martin,#229971,https://media.formula1.com/d_driver_fallback_image.png/content/dam/fom-website/drivers/F/FERALO01_Fernando_Alonso/feralo01.png.transform/1col/image.png
566,9472,16,leclerc,Charles LECLERC,LEC,Ferrari,#e8002d,https://media.formula1.com/d_driver_fallback_image.png/content/dam/fom-website/drivers/C/CHALEC01_Charles_Leclerc/chalec01.png.transform/1col/image.png
567,9472,18,stroll,Lance STROLL,STR,Aston Martin,#229971,https://media.formula1.com/d_driver_fallback_image.png/content/dam/fom-website/drivers/L/LANSTR01_Lance_Stroll/lanstr01.png.transform/1col/image.png
568,9472,20,kevin_magnussen,Kevin MAGNUSSEN,MAG,Haas F1 Team,#b6babd,https://media.formula1.com/d_driver_fallback_image.png/content/dam/fom-website/drivers/K/KEVMAG01_Kevin_Magnussen/kevmag01.png.transform/1col/image.png
569,9472,22,tsunoda,Yuki TSUNODA,TSU,RB,#6692ff,https://media.formula1.com/d_driver_fallback_image.png/content/dam/fom-website/drivers/Y/YUKTSU01_Yuki_Tsunoda/yuktsu01.png.transform/1col/image.png
570,9472,23,albon,Alexander ALBON,ALB,Williams,#64c4ff,https://media.formula1.com/d_driver_fallback_image.png/content/dam/fom-website/drivers/A/ALEALB01_Alexander_Albon/alealb01.png.transform/1col/image.png
571,9472,24,zhou,ZHOU Guanyu,ZHO,Kick Sauber,#52e252,https://media.formula1.com/d_driver_fallback_image.png/content/dam/fom-website/drivers/G/GUAZHO01_Guanyu_Zhou/guazho01.png.transform/1col/image.png
572,9472,27,hulkenberg,Nico HULKENBERG,HUL,Haas F1 Team,#b6babd,https://media.formula1.com/d_driver_fallback_image.png/content/dam/fom-website/drivers/N/NICHUL01_Nico_Hulkenberg/nichul01.png.transform/1col/image.png
573,9472,31,ocon,Esteban OCON,OCO,Alpine,#ff87bc,https://media.formula1.com/d_driver_fallback_image.png/content/dam/fom-website/drivers/E/ESTOCO01_Esteban_Ocon/estoco01.png.transform/1col/image.png
574,9472,44,hamilton,Lewis HAMILTON,HAM,Mercedes,#27f4d2,https://media.formula1.com/d_driver_fallback_image.png/content/dam/fom-website/drivers/L/LEWHAM01_Lewis_Hamilton/lewham01.png.transform/1col/image.png
575,9472,55,sainz,Carlos SAINZ,SAI,Ferrari,#e8002d,https://media.formula1.com/d_driver_fallback_image.png/content/dam/fom-website/drivers/C/CARSAI01_Carlos_Sainz/carsai01.png.transform/1col/image.png
576,9472,63,russell,George RUSSELL,RUS,Mercedes,#27f4d2,https://media.formula1.com/d_driver_fallback_image.png/content/dam/fom-website/drivers/G/GEORUS01_George_Russell/georus01.png.transform/1col/image.png
577,9472,77,bottas,Valtteri BOTTAS,BOT,Kick Sauber,#52e252,https://media.formula1.com/d_driver_fallback_image.png/content/dam/fom-website/drivers/V/VALBOT01_Valtteri_Bottas/valbot01.png.transform/1col/image.png
578,9472,81,piastri,Oscar PIASTRI,PIA,McLaren,#ff8000,https://media.formula1.com/d_driver_fallback_image.png/content/dam/fom-website/drivers/O/OSCPIA01_Oscar_Piastri/oscpia01.png.transform/1col/image.png
579,9480,1,max_verstappen,Max VERSTAPPEN,VER,Red Bull Racing,#3671c6,https://media.formula1.com/d_driver_fallback_image.png/content/dam/fom-website/drivers/M/MAXVER01_Max_Verstappen/maxver01.png.transform/1col/image.png
580,9480,2,sargeant,Logan SARGEANT,SAR,Williams,#64c4ff,https://media.formula1.com/d_driver_fallback_image.png/content/dam/fom-website/drivers/L/LOGSAR01_Logan_Sargeant/logsar01.png.transform/1col/image.png
581,9480,3,ricciardo,Daniel RICCIARDO,RIC,RB,#6692ff,https://media.formula1.com/d_driver_fallback_image.png/content/dam/fom-website/drivers/D/DANRIC01_Daniel_Ricciardo/danric01.png.transform/1col/image.png
582,9480,4,norris,Lando NORRIS,NOR,McLaren,#ff8000,https://media.formula1.com/d_driver_fallback_image.png/content/dam/fom-website/drivers/L/LANNOR01_Lando_Norris/lannor01.png.transform/1col/image.png
583,9480,10,gasly,Pierre GASLY,GAS,Alpine,#ff87bc,https://media.formula1.com/d_driver_fallback_image.png/content/dam/fom-website/drivers/P/PIEGAS01_Pierre_Gasly/piegas01.png.transform/1col/image.png
584,9480,11,perez,Sergio PEREZ,PER,Red Bull Racing,#3671c6,https://media.formula1.com/d_driver_fallback_image.png/content/dam/fom-website/drivers/S/SERPER01_Sergio_Perez/serper01.png.transform/1col/image.png
585,9480,14,alonso,Fernando ALONSO,ALO,Aston Martin,#229971,https://media.formula1.com/d_driver_fallback_image.png/content/dam/fom-website/drivers/F/FERALO01_Fernando_Alonso/feralo01.png.transform/1col/image.png
586,9480,16,leclerc,Charles LECLERC,LEC,Ferrari,#e8002d,https://media.formula1.com/d_driver_fallback_image.png/content/dam/fom-website/drivers/C/CHALEC01_Charles_Leclerc/chalec01.png.transform/1col/image.png
587,9480,18,stroll,Lance STROLL,STR,Aston Martin,#229971,https://media.formula1.com/d_driver_fallback_image.png/content/dam/fom-website/drivers/L/LANSTR01_Lance_Stroll/lanstr01.png.transform/1col/image.png
588,9480,20,kevin_magnussen,Kevin MAGNUSSEN,MAG,Haas F1 Team,#b6babd,https://media.formula1.com/d_driver_fallback_image.png/content/dam/fom-website/drivers/K/KEVMAG01_Kevin_Magnussen/kevmag01.png.transform/1col/image.png
589,9480,22,tsunoda,Yuki TSUNODA,TSU,RB,#6692ff,https://media.formula1.com/d_driver_fallback_image.png/content/dam/fom-website/drivers/Y/YUKTSU01_Yuki_Tsunoda/yuktsu01.png.transform/1col/image.png
590,9480,23,albon,Alexander ALBON,ALB,Williams,#64c4ff,https://media.formula1.com/d_driver_fallback_image.png/content/dam/fom-website/drivers/A/ALEALB01_Alexander_Albon/alealb01.png.transform/1col/image.png
591,9480,24,zhou,ZHOU Guanyu,ZHO,Kick Sauber,#52e252,https://media.formula1.com/d_driver_fallback_image.png/content/dam/fom-website/drivers/G/GUAZHO01_Guanyu_Zhou/guazho01.png.transform/1col/image.png
592,9480,27,hulkenberg,Nico HULKENBERG,HUL,Haas F1 Team,#b6babd,https://media.formula1.com/d_driver_fallback_image.png/content/dam/fom-website/drivers/N/NICHUL01_Nico_Hulkenberg/nichul01.png.transform/1col/image.png
593,9480,31,ocon,Esteban OCON,OCO,Alpine,#ff87bc,https://media.formula1.com/d_driver_fallback_image.png/content/dam/fom-website/drivers/E/ESTOCO01_Esteban_Ocon/estoco01.png.transform/1col/image.png
594,9480,38,bearman,Oliver BEARMAN,BEA,Ferrari,#e8002d,
595,9480,44,hamilton,Lewis HAMILTON,HAM,Mercedes,#27f4d2,https://media.formula1.com/d_driver_fallback_image.png/content/dam/fom-website/drivers/L/LEWHAM01_Lewis_Hamilton/lewham01.png.transform/1col/image.png
596,9480,63,russell,George RUSSELL,RUS,Mercedes,#27f4d2,https://media.formula1.com/d_driver_fallback_image.png/content/dam/fom-website/drivers/G/GEORUS01_George_Russell/georus01.png.transform/1col/image.png
597,9480,77,bottas,Valtteri BOTTAS,BOT,Kick Sauber,#52e252,https://media.formula1.com/d_driver_fallback_image.png/content/dam/fom-website/drivers/V/VALBOT01_Valtteri_Bottas/valbot01.png.transform/1col/image.png
598,9480,81,piastri,Oscar PIASTRI,PIA,McLaren,#ff8000,https://media.formula1.com/d_driver_fallback_image.png/content/dam/fom-website/drivers/O/OSCPIA01_Oscar_Piastri/oscpia01.png.transform/1col/image.png
599,9488,1,max_verstappen,Max VERSTAPPEN,VER,Red Bull Racing,#3671C6,https://media.formula1.com/d_driver_fallback_image.png/content/dam/fom-website/drivers/M/MAXVER01_Max_Verstappen/maxver01.png.transform/1col/image.png
600,9488,3,ricciardo,Daniel RICCIARDO,RIC,RB,#6692FF,https://media.formula1.com/d_driver_fallback_image.png/content/dam/fom-website/drivers/D/DANRIC01_Daniel_Ricciardo/danric01.png.transform/1col/image.png
601,9488,4,norris,Lando NORRIS,NOR,McLaren,#FF8000,https://media.formula1.com/d_driver_fallback_image.png/content/dam/fom-website/drivers/L/LANNOR01_Lando_Norris/lannor01.png.transform/1col/image.png
602,9488,10,gasly,Pierre GASLY,GAS,Alpine,#0093cc,https://media.formula1.com/d_driver_fallback_image.png/content/dam/fom-website/drivers/P/PIEGAS01_Pierre_Gasly/piegas01.png.transform/1col/image.png
603,9488,11,perez,Sergio PEREZ,PER,Red Bull Racing,#3671C6,https://media.formula1.com/d_driver_fallback_image.png/content/dam/fom-website/drivers/S/SERPER01_Sergio_Perez/serper01.png.transform/1col/image.png
604,9488,14,alonso,Fernando ALONSO,ALO,Aston Martin,#229971,https://media.formula1.com/d_driver_fallback_image.png/content/dam/fom-website/drivers/F/FERALO01_Fernando_Alonso/feralo01.png.transform/1col/image.png
605,9488,16,leclerc,Charles LECLERC,LEC,Ferrari,#E80020,https://media.formula1.com/d_driver_fallback_image.png/content/dam/fom-website/drivers/C/CHALEC01_Charles_Leclerc/chalec01.png.transform/1col/image.png
606,9488,18,stroll,Lance STROLL,STR,Aston Martin,#229971,https://media.formula1.com/d_driver_fallback_image.png/content/dam/fom-website/drivers/L/LANSTR01_Lance_Stroll/lanstr01.png.transform/1col/image.png
607,9488,20,kevin_magnussen,Kevin MAGNUSSEN,MAG,Haas F1 Team,#B6BABD,https://media.formula1.com/d_driver_fallback_image.png/content/dam/fom-website/drivers/K/KEVMAG01_Kevin_Magnussen/kevmag01.png.transform/1col/image.png
608,9488,22,tsunoda,Yuki TSUNODA,TSU,RB,#6692FF,https://media.formula1.com/d_driver_fallback_image.png/content/dam/fom-website/drivers/Y/YUKTSU01_Yuki_Tsunoda/yuktsu01.png.transform/1col/image.png
609,9488,23,albon,Alexander ALBON,ALB,Williams,#64C4FF,https://media.formula1.com/d_driver_fallback_image.png/content/dam/fom-website/drivers/A/ALEALB01_Alexander_Albon/alealb01.png.transform/1col/image.png
610,9488,24,zhou,ZHOU Guanyu,ZHO,Kick Sauber,#52e252,https://media.formula1.com/d_driver_fallback_image.png/content/dam/fom-website/drivers/G/GUAZHO01_Guanyu_Zhou/guazho01.png.transform/1col/image.png
611,9488,27,hulkenberg,Nico HULKENBERG,HUL,Haas F1 Team,#B6BABD,https://media.formula1.com/d_driver_fallback_image.png/content/dam/fom-website/drivers/N/NICHUL01_Nico_Hulkenberg/nichul01.png.transform/1col/image.png
612,9488,31,ocon,Esteban OCON,OCO,Alpine,#0093cc,https://media.formula1.com/d_driver_fallback_image.png/content/dam/fom-website/drivers/E/ESTOCO01_Esteban_Ocon/estoco01.png.transform/1col/image.png
613,9488,44,hamilton,Lewis HAMILTON,HAM,Mercedes,#27F4D2,https://media.formula1.com/d_driver_fallback_image.png/content/dam/fom-website/drivers/L/LEWHAM01_Lewis_Hamilton/lewham01.png.transform/1col/image.png
614,9488,55,sainz,Carlos SAINZ,SAI,Ferrari,#E80020,https://media.formula1.com/d_driver_fallback_image.png/content/dam/fom-website/drivers/C/CARSAI01_Carlos_Sainz/carsai01.png.transform/1col/image.png
615,9488,63,russell,George RUSSELL,RUS,Mercedes,#27F4D2,https://media.formula1.com/d_driver_fallback_image.png/content/dam/fom-website/drivers/G/GEORUS01_George_Russell/georus01.png.transform/1col/image.png
616,9488,77,bottas,Valtteri BOTTAS,BOT,Kick Sauber,#52e252,https://media.formula1.com/d_driver_fallback_image.png/content/dam/fom-website/drivers/V/VALBOT01_Valtteri_Bottas/valbot01.png.transform/1col/image.png
617,9488,81,piastri,Oscar PIASTRI,PIA,McLaren,#FF8000,https://media.formula1.com/d_driver_fallback_image.png/content/dam/fom-website/drivers/O/OSCPIA01_Oscar_Piastri/oscpia01.png.transform/1col/image.png
618,9496,1,max_verstappen,Max VERSTAPPEN,VER,Red Bull Racing,#3671C6,https://media.formula1.com/d_driver_fallback_image.png/content/dam/fom-website/drivers/M/MAXVER01_Max_Verstappen/maxver01.png.transform/1col/image.png
619,9496,2,sargeant,Logan SARGEANT,SAR,Williams,#64C4FF,https://media.formula1.com/d_driver_fallback_image.png/content/dam/fom-website/drivers/L/LOGSAR01_Logan_Sargeant/logsar01.png.transform/1col/image.png
620,9496,3,ricciardo,Daniel RICCIARDO,RIC,RB,#6692FF,https://media.formula1.com/d_driver_fallback_image.png/content/dam/fom-website/drivers/D/DANRIC01_Daniel_Ricciardo/danric01.png.transform/1col/image.png
621,9496,4,norris,Lando NORRIS,NOR,McLaren,#FF8000,https://media.formula1.com/d_driver_fallback_image.png/content/dam/fom-website/drivers/L/LANNOR01_Lando_Norris/lannor01.png.transform/1col/image.png
622,9496,10,gasly,Pierre GASLY,GAS,Alpine,#0093cc,https://media.formula1.com/d_driver_fallback_image.png/content/dam/fom-website/drivers/P/PIEGAS01_Pierre_Gasly/piegas01.png.transform/1col/image.png
623,9496,11,perez,Sergio PEREZ,PER,Red Bull Racing,#3671C6,https://media.formula1.com/d_driver_fallback_image.png/content/dam/fom-website/drivers/S/SERPER01_Sergio_Perez/serper01.png.transform/1col/image.png
624,9496,14,alonso,Fernando ALONSO,ALO,Aston Martin,#229971,https://media.formula1.com/d_driver_fallback_image.png/content/dam/fom-website/drivers/F/FERALO01_Fernando_Alonso/feralo01.png.transform/1col/image.png
625,9496,16,leclerc,Charles LECLERC,LEC,Ferrari,#E80020,https://media.formula1.com/d_driver_fallback_image.png/content/dam/fom-website/drivers/C/CHALEC01_Charles_Leclerc/chalec01.png.transform/1col/image.png
626,9496,18,stroll,Lance STROLL,STR,Aston Martin,#229971,https://media.formula1.com/d_driver_fallback_image.png/content/dam/fom-website/drivers/L/LANSTR01_Lance_Stroll/lanstr01.png.transform/1col/image.png
627,9496,20,kevin_magnussen,Kevin MAGNUSSEN,MAG,Haas F1 Team,#B6BABD,https://media.formula1.com/d_driver_fallback_image.png/content/dam/fom-website/drivers/K/KEVMAG01_Kevin_Magnussen/kevmag01.png.transform/1col/image.png
628,9496,22,tsunoda,Yuki TSUNODA,TSU,RB,#6692FF,https://media.formula1.com/d_driver_fallback_image.png/content/dam/fom-website/drivers/Y/YUKTSU01_Yuki_Tsunoda/yuktsu01.png.transform/1col/image.png
629,9496,23,albon,Alexander ALBON,ALB,Williams,#64C4FF,https://media.formula1.com/d_driver_fallback_image.png/content/dam/fom-website/drivers/A/ALEALB01_Alexander_Albon/alealb01.png.transform/1col/image.png
630,9496,24,zhou,ZHOU Guanyu,ZHO,Kick Sauber,#52e252,https://media.formula1.com/d_driver_fallback_image.png/content/dam/fom-website/drivers/G/GUAZHO01_Guanyu_Zhou/guazho01.png.transform/1col/image.png
631,9496,27,hulkenberg,Nico HULKENBERG,HUL,Haas F1 Team,#B6BABD,https://media.formula1.com/d_driver_fallback_image.png/content/dam/fom-website/drivers/N/NICHUL01_Nico_Hulkenberg/nichul01.png.transform/1col/image.png
632,9496,31,ocon,Esteban OCON,OCO,Alpine,#0093cc,https://media.formula1.com/d_driver_fallback_image.png/content/dam/fom-website/drivers/E/ESTOCO01_Esteban_Ocon/estoco01.png.transform/1col/image.png
633,9496,44,hamilton,Lewis HAMILTON,HAM,Mercedes,#27F4D2,https://media.formula1.com/d_driver_fallback_image.png/content/dam/fom-website/drivers/L/LEWHAM01_Lewis_Hamilton/lewham01.png.transform/1col/image.png
634,9496,55,sainz,Carlos SAINZ,SAI,Ferrari,#E80020,https://media.formula1.com/d_driver_fallback_image.png/content/dam/fom-website/drivers/C/CARSAI01_Carlos_Sainz/carsai01.png.transform/1col/image.png
635,9496,63,russell,George RUSSELL,RUS,Mercedes,#27F4D2,https://media.formula1.com/d_driver_fallback_image.png/content/dam/fom-website/drivers/G/GEORUS01_George_Russell/georus01.png.transform/1col/image.png
636,9496,77,bottas,Valtteri BOTTAS,BOT,Kick Sauber,#52e252,https://media.formula1.com/d_driver_fallback_image.png/content/dam/fom-website/drivers/V/VALBOT01_Valtteri_Bottas/valbot01.png.transform/1col/image.png
637,9496,81,piastri,Oscar PIASTRI,PIA,McLaren,#FF8000,https://media.formula1.com/d_driver_fallback_image.png/content/dam/fom-website/drivers/O/OSCPIA01_Oscar_Piastri/oscpia01.png.transform/1col/image.png
638,9672,1,max_verstappen,Max VERSTAPPEN,VER,Red Bull Racing,#3671C6,https://media.formula1.com/d_driver_fallback_image.png/content/dam/fom-website/drivers/M/MAXVER01_Max_Verstappen/maxver01.png.transform/1col/image.png
639,9672,2,sargeant,Logan SARGEANT,SAR,Williams,#64C4FF,https://media.formula1.com/d_driver_fallback_image.png/content/dam/fom-website/drivers/L/LOGSAR01_Logan_Sargeant/logsar01.png.transform/1col/image.png
640,9672,3,ricciardo,Daniel RICCIARDO,RIC,RB,#6692FF,https://media.formula1.com/d_driver_fallback_image.png/content/dam/fom-website/drivers/D/DANRIC01_Daniel_Ricciardo/danric01.png.transform/1col/image.png
641,9672,4,norris,Lando NORRIS,NOR,McLaren,#FF8000,https://media.formula1.com/d_driver_fallback_image.png/content/dam/fom-website/drivers/L/LANNOR01_Lando_Norris/lannor01.png.transform/1col/image.png
642,9672,10,gasly,Pierre GASLY,GAS,Alpine,#0093cc,https://media.formula1.com/d_driver_fallback_image.png/content/dam/fom-website/drivers/P/PIEGAS01_Pierre_Gasly/piegas01.png.transform/1col/image.png
643,9672,11,perez,Sergio PEREZ,PER,Red Bull Racing,#3671C6,https://media.formula1.com/d_driver_fallback_image.png/content/dam/fom-website/drivers/S/SERPER01_Sergio_Perez/serper01.png.transform/1col/image.png
644,9672,14,alonso,Fernando ALONSO,ALO,Aston Martin,#229971,https://media.formula1.com/d_driver_fallback_image.png/content/dam/fom-website/drivers/F/FERALO01_Fernando_Alonso/feralo01.png.transform/1col/image.png
645,9672,16,leclerc,Charles LECLERC,LEC,Ferrari,#E80020,https://media.formula1.com/d_driver_fallback_image.png/content/dam/fom-website/drivers/C/CHALEC01_Charles_Leclerc/chalec01.png.transform/1col/image.png
646,9672,18,stroll,Lance STROLL,STR,Aston Martin,#229971,https://media.formula1.com/d_driver_fallback_image.png/content/dam/fom-website/drivers/L/LANSTR01_Lance_Stroll/lanstr01.png.transform/1col/image.png
647,9672,20,kevin_magnussen,Kevin MAGNUSSEN,MAG,Haas F1 Team,#B6BABD,https://media.formula1.com/d_driver_fallback_image.png/content/dam/fom-website/drivers/K/KEVMAG01_Kevin_Magnussen/kevmag01.png.transform/1col/image.png
648,9672,22,tsunoda,Yuki TSUNODA,TSU,RB,#6692FF,https://media.formula1.com/d_driver_fallback_image.png/content/dam/fom-website/drivers/Y/YUKTSU01_Yuki_Tsunoda/yuktsu01.png.transform/1col/image.png
649,9672,23,albon,Alexander ALBON,ALB,Williams,#64C4FF,https://media.formula1.com/d_driver_fallback_image.png/content/dam/fom-website/drivers/A/ALEALB01_Alexander_Albon/alealb01.png.transform/1col/image.png
650,9672,24,zhou,ZHOU Guanyu,ZHO,Kick Sauber,#52e252,https://media.formula1.com/d_driver_fallback_image.png/content/dam/fom-website/drivers/G/GUAZHO01_Guanyu_Zhou/guazho01.png.transform/1col/image.png
651,9672,27,hulkenberg,Nico HULKENBERG,HUL,Haas F1 Team,#B6BABD,https://media.formula1.com/d_driver_fallback_image.png/content/dam/fom-website/drivers/N/NICHUL01_Nico_Hulkenberg/nichul01.png.transform/1col/image.png
652,9672,31,ocon,Esteban OCON,OCO,Alpine,#0093cc,https://media.formula1.com/d_driver_fallback_image.png/content/dam/fom-website/drivers/E/ESTOCO01_Esteban_Ocon/estoco01.png.transform/1col/image.png
653,9672,44,hamilton,Lewis HAMILTON,HAM,Mercedes,#27F4D2,https://media.formula1.com/d_driver_fallback_image.png/content/dam/fom-website/drivers/L/LEWHAM01_Lewis_Hamilton/lewham01.png.transform/1col/image.png
654,9672,55,sainz,Carlos SAINZ,SAI,Ferrari,#E80020,https://media.formula1.com/d_driver_fallback_image.png/content/dam/fom-website/drivers/C/CARSAI01_Carlos_Sainz/carsai01.png.transform/1col/image.png
655,9672,63,russell,George RUSSELL,RUS,Mercedes,#27F4D2,https://media.formula1.com/d_driver_fallback_image.png/content/dam/fom-website/drivers/G/GEORUS01_George_Russell/georus01.png.transform/1col/image.png
656,9672,77,bottas,Valtteri BOTTAS,BOT,Kick Sauber,#52e252,https://media.formula1.com/d_driver_fallback_image.png/content/dam/fom-website/drivers/V/VALBOT01_Valtteri_Bottas/valbot01.png.transform/1col/image.png
657,9672,81,piastri,Oscar PIASTRI,PIA,McLaren,#FF8000,https://media.formula1.com/d_driver_fallback_image.png/content/dam/fom-website/drivers/O/OSCPIA01_Oscar_Piastri/oscpia01.png.transform/1col/image.png
658,9673,1,max_verstappen,Max VERSTAPPEN,VER,Red Bull Racing,#3671C6,https://media.formula1.com/d_driver_fallback_image.png/content/dam/fom-website/drivers/M/MAXVER01_Max_Verstappen/maxver01.png.transform/1col/image.png
659,9673,2,sargeant,Logan SARGEANT,SAR,Williams,#64C4FF,https://media.formula1.com/d_driver_fallback_image.png/content/dam/fom-website/drivers/L/LOGSAR01_Logan_Sargeant/logsar01.png.transform/1col/image.png
660,9673,3,ricciardo,Daniel RICCIARDO,RIC,RB,#6692FF,https://media.formula1.com/d_driver_fallback_image.png/content/dam/fom-website/drivers/D/DANRIC01_Daniel_Ricciardo/danric01.png.transform/1col/image.png
661,9673,4,norris,Lando NORRIS,NOR,McLaren,#FF8000,https://media.formula1.com/d_driver_fallback_image.png/content/dam/fom-website/drivers/L/LANNOR01_Lando_Norris/lannor01.png.transform/1col/image.png
662,9673,10,gasly,Pierre GASLY,GAS,Alpine,#0093cc,https://media.formula1.com/d_driver_fallback_image.png/content/dam/fom-website/drivers/P/PIEGAS01_Pierre_Gasly/piegas01.png.transform/1col/image.png
663,9673,11,perez,Sergio PEREZ,PER,Red Bull Racing,#3671C6,https://media.formula1.com/d_driver_fallback_image.png/content/dam/fom-website/drivers/S/SERPER01_Sergio_Perez/serper01.png.transform/1col/image.png
664,9673,14,alonso,Fernando ALONSO,ALO,Aston Martin,#229971,https://media.formula1.com/d_driver_fallback_image.png/content/dam/fom-website/drivers/F/FERALO01_Fernando_Alonso/feralo01.png.transform/1col/image.png
665,9673,16,leclerc,Charles LECLERC,LEC,Ferrari,#E80020,https://media.formula1.com/d_driver_fallback_image.png/content/dam/fom-website/drivers/C/CHALEC01_Charles_Leclerc/chalec01.png.transform/1col/image.png
666,9673,18,stroll,Lance STROLL,STR,Aston Martin,#229971,https://media.formula1.com/d_driver_fallback_image.png/content/dam/fom-website/drivers/L/LANSTR01_Lance_Stroll/lanstr01.png.transform/1col/image.png
667,9673,20,kevin_magnussen,Kevin MAGNUSSEN,MAG,Haas F1 Team,#B6BABD,https://media.formula1.com/d_driver_fallback_image.png/content/dam/fom-website/drivers/K/KEVMAG01_Kevin_Magnussen/kevmag01.png.transform/1col/image.png
668,9673,22,tsunoda,Yuki TSUNODA,TSU,RB,#6692FF,https://media.formula1.com/d_driver_fallback_image.png/content/dam/fom-website/drivers/Y/YUKTSU01_Yuki_Tsunoda/yuktsu01.png.transform/1col/image.png
669,9673,23,albon,Alexander ALBON,ALB,Williams,#64C4FF,https://media.formula1.com/d_driver_fallback_image.png/content/dam/fom-website/drivers/A/ALEALB01_Alexander_Albon/alealb01.png.transform/1col/image.png
670,9673,24,zhou,ZHOU Guanyu,ZHO,Kick Sauber,#52e252,https://media.formula1.com/d_driver_fallback_image.png/content/dam/fom-website/drivers/G/GUAZHO01_Guanyu_Zhou/guazho01.png.transform/1col/image.png
671,9673,27,hulkenberg,Nico HULKENBERG,HUL,Haas F1 Team,#B6BABD,https://media.formula1.com/d_driver_fallback_image.png/content/dam/fom-website/drivers/N/NICHUL01_Nico_Hulkenberg/nichul01.png.transform/1col/image.png
672,9673,31,ocon,Esteban OCON,OCO,Alpine,#0093cc,https://media.formula1.com/d_driver_fallback_image.png/content/dam/fom-website/drivers/E/ESTOCO01_Esteban_Ocon/estoco01.png.transform/1col/image.png
673,9673,44,hamilton,Lewis HAMILTON,HAM,Mercedes,#27F4D2,https://media.formula1.com/d_driver_fallback_image.png/content/dam/fom-website/drivers/L/LEWHAM01_Lewis_Hamilton/lewham01.png.transform/1col/image.png
674,9673,55,sainz,Carlos SAINZ,SAI,Ferrari,#E80020,https://media.formula1.com/d_driver_fallback_image.png/content/dam/fom-website/drivers/C/CARSAI01_Carlos_Sainz/carsai01.png.transform/1col/image.png
675,9673,63,russell,George RUSSELL,RUS,Mercedes,#27F4D2,https://media.formula1.com/d_driver_fallback_image.png/content/dam/fom-website/drivers/G/GEORUS01_George_Russell/georus01.png.transform/1col/image.png
676,9673,77,bottas,Valtteri BOTTAS,BOT,Kick Sauber,#52e252,https://media.formula1.com/d_driver_fallback_image.png/content/dam/fom-website/drivers/V/VALBOT01_Valtteri_Bottas/valbot01.png.transform/1col/image.png
677,9673,81,piastri,Oscar PIASTRI,PIA,McLaren,#FF8000,https://media.formula1.com/d_driver_fallback_image.png/content/dam/fom-website/drivers/O/OSCPIA01_Oscar_Piastri/oscpia01.png.transform/1col/image.png
678,9506,1,max_verstappen,Max VERSTAPPEN,VER,Red Bull Racing,#3671C6,https://media.formula1.com/d_driver_fallback_image.png/content/dam/fom-website/drivers/M/MAXVER01_Max_Verstappen/maxver01.png.transform/1col/image.png
679,9506,2,sargeant,Logan SARGEANT,SAR,Williams,#64C4FF,https://media.formula1.com/d_driver_fallback_image.png/content/dam/fom-website/drivers/L/LOGSAR01_Logan_Sargeant/logsar01.png.transform/1col/image.png
680,9506,3,ricciardo,Daniel RICCIARDO,RIC,RB,#6692FF,https://media.formula1.com/d_driver_fallback_image.png/content/dam/fom-website/drivers/D/DANRIC01_Daniel_Ricciardo/danric01.png.transform/1col/image.png
681,9506,4,norris,Lando NORRIS,NOR,McLaren,#FF8000,https://media.formula1.com/d_driver_fallback_image.png/content/dam/fom-website/drivers/L/LANNOR01_Lando_Norris/lannor01.png.transform/1col/image.png
682,9506,10,gasly,Pierre GASLY,GAS,Alpine,#0093cc,https://media.formula1.com/d_driver_fallback_image.png/content/dam/fom-website/drivers/P/PIEGAS01_Pierre_Gasly/piegas01.png.transform/1col/image.png
683,9506,11,perez,Sergio PEREZ,PER,Red Bull Racing,#3671C6,https://media.formula1.com/d_driver_fallback_image.png/content/dam/fom-website/drivers/S/SERPER01_Sergio_Perez/serper01.png.transform/1col/image.png
684,9506,14,alonso,Fernando ALONSO,ALO,Aston Martin,#229971,https://media.formula1.com/d_driver_fallback_image.png/content/dam/fom-website/drivers/F/FERALO01_Fernando_Alonso/feralo01.png.transform/1col/image.png
685,9506,16,leclerc,Charles LECLERC,LEC,Ferrari,#E80020,https://media.formula1.com/d_driver_fallback_image.png/content/dam/fom-website/drivers/C/CHALEC01_Charles_Leclerc/chalec01.png.transform/1col/image.png
686,9506,18,stroll,Lance STROLL,STR,Aston Martin,#229971,https://media.formula1.com/d_driver_fallback_image.png/content/dam/fom-website/drivers/L/LANSTR01_Lance_Stroll/lanstr01.png.transform/1col/image.png
687,9506,20,kevin_magnussen,Kevin MAGNUSSEN,MAG,Haas F1 Team,#B6BABD,https://media.formula1.com/d_driver_fallback_image.png/content/dam/fom-website/drivers/K/KEVMAG01_Kevin_Magnussen/kevmag01.png.transform/1col/image.png
688,9506,22,tsunoda,Yuki TSUNODA,TSU,RB,#6692FF,https://media.formula1.com/d_driver_fallback_image.png/content/dam/fom-website/drivers/Y/YUKTSU01_Yuki_Tsunoda/yuktsu01.png.transform/1col/image.png
689,9506,23,albon,Alexander ALBON,ALB,Williams,#64C4FF,https://media.formula1.com/d_driver_fallback_image.png/content/dam/fom-website/drivers/A/ALEALB01_Alexander_Albon/alealb01.png.transform/1col/image.png
690,9506,24,zhou,ZHOU Guanyu,ZHO,Kick Sauber,#52e252,https://media.formula1.com/d_driver_fallback_image.png/content/dam/fom-website/drivers/G/GUAZHO01_Guanyu_Zhou/guazho01.png.transform/1col/image.png
691,9506,27,hulkenberg,Nico HULKENBERG,HUL,Haas F1 Team,#B6BABD,https://media.formula1.com/d_driver_fallback_image.png/content/dam/fom-website/drivers/N/NICHUL01_Nico_Hulkenberg/nichul01.png.transform/1col/image.png
692,9506,31,ocon,Esteban OCON,OCO,Alpine,#0093cc,https://media.formula1.com/d_driver_fallback_image.png/content/dam/fom-website/drivers/E/ESTOCO01_Esteban_Ocon/estoco01.png.transform/1col/image.png
693,9506,44,hamilton,Lewis HAMILTON,HAM,Mercedes,#27F4D2,https://media.formula1.com/d_driver_fallback_image.png/content/dam/fom-website/drivers/L/LEWHAM01_Lewis_Hamilton/lewham01.png.transform/1col/image.png
694,9506,55,sainz,Carlos SAINZ,SAI,Ferrari,#E80020,https://media.formula1.com/d_driver_fallback_image.png/content/dam/fom-website/drivers/C/CARSAI01_Carlos_Sainz/carsai01.png.transform/1col/image.png
695,9506,63,russell,George RUSSELL,RUS,Mercedes,#27F4D2,https://media.formula1.com/d_driver_fallback_image.png/content/dam/fom-website/drivers/G/GEORUS01_George_Russell/georus01.png.transform/1col/image.png
696,9506,77,bottas,Valtteri BOTTAS,BOT,Kick Sauber,#52e252,https://media.formula1.com/d_driver_fallback_image.png/content/dam/fom-website/drivers/V/VALBOT01_Valtteri_Bottas/valbot01.png.transform/1col/image.png
697,9506,81,piastri,Oscar PIASTRI,PIA,McLaren,#FF8000,https://media.formula1.com/d_driver_fallback_image.png/content/dam/fom-website/drivers/O/OSCPIA01_Oscar_Piastri/oscpia01.png.transform/1col/image.png
698,9507,1,max_verstappen,Max VERSTAPPEN,VER,Red Bull Racing,#3671C6,https://media.formula1.com/d_driver_fallback_image.png/content/dam/fom-website/drivers/M/MAXVER01_Max_Verstappen/maxver01.png.transform/1col/image.png
699,9507,2,sargeant,Logan SARGEANT,SAR,Williams,#64C4FF,https://media.formula1.com/d_driver_fallback_image.png/content/dam/fom-website/drivers/L/LOGSAR01_Logan_Sargeant/logsar01.png.transform/1col/image.png
700,9507,3,ricciardo,Daniel RICCIARDO,RIC,RB,#6692FF,https://media.formula1.com/d_driver_fallback_image.png/content/dam/fom-website/drivers/D/DANRIC01_Daniel_Ricciardo/danric01.png.transform/1col/image.png
701,9507,4,norris,Lando NORRIS,NOR,McLaren,#FF8000,https://media.formula1.com/d_driver_fallback_image.png/content/dam/fom-website/drivers/L/LANNOR01_Lando_Norris/lannor01.png.transform/1col/image.png
702,9507,10,gasly,Pierre GASLY,GAS,Alpine,#0093cc,https://media.formula1.com/d_driver_fallback_image.png/content/dam/fom-website/drivers/P/PIEGAS01_Pierre_Gasly/piegas01.png.transform/1col/image.png
703,9507,11,perez,Sergio PEREZ,PER,Red Bull Racing,#3671C6,https://media.formula1.com/d_driver_fallback_image.png/content/dam/fom-website/drivers/S/SERPER01_Sergio_Perez/serper01.png.transform/1col/image.png
704,9507,14,alonso,Fernando ALONSO,ALO,Aston Martin,#229971,https://media.formula1.com/d_driver_fallback_image.png/content/dam/fom-website/drivers/F/FERALO01_Fernando_Alonso/feralo01.png.transform/1col/image.png
705,9507,16,leclerc,Charles LECLERC,LEC,Ferrari,#E80020,https://media.formula1.com/d_driver_fallback_image.png/content/dam/fom-website/drivers/C/CHALEC01_Charles_Leclerc/chalec01.png.transform/1col/image.png
706,9507,18,stroll,Lance STROLL,STR,Aston Martin,#229971,https://media.formula1.com/d_driver_fallback_image.png/content/dam/fom-website/drivers/L/LANSTR01_Lance_Stroll/lanstr01.png.transform/1col/image.png
707,9507,20,kevin_magnussen,Kevin MAGNUSSEN,MAG,Haas F1 Team,#B6BABD,https://media.formula1.com/d_driver_fallback_image.png/content/dam/fom-website/drivers/K/KEVMAG01_Kevin_Magnussen/kevmag01.png.transform/1col/image.png
708,9507,22,tsunoda,Yuki TSUNODA,TSU,RB,#6692FF,https://media.formula1.com/d_driver_fallback_image.png/content/dam/fom-website/drivers/Y/YUKTSU01_Yuki_Tsunoda/yuktsu01.png.transform/1col/image.png
709,9507,23,albon,Alexander ALBON,ALB,Williams,#64C4FF,https://media.formula1.com/d_driver_fallback_image.png/content/dam/fom-website/drivers/A/ALEALB01_Alexander_Albon/alealb01.png.transform/1col/image.png
710,9507,24,zhou,ZHOU Guanyu,ZHO,Kick Sauber,#52e252,https://media.formula1.com/d_driver_fallback_image.png/content/dam/fom-website/drivers/G/GUAZHO01_Guanyu_Zhou/guazho01.png.transform/1col/image.png
711,9507,27,hulkenberg,Nico HULKENBERG,HUL,Haas F1 Team,#B6BABD,https://media.formula1.com/d_driver_fallback_image.png/content/dam/fom-website/drivers/N/NICHUL01_Nico_Hulkenberg/nichul01.png.transform/1col/image.png
712,9507,31,ocon,Esteban OCON,OCO,Alpine,#0093cc,https://media.formula1.com/d_driver_fallback_image.png/content/dam/fom-website/drivers/E/ESTOCO01_Esteban_Ocon/estoco01.png.transform/1col/image.png
713,9507,44,hamilton,Lewis HAMILTON,HAM,Mercedes,#27F4D2,https://media.formula1.com/d_driver_fallback_image.png/content/dam/fom-website/drivers/L/LEWHAM01_Lewis_Hamilton/lewham01.png.transform/1col/image.png
714,9507,55,sainz,Carlos SAINZ,SAI,Ferrari,#E80020,https://media.formula1.com/d_driver_fallback_image.png/content/dam/fom-website/drivers/C/CARSAI01_Carlos_Sainz/carsai01.png.transform/1col/image.png
715,9507,63,russell,George RUSSELL,RUS,Mercedes,#27F4D2,https://media.formula1.com/d_driver_fallback_image.png/content/dam/fom-website/drivers/G/GEORUS01_George_Russell/georus01.png.transform/1col/image.png
716,9507,77,bottas,Valtteri BOTTAS,BOT,Kick Sauber,#52e252,https://media.formula1.com/d_driver_fallback_image.png/content/dam/fom-website/drivers/V/VALBOT01_Valtteri_Bottas/valbot01.png.transform/1col/image.png
717,9507,81,piastri,Oscar PIASTRI,PIA,McLaren,#FF8000,https://media.formula1.com/d_driver_fallback_image.png/content/dam/fom-website/drivers/O/OSCPIA01_Oscar_Piastri/oscpia01.png.transform/1col/image.png
718,9515,1,max_verstappen,Max VERSTAPPEN,VER,Red Bull Racing,#3671C6,https://media.formula1.com/d_driver_fallback_image.png/content/dam/fom-website/drivers/M/MAXVER01_Max_Verstappen/maxver01.png.transform/1col/image.png
719,9515,2,sargeant,Logan SARGEANT,SAR,Williams,#64C4FF,https://media.formula1.com/d_driver_fallback_image.png/content/dam/fom-website/drivers/L/LOGSAR01_Logan_Sargeant/logsar01.png.transform/1col/image.png
720,9515,3,ricciardo,Daniel RICCIARDO,RIC,RB,#6692FF,https://media.formula1.com/d_driver_fallback_image.png/content/dam/fom-website/drivers/D/DANRIC01_Daniel_Ricciardo/danric01.png.transform/1col/image.png
721,9515,4,norris,Lando NORRIS,NOR,McLaren,#FF8000,https://media.formula1.com/d_driver_fallback_image.png/content/dam/fom-website/drivers/L/LANNOR01_Lando_Norris/lannor01.png.transform/1col/image.png
722,9515,10,gasly,Pierre GASLY,GAS,Alpine,#0093cc,https://media.formula1.com/d_driver_fallback_image.png/content/dam/fom-website/drivers/P/PIEGAS01_Pierre_Gasly/piegas01.png.transform/1col/image.png
723,9515,11,perez,Sergio PEREZ,PER,Red Bull Racing,#3671C6,https://media.formula1.com/d_driver_fallback_image.png/content/dam/fom-website/drivers/S/SERPER01_Sergio_Perez/serper01.png.transform/1col/image.png
724,9515,14,alonso,Fernando ALONSO,ALO,Aston Martin,#229971,https://media.formula1.com/d_driver_fallback_image.png/content/dam/fom-website/drivers/F/FERALO01_Fernando_Alonso/feralo01.png.transform/1col/image.png
725,9515,16,leclerc,Charles LECLERC,LEC,Ferrari,#E80020,https://media.formula1.com/d_driver_fallback_image.png/content/dam/fom-website/drivers/C/CHALEC01_Charles_Leclerc/chalec01.png.transform/1col/image.png
726,9515,18,stroll,Lance STROLL,STR,Aston Martin,#229971,https://media.formula1.com/d_driver_fallback_image.png/content/dam/fom-website/drivers/L/LANSTR01_Lance_Stroll/lanstr01.png.transform/1col/image.png
727,9515,20,kevin_magnussen,Kevin MAGNUSSEN,MAG,Haas F1 Team,#B6BABD,https://media.formula1.com/d_driver_fallback_image.png/content/dam/fom-website/drivers/K/KEVMAG01_Kevin_Magnussen/kevmag01.png.transform/1col/image.png
728,9515,22,tsunoda,Yuki TSUNODA,TSU,RB,#6692FF,https://media.formula1.com/d_driver_fallback_image.png/content/dam/fom-website/drivers/Y/YUKTSU01_Yuki_Tsunoda/yuktsu01.png.transform/1col/image.png
729,9515,23,albon,Alexander ALBON,ALB,Williams,#64C4FF,https://media.formula1.com/d_driver_fallback_image.png/content/dam/fom-website/drivers/A/ALEALB01_Alexander_Albon/alealb01.png.transform/1col/image.png
730,9515,24,zhou,ZHOU Guanyu,ZHO,Kick Sauber,#52e252,https://media.formula1.com/d_driver_fallback_image.png/content/dam/fom-website/drivers/G/GUAZHO01_Guanyu_Zhou/guazho01.png.transform/1col/image.png
731,9515,27,hulkenberg,Nico HULKENBERG,HUL,Haas F1 Team,#B6BABD,https://media.formula1.com/d_driver_fallback_image.png/content/dam/fom-website/drivers/N/NICHUL01_Nico_Hulkenberg/nichul01.png.transform/1col/image.png
732,9515,31,ocon,Esteban OCON,OCO,Alpine,#0093cc,https://media.formula1.com/d_driver_fallback_image.png/content/dam/fom-website/drivers/E/ESTOCO01_Esteban_Ocon/estoco01.png.transform/1col/image.png
733,9515,44,hamilton,Lewis HAMILTON,HAM,Mercedes,#27F4D2,https://media.formula1.com/d_driver_fallback_image.png/content/dam/fom-website/drivers/L/LEWHAM01_Lewis_Hamilton/lewham01.png.transform/1col/image.png
734,9515,55,sainz,Carlos SAINZ,SAI,Ferrari,#E80020,https://media.formula1.com/d_driver_fallback_image.png/content/dam/fom-website/drivers/C/CARSAI01_Carlos_Sainz/carsai01.png.transform/1col/image.png
735,9515,63,russell,George RUSSELL,RUS,Mercedes,#27F4D2,https://media.formula1.com/d_driver_fallback_image.png/content/dam/fom-website/drivers/G/GEORUS01_George_Russell/georus01.png.transform/1col/image.png
736,9515,77,bottas,Valtteri BOTTAS,BOT,Kick Sauber,#52e252,https://media.formula1.com/d_driver_fallback_image.png/content/dam/fom-website/drivers/V/VALBOT01_Valtteri_Bottas/valbot01.png.transform/1col/image.png
737,9515,81,piastri,Oscar PIASTRI,PIA,McLaren,#FF8000,https://media.formula1.com/d_driver_fallback_image.png/content/dam/fom-website/drivers/O/OSCPIA01_Oscar_Piastri/oscpia01.png.transform/1col/image.png
738,9523,1,max_verstappen,Max VERSTAPPEN,VER,Red Bull Racing,#3671C6,https://media.formula1.com/d_driver_fallback_image.png/content/dam/fom-website/drivers/M/MAXVER01_Max_Verstappen/maxver01.png.transform/1col/image.png
739,9523,2,sargeant,Logan SARGEANT,SAR,Williams,#64C4FF,https://media.formula1.com/d_driver_fallback_image.png/content/dam/fom-website/drivers/L/LOGSAR01_Logan_Sargeant/logsar01.png.transform/1col/image.png
740,9523,3,ricciardo,Daniel RICCIARDO,RIC,RB,#6692FF,https://media.formula1.com/d_driver_fallback_image.png/content/dam/fom-website/drivers/D/DANRIC01_Daniel_Ricciardo/danric01.png.transform/1col/image.png
741,9523,4,norris,Lando NORRIS,NOR,McLaren,#FF8000,https://media.formula1.com/d_driver_fallback_image.png/content/dam/fom-website/drivers/L/LANNOR01_Lando_Norris/lannor01.png.transform/1col/image.png
742,9523,10,gasly,Pierre GASLY,GAS,Alpine,#0093cc,https://media.formula1.com/d_driver_fallback_image.png/content/dam/fom-website/drivers/P/PIEGAS01_Pierre_Gasly/piegas01.png.transform/1col/image.png
743,9523,11,perez,Sergio PEREZ,PER,Red Bull Racing,#3671C6,https://media.formula1.com/d_driver_fallback_image.png/content/dam/fom-website/drivers/S/SERPER01_Sergio_Perez/serper01.png.transform/1col/image.png
744,9523,14,alonso,Fernando ALONSO,ALO,Aston Martin,#229971,https://media.formula1.com/d_driver_fallback_image.png/content/dam/fom-website/drivers/F/FERALO01_Fernando_Alonso/feralo01.png.transform/1col/image.png
745,9523,16,leclerc,Charles LECLERC,LEC,Ferrari,#E80020,https://media.formula1.com/d_driver_fallback_image.png/content/dam/fom-website/drivers/C/CHALEC01_Charles_Leclerc/chalec01.png.transform/1col/image.png
746,9523,18,stroll,Lance STROLL,STR,Aston Martin,#229971,https://media.formula1.com/d_driver_fallback_image.png/content/dam/fom-website/drivers/L/LANSTR01_Lance_Stroll/lanstr01.png.transform/1col/image.png
747,9523,20,kevin_magnussen,Kevin MAGNUSSEN,MAG,Haas F1 Team,#B6BABD,https://media.formula1.com/d_driver_fallback_image.png/content/dam/fom-website/drivers/K/KEVMAG01_Kevin_Magnussen/kevmag01.png.transform/1col/image.png
748,9523,22,tsunoda,Yuki TSUNODA,TSU,RB,#6692FF,https://media.formula1.com/d_driver_fallback_image.png/content/dam/fom-website/drivers/Y/YUKTSU01_Yuki_Tsunoda/yuktsu01.png.transform/1col/image.png
749,9523,23,albon,Alexander ALBON,ALB,Williams,#64C4FF,https://media.formula1.com/d_driver_fallback_image.png/content/dam/fom-website/drivers/A/ALEALB01_Alexander_Albon/alealb01.png.transform/1col/image.png
750,9523,24,zhou,ZHOU Guanyu,ZHO,Kick Sauber,#52e252,https://media.formula1.com/d_driver_fallback_image.png/content/dam/fom-website/drivers/G/GUAZHO01_Guanyu_Zhou/guazho01.png.transform/1col/image.png
751,9523,27,hulkenberg,Nico HULKENBERG,HUL,Haas F1 Team,#B6BABD,https://media.formula1.com/d_driver_fallback_image.png/content/dam/fom-website/drivers/N/NICHUL01_Nico_Hulkenberg/nichul01.png.transform/1col/image.png
752,9523,31,ocon,Esteban OCON,OCO,Alpine,#0093cc,https://media.formula1.com/d_driver_fallback_image.png/content/dam/fom-website/drivers/E/ESTOCO01_Esteban_Ocon/estoco01.png.transform/1col/image.png
753,9523,44,hamilton,Lewis HAMILTON,HAM,Mercedes,#27F4D2,https://media.formula1.com/d_driver_fallback_image.png/content/dam/fom-website/drivers/L/LEWHAM01_Lewis_Hamilton/lewham01.png.transform/1col/image.png
754,9523,55,sainz,Carlos SAINZ,SAI,Ferrari,#E80020,https://media.formula1.com/d_driver_fallback_image.png/content/dam/fom-website/drivers/C/CARSAI01_Carlos_Sainz/carsai01.png.transform/1col/image.png
755,9523,63,russell,George RUSSELL,RUS,Mercedes,#27F4D2,https://media.formula1.com/d_driver_fallback_image.png/content/dam/fom-website/drivers/G/GEORUS01_George_Russell/georus01.png.transform/1col/image.png
756,9523,77,bottas,Valtteri BOTTAS,BOT,Kick Sauber,#52e252,https://media.formula1.com/d_driver_fallback_image.png/content/dam/fom-website/drivers/V/VALBOT01_Valtteri_Bottas/valbot01.png.transform/1col/image.png
757,9523,81,piastri,Oscar PIASTRI,PIA,McLaren,#FF8000,https://media.formula1.com/d_driver_fallback_image.png/content/dam/fom-website/drivers/O/OSCPIA01_Oscar_Piastri/oscpia01.png.transform/1col/image.png
758,9531,1,max_verstappen,Max VERSTAPPEN,VER,Red Bull Racing,#3671C6,https://media.formula1.com/d_driver_fallback_image.png/content/dam/fom-website/drivers/M/MAXVER01_Max_Verstappen/maxver01.png.transform/1col/image.png
759,9531,2,sargeant,Logan SARGEANT,SAR,Williams,#64C4FF,https://media.formula1.com/d_driver_fallback_image.png/content/dam/fom-website/drivers/L/LOGSAR01_Logan_Sargeant/logsar01.png.transform/1col/image.png
760,9531,3,ricciardo,Daniel RICCIARDO,RIC,RB,#6692FF,https://media.formula1.com/d_driver_fallback_image.png/content/dam/fom-website/drivers/D/DANRIC01_Daniel_Ricciardo/danric01.png.transform/1col/image.png
761,9531,4,norris,Lando NORRIS,NOR,McLaren,#FF8000,https://media.formula1.com/d_driver_fallback_image.png/content/dam/fom-website/drivers/L/LANNOR01_Lando_Norris/lannor01.png.transform/1col/image.png
762,9531,10,gasly,Pierre GASLY,GAS,Alpine,#0093CC,https://media.formula1.com/d_driver_fallback_image.png/content/dam/fom-website/drivers/P/PIEGAS01_Pierre_Gasly/piegas01.png.transform/1col/image.png
763,9531,11,perez,Sergio PEREZ,PER,Red Bull Racing,#3671C6,https://media.formula1.com/d_driver_fallback_image.png/content/dam/fom-website/drivers/S/SERPER01_Sergio_Perez/serper01.png.transform/1col/image.png
764,9531,14,alonso,Fernando ALONSO,ALO,Aston Martin,#229971,https://media.formula1.com/d_driver_fallback_image.png/content/dam/fom-website/drivers/F/FERALO01_Fernando_Alonso/feralo01.png.transform/1col/image.png
765,9531,16,leclerc,Charles LECLERC,LEC,Ferrari,#E80020,https://media.formula1.com/d_driver_fallback_image.png/content/dam/fom-website/drivers/C/CHALEC01_Charles_Leclerc/chalec01.png.transform/1col/image.png
766,9531,18,stroll,Lance STROLL,STR,Aston Martin,#229971,https://media.formula1.com/d_driver_fallback_image.png/content/dam/fom-website/drivers/L/LANSTR01_Lance_Stroll/lanstr01.png.transform/1col/image.png
767,9531,20,kevin_magnussen,Kevin MAGNUSSEN,MAG,Haas F1 Team,#B6BABD,https://media.formula1.com/d_driver_fallback_image.png/content/dam/fom-website/drivers/K/KEVMAG01_Kevin_Magnussen/kevmag01.png.transform/1col/image.png
768,9531,22,tsunoda,Yuki TSUNODA,TSU,RB,#6692FF,https://media.formula1.com/d_driver_fallback_image.png/content/dam/fom-website/drivers/Y/YUKTSU01_Yuki_Tsunoda/yuktsu01.png.transform/1col/image.png
769,9531,23,albon,Alexander ALBON,ALB,Williams,#64C4FF,https://media.formula1.com/d_driver_fallback_image.png/content/dam/fom-website/drivers/A/ALEALB01_Alexander_Albon/alealb01.png.transform/1col/image.png
770,9531,24,zhou,ZHOU Guanyu,ZHO,Kick Sauber,#52e252,https://media.formula1.com/d_driver_fallback_image.png/content/dam/fom-website/drivers/G/GUAZHO01_Guanyu_Zhou/guazho01.png.transform/1col/image.png
771,9531,27,hulkenberg,Nico HULKENBERG,HUL,Haas F1 Team,#B6BABD,https://media.formula1.com/d_driver_fallback_image.png/content/dam/fom-website/drivers/N/NICHUL01_Nico_Hulkenberg/nichul01.png.transform/1col/image.png
772,9531,31,ocon,Esteban OCON,OCO,Alpine,#0093CC,https://media.formula1.com/d_driver_fallback_image.png/content/dam/fom-website/drivers/E/ESTOCO01_Esteban_Ocon/estoco01.png.transform/1col/image.png
773,9531,44,hamilton,Lewis HAMILTON,HAM,Mercedes,#27F4D2,https://media.formula1.com/d_driver_fallback_image.png/content/dam/fom-website/drivers/L/LEWHAM01_Lewis_Hamilton/lewham01.png.transform/1col/image.png
774,9531,55,sainz,Carlos SAINZ,SAI,Ferrari,#E80020,https://media.formula1.com/d_driver_fallback_image.png/content/dam/fom-website/drivers/C/CARSAI01_Carlos_Sainz/carsai01.png.transform/1col/image.png
775,9531,63,russell,George RUSSELL,RUS,Mercedes,#27F4D2,https://media.formula1.com/d_driver_fallback_image.png/content/dam/fom-website/drivers/G/GEORUS01_George_Russell/georus01.png.transform/1col/image.png
776,9531,77,bottas,Valtteri BOTTAS,BOT,Kick Sauber,#52e252,https://media.formula1.com/d_driver_fallback_image.png/content/dam/fom-website/drivers/V/VALBOT01_Valtteri_Bottas/valbot01.png.transform/1col/image.png
777,9531,81,piastri,Oscar PIASTRI,PIA,McLaren,#FF8000,https://media.formula1.com/d_driver_fallback_image.png/content/dam/fom-website/drivers/O/OSCPIA01_Oscar_Piastri/oscpia01.png.transform/1col/image.png
778,9539,1,max_verstappen,Max VERSTAPPEN,VER,Red Bull Racing,#3671C6,https://media.formula1.com/d_driver_fallback_image.png/content/dam/fom-website/drivers/M/MAXVER01_Max_Verstappen/maxver01.png.transform/1col/image.png
779,9539,2,sargeant,Logan SARGEANT,SAR,Williams,#64C4FF,https://media.formula1.com/d_driver_fallback_image.png/content/dam/fom-website/drivers/L/LOGSAR01_Logan_Sargeant/logsar01.png.transform/1col/image.png
780,9539,3,ricciardo,Daniel RICCIARDO,RIC,RB,#6692FF,https://media.formula1.com/d_driver_fallback_image.png/content/dam/fom-website/drivers/D/DANRIC01_Daniel_Ricciardo/danric01.png.transform/1col/image.png
781,9539,4,norris,Lando NORRIS,NOR,McLaren,#FF8000,https://media.formula1.com/d_driver_fallback_image.png/content/dam/fom-website/drivers/L/LANNOR01_Lando_Norris/lannor01.png.transform/1col/image.png
782,9539,10,gasly,Pierre GASLY,GAS,Alpine,#0093cc,https://media.formula1.com/d_driver_fallback_image.png/content/dam/fom-website/drivers/P/PIEGAS01_Pierre_Gasly/piegas01.png.transform/1col/image.png
783,9539,11,perez,Sergio PEREZ,PER,Red Bull Racing,#3671C6,https://media.formula1.com/d_driver_fallback_image.png/content/dam/fom-website/drivers/S/SERPER01_Sergio_Perez/serper01.png.transform/1col/image.png
784,9539,14,alonso,Fernando ALONSO,ALO,Aston Martin,#229971,https://media.formula1.com/d_driver_fallback_image.png/content/dam/fom-website/drivers/F/FERALO01_Fernando_Alonso/feralo01.png.transform/1col/image.png
785,9539,16,leclerc,Charles LECLERC,LEC,Ferrari,#E80020,https://media.formula1.com/d_driver_fallback_image.png/content/dam/fom-website/drivers/C/CHALEC01_Charles_Leclerc/chalec01.png.transform/1col/image.png
786,9539,18,stroll,Lance STROLL,STR,Aston Martin,#229971,https://media.formula1.com/d_driver_fallback_image.png/content/dam/fom-website/drivers/L/LANSTR01_Lance_Stroll/lanstr01.png.transform/1col/image.png
787,9539,20,kevin_magnussen,Kevin MAGNUSSEN,MAG,Haas F1 Team,#B6BABD,https://media.formula1.com/d_driver_fallback_image.png/content/dam/fom-website/drivers/K/KEVMAG01_Kevin_Magnussen/kevmag01.png.transform/1col/image.png
788,9539,22,tsunoda,Yuki TSUNODA,TSU,RB,#6692FF,https://media.formula1.com/d_driver_fallback_image.png/content/dam/fom-website/drivers/Y/YUKTSU01_Yuki_Tsunoda/yuktsu01.png.transform/1col/image.png
789,9539,23,albon,Alexander ALBON,ALB,Williams,#64C4FF,https://media.formula1.com/d_driver_fallback_image.png/content/dam/fom-website/drivers/A/ALEALB01_Alexander_Albon/alealb01.png.transform/1col/image.png
790,9539,24,zhou,ZHOU Guanyu,ZHO,Kick Sauber,#52e252,https://media.formula1.com/d_driver_fallback_image.png/content/dam/fom-website/drivers/G/GUAZHO01_Guanyu_Zhou/guazho01.png.transform/1col/image.png
791,9539,27,hulkenberg,Nico HULKENBERG,HUL,Haas F1 Team,#B6BABD,https://media.formula1.com/d_driver_fallback_image.png/content/dam/fom-website/drivers/N/NICHUL01_Nico_Hulkenberg/nichul01.png.transform/1col/image.png
792,9539,31,ocon,Esteban OCON,OCO,Alpine,#0093cc,https://media.formula1.com/d_driver_fallback_image.png/content/dam/fom-website/drivers/E/ESTOCO01_Esteban_Ocon/estoco01.png.transform/1col/image.png
793,9539,44,hamilton,Lewis HAMILTON,HAM,Mercedes,#27F4D2,https://media.formula1.com/d_driver_fallback_image.png/content/dam/fom-website/drivers/L/LEWHAM01_Lewis_Hamilton/lewham01.png.transform/1col/image.png
794,9539,55,sainz,Carlos SAINZ,SAI,Ferrari,#E80020,https://media.formula1.com/d_driver_fallback_image.png/content/dam/fom-website/drivers/C/CARSAI01_Carlos_Sainz/carsai01.png.transform/1col/image.png
795,9539,63,russell,George RUSSELL,RUS,Mercedes,#27F4D2,https://media.formula1.com/d_driver_fallback_image.png/content/dam/fom-website/drivers/G/GEORUS01_George_Russell/georus01.png.transform/1col/image.png
796,9539,77,bottas,Valtteri BOTTAS,BOT,Kick Sauber,#52e252,https://media.formula1.com/d_driver_fallback_image.png/content/dam/fom-website/drivers/V/VALBOT01_Valtteri_Bottas/valbot01.png.transform/1col/image.png
797,9539,81,piastri,Oscar PIASTRI,PIA,McLaren,#FF8000,https://media.formula1.com/d_driver_fallback_image.png/content/dam/fom-website/drivers/O/OSCPIA01_Oscar_Piastri/oscpia01.png.transform/1col/image.png
798,9549,1,max_verstappen,Max VERSTAPPEN,VER,Red Bull Racing,#3671C6,https://media.formula1.com/d_driver_fallback_image.png/content/dam/fom-website/drivers/M/MAXVER01_Max_Verstappen/maxver01.png.transform/1col/image.png
799,9549,2,sargeant,Logan SARGEANT,SAR,Williams,#64C4FF,https://media.formula1.com/d_driver_fallback_image.png/content/dam/fom-website/drivers/L/LOGSAR01_Logan_Sargeant/logsar01.png.transform/1col/image.png
800,9549,3,ricciardo,Daniel RICCIARDO,RIC,RB,#6692FF,https://media.formula1.com/d_driver_fallback_image.png/content/dam/fom-website/drivers/D/DANRIC01_Daniel_Ricciardo/danric01.png.transform/1col/image.png
801,9549,4,norris,Lando NORRIS,NOR,McLaren,#FF8000,https://media.formula1.com/d_driver_fallback_image.png/content/dam/fom-website/drivers/L/LANNOR01_Lando_Norris/lannor01.png.transform/1col/image.png
802,9549,10,gasly,Pierre GASLY,GAS,Alpine,#0093cc,https://media.formula1.com/d_driver_fallback_image.png/content/dam/fom-website/drivers/P/PIEGAS01_Pierre_Gasly/piegas01.png.transform/1col/image.png
803,9549,11,perez,Sergio PEREZ,PER,Red Bull Racing,#3671C6,https://media.formula1.com/d_driver_fallback_image.png/content/dam/fom-website/drivers/S/SERPER01_Sergio_Perez/serper01.png.transform/1col/image.png
804,9549,14,alonso,Fernando ALONSO,ALO,Aston Martin,#229971,https://media.formula1.com/d_driver_fallback_image.png/content/dam/fom-website/drivers/F/FERALO01_Fernando_Alonso/feralo01.png.transform/1col/image.png
805,9549,16,leclerc,Charles LECLERC,LEC,Ferrari,#E80020,https://media.formula1.com/d_driver_fallback_image.png/content/dam/fom-website/drivers/C/CHALEC01_Charles_Leclerc/chalec01.png.transform/1col/image.png
806,9549,18,stroll,Lance STROLL,STR,Aston Martin,#229971,https://media.formula1.com/d_driver_fallback_image.png/content/dam/fom-website/drivers/L/LANSTR01_Lance_Stroll/lanstr01.png.transform/1col/image.png
807,9549,20,kevin_magnussen,Kevin MAGNUSSEN,MAG,Haas F1 Team,#B6BABD,https://media.formula1.com/d_driver_fallback_image.png/content/dam/fom-website/drivers/K/KEVMAG01_Kevin_Magnussen/kevmag01.png.transform/1col/image.png
808,9549,22,tsunoda,Yuki TSUNODA,TSU,RB,#6692FF,https://media.formula1.com/d_driver_fallback_image.png/content/dam/fom-website/drivers/Y/YUKTSU01_Yuki_Tsunoda/yuktsu01.png.transform/1col/image.png
809,9549,24,zhou,ZHOU Guanyu,ZHO,Kick Sauber,#52e252,https://media.formula1.com/d_driver_fallback_image.png/content/dam/fom-website/drivers/G/GUAZHO01_Guanyu_Zhou/guazho01.png.transform/1col/image.png
810,9549,27,hulkenberg,Nico HULKENBERG,HUL,Haas F1 Team,#B6BABD,https://media.formula1.com/d_driver_fallback_image.png/content/dam/fom-website/drivers/N/NICHUL01_Nico_Hulkenberg/nichul01.png.transform/1col/image.png
811,9549,31,ocon,Esteban OCON,OCO,Alpine,#0093cc,https://media.formula1.com/d_driver_fallback_image.png/content/dam/fom-website/drivers/E/ESTOCO01_Esteban_Ocon/estoco01.png.transform/1col/image.png
812,9549,44,hamilton,Lewis HAMILTON,HAM,Mercedes,#27F4D2,https://media.formula1.com/d_driver_fallback_image.png/content/dam/fom-website/drivers/L/LEWHAM01_Lewis_Hamilton/lewham01.png.transform/1col/image.png
813,9549,55,sainz,Carlos SAINZ,SAI,Ferrari,#E80020,https://media.formula1.com/d_driver_fallback_image.png/content/dam/fom-website/drivers/C/CARSAI01_Carlos_Sainz/carsai01.png.transform/1col/image.png
814,9549,63,russell,George RUSSELL,RUS,Mercedes,#27F4D2,https://media.formula1.com/d_driver_fallback_image.png/content/dam/fom-website/drivers/G/GEORUS01_George_Russell/georus01.png.transform/1col/image.png
815,9549,77,bottas,Valtteri BOTTAS,BOT,Kick Sauber,#52e252,https://media.formula1.com/d_driver_fallback_image.png/content/dam/fom-website/drivers/V/VALBOT01_Valtteri_Bottas/valbot01.png.transform/1col/image.png
816,9549,81,piastri,Oscar PIASTRI,PIA,McLaren,#FF8000,https://media.formula1.com/d_driver_fallback_image.png/content/dam/fom-website/drivers/O/OSCPIA01_Oscar_Piastri/oscpia01.png.transform/1col/image.png
817,9549,23,albon,Alexander ALBON,ALB,Williams,#64C4FF,https://media.formula1.com/d_driver_fallback_image.png/content/dam/fom-website/drivers/A/ALEALB01_Alexander_Albon/alealb01.png.transform/1col/image.png
818,9550,1,max_verstappen,Max VERSTAPPEN,VER,Red Bull Racing,#3671C6,https://media.formula1.com/d_driver_fallback_image.png/content/dam/fom-website/drivers/M/MAXVER01_Max_Verstappen/maxver01.png.transform/1col/image.png
819,9550,2,sargeant,Logan SARGEANT,SAR,Williams,#64C4FF,https://media.formula1.com/d_driver_fallback_image.png/content/dam/fom-website/drivers/L/LOGSAR01_Logan_Sargeant/logsar01.png.transform/1col/image.png
820,9550,3,ricciardo,Daniel RICCIARDO,RIC,RB,#6692FF,https://media.formula1.com/d_driver_fallback_image.png/content/dam/fom-website/drivers/D/DANRIC01_Daniel_Ricciardo/danric01.png.transform/1col/image.png
821,9550,4,norris,Lando NORRIS,NOR,McLaren,#FF8000,https://media.formula1.com/d_driver_fallback_image.png/content/dam/fom-website/drivers/L/LANNOR01_Lando_Norris/lannor01.png.transform/1col/image.png
822,9550,10,gasly,Pierre GASLY,GAS,Alpine,#0093cc,https://media.formula1.com/d_driver_fallback_image.png/content/dam/fom-website/drivers/P/PIEGAS01_Pierre_Gasly/piegas01.png.transform/1col/image.png
823,9550,11,perez,Sergio PEREZ,PER,Red Bull Racing,#3671C6,https://media.formula1.com/d_driver_fallback_image.png/content/dam/fom-website/drivers/S/SERPER01_Sergio_Perez/serper01.png.transform/1col/image.png
824,9550,14,alonso,Fernando ALONSO,ALO,Aston Martin,#229971,https://media.formula1.com/d_driver_fallback_image.png/content/dam/fom-website/drivers/F/FERALO01_Fernando_Alonso/feralo01.png.transform/1col/image.png
825,9550,16,leclerc,Charles LECLERC,LEC,Ferrari,#E80020,https://media.formula1.com/d_driver_fallback_image.png/content/dam/fom-website/drivers/C/CHALEC01_Charles_Leclerc/chalec01.png.transform/1col/image.png
826,9550,18,stroll,Lance STROLL,STR,Aston Martin,#229971,https://media.formula1.com/d_driver_fallback_image.png/content/dam/fom-website/drivers/L/LANSTR01_Lance_Stroll/lanstr01.png.transform/1col/image.png
827,9550,20,kevin_magnussen,Kevin MAGNUSSEN,MAG,Haas F1 Team,#B6BABD,https://media.formula1.com/d_driver_fallback_image.png/content/dam/fom-website/drivers/K/KEVMAG01_Kevin_Magnussen/kevmag01.png.transform/1col/image.png
828,9550,22,tsunoda,Yuki TSUNODA,TSU,RB,#6692FF,https://media.formula1.com/d_driver_fallback_image.png/content/dam/fom-website/drivers/Y/YUKTSU01_Yuki_Tsunoda/yuktsu01.png.transform/1col/image.png
829,9550,23,albon,Alexander ALBON,ALB,Williams,#64C4FF,https://media.formula1.com/d_driver_fallback_image.png/content/dam/fom-website/drivers/A/ALEALB01_Alexander_Albon/alealb01.png.transform/1col/image.png
830,9550,24,zhou,ZHOU Guanyu,ZHO,Kick Sauber,#52e252,https://media.formula1.com/d_driver_fallback_image.png/content/dam/fom-website/drivers/G/GUAZHO01_Guanyu_Zhou/guazho01.png.transform/1col/image.png
831,9550,27,hulkenberg,Nico HULKENBERG,HUL,Haas F1 Team,#B6BABD,https://media.formula1.com/d_driver_fallback_image.png/content/dam/fom-website/drivers/N/NICHUL01_Nico_Hulkenberg/nichul01.png.transform/1col/image.png
832,9550,31,ocon,Esteban OCON,OCO,Alpine,#0093cc,https://media.formula1.com/d_driver_fallback_image.png/content/dam/fom-website/drivers/E/ESTOCO01_Esteban_Ocon/estoco01.png.transform/1col/image.png
833,9550,44,hamilton,Lewis HAMILTON,HAM,Mercedes,#27F4D2,https://media.formula1.com/d_driver_fallback_image.png/content/dam/fom-website/drivers/L/LEWHAM01_Lewis_Hamilton/lewham01.png.transform/1col/image.png
834,9550,55,sainz,Carlos SAINZ,SAI,Ferrari,#E80020,https://media.formula1.com/d_driver_fallback_image.png/content/dam/fom-website/drivers/C/CARSAI01_Carlos_Sainz/carsai01.png.transform/1col/image.png
835,9550,63,russell,George RUSSELL,RUS,Mercedes,#27F4D2,https://media.formula1.com/d_driver_fallback_image.png/content/dam/fom-website/drivers/G/GEORUS01_George_Russell/georus01.png.transform/1col/image.png
836,9550,77,bottas,Valtteri BOTTAS,BOT,Kick Sauber,#52e252,https://media.formula1.com/d_driver_fallback_image.png/content/dam/fom-website/drivers/V/VALBOT01_Valtteri_Bottas/valbot01.png.transform/1col/image.png
837,9550,81,piastri,Oscar PIASTRI,PIA,McLaren,#FF8000,https://media.formula1.com/d_driver_fallback_image.png/content/dam/fom-website/drivers/O/OSCPIA01_Oscar_Piastri/oscpia01.png.transform/1col/image.png
838,9558,1,max_verstappen,Max VERSTAPPEN,VER,Red Bull Racing,#3671C6,https://media.formula1.com/d_driver_fallback_image.png/content/dam/fom-website/drivers/M/MAXVER01_Max_Verstappen/maxver01.png.transform/1col/image.png
839,9558,2,sargeant,Logan SARGEANT,SAR,Williams,#64C4FF,https://media.formula1.com/d_driver_fallback_image.png/content/dam/fom-website/drivers/L/LOGSAR01_Logan_Sargeant/logsar01.png.transform/1col/image.png
840,9558,3,ricciardo,Daniel RICCIARDO,RIC,RB,#6692FF,https://media.formula1.com/d_driver_fallback_image.png/content/dam/fom-website/drivers/D/DANRIC01_Daniel_Ricciardo/danric01.png.transform/1col/image.png
841,9558,4,norris,Lando NORRIS,NOR,McLaren,#FF8000,https://media.formula1.com/d_driver_fallback_image.png/content/dam/fom-website/drivers/L/LANNOR01_Lando_Norris/lannor01.png.transform/1col/image.png
842,9558,10,gasly,Pierre GASLY,GAS,Alpine,#0093cc,https://media.formula1.com/d_driver_fallback_image.png/content/dam/fom-website/drivers/P/PIEGAS01_Pierre_Gasly/piegas01.png.transform/1col/image.png
843,9558,11,perez,Sergio PEREZ,PER,Red Bull Racing,#3671C6,https://media.formula1.com/d_driver_fallback_image.png/content/dam/fom-website/drivers/S/SERPER01_Sergio_Perez/serper01.png.transform/1col/image.png
844,9558,14,alonso,Fernando ALONSO,ALO,Aston Martin,#229971,https://media.formula1.com/d_driver_fallback_image.png/content/dam/fom-website/drivers/F/FERALO01_Fernando_Alonso/feralo01.png.transform/1col/image.png
845,9558,16,leclerc,Charles LECLERC,LEC,Ferrari,#E80020,https://media.formula1.com/d_driver_fallback_image.png/content/dam/fom-website/drivers/C/CHALEC01_Charles_Leclerc/chalec01.png.transform/1col/image.png
846,9558,18,stroll,Lance STROLL,STR,Aston Martin,#229971,https://media.formula1.com/d_driver_fallback_image.png/content/dam/fom-website/drivers/L/LANSTR01_Lance_Stroll/lanstr01.png.transform/1col/image.png
847,9558,20,kevin_magnussen,Kevin MAGNUSSEN,MAG,Haas F1 Team,#B6BABD,https://media.formula1.com/d_driver_fallback_image.png/content/dam/fom-website/drivers/K/KEVMAG01_Kevin_Magnussen/kevmag01.png.transform/1col/image.png
848,9558,22,tsunoda,Yuki TSUNODA,TSU,RB,#6692FF,https://media.formula1.com/d_driver_fallback_image.png/content/dam/fom-website/drivers/Y/YUKTSU01_Yuki_Tsunoda/yuktsu01.png.transform/1col/image.png
849,9558,23,albon,Alexander ALBON,ALB,Williams,#64C4FF,https://media.formula1.com/d_driver_fallback_image.png/content/dam/fom-website/drivers/A/ALEALB01_Alexander_Albon/alealb01.png.transform/1col/image.png
850,9558,24,zhou,ZHOU Guanyu,ZHO,Kick Sauber,#52e252,https://media.formula1.com/d_driver_fallback_image.png/content/dam/fom-website/drivers/G/GUAZHO01_Guanyu_Zhou/guazho01.png.transform/1col/image.png
851,9558,27,hulkenberg,Nico HULKENBERG,HUL,Haas F1 Team,#B6BABD,https://media.formula1.com/d_driver_fallback_image.png/content/dam/fom-website/drivers/N/NICHUL01_Nico_Hulkenberg/nichul01.png.transform/1col/image.png
852,9558,31,ocon,Esteban OCON,OCO,Alpine,#0093cc,https://media.formula1.com/d_driver_fallback_image.png/content/dam/fom-website/drivers/E/ESTOCO01_Esteban_Ocon/estoco01.png.transform/1col/image.png
853,9558,44,hamilton,Lewis HAMILTON,HAM,Mercedes,#27F4D2,https://media.formula1.com/d_driver_fallback_image.png/content/dam/fom-website/drivers/L/LEWHAM01_Lewis_Hamilton/lewham01.png.transform/1col/image.png
854,9558,55,sainz,Carlos SAINZ,SAI,Ferrari,#E80020,https://media.formula1.com/d_driver_fallback_image.png/content/dam/fom-website/drivers/C/CARSAI01_Carlos_Sainz/carsai01.png.transform/1col/image.png
855,9558,63,russell,George RUSSELL,RUS,Mercedes,#27F4D2,https://media.formula1.com/d_driver_fallback_image.png/content/dam/fom-website/drivers/G/GEORUS01_George_Russell/georus01.png.transform/1col/image.png
856,9558,77,bottas,Valtteri BOTTAS,BOT,Kick Sauber,#52e252,https://media.formula1.com/d_driver_fallback_image.png/content/dam/fom-website/drivers/V/VALBOT01_Valtteri_Bottas/valbot01.png.transform/1col/image.png
857,9558,81,piastri,Oscar PIASTRI,PIA,McLaren,#FF8000,https://media.formula1.com/d_driver_fallback_image.png/content/dam/fom-website/drivers/O/OSCPIA01_Oscar_Piastri/oscpia01.png.transform/1col/image.png
858,9566,1,max_verstappen,Max VERSTAPPEN,VER,Red Bull Racing,#3671C6,https://media.formula1.com/d_driver_fallback_image.png/content/dam/fom-website/drivers/M/MAXVER01_Max_Verstappen/maxver01.png.transform/1col/image.png
859,9566,2,sargeant,Logan SARGEANT,SAR,Williams,#64C4FF,https://media.formula1.com/d_driver_fallback_image.png/content/dam/fom-website/drivers/L/LOGSAR01_Logan_Sargeant/logsar01.png.transform/1col/image.png
860,9566,3,ricciardo,Daniel RICCIARDO,RIC,RB,#6692FF,https://media.formula1.com/d_driver_fallback_image.png/content/dam/fom-website/drivers/D/DANRIC01_Daniel_Ricciardo/danric01.png.transform/1col/image.png
861,9566,4,norris,Lando NORRIS,NOR,McLaren,#FF8000,https://media.formula1.com/d_driver_fallback_image.png/content/dam/fom-website/drivers/L/LANNOR01_Lando_Norris/lannor01.png.transform/1col/image.png
862,9566,10,gasly,Pierre GASLY,GAS,Alpine,#0093cc,https://media.formula1.com/d_driver_fallback_image.png/content/dam/fom-website/drivers/P/PIEGAS01_Pierre_Gasly/piegas01.png.transform/1col/image.png
863,9566,11,perez,Sergio PEREZ,PER,Red Bull Racing,#3671C6,https://media.formula1.com/d_driver_fallback_image.png/content/dam/fom-website/drivers/S/SERPER01_Sergio_Perez/serper01.png.transform/1col/image.png
864,9566,14,alonso,Fernando ALONSO,ALO,Aston Martin,#229971,https://media.formula1.com/d_driver_fallback_image.png/content/dam/fom-website/drivers/F/FERALO01_Fernando_Alonso/feralo01.png.transform/1col/image.png
865,9566,16,leclerc,Charles LECLERC,LEC,Ferrari,#E80020,https://media.formula1.com/d_driver_fallback_image.png/content/dam/fom-website/drivers/C/CHALEC01_Charles_Leclerc/chalec01.png.transform/1col/image.png
866,9566,18,stroll,Lance STROLL,STR,Aston Martin,#229971,https://media.formula1.com/d_driver_fallback_image.png/content/dam/fom-website/drivers/L/LANSTR01_Lance_Stroll/lanstr01.png.transform/1col/image.png
867,9566,20,kevin_magnussen,Kevin MAGNUSSEN,MAG,Haas F1 Team,#B6BABD,https://media.formula1.com/d_driver_fallback_image.png/content/dam/fom-website/drivers/K/KEVMAG01_Kevin_Magnussen/kevmag01.png.transform/1col/image.png
868,9566,22,tsunoda,Yuki TSUNODA,TSU,RB,#6692FF,https://media.formula1.com/d_driver_fallback_image.png/content/dam/fom-website/drivers/Y/YUKTSU01_Yuki_Tsunoda/yuktsu01.png.transform/1col/image.png
869,9566,23,albon,Alexander ALBON,ALB,Williams,#64C4FF,https://media.formula1.com/d_driver_fallback_image.png/content/dam/fom-website/drivers/A/ALEALB01_Alexander_Albon/alealb01.png.transform/1col/image.png
870,9566,24,zhou,ZHOU Guanyu,ZHO,Kick Sauber,#52e252,https://media.formula1.com/d_driver_fallback_image.png/content/dam/fom-website/drivers/G/GUAZHO01_Guanyu_Zhou/guazho01.png.transform/1col/image.png
871,9566,27,hulkenberg,Nico HULKENBERG,HUL,Haas F1 Team,#B6BABD,https://media.formula1.com/d_driver_fallback_image.png/content/dam/fom-website/drivers/N/NICHUL01_Nico_Hulkenberg/nichul01.png.transform/1col/image.png
872,9566,31,ocon,Esteban OCON,OCO,Alpine,#0093cc,https://media.formula1.com/d_driver_fallback_image.png/content/dam/fom-website/drivers/E/ESTOCO01_Esteban_Ocon/estoco01.png.transform/1col/image.png
873,9566,44,hamilton,Lewis HAMILTON,HAM,Mercedes,#27F4D2,https://media.formula1.com/d_driver_fallback_image.png/content/dam/fom-website/drivers/L/LEWHAM01_Lewis_Hamilton/lewham01.png.transform/1col/image.png
874,9566,55,sainz,Carlos SAINZ,SAI,Ferrari,#E80020,https://media.formula1.com/d_driver_fallback_image.png/content/dam/fom-website/drivers/C/CARSAI01_Carlos_Sainz/carsai01.png.transform/1col/image.png
875,9566,63,russell,George RUSSELL,RUS,Mercedes,#27F4D2,https://media.formula1.com/d_driver_fallback_image.png/content/dam/fom-website/drivers/G/GEORUS01_George_Russell/georus01.png.transform/1col/image.png
876,9566,77,bottas,Valtteri BOTTAS,BOT,Kick Sauber,#52e252,https://media.formula1.com/d_driver_fallback_image.png/content/dam/fom-website/drivers/V/VALBOT01_Valtteri_Bottas/valbot01.png.transform/1col/image.png
877,9566,81,piastri,Oscar PIASTRI,PIA,McLaren,#FF8000,https://media.formula1.com/d_driver_fallback_image.png/content/dam/fom-website/drivers/O/OSCPIA01_Oscar_Piastri/oscpia01.png.transform/1col/image.png
878,9574,1,max_verstappen,Max VERSTAPPEN,VER,Red Bull Racing,#3671C6,https://media.formula1.com/d_driver_fallback_image.png/content/dam/fom-website/drivers/M/MAXVER01_Max_Verstappen/maxver01.png.transform/1col/image.png
879,9574,2,sargeant,Logan SARGEANT,SAR,Williams,#64C4FF,https://media.formula1.com/d_driver_fallback_image.png/content/dam/fom-website/drivers/L/LOGSAR01_Logan_Sargeant/logsar01.png.transform/1col/image.png
880,9574,3,ricciardo,Daniel RICCIARDO,RIC,RB,#6692FF,https://media.formula1.com/d_driver_fallback_image.png/content/dam/fom-website/drivers/D/DANRIC01_Daniel_Ricciardo/danric01.png.transform/1col/image.png
881,9574,4,norris,Lando NORRIS,NOR,McLaren,#FF8000,https://media.formula1.com/d_driver_fallback_image.png/content/dam/fom-website/drivers/L/LANNOR01_Lando_Norris/lannor01.png.transform/1col/image.png
882,9574,10,gasly,Pierre GASLY,GAS,Alpine,#0093cc,https://media.formula1.com/d_driver_fallback_image.png/content/dam/fom-website/drivers/P/PIEGAS01_Pierre_Gasly/piegas01.png.transform/1col/image.png
883,9574,11,perez,Sergio PEREZ,PER,Red Bull Racing,#3671C6,https://media.formula1.com/d_driver_fallback_image.png/content/dam/fom-website/drivers/S/SERPER01_Sergio_Perez/serper01.png.transform/1col/image.png
884,9574,14,alonso,Fernando ALONSO,ALO,Aston Martin,#229971,https://media.formula1.com/d_driver_fallback_image.png/content/dam/fom-website/drivers/F/FERALO01_Fernando_Alonso/feralo01.png.transform/1col/image.png
885,9574,16,leclerc,Charles LECLERC,LEC,Ferrari,#E80020,https://media.formula1.com/d_driver_fallback_image.png/content/dam/fom-website/drivers/C/CHALEC01_Charles_Leclerc/chalec01.png.transform/1col/image.png
886,9574,18,stroll,Lance STROLL,STR,Aston Martin,#229971,https://media.formula1.com/d_driver_fallback_image.png/content/dam/fom-website/drivers/L/LANSTR01_Lance_Stroll/lanstr01.png.transform/1col/image.png
887,9574,20,kevin_magnussen,Kevin MAGNUSSEN,MAG,Haas F1 Team,#B6BABD,https://media.formula1.com/d_driver_fallback_image.png/content/dam/fom-website/drivers/K/KEVMAG01_Kevin_Magnussen/kevmag01.png.transform/1col/image.png
888,9574,22,tsunoda,Yuki TSUNODA,TSU,RB,#6692FF,https://media.formula1.com/d_driver_fallback_image.png/content/dam/fom-website/drivers/Y/YUKTSU01_Yuki_Tsunoda/yuktsu01.png.transform/1col/image.png
889,9574,23,albon,Alexander ALBON,ALB,Williams,#64C4FF,https://media.formula1.com/d_driver_fallback_image.png/content/dam/fom-website/drivers/A/ALEALB01_Alexander_Albon/alealb01.png.transform/1col/image.png
890,9574,24,zhou,ZHOU Guanyu,ZHO,Kick Sauber,#52e252,https://media.formula1.com/d_driver_fallback_image.png/content/dam/fom-website/drivers/G/GUAZHO01_Guanyu_Zhou/guazho01.png.transform/1col/image.png
891,9574,27,hulkenberg,Nico HULKENBERG,HUL,Haas F1 Team,#B6BABD,https://media.formula1.com/d_driver_fallback_image.png/content/dam/fom-website/drivers/N/NICHUL01_Nico_Hulkenberg/nichul01.png.transform/1col/image.png
892,9574,31,ocon,Esteban OCON,OCO,Alpine,#0093cc,https://media.formula1.com/d_driver_fallback_image.png/content/dam/fom-website/drivers/E/ESTOCO01_Esteban_Ocon/estoco01.png.transform/1col/image.png
893,9574,44,hamilton,Lewis HAMILTON,HAM,Mercedes,#27F4D2,https://media.formula1.com/d_driver_fallback_image.png/content/dam/fom-website/drivers/L/LEWHAM01_Lewis_Hamilton/lewham01.png.transform/1col/image.png
894,9574,55,sainz,Carlos SAINZ,SAI,Ferrari,#E80020,https://media.formula1.com/d_driver_fallback_image.png/content/dam/fom-website/drivers/C/CARSAI01_Carlos_Sainz/carsai01.png.transform/1col/image.png
895,9574,63,russell,George RUSSELL,RUS,Mercedes,#27F4D2,https://media.formula1.com/d_driver_fallback_image.png/content/dam/fom-website/drivers/G/GEORUS01_George_Russell/georus01.png.transform/1col/image.png
896,9574,77,bottas,Valtteri BOTTAS,BOT,Kick Sauber,#52e252,https://media.formula1.com/d_driver_fallback_image.png/content/dam/fom-website/drivers/V/VALBOT01_Valtteri_Bottas/valbot01.png.transform/1col/image.png
897,9574,81,piastri,Oscar PIASTRI,PIA,McLaren,#FF8000,https://media.formula1.com/d_driver_fallback_image.png/content/dam/fom-website/drivers/O/OSCPIA01_Oscar_Piastri/oscpia01.png.transform/1col/image.png
898,9582,1,max_verstappen,Max VERSTAPPEN,VER,Red Bull Racing,#3671C6,https://media.formula1.com/d_driver_fallback_image.png/content/dam/fom-website/drivers/M/MAXVER01_Max_Verstappen/maxver01.png.transform/1col/image.png
899,9582,2,sargeant,Logan SARGEANT,SAR,Williams,#64C4FF,https://media.formula1.com/d_driver_fallback_image.png/content/dam/fom-website/drivers/L/LOGSAR01_Logan_Sargeant/logsar01.png.transform/1col/image.png
900,9582,3,ricciardo,Daniel RICCIARDO,RIC,RB,#6692FF,https://media.formula1.com/d_driver_fallback_image.png/content/dam/fom-website/drivers/D/DANRIC01_Daniel_Ricciardo/danric01.png.transform/1col/image.png
901,9582,4,norris,Lando NORRIS,NOR,McLaren,#FF8000,https://media.formula1.com/d_driver_fallback_image.png/content/dam/fom-website/drivers/L/LANNOR01_Lando_Norris/lannor01.png.transform/1col/image.png
902,9582,10,gasly,Pierre GASLY,GAS,Alpine,#0093cc,https://media.formula1.com/d_driver_fallback_image.png/content/dam/fom-website/drivers/P/PIEGAS01_Pierre_Gasly/piegas01.png.transform/1col/image.png
903,9582,11,perez,Sergio PEREZ,PER,Red Bull Racing,#3671C6,https://media.formula1.com/d_driver_fallback_image.png/content/dam/fom-website/drivers/S/SERPER01_Sergio_Perez/serper01.png.transform/1col/image.png
904,9582,14,alonso,Fernando ALONSO,ALO,Aston Martin,#229971,https://media.formula1.com/d_driver_fallback_image.png/content/dam/fom-website/drivers/F/FERALO01_Fernando_Alonso/feralo01.png.transform/1col/image.png
905,9582,16,leclerc,Charles LECLERC,LEC,Ferrari,#E80020,https://media.formula1.com/d_driver_fallback_image.png/content/dam/fom-website/drivers/C/CHALEC01_Charles_Leclerc/chalec01.png.transform/1col/image.png
906,9582,18,stroll,Lance STROLL,STR,Aston Martin,#229971,https://media.formula1.com/d_driver_fallback_image.png/content/dam/fom-website/drivers/L/LANSTR01_Lance_Stroll/lanstr01.png.transform/1col/image.png
907,9582,20,kevin_magnussen,Kevin MAGNUSSEN,MAG,Haas F1 Team,#B6BABD,https://media.formula1.com/d_driver_fallback_image.png/content/dam/fom-website/drivers/K/KEVMAG01_Kevin_Magnussen/kevmag01.png.transform/1col/image.png
908,9582,22,tsunoda,Yuki TSUNODA,TSU,RB,#6692FF,https://media.formula1.com/d_driver_fallback_image.png/content/dam/fom-website/drivers/Y/YUKTSU01_Yuki_Tsunoda/yuktsu01.png.transform/1col/image.png
909,9582,23,albon,Alexander ALBON,ALB,Williams,#64C4FF,https://media.formula1.com/d_driver_fallback_image.png/content/dam/fom-website/drivers/A/ALEALB01_Alexander_Albon/alealb01.png.transform/1col/image.png
910,9582,24,zhou,ZHOU Guanyu,ZHO,Kick Sauber,#52e252,https://media.formula1.com/d_driver_fallback_image.png/content/dam/fom-website/drivers/G/GUAZHO01_Guanyu_Zhou/guazho01.png.transform/1col/image.png
911,9582,27,hulkenberg,Nico HULKENBERG,HUL,Haas F1 Team,#B6BABD,https://media.formula1.com/d_driver_fallback_image.png/content/dam/fom-website/drivers/N/NICHUL01_Nico_Hulkenberg/nichul01.png.transform/1col/image.png
912,9582,31,ocon,Esteban OCON,OCO,Alpine,#0093cc,https://media.formula1.com/d_driver_fallback_image.png/content/dam/fom-website/drivers/E/ESTOCO01_Esteban_Ocon/estoco01.png.transform/1col/image.png
913,9582,44,hamilton,Lewis HAMILTON,HAM,Mercedes,#27F4D2,https://media.formula1.com/d_driver_fallback_image.png/content/dam/fom-website/drivers/L/LEWHAM01_Lewis_Hamilton/lewham01.png.transform/1col/image.png
914,9582,55,sainz,Carlos SAINZ,SAI,Ferrari,#E80020,https://media.formula1.com/d_driver_fallback_image.png/content/dam/fom-website/drivers/C/CARSAI01_Carlos_Sainz/carsai01.png.transform/1col/image.png
915,9582,63,russell,George RUSSELL,RUS,Mercedes,#27F4D2,https://media.formula1.com/d_driver_fallback_image.png/content/dam/fom-website/drivers/G/GEORUS01_George_Russell/georus01.png.transform/1col/image.png
916,9582,77,bottas,Valtteri BOTTAS,BOT,Kick Sauber,#52e252,https://media.formula1.com/d_driver_fallback_image.png/content/dam/fom-website/drivers/V/VALBOT01_Valtteri_Bottas/valbot01.png.transform/1col/image.png
917,9582,81,piastri,Oscar PIASTRI,PIA,McLaren,#FF8000,https://media.formula1.com/d_driver_fallback_image.png/content/dam/fom-website/drivers/O/OSCPIA01_Oscar_Piastri/oscpia01.png.transform/1col/image.png
918,9590,1,max_verstappen,Max VERSTAPPEN,VER,Red Bull Racing,#3671C6,https://media.formula1.com/d_driver_fallback_image.png/content/dam/fom-website/drivers/M/MAXVER01_Max_Verstappen/maxver01.png.transform/1col/image.png
919,9590,3,ricciardo,Daniel RICCIARDO,RIC,RB,#6692FF,https://media.formula1.com/d_driver_fallback_image.png/content/dam/fom-website/drivers/D/DANRIC01_Daniel_Ricciardo/danric01.png.transform/1col/image.png
920,9590,4,norris,Lando NORRIS,NOR,McLaren,#FF8000,https://media.formula1.com/d_driver_fallback_image.png/content/dam/fom-website/drivers/L/LANNOR01_Lando_Norris/lannor01.png.transform/1col/image.png
921,9590,10,gasly,Pierre GASLY,GAS,Alpine,#0093cc,https://media.formula1.com/d_driver_fallback_image.png/content/dam/fom-website/drivers/P/PIEGAS01_Pierre_Gasly/piegas01.png.transform/1col/image.png
922,9590,11,perez,Sergio PEREZ,PER,Red Bull Racing,#3671C6,https://media.formula1.com/d_driver_fallback_image.png/content/dam/fom-website/drivers/S/SERPER01_Sergio_Perez/serper01.png.transform/1col/image.png
923,9590,14,alonso,Fernando ALONSO,ALO,Aston Martin,#229971,https://media.formula1.com/d_driver_fallback_image.png/content/dam/fom-website/drivers/F/FERALO01_Fernando_Alonso/feralo01.png.transform/1col/image.png
924,9590,16,leclerc,Charles LECLERC,LEC,Ferrari,#E80020,https://media.formula1.com/d_driver_fallback_image.png/content/dam/fom-website/drivers/C/CHALEC01_Charles_Leclerc/chalec01.png.transform/1col/image.png
925,9590,18,stroll,Lance STROLL,STR,Aston Martin,#229971,https://media.formula1.com/d_driver_fallback_image.png/content/dam/fom-website/drivers/L/LANSTR01_Lance_Stroll/lanstr01.png.transform/1col/image.png
926,9590,20,kevin_magnussen,Kevin MAGNUSSEN,MAG,Haas F1 Team,#B6BABD,https://media.formula1.com/d_driver_fallback_image.png/content/dam/fom-website/drivers/K/KEVMAG01_Kevin_Magnussen/kevmag01.png.transform/1col/image.png
927,9590,22,tsunoda,Yuki TSUNODA,TSU,RB,#6692FF,https://media.formula1.com/d_driver_fallback_image.png/content/dam/fom-website/drivers/Y/YUKTSU01_Yuki_Tsunoda/yuktsu01.png.transform/1col/image.png
928,9590,23,albon,Alexander ALBON,ALB,Williams,#64C4FF,https://media.formula1.com/d_driver_fallback_image.png/content/dam/fom-website/drivers/A/ALEALB01_Alexander_Albon/alealb01.png.transform/1col/image.png
929,9590,24,zhou,ZHOU Guanyu,ZHO,Kick Sauber,#52e252,https://media.formula1.com/d_driver_fallback_image.png/content/dam/fom-website/drivers/G/GUAZHO01_Guanyu_Zhou/guazho01.png.transform/1col/image.png
930,9590,27,hulkenberg,Nico HULKENBERG,HUL,Haas F1 Team,#B6BABD,https://media.formula1.com/d_driver_fallback_image.png/content/dam/fom-website/drivers/N/NICHUL01_Nico_Hulkenberg/nichul01.png.transform/1col/image.png
931,9590,31,ocon,Esteban OCON,OCO,Alpine,#0093cc,https://media.formula1.com/d_driver_fallback_image.png/content/dam/fom-website/drivers/E/ESTOCO01_Esteban_Ocon/estoco01.png.transform/1col/image.png
932,9590,43,colapinto,Franco COLAPINTO,COL,Williams,#64C4FF,
933,9590,44,hamilton,Lewis HAMILTON,HAM,Mercedes,#27F4D2,https://media.formula1.com/d_driver_fallback_image.png/content/dam/fom-website/drivers/L/LEWHAM01_Lewis_Hamilton/lewham01.png.transform/1col/image.png
934,9590,55,sainz,Carlos SAINZ,SAI,Ferrari,#E80020,https://media.formula1.com/d_driver_fallback_image.png/content/dam/fom-website/drivers/C/CARSAI01_Carlos_Sainz/carsai01.png.transform/1col/image.png
935,9590,63,russell,George RUSSELL,RUS,Mercedes,#27F4D2,https://media.formula1.com/d_driver_fallback_image.png/content/dam/fom-website/drivers/G/GEORUS01_George_Russell/georus01.png.transform/1col/image.png
936,9590,77,bottas,Valtteri BOTTAS,BOT,Kick Sauber,#52e252,https://media.formula1.com/d_driver_fallback_image.png/content/dam/fom-website/drivers/V/VALBOT01_Valtteri_Bottas/valbot01.png.transform/1col/image.png
937,9590,81,piastri,Oscar PIASTRI,PIA,McLaren,#FF8000,https://media.formula1.com/d_driver_fallback_image.png/content/dam/fom-website/drivers/O/OSCPIA01_Oscar_Piastri/oscpia01.png.transform/1col/image.png
938,9598,1,max_verstappen,Max VERSTAPPEN,VER,Red Bull Racing,#3671C6,https://media.formula1.com/d_driver_fallback_image.png/content/dam/fom-website/drivers/M/MAXVER01_Max_Verstappen/maxver01.png.transform/1col/image.png
939,9598,3,ricciardo,Daniel RICCIARDO,RIC,RB,#6692FF,https://media.formula1.com/d_driver_fallback_image.png/content/dam/fom-website/drivers/D/DANRIC01_Daniel_Ricciardo/danric01.png.transform/1col/image.png
940,9598,4,norris,Lando NORRIS,NOR,McLaren,#FF8000,https://media.formula1.com/d_driver_fallback_image.png/content/dam/fom-website/drivers/L/LANNOR01_Lando_Norris/lannor01.png.transform/1col/image.png
941,9598,10,gasly,Pierre GASLY,GAS,Alpine,#0093cc,https://media.formula1.com/d_driver_fallback_image.png/content/dam/fom-website/drivers/P/PIEGAS01_Pierre_Gasly/piegas01.png.transform/1col/image.png
942,9598,11,perez,Sergio PEREZ,PER,Red Bull Racing,#3671C6,https://media.formula1.com/d_driver_fallback_image.png/content/dam/fom-website/drivers/S/SERPER01_Sergio_Perez/serper01.png.transform/1col/image.png
943,9598,14,alonso,Fernando ALONSO,ALO,Aston Martin,#229971,https://media.formula1.com/d_driver_fallback_image.png/content/dam/fom-website/drivers/F/FERALO01_Fernando_Alonso/feralo01.png.transform/1col/image.png
944,9598,16,leclerc,Charles LECLERC,LEC,Ferrari,#E80020,https://media.formula1.com/d_driver_fallback_image.png/content/dam/fom-website/drivers/C/CHALEC01_Charles_Leclerc/chalec01.png.transform/1col/image.png
945,9598,18,stroll,Lance STROLL,STR,Aston Martin,#229971,https://media.formula1.com/d_driver_fallback_image.png/content/dam/fom-website/drivers/L/LANSTR01_Lance_Stroll/lanstr01.png.transform/1col/image.png
946,9598,22,tsunoda,Yuki TSUNODA,TSU,RB,#6692FF,https://media.formula1.com/d_driver_fallback_image.png/content/dam/fom-website/drivers/Y/YUKTSU01_Yuki_Tsunoda/yuktsu01.png.transform/1col/image.png
947,9598,23,albon,Alexander ALBON,ALB,Williams,#64C4FF,https://media.formula1.com/d_driver_fallback_image.png/content/dam/fom-website/drivers/A/ALEALB01_Alexander_Albon/alealb01.png.transform/1col/image.png
948,9598,24,zhou,ZHOU Guanyu,ZHO,Kick Sauber,#52e252,https://media.formula1.com/d_driver_fallback_image.png/content/dam/fom-website/drivers/G/GUAZHO01_Guanyu_Zhou/guazho01.png.transform/1col/image.png
949,9598,27,hulkenberg,Nico HULKENBERG,HUL,Haas F1 Team,#B6BABD,https://media.formula1.com/d_driver_fallback_image.png/content/dam/fom-website/drivers/N/NICHUL01_Nico_Hulkenberg/nichul01.png.transform/1col/image.png
950,9598,31,ocon,Esteban OCON,OCO,Alpine,#0093cc,https://media.formula1.com/d_driver_fallback_image.png/content/dam/fom-website/drivers/E/ESTOCO01_Esteban_Ocon/estoco01.png.transform/1col/image.png
951,9598,43,colapinto,Franco COLAPINTO,COL,Williams,#64C4FF,
952,9598,44,hamilton,Lewis HAMILTON,HAM,Mercedes,#27F4D2,https://media.formula1.com/d_driver_fallback_image.png/content/dam/fom-website/drivers/L/LEWHAM01_Lewis_Hamilton/lewham01.png.transform/1col/image.png
953,9598,50,bearman,Oliver BEARMAN,BEA,Haas F1 Team,#B6BABD,
954,9598,55,sainz,Carlos SAINZ,SAI,Ferrari,#E80020,https://media.formula1.com/d_driver_fallback_image.png/content/dam/fom-website/drivers/C/CARSAI01_Carlos_Sainz/carsai01.png.transform/1col/image.png
955,9598,63,russell,George RUSSELL,RUS,Mercedes,#27F4D2,https://media.formula1.com/d_driver_fallback_image.png/content/dam/fom-website/drivers/G/GEORUS01_George_Russell/georus01.png.transform/1col/image.png
956,9598,77,bottas,Valtteri BOTTAS,BOT,Kick Sauber,#52e252,https://media.formula1.com/d_driver_fallback_image.png/content/dam/fom-website/drivers/V/VALBOT01_Valtteri_Bottas/valbot01.png.transform/1col/image.png
957,9598,81,piastri,Oscar PIASTRI,PIA,McLaren,#FF8000,https://media.formula1.com/d_driver_fallback_image.png/content/dam/fom-website/drivers/O/OSCPIA01_Oscar_Piastri/oscpia01.png.transform/1col/image.png
958,9606,1,max_verstappen,Max VERSTAPPEN,VER,Red Bull Racing,#3671C6,https://media.formula1.com/d_driver_fallback_image.png/content/dam/fom-website/drivers/M/MAXVER01_Max_Verstappen/maxver01.png.transform/1col/image.png
959,9606,3,ricciardo,Daniel RICCIARDO,RIC,RB,#6692FF,https://media.formula1.com/d_driver_fallback_image.png/content/dam/fom-website/drivers/D/DANRIC01_Daniel_Ricciardo/danric01.png.transform/1col/image.png
960,9606,4,norris,Lando NORRIS,NOR,McLaren,#FF8000,https://media.formula1.com/d_driver_fallback_image.png/content/dam/fom-website/drivers/L/LANNOR01_Lando_Norris/lannor01.png.transform/1col/image.png
961,9606,10,gasly,Pierre GASLY,GAS,Alpine,#0093cc,https://media.formula1.com/d_driver_fallback_image.png/content/dam/fom-website/drivers/P/PIEGAS01_Pierre_Gasly/piegas01.png.transform/1col/image.png
962,9606,11,perez,Sergio PEREZ,PER,Red Bull Racing,#3671C6,https://media.formula1.com/d_driver_fallback_image.png/content/dam/fom-website/drivers/S/SERPER01_Sergio_Perez/serper01.png.transform/1col/image.png
963,9606,14,alonso,Fernando ALONSO,ALO,Aston Martin,#229971,https://media.formula1.com/d_driver_fallback_image.png/content/dam/fom-website/drivers/F/FERALO01_Fernando_Alonso/feralo01.png.transform/1col/image.png
964,9606,16,leclerc,Charles LECLERC,LEC,Ferrari,#E80020,https://media.formula1.com/d_driver_fallback_image.png/content/dam/fom-website/drivers/C/CHALEC01_Charles_Leclerc/chalec01.png.transform/1col/image.png
965,9606,18,stroll,Lance STROLL,STR,Aston Martin,#229971,https://media.formula1.com/d_driver_fallback_image.png/content/dam/fom-website/drivers/L/LANSTR01_Lance_Stroll/lanstr01.png.transform/1col/image.png
966,9606,20,kevin_magnussen,Kevin MAGNUSSEN,MAG,Haas F1 Team,#B6BABD,https://media.formula1.com/d_driver_fallback_image.png/content/dam/fom-website/drivers/K/KEVMAG01_Kevin_Magnussen/kevmag01.png.transform/1col/image.png
967,9606,22,tsunoda,Yuki TSUNODA,TSU,RB,#6692FF,https://media.formula1.com/d_driver_fallback_image.png/content/dam/fom-website/drivers/Y/YUKTSU01_Yuki_Tsunoda/yuktsu01.png.transform/1col/image.png
968,9606,23,albon,Alexander ALBON,ALB,Williams,#64C4FF,https://media.formula1.com/d_driver_fallback_image.png/content/dam/fom-website/drivers/A/ALEALB01_Alexander_Albon/alealb01.png.transform/1col/image.png
969,9606,24,zhou,ZHOU Guanyu,ZHO,Kick Sauber,#52e252,https://media.formula1.com/d_driver_fallback_image.png/content/dam/fom-website/drivers/G/GUAZHO01_Guanyu_Zhou/guazho01.png.transform/1col/image.png
970,9606,27,hulkenberg,Nico HULKENBERG,HUL,Haas F1 Team,#B6BABD,https://media.formula1.com/d_driver_fallback_image.png/content/dam/fom-website/drivers/N/NICHUL01_Nico_Hulkenberg/nichul01.png.transform/1col/image.png
971,9606,31,ocon,Esteban OCON,OCO,Alpine,#0093cc,https://media.formula1.com/d_driver_fallback_image.png/content/dam/fom-website/drivers/E/ESTOCO01_Esteban_Ocon/estoco01.png.transform/1col/image.png
972,9606,43,colapinto,Franco COLAPINTO,COL,Williams,#64C4FF,
973,9606,44,hamilton,Lewis HAMILTON,HAM,Mercedes,#27F4D2,https://media.formula1.com/d_driver_fallback_image.png/content/dam/fom-website/drivers/L/LEWHAM01_Lewis_Hamilton/lewham01.png.transform/1col/image.png
974,9606,55,sainz,Carlos SAINZ,SAI,Ferrari,#E80020,https://media.formula1.com/d_driver_fallback_image.png/content/dam/fom-website/drivers/C/CARSAI01_Carlos_Sainz/carsai01.png.transform/1col/image.png
975,9606,63,russell,George RUSSELL,RUS,Mercedes,#27F4D2,https://media.formula1.com/d_driver_fallback_image.png/content/dam/fom-website/drivers/G/GEORUS01_George_Russell/georus01.png.transform/1col/image.png
976,9606,77,bottas,Valtteri BOTTAS,BOT,Kick Sauber,#52e252,https://media.formula1.com/d_driver_fallback_image.png/content/dam/fom-website/drivers/V/VALBOT01_Valtteri_Bottas/valbot01.png.transform/1col/image.png
977,9606,81,piastri,Oscar PIASTRI,PIA,McLaren,#FF8000,https://media.formula1.com/d_driver_fallback_image.png/content/dam/fom-website/drivers/O/OSCPIA01_Oscar_Piastri/oscpia01.png.transform/1col/image.png
978,9616,1,max_verstappen,Max VERSTAPPEN,VER,Red Bull Racing,#3671C6,https://media.formula1.com/d_driver_fallback_image.png/content/dam/fom-website/drivers/M/MAXVER01_Max_Verstappen/maxver01.png.transform/1col/image.png
979,9616,4,norris,Lando NORRIS,NOR,McLaren,#FF8000,https://media.formula1.com/d_driver_fallback_image.png/content/dam/fom-website/drivers/L/LANNOR01_Lando_Norris/lannor01.png.transform/1col/image.png
980,9616,10,gasly,Pierre GASLY,GAS,Alpine,#0093cc,https://media.formula1.com/d_driver_fallback_image.png/content/dam/fom-website/drivers/P/PIEGAS01_Pierre_Gasly/piegas01.png.transform/1col/image.png
981,9616,11,perez,Sergio PEREZ,PER,Red Bull Racing,#3671C6,https://media.formula1.com/d_driver_fallback_image.png/content/dam/fom-website/drivers/S/SERPER01_Sergio_Perez/serper01.png.transform/1col/image.png
982,9616,14,alonso,Fernando ALONSO,ALO,Aston Martin,#229971,https://media.formula1.com/d_driver_fallback_image.png/content/dam/fom-website/drivers/F/FERALO01_Fernando_Alonso/feralo01.png.transform/1col/image.png
983,9616,16,leclerc,Charles LECLERC,LEC,Ferrari,#E80020,https://media.formula1.com/d_driver_fallback_image.png/content/dam/fom-website/drivers/C/CHALEC01_Charles_Leclerc/chalec01.png.transform/1col/image.png
984,9616,18,stroll,Lance STROLL,STR,Aston Martin,#229971,https://media.formula1.com/d_driver_fallback_image.png/content/dam/fom-website/drivers/L/LANSTR01_Lance_Stroll/lanstr01.png.transform/1col/image.png
985,9616,20,kevin_magnussen,Kevin MAGNUSSEN,MAG,Haas F1 Team,#B6BABD,https://media.formula1.com/d_driver_fallback_image.png/content/dam/fom-website/drivers/K/KEVMAG01_Kevin_Magnussen/kevmag01.png.transform/1col/image.png
986,9616,22,tsunoda,Yuki TSUNODA,TSU,RB,#6692FF,https://media.formula1.com/d_driver_fallback_image.png/content/dam/fom-website/drivers/Y/YUKTSU01_Yuki_Tsunoda/yuktsu01.png.transform/1col/image.png
987,9616,23,albon,Alexander ALBON,ALB,Williams,#64C4FF,https://media.formula1.com/d_driver_fallback_image.png/content/dam/fom-website/drivers/A/ALEALB01_Alexander_Albon/alealb01.png.transform/1col/image.png
988,9616,24,zhou,ZHOU Guanyu,ZHO,Kick Sauber,#52e252,https://media.formula1.com/d_driver_fallback_image.png/content/dam/fom-website/drivers/G/GUAZHO01_Guanyu_Zhou/guazho01.png.transform/1col/image.png
989,9616,27,hulkenberg,Nico HULKENBERG,HUL,Haas F1 Team,#B6BABD,https://media.formula1.com/d_driver_fallback_image.png/content/dam/fom-website/drivers/N/NICHUL01_Nico_Hulkenberg/nichul01.png.transform/1col/image.png
990,9616,30,lawson,Liam LAWSON,LAW,RB,#6692FF,
991,9616,31,ocon,Esteban OCON,OCO,Alpine,#0093cc,https://media.formula1.com/d_driver_fallback_image.png/content/dam/fom-website/drivers/E/ESTOCO01_Esteban_Ocon/estoco01.png.transform/1col/image.png
992,9616,43,colapinto,Franco COLAPINTO,COL,Williams,#64C4FF,
993,9616,44,hamilton,Lewis HAMILTON,HAM,Mercedes,#27F4D2,https://media.formula1.com/d_driver_fallback_image.png/content/dam/fom-website/drivers/L/LEWHAM01_Lewis_Hamilton/lewham01.png.transform/1col/image.png
994,9616,55,sainz,Carlos SAINZ,SAI,Ferrari,#E80020,https://media.formula1.com/d_driver_fallback_image.png/content/dam/fom-website/drivers/C/CARSAI01_Carlos_Sainz/carsai01.png.transform/1col/image.png
995,9616,63,russell,George RUSSELL,RUS,Mercedes,#27F4D2,https://media.formula1.com/d_driver_fallback_image.png/content/dam/fom-website/drivers/G/GEORUS01_George_Russell/georus01.png.transform/1col/image.png
996,9616,77,bottas,Valtteri BOTTAS,BOT,Kick Sauber,#52e252,https://media.formula1.com/d_driver_fallback_image.png/content/dam/fom-website/drivers/V/VALBOT01_Valtteri_Bottas/valbot01.png.transform/1col/image.png
997,9616,81,piastri,Oscar PIASTRI,PIA,McLaren,#FF8000,https://media.formula1.com/d_driver_fallback_image.png/content/dam/fom-website/drivers/O/OSCPIA01_Oscar_Piastri/oscpia01.png.transform/1col/image.png
998,9617,1,max_verstappen,Max VERSTAPPEN,VER,Red Bull Racing,#3671C6,https://media.formula1.com/d_driver_fallback_image.png/content/dam/fom-website/drivers/M/MAXVER01_Max_Verstappen/maxver01.png.transform/1col/image.png
999,9617,4,norris,Lando NORRIS,NOR,McLaren,#FF8000,https://media.formula1.com/d_driver_fallback_image.png/content/dam/fom-website/drivers/L/LANNOR01_Lando_Norris/lannor01.png.transform/1col/image.png
1000,9617,10,gasly,Pierre GASLY,GAS,Alpine,#0093cc,https://media.formula1.com/d_driver_fallback_image.png/content/dam/fom-website/drivers/P/PIEGAS01_Pierre_Gasly/piegas01.png.transform/1col/image.png
1001,9617,11,perez,Sergio PEREZ,PER,Red Bull Racing,#3671C6,https://media.formula1.com/d_driver_fallback_image.png/content/dam/fom-website/drivers/S/SERPER01_Sergio_Perez/serper01.png.transform/1col/image.png
1002,9617,14,alonso,Fernando ALONSO,ALO,Aston Martin,#229971,https://media.formula1.com/d_driver_fallback_image.png/content/dam/fom-website/drivers/F/FERALO01_Fernando_Alonso/feralo01.png.transform/1col/image.png
1003,9617,16,leclerc,Charles LECLERC,LEC,Ferrari,#E80020,https://media.formula1.com/d_driver_fallback_image.png/content/dam/fom-website/drivers/C/CHALEC01_Charles_Leclerc/chalec01.png.transform/1col/image.png
1004,9617,18,stroll,Lance STROLL,STR,Aston Martin,#229971,https://media.formula1.com/d_driver_fallback_image.png/content/dam/fom-website/drivers/L/LANSTR01_Lance_Stroll/lanstr01.png.transform/1col/image.png
1005,9617,20,kevin_magnussen,Kevin MAGNUSSEN,MAG,Haas F1 Team,#B6BABD,https://media.formula1.com/d_driver_fallback_image.png/content/dam/fom-website/drivers/K/KEVMAG01_Kevin_Magnussen/kevmag01.png.transform/1col/image.png
1006,9617,22,tsunoda,Yuki TSUNODA,TSU,RB,#6692FF,https://media.formula1.com/d_driver_fallback_image.png/content/dam/fom-website/drivers/Y/YUKTSU01_Yuki_Tsunoda/yuktsu01.png.transform/1col/image.png
1007,9617,23,albon,Alexander ALBON,ALB,Williams,#64C4FF,https://media.formula1.com/d_driver_fallback_image.png/content/dam/fom-website/drivers/A/ALEALB01_Alexander_Albon/alealb01.png.transform/1col/image.png
1008,9617,24,zhou,ZHOU Guanyu,ZHO,Kick Sauber,#52e252,https://media.formula1.com/d_driver_fallback_image.png/content/dam/fom-website/drivers/G/GUAZHO01_Guanyu_Zhou/guazho01.png.transform/1col/image.png
1009,9617,27,hulkenberg,Nico HULKENBERG,HUL,Haas F1 Team,#B6BABD,https://media.formula1.com/d_driver_fallback_image.png/content/dam/fom-website/drivers/N/NICHUL01_Nico_Hulkenberg/nichul01.png.transform/1col/image.png
1010,9617,30,lawson,Liam LAWSON,LAW,RB,#6692FF,
1011,9617,31,ocon,Esteban OCON,OCO,Alpine,#0093cc,https://media.formula1.com/d_driver_fallback_image.png/content/dam/fom-website/drivers/E/ESTOCO01_Esteban_Ocon/estoco01.png.transform/1col/image.png
1012,9617,43,colapinto,Franco COLAPINTO,COL,Williams,#64C4FF,
1013,9617,44,hamilton,Lewis HAMILTON,HAM,Mercedes,#27F4D2,https://media.formula1.com/d_driver_fallback_image.png/content/dam/fom-website/drivers/L/LEWHAM01_Lewis_Hamilton/lewham01.png.transform/1col/image.png
1014,9617,55,sainz,Carlos SAINZ,SAI,Ferrari,#E80020,https://media.formula1.com/d_driver_fallback_image.png/content/dam/fom-website/drivers/C/CARSAI01_Carlos_Sainz/carsai01.png.transform/1col/image.png
1015,9617,63,russell,George RUSSELL,RUS,Mercedes,#27F4D2,https://media.formula1.com/d_driver_fallback_image.png/content/dam/fom-website/drivers/G/GEORUS01_George_Russell/georus01.png.transform/1col/image.png
1016,9617,77,bottas,Valtteri BOTTAS,BOT,Kick Sauber,#52e252,https://media.formula1.com/d_driver_fallback_image.png/content/dam/fom-website/drivers/V/VALBOT01_Valtteri_Bottas/valbot01.png.transform/1col/image.png
1017,9617,81,piastri,Oscar PIASTRI,PIA,McLaren,#FF8000,https://media.formula1.com/d_driver_fallback_image.png/content/dam/fom-website/drivers/O/OSCPIA01_Oscar_Piastri/oscpia01.png.transform/1col/image.png
1018,9625,1,max_verstappen,Max VERSTAPPEN,VER,Red Bull Racing,#3671C6,https://media.formula1.com/d_driver_fallback_image.png/content/dam/fom-website/drivers/M/MAXVER01_Max_Verstappen/maxver01.png.transform/1col/image.png
1019,9625,4,norris,Lando NORRIS,NOR,McLaren,#FF8000,https://media.formula1.com/d_driver_fallback_image.png/content/dam/fom-website/drivers/L/LANNOR01_Lando_Norris/lannor01.png.transform/1col/image.png
1020,9625,10,gasly,Pierre GASLY,GAS,Alpine,#0093cc,https://media.formula1.com/d_driver_fallback_image.png/content/dam/fom-website/drivers/P/PIEGAS01_Pierre_Gasly/piegas01.png.transform/1col/image.png
1021,9625,11,perez,Sergio PEREZ,PER,Red Bull Racing,#3671C6,https://media.formula1.com/d_driver_fallback_image.png/content/dam/fom-website/drivers/S/SERPER01_Sergio_Perez/serper01.png.transform/1col/image.png
1022,9625,14,alonso,Fernando ALONSO,ALO,Aston Martin,#229971,https://media.formula1.com/d_driver_fallback_image.png/content/dam/fom-website/drivers/F/FERALO01_Fernando_Alonso/feralo01.png.transform/1col/image.png
1023,9625,16,leclerc,Charles LECLERC,LEC,Ferrari,#E80020,https://media.formula1.com/d_driver_fallback_image.png/content/dam/fom-website/drivers/C/CHALEC01_Charles_Leclerc/chalec01.png.transform/1col/image.png
1024,9625,18,stroll,Lance STROLL,STR,Aston Martin,#229971,https://media.formula1.com/d_driver_fallback_image.png/content/dam/fom-website/drivers/L/LANSTR01_Lance_Stroll/lanstr01.png.transform/1col/image.png
1025,9625,20,kevin_magnussen,Kevin MAGNUSSEN,MAG,Haas F1 Team,#B6BABD,https://media.formula1.com/d_driver_fallback_image.png/content/dam/fom-website/drivers/K/KEVMAG01_Kevin_Magnussen/kevmag01.png.transform/1col/image.png
1026,9625,22,tsunoda,Yuki TSUNODA,TSU,RB,#6692FF,https://media.formula1.com/d_driver_fallback_image.png/content/dam/fom-website/drivers/Y/YUKTSU01_Yuki_Tsunoda/yuktsu01.png.transform/1col/image.png
1027,9625,23,albon,Alexander ALBON,ALB,Williams,#64C4FF,https://media.formula1.com/d_driver_fallback_image.png/content/dam/fom-website/drivers/A/ALEALB01_Alexander_Albon/alealb01.png.transform/1col/image.png
1028,9625,24,zhou,ZHOU Guanyu,ZHO,Kick Sauber,#52e252,https://media.formula1.com/d_driver_fallback_image.png/content/dam/fom-website/drivers/G/GUAZHO01_Guanyu_Zhou/guazho01.png.transform/1col/image.png
1029,9625,27,hulkenberg,Nico HULKENBERG,HUL,Haas F1 Team,#B6BABD,https://media.formula1.com/d_driver_fallback_image.png/content/dam/fom-website/drivers/N/NICHUL01_Nico_Hulkenberg/nichul01.png.transform/1col/image.png
1030,9625,30,lawson,Liam LAWSON,LAW,RB,#6692FF,
1031,9625,31,ocon,Esteban OCON,OCO,Alpine,#0093cc,https://media.formula1.com/d_driver_fallback_image.png/content/dam/fom-website/drivers/E/ESTOCO01_Esteban_Ocon/estoco01.png.transform/1col/image.png
1032,9625,43,colapinto,Franco COLAPINTO,COL,Williams,#64C4FF,
1033,9625,44,hamilton,Lewis HAMILTON,HAM,Mercedes,#27F4D2,https://media.formula1.com/d_driver_fallback_image.png/content/dam/fom-website/drivers/L/LEWHAM01_Lewis_Hamilton/lewham01.png.transform/1col/image.png
1034,9625,55,sainz,Carlos SAINZ,SAI,Ferrari,#E80020,https://media.formula1.com/d_driver_fallback_image.png/content/dam/fom-website/drivers/C/CARSAI01_Carlos_Sainz/carsai01.png.transform/1col/image.png
1035,9625,63,russell,George RUSSELL,RUS,Mercedes,#27F4D2,https://media.formula1.com/d_driver_fallback_image.png/content/dam/fom-website/drivers/G/GEORUS01_George_Russell/georus01.png.transform/1col/image.png
1036,9625,77,bottas,Valtteri BOTTAS,BOT,Kick Sauber,#52e252,https://media.formula1.com/d_driver_fallback_image.png/content/dam/fom-website/drivers/V/VALBOT01_Valtteri_Bottas/valbot01.png.transform/1col/image.png
1037,9625,81,piastri,Oscar PIASTRI,PIA,McLaren,#FF8000,https://media.formula1.com/d_driver_fallback_image.png/content/dam/fom-website/drivers/O/OSCPIA01_Oscar_Piastri/oscpia01.png.transform/1col/image.png
1038,9635,1,max_verstappen,Max VERSTAPPEN,VER,Red Bull Racing,#3671C6,https://media.formula1.com/d_driver_fallback_image.png/content/dam/fom-website/drivers/M/MAXVER01_Max_Verstappen/maxver01.png.transform/1col/image.png
1039,9635,4,norris,Lando NORRIS,NOR,McLaren,#FF8000,https://media.formula1.com/d_driver_fallback_image.png/content/dam/fom-website/drivers/L/LANNOR01_Lando_Norris/lannor01.png.transform/1col/image.png
1040,9635,10,gasly,Pierre GASLY,GAS,Alpine,#0093cc,https://media.formula1.com/d_driver_fallback_image.png/content/dam/fom-website/drivers/P/PIEGAS01_Pierre_Gasly/piegas01.png.transform/1col/image.png
1041,9635,11,perez,Sergio PEREZ,PER,Red Bull Racing,#3671C6,https://media.formula1.com/d_driver_fallback_image.png/content/dam/fom-website/drivers/S/SERPER01_Sergio_Perez/serper01.png.transform/1col/image.png
1042,9635,14,alonso,Fernando ALONSO,ALO,Aston Martin,#229971,https://media.formula1.com/d_driver_fallback_image.png/content/dam/fom-website/drivers/F/FERALO01_Fernando_Alonso/feralo01.png.transform/1col/image.png
1043,9635,16,leclerc,Charles LECLERC,LEC,Ferrari,#E80020,https://media.formula1.com/d_driver_fallback_image.png/content/dam/fom-website/drivers/C/CHALEC01_Charles_Leclerc/chalec01.png.transform/1col/image.png
1044,9635,18,stroll,Lance STROLL,STR,Aston Martin,#229971,https://media.formula1.com/d_driver_fallback_image.png/content/dam/fom-website/drivers/L/LANSTR01_Lance_Stroll/lanstr01.png.transform/1col/image.png
1045,9635,22,tsunoda,Yuki TSUNODA,TSU,RB,#6692FF,https://media.formula1.com/d_driver_fallback_image.png/content/dam/fom-website/drivers/Y/YUKTSU01_Yuki_Tsunoda/yuktsu01.png.transform/1col/image.png
1046,9635,23,albon,Alexander ALBON,ALB,Williams,#64C4FF,https://media.formula1.com/d_driver_fallback_image.png/content/dam/fom-website/drivers/A/ALEALB01_Alexander_Albon/alealb01.png.transform/1col/image.png
1047,9635,24,zhou,ZHOU Guanyu,ZHO,Kick Sauber,#52e252,https://media.formula1.com/d_driver_fallback_image.png/content/dam/fom-website/drivers/G/GUAZHO01_Guanyu_Zhou/guazho01.png.transform/1col/image.png
1048,9635,27,hulkenberg,Nico HULKENBERG,HUL,Haas F1 Team,#B6BABD,https://media.formula1.com/d_driver_fallback_image.png/content/dam/fom-website/drivers/N/NICHUL01_Nico_Hulkenberg/nichul01.png.transform/1col/image.png
1049,9635,30,lawson,Liam LAWSON,LAW,RB,#6692FF,
1050,9635,31,ocon,Esteban OCON,OCO,Alpine,#0093cc,https://media.formula1.com/d_driver_fallback_image.png/content/dam/fom-website/drivers/E/ESTOCO01_Esteban_Ocon/estoco01.png.transform/1col/image.png
1051,9635,43,colapinto,Franco COLAPINTO,COL,Williams,#64C4FF,
1052,9635,44,hamilton,Lewis HAMILTON,HAM,Mercedes,#27F4D2,https://media.formula1.com/d_driver_fallback_image.png/content/dam/fom-website/drivers/L/LEWHAM01_Lewis_Hamilton/lewham01.png.transform/1col/image.png
1053,9635,50,bearman,Oliver BEARMAN,BEA,Haas F1 Team,#B6BABD,
1054,9635,55,sainz,Carlos SAINZ,SAI,Ferrari,#E80020,https://media.formula1.com/d_driver_fallback_image.png/content/dam/fom-website/drivers/C/CARSAI01_Carlos_Sainz/carsai01.png.transform/1col/image.png
1055,9635,63,russell,George RUSSELL,RUS,Mercedes,#27F4D2,https://media.formula1.com/d_driver_fallback_image.png/content/dam/fom-website/drivers/G/GEORUS01_George_Russell/georus01.png.transform/1col/image.png
1056,9635,77,bottas,Valtteri BOTTAS,BOT,Kick Sauber,#52e252,https://media.formula1.com/d_driver_fallback_image.png/content/dam/fom-website/drivers/V/VALBOT01_Valtteri_Bottas/valbot01.png.transform/1col/image.png
1057,9635,81,piastri,Oscar PIASTRI,PIA,McLaren,#FF8000,https://media.formula1.com/d_driver_fallback_image.png/content/dam/fom-website/drivers/O/OSCPIA01_Oscar_Piastri/oscpia01.png.transform/1col/image.png
1058,9636,1,max_verstappen,Max VERSTAPPEN,VER,Red Bull Racing,#3671C6,https://media.formula1.com/d_driver_fallback_image.png/content/dam/fom-website/drivers/M/MAXVER01_Max_Verstappen/maxver01.png.transform/1col/image.png
1059,9636,4,norris,Lando NORRIS,NOR,McLaren,#FF8000,https://media.formula1.com/d_driver_fallback_image.png/content/dam/fom-website/drivers/L/LANNOR01_Lando_Norris/lannor01.png.transform/1col/image.png
1060,9636,10,gasly,Pierre GASLY,GAS,Alpine,#0093cc,https://media.formula1.com/d_driver_fallback_image.png/content/dam/fom-website/drivers/P/PIEGAS01_Pierre_Gasly/piegas01.png.transform/1col/image.png
1061,9636,11,perez,Sergio PEREZ,PER,Red Bull Racing,#3671C6,https://media.formula1.com/d_driver_fallback_image.png/content/dam/fom-website/drivers/S/SERPER01_Sergio_Perez/serper01.png.transform/1col/image.png
1062,9636,14,alonso,Fernando ALONSO,ALO,Aston Martin,#229971,https://media.formula1.com/d_driver_fallback_image.png/content/dam/fom-website/drivers/F/FERALO01_Fernando_Alonso/feralo01.png.transform/1col/image.png
1063,9636,16,leclerc,Charles LECLERC,LEC,Ferrari,#E80020,https://media.formula1.com/d_driver_fallback_image.png/content/dam/fom-website/drivers/C/CHALEC01_Charles_Leclerc/chalec01.png.transform/1col/image.png
1064,9636,18,stroll,Lance STROLL,STR,Aston Martin,#229971,https://media.formula1.com/d_driver_fallback_image.png/content/dam/fom-website/drivers/L/LANSTR01_Lance_Stroll/lanstr01.png.transform/1col/image.png
1065,9636,22,tsunoda,Yuki TSUNODA,TSU,RB,#6692FF,https://media.formula1.com/d_driver_fallback_image.png/content/dam/fom-website/drivers/Y/YUKTSU01_Yuki_Tsunoda/yuktsu01.png.transform/1col/image.png
1066,9636,23,albon,Alexander ALBON,ALB,Williams,#64C4FF,https://media.formula1.com/d_driver_fallback_image.png/content/dam/fom-website/drivers/A/ALEALB01_Alexander_Albon/alealb01.png.transform/1col/image.png
1067,9636,24,zhou,ZHOU Guanyu,ZHO,Kick Sauber,#52e252,https://media.formula1.com/d_driver_fallback_image.png/content/dam/fom-website/drivers/G/GUAZHO01_Guanyu_Zhou/guazho01.png.transform/1col/image.png
1068,9636,27,hulkenberg,Nico HULKENBERG,HUL,Haas F1 Team,#B6BABD,https://media.formula1.com/d_driver_fallback_image.png/content/dam/fom-website/drivers/N/NICHUL01_Nico_Hulkenberg/nichul01.png.transform/1col/image.png
1069,9636,30,lawson,Liam LAWSON,LAW,RB,#6692FF,
1070,9636,31,ocon,Esteban OCON,OCO,Alpine,#0093cc,https://media.formula1.com/d_driver_fallback_image.png/content/dam/fom-website/drivers/E/ESTOCO01_Esteban_Ocon/estoco01.png.transform/1col/image.png
1071,9636,43,colapinto,Franco COLAPINTO,COL,Williams,#64C4FF,
1072,9636,44,hamilton,Lewis HAMILTON,HAM,Mercedes,#27F4D2,https://media.formula1.com/d_driver_fallback_image.png/content/dam/fom-website/drivers/L/LEWHAM01_Lewis_Hamilton/lewham01.png.transform/1col/image.png
1073,9636,50,bearman,Oliver BEARMAN,BEA,Haas F1 Team,#B6BABD,
1074,9636,55,sainz,Carlos SAINZ,SAI,Ferrari,#E80020,https://media.formula1.com/d_driver_fallback_image.png/content/dam/fom-website/drivers/C/CARSAI01_Carlos_Sainz/carsai01.png.transform/1col/image.png
1075,9636,63,russell,George RUSSELL,RUS,Mercedes,#27F4D2,https://media.formula1.com/d_driver_fallback_image.png/content/dam/fom-website/drivers/G/GEORUS01_George_Russell/georus01.png.transform/1col/image.png
1076,9636,77,bottas,Valtteri BOTTAS,BOT,Kick Sauber,#52e252,https://media.formula1.com/d_driver_fallback_image.png/content/dam/fom-website/drivers/V/VALBOT01_Valtteri_Bottas/valbot01.png.transform/1col/image.png
1077,9636,81,piastri,Oscar PIASTRI,PIA,McLaren,#FF8000,https://media.formula1.com/d_driver_fallback_image.png/content/dam/fom-website/drivers/O/OSCPIA01_Oscar_Piastri/oscpia01.png.transform/1col/image.png
1078,9644,1,max_verstappen,Max VERSTAPPEN,VER,Red Bull Racing,#3671C6,https://media.formula1.com/d_driver_fallback_image.png/content/dam/fom-website/drivers/M/MAXVER01_Max_Verstappen/maxver01.png.transform/1col/image.png
1079,9644,4,norris,Lando NORRIS,NOR,McLaren,#FF8000,https://media.formula1.com/d_driver_fallback_image.png/content/dam/fom-website/drivers/L/LANNOR01_Lando_Norris/lannor01.png.transform/1col/image.png
1080,9644,10,gasly,Pierre GASLY,GAS,Alpine,#0093cc,https://media.formula1.com/d_driver_fallback_image.png/content/dam/fom-website/drivers/P/PIEGAS01_Pierre_Gasly/piegas01.png.transform/1col/image.png
1081,9644,11,perez,Sergio PEREZ,PER,Red Bull Racing,#3671C6,https://media.formula1.com/d_driver_fallback_image.png/content/dam/fom-website/drivers/S/SERPER01_Sergio_Perez/serper01.png.transform/1col/image.png
1082,9644,14,alonso,Fernando ALONSO,ALO,Aston Martin,#229971,https://media.formula1.com/d_driver_fallback_image.png/content/dam/fom-website/drivers/F/FERALO01_Fernando_Alonso/feralo01.png.transform/1col/image.png
1083,9644,16,leclerc,Charles LECLERC,LEC,Ferrari,#E80020,https://media.formula1.com/d_driver_fallback_image.png/content/dam/fom-website/drivers/C/CHALEC01_Charles_Leclerc/chalec01.png.transform/1col/image.png
1084,9644,18,stroll,Lance STROLL,STR,Aston Martin,#229971,https://media.formula1.com/d_driver_fallback_image.png/content/dam/fom-website/drivers/L/LANSTR01_Lance_Stroll/lanstr01.png.transform/1col/image.png
1085,9644,20,kevin_magnussen,Kevin MAGNUSSEN,MAG,Haas F1 Team,#B6BABD,https://media.formula1.com/d_driver_fallback_image.png/content/dam/fom-website/drivers/K/KEVMAG01_Kevin_Magnussen/kevmag01.png.transform/1col/image.png
1086,9644,22,tsunoda,Yuki TSUNODA,TSU,RB,#6692FF,https://media.formula1.com/d_driver_fallback_image.png/content/dam/fom-website/drivers/Y/YUKTSU01_Yuki_Tsunoda/yuktsu01.png.transform/1col/image.png
1087,9644,23,albon,Alexander ALBON,ALB,Williams,#64C4FF,https://media.formula1.com/d_driver_fallback_image.png/content/dam/fom-website/drivers/A/ALEALB01_Alexander_Albon/alealb01.png.transform/1col/image.png
1088,9644,24,zhou,ZHOU Guanyu,ZHO,Kick Sauber,#52e252,https://media.formula1.com/d_driver_fallback_image.png/content/dam/fom-website/drivers/G/GUAZHO01_Guanyu_Zhou/guazho01.png.transform/1col/image.png
1089,9644,27,hulkenberg,Nico HULKENBERG,HUL,Haas F1 Team,#B6BABD,https://media.formula1.com/d_driver_fallback_image.png/content/dam/fom-website/drivers/N/NICHUL01_Nico_Hulkenberg/nichul01.png.transform/1col/image.png
1090,9644,30,lawson,Liam LAWSON,LAW,RB,#6692FF,
1091,9644,31,ocon,Esteban OCON,OCO,Alpine,#0093cc,https://media.formula1.com/d_driver_fallback_image.png/content/dam/fom-website/drivers/E/ESTOCO01_Esteban_Ocon/estoco01.png.transform/1col/image.png
1092,9644,43,colapinto,Franco COLAPINTO,COL,Williams,#64C4FF,
1093,9644,44,hamilton,Lewis HAMILTON,HAM,Mercedes,#27F4D2,https://media.formula1.com/d_driver_fallback_image.png/content/dam/fom-website/drivers/L/LEWHAM01_Lewis_Hamilton/lewham01.png.transform/1col/image.png
1094,9644,55,sainz,Carlos SAINZ,SAI,Ferrari,#E80020,https://media.formula1.com/d_driver_fallback_image.png/content/dam/fom-website/drivers/C/CARSAI01_Carlos_Sainz/carsai01.png.transform/1col/image.png
1095,9644,63,russell,George RUSSELL,RUS,Mercedes,#27F4D2,https://media.formula1.com/d_driver_fallback_image.png/content/dam/fom-website/drivers/G/GEORUS01_George_Russell/georus01.png.transform/1col/image.png
1096,9644,77,bottas,Valtteri BOTTAS,BOT,Kick Sauber,#52e252,https://media.formula1.com/d_driver_fallback_image.png/content/dam/fom-website/drivers/V/VALBOT01_Valtteri_Bottas/valbot01.png.transform/1col/image.png
1097,9644,81,piastri,Oscar PIASTRI,PIA,McLaren,#FF8000,https://media.formula1.com/d_driver_fallback_image.png/content/dam/fom-website/drivers/O/OSCPIA01_Oscar_Piastri/oscpia01.png.transform/1col/image.png
1098,9654,1,max_verstappen,Max VERSTAPPEN,VER,Red Bull Racing,#3671C6,https://media.formula1.com/d_driver_fallback_image.png/content/dam/fom-website/drivers/M/MAXVER01_Max_Verstappen/maxver01.png.transform/1col/image.png
1099,9654,4,norris,Lando NORRIS,NOR,McLaren,#FF8000,https://media.formula1.com/d_driver_fallback_image.png/content/dam/fom-website/drivers/L/LANNOR01_Lando_Norris/lannor01.png.transform/1col/image.png
1100,9654,10,gasly,Pierre GASLY,GAS,Alpine,#0093cc,https://media.formula1.com/d_driver_fallback_image.png/content/dam/fom-website/drivers/P/PIEGAS01_Pierre_Gasly/piegas01.png.transform/1col/image.png
1101,9654,11,perez,Sergio PEREZ,PER,Red Bull Racing,#3671C6,https://media.formula1.com/d_driver_fallback_image.png/content/dam/fom-website/drivers/S/SERPER01_Sergio_Perez/serper01.png.transform/1col/image.png
1102,9654,14,alonso,Fernando ALONSO,ALO,Aston Martin,#229971,https://media.formula1.com/d_driver_fallback_image.png/content/dam/fom-website/drivers/F/FERALO01_Fernando_Alonso/feralo01.png.transform/1col/image.png
1103,9654,16,leclerc,Charles LECLERC,LEC,Ferrari,#E80020,https://media.formula1.com/d_driver_fallback_image.png/content/dam/fom-website/drivers/C/CHALEC01_Charles_Leclerc/chalec01.png.transform/1col/image.png
1104,9654,18,stroll,Lance STROLL,STR,Aston Martin,#229971,https://media.formula1.com/d_driver_fallback_image.png/content/dam/fom-website/drivers/L/LANSTR01_Lance_Stroll/lanstr01.png.transform/1col/image.png
1105,9654,20,kevin_magnussen,Kevin MAGNUSSEN,MAG,Haas F1 Team,#B6BABD,https://media.formula1.com/d_driver_fallback_image.png/content/dam/fom-website/drivers/K/KEVMAG01_Kevin_Magnussen/kevmag01.png.transform/1col/image.png
1106,9654,22,tsunoda,Yuki TSUNODA,TSU,RB,#6692FF,https://media.formula1.com/d_driver_fallback_image.png/content/dam/fom-website/drivers/Y/YUKTSU01_Yuki_Tsunoda/yuktsu01.png.transform/1col/image.png
1107,9654,23,albon,Alexander ALBON,ALB,Williams,#64C4FF,https://media.formula1.com/d_driver_fallback_image.png/content/dam/fom-website/drivers/A/ALEALB01_Alexander_Albon/alealb01.png.transform/1col/image.png
1108,9654,24,zhou,ZHOU Guanyu,ZHO,Kick Sauber,#52e252,https://media.formula1.com/d_driver_fallback_image.png/content/dam/fom-website/drivers/G/GUAZHO01_Guanyu_Zhou/guazho01.png.transform/1col/image.png
1109,9654,27,hulkenberg,Nico HULKENBERG,HUL,Haas F1 Team,#B6BABD,https://media.formula1.com/d_driver_fallback_image.png/content/dam/fom-website/drivers/N/NICHUL01_Nico_Hulkenberg/nichul01.png.transform/1col/image.png
1110,9654,30,lawson,Liam LAWSON,LAW,RB,#6692FF,
1111,9654,31,ocon,Esteban OCON,OCO,Alpine,#0093cc,https://media.formula1.com/d_driver_fallback_image.png/content/dam/fom-website/drivers/E/ESTOCO01_Esteban_Ocon/estoco01.png.transform/1col/image.png
1112,9654,43,colapinto,Franco COLAPINTO,COL,Williams,#64C4FF,
1113,9654,44,hamilton,Lewis HAMILTON,HAM,Mercedes,#27F4D2,https://media.formula1.com/d_driver_fallback_image.png/content/dam/fom-website/drivers/L/LEWHAM01_Lewis_Hamilton/lewham01.png.transform/1col/image.png
1114,9654,55,sainz,Carlos SAINZ,SAI,Ferrari,#E80020,https://media.formula1.com/d_driver_fallback_image.png/content/dam/fom-website/drivers/C/CARSAI01_Carlos_Sainz/carsai01.png.transform/1col/image.png
1115,9654,63,russell,George RUSSELL,RUS,Mercedes,#27F4D2,https://media.formula1.com/d_driver_fallback_image.png/content/dam/fom-website/drivers/G/GEORUS01_George_Russell/georus01.png.transform/1col/image.png
1116,9654,77,bottas,Valtteri BOTTAS,BOT,Kick Sauber,#52e252,https://media.formula1.com/d_driver_fallback_image.png/content/dam/fom-website/drivers/V/VALBOT01_Valtteri_Bottas/valbot01.png.transform/1col/image.png
1117,9654,81,piastri,Oscar PIASTRI,PIA,McLaren,#FF8000,https://media.formula1.com/d_driver_fallback_image.png/content/dam/fom-website/drivers/O/OSCPIA01_Oscar_Piastri/oscpia01.png.transform/1col/image.png
1118,9655,1,max_verstappen,Max VERSTAPPEN,VER,Red Bull Racing,#3671C6,https://media.formula1.com/d_driver_fallback_image.png/content/dam/fom-website/drivers/M/MAXVER01_Max_Verstappen/maxver01.png.transform/1col/image.png
1119,9655,4,norris,Lando NORRIS,NOR,McLaren,#FF8000,https://media.formula1.com/d_driver_fallback_image.png/content/dam/fom-website/drivers/L/LANNOR01_Lando_Norris/lannor01.png.transform/1col/image.png
1120,9655,10,gasly,Pierre GASLY,GAS,Alpine,#0093cc,https://media.formula1.com/d_driver_fallback_image.png/content/dam/fom-website/drivers/P/PIEGAS01_Pierre_Gasly/piegas01.png.transform/1col/image.png
1121,9655,11,perez,Sergio PEREZ,PER,Red Bull Racing,#3671C6,https://media.formula1.com/d_driver_fallback_image.png/content/dam/fom-website/drivers/S/SERPER01_Sergio_Perez/serper01.png.transform/1col/image.png
1122,9655,14,alonso,Fernando ALONSO,ALO,Aston Martin,#229971,https://media.formula1.com/d_driver_fallback_image.png/content/dam/fom-website/drivers/F/FERALO01_Fernando_Alonso/feralo01.png.transform/1col/image.png
1123,9655,16,leclerc,Charles LECLERC,LEC,Ferrari,#E80020,https://media.formula1.com/d_driver_fallback_image.png/content/dam/fom-website/drivers/C/CHALEC01_Charles_Leclerc/chalec01.png.transform/1col/image.png
1124,9655,18,stroll,Lance STROLL,STR,Aston Martin,#229971,https://media.formula1.com/d_driver_fallback_image.png/content/dam/fom-website/drivers/L/LANSTR01_Lance_Stroll/lanstr01.png.transform/1col/image.png
1125,9655,20,kevin_magnussen,Kevin MAGNUSSEN,MAG,Haas F1 Team,#B6BABD,https://media.formula1.com/d_driver_fallback_image.png/content/dam/fom-website/drivers/K/KEVMAG01_Kevin_Magnussen/kevmag01.png.transform/1col/image.png
1126,9655,22,tsunoda,Yuki TSUNODA,TSU,RB,#6692FF,https://media.formula1.com/d_driver_fallback_image.png/content/dam/fom-website/drivers/Y/YUKTSU01_Yuki_Tsunoda/yuktsu01.png.transform/1col/image.png
1127,9655,23,albon,Alexander ALBON,ALB,Williams,#64C4FF,https://media.formula1.com/d_driver_fallback_image.png/content/dam/fom-website/drivers/A/ALEALB01_Alexander_Albon/alealb01.png.transform/1col/image.png
1128,9655,24,zhou,ZHOU Guanyu,ZHO,Kick Sauber,#52e252,https://media.formula1.com/d_driver_fallback_image.png/content/dam/fom-website/drivers/G/GUAZHO01_Guanyu_Zhou/guazho01.png.transform/1col/image.png
1129,9655,27,hulkenberg,Nico HULKENBERG,HUL,Haas F1 Team,#B6BABD,https://media.formula1.com/d_driver_fallback_image.png/content/dam/fom-website/drivers/N/NICHUL01_Nico_Hulkenberg/nichul01.png.transform/1col/image.png
1130,9655,30,lawson,Liam LAWSON,LAW,RB,#6692FF,
1131,9655,31,ocon,Esteban OCON,OCO,Alpine,#0093cc,https://media.formula1.com/d_driver_fallback_image.png/content/dam/fom-website/drivers/E/ESTOCO01_Esteban_Ocon/estoco01.png.transform/1col/image.png
1132,9655,43,colapinto,Franco COLAPINTO,COL,Williams,#64C4FF,
1133,9655,44,hamilton,Lewis HAMILTON,HAM,Mercedes,#27F4D2,https://media.formula1.com/d_driver_fallback_image.png/content/dam/fom-website/drivers/L/LEWHAM01_Lewis_Hamilton/lewham01.png.transform/1col/image.png
1134,9655,55,sainz,Carlos SAINZ,SAI,Ferrari,#E80020,https://media.formula1.com/d_driver_fallback_image.png/content/dam/fom-website/drivers/C/CARSAI01_Carlos_Sainz/carsai01.png.transform/1col/image.png
1135,9655,63,russell,George RUSSELL,RUS,Mercedes,#27F4D2,https://media.formula1.com/d_driver_fallback_image.png/content/dam/fom-website/drivers/G/GEORUS01_George_Russell/georus01.png.transform/1col/image.png
1136,9655,77,bottas,Valtteri BOTTAS,BOT,Kick Sauber,#52e252,https://media.formula1.com/d_driver_fallback_image.png/content/dam/fom-website/drivers/V/VALBOT01_Valtteri_Bottas/valbot01.png.transform/1col/image.png
1137,9655,81,piastri,Oscar PIASTRI,PIA,McLaren,#FF8000,https://media.formula1.com/d_driver_fallback_image.png/content/dam/fom-website/drivers/O/OSCPIA01_Oscar_Piastri/oscpia01.png.transform/1col/image.png
1138,9662,1,max_verstappen,Max VERSTAPPEN,VER,Red Bull Racing,#3671C6,https://media.formula1.com/d_driver_fallback_image.png/content/dam/fom-website/drivers/M/MAXVER01_Max_Verstappen/maxver01.png.transform/1col/image.png
1139,9662,4,norris,Lando NORRIS,NOR,McLaren,#FF8000,https://media.formula1.com/d_driver_fallback_image.png/content/dam/fom-website/drivers/L/LANNOR01_Lando_Norris/lannor01.png.transform/1col/image.png
1140,9662,10,gasly,Pierre GASLY,GAS,Alpine,#0093cc,https://media.formula1.com/d_driver_fallback_image.png/content/dam/fom-website/drivers/P/PIEGAS01_Pierre_Gasly/piegas01.png.transform/1col/image.png
1141,9662,11,perez,Sergio PEREZ,PER,Red Bull Racing,#3671C6,https://media.formula1.com/d_driver_fallback_image.png/content/dam/fom-website/drivers/S/SERPER01_Sergio_Perez/serper01.png.transform/1col/image.png
1142,9662,14,alonso,Fernando ALONSO,ALO,Aston Martin,#229971,https://media.formula1.com/d_driver_fallback_image.png/content/dam/fom-website/drivers/F/FERALO01_Fernando_Alonso/feralo01.png.transform/1col/image.png
1143,9662,16,leclerc,Charles LECLERC,LEC,Ferrari,#E80020,https://media.formula1.com/d_driver_fallback_image.png/content/dam/fom-website/drivers/C/CHALEC01_Charles_Leclerc/chalec01.png.transform/1col/image.png
1144,9662,18,stroll,Lance STROLL,STR,Aston Martin,#229971,https://media.formula1.com/d_driver_fallback_image.png/content/dam/fom-website/drivers/L/LANSTR01_Lance_Stroll/lanstr01.png.transform/1col/image.png
1145,9662,20,kevin_magnussen,Kevin MAGNUSSEN,MAG,Haas F1 Team,#B6BABD,https://media.formula1.com/d_driver_fallback_image.png/content/dam/fom-website/drivers/K/KEVMAG01_Kevin_Magnussen/kevmag01.png.transform/1col/image.png
1146,9662,22,tsunoda,Yuki TSUNODA,TSU,RB,#6692FF,https://media.formula1.com/d_driver_fallback_image.png/content/dam/fom-website/drivers/Y/YUKTSU01_Yuki_Tsunoda/yuktsu01.png.transform/1col/image.png
1147,9662,23,albon,Alexander ALBON,ALB,Williams,#64C4FF,https://media.formula1.com/d_driver_fallback_image.png/content/dam/fom-website/drivers/A/ALEALB01_Alexander_Albon/alealb01.png.transform/1col/image.png
1148,9662,24,zhou,ZHOU Guanyu,ZHO,Kick Sauber,#52e252,https://media.formula1.com/d_driver_fallback_image.png/content/dam/fom-website/drivers/G/GUAZHO01_Guanyu_Zhou/guazho01.png.transform/1col/image.png
1149,9662,27,hulkenberg,Nico HULKENBERG,HUL,Haas F1 Team,#B6BABD,https://media.formula1.com/d_driver_fallback_image.png/content/dam/fom-website/drivers/N/NICHUL01_Nico_Hulkenberg/nichul01.png.transform/1col/image.png
1150,9662,30,lawson,Liam LAWSON,LAW,RB,#6692FF,
1151,9662,43,colapinto,Franco COLAPINTO,COL,Williams,#64C4FF,
1152,9662,44,hamilton,Lewis HAMILTON,HAM,Mercedes,#27F4D2,https://media.formula1.com/d_driver_fallback_image.png/content/dam/fom-website/drivers/L/LEWHAM01_Lewis_Hamilton/lewham01.png.transform/1col/image.png
1153,9662,55,sainz,Carlos SAINZ,SAI,Ferrari,#E80020,https://media.formula1.com/d_driver_fallback_image.png/content/dam/fom-website/drivers/C/CARSAI01_Carlos_Sainz/carsai01.png.transform/1col/image.png
1154,9662,61,doornbos,Jack DOOHAN,DOO,Alpine,#0093cc,
1155,9662,63,russell,George RUSSELL,RUS,Mercedes,#27F4D2,https://media.formula1.com/d_driver_fallback_image.png/content/dam/fom-website/drivers/G/GEORUS01_George_Russell/georus01.png.transform/1col/image.png
1156,9662,77,bottas,Valtteri BOTTAS,BOT,Kick Sauber,#52e252,https://media.formula1.com/d_driver_fallback_image.png/content/dam/fom-website/drivers/V/VALBOT01_Valtteri_Bottas/valbot01.png.transform/1col/image.png
1157,9662,81,piastri,Oscar PIASTRI,PIA,McLaren,#FF8000,https://media.formula1.com/d_driver_fallback_image.png/content/dam/fom-website/drivers/O/OSCPIA01_Oscar_Piastri/oscpia01.png.transform/1col/image.png
1158,9693,1,max_verstappen,Max VERSTAPPEN,VER,Red Bull Racing,#3671C6,https://media.formula1.com/d_driver_fallback_image.png/content/dam/fom-website/drivers/M/MAXVER01_Max_Verstappen/maxver01.png.transform/1col/image.png
1159,9693,4,norris,Lando NORRIS,NOR,McLaren,#FF8000,https://media.formula1.com/d_driver_fallback_image.png/content/dam/fom-website/drivers/L/LANNOR01_Lando_Norris/lannor01.png.transform/1col/image.png
1160,9693,5,bortoleto,Gabriel BORTOLETO,BOR,Kick Sauber,#52E252,https://media.formula1.com/d_driver_fallback_image.png/content/dam/fom-website/drivers/G/GABBOR01_Gabriel_Bortoleto/gabbor01.png.transform/1col/image.png
1161,9693,6,hadjar,Isack HADJAR,HAD,Racing Bulls,#6692FF,https://media.formula1.com/d_driver_fallback_image.png/content/dam/fom-website/drivers/I/ISAHAD01_Isack_Hadjar/isahad01.png.transform/1col/image.png
1162,9693,7,doornbos,Jack DOOHAN,DOO,Alpine,#0093CC,https://media.formula1.com/d_driver_fallback_image.png/content/dam/fom-website/drivers/J/JACDOO01_Jack_Doohan/jacdoo01.png.transform/1col/image.png
1163,9693,10,gasly,Pierre GASLY,GAS,Alpine,#0093CC,https://media.formula1.com/d_driver_fallback_image.png/content/dam/fom-website/drivers/P/PIEGAS01_Pierre_Gasly/piegas01.png.transform/1col/image.png
1164,9693,12,antonelli,Kimi ANTONELLI,ANT,Mercedes,#27F4D2,https://media.formula1.com/d_driver_fallback_image.png/content/dam/fom-website/drivers/A/ANDANT01_Andrea%20Kimi_Antonelli/andant01.png.transform/1col/image.png
1165,9693,14,alonso,Fernando ALONSO,ALO,Aston Martin,#229971,https://media.formula1.com/d_driver_fallback_image.png/content/dam/fom-website/drivers/F/FERALO01_Fernando_Alonso/feralo01.png.transform/1col/image.png
1166,9693,16,leclerc,Charles LECLERC,LEC,Ferrari,#E80020,https://media.formula1.com/d_driver_fallback_image.png/content/dam/fom-website/drivers/C/CHALEC01_Charles_Leclerc/chalec01.png.transform/1col/image.png
1167,9693,18,stroll,Lance STROLL,STR,Aston Martin,#229971,https://media.formula1.com/d_driver_fallback_image.png/content/dam/fom-website/drivers/L/LANSTR01_Lance_Stroll/lanstr01.png.transform/1col/image.png
1168,9693,22,tsunoda,Yuki TSUNODA,TSU,Racing Bulls,#6692FF,https://media.formula1.com/d_driver_fallback_image.png/content/dam/fom-website/drivers/Y/YUKTSU01_Yuki_Tsunoda/yuktsu01.png.transform/1col/image.png
1169,9693,23,albon,Alexander ALBON,ALB,Williams,#64C4FF,https://media.formula1.com/d_driver_fallback_image.png/content/dam/fom-website/drivers/A/ALEALB01_Alexander_Albon/alealb01.png.transform/1col/image.png
1170,9693,27,hulkenberg,Nico HULKENBERG,HUL,Kick Sauber,#52E252,https://media.formula1.com/d_driver_fallback_image.png/content/dam/fom-website/drivers/N/NICHUL01_Nico_Hulkenberg/nichul01.png.transform/1col/image.png
1171,9693,30,lawson,Liam LAWSON,LAW,Red Bull Racing,#3671C6,https://media.formula1.com/d_driver_fallback_image.png/content/dam/fom-website/drivers/L/LIALAW01_Liam_Lawson/lialaw01.png.transform/1col/image.png
1172,9693,31,ocon,Esteban OCON,OCO,Haas F1 Team,#B6BABD,https://media.formula1.com/d_driver_fallback_image.png/content/dam/fom-website/drivers/E/ESTOCO01_Esteban_Ocon/estoco01.png.transform/1col/image.png
1173,9693,44,hamilton,Lewis HAMILTON,HAM,Ferrari,#E80020,https://media.formula1.com/d_driver_fallback_image.png/content/dam/fom-website/drivers/L/LEWHAM01_Lewis_Hamilton/lewham01.png.transform/1col/image.png
1174,9693,55,sainz,Carlos SAINZ,SAI,Williams,#64C4FF,https://media.formula1.com/d_driver_fallback_image.png/content/dam/fom-website/drivers/C/CARSAI01_Carlos_Sainz/carsai01.png.transform/1col/image.png
1175,9693,63,russell,George RUSSELL,RUS,Mercedes,#27F4D2,https://media.formula1.com/d_driver_fallback_image.png/content/dam/fom-website/drivers/G/GEORUS01_George_Russell/georus01.png.transform/1col/image.png
1176,9693,81,piastri,Oscar PIASTRI,PIA,McLaren,#FF8000,https://media.formula1.com/d_driver_fallback_image.png/content/dam/fom-website/drivers/O/OSCPIA01_Oscar_Piastri/oscpia01.png.transform/1col/image.png
1177,9693,87,bearman,Oliver BEARMAN,BEA,Haas F1 Team,#B6BABD,https://media.formula1.com/d_driver_fallback_image.png/content/dam/fom-website/drivers/O/OLIBEA01_Oliver_Bearman/olibea01.png.transform/1col/image.png
1178,9993,1,max_verstappen,Max VERSTAPPEN,VER,Red Bull Racing,#3671C6,https://media.formula1.com/d_driver_fallback_image.png/content/dam/fom-website/drivers/M/MAXVER01_Max_Verstappen/maxver01.png.transform/1col/image.png
1179,9993,4,norris,Lando NORRIS,NOR,McLaren,#FF8000,https://media.formula1.com/d_driver_fallback_image.png/content/dam/fom-website/drivers/L/LANNOR01_Lando_Norris/lannor01.png.transform/1col/image.png
1180,9993,5,bortoleto,Gabriel BORTOLETO,BOR,Kick Sauber,#52E252,https://media.formula1.com/d_driver_fallback_image.png/content/dam/fom-website/drivers/G/GABBOR01_Gabriel_Bortoleto/gabbor01.png.transform/1col/image.png
1181,9993,6,hadjar,Isack HADJAR,HAD,Racing Bulls,#6692FF,https://media.formula1.com/d_driver_fallback_image.png/content/dam/fom-website/drivers/I/ISAHAD01_Isack_Hadjar/isahad01.png.transform/1col/image.png
1182,9993,7,doornbos,Jack DOOHAN,DOO,Alpine,#0093CC,https://media.formula1.com/d_driver_fallback_image.png/content/dam/fom-website/drivers/J/JACDOO01_Jack_Doohan/jacdoo01.png.transform/1col/image.png
1183,9993,10,gasly,Pierre GASLY,GAS,Alpine,#0093CC,https://media.formula1.com/d_driver_fallback_image.png/content/dam/fom-website/drivers/P/PIEGAS01_Pierre_Gasly/piegas01.png.transform/1col/image.png
1184,9993,12,antonelli,Kimi ANTONELLI,ANT,Mercedes,#27F4D2,https://media.formula1.com/d_driver_fallback_image.png/content/dam/fom-website/drivers/A/ANDANT01_Andrea%20Kimi_Antonelli/andant01.png.transform/1col/image.png
1185,9993,14,alonso,Fernando ALONSO,ALO,Aston Martin,#229971,https://media.formula1.com/d_driver_fallback_image.png/content/dam/fom-website/drivers/F/FERALO01_Fernando_Alonso/feralo01.png.transform/1col/image.png
1186,9993,16,leclerc,Charles LECLERC,LEC,Ferrari,#E80020,https://media.formula1.com/d_driver_fallback_image.png/content/dam/fom-website/drivers/C/CHALEC01_Charles_Leclerc/chalec01.png.transform/1col/image.png
1187,9993,18,stroll,Lance STROLL,STR,Aston Martin,#229971,https://media.formula1.com/d_driver_fallback_image.png/content/dam/fom-website/drivers/L/LANSTR01_Lance_Stroll/lanstr01.png.transform/1col/image.png
1188,9993,22,tsunoda,Yuki TSUNODA,TSU,Racing Bulls,#6692FF,https://media.formula1.com/d_driver_fallback_image.png/content/dam/fom-website/drivers/Y/YUKTSU01_Yuki_Tsunoda/yuktsu01.png.transform/1col/image.png
1189,9993,23,albon,Alexander ALBON,ALB,Williams,#64C4FF,https://media.formula1.com/d_driver_fallback_image.png/content/dam/fom-website/drivers/A/ALEALB01_Alexander_Albon/alealb01.png.transform/1col/image.png
1190,9993,27,hulkenberg,Nico HULKENBERG,HUL,Kick Sauber,#52E252,https://media.formula1.com/d_driver_fallback_image.png/content/dam/fom-website/drivers/N/NICHUL01_Nico_Hulkenberg/nichul01.png.transform/1col/image.png
1191,9993,30,lawson,Liam LAWSON,LAW,Red Bull Racing,#3671C6,https://media.formula1.com/d_driver_fallback_image.png/content/dam/fom-website/drivers/L/LIALAW01_Liam_Lawson/lialaw01.png.transform/1col/image.png
1192,9993,31,ocon,Esteban OCON,OCO,Haas F1 Team,#B6BABD,https://media.formula1.com/d_driver_fallback_image.png/content/dam/fom-website/drivers/E/ESTOCO01_Esteban_Ocon/estoco01.png.transform/1col/image.png
1193,9993,44,hamilton,Lewis HAMILTON,HAM,Ferrari,#E80020,https://media.formula1.com/d_driver_fallback_image.png/content/dam/fom-website/drivers/L/LEWHAM01_Lewis_Hamilton/lewham01.png.transform/1col/image.png
1194,9993,55,sainz,Carlos SAINZ,SAI,Williams,#64C4FF,https://media.formula1.com/d_driver_fallback_image.png/content/dam/fom-website/drivers/C/CARSAI01_Carlos_Sainz/carsai01.png.transform/1col/image.png
1195,9993,63,russell,George RUSSELL,RUS,Mercedes,#27F4D2,https://media.formula1.com/d_driver_fallback_image.png/content/dam/fom-website/drivers/G/GEORUS01_George_Russell/georus01.png.transform/1col/image.png
1196,9993,81,piastri,Oscar PIASTRI,PIA,McLaren,#FF8000,https://media.formula1.com/d_driver_fallback_image.png/content/dam/fom-website/drivers/O/OSCPIA01_Oscar_Piastri/oscpia01.png.transform/1col/image.png
1197,9993,87,bearman,Oliver BEARMAN,BEA,Haas F1 Team,#B6BABD,https://media.formula1.com/d_driver_fallback_image.png/content/dam/fom-website/drivers/O/OLIBEA01_Oliver_Bearman/olibea01.png.transform/1col/image.png
1198,9998,1,max_verstappen,Max VERSTAPPEN,VER,Red Bull Racing,#3671C6,https://media.formula1.com/d_driver_fallback_image.png/content/dam/fom-website/drivers/M/MAXVER01_Max_Verstappen/maxver01.png.transform/1col/image.png
1199,9998,4,norris,Lando NORRIS,NOR,McLaren,#FF8000,https://media.formula1.com/d_driver_fallback_image.png/content/dam/fom-website/drivers/L/LANNOR01_Lando_Norris/lannor01.png.transform/1col/image.png
1200,9998,5,bortoleto,Gabriel BORTOLETO,BOR,Kick Sauber,#52E252,https://media.formula1.com/d_driver_fallback_image.png/content/dam/fom-website/drivers/G/GABBOR01_Gabriel_Bortoleto/gabbor01.png.transform/1col/image.png
1201,9998,6,hadjar,Isack HADJAR,HAD,Racing Bulls,#6692FF,https://media.formula1.com/d_driver_fallback_image.png/content/dam/fom-website/drivers/I/ISAHAD01_Isack_Hadjar/isahad01.png.transform/1col/image.png
1202,9998,7,doornbos,Jack DOOHAN,DOO,Alpine,#0093CC,https://media.formula1.com/d_driver_fallback_image.png/content/dam/fom-website/drivers/J/JACDOO01_Jack_Doohan/jacdoo01.png.transform/1col/image.png
1203,9998,10,gasly,Pierre GASLY,GAS,Alpine,#0093CC,https://media.formula1.com/d_driver_fallback_image.png/content/dam/fom-website/drivers/P/PIEGAS01_Pierre_Gasly/piegas01.png.transform/1col/image.png
1204,9998,12,antonelli,Kimi ANTONELLI,ANT,Mercedes,#27F4D2,https://media.formula1.com/d_driver_fallback_image.png/content/dam/fom-website/drivers/A/ANDANT01_Andrea%20Kimi_Antonelli/andant01.png.transform/1col/image.png
1205,9998,14,alonso,Fernando ALONSO,ALO,Aston Martin,#229971,https://media.formula1.com/d_driver_fallback_image.png/content/dam/fom-website/drivers/F/FERALO01_Fernando_Alonso/feralo01.png.transform/1col/image.png
1206,9998,16,leclerc,Charles LECLERC,LEC,Ferrari,#E80020,https://media.formula1.com/d_driver_fallback_image.png/content/dam/fom-website/drivers/C/CHALEC01_Charles_Leclerc/chalec01.png.transform/1col/image.png
1207,9998,18,stroll,Lance STROLL,STR,Aston Martin,#229971,https://media.formula1.com/d_driver_fallback_image.png/content/dam/fom-website/drivers/L/LANSTR01_Lance_Stroll/lanstr01.png.transform/1col/image.png
1208,9998,22,tsunoda,Yuki TSUNODA,TSU,Racing Bulls,#6692FF,https://media.formula1.com/d_driver_fallback_image.png/content/dam/fom-website/drivers/Y/YUKTSU01_Yuki_Tsunoda/yuktsu01.png.transform/1col/image.png
1209,9998,23,albon,Alexander ALBON,ALB,Williams,#64C4FF,https://media.formula1.com/d_driver_fallback_image.png/content/dam/fom-website/drivers/A/ALEALB01_Alexander_Albon/alealb01.png.transform/1col/image.png
1210,9998,27,hulkenberg,Nico HULKENBERG,HUL,Kick Sauber,#52E252,https://media.formula1.com/d_driver_fallback_image.png/content/dam/fom-website/drivers/N/NICHUL01_Nico_Hulkenberg/nichul01.png.transform/1col/image.png
1211,9998,30,lawson,Liam LAWSON,LAW,Red Bull Racing,#3671C6,https://media.formula1.com/d_driver_fallback_image.png/content/dam/fom-website/drivers/L/LIALAW01_Liam_Lawson/lialaw01.png.transform/1col/image.png
1212,9998,31,ocon,Esteban OCON,OCO,Haas F1 Team,#B6BABD,https://media.formula1.com/d_driver_fallback_image.png/content/dam/fom-website/drivers/E/ESTOCO01_Esteban_Ocon/estoco01.png.transform/1col/image.png
1213,9998,44,hamilton,Lewis HAMILTON,HAM,Ferrari,#E80020,https://media.formula1.com/d_driver_fallback_image.png/content/dam/fom-website/drivers/L/LEWHAM01_Lewis_Hamilton/lewham01.png.transform/1col/image.png
1214,9998,55,sainz,Carlos SAINZ,SAI,Williams,#64C4FF,https://media.formula1.com/d_driver_fallback_image.png/content/dam/fom-website/drivers/C/CARSAI01_Carlos_Sainz/carsai01.png.transform/1col/image.png
1215,9998,63,russell,George RUSSELL,RUS,Mercedes,#27F4D2,https://media.formula1.com/d_driver_fallback_image.png/content/dam/fom-website/drivers/G/GEORUS01_George_Russell/georus01.png.transform/1col/image.png
1216,9998,81,piastri,Oscar PIASTRI,PIA,McLaren,#FF8000,https://media.formula1.com/d_driver_fallback_image.png/content/dam/fom-website/drivers/O/OSCPIA01_Oscar_Piastri/oscpia01.png.transform/1col/image.png
1217,9998,87,bearman,Oliver BEARMAN,BEA,Haas F1 Team,#B6BABD,https://media.formula1.com/d_driver_fallback_image.png/content/dam/fom-website/drivers/O/OLIBEA01_Oliver_Bearman/olibea01.png.transform/1col/image.png
1218,10006,1,max_verstappen,Max VERSTAPPEN,VER,Red Bull Racing,#3671C6,https://media.formula1.com/d_driver_fallback_image.png/content/dam/fom-website/drivers/M/MAXVER01_Max_Verstappen/maxver01.png.transform/1col/image.png
1219,10006,4,norris,Lando NORRIS,NOR,McLaren,#FF8000,https://media.formula1.com/d_driver_fallback_image.png/content/dam/fom-website/drivers/L/LANNOR01_Lando_Norris/lannor01.png.transform/1col/image.png
1220,10006,5,bortoleto,Gabriel BORTOLETO,BOR,Kick Sauber,#52E252,https://media.formula1.com/d_driver_fallback_image.png/content/dam/fom-website/drivers/G/GABBOR01_Gabriel_Bortoleto/gabbor01.png.transform/1col/image.png
1221,10006,6,hadjar,Isack HADJAR,HAD,Racing Bulls,#6692FF,https://media.formula1.com/d_driver_fallback_image.png/content/dam/fom-website/drivers/I/ISAHAD01_Isack_Hadjar/isahad01.png.transform/1col/image.png
1222,10006,7,doornbos,Jack DOOHAN,DOO,Alpine,#0093CC,https://media.formula1.com/d_driver_fallback_image.png/content/dam/fom-website/drivers/J/JACDOO01_Jack_Doohan/jacdoo01.png.transform/1col/image.png
1223,10006,10,gasly,Pierre GASLY,GAS,Alpine,#0093CC,https://media.formula1.com/d_driver_fallback_image.png/content/dam/fom-website/drivers/P/PIEGAS01_Pierre_Gasly/piegas01.png.transform/1col/image.png
1224,10006,12,antonelli,Kimi ANTONELLI,ANT,Mercedes,#27F4D2,https://media.formula1.com/d_driver_fallback_image.png/content/dam/fom-website/drivers/A/ANDANT01_Andrea%20Kimi_Antonelli/andant01.png.transform/1col/image.png
1225,10006,14,alonso,Fernando ALONSO,ALO,Aston Martin,#229971,https://media.formula1.com/d_driver_fallback_image.png/content/dam/fom-website/drivers/F/FERALO01_Fernando_Alonso/feralo01.png.transform/1col/image.png
1226,10006,16,leclerc,Charles LECLERC,LEC,Ferrari,#E80020,https://media.formula1.com/d_driver_fallback_image.png/content/dam/fom-website/drivers/C/CHALEC01_Charles_Leclerc/chalec01.png.transform/1col/image.png
1227,10006,18,stroll,Lance STROLL,STR,Aston Martin,#229971,https://media.formula1.com/d_driver_fallback_image.png/content/dam/fom-website/drivers/L/LANSTR01_Lance_Stroll/lanstr01.png.transform/1col/image.png
1228,10006,22,tsunoda,Yuki TSUNODA,TSU,Red Bull Racing,#3671C6,https://media.formula1.com/d_driver_fallback_image.png/content/dam/fom-website/drivers/Y/YUKTSU01_Yuki_Tsunoda/yuktsu01.png.transform/1col/image.png
1229,10006,23,albon,Alexander ALBON,ALB,Williams,#64C4FF,https://media.formula1.com/d_driver_fallback_image.png/content/dam/fom-website/drivers/A/ALEALB01_Alexander_Albon/alealb01.png.transform/1col/image.png
1230,10006,27,hulkenberg,Nico HULKENBERG,HUL,Kick Sauber,#52E252,https://media.formula1.com/d_driver_fallback_image.png/content/dam/fom-website/drivers/N/NICHUL01_Nico_Hulkenberg/nichul01.png.transform/1col/image.png
1231,10006,30,lawson,Liam LAWSON,LAW,Racing Bulls,#6692FF,https://media.formula1.com/d_driver_fallback_image.png/content/dam/fom-website/drivers/L/LIALAW01_Liam_Lawson/lialaw01.png.transform/1col/image.png
1232,10006,31,ocon,Esteban OCON,OCO,Haas F1 Team,#B6BABD,https://media.formula1.com/d_driver_fallback_image.png/content/dam/fom-website/drivers/E/ESTOCO01_Esteban_Ocon/estoco01.png.transform/1col/image.png
1233,10006,44,hamilton,Lewis HAMILTON,HAM,Ferrari,#E80020,https://media.formula1.com/d_driver_fallback_image.png/content/dam/fom-website/drivers/L/LEWHAM01_Lewis_Hamilton/lewham01.png.transform/1col/image.png
1234,10006,55,sainz,Carlos SAINZ,SAI,Williams,#64C4FF,https://media.formula1.com/d_driver_fallback_image.png/content/dam/fom-website/drivers/C/CARSAI01_Carlos_Sainz/carsai01.png.transform/1col/image.png
1235,10006,63,russell,George RUSSELL,RUS,Mercedes,#27F4D2,https://media.formula1.com/d_driver_fallback_image.png/content/dam/fom-website/drivers/G/GEORUS01_George_Russell/georus01.png.transform/1col/image.png
1236,10006,81,piastri,Oscar PIASTRI,PIA,McLaren,#FF8000,https://media.formula1.com/d_driver_fallback_image.png/content/dam/fom-website/drivers/O/OSCPIA01_Oscar_Piastri/oscpia01.png.transform/1col/image.png
1237,10006,87,bearman,Oliver BEARMAN,BEA,Haas F1 Team,#B6BABD,https://media.formula1.com/d_driver_fallback_image.png/content/dam/fom-website/drivers/O/OLIBEA01_Oliver_Bearman/olibea01.png.transform/1col/image.png
1238,10014,1,max_verstappen,Max VERSTAPPEN,VER,Red Bull Racing,#3671C6,https://media.formula1.com/d_driver_fallback_image.png/content/dam/fom-website/drivers/M/MAXVER01_Max_Verstappen/maxver01.png.transform/1col/image.png
1239,10014,4,norris,Lando NORRIS,NOR,McLaren,#FF8000,https://media.formula1.com/d_driver_fallback_image.png/content/dam/fom-website/drivers/L/LANNOR01_Lando_Norris/lannor01.png.transform/1col/image.png
1240,10014,5,bortoleto,Gabriel BORTOLETO,BOR,Kick Sauber,#52E252,https://media.formula1.com/d_driver_fallback_image.png/content/dam/fom-website/drivers/G/GABBOR01_Gabriel_Bortoleto/gabbor01.png.transform/1col/image.png
1241,10014,6,hadjar,Isack HADJAR,HAD,Racing Bulls,#6692FF,https://media.formula1.com/d_driver_fallback_image.png/content/dam/fom-website/drivers/I/ISAHAD01_Isack_Hadjar/isahad01.png.transform/1col/image.png
1242,10014,7,doornbos,Jack DOOHAN,DOO,Alpine,#0093CC,https://media.formula1.com/d_driver_fallback_image.png/content/dam/fom-website/drivers/J/JACDOO01_Jack_Doohan/jacdoo01.png.transform/1col/image.png
1243,10014,10,gasly,Pierre GASLY,GAS,Alpine,#0093CC,https://media.formula1.com/d_driver_fallback_image.png/content/dam/fom-website/drivers/P/PIEGAS01_Pierre_Gasly/piegas01.png.transform/1col/image.png
1244,10014,12,antonelli,Kimi ANTONELLI,ANT,Mercedes,#27F4D2,https://media.formula1.com/d_driver_fallback_image.png/content/dam/fom-website/drivers/A/ANDANT01_Andrea%20Kimi_Antonelli/andant01.png.transform/1col/image.png
1245,10014,14,alonso,Fernando ALONSO,ALO,Aston Martin,#229971,https://media.formula1.com/d_driver_fallback_image.png/content/dam/fom-website/drivers/F/FERALO01_Fernando_Alonso/feralo01.png.transform/1col/image.png
1246,10014,16,leclerc,Charles LECLERC,LEC,Ferrari,#E80020,https://media.formula1.com/d_driver_fallback_image.png/content/dam/fom-website/drivers/C/CHALEC01_Charles_Leclerc/chalec01.png.transform/1col/image.png
1247,10014,18,stroll,Lance STROLL,STR,Aston Martin,#229971,https://media.formula1.com/d_driver_fallback_image.png/content/dam/fom-website/drivers/L/LANSTR01_Lance_Stroll/lanstr01.png.transform/1col/image.png
1248,10014,22,tsunoda,Yuki TSUNODA,TSU,Red Bull Racing,#3671C6,https://media.formula1.com/d_driver_fallback_image.png/content/dam/fom-website/drivers/Y/YUKTSU01_Yuki_Tsunoda/yuktsu01.png.transform/1col/image.png
1249,10014,23,albon,Alexander ALBON,ALB,Williams,#64C4FF,https://media.formula1.com/d_driver_fallback_image.png/content/dam/fom-website/drivers/A/ALEALB01_Alexander_Albon/alealb01.png.transform/1col/image.png
1250,10014,27,hulkenberg,Nico HULKENBERG,HUL,Kick Sauber,#52E252,https://media.formula1.com/d_driver_fallback_image.png/content/dam/fom-website/drivers/N/NICHUL01_Nico_Hulkenberg/nichul01.png.transform/1col/image.png
1251,10014,30,lawson,Liam LAWSON,LAW,Racing Bulls,#6692FF,https://media.formula1.com/d_driver_fallback_image.png/content/dam/fom-website/drivers/L/LIALAW01_Liam_Lawson/lialaw01.png.transform/1col/image.png
1252,10014,31,ocon,Esteban OCON,OCO,Haas F1 Team,#B6BABD,https://media.formula1.com/d_driver_fallback_image.png/content/dam/fom-website/drivers/E/ESTOCO01_Esteban_Ocon/estoco01.png.transform/1col/image.png
1253,10014,44,hamilton,Lewis HAMILTON,HAM,Ferrari,#E80020,https://media.formula1.com/d_driver_fallback_image.png/content/dam/fom-website/drivers/L/LEWHAM01_Lewis_Hamilton/lewham01.png.transform/1col/image.png
1254,10014,55,sainz,Carlos SAINZ,SAI,Williams,#64C4FF,https://media.formula1.com/d_driver_fallback_image.png/content/dam/fom-website/drivers/C/CARSAI01_Carlos_Sainz/carsai01.png.transform/1col/image.png
1255,10014,63,russell,George RUSSELL,RUS,Mercedes,#27F4D2,https://media.formula1.com/d_driver_fallback_image.png/content/dam/fom-website/drivers/G/GEORUS01_George_Russell/georus01.png.transform/1col/image.png
1256,10014,81,piastri,Oscar PIASTRI,PIA,McLaren,#FF8000,https://media.formula1.com/d_driver_fallback_image.png/content/dam/fom-website/drivers/O/OSCPIA01_Oscar_Piastri/oscpia01.png.transform/1col/image.png
1257,10014,87,bearman,Oliver BEARMAN,BEA,Haas F1 Team,#B6BABD,https://media.formula1.com/d_driver_fallback_image.png/content/dam/fom-website/drivers/O/OLIBEA01_Oliver_Bearman/olibea01.png.transform/1col/image.png
1258,10022,1,max_verstappen,Max VERSTAPPEN,VER,Red Bull Racing,#3671C6,https://media.formula1.com/d_driver_fallback_image.png/content/dam/fom-website/drivers/M/MAXVER01_Max_Verstappen/maxver01.png.transform/1col/image.png
1259,10022,4,norris,Lando NORRIS,NOR,McLaren,#FF8000,https://media.formula1.com/d_driver_fallback_image.png/content/dam/fom-website/drivers/L/LANNOR01_Lando_Norris/lannor01.png.transform/1col/image.png
1260,10022,5,bortoleto,Gabriel BORTOLETO,BOR,Kick Sauber,#52E252,https://media.formula1.com/d_driver_fallback_image.png/content/dam/fom-website/drivers/G/GABBOR01_Gabriel_Bortoleto/gabbor01.png.transform/1col/image.png
1261,10022,6,hadjar,Isack HADJAR,HAD,Racing Bulls,#6692FF,https://media.formula1.com/d_driver_fallback_image.png/content/dam/fom-website/drivers/I/ISAHAD01_Isack_Hadjar/isahad01.png.transform/1col/image.png
1262,10022,7,doornbos,Jack DOOHAN,DOO,Alpine,#0093CC,https://media.formula1.com/d_driver_fallback_image.png/content/dam/fom-website/drivers/J/JACDOO01_Jack_Doohan/jacdoo01.png.transform/1col/image.png
1263,10022,10,gasly,Pierre GASLY,GAS,Alpine,#0093CC,https://media.formula1.com/d_driver_fallback_image.png/content/dam/fom-website/drivers/P/PIEGAS01_Pierre_Gasly/piegas01.png.transform/1col/image.png
1264,10022,12,antonelli,Kimi ANTONELLI,ANT,Mercedes,#27F4D2,https://media.formula1.com/d_driver_fallback_image.png/content/dam/fom-website/drivers/A/ANDANT01_Andrea%20Kimi_Antonelli/andant01.png.transform/1col/image.png
1265,10022,14,alonso,Fernando ALONSO,ALO,Aston Martin,#229971,https://media.formula1.com/d_driver_fallback_image.png/content/dam/fom-website/drivers/F/FERALO01_Fernando_Alonso/feralo01.png.transform/1col/image.png
1266,10022,16,leclerc,Charles LECLERC,LEC,Ferrari,#E80020,https://media.formula1.com/d_driver_fallback_image.png/content/dam/fom-website/drivers/C/CHALEC01_Charles_Leclerc/chalec01.png.transform/1col/image.png
1267,10022,18,stroll,Lance STROLL,STR,Aston Martin,#229971,https://media.formula1.com/d_driver_fallback_image.png/content/dam/fom-website/drivers/L/LANSTR01_Lance_Stroll/lanstr01.png.transform/1col/image.png
1268,10022,22,tsunoda,Yuki TSUNODA,TSU,Red Bull Racing,#3671C6,https://media.formula1.com/d_driver_fallback_image.png/content/dam/fom-website/drivers/Y/YUKTSU01_Yuki_Tsunoda/yuktsu01.png.transform/1col/image.png
1269,10022,23,albon,Alexander ALBON,ALB,Williams,#64C4FF,https://media.formula1.com/d_driver_fallback_image.png/content/dam/fom-website/drivers/A/ALEALB01_Alexander_Albon/alealb01.png.transform/1col/image.png
1270,10022,27,hulkenberg,Nico HULKENBERG,HUL,Kick Sauber,#52E252,https://media.formula1.com/d_driver_fallback_image.png/content/dam/fom-website/drivers/N/NICHUL01_Nico_Hulkenberg/nichul01.png.transform/1col/image.png
1271,10022,30,lawson,Liam LAWSON,LAW,Racing Bulls,#6692FF,https://media.formula1.com/d_driver_fallback_image.png/content/dam/fom-website/drivers/L/LIALAW01_Liam_Lawson/lialaw01.png.transform/1col/image.png
1272,10022,31,ocon,Esteban OCON,OCO,Haas F1 Team,#B6BABD,https://media.formula1.com/d_driver_fallback_image.png/content/dam/fom-website/drivers/E/ESTOCO01_Esteban_Ocon/estoco01.png.transform/1col/image.png
1273,10022,44,hamilton,Lewis HAMILTON,HAM,Ferrari,#E80020,https://media.formula1.com/d_driver_fallback_image.png/content/dam/fom-website/drivers/L/LEWHAM01_Lewis_Hamilton/lewham01.png.transform/1col/image.png
1274,10022,55,sainz,Carlos SAINZ,SAI,Williams,#64C4FF,https://media.formula1.com/d_driver_fallback_image.png/content/dam/fom-website/drivers/C/CARSAI01_Carlos_Sainz/carsai01.png.transform/1col/image.png
1275,10022,63,russell,George RUSSELL,RUS,Mercedes,#27F4D2,https://media.formula1.com/d_driver_fallback_image.png/content/dam/fom-website/drivers/G/GEORUS01_George_Russell/georus01.png.transform/1col/image.png
1276,10022,81,piastri,Oscar PIASTRI,PIA,McLaren,#FF8000,https://media.formula1.com/d_driver_fallback_image.png/content/dam/fom-website/drivers/O/OSCPIA01_Oscar_Piastri/oscpia01.png.transform/1col/image.png
1277,10022,87,bearman,Oliver BEARMAN,BEA,Haas F1 Team,#B6BABD,https://media.formula1.com/d_driver_fallback_image.png/content/dam/fom-website/drivers/O/OLIBEA01_Oliver_Bearman/olibea01.png.transform/1col/image.png
1278,10028,1,max_verstappen,Max VERSTAPPEN,VER,Red Bull Racing,#3671C6,https://media.formula1.com/d_driver_fallback_image.png/content/dam/fom-website/drivers/M/MAXVER01_Max_Verstappen/maxver01.png.transform/1col/image.png
1279,10028,4,norris,Lando NORRIS,NOR,McLaren,#FF8000,https://media.formula1.com/d_driver_fallback_image.png/content/dam/fom-website/drivers/L/LANNOR01_Lando_Norris/lannor01.png.transform/1col/image.png
1280,10028,5,bortoleto,Gabriel BORTOLETO,BOR,Kick Sauber,#52E252,https://media.formula1.com/d_driver_fallback_image.png/content/dam/fom-website/drivers/G/GABBOR01_Gabriel_Bortoleto/gabbor01.png.transform/1col/image.png
1281,10028,6,hadjar,Isack HADJAR,HAD,Racing Bulls,#6692FF,https://media.formula1.com/d_driver_fallback_image.png/content/dam/fom-website/drivers/I/ISAHAD01_Isack_Hadjar/isahad01.png.transform/1col/image.png
1282,10028,7,doornbos,Jack DOOHAN,DOO,Alpine,#0093CC,https://media.formula1.com/d_driver_fallback_image.png/content/dam/fom-website/drivers/J/JACDOO01_Jack_Doohan/jacdoo01.png.transform/1col/image.png
1283,10028,10,gasly,Pierre GASLY,GAS,Alpine,#0093CC,https://media.formula1.com/d_driver_fallback_image.png/content/dam/fom-website/drivers/P/PIEGAS01_Pierre_Gasly/piegas01.png.transform/1col/image.png
1284,10028,12,antonelli,Kimi ANTONELLI,ANT,Mercedes,#27F4D2,https://media.formula1.com/d_driver_fallback_image.png/content/dam/fom-website/drivers/A/ANDANT01_Andrea%20Kimi_Antonelli/andant01.png.transform/1col/image.png
1285,10028,14,alonso,Fernando ALONSO,ALO,Aston Martin,#229971,https://media.formula1.com/d_driver_fallback_image.png/content/dam/fom-website/drivers/F/FERALO01_Fernando_Alonso/feralo01.png.transform/1col/image.png
1286,10028,16,leclerc,Charles LECLERC,LEC,Ferrari,#E80020,https://media.formula1.com/d_driver_fallback_image.png/content/dam/fom-website/drivers/C/CHALEC01_Charles_Leclerc/chalec01.png.transform/1col/image.png
1287,10028,18,stroll,Lance STROLL,STR,Aston Martin,#229971,https://media.formula1.com/d_driver_fallback_image.png/content/dam/fom-website/drivers/L/LANSTR01_Lance_Stroll/lanstr01.png.transform/1col/image.png
1288,10028,22,tsunoda,Yuki TSUNODA,TSU,Red Bull Racing,#3671C6,https://media.formula1.com/d_driver_fallback_image.png/content/dam/fom-website/drivers/Y/YUKTSU01_Yuki_Tsunoda/yuktsu01.png.transform/1col/image.png
1289,10028,23,albon,Alexander ALBON,ALB,Williams,#64C4FF,https://media.formula1.com/d_driver_fallback_image.png/content/dam/fom-website/drivers/A/ALEALB01_Alexander_Albon/alealb01.png.transform/1col/image.png
1290,10028,27,hulkenberg,Nico HULKENBERG,HUL,Kick Sauber,#52E252,https://media.formula1.com/d_driver_fallback_image.png/content/dam/fom-website/drivers/N/NICHUL01_Nico_Hulkenberg/nichul01.png.transform/1col/image.png
1291,10028,30,lawson,Liam LAWSON,LAW,Racing Bulls,#6692FF,https://media.formula1.com/d_driver_fallback_image.png/content/dam/fom-website/drivers/L/LIALAW01_Liam_Lawson/lialaw01.png.transform/1col/image.png
1292,10028,31,ocon,Esteban OCON,OCO,Haas F1 Team,#B6BABD,https://media.formula1.com/d_driver_fallback_image.png/content/dam/fom-website/drivers/E/ESTOCO01_Esteban_Ocon/estoco01.png.transform/1col/image.png
1293,10028,44,hamilton,Lewis HAMILTON,HAM,Ferrari,#E80020,https://media.formula1.com/d_driver_fallback_image.png/content/dam/fom-website/drivers/L/LEWHAM01_Lewis_Hamilton/lewham01.png.transform/1col/image.png
1294,10028,55,sainz,Carlos SAINZ,SAI,Williams,#64C4FF,https://media.formula1.com/d_driver_fallback_image.png/content/dam/fom-website/drivers/C/CARSAI01_Carlos_Sainz/carsai01.png.transform/1col/image.png
1295,10028,63,russell,George RUSSELL,RUS,Mercedes,#27F4D2,https://media.formula1.com/d_driver_fallback_image.png/content/dam/fom-website/drivers/G/GEORUS01_George_Russell/georus01.png.transform/1col/image.png
1296,10028,81,piastri,Oscar PIASTRI,PIA,McLaren,#FF8000,https://media.formula1.com/d_driver_fallback_image.png/content/dam/fom-website/drivers/O/OSCPIA01_Oscar_Piastri/oscpia01.png.transform/1col/image.png
1297,10028,87,bearman,Oliver BEARMAN,BEA,Haas F1 Team,#B6BABD,https://media.formula1.com/d_driver_fallback_image.png/content/dam/fom-website/drivers/O/OLIBEA01_Oliver_Bearman/olibea01.png.transform/1col/image.png
1298,10033,1,max_verstappen,Max VERSTAPPEN,VER,Red Bull Racing,#3671C6,https://media.formula1.com/d_driver_fallback_image.png/content/dam/fom-website/drivers/M/MAXVER01_Max_Verstappen/maxver01.png.transform/1col/image.png
1299,10033,4,norris,Lando NORRIS,NOR,McLaren,#FF8000,https://media.formula1.com/d_driver_fallback_image.png/content/dam/fom-website/drivers/L/LANNOR01_Lando_Norris/lannor01.png.transform/1col/image.png
1300,10033,5,bortoleto,Gabriel BORTOLETO,BOR,Kick Sauber,#52E252,https://media.formula1.com/d_driver_fallback_image.png/content/dam/fom-website/drivers/G/GABBOR01_Gabriel_Bortoleto/gabbor01.png.transform/1col/image.png
1301,10033,6,hadjar,Isack HADJAR,HAD,Racing Bulls,#6692FF,https://media.formula1.com/d_driver_fallback_image.png/content/dam/fom-website/drivers/I/ISAHAD01_Isack_Hadjar/isahad01.png.transform/1col/image.png
1302,10033,7,doornbos,Jack DOOHAN,DOO,Alpine,#0093CC,https://media.formula1.com/d_driver_fallback_image.png/content/dam/fom-website/drivers/J/JACDOO01_Jack_Doohan/jacdoo01.png.transform/1col/image.png
1303,10033,10,gasly,Pierre GASLY,GAS,Alpine,#0093CC,https://media.formula1.com/d_driver_fallback_image.png/content/dam/fom-website/drivers/P/PIEGAS01_Pierre_Gasly/piegas01.png.transform/1col/image.png
1304,10033,12,antonelli,Kimi ANTONELLI,ANT,Mercedes,#27F4D2,https://media.formula1.com/d_driver_fallback_image.png/content/dam/fom-website/drivers/A/ANDANT01_Andrea%20Kimi_Antonelli/andant01.png.transform/1col/image.png
1305,10033,14,alonso,Fernando ALONSO,ALO,Aston Martin,#229971,https://media.formula1.com/d_driver_fallback_image.png/content/dam/fom-website/drivers/F/FERALO01_Fernando_Alonso/feralo01.png.transform/1col/image.png
1306,10033,16,leclerc,Charles LECLERC,LEC,Ferrari,#E80020,https://media.formula1.com/d_driver_fallback_image.png/content/dam/fom-website/drivers/C/CHALEC01_Charles_Leclerc/chalec01.png.transform/1col/image.png
1307,10033,18,stroll,Lance STROLL,STR,Aston Martin,#229971,https://media.formula1.com/d_driver_fallback_image.png/content/dam/fom-website/drivers/L/LANSTR01_Lance_Stroll/lanstr01.png.transform/1col/image.png
1308,10033,22,tsunoda,Yuki TSUNODA,TSU,Red Bull Racing,#3671C6,https://media.formula1.com/d_driver_fallback_image.png/content/dam/fom-website/drivers/Y/YUKTSU01_Yuki_Tsunoda/yuktsu01.png.transform/1col/image.png
1309,10033,23,albon,Alexander ALBON,ALB,Williams,#64C4FF,https://media.formula1.com/d_driver_fallback_image.png/content/dam/fom-website/drivers/A/ALEALB01_Alexander_Albon/alealb01.png.transform/1col/image.png
1310,10033,27,hulkenberg,Nico HULKENBERG,HUL,Kick Sauber,#52E252,https://media.formula1.com/d_driver_fallback_image.png/content/dam/fom-website/drivers/N/NICHUL01_Nico_Hulkenberg/nichul01.png.transform/1col/image.png
1311,10033,30,lawson,Liam LAWSON,LAW,Racing Bulls,#6692FF,https://media.formula1.com/d_driver_fallback_image.png/content/dam/fom-website/drivers/L/LIALAW01_Liam_Lawson/lialaw01.png.transform/1col/image.png
1312,10033,31,ocon,Esteban OCON,OCO,Haas F1 Team,#B6BABD,https://media.formula1.com/d_driver_fallback_image.png/content/dam/fom-website/drivers/E/ESTOCO01_Esteban_Ocon/estoco01.png.transform/1col/image.png
1313,10033,44,hamilton,Lewis HAMILTON,HAM,Ferrari,#E80020,https://media.formula1.com/d_driver_fallback_image.png/content/dam/fom-website/drivers/L/LEWHAM01_Lewis_Hamilton/lewham01.png.transform/1col/image.png
1314,10033,55,sainz,Carlos SAINZ,SAI,Williams,#64C4FF,https://media.formula1.com/d_driver_fallback_image.png/content/dam/fom-website/drivers/C/CARSAI01_Carlos_Sainz/carsai01.png.transform/1col/image.png
1315,10033,63,russell,George RUSSELL,RUS,Mercedes,#27F4D2,https://media.formula1.com/d_driver_fallback_image.png/content/dam/fom-website/drivers/G/GEORUS01_George_Russell/georus01.png.transform/1col/image.png
1316,10033,81,piastri,Oscar PIASTRI,PIA,McLaren,#FF8000,https://media.formula1.com/d_driver_fallback_image.png/content/dam/fom-website/drivers/O/OSCPIA01_Oscar_Piastri/oscpia01.png.transform/1col/image.png
1317,10033,87,bearman,Oliver BEARMAN,BEA,Haas F1 Team,#B6BABD,https://media.formula1.com/d_driver_fallback_image.png/content/dam/fom-website/drivers/O/OLIBEA01_Oliver_Bearman/olibea01.png.transform/1col/image.png
1318,9987,1,max_verstappen,Max VERSTAPPEN,VER,Red Bull Racing,#3671C6,https://media.formula1.com/d_driver_fallback_image.png/content/dam/fom-website/drivers/M/MAXVER01_Max_Verstappen/maxver01.png.transform/1col/image.png
1319,9987,4,norris,Lando NORRIS,NOR,McLaren,#FF8000,https://media.formula1.com/d_driver_fallback_image.png/content/dam/fom-website/drivers/L/LANNOR01_Lando_Norris/lannor01.png.transform/1col/image.png
1320,9987,5,bortoleto,Gabriel BORTOLETO,BOR,Kick Sauber,#52E252,https://media.formula1.com/d_driver_fallback_image.png/content/dam/fom-website/drivers/G/GABBOR01_Gabriel_Bortoleto/gabbor01.png.transform/1col/image.png
1321,9987,6,hadjar,Isack HADJAR,HAD,Racing Bulls,#6692FF,https://media.formula1.com/d_driver_fallback_image.png/content/dam/fom-website/drivers/I/ISAHAD01_Isack_Hadjar/isahad01.png.transform/1col/image.png
1322,9987,10,gasly,Pierre GASLY,GAS,Alpine,#0093CC,https://media.formula1.com/d_driver_fallback_image.png/content/dam/fom-website/drivers/P/PIEGAS01_Pierre_Gasly/piegas01.png.transform/1col/image.png
1323,9987,12,antonelli,Kimi ANTONELLI,ANT,Mercedes,#27F4D2,https://media.formula1.com/d_driver_fallback_image.png/content/dam/fom-website/drivers/A/ANDANT01_Andrea%20Kimi_Antonelli/andant01.png.transform/1col/image.png
1324,9987,14,alonso,Fernando ALONSO,ALO,Aston Martin,#229971,https://media.formula1.com/d_driver_fallback_image.png/content/dam/fom-website/drivers/F/FERALO01_Fernando_Alonso/feralo01.png.transform/1col/image.png
1325,9987,16,leclerc,Charles LECLERC,LEC,Ferrari,#E80020,https://media.formula1.com/d_driver_fallback_image.png/content/dam/fom-website/drivers/C/CHALEC01_Charles_Leclerc/chalec01.png.transform/1col/image.png
1326,9987,18,stroll,Lance STROLL,STR,Aston Martin,#229971,https://media.formula1.com/d_driver_fallback_image.png/content/dam/fom-website/drivers/L/LANSTR01_Lance_Stroll/lanstr01.png.transform/1col/image.png
1327,9987,22,tsunoda,Yuki TSUNODA,TSU,Red Bull Racing,#3671C6,https://media.formula1.com/d_driver_fallback_image.png/content/dam/fom-website/drivers/Y/YUKTSU01_Yuki_Tsunoda/yuktsu01.png.transform/1col/image.png
1328,9987,23,albon,Alexander ALBON,ALB,Williams,#64C4FF,https://media.formula1.com/d_driver_fallback_image.png/content/dam/fom-website/drivers/A/ALEALB01_Alexander_Albon/alealb01.png.transform/1col/image.png
1329,9987,27,hulkenberg,Nico HULKENBERG,HUL,Kick Sauber,#52E252,https://media.formula1.com/d_driver_fallback_image.png/content/dam/fom-website/drivers/N/NICHUL01_Nico_Hulkenberg/nichul01.png.transform/1col/image.png
1330,9987,30,lawson,Liam LAWSON,LAW,Racing Bulls,#6692FF,https://media.formula1.com/d_driver_fallback_image.png/content/dam/fom-website/drivers/L/LIALAW01_Liam_Lawson/lialaw01.png.transform/1col/image.png
1331,9987,31,ocon,Esteban OCON,OCO,Haas F1 Team,#B6BABD,https://media.formula1.com/d_driver_fallback_image.png/content/dam/fom-website/drivers/E/ESTOCO01_Esteban_Ocon/estoco01.png.transform/1col/image.png
1332,9987,43,colapinto,Franco COLAPINTO,COL,Alpine,#0093CC,
1333,9987,44,hamilton,Lewis HAMILTON,HAM,Ferrari,#E80020,https://media.formula1.com/d_driver_fallback_image.png/content/dam/fom-website/drivers/L/LEWHAM01_Lewis_Hamilton/lewham01.png.transform/1col/image.png
1334,9987,55,sainz,Carlos SAINZ,SAI,Williams,#64C4FF,https://media.formula1.com/d_driver_fallback_image.png/content/dam/fom-website/drivers/C/CARSAI01_Carlos_Sainz/carsai01.png.transform/1col/image.png
1335,9987,63,russell,George RUSSELL,RUS,Mercedes,#27F4D2,https://media.formula1.com/d_driver_fallback_image.png/content/dam/fom-website/drivers/G/GEORUS01_George_Russell/georus01.png.transform/1col/image.png
1336,9987,81,piastri,Oscar PIASTRI,PIA,McLaren,#FF8000,https://media.formula1.com/d_driver_fallback_image.png/content/dam/fom-website/drivers/O/OSCPIA01_Oscar_Piastri/oscpia01.png.transform/1col/image.png
1337,9987,87,bearman,Oliver BEARMAN,BEA,Haas F1 Team,#B6BABD,https://media.formula1.com/d_driver_fallback_image.png/content/dam/fom-website/drivers/O/OLIBEA01_Oliver_Bearman/olibea01.png.transform/1col/image.png
1338,9979,1,max_verstappen,Max VERSTAPPEN,VER,Red Bull Racing,#4781D7,https://media.formula1.com/d_driver_fallback_image.png/content/dam/fom-website/drivers/M/MAXVER01_Max_Verstappen/maxver01.png.transform/1col/image.png
1339,9979,4,norris,Lando NORRIS,NOR,McLaren,#F47600,https://media.formula1.com/d_driver_fallback_image.png/content/dam/fom-website/drivers/L/LANNOR01_Lando_Norris/lannor01.png.transform/1col/image.png
1340,9979,5,bortoleto,Gabriel BORTOLETO,BOR,Kick Sauber,#01C00E,https://media.formula1.com/d_driver_fallback_image.png/content/dam/fom-website/drivers/G/GABBOR01_Gabriel_Bortoleto/gabbor01.png.transform/1col/image.png
1341,9979,6,hadjar,Isack HADJAR,HAD,Racing Bulls,#6C98FF,https://media.formula1.com/d_driver_fallback_image.png/content/dam/fom-website/drivers/I/ISAHAD01_Isack_Hadjar/isahad01.png.transform/1col/image.png
1342,9979,10,gasly,Pierre GASLY,GAS,Alpine,#00A1E8,https://media.formula1.com/d_driver_fallback_image.png/content/dam/fom-website/drivers/P/PIEGAS01_Pierre_Gasly/piegas01.png.transform/1col/image.png
1343,9979,12,antonelli,Kimi ANTONELLI,ANT,Mercedes,#00D7B6,https://media.formula1.com/d_driver_fallback_image.png/content/dam/fom-website/drivers/A/ANDANT01_Andrea%20Kimi_Antonelli/andant01.png.transform/1col/image.png
1344,9979,14,alonso,Fernando ALONSO,ALO,Aston Martin,#229971,https://media.formula1.com/d_driver_fallback_image.png/content/dam/fom-website/drivers/F/FERALO01_Fernando_Alonso/feralo01.png.transform/1col/image.png
1345,9979,16,leclerc,Charles LECLERC,LEC,Ferrari,#ED1131,https://media.formula1.com/d_driver_fallback_image.png/content/dam/fom-website/drivers/C/CHALEC01_Charles_Leclerc/chalec01.png.transform/1col/image.png
1346,9979,18,stroll,Lance STROLL,STR,Aston Martin,#229971,https://media.formula1.com/d_driver_fallback_image.png/content/dam/fom-website/drivers/L/LANSTR01_Lance_Stroll/lanstr01.png.transform/1col/image.png
1347,9979,22,tsunoda,Yuki TSUNODA,TSU,Red Bull Racing,#4781D7,https://media.formula1.com/d_driver_fallback_image.png/content/dam/fom-website/drivers/Y/YUKTSU01_Yuki_Tsunoda/yuktsu01.png.transform/1col/image.png
1348,9979,23,albon,Alexander ALBON,ALB,Williams,#1868DB,https://media.formula1.com/d_driver_fallback_image.png/content/dam/fom-website/drivers/A/ALEALB01_Alexander_Albon/alealb01.png.transform/1col/image.png
1349,9979,27,hulkenberg,Nico HULKENBERG,HUL,Kick Sauber,#01C00E,https://media.formula1.com/d_driver_fallback_image.png/content/dam/fom-website/drivers/N/NICHUL01_Nico_Hulkenberg/nichul01.png.transform/1col/image.png
1350,9979,30,lawson,Liam LAWSON,LAW,Racing Bulls,#6C98FF,https://media.formula1.com/d_driver_fallback_image.png/content/dam/fom-website/drivers/L/LIALAW01_Liam_Lawson/lialaw01.png.transform/1col/image.png
1351,9979,31,ocon,Esteban OCON,OCO,Haas F1 Team,#9C9FA2,https://media.formula1.com/d_driver_fallback_image.png/content/dam/fom-website/drivers/E/ESTOCO01_Esteban_Ocon/estoco01.png.transform/1col/image.png
1352,9979,43,colapinto,Franco COLAPINTO,COL,Alpine,#00A1E8,
1353,9979,44,hamilton,Lewis HAMILTON,HAM,Ferrari,#ED1131,https://media.formula1.com/d_driver_fallback_image.png/content/dam/fom-website/drivers/L/LEWHAM01_Lewis_Hamilton/lewham01.png.transform/1col/image.png
1354,9979,55,sainz,Carlos SAINZ,SAI,Williams,#1868DB,https://media.formula1.com/d_driver_fallback_image.png/content/dam/fom-website/drivers/C/CARSAI01_Carlos_Sainz/carsai01.png.transform/1col/image.png
1355,9979,63,russell,George RUSSELL,RUS,Mercedes,#00D7B6,https://media.formula1.com/d_driver_fallback_image.png/content/dam/fom-website/drivers/G/GEORUS01_George_Russell/georus01.png.transform/1col/image.png
1356,9979,81,piastri,Oscar PIASTRI,PIA,McLaren,#F47600,https://media.formula1.com/d_driver_fallback_image.png/content/dam/fom-website/drivers/O/OSCPIA01_Oscar_Piastri/oscpia01.png.transform/1col/image.png
1357,9979,87,bearman,Oliver BEARMAN,BEA,Haas F1 Team,#9C9FA2,https://media.formula1.com/d_driver_fallback_image.png/content/dam/fom-website/drivers/O/OLIBEA01_Oliver_Bearman/olibea01.png.transform/1col/image.png
1358,9971,1,max_verstappen,Max VERSTAPPEN,VER,Red Bull Racing,#4781D7,https://media.formula1.com/d_driver_fallback_image.png/content/dam/fom-website/drivers/M/MAXVER01_Max_Verstappen/maxver01.png.transform/1col/image.png
1359,9971,4,norris,Lando NORRIS,NOR,McLaren,#F47600,https://media.formula1.com/d_driver_fallback_image.png/content/dam/fom-website/drivers/L/LANNOR01_Lando_Norris/lannor01.png.transform/1col/image.png
1360,9971,5,bortoleto,Gabriel BORTOLETO,BOR,Kick Sauber,#01C00E,https://media.formula1.com/d_driver_fallback_image.png/content/dam/fom-website/drivers/G/GABBOR01_Gabriel_Bortoleto/gabbor01.png.transform/1col/image.png
1361,9971,6,hadjar,Isack HADJAR,HAD,Racing Bulls,#6C98FF,https://media.formula1.com/d_driver_fallback_image.png/content/dam/fom-website/drivers/I/ISAHAD01_Isack_Hadjar/isahad01.png.transform/1col/image.png
1362,9971,10,gasly,Pierre GASLY,GAS,Alpine,#00A1E8,https://media.formula1.com/d_driver_fallback_image.png/content/dam/fom-website/drivers/P/PIEGAS01_Pierre_Gasly/piegas01.png.transform/1col/image.png
1363,9971,12,antonelli,Kimi ANTONELLI,ANT,Mercedes,#00D7B6,https://media.formula1.com/d_driver_fallback_image.png/content/dam/fom-website/drivers/A/ANDANT01_Andrea%20Kimi_Antonelli/andant01.png.transform/1col/image.png
1364,9971,14,alonso,Fernando ALONSO,ALO,Aston Martin,#229971,https://media.formula1.com/d_driver_fallback_image.png/content/dam/fom-website/drivers/F/FERALO01_Fernando_Alonso/feralo01.png.transform/1col/image.png
1365,9971,16,leclerc,Charles LECLERC,LEC,Ferrari,#ED1131,https://media.formula1.com/d_driver_fallback_image.png/content/dam/fom-website/drivers/C/CHALEC01_Charles_Leclerc/chalec01.png.transform/1col/image.png
1366,9971,22,tsunoda,Yuki TSUNODA,TSU,Red Bull Racing,#4781D7,https://media.formula1.com/d_driver_fallback_image.png/content/dam/fom-website/drivers/Y/YUKTSU01_Yuki_Tsunoda/yuktsu01.png.transform/1col/image.png
1367,9971,23,albon,Alexander ALBON,ALB,Williams,#1868DB,https://media.formula1.com/d_driver_fallback_image.png/content/dam/fom-website/drivers/A/ALEALB01_Alexander_Albon/alealb01.png.transform/1col/image.png
1368,9971,27,hulkenberg,Nico HULKENBERG,HUL,Kick Sauber,#01C00E,https://media.formula1.com/d_driver_fallback_image.png/content/dam/fom-website/drivers/N/NICHUL01_Nico_Hulkenberg/nichul01.png.transform/1col/image.png
1369,9971,30,lawson,Liam LAWSON,LAW,Racing Bulls,#6C98FF,https://media.formula1.com/d_driver_fallback_image.png/content/dam/fom-website/drivers/L/LIALAW01_Liam_Lawson/lialaw01.png.transform/1col/image.png
1370,9971,31,ocon,Esteban OCON,OCO,Haas F1 Team,#9C9FA2,https://media.formula1.com/d_driver_fallback_image.png/content/dam/fom-website/drivers/E/ESTOCO01_Esteban_Ocon/estoco01.png.transform/1col/image.png
1371,9971,43,colapinto,Franco COLAPINTO,COL,Alpine,#00A1E8,
1372,9971,44,hamilton,Lewis HAMILTON,HAM,Ferrari,#ED1131,https://media.formula1.com/d_driver_fallback_image.png/content/dam/fom-website/drivers/L/LEWHAM01_Lewis_Hamilton/lewham01.png.transform/1col/image.png
1373,9971,55,sainz,Carlos SAINZ,SAI,Williams,#1868DB,https://media.formula1.com/d_driver_fallback_image.png/content/dam/fom-website/drivers/C/CARSAI01_Carlos_Sainz/carsai01.png.transform/1col/image.png
1374,9971,63,russell,George RUSSELL,RUS,Mercedes,#00D7B6,https://media.formula1.com/d_driver_fallback_image.png/content/dam/fom-website/drivers/G/GEORUS01_George_Russell/georus01.png.transform/1col/image.png
1375,9971,81,piastri,Oscar PIASTRI,PIA,McLaren,#F47600,https://media.formula1.com/d_driver_fallback_image.png/content/dam/fom-website/drivers/O/OSCPIA01_Oscar_Piastri/oscpia01.png.transform/1col/image.png
1376,9971,87,bearman,Oliver BEARMAN,BEA,Haas F1 Team,#9C9FA2,https://media.formula1.com/d_driver_fallback_image.png/content/dam/fom-website/drivers/O/OLIBEA01_Oliver_Bearman/olibea01.png.transform/1col/image.png
1377,9963,1,max_verstappen,Max VERSTAPPEN,VER,Red Bull Racing,#4781D7,https://media.formula1.com/d_driver_fallback_image.png/content/dam/fom-website/drivers/M/MAXVER01_Max_Verstappen/maxver01.png.transform/1col/image.png
1378,9963,4,norris,Lando NORRIS,NOR,McLaren,#F47600,https://media.formula1.com/d_driver_fallback_image.png/content/dam/fom-website/drivers/L/LANNOR01_Lando_Norris/lannor01.png.transform/1col/image.png
1379,9963,5,bortoleto,Gabriel BORTOLETO,BOR,Kick Sauber,#01C00E,https://media.formula1.com/d_driver_fallback_image.png/content/dam/fom-website/drivers/G/GABBOR01_Gabriel_Bortoleto/gabbor01.png.transform/1col/image.png
1380,9963,6,hadjar,Isack HADJAR,HAD,Racing Bulls,#6C98FF,https://media.formula1.com/d_driver_fallback_image.png/content/dam/fom-website/drivers/I/ISAHAD01_Isack_Hadjar/isahad01.png.transform/1col/image.png
1381,9963,10,gasly,Pierre GASLY,GAS,Alpine,#00A1E8,https://media.formula1.com/d_driver_fallback_image.png/content/dam/fom-website/drivers/P/PIEGAS01_Pierre_Gasly/piegas01.png.transform/1col/image.png
1382,9963,12,antonelli,Kimi ANTONELLI,ANT,Mercedes,#00D7B6,https://media.formula1.com/d_driver_fallback_image.png/content/dam/fom-website/drivers/A/ANDANT01_Andrea%20Kimi_Antonelli/andant01.png.transform/1col/image.png
1383,9963,14,alonso,Fernando ALONSO,ALO,Aston Martin,#229971,https://media.formula1.com/d_driver_fallback_image.png/content/dam/fom-website/drivers/F/FERALO01_Fernando_Alonso/feralo01.png.transform/1col/image.png
1384,9963,16,leclerc,Charles LECLERC,LEC,Ferrari,#ED1131,https://media.formula1.com/d_driver_fallback_image.png/content/dam/fom-website/drivers/C/CHALEC01_Charles_Leclerc/chalec01.png.transform/1col/image.png
1385,9963,18,stroll,Lance STROLL,STR,Aston Martin,#229971,https://media.formula1.com/d_driver_fallback_image.png/content/dam/fom-website/drivers/L/LANSTR01_Lance_Stroll/lanstr01.png.transform/1col/image.png
1386,9963,22,tsunoda,Yuki TSUNODA,TSU,Red Bull Racing,#4781D7,https://media.formula1.com/d_driver_fallback_image.png/content/dam/fom-website/drivers/Y/YUKTSU01_Yuki_Tsunoda/yuktsu01.png.transform/1col/image.png
1387,9963,23,albon,Alexander ALBON,ALB,Williams,#1868DB,https://media.formula1.com/d_driver_fallback_image.png/content/dam/fom-website/drivers/A/ALEALB01_Alexander_Albon/alealb01.png.transform/1col/image.png
1388,9963,27,hulkenberg,Nico HULKENBERG,HUL,Kick Sauber,#01C00E,https://media.formula1.com/d_driver_fallback_image.png/content/dam/fom-website/drivers/N/NICHUL01_Nico_Hulkenberg/nichul01.png.transform/1col/image.png
1389,9963,30,lawson,Liam LAWSON,LAW,Racing Bulls,#6C98FF,https://media.formula1.com/d_driver_fallback_image.png/content/dam/fom-website/drivers/L/LIALAW01_Liam_Lawson/lialaw01.png.transform/1col/image.png
1390,9963,31,ocon,Esteban OCON,OCO,Haas F1 Team,#9C9FA2,https://media.formula1.com/d_driver_fallback_image.png/content/dam/fom-website/drivers/E/ESTOCO01_Esteban_Ocon/estoco01.png.transform/1col/image.png
1391,9963,43,colapinto,Franco COLAPINTO,COL,Alpine,#00A1E8,
1392,9963,44,hamilton,Lewis HAMILTON,HAM,Ferrari,#ED1131,https://media.formula1.com/d_driver_fallback_image.png/content/dam/fom-website/drivers/L/LEWHAM01_Lewis_Hamilton/lewham01.png.transform/1col/image.png
1393,9963,55,sainz,Carlos SAINZ,SAI,Williams,#1868DB,https://media.formula1.com/d_driver_fallback_image.png/content/dam/fom-website/drivers/C/CARSAI01_Carlos_Sainz/carsai01.png.transform/1col/image.png
1394,9963,63,russell,George RUSSELL,RUS,Mercedes,#00D7B6,https://media.formula1.com/d_driver_fallback_image.png/content/dam/fom-website/drivers/G/GEORUS01_George_Russell/georus01.png.transform/1col/image.png
1395,9963,81,piastri,Oscar PIASTRI,PIA,McLaren,#F47600,https://media.formula1.com/d_driver_fallback_image.png/content/dam/fom-website/drivers/O/OSCPIA01_Oscar_Piastri/oscpia01.png.transform/1col/image.png
1396,9963,87,bearman,Oliver BEARMAN,BEA,Haas F1 Team,#9C9FA2,https://media.formula1.com/d_driver_fallback_image.png/content/dam/fom-website/drivers/O/OLIBEA01_Oliver_Bearman/olibea01.png.transform/1col/image.png
1397,9955,1,max_verstappen,Max VERSTAPPEN,VER,Red Bull Racing,#4781D7,https://media.formula1.com/d_driver_fallback_image.png/content/dam/fom-website/drivers/M/MAXVER01_Max_Verstappen/maxver01.png.transform/1col/image.png
1398,9955,4,norris,Lando NORRIS,NOR,McLaren,#F47600,https://media.formula1.com/d_driver_fallback_image.png/content/dam/fom-website/drivers/L/LANNOR01_Lando_Norris/lannor01.png.transform/1col/image.png
1399,9955,5,bortoleto,Gabriel BORTOLETO,BOR,Kick Sauber,#01C00E,https://media.formula1.com/d_driver_fallback_image.png/content/dam/fom-website/drivers/G/GABBOR01_Gabriel_Bortoleto/gabbor01.png.transform/1col/image.png
1400,9955,6,hadjar,Isack HADJAR,HAD,Racing Bulls,#6C98FF,https://media.formula1.com/d_driver_fallback_image.png/content/dam/fom-website/drivers/I/ISAHAD01_Isack_Hadjar/isahad01.png.transform/1col/image.png
1401,9955,10,gasly,Pierre GASLY,GAS,Alpine,#00A1E8,https://media.formula1.com/d_driver_fallback_image.png/content/dam/fom-website/drivers/P/PIEGAS01_Pierre_Gasly/piegas01.png.transform/1col/image.png
1402,9955,12,antonelli,Kimi ANTONELLI,ANT,Mercedes,#00D7B6,https://media.formula1.com/d_driver_fallback_image.png/content/dam/fom-website/drivers/A/ANDANT01_Andrea%20Kimi_Antonelli/andant01.png.transform/1col/image.png
1403,9955,14,alonso,Fernando ALONSO,ALO,Aston Martin,#229971,https://media.formula1.com/d_driver_fallback_image.png/content/dam/fom-website/drivers/F/FERALO01_Fernando_Alonso/feralo01.png.transform/1col/image.png
1404,9955,16,leclerc,Charles LECLERC,LEC,Ferrari,#ED1131,https://media.formula1.com/d_driver_fallback_image.png/content/dam/fom-website/drivers/C/CHALEC01_Charles_Leclerc/chalec01.png.transform/1col/image.png
1405,9955,18,stroll,Lance STROLL,STR,Aston Martin,#229971,https://media.formula1.com/d_driver_fallback_image.png/content/dam/fom-website/drivers/L/LANSTR01_Lance_Stroll/lanstr01.png.transform/1col/image.png
1406,9955,22,tsunoda,Yuki TSUNODA,TSU,Red Bull Racing,#4781D7,https://media.formula1.com/d_driver_fallback_image.png/content/dam/fom-website/drivers/Y/YUKTSU01_Yuki_Tsunoda/yuktsu01.png.transform/1col/image.png
1407,9955,23,albon,Alexander ALBON,ALB,Williams,#1868DB,https://media.formula1.com/d_driver_fallback_image.png/content/dam/fom-website/drivers/A/ALEALB01_Alexander_Albon/alealb01.png.transform/1col/image.png
1408,9955,27,hulkenberg,Nico HULKENBERG,HUL,Kick Sauber,#01C00E,https://media.formula1.com/d_driver_fallback_image.png/content/dam/fom-website/drivers/N/NICHUL01_Nico_Hulkenberg/nichul01.png.transform/1col/image.png
1409,9955,30,lawson,Liam LAWSON,LAW,Racing Bulls,#6C98FF,https://media.formula1.com/d_driver_fallback_image.png/content/dam/fom-website/drivers/L/LIALAW01_Liam_Lawson/lialaw01.png.transform/1col/image.png
1410,9955,31,ocon,Esteban OCON,OCO,Haas F1 Team,#9C9FA2,https://media.formula1.com/d_driver_fallback_image.png/content/dam/fom-website/drivers/E/ESTOCO01_Esteban_Ocon/estoco01.png.transform/1col/image.png
1411,9955,43,colapinto,Franco COLAPINTO,COL,Alpine,#00A1E8,
1412,9955,44,hamilton,Lewis HAMILTON,HAM,Ferrari,#ED1131,https://media.formula1.com/d_driver_fallback_image.png/content/dam/fom-website/drivers/L/LEWHAM01_Lewis_Hamilton/lewham01.png.transform/1col/image.png
1413,9955,55,sainz,Carlos SAINZ,SAI,Williams,#1868DB,https://media.formula1.com/d_driver_fallback_image.png/content/dam/fom-website/drivers/C/CARSAI01_Carlos_Sainz/carsai01.png.transform/1col/image.png
1414,9955,63,russell,George RUSSELL,RUS,Mercedes,#00D7B6,https://media.formula1.com/d_driver_fallback_image.png/content/dam/fom-website/drivers/G/GEORUS01_George_Russell/georus01.png.transform/1col/image.png
1415,9955,81,piastri,Oscar PIASTRI,PIA,McLaren,#F47600,https://media.formula1.com/d_driver_fallback_image.png/content/dam/fom-website/drivers/O/OSCPIA01_Oscar_Piastri/oscpia01.png.transform/1col/image.png
1416,9955,87,bearman,Oliver BEARMAN,BEA,Haas F1 Team,#9C9FA2,https://media.formula1.com/d_driver_fallback_image.png/content/dam/fom-website/drivers/O/OLIBEA01_Oliver_Bearman/olibea01.png.transform/1col/image.png
1417,9947,1,max_verstappen,Max VERSTAPPEN,VER,Red Bull Racing,#4781D7,https://media.formula1.com/d_driver_fallback_image.png/content/dam/fom-website/drivers/M/MAXVER01_Max_Verstappen/maxver01.png.transform/1col/image.png
1418,9947,4,norris,Lando NORRIS,NOR,McLaren,#F47600,https://media.formula1.com/d_driver_fallback_image.png/content/dam/fom-website/drivers/L/LANNOR01_Lando_Norris/lannor01.png.transform/1col/image.png
1419,9947,5,bortoleto,Gabriel BORTOLETO,BOR,Kick Sauber,#01C00E,https://media.formula1.com/d_driver_fallback_image.png/content/dam/fom-website/drivers/G/GABBOR01_Gabriel_Bortoleto/gabbor01.png.transform/1col/image.png
1420,9947,6,hadjar,Isack HADJAR,HAD,Racing Bulls,#6C98FF,https://media.formula1.com/d_driver_fallback_image.png/content/dam/fom-website/drivers/I/ISAHAD01_Isack_Hadjar/isahad01.png.transform/1col/image.png
1421,9947,10,gasly,Pierre GASLY,GAS,Alpine,#00A1E8,https://media.formula1.com/d_driver_fallback_image.png/content/dam/fom-website/drivers/P/PIEGAS01_Pierre_Gasly/piegas01.png.transform/1col/image.png
1422,9947,12,antonelli,Kimi ANTONELLI,ANT,Mercedes,#00D7B6,https://media.formula1.com/d_driver_fallback_image.png/content/dam/fom-website/drivers/A/ANDANT01_Andrea%20Kimi_Antonelli/andant01.png.transform/1col/image.png
1423,9947,14,alonso,Fernando ALONSO,ALO,Aston Martin,#229971,https://media.formula1.com/d_driver_fallback_image.png/content/dam/fom-website/drivers/F/FERALO01_Fernando_Alonso/feralo01.png.transform/1col/image.png
1424,9947,16,leclerc,Charles LECLERC,LEC,Ferrari,#ED1131,https://media.formula1.com/d_driver_fallback_image.png/content/dam/fom-website/drivers/C/CHALEC01_Charles_Leclerc/chalec01.png.transform/1col/image.png
1425,9947,18,stroll,Lance STROLL,STR,Aston Martin,#229971,https://media.formula1.com/d_driver_fallback_image.png/content/dam/fom-website/drivers/L/LANSTR01_Lance_Stroll/lanstr01.png.transform/1col/image.png
1426,9947,22,tsunoda,Yuki TSUNODA,TSU,Red Bull Racing,#4781D7,https://media.formula1.com/d_driver_fallback_image.png/content/dam/fom-website/drivers/Y/YUKTSU01_Yuki_Tsunoda/yuktsu01.png.transform/1col/image.png
1427,9947,23,albon,Alexander ALBON,ALB,Williams,#1868DB,https://media.formula1.com/d_driver_fallback_image.png/content/dam/fom-website/drivers/A/ALEALB01_Alexander_Albon/alealb01.png.transform/1col/image.png
1428,9947,27,hulkenberg,Nico HULKENBERG,HUL,Kick Sauber,#01C00E,https://media.formula1.com/d_driver_fallback_image.png/content/dam/fom-website/drivers/N/NICHUL01_Nico_Hulkenberg/nichul01.png.transform/1col/image.png
1429,9947,30,lawson,Liam LAWSON,LAW,Racing Bulls,#6C98FF,https://media.formula1.com/d_driver_fallback_image.png/content/dam/fom-website/drivers/L/LIALAW01_Liam_Lawson/lialaw01.png.transform/1col/image.png
1430,9947,31,ocon,Esteban OCON,OCO,Haas F1 Team,#9C9FA2,https://media.formula1.com/d_driver_fallback_image.png/content/dam/fom-website/drivers/E/ESTOCO01_Esteban_Ocon/estoco01.png.transform/1col/image.png
1431,9947,43,colapinto,Franco COLAPINTO,COL,Alpine,#00A1E8,
1432,9947,44,hamilton,Lewis HAMILTON,HAM,Ferrari,#ED1131,https://media.formula1.com/d_driver_fallback_image.png/content/dam/fom-website/drivers/L/LEWHAM01_Lewis_Hamilton/lewham01.png.transform/1col/image.png
1433,9947,55,sainz,Carlos SAINZ,SAI,Williams,#1868DB,https://media.formula1.com/d_driver_fallback_image.png/content/dam/fom-website/drivers/C/CARSAI01_Carlos_Sainz/carsai01.png.transform/1col/image.png
1434,9947,63,russell,George RUSSELL,RUS,Mercedes,#00D7B6,https://media.formula1.com/d_driver_fallback_image.png/content/dam/fom-website/drivers/G/GEORUS01_George_Russell/georus01.png.transform/1col/image.png
1435,9947,81,piastri,Oscar PIASTRI,PIA,McLaren,#F47600,https://media.formula1.com/d_driver_fallback_image.png/content/dam/fom-website/drivers/O/OSCPIA01_Oscar_Piastri/oscpia01.png.transform/1col/image.png
1436,9947,87,bearman,Oliver BEARMAN,BEA,Haas F1 Team,#9C9FA2,https://media.formula1.com/d_driver_fallback_image.png/content/dam/fom-website/drivers/O/OLIBEA01_Oliver_Bearman/olibea01.png.transform/1col/image.png
1437,9934,1,max_verstappen,Max VERSTAPPEN,VER,Red Bull Racing,#4781D7,https://media.formula1.com/d_driver_fallback_image.png/content/dam/fom-website/drivers/M/MAXVER01_Max_Verstappen/maxver01.png.transform/1col/image.png
1438,9934,4,norris,Lando NORRIS,NOR,McLaren,#F47600,https://media.formula1.com/d_driver_fallback_image.png/content/dam/fom-website/drivers/L/LANNOR01_Lando_Norris/lannor01.png.transform/1col/image.png
1439,9934,5,bortoleto,Gabriel BORTOLETO,BOR,Kick Sauber,#01C00E,https://media.formula1.com/d_driver_fallback_image.png/content/dam/fom-website/drivers/G/GABBOR01_Gabriel_Bortoleto/gabbor01.png.transform/1col/image.png
1440,9934,6,hadjar,Isack HADJAR,HAD,Racing Bulls,#6C98FF,https://media.formula1.com/d_driver_fallback_image.png/content/dam/fom-website/drivers/I/ISAHAD01_Isack_Hadjar/isahad01.png.transform/1col/image.png
1441,9934,10,gasly,Pierre GASLY,GAS,Alpine,#00A1E8,https://media.formula1.com/d_driver_fallback_image.png/content/dam/fom-website/drivers/P/PIEGAS01_Pierre_Gasly/piegas01.png.transform/1col/image.png
1442,9934,12,antonelli,Kimi ANTONELLI,ANT,Mercedes,#00D7B6,https://media.formula1.com/d_driver_fallback_image.png/content/dam/fom-website/drivers/A/ANDANT01_Andrea%20Kimi_Antonelli/andant01.png.transform/1col/image.png
1443,9934,14,alonso,Fernando ALONSO,ALO,Aston Martin,#229971,https://media.formula1.com/d_driver_fallback_image.png/content/dam/fom-website/drivers/F/FERALO01_Fernando_Alonso/feralo01.png.transform/1col/image.png
1444,9934,16,leclerc,Charles LECLERC,LEC,Ferrari,#ED1131,https://media.formula1.com/d_driver_fallback_image.png/content/dam/fom-website/drivers/C/CHALEC01_Charles_Leclerc/chalec01.png.transform/1col/image.png
1445,9934,18,stroll,Lance STROLL,STR,Aston Martin,#229971,https://media.formula1.com/d_driver_fallback_image.png/content/dam/fom-website/drivers/L/LANSTR01_Lance_Stroll/lanstr01.png.transform/1col/image.png
1446,9934,22,tsunoda,Yuki TSUNODA,TSU,Red Bull Racing,#4781D7,https://media.formula1.com/d_driver_fallback_image.png/content/dam/fom-website/drivers/Y/YUKTSU01_Yuki_Tsunoda/yuktsu01.png.transform/1col/image.png
1447,9934,23,albon,Alexander ALBON,ALB,Williams,#1868DB,https://media.formula1.com/d_driver_fallback_image.png/content/dam/fom-website/drivers/A/ALEALB01_Alexander_Albon/alealb01.png.transform/1col/image.png
1448,9934,27,hulkenberg,Nico HULKENBERG,HUL,Kick Sauber,#01C00E,https://media.formula1.com/d_driver_fallback_image.png/content/dam/fom-website/drivers/N/NICHUL01_Nico_Hulkenberg/nichul01.png.transform/1col/image.png
1449,9934,30,lawson,Liam LAWSON,LAW,Racing Bulls,#6C98FF,https://media.formula1.com/d_driver_fallback_image.png/content/dam/fom-website/drivers/L/LIALAW01_Liam_Lawson/lialaw01.png.transform/1col/image.png
1450,9934,31,ocon,Esteban OCON,OCO,Haas F1 Team,#9C9FA2,https://media.formula1.com/d_driver_fallback_image.png/content/dam/fom-website/drivers/E/ESTOCO01_Esteban_Ocon/estoco01.png.transform/1col/image.png
1451,9934,43,colapinto,Franco COLAPINTO,COL,Alpine,#00A1E8,
1452,9934,44,hamilton,Lewis HAMILTON,HAM,Ferrari,#ED1131,https://media.formula1.com/d_driver_fallback_image.png/content/dam/fom-website/drivers/L/LEWHAM01_Lewis_Hamilton/lewham01.png.transform/1col/image.png
1453,9934,55,sainz,Carlos SAINZ,SAI,Williams,#1868DB,https://media.formula1.com/d_driver_fallback_image.png/content/dam/fom-website/drivers/C/CARSAI01_Carlos_Sainz/carsai01.png.transform/1col/image.png
1454,9934,63,russell,George RUSSELL,RUS,Mercedes,#00D7B6,https://media.formula1.com/d_driver_fallback_image.png/content/dam/fom-website/drivers/G/GEORUS01_George_Russell/georus01.png.transform/1col/image.png
1455,9934,81,piastri,Oscar PIASTRI,PIA,McLaren,#F47600,https://media.formula1.com/d_driver_fallback_image.png/content/dam/fom-website/drivers/O/OSCPIA01_Oscar_Piastri/oscpia01.png.transform/1col/image.png
1456,9934,87,bearman,Oliver BEARMAN,BEA,Haas F1 Team,#9C9FA2,https://media.formula1.com/d_driver_fallback_image.png/content/dam/fom-website/drivers/O/OLIBEA01_Oliver_Bearman/olibea01.png.transform/1col/image.png
1457,9939,1,max_verstappen,Max VERSTAPPEN,VER,Red Bull Racing,#4781D7,https://media.formula1.com/d_driver_fallback_image.png/content/dam/fom-website/drivers/M/MAXVER01_Max_Verstappen/maxver01.png.transform/1col/image.png
1458,9939,4,norris,Lando NORRIS,NOR,McLaren,#F47600,https://media.formula1.com/d_driver_fallback_image.png/content/dam/fom-website/drivers/L/LANNOR01_Lando_Norris/lannor01.png.transform/1col/image.png
1459,9939,5,bortoleto,Gabriel BORTOLETO,BOR,Kick Sauber,#01C00E,https://media.formula1.com/d_driver_fallback_image.png/content/dam/fom-website/drivers/G/GABBOR01_Gabriel_Bortoleto/gabbor01.png.transform/1col/image.png
1460,9939,6,hadjar,Isack HADJAR,HAD,Racing Bulls,#6C98FF,https://media.formula1.com/d_driver_fallback_image.png/content/dam/fom-website/drivers/I/ISAHAD01_Isack_Hadjar/isahad01.png.transform/1col/image.png
1461,9939,10,gasly,Pierre GASLY,GAS,Alpine,#00A1E8,https://media.formula1.com/d_driver_fallback_image.png/content/dam/fom-website/drivers/P/PIEGAS01_Pierre_Gasly/piegas01.png.transform/1col/image.png
1462,9939,12,antonelli,Kimi ANTONELLI,ANT,Mercedes,#00D7B6,https://media.formula1.com/d_driver_fallback_image.png/content/dam/fom-website/drivers/A/ANDANT01_Andrea%20Kimi_Antonelli/andant01.png.transform/1col/image.png
1463,9939,14,alonso,Fernando ALONSO,ALO,Aston Martin,#229971,https://media.formula1.com/d_driver_fallback_image.png/content/dam/fom-website/drivers/F/FERALO01_Fernando_Alonso/feralo01.png.transform/1col/image.png
1464,9939,16,leclerc,Charles LECLERC,LEC,Ferrari,#ED1131,https://media.formula1.com/d_driver_fallback_image.png/content/dam/fom-website/drivers/C/CHALEC01_Charles_Leclerc/chalec01.png.transform/1col/image.png
1465,9939,18,stroll,Lance STROLL,STR,Aston Martin,#229971,https://media.formula1.com/d_driver_fallback_image.png/content/dam/fom-website/drivers/L/LANSTR01_Lance_Stroll/lanstr01.png.transform/1col/image.png
1466,9939,22,tsunoda,Yuki TSUNODA,TSU,Red Bull Racing,#4781D7,https://media.formula1.com/d_driver_fallback_image.png/content/dam/fom-website/drivers/Y/YUKTSU01_Yuki_Tsunoda/yuktsu01.png.transform/1col/image.png
1467,9939,23,albon,Alexander ALBON,ALB,Williams,#1868DB,https://media.formula1.com/d_driver_fallback_image.png/content/dam/fom-website/drivers/A/ALEALB01_Alexander_Albon/alealb01.png.transform/1col/image.png
1468,9939,27,hulkenberg,Nico HULKENBERG,HUL,Kick Sauber,#01C00E,https://media.formula1.com/d_driver_fallback_image.png/content/dam/fom-website/drivers/N/NICHUL01_Nico_Hulkenberg/nichul01.png.transform/1col/image.png
1469,9939,30,lawson,Liam LAWSON,LAW,Racing Bulls,#6C98FF,https://media.formula1.com/d_driver_fallback_image.png/content/dam/fom-website/drivers/L/LIALAW01_Liam_Lawson/lialaw01.png.transform/1col/image.png
1470,9939,31,ocon,Esteban OCON,OCO,Haas F1 Team,#9C9FA2,https://media.formula1.com/d_driver_fallback_image.png/content/dam/fom-website/drivers/E/ESTOCO01_Esteban_Ocon/estoco01.png.transform/1col/image.png
1471,9939,43,colapinto,Franco COLAPINTO,COL,Alpine,#00A1E8,
1472,9939,44,hamilton,Lewis HAMILTON,HAM,Ferrari,#ED1131,https://media.formula1.com/d_driver_fallback_image.png/content/dam/fom-website/drivers/L/LEWHAM01_Lewis_Hamilton/lewham01.png.transform/1col/image.png
1473,9939,55,sainz,Carlos SAINZ,SAI,Williams,#1868DB,https://media.formula1.com/d_driver_fallback_image.png/content/dam/fom-website/drivers/C/CARSAI01_Carlos_Sainz/carsai01.png.transform/1col/image.png
1474,9939,63,russell,George RUSSELL,RUS,Mercedes,#00D7B6,https://media.formula1.com/d_driver_fallback_image.png/content/dam/fom-website/drivers/G/GEORUS01_George_Russell/georus01.png.transform/1col/image.png
1475,9939,81,piastri,Oscar PIASTRI,PIA,McLaren,#F47600,https://media.formula1.com/d_driver_fallback_image.png/content/dam/fom-website/drivers/O/OSCPIA01_Oscar_Piastri/oscpia01.png.transform/1col/image.png
1476,9939,87,bearman,Oliver BEARMAN,BEA,Haas F1 Team,#9C9FA2,https://media.formula1.com/d_driver_fallback_image.png/content/dam/fom-website/drivers/O/OLIBEA01_Oliver_Bearman/olibea01.png.transform/1col/image.png
1477,9928,1,max_verstappen,Max VERSTAPPEN,VER,Red Bull Racing,#4781D7,https://media.formula1.com/d_driver_fallback_image.png/content/dam/fom-website/drivers/M/MAXVER01_Max_Verstappen/maxver01.png.transform/1col/image.png
1478,9928,4,norris,Lando NORRIS,NOR,McLaren,#F47600,https://media.formula1.com/d_driver_fallback_image.png/content/dam/fom-website/drivers/L/LANNOR01_Lando_Norris/lannor01.png.transform/1col/image.png
1479,9928,5,bortoleto,Gabriel BORTOLETO,BOR,Kick Sauber,#01C00E,https://media.formula1.com/d_driver_fallback_image.png/content/dam/fom-website/drivers/G/GABBOR01_Gabriel_Bortoleto/gabbor01.png.transform/1col/image.png
1480,9928,6,hadjar,Isack HADJAR,HAD,Racing Bulls,#6C98FF,https://media.formula1.com/d_driver_fallback_image.png/content/dam/fom-website/drivers/I/ISAHAD01_Isack_Hadjar/isahad01.png.transform/1col/image.png
1481,9928,10,gasly,Pierre GASLY,GAS,Alpine,#00A1E8,https://media.formula1.com/d_driver_fallback_image.png/content/dam/fom-website/drivers/P/PIEGAS01_Pierre_Gasly/piegas01.png.transform/1col/image.png
1482,9928,12,antonelli,Kimi ANTONELLI,ANT,Mercedes,#00D7B6,https://media.formula1.com/d_driver_fallback_image.png/content/dam/fom-website/drivers/A/ANDANT01_Andrea%20Kimi_Antonelli/andant01.png.transform/1col/image.png
1483,9928,14,alonso,Fernando ALONSO,ALO,Aston Martin,#229971,https://media.formula1.com/d_driver_fallback_image.png/content/dam/fom-website/drivers/F/FERALO01_Fernando_Alonso/feralo01.png.transform/1col/image.png
1484,9928,16,leclerc,Charles LECLERC,LEC,Ferrari,#ED1131,https://media.formula1.com/d_driver_fallback_image.png/content/dam/fom-website/drivers/C/CHALEC01_Charles_Leclerc/chalec01.png.transform/1col/image.png
1485,9928,18,stroll,Lance STROLL,STR,Aston Martin,#229971,https://media.formula1.com/d_driver_fallback_image.png/content/dam/fom-website/drivers/L/LANSTR01_Lance_Stroll/lanstr01.png.transform/1col/image.png
1486,9928,22,tsunoda,Yuki TSUNODA,TSU,Red Bull Racing,#4781D7,https://media.formula1.com/d_driver_fallback_image.png/content/dam/fom-website/drivers/Y/YUKTSU01_Yuki_Tsunoda/yuktsu01.png.transform/1col/image.png
1487,9928,23,albon,Alexander ALBON,ALB,Williams,#1868DB,https://media.formula1.com/d_driver_fallback_image.png/content/dam/fom-website/drivers/A/ALEALB01_Alexander_Albon/alealb01.png.transform/1col/image.png
1488,9928,27,hulkenberg,Nico HULKENBERG,HUL,Kick Sauber,#01C00E,https://media.formula1.com/d_driver_fallback_image.png/content/dam/fom-website/drivers/N/NICHUL01_Nico_Hulkenberg/nichul01.png.transform/1col/image.png
1489,9928,30,lawson,Liam LAWSON,LAW,Racing Bulls,#6C98FF,https://media.formula1.com/d_driver_fallback_image.png/content/dam/fom-website/drivers/L/LIALAW01_Liam_Lawson/lialaw01.png.transform/1col/image.png
1490,9928,31,ocon,Esteban OCON,OCO,Haas F1 Team,#9C9FA2,https://media.formula1.com/d_driver_fallback_image.png/content/dam/fom-website/drivers/E/ESTOCO01_Esteban_Ocon/estoco01.png.transform/1col/image.png
1491,9928,43,colapinto,Franco COLAPINTO,COL,Alpine,#00A1E8,
1492,9928,44,hamilton,Lewis HAMILTON,HAM,Ferrari,#ED1131,https://media.formula1.com/d_driver_fallback_image.png/content/dam/fom-website/drivers/L/LEWHAM01_Lewis_Hamilton/lewham01.png.transform/1col/image.png
1493,9928,55,sainz,Carlos SAINZ,SAI,Williams,#1868DB,https://media.formula1.com/d_driver_fallback_image.png/content/dam/fom-website/drivers/C/CARSAI01_Carlos_Sainz/carsai01.png.transform/1col/image.png
1494,9928,63,russell,George RUSSELL,RUS,Mercedes,#00D7B6,https://media.formula1.com/d_driver_fallback_image.png/content/dam/fom-website/drivers/G/GEORUS01_George_Russell/georus01.png.transform/1col/image.png
1495,9928,81,piastri,Oscar PIASTRI,PIA,McLaren,#F47600,https://media.formula1.com/d_driver_fallback_image.png/content/dam/fom-website/drivers/O/OSCPIA01_Oscar_Piastri/oscpia01.png.transform/1col/image.png
1496,9928,87,bearman,Oliver BEARMAN,BEA,Haas F1 Team,#9C9FA2,https://media.formula1.com/d_driver_fallback_image.png/content/dam/fom-website/drivers/O/OLIBEA01_Oliver_Bearman/olibea01.png.transform/1col/image.png
1497,9920,1,max_verstappen,Max VERSTAPPEN,VER,Red Bull Racing,#4781D7,https://media.formula1.com/d_driver_fallback_image.png/content/dam/fom-website/drivers/M/MAXVER01_Max_Verstappen/maxver01.png.transform/1col/image.png
1498,9920,4,norris,Lando NORRIS,NOR,McLaren,#F47600,https://media.formula1.com/d_driver_fallback_image.png/content/dam/fom-website/drivers/L/LANNOR01_Lando_Norris/lannor01.png.transform/1col/image.png
1499,9920,5,bortoleto,Gabriel BORTOLETO,BOR,Kick Sauber,#01C00E,https://media.formula1.com/d_driver_fallback_image.png/content/dam/fom-website/drivers/G/GABBOR01_Gabriel_Bortoleto/gabbor01.png.transform/1col/image.png
1500,9920,6,hadjar,Isack HADJAR,HAD,Racing Bulls,#6C98FF,https://media.formula1.com/d_driver_fallback_image.png/content/dam/fom-website/drivers/I/ISAHAD01_Isack_Hadjar/isahad01.png.transform/1col/image.png
1501,9920,10,gasly,Pierre GASLY,GAS,Alpine,#00A1E8,https://media.formula1.com/d_driver_fallback_image.png/content/dam/fom-website/drivers/P/PIEGAS01_Pierre_Gasly/piegas01.png.transform/1col/image.png
1502,9920,12,antonelli,Kimi ANTONELLI,ANT,Mercedes,#00D7B6,https://media.formula1.com/d_driver_fallback_image.png/content/dam/fom-website/drivers/A/ANDANT01_Andrea%20Kimi_Antonelli/andant01.png.transform/1col/image.png
1503,9920,14,alonso,Fernando ALONSO,ALO,Aston Martin,#229971,https://media.formula1.com/d_driver_fallback_image.png/content/dam/fom-website/drivers/F/FERALO01_Fernando_Alonso/feralo01.png.transform/1col/image.png
1504,9920,16,leclerc,Charles LECLERC,LEC,Ferrari,#ED1131,https://media.formula1.com/d_driver_fallback_image.png/content/dam/fom-website/drivers/C/CHALEC01_Charles_Leclerc/chalec01.png.transform/1col/image.png
1505,9920,18,stroll,Lance STROLL,STR,Aston Martin,#229971,https://media.formula1.com/d_driver_fallback_image.png/content/dam/fom-website/drivers/L/LANSTR01_Lance_Stroll/lanstr01.png.transform/1col/image.png
1506,9920,22,tsunoda,Yuki TSUNODA,TSU,Red Bull Racing,#4781D7,https://media.formula1.com/d_driver_fallback_image.png/content/dam/fom-website/drivers/Y/YUKTSU01_Yuki_Tsunoda/yuktsu01.png.transform/1col/image.png
1507,9920,23,albon,Alexander ALBON,ALB,Williams,#1868DB,https://media.formula1.com/d_driver_fallback_image.png/content/dam/fom-website/drivers/A/ALEALB01_Alexander_Albon/alealb01.png.transform/1col/image.png
1508,9920,27,hulkenberg,Nico HULKENBERG,HUL,Kick Sauber,#01C00E,https://media.formula1.com/d_driver_fallback_image.png/content/dam/fom-website/drivers/N/NICHUL01_Nico_Hulkenberg/nichul01.png.transform/1col/image.png
1509,9920,30,lawson,Liam LAWSON,LAW,Racing Bulls,#6C98FF,https://media.formula1.com/d_driver_fallback_image.png/content/dam/fom-website/drivers/L/LIALAW01_Liam_Lawson/lialaw01.png.transform/1col/image.png
1510,9920,31,ocon,Esteban OCON,OCO,Haas F1 Team,#9C9FA2,https://media.formula1.com/d_driver_fallback_image.png/content/dam/fom-website/drivers/E/ESTOCO01_Esteban_Ocon/estoco01.png.transform/1col/image.png
1511,9920,43,colapinto,Franco COLAPINTO,COL,Alpine,#00A1E8,
1512,9920,44,hamilton,Lewis HAMILTON,HAM,Ferrari,#ED1131,https://media.formula1.com/d_driver_fallback_image.png/content/dam/fom-website/drivers/L/LEWHAM01_Lewis_Hamilton/lewham01.png.transform/1col/image.png
1513,9920,55,sainz,Carlos SAINZ,SAI,Williams,#1868DB,https://media.formula1.com/d_driver_fallback_image.png/content/dam/fom-website/drivers/C/CARSAI01_Carlos_Sainz/carsai01.png.transform/1col/image.png
1514,9920,63,russell,George RUSSELL,RUS,Mercedes,#00D7B6,https://media.formula1.com/d_driver_fallback_image.png/content/dam/fom-website/drivers/G/GEORUS01_George_Russell/georus01.png.transform/1col/image.png
1515,9920,81,piastri,Oscar PIASTRI,PIA,McLaren,#F47600,https://media.formula1.com/d_driver_fallback_image.png/content/dam/fom-website/drivers/O/OSCPIA01_Oscar_Piastri/oscpia01.png.transform/1col/image.png
1516,9920,87,bearman,Oliver BEARMAN,BEA,Haas F1 Team,#9C9FA2,https://media.formula1.com/d_driver_fallback_image.png/content/dam/fom-website/drivers/O/OLIBEA01_Oliver_Bearman/olibea01.png.transform/1col/image.png
1517,9912,1,max_verstappen,Max VERSTAPPEN,VER,Red Bull Racing,#4781D7,https://media.formula1.com/d_driver_fallback_image.png/content/dam/fom-website/drivers/M/MAXVER01_Max_Verstappen/maxver01.png.transform/1col/image.png
1518,9912,4,norris,Lando NORRIS,NOR,McLaren,#F47600,https://media.formula1.com/d_driver_fallback_image.png/content/dam/fom-website/drivers/L/LANNOR01_Lando_Norris/lannor01.png.transform/1col/image.png
1519,9912,5,bortoleto,Gabriel BORTOLETO,BOR,Kick Sauber,#01C00E,https://media.formula1.com/d_driver_fallback_image.png/content/dam/fom-website/drivers/G/GABBOR01_Gabriel_Bortoleto/gabbor01.png.transform/1col/image.png
1520,9912,6,hadjar,Isack HADJAR,HAD,Racing Bulls,#6C98FF,https://media.formula1.com/d_driver_fallback_image.png/content/dam/fom-website/drivers/I/ISAHAD01_Isack_Hadjar/isahad01.png.transform/1col/image.png
1521,9912,10,gasly,Pierre GASLY,GAS,Alpine,#00A1E8,https://media.formula1.com/d_driver_fallback_image.png/content/dam/fom-website/drivers/P/PIEGAS01_Pierre_Gasly/piegas01.png.transform/1col/image.png
1522,9912,12,antonelli,Kimi ANTONELLI,ANT,Mercedes,#00D7B6,https://media.formula1.com/d_driver_fallback_image.png/content/dam/fom-website/drivers/A/ANDANT01_Andrea%20Kimi_Antonelli/andant01.png.transform/1col/image.png
1523,9912,14,alonso,Fernando ALONSO,ALO,Aston Martin,#229971,https://media.formula1.com/d_driver_fallback_image.png/content/dam/fom-website/drivers/F/FERALO01_Fernando_Alonso/feralo01.png.transform/1col/image.png
1524,9912,16,leclerc,Charles LECLERC,LEC,Ferrari,#ED1131,https://media.formula1.com/d_driver_fallback_image.png/content/dam/fom-website/drivers/C/CHALEC01_Charles_Leclerc/chalec01.png.transform/1col/image.png
1525,9912,18,stroll,Lance STROLL,STR,Aston Martin,#229971,https://media.formula1.com/d_driver_fallback_image.png/content/dam/fom-website/drivers/L/LANSTR01_Lance_Stroll/lanstr01.png.transform/1col/image.png
1526,9912,22,tsunoda,Yuki TSUNODA,TSU,Red Bull Racing,#4781D7,https://media.formula1.com/d_driver_fallback_image.png/content/dam/fom-website/drivers/Y/YUKTSU01_Yuki_Tsunoda/yuktsu01.png.transform/1col/image.png
1527,9912,23,albon,Alexander ALBON,ALB,Williams,#1868DB,https://media.formula1.com/d_driver_fallback_image.png/content/dam/fom-website/drivers/A/ALEALB01_Alexander_Albon/alealb01.png.transform/1col/image.png
1528,9912,27,hulkenberg,Nico HULKENBERG,HUL,Kick Sauber,#01C00E,https://media.formula1.com/d_driver_fallback_image.png/content/dam/fom-website/drivers/N/NICHUL01_Nico_Hulkenberg/nichul01.png.transform/1col/image.png
1529,9912,30,lawson,Liam LAWSON,LAW,Racing Bulls,#6C98FF,https://media.formula1.com/d_driver_fallback_image.png/content/dam/fom-website/drivers/L/LIALAW01_Liam_Lawson/lialaw01.png.transform/1col/image.png
1530,9912,31,ocon,Esteban OCON,OCO,Haas F1 Team,#9C9FA2,https://media.formula1.com/d_driver_fallback_image.png/content/dam/fom-website/drivers/E/ESTOCO01_Esteban_Ocon/estoco01.png.transform/1col/image.png
1531,9912,43,colapinto,Franco COLAPINTO,COL,Alpine,#00A1E8,
1532,9912,44,hamilton,Lewis HAMILTON,HAM,Ferrari,#ED1131,https://media.formula1.com/d_driver_fallback_image.png/content/dam/fom-website/drivers/L/LEWHAM01_Lewis_Hamilton/lewham01.png.transform/1col/image.png
1533,9912,55,sainz,Carlos SAINZ,SAI,Williams,#1868DB,https://media.formula1.com/d_driver_fallback_image.png/content/dam/fom-website/drivers/C/CARSAI01_Carlos_Sainz/carsai01.png.transform/1col/image.png
1534,9912,63,russell,George RUSSELL,RUS,Mercedes,#00D7B6,https://media.formula1.com/d_driver_fallback_image.png/content/dam/fom-website/drivers/G/GEORUS01_George_Russell/georus01.png.transform/1col/image.png
1535,9912,81,piastri,Oscar PIASTRI,PIA,McLaren,#F47600,https://media.formula1.com/d_driver_fallback_image.png/content/dam/fom-website/drivers/O/OSCPIA01_Oscar_Piastri/oscpia01.png.transform/1col/image.png
1536,9912,87,bearman,Oliver BEARMAN,BEA,Haas F1 Team,#9C9FA2,https://media.formula1.com/d_driver_fallback_image.png/content/dam/fom-website/drivers/O/OLIBEA01_Oliver_Bearman/olibea01.png.transform/1col/image.png
1537,9904,1,max_verstappen,Max VERSTAPPEN,VER,Red Bull Racing,#4781D7,https://media.formula1.com/d_driver_fallback_image.png/content/dam/fom-website/drivers/M/MAXVER01_Max_Verstappen/maxver01.png.transform/1col/image.png
1538,9904,4,norris,Lando NORRIS,NOR,McLaren,#F47600,https://media.formula1.com/d_driver_fallback_image.png/content/dam/fom-website/drivers/L/LANNOR01_Lando_Norris/lannor01.png.transform/1col/image.png
1539,9904,5,bortoleto,Gabriel BORTOLETO,BOR,Kick Sauber,#01C00E,https://media.formula1.com/d_driver_fallback_image.png/content/dam/fom-website/drivers/G/GABBOR01_Gabriel_Bortoleto/gabbor01.png.transform/1col/image.png
1540,9904,6,hadjar,Isack HADJAR,HAD,Racing Bulls,#6C98FF,https://media.formula1.com/d_driver_fallback_image.png/content/dam/fom-website/drivers/I/ISAHAD01_Isack_Hadjar/isahad01.png.transform/1col/image.png
1541,9904,10,gasly,Pierre GASLY,GAS,Alpine,#00A1E8,https://media.formula1.com/d_driver_fallback_image.png/content/dam/fom-website/drivers/P/PIEGAS01_Pierre_Gasly/piegas01.png.transform/1col/image.png
1542,9904,12,antonelli,Kimi ANTONELLI,ANT,Mercedes,#00D7B6,https://media.formula1.com/d_driver_fallback_image.png/content/dam/fom-website/drivers/A/ANDANT01_Andrea%20Kimi_Antonelli/andant01.png.transform/1col/image.png
1543,9904,14,alonso,Fernando ALONSO,ALO,Aston Martin,#229971,https://media.formula1.com/d_driver_fallback_image.png/content/dam/fom-website/drivers/F/FERALO01_Fernando_Alonso/feralo01.png.transform/1col/image.png
1544,9904,16,leclerc,Charles LECLERC,LEC,Ferrari,#ED1131,https://media.formula1.com/d_driver_fallback_image.png/content/dam/fom-website/drivers/C/CHALEC01_Charles_Leclerc/chalec01.png.transform/1col/image.png
1545,9904,18,stroll,Lance STROLL,STR,Aston Martin,#229971,https://media.formula1.com/d_driver_fallback_image.png/content/dam/fom-website/drivers/L/LANSTR01_Lance_Stroll/lanstr01.png.transform/1col/image.png
1546,9904,22,tsunoda,Yuki TSUNODA,TSU,Red Bull Racing,#4781D7,https://media.formula1.com/d_driver_fallback_image.png/content/dam/fom-website/drivers/Y/YUKTSU01_Yuki_Tsunoda/yuktsu01.png.transform/1col/image.png
1547,9904,23,albon,Alexander ALBON,ALB,Williams,#1868DB,https://media.formula1.com/d_driver_fallback_image.png/content/dam/fom-website/drivers/A/ALEALB01_Alexander_Albon/alealb01.png.transform/1col/image.png
1548,9904,27,hulkenberg,Nico HULKENBERG,HUL,Kick Sauber,#01C00E,https://media.formula1.com/d_driver_fallback_image.png/content/dam/fom-website/drivers/N/NICHUL01_Nico_Hulkenberg/nichul01.png.transform/1col/image.png
1549,9904,30,lawson,Liam LAWSON,LAW,Racing Bulls,#6C98FF,https://media.formula1.com/d_driver_fallback_image.png/content/dam/fom-website/drivers/L/LIALAW01_Liam_Lawson/lialaw01.png.transform/1col/image.png
1550,9904,31,ocon,Esteban OCON,OCO,Haas F1 Team,#9C9FA2,https://media.formula1.com/d_driver_fallback_image.png/content/dam/fom-website/drivers/E/ESTOCO01_Esteban_Ocon/estoco01.png.transform/1col/image.png
1551,9904,43,colapinto,Franco COLAPINTO,COL,Alpine,#00A1E8,
1552,9904,44,hamilton,Lewis HAMILTON,HAM,Ferrari,#ED1131,https://media.formula1.com/d_driver_fallback_image.png/content/dam/fom-website/drivers/L/LEWHAM01_Lewis_Hamilton/lewham01.png.transform/1col/image.png
1553,9904,55,sainz,Carlos SAINZ,SAI,Williams,#1868DB,https://media.formula1.com/d_driver_fallback_image.png/content/dam/fom-website/drivers/C/CARSAI01_Carlos_Sainz/carsai01.png.transform/1col/image.png
1554,9904,63,russell,George RUSSELL,RUS,Mercedes,#00D7B6,https://media.formula1.com/d_driver_fallback_image.png/content/dam/fom-website/drivers/G/GEORUS01_George_Russell/georus01.png.transform/1col/image.png
1555,9904,81,piastri,Oscar PIASTRI,PIA,McLaren,#F47600,https://media.formula1.com/d_driver_fallback_image.png/content/dam/fom-website/drivers/O/OSCPIA01_Oscar_Piastri/oscpia01.png.transform/1col/image.png
1556,9904,87,bearman,Oliver BEARMAN,BEA,Haas F1 Team,#9C9FA2,https://media.formula1.com/d_driver_fallback_image.png/content/dam/fom-website/drivers/O/OLIBEA01_Oliver_Bearman/olibea01.png.transform/1col/image.png
1557,9896,1,max_verstappen,Max VERSTAPPEN,VER,Red Bull Racing,#4781D7,https://media.formula1.com/d_driver_fallback_image.png/content/dam/fom-website/drivers/M/MAXVER01_Max_Verstappen/maxver01.png.transform/1col/image.png
1558,9896,4,norris,Lando NORRIS,NOR,McLaren,#F47600,https://media.formula1.com/d_driver_fallback_image.png/content/dam/fom-website/drivers/L/LANNOR01_Lando_Norris/lannor01.png.transform/1col/image.png
1559,9896,5,bortoleto,Gabriel BORTOLETO,BOR,Kick Sauber,#01C00E,https://media.formula1.com/d_driver_fallback_image.png/content/dam/fom-website/drivers/G/GABBOR01_Gabriel_Bortoleto/gabbor01.png.transform/1col/image.png
1560,9896,6,hadjar,Isack HADJAR,HAD,Racing Bulls,#6C98FF,https://media.formula1.com/d_driver_fallback_image.png/content/dam/fom-website/drivers/I/ISAHAD01_Isack_Hadjar/isahad01.png.transform/1col/image.png
1561,9896,10,gasly,Pierre GASLY,GAS,Alpine,#00A1E8,https://media.formula1.com/d_driver_fallback_image.png/content/dam/fom-website/drivers/P/PIEGAS01_Pierre_Gasly/piegas01.png.transform/1col/image.png
1562,9896,12,antonelli,Kimi ANTONELLI,ANT,Mercedes,#00D7B6,https://media.formula1.com/d_driver_fallback_image.png/content/dam/fom-website/drivers/A/ANDANT01_Andrea%20Kimi_Antonelli/andant01.png.transform/1col/image.png
1563,9896,14,alonso,Fernando ALONSO,ALO,Aston Martin,#229971,https://media.formula1.com/d_driver_fallback_image.png/content/dam/fom-website/drivers/F/FERALO01_Fernando_Alonso/feralo01.png.transform/1col/image.png
1564,9896,16,leclerc,Charles LECLERC,LEC,Ferrari,#ED1131,https://media.formula1.com/d_driver_fallback_image.png/content/dam/fom-website/drivers/C/CHALEC01_Charles_Leclerc/chalec01.png.transform/1col/image.png
1565,9896,18,stroll,Lance STROLL,STR,Aston Martin,#229971,https://media.formula1.com/d_driver_fallback_image.png/content/dam/fom-website/drivers/L/LANSTR01_Lance_Stroll/lanstr01.png.transform/1col/image.png
1566,9896,22,tsunoda,Yuki TSUNODA,TSU,Red Bull Racing,#4781D7,https://media.formula1.com/d_driver_fallback_image.png/content/dam/fom-website/drivers/Y/YUKTSU01_Yuki_Tsunoda/yuktsu01.png.transform/1col/image.png
1567,9896,23,albon,Alexander ALBON,ALB,Williams,#1868DB,https://media.formula1.com/d_driver_fallback_image.png/content/dam/fom-website/drivers/A/ALEALB01_Alexander_Albon/alealb01.png.transform/1col/image.png
1568,9896,27,hulkenberg,Nico HULKENBERG,HUL,Kick Sauber,#01C00E,https://media.formula1.com/d_driver_fallback_image.png/content/dam/fom-website/drivers/N/NICHUL01_Nico_Hulkenberg/nichul01.png.transform/1col/image.png
1569,9896,30,lawson,Liam LAWSON,LAW,Racing Bulls,#6C98FF,https://media.formula1.com/d_driver_fallback_image.png/content/dam/fom-website/drivers/L/LIALAW01_Liam_Lawson/lialaw01.png.transform/1col/image.png
1570,9896,31,ocon,Esteban OCON,OCO,Haas F1 Team,#9C9FA2,https://media.formula1.com/d_driver_fallback_image.png/content/dam/fom-website/drivers/E/ESTOCO01_Esteban_Ocon/estoco01.png.transform/1col/image.png
1571,9896,43,colapinto,Franco COLAPINTO,COL,Alpine,#00A1E8,
1572,9896,44,hamilton,Lewis HAMILTON,HAM,Ferrari,#ED1131,https://media.formula1.com/d_driver_fallback_image.png/content/dam/fom-website/drivers/L/LEWHAM01_Lewis_Hamilton/lewham01.png.transform/1col/image.png
1573,9896,55,sainz,Carlos SAINZ,SAI,Williams,#1868DB,https://media.formula1.com/d_driver_fallback_image.png/content/dam/fom-website/drivers/C/CARSAI01_Carlos_Sainz/carsai01.png.transform/1col/image.png
1574,9896,63,russell,George RUSSELL,RUS,Mercedes,#00D7B6,https://media.formula1.com/d_driver_fallback_image.png/content/dam/fom-website/drivers/G/GEORUS01_George_Russell/georus01.png.transform/1col/image.png
1575,9896,81,piastri,Oscar PIASTRI,PIA,McLaren,#F47600,https://media.formula1.com/d_driver_fallback_image.png/content/dam/fom-website/drivers/O/OSCPIA01_Oscar_Piastri/oscpia01.png.transform/1col/image.png
1576,9896,87,bearman,Oliver BEARMAN,BEA,Haas F1 Team,#9C9FA2,https://media.formula1.com/d_driver_fallback_image.png/content/dam/fom-website/drivers/O/OLIBEA01_Oliver_Bearman/olibea01.png.transform/1col/image.png
1577,9883,1,max_verstappen,Max VERSTAPPEN,VER,Red Bull Racing,#4781D7,https://media.formula1.com/d_driver_fallback_image.png/content/dam/fom-website/drivers/M/MAXVER01_Max_Verstappen/maxver01.png.transform/1col/image.png
1578,9883,4,norris,Lando NORRIS,NOR,McLaren,#F47600,https://media.formula1.com/d_driver_fallback_image.png/content/dam/fom-website/drivers/L/LANNOR01_Lando_Norris/lannor01.png.transform/1col/image.png
1579,9883,5,bortoleto,Gabriel BORTOLETO,BOR,Kick Sauber,#01C00E,https://media.formula1.com/d_driver_fallback_image.png/content/dam/fom-website/drivers/G/GABBOR01_Gabriel_Bortoleto/gabbor01.png.transform/1col/image.png
1580,9883,6,hadjar,Isack HADJAR,HAD,Racing Bulls,#6C98FF,https://media.formula1.com/d_driver_fallback_image.png/content/dam/fom-website/drivers/I/ISAHAD01_Isack_Hadjar/isahad01.png.transform/1col/image.png
1581,9883,10,gasly,Pierre GASLY,GAS,Alpine,#00A1E8,https://media.formula1.com/d_driver_fallback_image.png/content/dam/fom-website/drivers/P/PIEGAS01_Pierre_Gasly/piegas01.png.transform/1col/image.png
1582,9883,12,antonelli,Kimi ANTONELLI,ANT,Mercedes,#00D7B6,https://media.formula1.com/d_driver_fallback_image.png/content/dam/fom-website/drivers/A/ANDANT01_Andrea%20Kimi_Antonelli/andant01.png.transform/1col/image.png
1583,9883,14,alonso,Fernando ALONSO,ALO,Aston Martin,#229971,https://media.formula1.com/d_driver_fallback_image.png/content/dam/fom-website/drivers/F/FERALO01_Fernando_Alonso/feralo01.png.transform/1col/image.png
1584,9883,16,leclerc,Charles LECLERC,LEC,Ferrari,#ED1131,https://media.formula1.com/d_driver_fallback_image.png/content/dam/fom-website/drivers/C/CHALEC01_Charles_Leclerc/chalec01.png.transform/1col/image.png
1585,9883,18,stroll,Lance STROLL,STR,Aston Martin,#229971,https://media.formula1.com/d_driver_fallback_image.png/content/dam/fom-website/drivers/L/LANSTR01_Lance_Stroll/lanstr01.png.transform/1col/image.png
1586,9883,22,tsunoda,Yuki TSUNODA,TSU,Red Bull Racing,#4781D7,https://media.formula1.com/d_driver_fallback_image.png/content/dam/fom-website/drivers/Y/YUKTSU01_Yuki_Tsunoda/yuktsu01.png.transform/1col/image.png
1587,9883,23,albon,Alexander ALBON,ALB,Williams,#1868DB,https://media.formula1.com/d_driver_fallback_image.png/content/dam/fom-website/drivers/A/ALEALB01_Alexander_Albon/alealb01.png.transform/1col/image.png
1588,9883,27,hulkenberg,Nico HULKENBERG,HUL,Kick Sauber,#01C00E,https://media.formula1.com/d_driver_fallback_image.png/content/dam/fom-website/drivers/N/NICHUL01_Nico_Hulkenberg/nichul01.png.transform/1col/image.png
1589,9883,30,lawson,Liam LAWSON,LAW,Racing Bulls,#6C98FF,https://media.formula1.com/d_driver_fallback_image.png/content/dam/fom-website/drivers/L/LIALAW01_Liam_Lawson/lialaw01.png.transform/1col/image.png
1590,9883,31,ocon,Esteban OCON,OCO,Haas F1 Team,#9C9FA2,https://media.formula1.com/d_driver_fallback_image.png/content/dam/fom-website/drivers/E/ESTOCO01_Esteban_Ocon/estoco01.png.transform/1col/image.png
1591,9883,43,colapinto,Franco COLAPINTO,COL,Alpine,#00A1E8,
1592,9883,44,hamilton,Lewis HAMILTON,HAM,Ferrari,#ED1131,https://media.formula1.com/d_driver_fallback_image.png/content/dam/fom-website/drivers/L/LEWHAM01_Lewis_Hamilton/lewham01.png.transform/1col/image.png
1593,9883,55,sainz,Carlos SAINZ,SAI,Williams,#1868DB,https://media.formula1.com/d_driver_fallback_image.png/content/dam/fom-website/drivers/C/CARSAI01_Carlos_Sainz/carsai01.png.transform/1col/image.png
1594,9883,63,russell,George RUSSELL,RUS,Mercedes,#00D7B6,https://media.formula1.com/d_driver_fallback_image.png/content/dam/fom-website/drivers/G/GEORUS01_George_Russell/georus01.png.transform/1col/image.png
1595,9883,81,piastri,Oscar PIASTRI,PIA,McLaren,#F47600,https://media.formula1.com/d_driver_fallback_image.png/content/dam/fom-website/drivers/O/OSCPIA01_Oscar_Piastri/oscpia01.png.transform/1col/image.png
1596,9883,87,bearman,Oliver BEARMAN,BEA,Haas F1 Team,#9C9FA2,https://media.formula1.com/d_driver_fallback_image.png/content/dam/fom-website/drivers/O/OLIBEA01_Oliver_Bearman/olibea01.png.transform/1col/image.png
1597,9888,1,max_verstappen,Max VERSTAPPEN,VER,Red Bull Racing,#4781D7,https://media.formula1.com/d_driver_fallback_image.png/content/dam/fom-website/drivers/M/MAXVER01_Max_Verstappen/maxver01.png.transform/1col/image.png
1598,9888,4,norris,Lando NORRIS,NOR,McLaren,#F47600,https://media.formula1.com/d_driver_fallback_image.png/content/dam/fom-website/drivers/L/LANNOR01_Lando_Norris/lannor01.png.transform/1col/image.png
1599,9888,5,bortoleto,Gabriel BORTOLETO,BOR,Kick Sauber,#01C00E,https://media.formula1.com/d_driver_fallback_image.png/content/dam/fom-website/drivers/G/GABBOR01_Gabriel_Bortoleto/gabbor01.png.transform/1col/image.png
1600,9888,6,hadjar,Isack HADJAR,HAD,Racing Bulls,#6C98FF,https://media.formula1.com/d_driver_fallback_image.png/content/dam/fom-website/drivers/I/ISAHAD01_Isack_Hadjar/isahad01.png.transform/1col/image.png
1601,9888,10,gasly,Pierre GASLY,GAS,Alpine,#00A1E8,https://media.formula1.com/d_driver_fallback_image.png/content/dam/fom-website/drivers/P/PIEGAS01_Pierre_Gasly/piegas01.png.transform/1col/image.png
1602,9888,12,antonelli,Kimi ANTONELLI,ANT,Mercedes,#00D7B6,https://media.formula1.com/d_driver_fallback_image.png/content/dam/fom-website/drivers/A/ANDANT01_Andrea%20Kimi_Antonelli/andant01.png.transform/1col/image.png
1603,9888,14,alonso,Fernando ALONSO,ALO,Aston Martin,#229971,https://media.formula1.com/d_driver_fallback_image.png/content/dam/fom-website/drivers/F/FERALO01_Fernando_Alonso/feralo01.png.transform/1col/image.png
1604,9888,16,leclerc,Charles LECLERC,LEC,Ferrari,#ED1131,https://media.formula1.com/d_driver_fallback_image.png/content/dam/fom-website/drivers/C/CHALEC01_Charles_Leclerc/chalec01.png.transform/1col/image.png
1605,9888,18,stroll,Lance STROLL,STR,Aston Martin,#229971,https://media.formula1.com/d_driver_fallback_image.png/content/dam/fom-website/drivers/L/LANSTR01_Lance_Stroll/lanstr01.png.transform/1col/image.png
1606,9888,22,tsunoda,Yuki TSUNODA,TSU,Red Bull Racing,#4781D7,https://media.formula1.com/d_driver_fallback_image.png/content/dam/fom-website/drivers/Y/YUKTSU01_Yuki_Tsunoda/yuktsu01.png.transform/1col/image.png
1607,9888,23,albon,Alexander ALBON,ALB,Williams,#1868DB,https://media.formula1.com/d_driver_fallback_image.png/content/dam/fom-website/drivers/A/ALEALB01_Alexander_Albon/alealb01.png.transform/1col/image.png
1608,9888,27,hulkenberg,Nico HULKENBERG,HUL,Kick Sauber,#01C00E,https://media.formula1.com/d_driver_fallback_image.png/content/dam/fom-website/drivers/N/NICHUL01_Nico_Hulkenberg/nichul01.png.transform/1col/image.png
1609,9888,30,lawson,Liam LAWSON,LAW,Racing Bulls,#6C98FF,https://media.formula1.com/d_driver_fallback_image.png/content/dam/fom-website/drivers/L/LIALAW01_Liam_Lawson/lialaw01.png.transform/1col/image.png
1610,9888,31,ocon,Esteban OCON,OCO,Haas F1 Team,#9C9FA2,https://media.formula1.com/d_driver_fallback_image.png/content/dam/fom-website/drivers/E/ESTOCO01_Esteban_Ocon/estoco01.png.transform/1col/image.png
1611,9888,43,colapinto,Franco COLAPINTO,COL,Alpine,#00A1E8,
1612,9888,44,hamilton,Lewis HAMILTON,HAM,Ferrari,#ED1131,https://media.formula1.com/d_driver_fallback_image.png/content/dam/fom-website/drivers/L/LEWHAM01_Lewis_Hamilton/lewham01.png.transform/1col/image.png
1613,9888,55,sainz,Carlos SAINZ,SAI,Williams,#1868DB,https://media.formula1.com/d_driver_fallback_image.png/content/dam/fom-website/drivers/C/CARSAI01_Carlos_Sainz/carsai01.png.transform/1col/image.png
1614,9888,63,russell,George RUSSELL,RUS,Mercedes,#00D7B6,https://media.formula1.com/d_driver_fallback_image.png/content/dam/fom-website/drivers/G/GEORUS01_George_Russell/georus01.png.transform/1col/image.png
1615,9888,81,piastri,Oscar PIASTRI,PIA,McLaren,#F47600,https://media.formula1.com/d_driver_fallback_image.png/content/dam/fom-website/drivers/O/OSCPIA01_Oscar_Piastri/oscpia01.png.transform/1col/image.png
1616,9888,87,bearman,Oliver BEARMAN,BEA,Haas F1 Team,#9C9FA2,https://media.formula1.com/d_driver_fallback_image.png/content/dam/fom-website/drivers/O/OLIBEA01_Oliver_Bearman/olibea01.png.transform/1col/image.png
1617,9877,1,max_verstappen,Max VERSTAPPEN,VER,Red Bull Racing,#4781D7,https://media.formula1.com/d_driver_fallback_image.png/content/dam/fom-website/drivers/M/MAXVER01_Max_Verstappen/maxver01.png.transform/1col/image.png
1618,9877,4,norris,Lando NORRIS,NOR,McLaren,#F47600,https://media.formula1.com/d_driver_fallback_image.png/content/dam/fom-website/drivers/L/LANNOR01_Lando_Norris/lannor01.png.transform/1col/image.png
1619,9877,5,bortoleto,Gabriel BORTOLETO,BOR,Kick Sauber,#01C00E,https://media.formula1.com/d_driver_fallback_image.png/content/dam/fom-website/drivers/G/GABBOR01_Gabriel_Bortoleto/gabbor01.png.transform/1col/image.png
1620,9877,6,hadjar,Isack HADJAR,HAD,Racing Bulls,#6C98FF,https://media.formula1.com/d_driver_fallback_image.png/content/dam/fom-website/drivers/I/ISAHAD01_Isack_Hadjar/isahad01.png.transform/1col/image.png
1621,9877,10,gasly,Pierre GASLY,GAS,Alpine,#00A1E8,https://media.formula1.com/d_driver_fallback_image.png/content/dam/fom-website/drivers/P/PIEGAS01_Pierre_Gasly/piegas01.png.transform/1col/image.png
1622,9877,12,antonelli,Kimi ANTONELLI,ANT,Mercedes,#00D7B6,https://media.formula1.com/d_driver_fallback_image.png/content/dam/fom-website/drivers/A/ANDANT01_Andrea%20Kimi_Antonelli/andant01.png.transform/1col/image.png
1623,9877,14,alonso,Fernando ALONSO,ALO,Aston Martin,#229971,https://media.formula1.com/d_driver_fallback_image.png/content/dam/fom-website/drivers/F/FERALO01_Fernando_Alonso/feralo01.png.transform/1col/image.png
1624,9877,16,leclerc,Charles LECLERC,LEC,Ferrari,#ED1131,https://media.formula1.com/d_driver_fallback_image.png/content/dam/fom-website/drivers/C/CHALEC01_Charles_Leclerc/chalec01.png.transform/1col/image.png
1625,9877,18,stroll,Lance STROLL,STR,Aston Martin,#229971,https://media.formula1.com/d_driver_fallback_image.png/content/dam/fom-website/drivers/L/LANSTR01_Lance_Stroll/lanstr01.png.transform/1col/image.png
1626,9877,22,tsunoda,Yuki TSUNODA,TSU,Red Bull Racing,#4781D7,https://media.formula1.com/d_driver_fallback_image.png/content/dam/fom-website/drivers/Y/YUKTSU01_Yuki_Tsunoda/yuktsu01.png.transform/1col/image.png
1627,9877,23,albon,Alexander ALBON,ALB,Williams,#1868DB,https://media.formula1.com/d_driver_fallback_image.png/content/dam/fom-website/drivers/A/ALEALB01_Alexander_Albon/alealb01.png.transform/1col/image.png
1628,9877,27,hulkenberg,Nico HULKENBERG,HUL,Kick Sauber,#01C00E,https://media.formula1.com/d_driver_fallback_image.png/content/dam/fom-website/drivers/N/NICHUL01_Nico_Hulkenberg/nichul01.png.transform/1col/image.png
1629,9877,30,lawson,Liam LAWSON,LAW,Racing Bulls,#6C98FF,https://media.formula1.com/d_driver_fallback_image.png/content/dam/fom-website/drivers/L/LIALAW01_Liam_Lawson/lialaw01.png.transform/1col/image.png
1630,9877,31,ocon,Esteban OCON,OCO,Haas F1 Team,#9C9FA2,https://media.formula1.com/d_driver_fallback_image.png/content/dam/fom-website/drivers/E/ESTOCO01_Esteban_Ocon/estoco01.png.transform/1col/image.png
1631,9877,43,colapinto,Franco COLAPINTO,COL,Alpine,#00A1E8,
1632,9877,44,hamilton,Lewis HAMILTON,HAM,Ferrari,#ED1131,https://media.formula1.com/d_driver_fallback_image.png/content/dam/fom-website/drivers/L/LEWHAM01_Lewis_Hamilton/lewham01.png.transform/1col/image.png
1633,9877,55,sainz,Carlos SAINZ,SAI,Williams,#1868DB,https://media.formula1.com/d_driver_fallback_image.png/content/dam/fom-website/drivers/C/CARSAI01_Carlos_Sainz/carsai01.png.transform/1col/image.png
1634,9877,63,russell,George RUSSELL,RUS,Mercedes,#00D7B6,https://media.formula1.com/d_driver_fallback_image.png/content/dam/fom-website/drivers/G/GEORUS01_George_Russell/georus01.png.transform/1col/image.png
1635,9877,81,piastri,Oscar PIASTRI,PIA,McLaren,#F47600,https://media.formula1.com/d_driver_fallback_image.png/content/dam/fom-website/drivers/O/OSCPIA01_Oscar_Piastri/oscpia01.png.transform/1col/image.png
1636,9877,87,bearman,Oliver BEARMAN,BEA,Haas F1 Team,#9C9FA2,https://media.formula1.com/d_driver_fallback_image.png/content/dam/fom-website/drivers/O/OLIBEA01_Oliver_Bearman/olibea01.png.transform/1col/image.png
1637,9864,1,max_verstappen,Max VERSTAPPEN,VER,Red Bull Racing,#4781D7,https://media.formula1.com/d_driver_fallback_image.png/content/dam/fom-website/drivers/M/MAXVER01_Max_Verstappen/maxver01.png.transform/1col/image.png
1638,9864,4,norris,Lando NORRIS,NOR,McLaren,#F47600,https://media.formula1.com/d_driver_fallback_image.png/content/dam/fom-website/drivers/L/LANNOR01_Lando_Norris/lannor01.png.transform/1col/image.png
1639,9864,5,bortoleto,Gabriel BORTOLETO,BOR,Kick Sauber,#01C00E,https://media.formula1.com/d_driver_fallback_image.png/content/dam/fom-website/drivers/G/GABBOR01_Gabriel_Bortoleto/gabbor01.png.transform/1col/image.png
1640,9864,6,hadjar,Isack HADJAR,HAD,Racing Bulls,#6C98FF,https://media.formula1.com/d_driver_fallback_image.png/content/dam/fom-website/drivers/I/ISAHAD01_Isack_Hadjar/isahad01.png.transform/1col/image.png
1641,9864,10,gasly,Pierre GASLY,GAS,Alpine,#00A1E8,https://media.formula1.com/d_driver_fallback_image.png/content/dam/fom-website/drivers/P/PIEGAS01_Pierre_Gasly/piegas01.png.transform/1col/image.png
1642,9864,12,antonelli,Kimi ANTONELLI,ANT,Mercedes,#00D7B6,https://media.formula1.com/d_driver_fallback_image.png/content/dam/fom-website/drivers/A/ANDANT01_Andrea%20Kimi_Antonelli/andant01.png.transform/1col/image.png
1643,9864,14,alonso,Fernando ALONSO,ALO,Aston Martin,#229971,https://media.formula1.com/d_driver_fallback_image.png/content/dam/fom-website/drivers/F/FERALO01_Fernando_Alonso/feralo01.png.transform/1col/image.png
1644,9864,16,leclerc,Charles LECLERC,LEC,Ferrari,#ED1131,https://media.formula1.com/d_driver_fallback_image.png/content/dam/fom-website/drivers/C/CHALEC01_Charles_Leclerc/chalec01.png.transform/1col/image.png
1645,9864,18,stroll,Lance STROLL,STR,Aston Martin,#229971,https://media.formula1.com/d_driver_fallback_image.png/content/dam/fom-website/drivers/L/LANSTR01_Lance_Stroll/lanstr01.png.transform/1col/image.png
1646,9864,22,tsunoda,Yuki TSUNODA,TSU,Red Bull Racing,#4781D7,https://media.formula1.com/d_driver_fallback_image.png/content/dam/fom-website/drivers/Y/YUKTSU01_Yuki_Tsunoda/yuktsu01.png.transform/1col/image.png
1647,9864,23,albon,Alexander ALBON,ALB,Williams,#1868DB,https://media.formula1.com/d_driver_fallback_image.png/content/dam/fom-website/drivers/A/ALEALB01_Alexander_Albon/alealb01.png.transform/1col/image.png
1648,9864,27,hulkenberg,Nico HULKENBERG,HUL,Kick Sauber,#01C00E,https://media.formula1.com/d_driver_fallback_image.png/content/dam/fom-website/drivers/N/NICHUL01_Nico_Hulkenberg/nichul01.png.transform/1col/image.png
1649,9864,30,lawson,Liam LAWSON,LAW,Racing Bulls,#6C98FF,https://media.formula1.com/d_driver_fallback_image.png/content/dam/fom-website/drivers/L/LIALAW01_Liam_Lawson/lialaw01.png.transform/1col/image.png
1650,9864,31,ocon,Esteban OCON,OCO,Haas F1 Team,#9C9FA2,https://media.formula1.com/d_driver_fallback_image.png/content/dam/fom-website/drivers/E/ESTOCO01_Esteban_Ocon/estoco01.png.transform/1col/image.png
1651,9864,43,colapinto,Franco COLAPINTO,COL,Alpine,#00A1E8,
1652,9864,44,hamilton,Lewis HAMILTON,HAM,Ferrari,#ED1131,https://media.formula1.com/d_driver_fallback_image.png/content/dam/fom-website/drivers/L/LEWHAM01_Lewis_Hamilton/lewham01.png.transform/1col/image.png
1653,9864,55,sainz,Carlos SAINZ,SAI,Williams,#1868DB,https://media.formula1.com/d_driver_fallback_image.png/content/dam/fom-website/drivers/C/CARSAI01_Carlos_Sainz/carsai01.png.transform/1col/image.png
1654,9864,63,russell,George RUSSELL,RUS,Mercedes,#00D7B6,https://media.formula1.com/d_driver_fallback_image.png/content/dam/fom-website/drivers/G/GEORUS01_George_Russell/georus01.png.transform/1col/image.png
1655,9864,81,piastri,Oscar PIASTRI,PIA,McLaren,#F47600,https://media.formula1.com/d_driver_fallback_image.png/content/dam/fom-website/drivers/O/OSCPIA01_Oscar_Piastri/oscpia01.png.transform/1col/image.png
1656,9864,87,bearman,Oliver BEARMAN,BEA,Haas F1 Team,#9C9FA2,https://media.formula1.com/d_driver_fallback_image.png/content/dam/fom-website/drivers/O/OLIBEA01_Oliver_Bearman/olibea01.png.transform/1col/image.png
1657,9869,1,max_verstappen,Max VERSTAPPEN,VER,Red Bull Racing,#4781D7,https://media.formula1.com/d_driver_fallback_image.png/content/dam/fom-website/drivers/M/MAXVER01_Max_Verstappen/maxver01.png.transform/1col/image.png
1658,9869,4,norris,Lando NORRIS,NOR,McLaren,#F47600,https://media.formula1.com/d_driver_fallback_image.png/content/dam/fom-website/drivers/L/LANNOR01_Lando_Norris/lannor01.png.transform/1col/image.png
1659,9869,5,bortoleto,Gabriel BORTOLETO,BOR,Kick Sauber,#01C00E,https://media.formula1.com/d_driver_fallback_image.png/content/dam/fom-website/drivers/G/GABBOR01_Gabriel_Bortoleto/gabbor01.png.transform/1col/image.png
1660,9869,6,hadjar,Isack HADJAR,HAD,Racing Bulls,#6C98FF,https://media.formula1.com/d_driver_fallback_image.png/content/dam/fom-website/drivers/I/ISAHAD01_Isack_Hadjar/isahad01.png.transform/1col/image.png
1661,9869,10,gasly,Pierre GASLY,GAS,Alpine,#00A1E8,https://media.formula1.com/d_driver_fallback_image.png/content/dam/fom-website/drivers/P/PIEGAS01_Pierre_Gasly/piegas01.png.transform/1col/image.png
1662,9869,12,antonelli,Kimi ANTONELLI,ANT,Mercedes,#00D7B6,https://media.formula1.com/d_driver_fallback_image.png/content/dam/fom-website/drivers/A/ANDANT01_Andrea%20Kimi_Antonelli/andant01.png.transform/1col/image.png
1663,9869,14,alonso,Fernando ALONSO,ALO,Aston Martin,#229971,https://media.formula1.com/d_driver_fallback_image.png/content/dam/fom-website/drivers/F/FERALO01_Fernando_Alonso/feralo01.png.transform/1col/image.png
1664,9869,16,leclerc,Charles LECLERC,LEC,Ferrari,#ED1131,https://media.formula1.com/d_driver_fallback_image.png/content/dam/fom-website/drivers/C/CHALEC01_Charles_Leclerc/chalec01.png.transform/1col/image.png
1665,9869,18,stroll,Lance STROLL,STR,Aston Martin,#229971,https://media.formula1.com/d_driver_fallback_image.png/content/dam/fom-website/drivers/L/LANSTR01_Lance_Stroll/lanstr01.png.transform/1col/image.png
1666,9869,22,tsunoda,Yuki TSUNODA,TSU,Red Bull Racing,#4781D7,https://media.formula1.com/d_driver_fallback_image.png/content/dam/fom-website/drivers/Y/YUKTSU01_Yuki_Tsunoda/yuktsu01.png.transform/1col/image.png
1667,9869,23,albon,Alexander ALBON,ALB,Williams,#1868DB,https://media.formula1.com/d_driver_fallback_image.png/content/dam/fom-website/drivers/A/ALEALB01_Alexander_Albon/alealb01.png.transform/1col/image.png
1668,9869,27,hulkenberg,Nico HULKENBERG,HUL,Kick Sauber,#01C00E,https://media.formula1.com/d_driver_fallback_image.png/content/dam/fom-website/drivers/N/NICHUL01_Nico_Hulkenberg/nichul01.png.transform/1col/image.png
1669,9869,30,lawson,Liam LAWSON,LAW,Racing Bulls,#6C98FF,https://media.formula1.com/d_driver_fallback_image.png/content/dam/fom-website/drivers/L/LIALAW01_Liam_Lawson/lialaw01.png.transform/1col/image.png
1670,9869,31,ocon,Esteban OCON,OCO,Haas F1 Team,#9C9FA2,https://media.formula1.com/d_driver_fallback_image.png/content/dam/fom-website/drivers/E/ESTOCO01_Esteban_Ocon/estoco01.png.transform/1col/image.png
1671,9869,43,colapinto,Franco COLAPINTO,COL,Alpine,#00A1E8,
1672,9869,44,hamilton,Lewis HAMILTON,HAM,Ferrari,#ED1131,https://media.formula1.com/d_driver_fallback_image.png/content/dam/fom-website/drivers/L/LEWHAM01_Lewis_Hamilton/lewham01.png.transform/1col/image.png
1673,9869,55,sainz,Carlos SAINZ,SAI,Williams,#1868DB,https://media.formula1.com/d_driver_fallback_image.png/content/dam/fom-website/drivers/C/CARSAI01_Carlos_Sainz/carsai01.png.transform/1col/image.png
1674,9869,63,russell,George RUSSELL,RUS,Mercedes,#00D7B6,https://media.formula1.com/d_driver_fallback_image.png/content/dam/fom-website/drivers/G/GEORUS01_George_Russell/georus01.png.transform/1col/image.png
1675,9869,81,piastri,Oscar PIASTRI,PIA,McLaren,#F47600,https://media.formula1.com/d_driver_fallback_image.png/content/dam/fom-website/drivers/O/OSCPIA01_Oscar_Piastri/oscpia01.png.transform/1col/image.png
1676,9869,87,bearman,Oliver BEARMAN,BEA,Haas F1 Team,#9C9FA2,https://media.formula1.com/d_driver_fallback_image.png/content/dam/fom-website/drivers/O/OLIBEA01_Oliver_Bearman/olibea01.png.transform/1col/image.png
1677,9858,1,max_verstappen,Max VERSTAPPEN,VER,Red Bull Racing,#4781D7,https://media.formula1.com/d_driver_fallback_image.png/content/dam/fom-website/drivers/M/MAXVER01_Max_Verstappen/maxver01.png.transform/1col/image.png
1678,9858,4,norris,Lando NORRIS,NOR,McLaren,#F47600,https://media.formula1.com/d_driver_fallback_image.png/content/dam/fom-website/drivers/L/LANNOR01_Lando_Norris/lannor01.png.transform/1col/image.png
1679,9858,5,bortoleto,Gabriel BORTOLETO,BOR,Kick Sauber,#01C00E,https://media.formula1.com/d_driver_fallback_image.png/content/dam/fom-website/drivers/G/GABBOR01_Gabriel_Bortoleto/gabbor01.png.transform/1col/image.png
1680,9858,6,hadjar,Isack HADJAR,HAD,Racing Bulls,#6C98FF,https://media.formula1.com/d_driver_fallback_image.png/content/dam/fom-website/drivers/I/ISAHAD01_Isack_Hadjar/isahad01.png.transform/1col/image.png
1681,9858,10,gasly,Pierre GASLY,GAS,Alpine,#00A1E8,https://media.formula1.com/d_driver_fallback_image.png/content/dam/fom-website/drivers/P/PIEGAS01_Pierre_Gasly/piegas01.png.transform/1col/image.png
1682,9858,12,antonelli,Kimi ANTONELLI,ANT,Mercedes,#00D7B6,https://media.formula1.com/d_driver_fallback_image.png/content/dam/fom-website/drivers/A/ANDANT01_Andrea%20Kimi_Antonelli/andant01.png.transform/1col/image.png
1683,9858,14,alonso,Fernando ALONSO,ALO,Aston Martin,#229971,https://media.formula1.com/d_driver_fallback_image.png/content/dam/fom-website/drivers/F/FERALO01_Fernando_Alonso/feralo01.png.transform/1col/image.png
1684,9858,16,leclerc,Charles LECLERC,LEC,Ferrari,#ED1131,https://media.formula1.com/d_driver_fallback_image.png/content/dam/fom-website/drivers/C/CHALEC01_Charles_Leclerc/chalec01.png.transform/1col/image.png
1685,9858,18,stroll,Lance STROLL,STR,Aston Martin,#229971,https://media.formula1.com/d_driver_fallback_image.png/content/dam/fom-website/drivers/L/LANSTR01_Lance_Stroll/lanstr01.png.transform/1col/image.png
1686,9858,22,tsunoda,Yuki TSUNODA,TSU,Red Bull Racing,#4781D7,https://media.formula1.com/d_driver_fallback_image.png/content/dam/fom-website/drivers/Y/YUKTSU01_Yuki_Tsunoda/yuktsu01.png.transform/1col/image.png
1687,9858,23,albon,Alexander ALBON,ALB,Williams,#1868DB,https://media.formula1.com/d_driver_fallback_image.png/content/dam/fom-website/drivers/A/ALEALB01_Alexander_Albon/alealb01.png.transform/1col/image.png
1688,9858,27,hulkenberg,Nico HULKENBERG,HUL,Kick Sauber,#01C00E,https://media.formula1.com/d_driver_fallback_image.png/content/dam/fom-website/drivers/N/NICHUL01_Nico_Hulkenberg/nichul01.png.transform/1col/image.png
1689,9858,30,lawson,Liam LAWSON,LAW,Racing Bulls,#6C98FF,https://media.formula1.com/d_driver_fallback_image.png/content/dam/fom-website/drivers/L/LIALAW01_Liam_Lawson/lialaw01.png.transform/1col/image.png
1690,9858,31,ocon,Esteban OCON,OCO,Haas F1 Team,#9C9FA2,https://media.formula1.com/d_driver_fallback_image.png/content/dam/fom-website/drivers/E/ESTOCO01_Esteban_Ocon/estoco01.png.transform/1col/image.png
1691,9858,43,colapinto,Franco COLAPINTO,COL,Alpine,#00A1E8,
1692,9858,44,hamilton,Lewis HAMILTON,HAM,Ferrari,#ED1131,https://media.formula1.com/d_driver_fallback_image.png/content/dam/fom-website/drivers/L/LEWHAM01_Lewis_Hamilton/lewham01.png.transform/1col/image.png
1693,9858,55,sainz,Carlos SAINZ,SAI,Williams,#1868DB,https://media.formula1.com/d_driver_fallback_image.png/content/dam/fom-website/drivers/C/CARSAI01_Carlos_Sainz/carsai01.png.transform/1col/image.png
1694,9858,63,russell,George RUSSELL,RUS,Mercedes,#00D7B6,https://media.formula1.com/d_driver_fallback_image.png/content/dam/fom-website/drivers/G/GEORUS01_George_Russell/georus01.png.transform/1col/image.png
1695,9858,81,piastri,Oscar PIASTRI,PIA,McLaren,#F47600,https://media.formula1.com/d_driver_fallback_image.png/content/dam/fom-website/drivers/O/OSCPIA01_Oscar_Piastri/oscpia01.png.transform/1col/image.png
1696,9858,87,bearman,Oliver BEARMAN,BEA,Haas F1 Team,#9C9FA2,https://media.formula1.com/d_driver_fallback_image.png/content/dam/fom-website/drivers/O/OLIBEA01_Oliver_Bearman/olibea01.png.transform/1col/image.png
1697,9845,1,max_verstappen,Max VERSTAPPEN,VER,Red Bull Racing,#4781D7,https://media.formula1.com/d_driver_fallback_image.png/content/dam/fom-website/drivers/M/MAXVER01_Max_Verstappen/maxver01.png.transform/1col/image.png
1698,9845,4,norris,Lando NORRIS,NOR,McLaren,#F47600,https://media.formula1.com/d_driver_fallback_image.png/content/dam/fom-website/drivers/L/LANNOR01_Lando_Norris/lannor01.png.transform/1col/image.png
1699,9845,5,bortoleto,Gabriel BORTOLETO,BOR,Kick Sauber,#01C00E,https://media.formula1.com/d_driver_fallback_image.png/content/dam/fom-website/drivers/G/GABBOR01_Gabriel_Bortoleto/gabbor01.png.transform/1col/image.png
1700,9845,6,hadjar,Isack HADJAR,HAD,Racing Bulls,#6C98FF,https://media.formula1.com/d_driver_fallback_image.png/content/dam/fom-website/drivers/I/ISAHAD01_Isack_Hadjar/isahad01.png.transform/1col/image.png
1701,9845,10,gasly,Pierre GASLY,GAS,Alpine,#00A1E8,https://media.formula1.com/d_driver_fallback_image.png/content/dam/fom-website/drivers/P/PIEGAS01_Pierre_Gasly/piegas01.png.transform/1col/image.png
1702,9845,12,antonelli,Kimi ANTONELLI,ANT,Mercedes,#00D7B6,https://media.formula1.com/d_driver_fallback_image.png/content/dam/fom-website/drivers/A/ANDANT01_Andrea%20Kimi_Antonelli/andant01.png.transform/1col/image.png
1703,9845,14,alonso,Fernando ALONSO,ALO,Aston Martin,#229971,https://media.formula1.com/d_driver_fallback_image.png/content/dam/fom-website/drivers/F/FERALO01_Fernando_Alonso/feralo01.png.transform/1col/image.png
1704,9845,16,leclerc,Charles LECLERC,LEC,Ferrari,#ED1131,https://media.formula1.com/d_driver_fallback_image.png/content/dam/fom-website/drivers/C/CHALEC01_Charles_Leclerc/chalec01.png.transform/1col/image.png
1705,9845,18,stroll,Lance STROLL,STR,Aston Martin,#229971,https://media.formula1.com/d_driver_fallback_image.png/content/dam/fom-website/drivers/L/LANSTR01_Lance_Stroll/lanstr01.png.transform/1col/image.png
1706,9845,22,tsunoda,Yuki TSUNODA,TSU,Red Bull Racing,#4781D7,https://media.formula1.com/d_driver_fallback_image.png/content/dam/fom-website/drivers/Y/YUKTSU01_Yuki_Tsunoda/yuktsu01.png.transform/1col/image.png
1707,9845,23,albon,Alexander ALBON,ALB,Williams,#1868DB,https://media.formula1.com/d_driver_fallback_image.png/content/dam/fom-website/drivers/A/ALEALB01_Alexander_Albon/alealb01.png.transform/1col/image.png
1708,9845,27,hulkenberg,Nico HULKENBERG,HUL,Kick Sauber,#01C00E,https://media.formula1.com/d_driver_fallback_image.png/content/dam/fom-website/drivers/N/NICHUL01_Nico_Hulkenberg/nichul01.png.transform/1col/image.png
1709,9845,30,lawson,Liam LAWSON,LAW,Racing Bulls,#6C98FF,https://media.formula1.com/d_driver_fallback_image.png/content/dam/fom-website/drivers/L/LIALAW01_Liam_Lawson/lialaw01.png.transform/1col/image.png
1710,9845,31,ocon,Esteban OCON,OCO,Haas F1 Team,#9C9FA2,https://media.formula1.com/d_driver_fallback_image.png/content/dam/fom-website/drivers/E/ESTOCO01_Esteban_Ocon/estoco01.png.transform/1col/image.png
1711,9845,43,colapinto,Franco COLAPINTO,COL,Alpine,#00A1E8,
1712,9845,44,hamilton,Lewis HAMILTON,HAM,Ferrari,#ED1131,https://media.formula1.com/d_driver_fallback_image.png/content/dam/fom-website/drivers/L/LEWHAM01_Lewis_Hamilton/lewham01.png.transform/1col/image.png
1713,9845,55,sainz,Carlos SAINZ,SAI,Williams,#1868DB,https://media.formula1.com/d_driver_fallback_image.png/content/dam/fom-website/drivers/C/CARSAI01_Carlos_Sainz/carsai01.png.transform/1col/image.png
1714,9845,63,russell,George RUSSELL,RUS,Mercedes,#00D7B6,https://media.formula1.com/d_driver_fallback_image.png/content/dam/fom-website/drivers/G/GEORUS01_George_Russell/georus01.png.transform/1col/image.png
1715,9845,81,piastri,Oscar PIASTRI,PIA,McLaren,#F47600,https://media.formula1.com/d_driver_fallback_image.png/content/dam/fom-website/drivers/O/OSCPIA01_Oscar_Piastri/oscpia01.png.transform/1col/image.png
1716,9845,87,bearman,Oliver BEARMAN,BEA,Haas F1 Team,#9C9FA2,https://media.formula1.com/d_driver_fallback_image.png/content/dam/fom-website/drivers/O/OLIBEA01_Oliver_Bearman/olibea01.png.transform/1col/image.png
1717,9850,1,max_verstappen,Max VERSTAPPEN,VER,Red Bull Racing,#4781D7,https://media.formula1.com/d_driver_fallback_image.png/content/dam/fom-website/drivers/M/MAXVER01_Max_Verstappen/maxver01.png.transform/1col/image.png
1718,9850,4,norris,Lando NORRIS,NOR,McLaren,#F47600,https://media.formula1.com/d_driver_fallback_image.png/content/dam/fom-website/drivers/L/LANNOR01_Lando_Norris/lannor01.png.transform/1col/image.png
1719,9850,5,bortoleto,Gabriel BORTOLETO,BOR,Kick Sauber,#01C00E,https://media.formula1.com/d_driver_fallback_image.png/content/dam/fom-website/drivers/G/GABBOR01_Gabriel_Bortoleto/gabbor01.png.transform/1col/image.png
1720,9850,6,hadjar,Isack HADJAR,HAD,Racing Bulls,#6C98FF,https://media.formula1.com/d_driver_fallback_image.png/content/dam/fom-website/drivers/I/ISAHAD01_Isack_Hadjar/isahad01.png.transform/1col/image.png
1721,9850,10,gasly,Pierre GASLY,GAS,Alpine,#00A1E8,https://media.formula1.com/d_driver_fallback_image.png/content/dam/fom-website/drivers/P/PIEGAS01_Pierre_Gasly/piegas01.png.transform/1col/image.png
1722,9850,12,antonelli,Kimi ANTONELLI,ANT,Mercedes,#00D7B6,https://media.formula1.com/d_driver_fallback_image.png/content/dam/fom-website/drivers/A/ANDANT01_Andrea%20Kimi_Antonelli/andant01.png.transform/1col/image.png
1723,9850,14,alonso,Fernando ALONSO,ALO,Aston Martin,#229971,https://media.formula1.com/d_driver_fallback_image.png/content/dam/fom-website/drivers/F/FERALO01_Fernando_Alonso/feralo01.png.transform/1col/image.png
1724,9850,16,leclerc,Charles LECLERC,LEC,Ferrari,#ED1131,https://media.formula1.com/d_driver_fallback_image.png/content/dam/fom-website/drivers/C/CHALEC01_Charles_Leclerc/chalec01.png.transform/1col/image.png
1725,9850,18,stroll,Lance STROLL,STR,Aston Martin,#229971,https://media.formula1.com/d_driver_fallback_image.png/content/dam/fom-website/drivers/L/LANSTR01_Lance_Stroll/lanstr01.png.transform/1col/image.png
1726,9850,22,tsunoda,Yuki TSUNODA,TSU,Red Bull Racing,#4781D7,https://media.formula1.com/d_driver_fallback_image.png/content/dam/fom-website/drivers/Y/YUKTSU01_Yuki_Tsunoda/yuktsu01.png.transform/1col/image.png
1727,9850,23,albon,Alexander ALBON,ALB,Williams,#1868DB,https://media.formula1.com/d_driver_fallback_image.png/content/dam/fom-website/drivers/A/ALEALB01_Alexander_Albon/alealb01.png.transform/1col/image.png
1728,9850,27,hulkenberg,Nico HULKENBERG,HUL,Kick Sauber,#01C00E,https://media.formula1.com/d_driver_fallback_image.png/content/dam/fom-website/drivers/N/NICHUL01_Nico_Hulkenberg/nichul01.png.transform/1col/image.png
1729,9850,30,lawson,Liam LAWSON,LAW,Racing Bulls,#6C98FF,https://media.formula1.com/d_driver_fallback_image.png/content/dam/fom-website/drivers/L/LIALAW01_Liam_Lawson/lialaw01.png.transform/1col/image.png
1730,9850,31,ocon,Esteban OCON,OCO,Haas F1 Team,#9C9FA2,https://media.formula1.com/d_driver_fallback_image.png/content/dam/fom-website/drivers/E/ESTOCO01_Esteban_Ocon/estoco01.png.transform/1col/image.png
1731,9850,43,colapinto,Franco COLAPINTO,COL,Alpine,#00A1E8,
1732,9850,44,hamilton,Lewis HAMILTON,HAM,Ferrari,#ED1131,https://media.formula1.com/d_driver_fallback_image.png/content/dam/fom-website/drivers/L/LEWHAM01_Lewis_Hamilton/lewham01.png.transform/1col/image.png
1733,9850,55,sainz,Carlos SAINZ,SAI,Williams,#1868DB,https://media.formula1.com/d_driver_fallback_image.png/content/dam/fom-website/drivers/C/CARSAI01_Carlos_Sainz/carsai01.png.transform/1col/image.png
1734,9850,63,russell,George RUSSELL,RUS,Mercedes,#00D7B6,https://media.formula1.com/d_driver_fallback_image.png/content/dam/fom-website/drivers/G/GEORUS01_George_Russell/georus01.png.transform/1col/image.png
1735,9850,81,piastri,Oscar PIASTRI,PIA,McLaren,#F47600,https://media.formula1.com/d_driver_fallback_image.png/content/dam/fom-website/drivers/O/OSCPIA01_Oscar_Piastri/oscpia01.png.transform/1col/image.png
1736,9850,87,bearman,Oliver BEARMAN,BEA,Haas F1 Team,#9C9FA2,https://media.formula1.com/d_driver_fallback_image.png/content/dam/fom-website/drivers/O/OLIBEA01_Oliver_Bearman/olibea01.png.transform/1col/image.png
1737,9839,1,max_verstappen,Max VERSTAPPEN,VER,Red Bull Racing,#4781D7,https://media.formula1.com/d_driver_fallback_image.png/content/dam/fom-website/drivers/M/MAXVER01_Max_Verstappen/maxver01.png.transform/1col/image.png
1738,9839,4,norris,Lando NORRIS,NOR,McLaren,#F47600,https://media.formula1.com/d_driver_fallback_image.png/content/dam/fom-website/drivers/L/LANNOR01_Lando_Norris/lannor01.png.transform/1col/image.png
1739,9839,5,bortoleto,Gabriel BORTOLETO,BOR,Kick Sauber,#01C00E,https://media.formula1.com/d_driver_fallback_image.png/content/dam/fom-website/drivers/G/GABBOR01_Gabriel_Bortoleto/gabbor01.png.transform/1col/image.png
1740,9839,6,hadjar,Isack HADJAR,HAD,Racing Bulls,#6C98FF,https://media.formula1.com/d_driver_fallback_image.png/content/dam/fom-website/drivers/I/ISAHAD01_Isack_Hadjar/isahad01.png.transform/1col/image.png
1741,9839,10,gasly,Pierre GASLY,GAS,Alpine,#00A1E8,https://media.formula1.com/d_driver_fallback_image.png/content/dam/fom-website/drivers/P/PIEGAS01_Pierre_Gasly/piegas01.png.transform/1col/image.png
1742,9839,12,antonelli,Kimi ANTONELLI,ANT,Mercedes,#00D7B6,https://media.formula1.com/d_driver_fallback_image.png/content/dam/fom-website/drivers/A/ANDANT01_Andrea%20Kimi_Antonelli/andant01.png.transform/1col/image.png
1743,9839,14,alonso,Fernando ALONSO,ALO,Aston Martin,#229971,https://media.formula1.com/d_driver_fallback_image.png/content/dam/fom-website/drivers/F/FERALO01_Fernando_Alonso/feralo01.png.transform/1col/image.png
1744,9839,16,leclerc,Charles LECLERC,LEC,Ferrari,#ED1131,https://media.formula1.com/d_driver_fallback_image.png/content/dam/fom-website/drivers/C/CHALEC01_Charles_Leclerc/chalec01.png.transform/1col/image.png
1745,9839,18,stroll,Lance STROLL,STR,Aston Martin,#229971,https://media.formula1.com/d_driver_fallback_image.png/content/dam/fom-website/drivers/L/LANSTR01_Lance_Stroll/lanstr01.png.transform/1col/image.png
1746,9839,22,tsunoda,Yuki TSUNODA,TSU,Red Bull Racing,#4781D7,https://media.formula1.com/d_driver_fallback_image.png/content/dam/fom-website/drivers/Y/YUKTSU01_Yuki_Tsunoda/yuktsu01.png.transform/1col/image.png
1747,9839,23,albon,Alexander ALBON,ALB,Williams,#1868DB,https://media.formula1.com/d_driver_fallback_image.png/content/dam/fom-website/drivers/A/ALEALB01_Alexander_Albon/alealb01.png.transform/1col/image.png
1748,9839,27,hulkenberg,Nico HULKENBERG,HUL,Kick Sauber,#01C00E,https://media.formula1.com/d_driver_fallback_image.png/content/dam/fom-website/drivers/N/NICHUL01_Nico_Hulkenberg/nichul01.png.transform/1col/image.png
1749,9839,30,lawson,Liam LAWSON,LAW,Racing Bulls,#6C98FF,https://media.formula1.com/d_driver_fallback_image.png/content/dam/fom-website/drivers/L/LIALAW01_Liam_Lawson/lialaw01.png.transform/1col/image.png
1750,9839,31,ocon,Esteban OCON,OCO,Haas F1 Team,#9C9FA2,https://media.formula1.com/d_driver_fallback_image.png/content/dam/fom-website/drivers/E/ESTOCO01_Esteban_Ocon/estoco01.png.transform/1col/image.png
1751,9839,43,colapinto,Franco COLAPINTO,COL,Alpine,#00A1E8,
1752,9839,44,hamilton,Lewis HAMILTON,HAM,Ferrari,#ED1131,https://media.formula1.com/d_driver_fallback_image.png/content/dam/fom-website/drivers/L/LEWHAM01_Lewis_Hamilton/lewham01.png.transform/1col/image.png
1753,9839,55,sainz,Carlos SAINZ,SAI,Williams,#1868DB,https://media.formula1.com/d_driver_fallback_image.png/content/dam/fom-website/drivers/C/CARSAI01_Carlos_Sainz/carsai01.png.transform/1col/image.png
1754,9839,63,russell,George RUSSELL,RUS,Mercedes,#00D7B6,https://media.formula1.com/d_driver_fallback_image.png/content/dam/fom-website/drivers/G/GEORUS01_George_Russell/georus01.png.transform/1col/image.png
1755,9839,81,piastri,Oscar PIASTRI,PIA,McLaren,#F47600,https://media.formula1.com/d_driver_fallback_image.png/content/dam/fom-website/drivers/O/OSCPIA01_Oscar_Piastri/oscpia01.png.transform/1col/image.png
1756,9839,87,bearman,Oliver BEARMAN,BEA,Haas F1 Team,#9C9FA2,https://media.formula1.com/d_driver_fallback_image.png/content/dam/fom-website/drivers/O/OLIBEA01_Oliver_Bearman/olibea01.png.transform/1col/image.png
1757,11234,1,norris,Lando NORRIS,NOR,McLaren,#F47600,https://media.formula1.com/d_driver_fallback_image.png/content/dam/fom-website/drivers/L/LANNOR01_Lando_Norris/lannor01.png.transform/1col/image.png
1758,11234,3,max_verstappen,Max VERSTAPPEN,VER,Red Bull Racing,#4781D7,https://media.formula1.com/d_driver_fallback_image.png/content/dam/fom-website/drivers/M/MAXVER01_Max_Verstappen/maxver01.png.transform/1col/image.png
1759,11234,5,bortoleto,Gabriel BORTOLETO,BOR,Audi,#F50537,https://media.formula1.com/d_driver_fallback_image.png/content/dam/fom-website/drivers/G/GABBOR01_Gabriel_Bortoleto/gabbor01.png.transform/1col/image.png
1760,11234,6,hadjar,Isack HADJAR,HAD,Red Bull Racing,#4781D7,https://media.formula1.com/d_driver_fallback_image.png/content/dam/fom-website/drivers/I/ISAHAD01_Isack_Hadjar/isahad01.png.transform/1col/image.png
1761,11234,10,gasly,Pierre GASLY,GAS,Alpine,#00A1E8,https://media.formula1.com/d_driver_fallback_image.png/content/dam/fom-website/drivers/P/PIEGAS01_Pierre_Gasly/piegas01.png.transform/1col/image.png
1762,11234,11,perez,Sergio PEREZ,PER,Cadillac,#909090,https://media.formula1.com/d_driver_fallback_image.png/content/dam/fom-website/drivers/S/SERPER01_Sergio_Perez/serper01.png.transform/1col/image.png
1763,11234,12,antonelli,Kimi ANTONELLI,ANT,Mercedes,#00D7B6,https://media.formula1.com/d_driver_fallback_image.png/content/dam/fom-website/drivers/K/ANDANT01_Kimi_Antonelli/andant01.png.transform/1col/image.png
1764,11234,14,alonso,Fernando ALONSO,ALO,Aston Martin,#229971,https://media.formula1.com/d_driver_fallback_image.png/content/dam/fom-website/drivers/F/FERALO01_Fernando_Alonso/feralo01.png.transform/1col/image.png
1765,11234,16,leclerc,Charles LECLERC,LEC,Ferrari,#ED1131,https://media.formula1.com/d_driver_fallback_image.png/content/dam/fom-website/drivers/C/CHALEC01_Charles_Leclerc/chalec01.png.transform/1col/image.png
1766,11234,18,stroll,Lance STROLL,STR,Aston Martin,#229971,https://media.formula1.com/d_driver_fallback_image.png/content/dam/fom-website/drivers/L/LANSTR01_Lance_Stroll/lanstr01.png.transform/1col/image.png
1767,11234,23,albon,Alexander ALBON,ALB,Williams,#1868DB,https://media.formula1.com/d_driver_fallback_image.png/content/dam/fom-website/drivers/A/ALEALB01_Alexander_Albon/alealb01.png.transform/1col/image.png
1768,11234,27,hulkenberg,Nico HULKENBERG,HUL,Audi,#F50537,https://media.formula1.com/d_driver_fallback_image.png/content/dam/fom-website/drivers/N/NICHUL01_Nico_Hulkenberg/nichul01.png.transform/1col/image.png
1769,11234,30,lawson,Liam LAWSON,LAW,Racing Bulls,#6C98FF,https://media.formula1.com/d_driver_fallback_image.png/content/dam/fom-website/drivers/L/LIALAW01_Liam_Lawson/lialaw01.png.transform/1col/image.png
1770,11234,31,ocon,Esteban OCON,OCO,Haas F1 Team,#9C9FA2,https://media.formula1.com/d_driver_fallback_image.png/content/dam/fom-website/drivers/E/ESTOCO01_Esteban_Ocon/estoco01.png.transform/1col/image.png
1771,11234,41,arvid_lindblad,Arvid LINDBLAD,LIN,Racing Bulls,#6C98FF,https://media.formula1.com/d_driver_fallback_image.png/content/dam/fom-website/drivers/A/ARVLIN01_Arvid_Lindblad/arvlin01.png.transform/1col/image.png
1772,11234,43,colapinto,Franco COLAPINTO,COL,Alpine,#00A1E8,https://media.formula1.com/d_driver_fallback_image.png/content/dam/fom-website/drivers/F/FRACOL01_Franco_Colapinto/fracol01.png.transform/1col/image.png
1773,11234,44,hamilton,Lewis HAMILTON,HAM,Ferrari,#ED1131,https://media.formula1.com/d_driver_fallback_image.png/content/dam/fom-website/drivers/L/LEWHAM01_Lewis_Hamilton/lewham01.png.transform/1col/image.png
1774,11234,55,sainz,Carlos SAINZ,SAI,Williams,#1868DB,https://media.formula1.com/d_driver_fallback_image.png/content/dam/fom-website/drivers/C/CARSAI01_Carlos_Sainz/carsai01.png.transform/1col/image.png
1775,11234,63,russell,George RUSSELL,RUS,Mercedes,#00D7B6,https://media.formula1.com/d_driver_fallback_image.png/content/dam/fom-website/drivers/G/GEORUS01_George_Russell/georus01.png.transform/1col/image.png
1776,11234,77,bottas,Valtteri BOTTAS,BOT,Cadillac,#909090,https://media.formula1.com/d_driver_fallback_image.png/content/dam/fom-website/drivers/V/VALBOT01_Valtteri_Bottas/valbot01.png.transform/1col/image.png
1777,11234,81,piastri,Oscar PIASTRI,PIA,McLaren,#F47600,https://media.formula1.com/d_driver_fallback_image.png/content/dam/fom-website/drivers/O/OSCPIA01_Oscar_Piastri/oscpia01.png.transform/1col/image.png
1778,11234,87,bearman,Oliver BEARMAN,BEA,Haas F1 Team,#9C9FA2,https://media.formula1.com/d_driver_fallback_image.png/content/dam/fom-website/drivers/O/OLIBEA01_Oliver_Bearman/olibea01.png.transform/1col/image.png
1779,11240,1,norris,Lando NORRIS,NOR,McLaren,#F47600,https://media.formula1.com/d_driver_fallback_image.png/content/dam/fom-website/drivers/L/LANNOR01_Lando_Norris/lannor01.png.transform/1col/image.png
1780,11240,3,max_verstappen,Max VERSTAPPEN,VER,Red Bull Racing,#4781D7,https://media.formula1.com/d_driver_fallback_image.png/content/dam/fom-website/drivers/M/MAXVER01_Max_Verstappen/maxver01.png.transform/1col/image.png
1781,11240,5,bortoleto,Gabriel BORTOLETO,BOR,Audi,#F50537,https://media.formula1.com/d_driver_fallback_image.png/content/dam/fom-website/drivers/G/GABBOR01_Gabriel_Bortoleto/gabbor01.png.transform/1col/image.png
1782,11240,6,hadjar,Isack HADJAR,HAD,Red Bull Racing,#4781D7,https://media.formula1.com/d_driver_fallback_image.png/content/dam/fom-website/drivers/I/ISAHAD01_Isack_Hadjar/isahad01.png.transform/1col/image.png
1783,11240,10,gasly,Pierre GASLY,GAS,Alpine,#00A1E8,https://media.formula1.com/d_driver_fallback_image.png/content/dam/fom-website/drivers/P/PIEGAS01_Pierre_Gasly/piegas01.png.transform/1col/image.png
1784,11240,11,perez,Sergio PEREZ,PER,Cadillac,#909090,https://media.formula1.com/d_driver_fallback_image.png/content/dam/fom-website/drivers/S/SERPER01_Sergio_Perez/serper01.png.transform/1col/image.png
1785,11240,12,antonelli,Kimi ANTONELLI,ANT,Mercedes,#00D7B6,https://media.formula1.com/d_driver_fallback_image.png/content/dam/fom-website/drivers/K/ANDANT01_Kimi_Antonelli/andant01.png.transform/1col/image.png
1786,11240,14,alonso,Fernando ALONSO,ALO,Aston Martin,#229971,https://media.formula1.com/d_driver_fallback_image.png/content/dam/fom-website/drivers/F/FERALO01_Fernando_Alonso/feralo01.png.transform/1col/image.png
1787,11240,16,leclerc,Charles LECLERC,LEC,Ferrari,#ED1131,https://media.formula1.com/d_driver_fallback_image.png/content/dam/fom-website/drivers/C/CHALEC01_Charles_Leclerc/chalec01.png.transform/1col/image.png
1788,11240,18,stroll,Lance STROLL,STR,Aston Martin,#229971,https://media.formula1.com/d_driver_fallback_image.png/content/dam/fom-website/drivers/L/LANSTR01_Lance_Stroll/lanstr01.png.transform/1col/image.png
1789,11240,23,albon,Alexander ALBON,ALB,Williams,#1868DB,https://media.formula1.com/d_driver_fallback_image.png/content/dam/fom-website/drivers/A/ALEALB01_Alexander_Albon/alealb01.png.transform/1col/image.png
1790,11240,27,hulkenberg,Nico HULKENBERG,HUL,Audi,#F50537,https://media.formula1.com/d_driver_fallback_image.png/content/dam/fom-website/drivers/N/NICHUL01_Nico_Hulkenberg/nichul01.png.transform/1col/image.png
1791,11240,30,lawson,Liam LAWSON,LAW,Racing Bulls,#6C98FF,https://media.formula1.com/d_driver_fallback_image.png/content/dam/fom-website/drivers/L/LIALAW01_Liam_Lawson/lialaw01.png.transform/1col/image.png
1792,11240,31,ocon,Esteban OCON,OCO,Haas F1 Team,#9C9FA2,https://media.formula1.com/d_driver_fallback_image.png/content/dam/fom-website/drivers/E/ESTOCO01_Esteban_Ocon/estoco01.png.transform/1col/image.png
1793,11240,41,arvid_lindblad,Arvid LINDBLAD,LIN,Racing Bulls,#6C98FF,https://media.formula1.com/d_driver_fallback_image.png/content/dam/fom-website/drivers/A/ARVLIN01_Arvid_Lindblad/arvlin01.png.transform/1col/image.png
1794,11240,43,colapinto,Franco COLAPINTO,COL,Alpine,#00A1E8,https://media.formula1.com/d_driver_fallback_image.png/content/dam/fom-website/drivers/F/FRACOL01_Franco_Colapinto/fracol01.png.transform/1col/image.png
1795,11240,44,hamilton,Lewis HAMILTON,HAM,Ferrari,#ED1131,https://media.formula1.com/d_driver_fallback_image.png/content/dam/fom-website/drivers/L/LEWHAM01_Lewis_Hamilton/lewham01.png.transform/1col/image.png
1796,11240,55,sainz,Carlos SAINZ,SAI,Williams,#1868DB,https://media.formula1.com/d_driver_fallback_image.png/content/dam/fom-website/drivers/C/CARSAI01_Carlos_Sainz/carsai01.png.transform/1col/image.png
1797,11240,63,russell,George RUSSELL,RUS,Mercedes,#00D7B6,https://media.formula1.com/d_driver_fallback_image.png/content/dam/fom-website/drivers/G/GEORUS01_George_Russell/georus01.png.transform/1col/image.png
1798,11240,77,bottas,Valtteri BOTTAS,BOT,Cadillac,#909090,https://media.formula1.com/d_driver_fallback_image.png/content/dam/fom-website/drivers/V/VALBOT01_Valtteri_Bottas/valbot01.png.transform/1col/image.png
1799,11240,81,piastri,Oscar PIASTRI,PIA,McLaren,#F47600,https://media.formula1.com/d_driver_fallback_image.png/content/dam/fom-website/drivers/O/OSCPIA01_Oscar_Piastri/oscpia01.png.transform/1col/image.png
1800,11240,87,bearman,Oliver BEARMAN,BEA,Haas F1 Team,#9C9FA2,https://media.formula1.com/d_driver_fallback_image.png/content/dam/fom-website/drivers/O/OLIBEA01_Oliver_Bearman/olibea01.png.transform/1col/image.png
1801,11245,1,norris,Lando NORRIS,NOR,McLaren,#F47600,https://media.formula1.com/d_driver_fallback_image.png/content/dam/fom-website/drivers/L/LANNOR01_Lando_Norris/lannor01.png.transform/1col/image.png
1802,11245,3,max_verstappen,Max VERSTAPPEN,VER,Red Bull Racing,#4781D7,https://media.formula1.com/d_driver_fallback_image.png/content/dam/fom-website/drivers/M/MAXVER01_Max_Verstappen/maxver01.png.transform/1col/image.png
1803,11245,5,bortoleto,Gabriel BORTOLETO,BOR,Audi,#F50537,https://media.formula1.com/d_driver_fallback_image.png/content/dam/fom-website/drivers/G/GABBOR01_Gabriel_Bortoleto/gabbor01.png.transform/1col/image.png
1804,11245,6,hadjar,Isack HADJAR,HAD,Red Bull Racing,#4781D7,https://media.formula1.com/d_driver_fallback_image.png/content/dam/fom-website/drivers/I/ISAHAD01_Isack_Hadjar/isahad01.png.transform/1col/image.png
1805,11245,10,gasly,Pierre GASLY,GAS,Alpine,#00A1E8,https://media.formula1.com/d_driver_fallback_image.png/content/dam/fom-website/drivers/P/PIEGAS01_Pierre_Gasly/piegas01.png.transform/1col/image.png
1806,11245,11,perez,Sergio PEREZ,PER,Cadillac,#909090,https://media.formula1.com/d_driver_fallback_image.png/content/dam/fom-website/drivers/S/SERPER01_Sergio_Perez/serper01.png.transform/1col/image.png
1807,11245,12,antonelli,Kimi ANTONELLI,ANT,Mercedes,#00D7B6,https://media.formula1.com/d_driver_fallback_image.png/content/dam/fom-website/drivers/K/ANDANT01_Kimi_Antonelli/andant01.png.transform/1col/image.png
1808,11245,14,alonso,Fernando ALONSO,ALO,Aston Martin,#229971,https://media.formula1.com/d_driver_fallback_image.png/content/dam/fom-website/drivers/F/FERALO01_Fernando_Alonso/feralo01.png.transform/1col/image.png
1809,11245,16,leclerc,Charles LECLERC,LEC,Ferrari,#ED1131,https://media.formula1.com/d_driver_fallback_image.png/content/dam/fom-website/drivers/C/CHALEC01_Charles_Leclerc/chalec01.png.transform/1col/image.png
1810,11245,18,stroll,Lance STROLL,STR,Aston Martin,#229971,https://media.formula1.com/d_driver_fallback_image.png/content/dam/fom-website/drivers/L/LANSTR01_Lance_Stroll/lanstr01.png.transform/1col/image.png
1811,11245,23,albon,Alexander ALBON,ALB,Williams,#1868DB,https://media.formula1.com/d_driver_fallback_image.png/content/dam/fom-website/drivers/A/ALEALB01_Alexander_Albon/alealb01.png.transform/1col/image.png
1812,11245,27,hulkenberg,Nico HULKENBERG,HUL,Audi,#F50537,https://media.formula1.com/d_driver_fallback_image.png/content/dam/fom-website/drivers/N/NICHUL01_Nico_Hulkenberg/nichul01.png.transform/1col/image.png
1813,11245,30,lawson,Liam LAWSON,LAW,Racing Bulls,#6C98FF,https://media.formula1.com/d_driver_fallback_image.png/content/dam/fom-website/drivers/L/LIALAW01_Liam_Lawson/lialaw01.png.transform/1col/image.png
1814,11245,31,ocon,Esteban OCON,OCO,Haas F1 Team,#9C9FA2,https://media.formula1.com/d_driver_fallback_image.png/content/dam/fom-website/drivers/E/ESTOCO01_Esteban_Ocon/estoco01.png.transform/1col/image.png
1815,11245,41,arvid_lindblad,Arvid LINDBLAD,LIN,Racing Bulls,#6C98FF,https://media.formula1.com/d_driver_fallback_image.png/content/dam/fom-website/drivers/A/ARVLIN01_Arvid_Lindblad/arvlin01.png.transform/1col/image.png
1816,11245,43,colapinto,Franco COLAPINTO,COL,Alpine,#00A1E8,https://media.formula1.com/d_driver_fallback_image.png/content/dam/fom-website/drivers/F/FRACOL01_Franco_Colapinto/fracol01.png.transform/1col/image.png
1817,11245,44,hamilton,Lewis HAMILTON,HAM,Ferrari,#ED1131,https://media.formula1.com/d_driver_fallback_image.png/content/dam/fom-website/drivers/L/LEWHAM01_Lewis_Hamilton/lewham01.png.transform/1col/image.png
1818,11245,55,sainz,Carlos SAINZ,SAI,Williams,#1868DB,https://media.formula1.com/d_driver_fallback_image.png/content/dam/fom-website/drivers/C/CARSAI01_Carlos_Sainz/carsai01.png.transform/1col/image.png
1819,11245,63,russell,George RUSSELL,RUS,Mercedes,#00D7B6,https://media.formula1.com/d_driver_fallback_image.png/content/dam/fom-website/drivers/G/GEORUS01_George_Russell/georus01.png.transform/1col/image.png
1820,11245,77,bottas,Valtteri BOTTAS,BOT,Cadillac,#909090,https://media.formula1.com/d_driver_fallback_image.png/content/dam/fom-website/drivers/V/VALBOT01_Valtteri_Bottas/valbot01.png.transform/1col/image.png
1821,11245,81,piastri,Oscar PIASTRI,PIA,McLaren,#F47600,https://media.formula1.com/d_driver_fallback_image.png/content/dam/fom-website/drivers/O/OSCPIA01_Oscar_Piastri/oscpia01.png.transform/1col/image.png
1822,11245,87,bearman,Oliver BEARMAN,BEA,Haas F1 Team,#9C9FA2,https://media.formula1.com/d_driver_fallback_image.png/content/dam/fom-website/drivers/O/OLIBEA01_Oliver_Bearman/olibea01.png.transform/1col/image.png
1823,11253,1,norris,Lando NORRIS,NOR,McLaren,#F47600,https://media.formula1.com/d_driver_fallback_image.png/content/dam/fom-website/drivers/L/LANNOR01_Lando_Norris/lannor01.png.transform/1col/image.png
1824,11253,3,max_verstappen,Max VERSTAPPEN,VER,Red Bull Racing,#4781D7,https://media.formula1.com/d_driver_fallback_image.png/content/dam/fom-website/drivers/M/MAXVER01_Max_Verstappen/maxver01.png.transform/1col/image.png
1825,11253,5,bortoleto,Gabriel BORTOLETO,BOR,Audi,#F50537,https://media.formula1.com/d_driver_fallback_image.png/content/dam/fom-website/drivers/G/GABBOR01_Gabriel_Bortoleto/gabbor01.png.transform/1col/image.png
1826,11253,6,hadjar,Isack HADJAR,HAD,Red Bull Racing,#4781D7,https://media.formula1.com/d_driver_fallback_image.png/content/dam/fom-website/drivers/I/ISAHAD01_Isack_Hadjar/isahad01.png.transform/1col/image.png
1827,11253,10,gasly,Pierre GASLY,GAS,Alpine,#00A1E8,https://media.formula1.com/d_driver_fallback_image.png/content/dam/fom-website/drivers/P/PIEGAS01_Pierre_Gasly/piegas01.png.transform/1col/image.png
1828,11253,11,perez,Sergio PEREZ,PER,Cadillac,#909090,https://media.formula1.com/d_driver_fallback_image.png/content/dam/fom-website/drivers/S/SERPER01_Sergio_Perez/serper01.png.transform/1col/image.png
1829,11253,12,antonelli,Kimi ANTONELLI,ANT,Mercedes,#00D7B6,https://media.formula1.com/d_driver_fallback_image.png/content/dam/fom-website/drivers/K/ANDANT01_Kimi_Antonelli/andant01.png.transform/1col/image.png
1830,11253,14,alonso,Fernando ALONSO,ALO,Aston Martin,#229971,https://media.formula1.com/d_driver_fallback_image.png/content/dam/fom-website/drivers/F/FERALO01_Fernando_Alonso/feralo01.png.transform/1col/image.png
1831,11253,16,leclerc,Charles LECLERC,LEC,Ferrari,#ED1131,https://media.formula1.com/d_driver_fallback_image.png/content/dam/fom-website/drivers/C/CHALEC01_Charles_Leclerc/chalec01.png.transform/1col/image.png
1832,11253,18,stroll,Lance STROLL,STR,Aston Martin,#229971,https://media.formula1.com/d_driver_fallback_image.png/content/dam/fom-website/drivers/L/LANSTR01_Lance_Stroll/lanstr01.png.transform/1col/image.png
1833,11253,23,albon,Alexander ALBON,ALB,Williams,#1868DB,https://media.formula1.com/d_driver_fallback_image.png/content/dam/fom-website/drivers/A/ALEALB01_Alexander_Albon/alealb01.png.transform/1col/image.png
1834,11253,27,hulkenberg,Nico HULKENBERG,HUL,Audi,#F50537,https://media.formula1.com/d_driver_fallback_image.png/content/dam/fom-website/drivers/N/NICHUL01_Nico_Hulkenberg/nichul01.png.transform/1col/image.png
1835,11253,30,lawson,Liam LAWSON,LAW,Racing Bulls,#6C98FF,https://media.formula1.com/d_driver_fallback_image.png/content/dam/fom-website/drivers/L/LIALAW01_Liam_Lawson/lialaw01.png.transform/1col/image.png
1836,11253,31,ocon,Esteban OCON,OCO,Haas F1 Team,#9C9FA2,https://media.formula1.com/d_driver_fallback_image.png/content/dam/fom-website/drivers/E/ESTOCO01_Esteban_Ocon/estoco01.png.transform/1col/image.png
1837,11253,41,arvid_lindblad,Arvid LINDBLAD,LIN,Racing Bulls,#6C98FF,https://media.formula1.com/d_driver_fallback_image.png/content/dam/fom-website/drivers/A/ARVLIN01_Arvid_Lindblad/arvlin01.png.transform/1col/image.png
1838,11253,43,colapinto,Franco COLAPINTO,COL,Alpine,#00A1E8,https://media.formula1.com/d_driver_fallback_image.png/content/dam/fom-website/drivers/F/FRACOL01_Franco_Colapinto/fracol01.png.transform/1col/image.png
1839,11253,44,hamilton,Lewis HAMILTON,HAM,Ferrari,#ED1131,https://media.formula1.com/d_driver_fallback_image.png/content/dam/fom-website/drivers/L/LEWHAM01_Lewis_Hamilton/lewham01.png.transform/1col/image.png
1840,11253,55,sainz,Carlos SAINZ,SAI,Williams,#1868DB,https://media.formula1.com/d_driver_fallback_image.png/content/dam/fom-website/drivers/C/CARSAI01_Carlos_Sainz/carsai01.png.transform/1col/image.png
1841,11253,63,russell,George RUSSELL,RUS,Mercedes,#00D7B6,https://media.formula1.com/d_driver_fallback_image.png/content/dam/fom-website/drivers/G/GEORUS01_George_Russell/georus01.png.transform/1col/image.png
1842,11253,77,bottas,Valtteri BOTTAS,BOT,Cadillac,#909090,https://media.formula1.com/d_driver_fallback_image.png/content/dam/fom-website/drivers/V/VALBOT01_Valtteri_Bottas/valbot01.png.transform/1col/image.png
1843,11253,81,piastri,Oscar PIASTRI,PIA,McLaren,#F47600,https://media.formula1.com/d_driver_fallback_image.png/content/dam/fom-website/drivers/O/OSCPIA01_Oscar_Piastri/oscpia01.png.transform/1col/image.png
1844,11253,87,bearman,Oliver BEARMAN,BEA,Haas F1 Team,#9C9FA2,https://media.formula1.com/d_driver_fallback_image.png/content/dam/fom-website/drivers/O/OLIBEA01_Oliver_Bearman/olibea01.png.transform/1col/image.png
1845,11275,1,norris,Lando NORRIS,NOR,McLaren,#F47600,https://media.formula1.com/d_driver_fallback_image.png/content/dam/fom-website/drivers/L/LANNOR01_Lando_Norris/lannor01.png.transform/1col/image.png
1846,11275,3,max_verstappen,Max VERSTAPPEN,VER,Red Bull Racing,#4781D7,https://media.formula1.com/d_driver_fallback_image.png/content/dam/fom-website/drivers/M/MAXVER01_Max_Verstappen/maxver01.png.transform/1col/image.png
1847,11275,5,bortoleto,Gabriel BORTOLETO,BOR,Audi,#F50537,https://media.formula1.com/d_driver_fallback_image.png/content/dam/fom-website/drivers/G/GABBOR01_Gabriel_Bortoleto/gabbor01.png.transform/1col/image.png
1848,11275,6,hadjar,Isack HADJAR,HAD,Red Bull Racing,#4781D7,https://media.formula1.com/d_driver_fallback_image.png/content/dam/fom-website/drivers/I/ISAHAD01_Isack_Hadjar/isahad01.png.transform/1col/image.png
1849,11275,10,gasly,Pierre GASLY,GAS,Alpine,#00A1E8,https://media.formula1.com/d_driver_fallback_image.png/content/dam/fom-website/drivers/P/PIEGAS01_Pierre_Gasly/piegas01.png.transform/1col/image.png
1850,11275,11,perez,Sergio PEREZ,PER,Cadillac,#909090,https://media.formula1.com/d_driver_fallback_image.png/content/dam/fom-website/drivers/S/SERPER01_Sergio_Perez/serper01.png.transform/1col/image.png
1851,11275,12,antonelli,Kimi ANTONELLI,ANT,Mercedes,#00D7B6,https://media.formula1.com/d_driver_fallback_image.png/content/dam/fom-website/drivers/K/ANDANT01_Kimi_Antonelli/andant01.png.transform/1col/image.png
1852,11275,14,alonso,Fernando ALONSO,ALO,Aston Martin,#229971,https://media.formula1.com/d_driver_fallback_image.png/content/dam/fom-website/drivers/F/FERALO01_Fernando_Alonso/feralo01.png.transform/1col/image.png
1853,11275,16,leclerc,Charles LECLERC,LEC,Ferrari,#ED1131,https://media.formula1.com/d_driver_fallback_image.png/content/dam/fom-website/drivers/C/CHALEC01_Charles_Leclerc/chalec01.png.transform/1col/image.png
1854,11275,18,stroll,Lance STROLL,STR,Aston Martin,#229971,https://media.formula1.com/d_driver_fallback_image.png/content/dam/fom-website/drivers/L/LANSTR01_Lance_Stroll/lanstr01.png.transform/1col/image.png
1855,11275,23,albon,Alexander ALBON,ALB,Williams,#1868DB,https://media.formula1.com/d_driver_fallback_image.png/content/dam/fom-website/drivers/A/ALEALB01_Alexander_Albon/alealb01.png.transform/1col/image.png
1856,11275,27,hulkenberg,Nico HULKENBERG,HUL,Audi,#F50537,https://media.formula1.com/d_driver_fallback_image.png/content/dam/fom-website/drivers/N/NICHUL01_Nico_Hulkenberg/nichul01.png.transform/1col/image.png
1857,11275,30,lawson,Liam LAWSON,LAW,Racing Bulls,#6C98FF,https://media.formula1.com/d_driver_fallback_image.png/content/dam/fom-website/drivers/L/LIALAW01_Liam_Lawson/lialaw01.png.transform/1col/image.png
1858,11275,31,ocon,Esteban OCON,OCO,Haas F1 Team,#9C9FA2,https://media.formula1.com/d_driver_fallback_image.png/content/dam/fom-website/drivers/E/ESTOCO01_Esteban_Ocon/estoco01.png.transform/1col/image.png
1859,11275,41,arvid_lindblad,Arvid LINDBLAD,LIN,Racing Bulls,#6C98FF,https://media.formula1.com/d_driver_fallback_image.png/content/dam/fom-website/drivers/A/ARVLIN01_Arvid_Lindblad/arvlin01.png.transform/1col/image.png
1860,11275,43,colapinto,Franco COLAPINTO,COL,Alpine,#00A1E8,https://media.formula1.com/d_driver_fallback_image.png/content/dam/fom-website/drivers/F/FRACOL01_Franco_Colapinto/fracol01.png.transform/1col/image.png
1861,11275,44,hamilton,Lewis HAMILTON,HAM,Ferrari,#ED1131,https://media.formula1.com/d_driver_fallback_image.png/content/dam/fom-website/drivers/L/LEWHAM01_Lewis_Hamilton/lewham01.png.transform/1col/image.png
1862,11275,55,sainz,Carlos SAINZ,SAI,Williams,#1868DB,https://media.formula1.com/d_driver_fallback_image.png/content/dam/fom-website/drivers/C/CARSAI01_Carlos_Sainz/carsai01.png.transform/1col/image.png
1863,11275,63,russell,George RUSSELL,RUS,Mercedes,#00D7B6,https://media.formula1.com/d_driver_fallback_image.png/content/dam/fom-website/drivers/G/GEORUS01_George_Russell/georus01.png.transform/1col/image.png
1864,11275,77,bottas,Valtteri BOTTAS,BOT,Cadillac,#909090,https://media.formula1.com/d_driver_fallback_image.png/content/dam/fom-website/drivers/V/VALBOT01_Valtteri_Bottas/valbot01.png.transform/1col/image.png
1865,11275,81,piastri,Oscar PIASTRI,PIA,McLaren,#F47600,https://media.formula1.com/d_driver_fallback_image.png/content/dam/fom-website/drivers/O/OSCPIA01_Oscar_Piastri/oscpia01.png.transform/1col/image.png
1866,11275,87,bearman,Oliver BEARMAN,BEA,Haas F1 Team,#9C9FA2,https://media.formula1.com/d_driver_fallback_image.png/content/dam/fom-website/drivers/O/OLIBEA01_Oliver_Bearman/olibea01.png.transform/1col/image.png
1867,11280,1,norris,Lando NORRIS,NOR,McLaren,#F47600,https://media.formula1.com/d_driver_fallback_image.png/content/dam/fom-website/drivers/L/LANNOR01_Lando_Norris/lannor01.png.transform/1col/image.png
1868,11280,3,max_verstappen,Max VERSTAPPEN,VER,Red Bull Racing,#4781D7,https://media.formula1.com/d_driver_fallback_image.png/content/dam/fom-website/drivers/M/MAXVER01_Max_Verstappen/maxver01.png.transform/1col/image.png
1869,11280,5,bortoleto,Gabriel BORTOLETO,BOR,Audi,#F50537,https://media.formula1.com/d_driver_fallback_image.png/content/dam/fom-website/drivers/G/GABBOR01_Gabriel_Bortoleto/gabbor01.png.transform/1col/image.png
1870,11280,6,hadjar,Isack HADJAR,HAD,Red Bull Racing,#4781D7,https://media.formula1.com/d_driver_fallback_image.png/content/dam/fom-website/drivers/I/ISAHAD01_Isack_Hadjar/isahad01.png.transform/1col/image.png
1871,11280,10,gasly,Pierre GASLY,GAS,Alpine,#00A1E8,https://media.formula1.com/d_driver_fallback_image.png/content/dam/fom-website/drivers/P/PIEGAS01_Pierre_Gasly/piegas01.png.transform/1col/image.png
1872,11280,11,perez,Sergio PEREZ,PER,Cadillac,#909090,https://media.formula1.com/d_driver_fallback_image.png/content/dam/fom-website/drivers/S/SERPER01_Sergio_Perez/serper01.png.transform/1col/image.png
1873,11280,12,antonelli,Kimi ANTONELLI,ANT,Mercedes,#00D7B6,https://media.formula1.com/d_driver_fallback_image.png/content/dam/fom-website/drivers/K/ANDANT01_Kimi_Antonelli/andant01.png.transform/1col/image.png
1874,11280,14,alonso,Fernando ALONSO,ALO,Aston Martin,#229971,https://media.formula1.com/d_driver_fallback_image.png/content/dam/fom-website/drivers/F/FERALO01_Fernando_Alonso/feralo01.png.transform/1col/image.png
1875,11280,16,leclerc,Charles LECLERC,LEC,Ferrari,#ED1131,https://media.formula1.com/d_driver_fallback_image.png/content/dam/fom-website/drivers/C/CHALEC01_Charles_Leclerc/chalec01.png.transform/1col/image.png
1876,11280,18,stroll,Lance STROLL,STR,Aston Martin,#229971,https://media.formula1.com/d_driver_fallback_image.png/content/dam/fom-website/drivers/L/LANSTR01_Lance_Stroll/lanstr01.png.transform/1col/image.png
1877,11280,23,albon,Alexander ALBON,ALB,Williams,#1868DB,https://media.formula1.com/d_driver_fallback_image.png/content/dam/fom-website/drivers/A/ALEALB01_Alexander_Albon/alealb01.png.transform/1col/image.png
1878,11280,27,hulkenberg,Nico HULKENBERG,HUL,Audi,#F50537,https://media.formula1.com/d_driver_fallback_image.png/content/dam/fom-website/drivers/N/NICHUL01_Nico_Hulkenberg/nichul01.png.transform/1col/image.png
1879,11280,30,lawson,Liam LAWSON,LAW,Racing Bulls,#6C98FF,https://media.formula1.com/d_driver_fallback_image.png/content/dam/fom-website/drivers/L/LIALAW01_Liam_Lawson/lialaw01.png.transform/1col/image.png
1880,11280,31,ocon,Esteban OCON,OCO,Haas F1 Team,#9C9FA2,https://media.formula1.com/d_driver_fallback_image.png/content/dam/fom-website/drivers/E/ESTOCO01_Esteban_Ocon/estoco01.png.transform/1col/image.png
1881,11280,41,arvid_lindblad,Arvid LINDBLAD,LIN,Racing Bulls,#6C98FF,https://media.formula1.com/d_driver_fallback_image.png/content/dam/fom-website/drivers/A/ARVLIN01_Arvid_Lindblad/arvlin01.png.transform/1col/image.png
1882,11280,43,colapinto,Franco COLAPINTO,COL,Alpine,#00A1E8,https://media.formula1.com/d_driver_fallback_image.png/content/dam/fom-website/drivers/F/FRACOL01_Franco_Colapinto/fracol01.png.transform/1col/image.png
1883,11280,44,hamilton,Lewis HAMILTON,HAM,Ferrari,#ED1131,https://media.formula1.com/d_driver_fallback_image.png/content/dam/fom-website/drivers/L/LEWHAM01_Lewis_Hamilton/lewham01.png.transform/1col/image.png
1884,11280,55,sainz,Carlos SAINZ,SAI,Williams,#1868DB,https://media.formula1.com/d_driver_fallback_image.png/content/dam/fom-website/drivers/C/CARSAI01_Carlos_Sainz/carsai01.png.transform/1col/image.png
1885,11280,63,russell,George RUSSELL,RUS,Mercedes,#00D7B6,https://media.formula1.com/d_driver_fallback_image.png/content/dam/fom-website/drivers/G/GEORUS01_George_Russell/georus01.png.transform/1col/image.png
1886,11280,77,bottas,Valtteri BOTTAS,BOT,Cadillac,#909090,https://media.formula1.com/d_driver_fallback_image.png/content/dam/fom-website/drivers/V/VALBOT01_Valtteri_Bottas/valbot01.png.transform/1col/image.png
1887,11280,81,piastri,Oscar PIASTRI,PIA,McLaren,#F47600,https://media.formula1.com/d_driver_fallback_image.png/content/dam/fom-website/drivers/O/OSCPIA01_Oscar_Piastri/oscpia01.png.transform/1col/image.png
1888,11280,87,bearman,Oliver BEARMAN,BEA,Haas F1 Team,#9C9FA2,https://media.formula1.com/d_driver_fallback_image.png/content/dam/fom-website/drivers/O/OLIBEA01_Oliver_Bearman/olibea01.png.transform/1col/image.png
1889,11286,1,norris,Lando NORRIS,NOR,McLaren,#F47600,https://media.formula1.com/d_driver_fallback_image.png/content/dam/fom-website/drivers/L/LANNOR01_Lando_Norris/lannor01.png.transform/1col/image.png
1890,11286,3,max_verstappen,Max VERSTAPPEN,VER,Red Bull Racing,#4781D7,https://media.formula1.com/d_driver_fallback_image.png/content/dam/fom-website/drivers/M/MAXVER01_Max_Verstappen/maxver01.png.transform/1col/image.png
1891,11286,5,bortoleto,Gabriel BORTOLETO,BOR,Audi,#F50537,https://media.formula1.com/d_driver_fallback_image.png/content/dam/fom-website/drivers/G/GABBOR01_Gabriel_Bortoleto/gabbor01.png.transform/1col/image.png
1892,11286,6,hadjar,Isack HADJAR,HAD,Red Bull Racing,#4781D7,https://media.formula1.com/d_driver_fallback_image.png/content/dam/fom-website/drivers/I/ISAHAD01_Isack_Hadjar/isahad01.png.transform/1col/image.png
1893,11286,10,gasly,Pierre GASLY,GAS,Alpine,#00A1E8,https://media.formula1.com/d_driver_fallback_image.png/content/dam/fom-website/drivers/P/PIEGAS01_Pierre_Gasly/piegas01.png.transform/1col/image.png
1894,11286,11,perez,Sergio PEREZ,PER,Cadillac,#909090,https://media.formula1.com/d_driver_fallback_image.png/content/dam/fom-website/drivers/S/SERPER01_Sergio_Perez/serper01.png.transform/1col/image.png
1895,11286,12,antonelli,Kimi ANTONELLI,ANT,Mercedes,#00D7B6,https://media.formula1.com/d_driver_fallback_image.png/content/dam/fom-website/drivers/K/ANDANT01_Kimi_Antonelli/andant01.png.transform/1col/image.png
1896,11286,14,alonso,Fernando ALONSO,ALO,Aston Martin,#229971,https://media.formula1.com/d_driver_fallback_image.png/content/dam/fom-website/drivers/F/FERALO01_Fernando_Alonso/feralo01.png.transform/1col/image.png
1897,11286,16,leclerc,Charles LECLERC,LEC,Ferrari,#ED1131,https://media.formula1.com/d_driver_fallback_image.png/content/dam/fom-website/drivers/C/CHALEC01_Charles_Leclerc/chalec01.png.transform/1col/image.png
1898,11286,18,stroll,Lance STROLL,STR,Aston Martin,#229971,https://media.formula1.com/d_driver_fallback_image.png/content/dam/fom-website/drivers/L/LANSTR01_Lance_Stroll/lanstr01.png.transform/1col/image.png
1899,11286,23,albon,Alexander ALBON,ALB,Williams,#1868DB,https://media.formula1.com/d_driver_fallback_image.png/content/dam/fom-website/drivers/A/ALEALB01_Alexander_Albon/alealb01.png.transform/1col/image.png
1900,11286,27,hulkenberg,Nico HULKENBERG,HUL,Audi,#F50537,https://media.formula1.com/d_driver_fallback_image.png/content/dam/fom-website/drivers/N/NICHUL01_Nico_Hulkenberg/nichul01.png.transform/1col/image.png
1901,11286,30,lawson,Liam LAWSON,LAW,Racing Bulls,#6C98FF,https://media.formula1.com/d_driver_fallback_image.png/content/dam/fom-website/drivers/L/LIALAW01_Liam_Lawson/lialaw01.png.transform/1col/image.png
1902,11286,31,ocon,Esteban OCON,OCO,Haas F1 Team,#9C9FA2,https://media.formula1.com/d_driver_fallback_image.png/content/dam/fom-website/drivers/E/ESTOCO01_Esteban_Ocon/estoco01.png.transform/1col/image.png
1903,11286,41,arvid_lindblad,Arvid LINDBLAD,LIN,Racing Bulls,#6C98FF,https://media.formula1.com/d_driver_fallback_image.png/content/dam/fom-website/drivers/A/ARVLIN01_Arvid_Lindblad/arvlin01.png.transform/1col/image.png
1904,11286,43,colapinto,Franco COLAPINTO,COL,Alpine,#00A1E8,https://media.formula1.com/d_driver_fallback_image.png/content/dam/fom-website/drivers/F/FRACOL01_Franco_Colapinto/fracol01.png.transform/1col/image.png
1905,11286,44,hamilton,Lewis HAMILTON,HAM,Ferrari,#ED1131,https://media.formula1.com/d_driver_fallback_image.png/content/dam/fom-website/drivers/L/LEWHAM01_Lewis_Hamilton/lewham01.png.transform/1col/image.png
1906,11286,55,sainz,Carlos SAINZ,SAI,Williams,#1868DB,https://media.formula1.com/d_driver_fallback_image.png/content/dam/fom-website/drivers/C/CARSAI01_Carlos_Sainz/carsai01.png.transform/1col/image.png
1907,11286,63,russell,George RUSSELL,RUS,Mercedes,#00D7B6,https://media.formula1.com/d_driver_fallback_image.png/content/dam/fom-website/drivers/G/GEORUS01_George_Russell/georus01.png.transform/1col/image.png
1908,11286,77,bottas,Valtteri BOTTAS,BOT,Cadillac,#909090,https://media.formula1.com/d_driver_fallback_image.png/content/dam/fom-website/drivers/V/VALBOT01_Valtteri_Bottas/valbot01.png.transform/1col/image.png
1909,11286,81,piastri,Oscar PIASTRI,PIA,McLaren,#F47600,https://media.formula1.com/d_driver_fallback_image.png/content/dam/fom-website/drivers/O/OSCPIA01_Oscar_Piastri/oscpia01.png.transform/1col/image.png
1910,11286,87,bearman,Oliver BEARMAN,BEA,Haas F1 Team,#9C9FA2,https://media.formula1.com/d_driver_fallback_image.png/content/dam/fom-website/drivers/O/OLIBEA01_Oliver_Bearman/olibea01.png.transform/1col/image.png
1911,11291,1,norris,Lando NORRIS,NOR,McLaren,#F47600,https://media.formula1.com/d_driver_fallback_image.png/content/dam/fom-website/drivers/L/LANNOR01_Lando_Norris/lannor01.png.transform/1col/image.png
1912,11291,3,max_verstappen,Max VERSTAPPEN,VER,Red Bull Racing,#4781D7,https://media.formula1.com/d_driver_fallback_image.png/content/dam/fom-website/drivers/M/MAXVER01_Max_Verstappen/maxver01.png.transform/1col/image.png
1913,11291,5,bortoleto,Gabriel BORTOLETO,BOR,Audi,#F50537,https://media.formula1.com/d_driver_fallback_image.png/content/dam/fom-website/drivers/G/GABBOR01_Gabriel_Bortoleto/gabbor01.png.transform/1col/image.png
1914,11291,6,hadjar,Isack HADJAR,HAD,Red Bull Racing,#4781D7,https://media.formula1.com/d_driver_fallback_image.png/content/dam/fom-website/drivers/I/ISAHAD01_Isack_Hadjar/isahad01.png.transform/1col/image.png
1915,11291,10,gasly,Pierre GASLY,GAS,Alpine,#00A1E8,https://media.formula1.com/d_driver_fallback_image.png/content/dam/fom-website/drivers/P/PIEGAS01_Pierre_Gasly/piegas01.png.transform/1col/image.png
1916,11291,11,perez,Sergio PEREZ,PER,Cadillac,#909090,https://media.formula1.com/d_driver_fallback_image.png/content/dam/fom-website/drivers/S/SERPER01_Sergio_Perez/serper01.png.transform/1col/image.png
1917,11291,12,antonelli,Kimi ANTONELLI,ANT,Mercedes,#00D7B6,https://media.formula1.com/d_driver_fallback_image.png/content/dam/fom-website/drivers/K/ANDANT01_Kimi_Antonelli/andant01.png.transform/1col/image.png
1918,11291,14,alonso,Fernando ALONSO,ALO,Aston Martin,#229971,https://media.formula1.com/d_driver_fallback_image.png/content/dam/fom-website/drivers/F/FERALO01_Fernando_Alonso/feralo01.png.transform/1col/image.png
1919,11291,16,leclerc,Charles LECLERC,LEC,Ferrari,#ED1131,https://media.formula1.com/d_driver_fallback_image.png/content/dam/fom-website/drivers/C/CHALEC01_Charles_Leclerc/chalec01.png.transform/1col/image.png
1920,11291,18,stroll,Lance STROLL,STR,Aston Martin,#229971,https://media.formula1.com/d_driver_fallback_image.png/content/dam/fom-website/drivers/L/LANSTR01_Lance_Stroll/lanstr01.png.transform/1col/image.png
1921,11291,23,albon,Alexander ALBON,ALB,Williams,#1868DB,https://media.formula1.com/d_driver_fallback_image.png/content/dam/fom-website/drivers/A/ALEALB01_Alexander_Albon/alealb01.png.transform/1col/image.png
1922,11291,27,hulkenberg,Nico HULKENBERG,HUL,Audi,#F50537,https://media.formula1.com/d_driver_fallback_image.png/content/dam/fom-website/drivers/N/NICHUL01_Nico_Hulkenberg/nichul01.png.transform/1col/image.png
1923,11291,30,lawson,Liam LAWSON,LAW,Racing Bulls,#6C98FF,https://media.formula1.com/d_driver_fallback_image.png/content/dam/fom-website/drivers/L/LIALAW01_Liam_Lawson/lialaw01.png.transform/1col/image.png
1924,11291,31,ocon,Esteban OCON,OCO,Haas F1 Team,#9C9FA2,https://media.formula1.com/d_driver_fallback_image.png/content/dam/fom-website/drivers/E/ESTOCO01_Esteban_Ocon/estoco01.png.transform/1col/image.png
1925,11291,41,arvid_lindblad,Arvid LINDBLAD,LIN,Racing Bulls,#6C98FF,https://media.formula1.com/d_driver_fallback_image.png/content/dam/fom-website/drivers/A/ARVLIN01_Arvid_Lindblad/arvlin01.png.transform/1col/image.png
1926,11291,43,colapinto,Franco COLAPINTO,COL,Alpine,#00A1E8,https://media.formula1.com/d_driver_fallback_image.png/content/dam/fom-website/drivers/F/FRACOL01_Franco_Colapinto/fracol01.png.transform/1col/image.png
1927,11291,44,hamilton,Lewis HAMILTON,HAM,Ferrari,#ED1131,https://media.formula1.com/d_driver_fallback_image.png/content/dam/fom-website/drivers/L/LEWHAM01_Lewis_Hamilton/lewham01.png.transform/1col/image.png
1928,11291,55,sainz,Carlos SAINZ,SAI,Williams,#1868DB,https://media.formula1.com/d_driver_fallback_image.png/content/dam/fom-website/drivers/C/CARSAI01_Carlos_Sainz/carsai01.png.transform/1col/image.png
1929,11291,63,russell,George RUSSELL,RUS,Mercedes,#00D7B6,https://media.formula1.com/d_driver_fallback_image.png/content/dam/fom-website/drivers/G/GEORUS01_George_Russell/georus01.png.transform/1col/image.png
1930,11291,77,bottas,Valtteri BOTTAS,BOT,Cadillac,#909090,https://media.formula1.com/d_driver_fallback_image.png/content/dam/fom-website/drivers/V/VALBOT01_Valtteri_Bottas/valbot01.png.transform/1col/image.png
1931,11291,81,piastri,Oscar PIASTRI,PIA,McLaren,#F47600,https://media.formula1.com/d_driver_fallback_image.png/content/dam/fom-website/drivers/O/OSCPIA01_Oscar_Piastri/oscpia01.png.transform/1col/image.png
1932,11291,87,bearman,Oliver BEARMAN,BEA,Haas F1 Team,#9C9FA2,https://media.formula1.com/d_driver_fallback_image.png/content/dam/fom-website/drivers/O/OLIBEA01_Oliver_Bearman/olibea01.png.transform/1col/image.png
1933,11299,1,norris,Lando NORRIS,NOR,McLaren,#F47600,https://media.formula1.com/d_driver_fallback_image.png/content/dam/fom-website/drivers/L/LANNOR01_Lando_Norris/lannor01.png.transform/1col/image.png
1934,11299,3,max_verstappen,Max VERSTAPPEN,VER,Red Bull Racing,#4781D7,https://media.formula1.com/d_driver_fallback_image.png/content/dam/fom-website/drivers/M/MAXVER01_Max_Verstappen/maxver01.png.transform/1col/image.png
1935,11299,5,bortoleto,Gabriel BORTOLETO,BOR,Audi,#F50537,https://media.formula1.com/d_driver_fallback_image.png/content/dam/fom-website/drivers/G/GABBOR01_Gabriel_Bortoleto/gabbor01.png.transform/1col/image.png
1936,11299,6,hadjar,Isack HADJAR,HAD,Red Bull Racing,#4781D7,https://media.formula1.com/d_driver_fallback_image.png/content/dam/fom-website/drivers/I/ISAHAD01_Isack_Hadjar/isahad01.png.transform/1col/image.png
1937,11299,10,gasly,Pierre GASLY,GAS,Alpine,#00A1E8,https://media.formula1.com/d_driver_fallback_image.png/content/dam/fom-website/drivers/P/PIEGAS01_Pierre_Gasly/piegas01.png.transform/1col/image.png
1938,11299,11,perez,Sergio PEREZ,PER,Cadillac,#909090,https://media.formula1.com/d_driver_fallback_image.png/content/dam/fom-website/drivers/S/SERPER01_Sergio_Perez/serper01.png.transform/1col/image.png
1939,11299,12,antonelli,Kimi ANTONELLI,ANT,Mercedes,#00D7B6,https://media.formula1.com/d_driver_fallback_image.png/content/dam/fom-website/drivers/K/ANDANT01_Kimi_Antonelli/andant01.png.transform/1col/image.png
1940,11299,14,alonso,Fernando ALONSO,ALO,Aston Martin,#229971,https://media.formula1.com/d_driver_fallback_image.png/content/dam/fom-website/drivers/F/FERALO01_Fernando_Alonso/feralo01.png.transform/1col/image.png
1941,11299,16,leclerc,Charles LECLERC,LEC,Ferrari,#ED1131,https://media.formula1.com/d_driver_fallback_image.png/content/dam/fom-website/drivers/C/CHALEC01_Charles_Leclerc/chalec01.png.transform/1col/image.png
1942,11299,18,stroll,Lance STROLL,STR,Aston Martin,#229971,https://media.formula1.com/d_driver_fallback_image.png/content/dam/fom-website/drivers/L/LANSTR01_Lance_Stroll/lanstr01.png.transform/1col/image.png
1943,11299,23,albon,Alexander ALBON,ALB,Williams,#1868DB,https://media.formula1.com/d_driver_fallback_image.png/content/dam/fom-website/drivers/A/ALEALB01_Alexander_Albon/alealb01.png.transform/1col/image.png
1944,11299,27,hulkenberg,Nico HULKENBERG,HUL,Audi,#F50537,https://media.formula1.com/d_driver_fallback_image.png/content/dam/fom-website/drivers/N/NICHUL01_Nico_Hulkenberg/nichul01.png.transform/1col/image.png
1945,11299,30,lawson,Liam LAWSON,LAW,Racing Bulls,#6C98FF,https://media.formula1.com/d_driver_fallback_image.png/content/dam/fom-website/drivers/L/LIALAW01_Liam_Lawson/lialaw01.png.transform/1col/image.png
1946,11299,31,ocon,Esteban OCON,OCO,Haas F1 Team,#9C9FA2,https://media.formula1.com/d_driver_fallback_image.png/content/dam/fom-website/drivers/E/ESTOCO01_Esteban_Ocon/estoco01.png.transform/1col/image.png
1947,11299,41,arvid_lindblad,Arvid LINDBLAD,LIN,Racing Bulls,#6C98FF,https://media.formula1.com/d_driver_fallback_image.png/content/dam/fom-website/drivers/A/ARVLIN01_Arvid_Lindblad/arvlin01.png.transform/1col/image.png
1948,11299,43,colapinto,Franco COLAPINTO,COL,Alpine,#00A1E8,https://media.formula1.com/d_driver_fallback_image.png/content/dam/fom-website/drivers/F/FRACOL01_Franco_Colapinto/fracol01.png.transform/1col/image.png
1949,11299,44,hamilton,Lewis HAMILTON,HAM,Ferrari,#ED1131,https://media.formula1.com/d_driver_fallback_image.png/content/dam/fom-website/drivers/L/LEWHAM01_Lewis_Hamilton/lewham01.png.transform/1col/image.png
1950,11299,55,sainz,Carlos SAINZ,SAI,Williams,#1868DB,https://media.formula1.com/d_driver_fallback_image.png/content/dam/fom-website/drivers/C/CARSAI01_Carlos_Sainz/carsai01.png.transform/1col/image.png
1951,11299,63,russell,George RUSSELL,RUS,Mercedes,#00D7B6,https://media.formula1.com/d_driver_fallback_image.png/content/dam/fom-website/drivers/G/GEORUS01_George_Russell/georus01.png.transform/1col/image.png
1952,11299,77,bottas,Valtteri BOTTAS,BOT,Cadillac,#909090,https://media.formula1.com/d_driver_fallback_image.png/content/dam/fom-website/drivers/V/VALBOT01_Valtteri_Bottas/valbot01.png.transform/1col/image.png
1953,11299,81,piastri,Oscar PIASTRI,PIA,McLaren,#F47600,https://media.formula1.com/d_driver_fallback_image.png/content/dam/fom-website/drivers/O/OSCPIA01_Oscar_Piastri/oscpia01.png.transform/1col/image.png
1954,11299,87,bearman,Oliver BEARMAN,BEA,Haas F1 Team,#9C9FA2,https://media.formula1.com/d_driver_fallback_image.png/content/dam/fom-website/drivers/O/OLIBEA01_Oliver_Bearman/olibea01.png.transform/1col/image.png
1955,11307,1,norris,Lando NORRIS,NOR,McLaren,#F47600,https://media.formula1.com/d_driver_fallback_image.png/content/dam/fom-website/drivers/L/LANNOR01_Lando_Norris/lannor01.png.transform/1col/image.png
1956,11307,3,max_verstappen,Max VERSTAPPEN,VER,Red Bull Racing,#4781D7,https://media.formula1.com/d_driver_fallback_image.png/content/dam/fom-website/drivers/M/MAXVER01_Max_Verstappen/maxver01.png.transform/1col/image.png
1957,11307,5,bortoleto,Gabriel BORTOLETO,BOR,Audi,#F50537,https://media.formula1.com/d_driver_fallback_image.png/content/dam/fom-website/drivers/G/GABBOR01_Gabriel_Bortoleto/gabbor01.png.transform/1col/image.png
1958,11307,6,hadjar,Isack HADJAR,HAD,Red Bull Racing,#4781D7,https://media.formula1.com/d_driver_fallback_image.png/content/dam/fom-website/drivers/I/ISAHAD01_Isack_Hadjar/isahad01.png.transform/1col/image.png
1959,11307,10,gasly,Pierre GASLY,GAS,Alpine,#00A1E8,https://media.formula1.com/d_driver_fallback_image.png/content/dam/fom-website/drivers/P/PIEGAS01_Pierre_Gasly/piegas01.png.transform/1col/image.png
1960,11307,11,perez,Sergio PEREZ,PER,Cadillac,#909090,https://media.formula1.com/d_driver_fallback_image.png/content/dam/fom-website/drivers/S/SERPER01_Sergio_Perez/serper01.png.transform/1col/image.png
1961,11307,12,antonelli,Kimi ANTONELLI,ANT,Mercedes,#00D7B6,https://media.formula1.com/d_driver_fallback_image.png/content/dam/fom-website/drivers/K/ANDANT01_Kimi_Antonelli/andant01.png.transform/1col/image.png
1962,11307,14,alonso,Fernando ALONSO,ALO,Aston Martin,#229971,https://media.formula1.com/d_driver_fallback_image.png/content/dam/fom-website/drivers/F/FERALO01_Fernando_Alonso/feralo01.png.transform/1col/image.png
1963,11307,16,leclerc,Charles LECLERC,LEC,Ferrari,#ED1131,https://media.formula1.com/d_driver_fallback_image.png/content/dam/fom-website/drivers/C/CHALEC01_Charles_Leclerc/chalec01.png.transform/1col/image.png
1964,11307,18,stroll,Lance STROLL,STR,Aston Martin,#229971,https://media.formula1.com/d_driver_fallback_image.png/content/dam/fom-website/drivers/L/LANSTR01_Lance_Stroll/lanstr01.png.transform/1col/image.png
1965,11307,23,albon,Alexander ALBON,ALB,Williams,#1868DB,https://media.formula1.com/d_driver_fallback_image.png/content/dam/fom-website/drivers/A/ALEALB01_Alexander_Albon/alealb01.png.transform/1col/image.png
1966,11307,27,hulkenberg,Nico HULKENBERG,HUL,Audi,#F50537,https://media.formula1.com/d_driver_fallback_image.png/content/dam/fom-website/drivers/N/NICHUL01_Nico_Hulkenberg/nichul01.png.transform/1col/image.png
1967,11307,30,lawson,Liam LAWSON,LAW,Racing Bulls,#6C98FF,https://media.formula1.com/d_driver_fallback_image.png/content/dam/fom-website/drivers/L/LIALAW01_Liam_Lawson/lialaw01.png.transform/1col/image.png
1968,11307,31,ocon,Esteban OCON,OCO,Haas F1 Team,#9C9FA2,https://media.formula1.com/d_driver_fallback_image.png/content/dam/fom-website/drivers/E/ESTOCO01_Esteban_Ocon/estoco01.png.transform/1col/image.png
1969,11307,41,arvid_lindblad,Arvid LINDBLAD,LIN,Racing Bulls,#6C98FF,https://media.formula1.com/d_driver_fallback_image.png/content/dam/fom-website/drivers/A/ARVLIN01_Arvid_Lindblad/arvlin01.png.transform/1col/image.png
1970,11307,43,colapinto,Franco COLAPINTO,COL,Alpine,#00A1E8,https://media.formula1.com/d_driver_fallback_image.png/content/dam/fom-website/drivers/F/FRACOL01_Franco_Colapinto/fracol01.png.transform/1col/image.png
1971,11307,44,hamilton,Lewis HAMILTON,HAM,Ferrari,#ED1131,https://media.formula1.com/d_driver_fallback_image.png/content/dam/fom-website/drivers/L/LEWHAM01_Lewis_Hamilton/lewham01.png.transform/1col/image.png
1972,11307,55,sainz,Carlos SAINZ,SAI,Williams,#1868DB,https://media.formula1.com/d_driver_fallback_image.png/content/dam/fom-website/drivers/C/CARSAI01_Carlos_Sainz/carsai01.png.transform/1col/image.png
1973,11307,63,russell,George RUSSELL,RUS,Mercedes,#00D7B6,https://media.formula1.com/d_driver_fallback_image.png/content/dam/fom-website/drivers/G/GEORUS01_George_Russell/georus01.png.transform/1col/image.png
1974,11307,77,bottas,Valtteri BOTTAS,BOT,Cadillac,#909090,https://media.formula1.com/d_driver_fallback_image.png/content/dam/fom-website/drivers/V/VALBOT01_Valtteri_Bottas/valbot01.png.transform/1col/image.png
1975,11307,81,piastri,Oscar PIASTRI,PIA,McLaren,#F47600,https://media.formula1.com/d_driver_fallback_image.png/content/dam/fom-website/drivers/O/OSCPIA01_Oscar_Piastri/oscpia01.png.transform/1col/image.png
1976,11307,87,bearman,Oliver BEARMAN,BEA,Haas F1 Team,#9C9FA2,https://media.formula1.com/d_driver_fallback_image.png/content/dam/fom-website/drivers/O/OLIBEA01_Oliver_Bearman/olibea01.png.transform/1col/image.png
1977,11315,1,norris,Lando NORRIS,NOR,McLaren,#F47600,https://media.formula1.com/d_driver_fallback_image.png/content/dam/fom-website/drivers/L/LANNOR01_Lando_Norris/lannor01.png.transform/1col/image.png
1978,11315,3,max_verstappen,Max VERSTAPPEN,VER,Red Bull Racing,#4781D7,https://media.formula1.com/d_driver_fallback_image.png/content/dam/fom-website/drivers/M/MAXVER01_Max_Verstappen/maxver01.png.transform/1col/image.png
1979,11315,5,bortoleto,Gabriel BORTOLETO,BOR,Audi,#F50537,https://media.formula1.com/d_driver_fallback_image.png/content/dam/fom-website/drivers/G/GABBOR01_Gabriel_Bortoleto/gabbor01.png.transform/1col/image.png
1980,11315,6,hadjar,Isack HADJAR,HAD,Red Bull Racing,#4781D7,https://media.formula1.com/d_driver_fallback_image.png/content/dam/fom-website/drivers/I/ISAHAD01_Isack_Hadjar/isahad01.png.transform/1col/image.png
1981,11315,10,gasly,Pierre GASLY,GAS,Alpine,#00A1E8,https://media.formula1.com/d_driver_fallback_image.png/content/dam/fom-website/drivers/P/PIEGAS01_Pierre_Gasly/piegas01.png.transform/1col/image.png
1982,11315,11,perez,Sergio PEREZ,PER,Cadillac,#909090,https://media.formula1.com/d_driver_fallback_image.png/content/dam/fom-website/drivers/S/SERPER01_Sergio_Perez/serper01.png.transform/1col/image.png
1983,11315,12,antonelli,Kimi ANTONELLI,ANT,Mercedes,#00D7B6,https://media.formula1.com/d_driver_fallback_image.png/content/dam/fom-website/drivers/K/ANDANT01_Kimi_Antonelli/andant01.png.transform/1col/image.png
1984,11315,14,alonso,Fernando ALONSO,ALO,Aston Martin,#229971,https://media.formula1.com/d_driver_fallback_image.png/content/dam/fom-website/drivers/F/FERALO01_Fernando_Alonso/feralo01.png.transform/1col/image.png
1985,11315,16,leclerc,Charles LECLERC,LEC,Ferrari,#ED1131,https://media.formula1.com/d_driver_fallback_image.png/content/dam/fom-website/drivers/C/CHALEC01_Charles_Leclerc/chalec01.png.transform/1col/image.png
1986,11315,18,stroll,Lance STROLL,STR,Aston Martin,#229971,https://media.formula1.com/d_driver_fallback_image.png/content/dam/fom-website/drivers/L/LANSTR01_Lance_Stroll/lanstr01.png.transform/1col/image.png
1987,11315,23,albon,Alexander ALBON,ALB,Williams,#1868DB,https://media.formula1.com/d_driver_fallback_image.png/content/dam/fom-website/drivers/A/ALEALB01_Alexander_Albon/alealb01.png.transform/1col/image.png
1988,11315,27,hulkenberg,Nico HULKENBERG,HUL,Audi,#F50537,https://media.formula1.com/d_driver_fallback_image.png/content/dam/fom-website/drivers/N/NICHUL01_Nico_Hulkenberg/nichul01.png.transform/1col/image.png
1989,11315,30,lawson,Liam LAWSON,LAW,Racing Bulls,#6C98FF,https://media.formula1.com/d_driver_fallback_image.png/content/dam/fom-website/drivers/L/LIALAW01_Liam_Lawson/lialaw01.png.transform/1col/image.png
1990,11315,31,ocon,Esteban OCON,OCO,Haas F1 Team,#9C9FA2,https://media.formula1.com/d_driver_fallback_image.png/content/dam/fom-website/drivers/E/ESTOCO01_Esteban_Ocon/estoco01.png.transform/1col/image.png
1991,11315,41,arvid_lindblad,Arvid LINDBLAD,LIN,Racing Bulls,#6C98FF,https://media.formula1.com/d_driver_fallback_image.png/content/dam/fom-website/drivers/A/ARVLIN01_Arvid_Lindblad/arvlin01.png.transform/1col/image.png
1992,11315,43,colapinto,Franco COLAPINTO,COL,Alpine,#00A1E8,https://media.formula1.com/d_driver_fallback_image.png/content/dam/fom-website/drivers/F/FRACOL01_Franco_Colapinto/fracol01.png.transform/1col/image.png
1993,11315,44,hamilton,Lewis HAMILTON,HAM,Ferrari,#ED1131,https://media.formula1.com/d_driver_fallback_image.png/content/dam/fom-website/drivers/L/LEWHAM01_Lewis_Hamilton/lewham01.png.transform/1col/image.png
1994,11315,55,sainz,Carlos SAINZ,SAI,Williams,#1868DB,https://media.formula1.com/d_driver_fallback_image.png/content/dam/fom-website/drivers/C/CARSAI01_Carlos_Sainz/carsai01.png.transform/1col/image.png
1995,11315,63,russell,George RUSSELL,RUS,Mercedes,#00D7B6,https://media.formula1.com/d_driver_fallback_image.png/content/dam/fom-website/drivers/G/GEORUS01_George_Russell/georus01.png.transform/1col/image.png
1996,11315,77,bottas,Valtteri BOTTAS,BOT,Cadillac,#909090,https://media.formula1.com/d_driver_fallback_image.png/content/dam/fom-website/drivers/V/VALBOT01_Valtteri_Bottas/valbot01.png.transform/1col/image.png
1997,11315,81,piastri,Oscar PIASTRI,PIA,McLaren,#F47600,https://media.formula1.com/d_driver_fallback_image.png/content/dam/fom-website/drivers/O/OSCPIA01_Oscar_Piastri/oscpia01.png.transform/1col/image.png
1998,11315,87,bearman,Oliver BEARMAN,BEA,Haas F1 Team,#9C9FA2,https://media.formula1.com/d_driver_fallback_image.png/content/dam/fom-website/drivers/O/OLIBEA01_Oliver_Bearman/olibea01.png.transform/1col/image.png
1999,11321,1,norris,Lando NORRIS,NOR,McLaren,#F47600,https://media.formula1.com/d_driver_fallback_image.png/content/dam/fom-website/drivers/L/LANNOR01_Lando_Norris/lannor01.png.transform/1col/image.png
2000,11321,3,max_verstappen,Max VERSTAPPEN,VER,Red Bull Racing,#4781D7,https://media.formula1.com/d_driver_fallback_image.png/content/dam/fom-website/drivers/M/MAXVER01_Max_Verstappen/maxver01.png.transform/1col/image.png
2001,11321,5,bortoleto,Gabriel BORTOLETO,BOR,Audi,#F50537,https://media.formula1.com/d_driver_fallback_image.png/content/dam/fom-website/drivers/G/GABBOR01_Gabriel_Bortoleto/gabbor01.png.transform/1col/image.png
2002,11321,6,hadjar,Isack HADJAR,HAD,Red Bull Racing,#4781D7,https://media.formula1.com/d_driver_fallback_image.png/content/dam/fom-website/drivers/I/ISAHAD01_Isack_Hadjar/isahad01.png.transform/1col/image.png
2003,11321,10,gasly,Pierre GASLY,GAS,Alpine,#00A1E8,https://media.formula1.com/d_driver_fallback_image.png/content/dam/fom-website/drivers/P/PIEGAS01_Pierre_Gasly/piegas01.png.transform/1col/image.png
2004,11321,11,perez,Sergio PEREZ,PER,Cadillac,#909090,https://media.formula1.com/d_driver_fallback_image.png/content/dam/fom-website/drivers/S/SERPER01_Sergio_Perez/serper01.png.transform/1col/image.png
2005,11321,12,antonelli,Kimi ANTONELLI,ANT,Mercedes,#00D7B6,https://media.formula1.com/d_driver_fallback_image.png/content/dam/fom-website/drivers/K/ANDANT01_Kimi_Antonelli/andant01.png.transform/1col/image.png
2006,11321,14,alonso,Fernando ALONSO,ALO,Aston Martin,#229971,https://media.formula1.com/d_driver_fallback_image.png/content/dam/fom-website/drivers/F/FERALO01_Fernando_Alonso/feralo01.png.transform/1col/image.png
2007,11321,16,leclerc,Charles LECLERC,LEC,Ferrari,#ED1131,https://media.formula1.com/d_driver_fallback_image.png/content/dam/fom-website/drivers/C/CHALEC01_Charles_Leclerc/chalec01.png.transform/1col/image.png
2008,11321,18,stroll,Lance STROLL,STR,Aston Martin,#229971,https://media.formula1.com/d_driver_fallback_image.png/content/dam/fom-website/drivers/L/LANSTR01_Lance_Stroll/lanstr01.png.transform/1col/image.png
2009,11321,23,albon,Alexander ALBON,ALB,Williams,#1868DB,https://media.formula1.com/d_driver_fallback_image.png/content/dam/fom-website/drivers/A/ALEALB01_Alexander_Albon/alealb01.png.transform/1col/image.png
2010,11321,27,hulkenberg,Nico HULKENBERG,HUL,Audi,#F50537,https://media.formula1.com/d_driver_fallback_image.png/content/dam/fom-website/drivers/N/NICHUL01_Nico_Hulkenberg/nichul01.png.transform/1col/image.png
2011,11321,30,lawson,Liam LAWSON,LAW,Racing Bulls,#6C98FF,https://media.formula1.com/d_driver_fallback_image.png/content/dam/fom-website/drivers/L/LIALAW01_Liam_Lawson/lialaw01.png.transform/1col/image.png
2012,11321,31,ocon,Esteban OCON,OCO,Haas F1 Team,#9C9FA2,https://media.formula1.com/d_driver_fallback_image.png/content/dam/fom-website/drivers/E/ESTOCO01_Esteban_Ocon/estoco01.png.transform/1col/image.png
2013,11321,41,arvid_lindblad,Arvid LINDBLAD,LIN,Racing Bulls,#6C98FF,https://media.formula1.com/d_driver_fallback_image.png/content/dam/fom-website/drivers/A/ARVLIN01_Arvid_Lindblad/arvlin01.png.transform/1col/image.png
2014,11321,43,colapinto,Franco COLAPINTO,COL,Alpine,#00A1E8,https://media.formula1.com/d_driver_fallback_image.png/content/dam/fom-website/drivers/F/FRACOL01_Franco_Colapinto/fracol01.png.transform/1col/image.png
2015,11321,44,hamilton,Lewis HAMILTON,HAM,Ferrari,#ED1131,https://media.formula1.com/d_driver_fallback_image.png/content/dam/fom-website/drivers/L/LEWHAM01_Lewis_Hamilton/lewham01.png.transform/1col/image.png
2016,11321,55,sainz,Carlos SAINZ,SAI,Williams,#1868DB,https://media.formula1.com/d_driver_fallback_image.png/content/dam/fom-website/drivers/C/CARSAI01_Carlos_Sainz/carsai01.png.transform/1col/image.png
2017,11321,63,russell,George RUSSELL,RUS,Mercedes,#00D7B6,https://media.formula1.com/d_driver_fallback_image.png/content/dam/fom-website/drivers/G/GEORUS01_George_Russell/georus01.png.transform/1col/image.png
2018,11321,77,bottas,Valtteri BOTTAS,BOT,Cadillac,#909090,https://media.formula1.com/d_driver_fallback_image.png/content/dam/fom-website/drivers/V/VALBOT01_Valtteri_Bottas/valbot01.png.transform/1col/image.png
2019,11321,81,piastri,Oscar PIASTRI,PIA,McLaren,#F47600,https://media.formula1.com/d_driver_fallback_image.png/content/dam/fom-website/drivers/O/OSCPIA01_Oscar_Piastri/oscpia01.png.transform/1col/image.png
2020,11321,87,bearman,Oliver BEARMAN,BEA,Haas F1 Team,#9C9FA2,https://media.formula1.com/d_driver_fallback_image.png/content/dam/fom-website/drivers/O/OLIBEA01_Oliver_Bearman/olibea01.png.transform/1col/image.png
2021,11326,1,norris,Lando NORRIS,NOR,McLaren,#F47600,https://media.formula1.com/d_driver_fallback_image.png/content/dam/fom-website/drivers/L/LANNOR01_Lando_Norris/lannor01.png.transform/1col/image.png
2022,11326,3,max_verstappen,Max VERSTAPPEN,VER,Red Bull Racing,#4781D7,https://media.formula1.com/d_driver_fallback_image.png/content/dam/fom-website/drivers/M/MAXVER01_Max_Verstappen/maxver01.png.transform/1col/image.png
2023,11326,5,bortoleto,Gabriel BORTOLETO,BOR,Audi,#F50537,https://media.formula1.com/d_driver_fallback_image.png/content/dam/fom-website/drivers/G/GABBOR01_Gabriel_Bortoleto/gabbor01.png.transform/1col/image.png
2024,11326,6,hadjar,Isack HADJAR,HAD,Red Bull Racing,#4781D7,https://media.formula1.com/d_driver_fallback_image.png/content/dam/fom-website/drivers/I/ISAHAD01_Isack_Hadjar/isahad01.png.transform/1col/image.png
2025,11326,10,gasly,Pierre GASLY,GAS,Alpine,#00A1E8,https://media.formula1.com/d_driver_fallback_image.png/content/dam/fom-website/drivers/P/PIEGAS01_Pierre_Gasly/piegas01.png.transform/1col/image.png
2026,11326,11,perez,Sergio PEREZ,PER,Cadillac,#909090,https://media.formula1.com/d_driver_fallback_image.png/content/dam/fom-website/drivers/S/SERPER01_Sergio_Perez/serper01.png.transform/1col/image.png
2027,11326,12,antonelli,Kimi ANTONELLI,ANT,Mercedes,#00D7B6,https://media.formula1.com/d_driver_fallback_image.png/content/dam/fom-website/drivers/K/ANDANT01_Kimi_Antonelli/andant01.png.transform/1col/image.png
2028,11326,14,alonso,Fernando ALONSO,ALO,Aston Martin,#229971,https://media.formula1.com/d_driver_fallback_image.png/content/dam/fom-website/drivers/F/FERALO01_Fernando_Alonso/feralo01.png.transform/1col/image.png
2029,11326,16,leclerc,Charles LECLERC,LEC,Ferrari,#ED1131,https://media.formula1.com/d_driver_fallback_image.png/content/dam/fom-website/drivers/C/CHALEC01_Charles_Leclerc/chalec01.png.transform/1col/image.png
2030,11326,18,stroll,Lance STROLL,STR,Aston Martin,#229971,https://media.formula1.com/d_driver_fallback_image.png/content/dam/fom-website/drivers/L/LANSTR01_Lance_Stroll/lanstr01.png.transform/1col/image.png
2031,11326,23,albon,Alexander ALBON,ALB,Williams,#1868DB,https://media.formula1.com/d_driver_fallback_image.png/content/dam/fom-website/drivers/A/ALEALB01_Alexander_Albon/alealb01.png.transform/1col/image.png
2032,11326,27,hulkenberg,Nico HULKENBERG,HUL,Audi,#F50537,https://media.formula1.com/d_driver_fallback_image.png/content/dam/fom-website/drivers/N/NICHUL01_Nico_Hulkenberg/nichul01.png.transform/1col/image.png
2033,11326,30,lawson,Liam LAWSON,LAW,Racing Bulls,#6C98FF,https://media.formula1.com/d_driver_fallback_image.png/content/dam/fom-website/drivers/L/LIALAW01_Liam_Lawson/lialaw01.png.transform/1col/image.png
2034,11326,31,ocon,Esteban OCON,OCO,Haas F1 Team,#9C9FA2,https://media.formula1.com/d_driver_fallback_image.png/content/dam/fom-website/drivers/E/ESTOCO01_Esteban_Ocon/estoco01.png.transform/1col/image.png
2035,11326,41,arvid_lindblad,Arvid LINDBLAD,LIN,Racing Bulls,#6C98FF,https://media.formula1.com/d_driver_fallback_image.png/content/dam/fom-website/drivers/A/ARVLIN01_Arvid_Lindblad/arvlin01.png.transform/1col/image.png
2036,11326,43,colapinto,Franco COLAPINTO,COL,Alpine,#00A1E8,https://media.formula1.com/d_driver_fallback_image.png/content/dam/fom-website/drivers/F/FRACOL01_Franco_Colapinto/fracol01.png.transform/1col/image.png
2037,11326,44,hamilton,Lewis HAMILTON,HAM,Ferrari,#ED1131,https://media.formula1.com/d_driver_fallback_image.png/content/dam/fom-website/drivers/L/LEWHAM01_Lewis_Hamilton/lewham01.png.transform/1col/image.png
2038,11326,55,sainz,Carlos SAINZ,SAI,Williams,#1868DB,https://media.formula1.com/d_driver_fallback_image.png/content/dam/fom-website/drivers/C/CARSAI01_Carlos_Sainz/carsai01.png.transform/1col/image.png
2039,11326,63,russell,George RUSSELL,RUS,Mercedes,#00D7B6,https://media.formula1.com/d_driver_fallback_image.png/content/dam/fom-website/drivers/G/GEORUS01_George_Russell/georus01.png.transform/1col/image.png
2040,11326,77,bottas,Valtteri BOTTAS,BOT,Cadillac,#909090,https://media.formula1.com/d_driver_fallback_image.png/content/dam/fom-website/drivers/V/VALBOT01_Valtteri_Bottas/valbot01.png.transform/1col/image.png
2041,11326,81,piastri,Oscar PIASTRI,PIA,McLaren,#F47600,https://media.formula1.com/d_driver_fallback_image.png/content/dam/fom-website/drivers/O/OSCPIA01_Oscar_Piastri/oscpia01.png.transform/1col/image.png
2042,11326,87,bearman,Oliver BEARMAN,BEA,Haas F1 Team,#9C9FA2,https://media.formula1.com/d_driver_fallback_image.png/content/dam/fom-website/drivers/O/OLIBEA01_Oliver_Bearman/olibea01.png.transform/1col/image.png
2043,11334,1,norris,Lando NORRIS,NOR,McLaren,#F47600,https://media.formula1.com/d_driver_fallback_image.png/content/dam/fom-website/drivers/L/LANNOR01_Lando_Norris/lannor01.png.transform/1col/image.png
2044,11334,3,max_verstappen,Max VERSTAPPEN,VER,Red Bull Racing,#4781D7,https://media.formula1.com/d_driver_fallback_image.png/content/dam/fom-website/drivers/M/MAXVER01_Max_Verstappen/maxver01.png.transform/1col/image.png
2045,11334,5,bortoleto,Gabriel BORTOLETO,BOR,Audi,#F50537,https://media.formula1.com/d_driver_fallback_image.png/content/dam/fom-website/drivers/G/GABBOR01_Gabriel_Bortoleto/gabbor01.png.transform/1col/image.png
2046,11334,6,hadjar,Isack HADJAR,HAD,Red Bull Racing,#4781D7,https://media.formula1.com/d_driver_fallback_image.png/content/dam/fom-website/drivers/I/ISAHAD01_Isack_Hadjar/isahad01.png.transform/1col/image.png
2047,11334,10,gasly,Pierre GASLY,GAS,Alpine,#00A1E8,https://media.formula1.com/d_driver_fallback_image.png/content/dam/fom-website/drivers/P/PIEGAS01_Pierre_Gasly/piegas01.png.transform/1col/image.png
2048,11334,11,perez,Sergio PEREZ,PER,Cadillac,#909090,https://media.formula1.com/d_driver_fallback_image.png/content/dam/fom-website/drivers/S/SERPER01_Sergio_Perez/serper01.png.transform/1col/image.png
2049,11334,12,antonelli,Kimi ANTONELLI,ANT,Mercedes,#00D7B6,https://media.formula1.com/d_driver_fallback_image.png/content/dam/fom-website/drivers/K/ANDANT01_Kimi_Antonelli/andant01.png.transform/1col/image.png
2050,11334,14,alonso,Fernando ALONSO,ALO,Aston Martin,#229971,https://media.formula1.com/d_driver_fallback_image.png/content/dam/fom-website/drivers/F/FERALO01_Fernando_Alonso/feralo01.png.transform/1col/image.png
2051,11334,16,leclerc,Charles LECLERC,LEC,Ferrari,#ED1131,https://media.formula1.com/d_driver_fallback_image.png/content/dam/fom-website/drivers/C/CHALEC01_Charles_Leclerc/chalec01.png.transform/1col/image.png
2052,11334,18,stroll,Lance STROLL,STR,Aston Martin,#229971,https://media.formula1.com/d_driver_fallback_image.png/content/dam/fom-website/drivers/L/LANSTR01_Lance_Stroll/lanstr01.png.transform/1col/image.png
2053,11334,23,albon,Alexander ALBON,ALB,Williams,#1868DB,https://media.formula1.com/d_driver_fallback_image.png/content/dam/fom-website/drivers/A/ALEALB01_Alexander_Albon/alealb01.png.transform/1col/image.png
2054,11334,27,hulkenberg,Nico HULKENBERG,HUL,Audi,#F50537,https://media.formula1.com/d_driver_fallback_image.png/content/dam/fom-website/drivers/N/NICHUL01_Nico_Hulkenberg/nichul01.png.transform/1col/image.png
2055,11334,30,lawson,Liam LAWSON,LAW,Racing Bulls,#6C98FF,https://media.formula1.com/d_driver_fallback_image.png/content/dam/fom-website/drivers/L/LIALAW01_Liam_Lawson/lialaw01.png.transform/1col/image.png
2056,11334,31,ocon,Esteban OCON,OCO,Haas F1 Team,#9C9FA2,https://media.formula1.com/d_driver_fallback_image.png/content/dam/fom-website/drivers/E/ESTOCO01_Esteban_Ocon/estoco01.png.transform/1col/image.png
2057,11334,41,arvid_lindblad,Arvid LINDBLAD,LIN,Racing Bulls,#6C98FF,https://media.formula1.com/d_driver_fallback_image.png/content/dam/fom-website/drivers/A/ARVLIN01_Arvid_Lindblad/arvlin01.png.transform/1col/image.png
2058,11334,43,colapinto,Franco COLAPINTO,COL,Alpine,#00A1E8,https://media.formula1.com/d_driver_fallback_image.png/content/dam/fom-website/drivers/F/FRACOL01_Franco_Colapinto/fracol01.png.transform/1col/image.png
2059,11334,44,hamilton,Lewis HAMILTON,HAM,Ferrari,#ED1131,https://media.formula1.com/d_driver_fallback_image.png/content/dam/fom-website/drivers/L/LEWHAM01_Lewis_Hamilton/lewham01.png.transform/1col/image.png
2060,11334,55,sainz,Carlos SAINZ,SAI,Williams,#1868DB,https://media.formula1.com/d_driver_fallback_image.png/content/dam/fom-website/drivers/C/CARSAI01_Carlos_Sainz/carsai01.png.transform/1col/image.png
2061,11334,63,russell,George RUSSELL,RUS,Mercedes,#00D7B6,https://media.formula1.com/d_driver_fallback_image.png/content/dam/fom-website/drivers/G/GEORUS01_George_Russell/georus01.png.transform/1col/image.png
2062,11334,77,bottas,Valtteri BOTTAS,BOT,Cadillac,#909090,https://media.formula1.com/d_driver_fallback_image.png/content/dam/fom-website/drivers/V/VALBOT01_Valtteri_Bottas/valbot01.png.transform/1col/image.png
2063,11334,81,piastri,Oscar PIASTRI,PIA,McLaren,#F47600,https://media.formula1.com/d_driver_fallback_image.png/content/dam/fom-website/drivers/O/OSCPIA01_Oscar_Piastri/oscpia01.png.transform/1col/image.png
2064,11334,87,bearman,Oliver BEARMAN,BEA,Haas F1 Team,#9C9FA2,https://media.formula1.com/d_driver_fallback_image.png/content/dam/fom-website/drivers/O/OLIBEA01_Oliver_Bearman/olibea01.png.transform/1col/image.png
2065,11342,1,norris,Lando NORRIS,NOR,McLaren,#F47600,https://media.formula1.com/d_driver_fallback_image.png/content/dam/fom-website/drivers/L/LANNOR01_Lando_Norris/lannor01.png.transform/1col/image.png
2066,11342,3,max_verstappen,Max VERSTAPPEN,VER,Red Bull Racing,#4781D7,https://media.formula1.com/d_driver_fallback_image.png/content/dam/fom-website/drivers/M/MAXVER01_Max_Verstappen/maxver01.png.transform/1col/image.png
2067,11342,5,bortoleto,Gabriel BORTOLETO,BOR,Audi,#F50537,https://media.formula1.com/d_driver_fallback_image.png/content/dam/fom-website/drivers/G/GABBOR01_Gabriel_Bortoleto/gabbor01.png.transform/1col/image.png
2068,11342,6,hadjar,Isack HADJAR,HAD,Red Bull Racing,#4781D7,https://media.formula1.com/d_driver_fallback_image.png/content/dam/fom-website/drivers/I/ISAHAD01_Isack_Hadjar/isahad01.png.transform/1col/image.png
2069,11342,10,gasly,Pierre GASLY,GAS,Alpine,#00A1E8,https://media.formula1.com/d_driver_fallback_image.png/content/dam/fom-website/drivers/P/PIEGAS01_Pierre_Gasly/piegas01.png.transform/1col/image.png
2070,11342,11,perez,Sergio PEREZ,PER,Cadillac,#909090,https://media.formula1.com/d_driver_fallback_image.png/content/dam/fom-website/drivers/S/SERPER01_Sergio_Perez/serper01.png.transform/1col/image.png
2071,11342,12,antonelli,Kimi ANTONELLI,ANT,Mercedes,#00D7B6,https://media.formula1.com/d_driver_fallback_image.png/content/dam/fom-website/drivers/K/ANDANT01_Kimi_Antonelli/andant01.png.transform/1col/image.png
2072,11342,14,alonso,Fernando ALONSO,ALO,Aston Martin,#229971,https://media.formula1.com/d_driver_fallback_image.png/content/dam/fom-website/drivers/F/FERALO01_Fernando_Alonso/feralo01.png.transform/1col/image.png
2073,11342,16,leclerc,Charles LECLERC,LEC,Ferrari,#ED1131,https://media.formula1.com/d_driver_fallback_image.png/content/dam/fom-website/drivers/C/CHALEC01_Charles_Leclerc/chalec01.png.transform/1col/image.png
2074,11342,18,stroll,Lance STROLL,STR,Aston Martin,#229971,https://media.formula1.com/d_driver_fallback_image.png/content/dam/fom-website/drivers/L/LANSTR01_Lance_Stroll/lanstr01.png.transform/1col/image.png
2075,11342,23,albon,Alexander ALBON,ALB,Williams,#1868DB,https://media.formula1.com/d_driver_fallback_image.png/content/dam/fom-website/drivers/A/ALEALB01_Alexander_Albon/alealb01.png.transform/1col/image.png
2076,11342,27,hulkenberg,Nico HULKENBERG,HUL,Audi,#F50537,https://media.formula1.com/d_driver_fallback_image.png/content/dam/fom-website/drivers/N/NICHUL01_Nico_Hulkenberg/nichul01.png.transform/1col/image.png
2077,11342,30,lawson,Liam LAWSON,LAW,Racing Bulls,#6C98FF,https://media.formula1.com/d_driver_fallback_image.png/content/dam/fom-website/drivers/L/LIALAW01_Liam_Lawson/lialaw01.png.transform/1col/image.png
2078,11342,31,ocon,Esteban OCON,OCO,Haas F1 Team,#9C9FA2,https://media.formula1.com/d_driver_fallback_image.png/content/dam/fom-website/drivers/E/ESTOCO01_Esteban_Ocon/estoco01.png.transform/1col/image.png
2079,11342,41,arvid_lindblad,Arvid LINDBLAD,LIN,Racing Bulls,#6C98FF,https://media.formula1.com/d_driver_fallback_image.png/content/dam/fom-website/drivers/A/ARVLIN01_Arvid_Lindblad/arvlin01.png.transform/1col/image.png
2080,11342,43,colapinto,Franco COLAPINTO,COL,Alpine,#00A1E8,https://media.formula1.com/d_driver_fallback_image.png/content/dam/fom-website/drivers/F/FRACOL01_Franco_Colapinto/fracol01.png.transform/1col/image.png
2081,11342,44,hamilton,Lewis HAMILTON,HAM,Ferrari,#ED1131,https://media.formula1.com/d_driver_fallback_image.png/content/dam/fom-website/drivers/L/LEWHAM01_Lewis_Hamilton/lewham01.png.transform/1col/image.png
2082,11342,55,sainz,Carlos SAINZ,SAI,Williams,#1868DB,https://media.formula1.com/d_driver_fallback_image.png/content/dam/fom-website/drivers/C/CARSAI01_Carlos_Sainz/carsai01.png.transform/1col/image.png
2083,11342,63,russell,George RUSSELL,RUS,Mercedes,#00D7B6,https://media.formula1.com/d_driver_fallback_image.png/content/dam/fom-website/drivers/G/GEORUS01_George_Russell/georus01.png.transform/1col/image.png
2084,11342,77,bottas,Valtteri BOTTAS,BOT,Cadillac,#909090,https://media.formula1.com/d_driver_fallback_image.png/content/dam/fom-website/drivers/V/VALBOT01_Valtteri_Bottas/valbot01.png.transform/1col/image.png
2085,11342,81,piastri,Oscar PIASTRI,PIA,McLaren,#F47600,https://media.formula1.com/d_driver_fallback_image.png/content/dam/fom-website/drivers/O/OSCPIA01_Oscar_Piastri/oscpia01.png.transform/1col/image.png
2086,11342,87,bearman,Oliver BEARMAN,BEA,Haas F1 Team,#9C9FA2,https://media.formula1.com/d_driver_fallback_image.png/content/dam/fom-website/drivers/O/OLIBEA01_Oliver_Bearman/olibea01.png.transform/1col/image.png
2087,11348,1,norris,Lando NORRIS,NOR,McLaren,#F47600,https://media.formula1.com/d_driver_fallback_image.png/content/dam/fom-website/drivers/L/LANNOR01_Lando_Norris/lannor01.png.transform/1col/image.png
2088,11348,3,max_verstappen,Max VERSTAPPEN,VER,Red Bull Racing,#4781D7,https://media.formula1.com/d_driver_fallback_image.png/content/dam/fom-website/drivers/M/MAXVER01_Max_Verstappen/maxver01.png.transform/1col/image.png
2089,11348,5,bortoleto,Gabriel BORTOLETO,BOR,Audi,#F50537,https://media.formula1.com/d_driver_fallback_image.png/content/dam/fom-website/drivers/G/GABBOR01_Gabriel_Bortoleto/gabbor01.png.transform/1col/image.png
2090,11348,10,gasly,Pierre GASLY,GAS,Alpine,#00A1E8,https://media.formula1.com/d_driver_fallback_image.png/content/dam/fom-website/drivers/P/PIEGAS01_Pierre_Gasly/piegas01.png.transform/1col/image.png
2091,11348,11,perez,Sergio PEREZ,PER,Cadillac,#909090,https://media.formula1.com/d_driver_fallback_image.png/content/dam/fom-website/drivers/S/SERPER01_Sergio_Perez/serper01.png.transform/1col/image.png
2092,11348,12,antonelli,Kimi ANTONELLI,ANT,Mercedes,#00D7B6,https://media.formula1.com/d_driver_fallback_image.png/content/dam/fom-website/drivers/K/ANDANT01_Kimi_Antonelli/andant01.png.transform/1col/image.png
2093,11348,14,alonso,Fernando ALONSO,ALO,Aston Martin,#229971,https://media.formula1.com/d_driver_fallback_image.png/content/dam/fom-website/drivers/F/FERALO01_Fernando_Alonso/feralo01.png.transform/1col/image.png
2094,11348,16,leclerc,Charles LECLERC,LEC,Ferrari,#ED1131,https://media.formula1.com/d_driver_fallback_image.png/content/dam/fom-website/drivers/C/CHALEC01_Charles_Leclerc/chalec01.png.transform/1col/image.png
2095,11348,18,stroll,Lance STROLL,STR,Aston Martin,#229971,https://media.formula1.com/d_driver_fallback_image.png/content/dam/fom-website/drivers/L/LANSTR01_Lance_Stroll/lanstr01.png.transform/1col/image.png
2096,11348,22,tsunoda,Yuki TSUNODA,TSU,Racing Bulls,#6C98FF,
2097,11348,23,albon,Alexander ALBON,ALB,Williams,#1868DB,https://media.formula1.com/d_driver_fallback_image.png/content/dam/fom-website/drivers/A/ALEALB01_Alexander_Albon/alealb01.png.transform/1col/image.png
2098,11348,27,hulkenberg,Nico HULKENBERG,HUL,Audi,#F50537,https://media.formula1.com/d_driver_fallback_image.png/content/dam/fom-website/drivers/N/NICHUL01_Nico_Hulkenberg/nichul01.png.transform/1col/image.png
2099,11348,30,lawson,Liam LAWSON,LAW,Red Bull Racing,#4781D7,https://media.formula1.com/d_driver_fallback_image.png/content/dam/fom-website/drivers/L/LIALAW01_Liam_Lawson/lialaw01.png.transform/1col/image.png
2100,11348,31,ocon,Esteban OCON,OCO,Haas F1 Team,#9C9FA2,https://media.formula1.com/d_driver_fallback_image.png/content/dam/fom-website/drivers/E/ESTOCO01_Esteban_Ocon/estoco01.png.transform/1col/image.png
2101,11348,41,arvid_lindblad,Arvid LINDBLAD,LIN,Racing Bulls,#6C98FF,https://media.formula1.com/d_driver_fallback_image.png/content/dam/fom-website/drivers/A/ARVLIN01_Arvid_Lindblad/arvlin01.png.transform/1col/image.png
2102,11348,43,colapinto,Franco COLAPINTO,COL,Alpine,#00A1E8,https://media.formula1.com/d_driver_fallback_image.png/content/dam/fom-website/drivers/F/FRACOL01_Franco_Colapinto/fracol01.png.transform/1col/image.png
2103,11348,44,hamilton,Lewis HAMILTON,HAM,Ferrari,#ED1131,https://media.formula1.com/d_driver_fallback_image.png/content/dam/fom-website/drivers/L/LEWHAM01_Lewis_Hamilton/lewham01.png.transform/1col/image.png
2104,11348,55,sainz,Carlos SAINZ,SAI,Williams,#1868DB,https://media.formula1.com/d_driver_fallback_image.png/content/dam/fom-website/drivers/C/CARSAI01_Carlos_Sainz/carsai01.png.transform/1col/image.png
2105,11348,63,russell,George RUSSELL,RUS,Mercedes,#00D7B6,https://media.formula1.com/d_driver_fallback_image.png/content/dam/fom-website/drivers/G/GEORUS01_George_Russell/georus01.png.transform/1col/image.png
2106,11348,77,bottas,Valtteri BOTTAS,BOT,Cadillac,#909090,https://media.formula1.com/d_driver_fallback_image.png/content/dam/fom-website/drivers/V/VALBOT01_Valtteri_Bottas/valbot01.png.transform/1col/image.png
2107,11348,81,piastri,Oscar PIASTRI,PIA,McLaren,#F47600,https://media.formula1.com/d_driver_fallback_image.png/content/dam/fom-website/drivers/O/OSCPIA01_Oscar_Piastri/oscpia01.png.transform/1col/image.png
2108,11348,87,bearman,Oliver BEARMAN,BEA,Haas F1 Team,#9C9FA2,https://media.formula1.com/d_driver_fallback_image.png/content/dam/fom-website/drivers/O/OLIBEA01_Oliver_Bearman/olibea01.png.transform/1col/image.png
2109,11353,1,norris,Lando NORRIS,NOR,McLaren,#F47600,https://media.formula1.com/d_driver_fallback_image.png/content/dam/fom-website/drivers/L/LANNOR01_Lando_Norris/lannor01.png.transform/1col/image.png
2110,11353,3,max_verstappen,Max VERSTAPPEN,VER,Red Bull Racing,#4781D7,https://media.formula1.com/d_driver_fallback_image.png/content/dam/fom-website/drivers/M/MAXVER01_Max_Verstappen/maxver01.png.transform/1col/image.png
2111,11353,5,bortoleto,Gabriel BORTOLETO,BOR,Audi,#F50537,https://media.formula1.com/d_driver_fallback_image.png/content/dam/fom-website/drivers/G/GABBOR01_Gabriel_Bortoleto/gabbor01.png.transform/1col/image.png
2112,11353,10,gasly,Pierre GASLY,GAS,Alpine,#00A1E8,https://media.formula1.com/d_driver_fallback_image.png/content/dam/fom-website/drivers/P/PIEGAS01_Pierre_Gasly/piegas01.png.transform/1col/image.png
2113,11353,11,perez,Sergio PEREZ,PER,Cadillac,#909090,https://media.formula1.com/d_driver_fallback_image.png/content/dam/fom-website/drivers/S/SERPER01_Sergio_Perez/serper01.png.transform/1col/image.png
2114,11353,12,antonelli,Kimi ANTONELLI,ANT,Mercedes,#00D7B6,https://media.formula1.com/d_driver_fallback_image.png/content/dam/fom-website/drivers/K/ANDANT01_Kimi_Antonelli/andant01.png.transform/1col/image.png
2115,11353,14,alonso,Fernando ALONSO,ALO,Aston Martin,#229971,https://media.formula1.com/d_driver_fallback_image.png/content/dam/fom-website/drivers/F/FERALO01_Fernando_Alonso/feralo01.png.transform/1col/image.png
2116,11353,16,leclerc,Charles LECLERC,LEC,Ferrari,#ED1131,https://media.formula1.com/d_driver_fallback_image.png/content/dam/fom-website/drivers/C/CHALEC01_Charles_Leclerc/chalec01.png.transform/1col/image.png
2117,11353,18,stroll,Lance STROLL,STR,Aston Martin,#229971,https://media.formula1.com/d_driver_fallback_image.png/content/dam/fom-website/drivers/L/LANSTR01_Lance_Stroll/lanstr01.png.transform/1col/image.png
2118,11353,22,tsunoda,Yuki TSUNODA,TSU,Racing Bulls,#6C98FF,
2119,11353,23,albon,Alexander ALBON,ALB,Williams,#1868DB,https://media.formula1.com/d_driver_fallback_image.png/content/dam/fom-website/drivers/A/ALEALB01_Alexander_Albon/alealb01.png.transform/1col/image.png
2120,11353,27,hulkenberg,Nico HULKENBERG,HUL,Audi,#F50537,https://media.formula1.com/d_driver_fallback_image.png/content/dam/fom-website/drivers/N/NICHUL01_Nico_Hulkenberg/nichul01.png.transform/1col/image.png
2121,11353,30,lawson,Liam LAWSON,LAW,Red Bull Racing,#4781D7,https://media.formula1.com/d_driver_fallback_image.png/content/dam/fom-website/drivers/L/LIALAW01_Liam_Lawson/lialaw01.png.transform/1col/image.png
2122,11353,31,ocon,Esteban OCON,OCO,Haas F1 Team,#9C9FA2,https://media.formula1.com/d_driver_fallback_image.png/content/dam/fom-website/drivers/E/ESTOCO01_Esteban_Ocon/estoco01.png.transform/1col/image.png
2123,11353,41,arvid_lindblad,Arvid LINDBLAD,LIN,Racing Bulls,#6C98FF,https://media.formula1.com/d_driver_fallback_image.png/content/dam/fom-website/drivers/A/ARVLIN01_Arvid_Lindblad/arvlin01.png.transform/1col/image.png
2124,11353,43,colapinto,Franco COLAPINTO,COL,Alpine,#00A1E8,https://media.formula1.com/d_driver_fallback_image.png/content/dam/fom-website/drivers/F/FRACOL01_Franco_Colapinto/fracol01.png.transform/1col/image.png
2125,11353,44,hamilton,Lewis HAMILTON,HAM,Ferrari,#ED1131,https://media.formula1.com/d_driver_fallback_image.png/content/dam/fom-website/drivers/L/LEWHAM01_Lewis_Hamilton/lewham01.png.transform/1col/image.png
2126,11353,55,sainz,Carlos SAINZ,SAI,Williams,#1868DB,https://media.formula1.com/d_driver_fallback_image.png/content/dam/fom-website/drivers/C/CARSAI01_Carlos_Sainz/carsai01.png.transform/1col/image.png
2127,11353,63,russell,George RUSSELL,RUS,Mercedes,#00D7B6,https://media.formula1.com/d_driver_fallback_image.png/content/dam/fom-website/drivers/G/GEORUS01_George_Russell/georus01.png.transform/1col/image.png
2128,11353,77,bottas,Valtteri BOTTAS,BOT,Cadillac,#909090,https://media.formula1.com/d_driver_fallback_image.png/content/dam/fom-website/drivers/V/VALBOT01_Valtteri_Bottas/valbot01.png.transform/1col/image.png
2129,11353,81,piastri,Oscar PIASTRI,PIA,McLaren,#F47600,https://media.formula1.com/d_driver_fallback_image.png/content/dam/fom-website/drivers/O/OSCPIA01_Oscar_Piastri/oscpia01.png.transform/1col/image.png
2130,11353,87,bearman,Oliver BEARMAN,BEA,Haas F1 Team,#9C9FA2,https://media.formula1.com/d_driver_fallback_image.png/content/dam/fom-website/drivers/O/OLIBEA01_Oliver_Bearman/olibea01.png.transform/1col/image.png
