id,session_key,date,air_temperature,track_temperature,humidity,pressure,rainfall,wind_speed,wind_direction
1,7953,2023-03-05T14:01:47.286000+00:00,29.8,35.1,19.0,1016.5,0,1.2,176
2,7953,2023-03-05T14:03:47.300000+00:00,29.7,34.9,19.0,1016.5,0,1.1,156
3,7953,2023-03-05T14:05:47.297000+00:00,29.6,34.8,19.0,1016.5,0,0.8,219
4,7953,2023-03-05T14:07:47.295000+00:00,29.6,34.7,19.0,1016.5,0,0.6,196
5,7953,2023-03-05T14:09:47.309000+00:00,29.5,34.5,18.0,1016.5,0,0.8,180
6,7953,2023-03-05T14:11:47.322000+00:00,29.5,34.2,18.0,1016.5,0,1.0,199
7,7953,2023-03-05T14:13:47.320000+00:00,29.4,34.2,18.0,1016.5,0,1.0,173
8,7953,2023-03-05T14:15:47.333000+00:00,29.4,34.0,18.0,1016.5,0,1.1,170
9,7953,2023-03-05T14:17:47.347000+00:00,29.3,33.8,18.0,1016.5,0,1.1,180
10,7953,2023-03-05T14:19:47.345000+00:00,29.2,33.8,19.0,1016.5,0,1.5,172
11,7953,2023-03-05T14:21:47.374000+00:00,29.1,33.6,21.0,1016.5,0,1.0,181
12,7953,2023-03-05T14:23:47.372000+00:00,29.0,33.3,24.0,1016.5,0,1.7,180
13,7953,2023-03-05T14:25:47.371000+00:00,28.9,33.2,25.0,1016.5,0,2.0,187
14,7953,2023-03-05T14:27:47.367000+00:00,28.8,33.1,25.0,1016.5,0,1.7,187
15,7953,2023-03-05T14:29:47.396000+00:00,28.6,32.7,26.0,1016.5,0,1.6,180
16,7953,2023-03-05T14:31:47.425000+00:00,28.6,32.7,27.0,1016.5,0,1.5,182
17,7953,2023-03-05T14:33:47.423000+00:00,28.4,32.7,27.0,1016.5,0,1.3,181
18,7953,2023-03-05T14:35:47.421000+00:00,28.4,32.2,28.0,1016.7,0,1.2,184
19,7953,2023-03-05T14:37:47.434000+00:00,28.3,32.2,28.0,1016.5,0,0.8,180
20,7953,2023-03-05T14:39:47.448000+00:00,28.2,32.2,26.0,1016.7,0,0.8,162
21,7953,2023-03-05T14:41:47.477000+00:00,28.1,32.2,24.0,1016.7,0,1.1,172
22,7953,2023-03-05T14:43:47.475000+00:00,28.0,32.2,23.0,1016.7,0,0.8,165
23,7953,2023-03-05T14:45:47.488000+00:00,28.0,32.1,22.0,1016.7,0,0.8,179
24,7953,2023-03-05T14:47:47.502000+00:00,28.0,32.0,22.0,1016.5,0,0.8,202
25,7953,2023-03-05T14:49:47.515000+00:00,27.8,32.0,21.0,1016.7,0,1.0,207
26,7953,2023-03-05T14:51:47.544000+00:00,27.6,31.7,22.0,1016.7,0,0.8,177
27,7953,2023-03-05T14:53:47.558000+00:00,27.6,31.6,22.0,1016.7,0,0.5,217
28,7953,2023-03-05T14:55:47.555000+00:00,27.5,31.6,22.0,1016.7,0,0.5,0
29,7953,2023-03-05T14:57:47.553000+00:00,27.5,31.4,22.0,1016.7,0,0.6,178
30,7953,2023-03-05T14:59:47.582000+00:00,27.4,31.4,22.0,1016.7,0,0.6,196
31,7953,2023-03-05T15:01:47.549000+00:00,27.4,31.3,22.0,1016.7,0,0.3,205
32,7953,2023-03-05T15:03:47.578000+00:00,27.3,31.2,22.0,1016.7,0,0.5,226
33,7953,2023-03-05T15:05:47.607000+00:00,27.3,31.1,22.0,1016.7,0,0.0,208
34,7953,2023-03-05T15:07:47.605000+00:00,27.3,31.2,22.0,1016.7,0,0.6,170
35,7953,2023-03-05T15:09:47.603000+00:00,27.2,31.1,22.0,1016.9,0,0.8,236
36,7953,2023-03-05T15:11:47.600000+00:00,27.2,31.0,22.0,1016.9,0,0.6,225
37,7953,2023-03-05T15:13:47.630000+00:00,27.1,30.9,22.0,1016.9,0,0.6,210
38,7953,2023-03-05T15:15:47.612000+00:00,27.1,30.9,21.0,1016.9,0,1.0,173
39,7953,2023-03-05T15:17:47.657000+00:00,27.2,30.8,21.0,1016.9,0,0.6,193
40,7953,2023-03-05T15:19:47.670000+00:00,27.1,30.8,21.0,1016.9,0,0.8,195
41,7953,2023-03-05T15:21:47.715000+00:00,27.1,30.6,21.0,1016.9,0,0.8,179
42,7953,2023-03-05T15:23:47.681000+00:00,27.1,30.5,21.0,1017.0,0,1.0,161
43,7953,2023-03-05T15:25:47.679000+00:00,27.1,30.5,21.0,1016.9,0,0.8,171
44,7953,2023-03-05T15:27:47.677000+00:00,27.1,30.5,21.0,1016.9,0,0.6,187
45,7953,2023-03-05T15:29:47.675000+00:00,27.0,30.4,21.0,1017.0,0,0.8,178
46,7953,2023-03-05T15:31:47.704000+00:00,27.0,30.3,21.0,1017.0,0,0.6,208
47,7953,2023-03-05T15:33:47.686000+00:00,26.9,30.3,21.0,1017.0,0,0.4,212
48,7953,2023-03-05T15:35:47.684000+00:00,26.9,30.2,21.0,1017.0,0,0.6,240
49,7953,2023-03-05T15:37:47.682000+00:00,26.9,30.1,21.0,1017.0,0,0.6,182
50,7953,2023-03-05T15:39:47.679000+00:00,26.8,30.0,21.0,1017.0,0,0.4,183
51,7953,2023-03-05T15:41:47.693000+00:00,26.7,29.9,21.0,1017.0,0,0.4,217
52,7953,2023-03-05T15:43:47.691000+00:00,26.7,29.9,21.0,1017.0,0,0.6,183
53,7953,2023-03-05T15:45:47.689000+00:00,26.7,29.9,21.0,1017.0,0,0.5,195
54,7953,2023-03-05T15:47:47.702000+00:00,26.8,29.9,21.0,1017.0,0,0.6,175
55,7953,2023-03-05T15:49:47.715000+00:00,26.7,29.9,21.0,1017.0,0,0.8,199
56,7953,2023-03-05T15:51:47.744000+00:00,26.6,29.7,21.0,1017.0,0,0.6,193
57,7953,2023-03-05T15:53:47.742000+00:00,26.7,29.7,21.0,1017.0,0,0.6,228
58,7953,2023-03-05T15:55:47.740000+00:00,26.7,29.6,21.0,1017.0,0,0.6,204
59,7953,2023-03-05T15:57:47.754000+00:00,26.7,29.6,21.0,1017.0,0,0.6,212
60,7953,2023-03-05T15:59:47.751000+00:00,26.6,29.6,21.0,1017.0,0,0.5,189
61,7953,2023-03-05T16:01:47.781000+00:00,26.7,29.6,21.0,1017.0,0,0.4,192
62,7953,2023-03-05T16:03:47.778000+00:00,26.6,29.6,21.0,1017.0,0,0.4,0
63,7953,2023-03-05T16:05:47.792000+00:00,26.5,29.5,21.0,1017.2,0,0.6,168
64,7953,2023-03-05T16:07:47.806000+00:00,26.5,29.5,21.0,1017.0,0,0.6,222
65,7953,2023-03-05T16:09:47.803000+00:00,26.5,29.5,21.0,1017.0,0,0.4,0
66,7953,2023-03-05T16:11:47.801000+00:00,26.5,29.3,21.0,1017.2,0,0.0,0
67,7953,2023-03-05T16:13:47.799000+00:00,26.4,29.3,21.0,1017.2,0,0.0,184
68,7953,2023-03-05T16:15:47.812000+00:00,26.4,29.2,21.0,1017.0,0,0.0,0
69,7953,2023-03-05T16:17:47.810000+00:00,26.4,29.1,21.0,1017.0,0,0.5,0
70,7953,2023-03-05T16:19:47.808000+00:00,26.4,29.1,21.0,1017.2,0,0.0,183
71,7953,2023-03-05T16:21:47.806000+00:00,26.4,29.0,21.0,1017.2,0,0.0,297
72,7953,2023-03-05T16:23:47.804000+00:00,26.3,29.0,21.0,1017.2,0,0.0,336
73,7953,2023-03-05T16:25:47.833000+00:00,26.3,29.0,21.0,1017.2,0,0.0,0
74,7953,2023-03-05T16:27:47.862000+00:00,26.3,28.9,21.0,1017.2,0,0.0,246
75,7953,2023-03-05T16:29:47.891000+00:00,26.3,28.9,21.0,1017.4,0,0.0,0
76,7953,2023-03-05T16:31:47.857000+00:00,26.3,28.8,21.0,1017.2,0,0.4,38
77,7953,2023-03-05T16:33:47.871000+00:00,26.3,28.8,21.0,1017.4,0,0.0,0
78,7953,2023-03-05T16:35:47.884000+00:00,26.3,28.7,21.0,1017.4,0,0.4,268
79,7953,2023-03-05T16:37:47.898000+00:00,26.3,28.7,21.0,1017.4,0,0.6,242
80,7953,2023-03-05T16:39:47.911000+00:00,26.3,28.7,21.0,1017.5,0,0.4,0
81,7953,2023-03-05T16:41:47.909000+00:00,26.2,28.7,21.0,1017.5,0,0.3,215
82,7779,2023-03-19T16:01:59.956000+00:00,26.0,34.0,62.0,1010.5,0,2.7,315
83,7779,2023-03-19T16:03:59.954000+00:00,26.0,34.2,61.0,1010.5,0,2.7,325
84,7779,2023-03-19T16:05:59.952000+00:00,26.0,34.3,60.0,1010.5,0,2.7,322
85,7779,2023-03-19T16:07:59.950000+00:00,26.0,34.0,61.0,1010.5,0,3.4,320
86,7779,2023-03-19T16:09:59.947000+00:00,26.0,34.0,62.0,1010.5,0,2.7,341
87,7779,2023-03-19T16:11:59.961000+00:00,26.0,34.0,62.0,1010.7,0,3.2,327
88,7779,2023-03-19T16:13:59.959000+00:00,26.0,33.7,61.0,1010.7,0,2.5,323
89,7779,2023-03-19T16:15:59.957000+00:00,26.0,33.9,61.0,1010.5,0,3.5,312
90,7779,2023-03-19T16:18:00.001000+00:00,26.0,33.9,61.0,1010.5,0,3.2,330
91,7779,2023-03-19T16:19:59.952000+00:00,26.0,33.4,61.0,1010.5,0,3.2,316
92,7779,2023-03-19T16:21:59.966000+00:00,26.0,33.3,61.0,1010.5,0,3.5,326
93,7779,2023-03-19T16:23:59.948000+00:00,26.0,33.3,62.0,1010.5,0,3.0,329
94,7779,2023-03-19T16:25:59.961000+00:00,26.2,33.3,61.0,1010.7,0,2.7,331
95,7779,2023-03-19T16:27:59.959000+00:00,26.3,33.0,59.0,1010.7,0,2.9,335
96,7779,2023-03-19T16:29:59.957000+00:00,26.4,33.1,59.0,1010.7,0,2.0,317
97,7779,2023-03-19T16:31:59.955000+00:00,26.4,33.9,58.0,1010.7,0,2.5,316
98,7779,2023-03-19T16:33:59.953000+00:00,26.3,33.1,58.0,1010.7,0,2.5,303
99,7779,2023-03-19T16:35:59.950000+00:00,26.1,32.9,58.0,1010.7,0,2.5,317
100,7779,2023-03-19T16:37:59.979000+00:00,26.1,32.4,58.0,1010.7,0,2.9,318
101,7779,2023-03-19T16:40:00.024000+00:00,26.0,32.5,58.0,1010.7,0,2.2,316
102,7779,2023-03-19T16:42:00.053000+00:00,26.0,32.5,58.0,1010.9,0,2.7,319
103,7779,2023-03-19T16:44:00.051000+00:00,26.0,32.1,58.0,1010.9,0,2.9,329
104,7779,2023-03-19T16:46:00.096000+00:00,26.0,32.0,59.0,1010.7,0,2.5,311
105,7779,2023-03-19T16:48:00.094000+00:00,26.0,31.9,59.0,1010.7,0,2.0,309
106,7779,2023-03-19T16:50:00.123000+00:00,26.0,32.1,57.0,1010.9,0,1.5,297
107,7779,2023-03-19T16:52:00.136000+00:00,26.0,32.1,57.0,1010.9,0,1.1,340
108,7779,2023-03-19T16:54:00.134000+00:00,25.9,31.9,56.0,1010.9,0,1.2,323
109,7779,2023-03-19T16:56:00.147000+00:00,25.9,31.9,56.0,1010.9,0,1.7,322
110,7779,2023-03-19T16:58:00.161000+00:00,25.9,31.8,55.0,1011.0,0,0.8,279
111,7779,2023-03-19T17:00:00.190000+00:00,25.9,32.0,55.0,1010.9,0,1.5,323
112,7779,2023-03-19T17:02:00.188000+00:00,25.9,32.2,55.0,1011.0,0,1.8,298
113,7779,2023-03-19T17:04:00.201000+00:00,25.9,31.6,56.0,1011.0,0,1.8,317
114,7779,2023-03-19T17:06:00.215000+00:00,26.0,31.7,55.0,1011.0,0,1.7,326
115,7779,2023-03-19T17:08:00.212000+00:00,26.0,32.2,55.0,1011.0,0,1.1,352
116,7779,2023-03-19T17:10:00.210000+00:00,26.1,31.5,55.0,1011.0,0,1.6,310
117,7779,2023-03-19T17:12:00.208000+00:00,26.3,31.6,55.0,1011.0,0,1.7,292
118,7779,2023-03-19T17:14:00.206000+00:00,26.4,31.6,55.0,1011.0,0,1.3,326
119,7779,2023-03-19T17:16:00.204000+00:00,26.4,31.7,55.0,1011.0,0,1.2,9
120,7779,2023-03-19T17:18:00.202000+00:00,26.4,31.6,56.0,1011.0,0,1.2,160
121,7779,2023-03-19T17:20:00.215000+00:00,26.4,31.4,55.0,1011.0,0,1.2,305
122,7779,2023-03-19T17:22:00.213000+00:00,26.3,31.7,56.0,1011.0,0,1.1,311
123,7779,2023-03-19T17:24:00.211000+00:00,26.3,31.4,56.0,1011.2,0,1.0,108
124,7779,2023-03-19T17:26:00.208000+00:00,26.3,31.4,56.0,1011.2,0,0.8,308
125,7779,2023-03-19T17:28:00.206000+00:00,26.2,31.5,56.0,1011.0,0,0.8,313
126,7779,2023-03-19T17:30:00.220000+00:00,26.2,31.5,56.0,1011.0,0,1.6,292
127,7779,2023-03-19T17:32:00.249000+00:00,26.2,31.5,57.0,1011.0,0,1.3,327
128,7779,2023-03-19T17:34:00.278000+00:00,26.1,31.2,58.0,1011.2,0,2.0,332
129,7779,2023-03-19T17:36:00.291000+00:00,26.1,31.1,58.0,1011.0,0,1.2,311
130,7779,2023-03-19T17:38:00.289000+00:00,26.0,31.1,58.0,1011.0,0,1.2,308
131,7779,2023-03-19T17:40:00.318000+00:00,26.0,31.1,58.0,1011.0,0,1.5,300
132,7779,2023-03-19T17:42:00.332000+00:00,26.0,31.0,57.0,1011.0,0,0.8,318
133,7779,2023-03-19T17:44:00.330000+00:00,26.1,31.0,57.0,1011.2,0,1.3,307
134,7779,2023-03-19T17:46:00.343000+00:00,26.1,31.0,55.0,1011.0,0,1.3,271
135,7779,2023-03-19T17:48:00.356000+00:00,26.2,31.0,55.0,1011.0,0,2.0,0
136,7779,2023-03-19T17:50:00.370000+00:00,26.2,31.0,55.0,1011.0,0,1.0,309
137,7779,2023-03-19T17:52:00.383000+00:00,26.3,31.1,55.0,1011.0,0,1.2,85
138,7779,2023-03-19T17:54:00.397000+00:00,26.3,30.9,55.0,1011.0,0,0.8,116
139,7779,2023-03-19T17:56:00.395000+00:00,26.3,30.9,55.0,1011.0,0,0.8,231
140,7779,2023-03-19T17:58:00.424000+00:00,26.3,30.5,55.0,1011.0,0,0.6,337
141,7779,2023-03-19T18:00:00.453000+00:00,26.3,30.7,56.0,1011.0,0,1.1,83
142,7779,2023-03-19T18:02:00.451000+00:00,26.3,30.4,57.0,1011.2,0,1.3,278
143,7779,2023-03-19T18:04:00.464000+00:00,26.2,30.3,58.0,1011.2,0,1.1,272
144,7779,2023-03-19T18:06:00.462000+00:00,26.1,30.7,58.0,1011.2,0,1.7,340
145,7779,2023-03-19T18:08:00.460000+00:00,26.0,30.3,59.0,1011.0,0,1.7,324
146,7779,2023-03-19T18:10:00.458000+00:00,26.0,30.2,59.0,1011.2,0,1.1,346
147,7779,2023-03-19T18:12:00.455000+00:00,26.0,30.3,59.0,1011.2,0,1.2,83
148,7779,2023-03-19T18:14:00.469000+00:00,25.9,30.5,59.0,1011.2,0,2.2,301
149,7779,2023-03-19T18:16:00.467000+00:00,26.0,30.3,59.0,1011.2,0,1.1,153
150,7779,2023-03-19T18:18:00.465000+00:00,26.0,30.3,59.0,1011.2,0,1.2,30
151,7779,2023-03-19T18:20:00.462000+00:00,26.0,30.2,60.0,1011.2,0,1.2,27
152,7779,2023-03-19T18:22:00.460000+00:00,26.0,30.3,59.0,1011.2,0,1.6,47
153,7779,2023-03-19T18:24:00.458000+00:00,26.0,30.0,59.0,1011.2,0,1.2,58
154,7779,2023-03-19T18:26:00.456000+00:00,25.9,30.3,60.0,1011.4,0,1.1,276
155,7779,2023-03-19T18:28:00.454000+00:00,25.8,30.0,60.0,1011.2,0,1.1,290
156,7787,2023-04-02T04:01:37.633000+00:00,17.1,35.0,53.0,1018.5,0,1.6,0
157,7787,2023-04-02T04:03:37.632000+00:00,17.2,35.1,52.0,1018.7,0,0.6,168
158,7787,2023-04-02T04:05:37.646000+00:00,17.3,34.8,51.0,1018.7,0,0.8,200
159,7787,2023-04-02T04:07:37.629000+00:00,17.3,34.8,51.0,1018.5,0,0.8,286
160,7787,2023-04-02T04:09:37.643000+00:00,17.2,34.5,52.0,1018.5,0,1.5,284
161,7787,2023-04-02T04:11:37.642000+00:00,17.3,34.7,52.0,1018.5,0,0.8,155
162,7787,2023-04-02T04:13:37.641000+00:00,17.1,34.9,50.0,1018.5,0,1.1,0
163,7787,2023-04-02T04:15:37.639000+00:00,17.2,34.5,51.0,1018.7,0,1.3,165
164,7787,2023-04-02T04:17:37.653000+00:00,17.2,34.8,52.0,1018.5,0,1.2,176
165,7787,2023-04-02T04:19:37.636000+00:00,17.2,34.5,53.0,1018.5,0,1.2,64
166,7787,2023-04-02T04:21:37.635000+00:00,17.2,34.8,51.0,1018.5,0,1.1,151
167,7787,2023-04-02T04:23:37.634000+00:00,17.0,34.5,53.0,1018.5,0,0.8,0
168,7787,2023-04-02T04:25:37.632000+00:00,17.6,34.8,50.0,1018.5,0,0.6,67
169,7787,2023-04-02T04:27:37.631000+00:00,17.5,34.7,51.0,1018.5,0,0.4,54
170,7787,2023-04-02T04:29:37.645000+00:00,17.5,34.1,51.0,1018.5,0,1.1,0
171,7787,2023-04-02T04:31:37.644000+00:00,17.5,34.5,51.0,1018.5,0,0.8,185
172,7787,2023-04-02T04:33:37.642000+00:00,17.2,34.2,52.0,1018.5,0,1.2,262
173,7787,2023-04-02T04:35:37.641000+00:00,17.2,34.7,52.0,1018.5,0,1.0,147
174,7787,2023-04-02T04:37:37.639000+00:00,17.4,26.6,51.0,1018.5,0,0.6,141
175,7787,2023-04-02T04:39:37.638000+00:00,17.4,22.1,50.0,1018.5,0,0.6,282
176,7787,2023-04-02T04:41:37.637000+00:00,17.5,21.6,52.0,1018.5,0,1.0,82
177,7787,2023-04-02T04:43:37.635000+00:00,17.5,21.1,52.0,1018.5,0,1.0,185
178,7787,2023-04-02T04:45:37.634000+00:00,17.5,23.0,54.0,1018.5,0,1.2,256
179,7787,2023-04-02T04:47:37.632000+00:00,17.5,25.0,53.0,1018.5,0,0.5,139
180,7787,2023-04-02T04:49:37.631000+00:00,17.5,23.9,51.0,1018.5,0,1.2,151
181,7787,2023-04-02T04:51:37.645000+00:00,17.5,24.7,52.0,1018.5,0,1.2,0
182,7787,2023-04-02T04:53:37.644000+00:00,17.5,35.4,53.0,1018.5,0,1.2,80
183,7787,2023-04-02T04:55:37.642000+00:00,17.5,34.7,52.0,1018.5,0,0.6,55
184,7787,2023-04-02T04:57:37.641000+00:00,17.4,34.7,52.0,1018.5,0,0.8,175
185,7787,2023-04-02T04:59:37.640000+00:00,17.3,34.7,52.0,1018.5,0,1.2,189
186,7787,2023-04-02T05:01:37.654000+00:00,17.4,34.5,53.0,1018.5,0,0.8,155
187,7787,2023-04-02T05:03:37.637000+00:00,17.4,34.6,52.0,1018.5,0,1.0,149
188,7787,2023-04-02T05:05:37.635000+00:00,17.5,34.2,53.0,1018.5,0,0.6,127
189,7787,2023-04-02T05:07:37.634000+00:00,17.6,34.2,53.0,1018.7,0,1.2,138
190,7787,2023-04-02T05:09:37.633000+00:00,17.8,34.4,52.0,1018.5,0,0.8,0
191,7787,2023-04-02T05:11:37.631000+00:00,17.8,34.0,52.0,1018.5,0,1.2,163
192,7787,2023-04-02T05:13:37.645000+00:00,17.8,33.7,51.0,1018.5,0,1.1,140
193,7787,2023-04-02T05:15:37.644000+00:00,17.8,33.7,52.0,1018.5,0,1.7,156
194,7787,2023-04-02T05:17:37.643000+00:00,17.6,33.4,52.0,1018.5,0,0.8,157
195,7787,2023-04-02T05:19:37.657000+00:00,17.6,33.2,50.0,1018.5,0,0.8,156
196,7787,2023-04-02T05:21:37.624000+00:00,17.6,33.5,51.0,1018.5,0,0.8,0
197,7787,2023-04-02T05:23:37.639000+00:00,17.7,33.5,51.0,1018.5,0,0.8,155
198,7787,2023-04-02T05:25:37.637000+00:00,17.9,33.3,52.0,1018.5,0,1.3,234
199,7787,2023-04-02T05:27:37.636000+00:00,17.8,33.0,52.0,1018.5,0,1.1,201
200,7787,2023-04-02T05:29:37.634000+00:00,17.9,33.0,53.0,1018.5,0,0.6,153
201,7787,2023-04-02T05:31:37.649000+00:00,17.9,33.3,52.0,1018.4,0,0.6,0
202,7787,2023-04-02T05:33:37.678000+00:00,17.6,32.9,51.0,1018.4,0,1.5,266
203,7787,2023-04-02T05:35:37.630000+00:00,17.7,32.7,52.0,1018.5,0,0.6,283
204,7787,2023-04-02T05:37:37.644000+00:00,18.0,32.9,52.0,1018.4,0,1.2,161
205,7787,2023-04-02T05:39:37.643000+00:00,18.0,33.0,51.0,1018.5,0,0.6,74
206,7787,2023-04-02T05:41:37.642000+00:00,18.0,32.9,52.0,1018.4,0,1.2,140
207,7787,2023-04-02T05:43:37.656000+00:00,18.0,32.8,50.0,1018.5,0,1.2,128
208,7787,2023-04-02T05:45:37.639000+00:00,18.0,32.5,51.0,1018.4,0,1.1,346
209,7787,2023-04-02T05:47:37.653000+00:00,17.9,32.1,50.0,1018.4,0,0.8,142
210,7787,2023-04-02T05:49:37.730000+00:00,18.0,32.3,51.0,1018.4,0,1.7,134
211,7787,2023-04-02T05:51:37.697000+00:00,17.9,32.0,51.0,1018.4,0,1.8,126
212,7787,2023-04-02T05:53:37.696000+00:00,17.8,31.7,54.0,1018.2,0,0.8,147
213,7787,2023-04-02T05:55:37.694000+00:00,17.8,31.7,53.0,1018.2,0,1.7,120
214,7787,2023-04-02T05:57:37.709000+00:00,17.7,31.7,55.0,1018.2,0,1.5,164
215,7787,2023-04-02T05:59:37.723000+00:00,17.7,31.6,53.0,1018.2,0,2.2,148
216,7787,2023-04-02T06:01:37.753000+00:00,17.8,31.4,54.0,1018.2,0,1.6,133
217,7787,2023-04-02T06:03:37.767000+00:00,17.7,31.1,54.0,1018.2,0,0.6,147
218,7787,2023-04-02T06:05:37.766000+00:00,17.8,31.0,54.0,1018.2,0,1.3,343
219,7787,2023-04-02T06:07:37.764000+00:00,17.9,30.9,54.0,1018.4,0,0.6,91
220,7787,2023-04-02T06:09:37.763000+00:00,17.9,30.8,53.0,1018.2,0,1.0,0
221,7787,2023-04-02T06:11:37.761000+00:00,17.9,30.7,54.0,1018.0,0,0.8,326
222,7787,2023-04-02T06:13:37.760000+00:00,17.9,30.6,55.0,1018.2,0,1.3,118
223,7787,2023-04-02T06:15:37.759000+00:00,17.8,30.2,55.0,1018.4,0,0.8,155
224,7787,2023-04-02T06:17:37.773000+00:00,17.9,30.2,55.0,1018.2,0,1.1,0
225,7787,2023-04-02T06:19:37.772000+00:00,17.7,30.1,56.0,1018.4,0,2.2,128
226,7787,2023-04-02T06:21:37.770000+00:00,17.6,29.9,56.0,1018.2,0,1.0,146
227,7787,2023-04-02T06:23:37.800000+00:00,17.6,29.7,57.0,1018.2,0,0.8,156
228,7787,2023-04-02T06:25:37.846000+00:00,17.6,29.6,57.0,1018.2,0,1.2,136
229,7787,2023-04-02T06:27:37.829000+00:00,17.5,29.3,58.0,1018.4,0,1.2,90
230,7787,2023-04-02T06:29:37.827000+00:00,17.5,29.2,57.0,1018.2,0,1.7,151
231,7787,2023-04-02T06:31:37.841000+00:00,17.5,29.2,57.0,1018.2,0,1.2,133
232,7787,2023-04-02T06:33:37.856000+00:00,17.5,29.1,56.0,1018.2,0,0.6,106
233,7787,2023-04-02T06:35:37.917000+00:00,17.5,28.9,56.0,1018.2,0,1.3,61
234,7787,2023-04-02T06:37:37.853000+00:00,17.5,28.9,55.0,1018.2,0,1.0,113
235,7787,2023-04-02T06:39:37.867000+00:00,17.5,28.9,55.0,1018.2,0,1.6,154
236,7787,2023-04-02T06:41:37.882000+00:00,17.5,28.4,56.0,1018.2,0,1.5,158
237,7787,2023-04-02T06:43:37.896000+00:00,17.4,28.1,57.0,1018.2,0,1.6,166
238,7787,2023-04-02T06:45:37.894000+00:00,17.2,28.0,56.0,1018.2,0,0.8,129
239,7787,2023-04-02T06:47:37.893000+00:00,17.3,28.0,56.0,1018.2,0,1.1,174
240,7787,2023-04-02T06:49:37.892000+00:00,17.2,27.4,58.0,1018.2,0,1.3,171
241,7787,2023-04-02T06:51:37.890000+00:00,17.3,27.4,58.0,1018.4,0,1.2,85
242,7787,2023-04-02T06:53:37.889000+00:00,17.3,27.5,57.0,1018.2,0,1.0,151
243,7787,2023-04-02T06:55:37.903000+00:00,17.3,27.4,58.0,1018.2,0,1.0,12
244,7787,2023-04-02T06:57:37.902000+00:00,17.3,27.1,59.0,1018.4,0,1.1,12
245,7787,2023-04-02T06:59:38.494000+00:00,17.2,27.2,58.0,1018.2,0,1.1,57
246,7787,2023-04-02T07:01:37.899000+00:00,17.1,27.0,58.0,1018.2,0,0.4,130
247,7787,2023-04-02T07:03:37.898000+00:00,17.2,27.1,57.0,1018.2,0,0.8,155
248,7787,2023-04-02T07:05:37.896000+00:00,17.2,26.7,57.0,1018.2,0,1.0,142
249,7787,2023-04-02T07:07:37.895000+00:00,17.2,26.8,56.0,1018.2,0,1.7,141
250,7787,2023-04-02T07:09:37.894000+00:00,17.2,26.3,57.0,1018.2,0,0.8,134
251,7787,2023-04-02T07:11:37.892000+00:00,17.1,26.2,56.0,1018.2,0,0.6,149
252,7787,2023-04-02T07:13:37.891000+00:00,17.1,26.1,57.0,1018.2,0,0.6,175
253,7787,2023-04-02T07:15:37.890000+00:00,17.0,25.7,57.0,1018.4,0,1.1,143
254,7787,2023-04-02T07:17:37.888000+00:00,17.0,25.4,58.0,1018.2,0,0.8,129
255,7787,2023-04-02T07:19:37.887000+00:00,16.9,25.2,59.0,1018.2,0,1.6,148
256,7787,2023-04-02T07:21:37.885000+00:00,16.9,25.1,58.0,1018.2,0,1.2,135
257,7787,2023-04-02T07:23:37.900000+00:00,16.9,25.0,60.0,1018.2,0,1.0,90
258,7787,2023-04-02T07:25:37.930000+00:00,16.9,24.7,60.0,1018.4,0,1.7,150
259,7787,2023-04-02T07:27:37.944000+00:00,16.8,24.5,61.0,1018.2,0,1.5,107
260,7787,2023-04-02T07:29:37.942000+00:00,16.9,24.4,60.0,1018.2,0,1.5,107
261,7787,2023-04-02T07:31:37.957000+00:00,16.9,24.3,60.0,1018.2,0,5.0,107
262,7787,2023-04-02T07:33:37.971000+00:00,16.9,24.3,59.0,1018.2,0,1.7,92
263,7787,2023-04-02T07:35:37.985000+00:00,16.9,24.0,58.0,1018.4,0,1.5,115
264,7787,2023-04-02T07:37:38.015000+00:00,16.9,23.9,59.0,1018.4,0,1.6,137
265,7787,2023-04-02T07:39:38.014000+00:00,16.9,24.0,57.0,1018.4,0,1.2,128
266,7787,2023-04-02T07:41:38.028000+00:00,16.9,23.7,59.0,1018.4,0,1.5,169
267,9069,2023-04-29T12:49:07.212000+00:00,22.3,43.5,52.0,1009.0,0,0.6,93
268,9069,2023-04-29T12:51:07.226000+00:00,22.4,42.7,55.0,1009.0,0,0.6,312
269,9069,2023-04-29T12:53:07.256000+00:00,22.3,42.8,48.0,1009.0,0,0.6,0
270,9069,2023-04-29T12:55:07.254000+00:00,22.2,43.4,45.0,1008.9,0,0.0,0
271,9069,2023-04-29T12:57:07.253000+00:00,22.4,43.1,48.0,1009.0,0,0.5,60
272,9069,2023-04-29T12:59:07.252000+00:00,22.3,42.8,46.0,1009.0,0,0.3,219
273,9069,2023-04-29T13:01:07.266000+00:00,22.4,42.2,48.0,1009.0,0,0.6,340
274,9069,2023-04-29T13:03:07.249000+00:00,22.5,42.5,52.0,1009.0,0,1.0,0
275,9069,2023-04-29T13:05:07.263000+00:00,22.6,41.6,53.0,1009.0,0,0.5,0
276,9069,2023-04-29T13:07:07.261000+00:00,22.6,40.6,54.0,1009.0,0,1.0,59
277,9069,2023-04-29T13:09:07.260000+00:00,22.6,38.8,53.0,1009.0,0,0.0,6
278,9069,2023-04-29T13:11:07.259000+00:00,22.5,36.8,55.0,1009.0,0,0.5,0
279,9069,2023-04-29T13:13:07.257000+00:00,22.5,38.8,55.0,1009.0,0,0.5,12
280,9069,2023-04-29T13:15:07.256000+00:00,22.5,38.8,56.0,1009.0,0,0.3,345
281,9069,2023-04-29T13:17:07.254000+00:00,22.5,38.1,56.0,1009.0,0,0.6,58
282,9069,2023-04-29T13:19:07.253000+00:00,22.4,36.2,58.0,1009.0,0,0.4,7
283,9069,2023-04-29T13:21:07.267000+00:00,22.3,35.8,60.0,1009.0,0,0.6,71
284,9069,2023-04-29T13:23:07.266000+00:00,22.2,36.3,61.0,1009.0,0,0.6,102
285,9069,2023-04-29T13:25:07.249000+00:00,22.1,36.6,60.0,1009.0,0,0.5,0
286,9069,2023-04-29T13:27:07.247000+00:00,22.0,36.5,62.0,1009.0,0,0.4,78
287,9069,2023-04-29T13:29:07.262000+00:00,22.0,36.2,57.0,1009.0,0,0.3,267
288,9069,2023-04-29T13:31:07.260000+00:00,22.2,35.9,60.0,1009.0,0,0.4,0
289,9069,2023-04-29T13:33:07.259000+00:00,22.3,35.5,61.0,1008.9,1,0.4,223
290,9069,2023-04-29T13:35:07.257000+00:00,22.4,35.4,62.0,1009.0,0,0.6,0
291,9069,2023-04-29T13:37:07.272000+00:00,22.1,35.5,61.0,1009.0,0,0.3,0
292,9069,2023-04-29T13:39:07.270000+00:00,22.2,35.3,57.0,1009.0,0,1.1,249
293,9069,2023-04-29T13:41:07.300000+00:00,22.1,34.6,56.0,1009.0,0,0.6,0
294,9069,2023-04-29T13:43:07.299000+00:00,22.2,34.5,60.0,1008.9,0,1.3,0
295,9069,2023-04-29T13:45:07.329000+00:00,22.1,34.2,57.0,1008.9,0,0.6,218
296,9069,2023-04-29T13:47:07.327000+00:00,22.0,34.1,61.0,1008.9,0,0.4,334
297,9069,2023-04-29T13:49:07.341000+00:00,22.0,34.0,62.0,1008.7,0,0.6,0
298,9069,2023-04-29T13:51:07.371000+00:00,21.9,33.5,64.0,1008.9,0,1.0,0
299,9069,2023-04-29T13:53:07.370000+00:00,22.0,33.4,64.0,1008.7,0,0.8,245
300,9069,2023-04-29T13:55:07.400000+00:00,22.0,33.1,66.0,1008.7,0,0.6,232
301,9069,2023-04-29T13:57:07.383000+00:00,22.0,32.8,66.0,1008.7,0,1.0,177
302,9069,2023-04-29T13:59:07.381000+00:00,21.9,33.0,66.0,1008.7,0,1.0,232
303,9069,2023-04-29T14:01:07.380000+00:00,21.8,32.8,67.0,1008.7,0,1.0,194
304,9069,2023-04-29T14:03:07.394000+00:00,21.8,33.0,66.0,1008.7,0,1.8,217
305,9069,2023-04-29T14:05:07.377000+00:00,21.8,32.7,66.0,1008.5,0,1.8,0
306,9069,2023-04-29T14:07:07.392000+00:00,21.9,32.6,65.0,1008.7,0,0.6,232
307,9069,2023-04-29T14:09:07.421000+00:00,21.9,32.6,65.0,1008.5,0,1.2,241
308,9070,2023-04-30T10:01:11.577000+00:00,23.9,42.5,52.0,1009.5,0,1.6,15
309,9070,2023-04-30T10:03:11.575000+00:00,24.0,42.5,52.0,1009.5,0,1.0,59
310,9070,2023-04-30T10:05:11.604000+00:00,24.0,42.7,50.0,1009.4,0,1.5,30
311,9070,2023-04-30T10:07:11.602000+00:00,24.1,42.6,50.0,1009.5,0,0.6,255
312,9070,2023-04-30T10:09:11.599000+00:00,24.0,42.9,50.0,1009.5,0,1.7,162
313,9070,2023-04-30T10:11:11.597000+00:00,24.2,43.3,50.0,1009.4,0,1.1,115
314,9070,2023-04-30T10:13:11.626000+00:00,24.3,43.7,50.0,1009.4,0,0.8,41
315,9070,2023-04-30T10:15:11.655000+00:00,24.4,44.0,50.0,1009.4,0,1.7,197
316,9070,2023-04-30T10:17:11.653000+00:00,24.5,43.5,49.0,1009.4,0,1.7,112
317,9070,2023-04-30T10:19:11.651000+00:00,24.5,43.2,51.0,1009.2,0,0.8,353
318,9070,2023-04-30T10:21:11.664000+00:00,24.2,44.0,51.0,1009.2,0,1.2,41
319,9070,2023-04-30T10:23:11.678000+00:00,24.4,44.2,48.0,1009.2,0,1.1,62
320,9070,2023-04-30T10:25:11.691000+00:00,24.4,43.7,49.0,1009.4,0,1.1,49
321,9070,2023-04-30T10:27:11.689000+00:00,24.5,41.8,50.0,1009.2,0,0.8,149
322,9070,2023-04-30T10:29:11.687000+00:00,24.5,43.8,49.0,1009.2,0,1.1,195
323,9070,2023-04-30T10:31:11.700000+00:00,24.5,42.7,50.0,1009.2,0,1.2,33
324,9070,2023-04-30T10:33:11.714000+00:00,24.5,41.1,51.0,1009.0,0,1.7,50
325,9070,2023-04-30T10:35:11.680000+00:00,24.5,41.0,53.0,1009.0,0,0.8,0
326,9070,2023-04-30T10:37:11.678000+00:00,24.4,41.1,51.0,1009.0,0,0.8,304
327,9070,2023-04-30T10:39:11.707000+00:00,24.5,43.8,48.0,1009.0,0,1.1,348
328,9070,2023-04-30T10:41:11.690000+00:00,24.5,41.0,52.0,1009.0,0,1.7,38
329,9070,2023-04-30T10:43:11.687000+00:00,24.3,42.1,52.0,1008.9,0,1.3,24
330,9070,2023-04-30T10:45:11.685000+00:00,24.4,43.9,51.0,1008.7,0,0.8,67
331,9070,2023-04-30T10:47:11.683000+00:00,24.5,44.8,48.0,1008.7,0,1.5,121
332,9070,2023-04-30T10:49:11.681000+00:00,24.6,44.1,48.0,1008.7,0,0.6,65
333,9070,2023-04-30T10:51:11.679000+00:00,24.7,43.3,49.0,1008.7,0,0.6,341
334,9070,2023-04-30T10:53:11.692000+00:00,24.7,42.7,50.0,1008.7,0,1.3,19
335,9070,2023-04-30T10:55:11.784000+00:00,24.5,41.7,52.0,1008.7,0,1.7,43
336,9070,2023-04-30T10:57:11.797000+00:00,24.4,42.2,51.0,1008.9,0,1.1,76
337,9070,2023-04-30T10:59:11.795000+00:00,24.5,42.7,50.0,1008.7,0,0.6,340
338,9070,2023-04-30T11:01:11.808000+00:00,24.6,43.2,50.0,1008.7,0,1.0,193
339,9070,2023-04-30T11:03:11.822000+00:00,24.7,43.4,49.0,1008.9,0,1.7,245
340,9070,2023-04-30T11:05:11.804000+00:00,25.1,43.3,49.0,1008.7,0,1.0,195
341,9070,2023-04-30T11:07:11.818000+00:00,25.0,42.9,49.0,1008.7,0,1.2,222
342,9070,2023-04-30T11:09:11.815000+00:00,25.0,43.1,49.0,1008.7,0,0.4,16
343,9070,2023-04-30T11:11:11.829000+00:00,24.9,43.0,50.0,1008.7,0,1.1,233
344,9070,2023-04-30T11:13:11.811000+00:00,25.0,43.3,49.0,1008.5,0,1.0,275
345,9070,2023-04-30T11:15:11.809000+00:00,24.8,42.3,49.0,1008.5,0,0.6,21
346,9070,2023-04-30T11:17:11.807000+00:00,24.8,41.7,51.0,1008.5,0,0.8,0
347,9070,2023-04-30T11:19:11.805000+00:00,25.0,42.0,50.0,1008.5,0,0.6,295
348,9070,2023-04-30T11:21:11.865000+00:00,25.0,42.4,50.0,1008.2,0,0.8,148
349,9070,2023-04-30T11:23:11.816000+00:00,25.2,42.6,49.0,1008.2,0,0.8,23
350,9070,2023-04-30T11:25:11.814000+00:00,25.0,40.9,50.0,1008.2,0,1.2,26
351,9070,2023-04-30T11:27:11.843000+00:00,24.8,41.0,51.0,1008.2,0,1.2,343
352,9070,2023-04-30T11:29:11.856000+00:00,24.9,41.0,50.0,1008.0,0,1.2,226
353,9070,2023-04-30T11:31:11.870000+00:00,25.1,42.5,49.0,1008.0,0,0.8,64
354,9070,2023-04-30T11:33:11.883000+00:00,25.1,43.0,49.0,1008.0,0,2.0,34
355,9070,2023-04-30T11:35:11.912000+00:00,25.0,42.5,48.0,1008.0,0,1.2,47
356,9070,2023-04-30T11:37:11.910000+00:00,25.1,42.6,48.0,1008.0,0,1.0,65
357,9070,2023-04-30T11:39:11.908000+00:00,25.1,42.0,48.0,1008.0,0,1.3,290
358,9070,2023-04-30T11:41:11.921000+00:00,25.2,41.2,48.0,1008.2,0,1.0,0
359,9070,2023-04-30T11:43:11.935000+00:00,25.4,41.0,47.0,1008.2,0,0.6,48
360,9070,2023-04-30T11:45:11.933000+00:00,25.4,40.8,48.0,1008.2,0,1.0,0
361,9070,2023-04-30T11:47:11.930000+00:00,25.5,40.6,48.0,1008.4,0,1.2,16
362,9070,2023-04-30T11:49:11.944000+00:00,25.3,40.4,48.0,1008.2,0,1.2,95
363,9070,2023-04-30T11:51:11.942000+00:00,25.3,40.9,47.0,1008.2,0,1.2,66
364,9070,2023-04-30T11:53:11.940000+00:00,25.5,40.5,48.0,1008.2,0,1.6,62
365,9070,2023-04-30T11:55:11.937000+00:00,25.5,40.5,48.0,1008.4,0,0.8,0
366,9070,2023-04-30T11:57:11.935000+00:00,25.6,41.3,46.0,1008.2,0,1.8,62
367,9070,2023-04-30T11:59:11.949000+00:00,25.6,40.9,48.0,1008.2,0,1.2,0
368,9070,2023-04-30T12:01:11.946000+00:00,25.5,40.9,47.0,1008.2,0,1.2,75
369,9070,2023-04-30T12:03:11.991000+00:00,25.4,40.7,47.0,1008.2,0,0.6,15
370,9070,2023-04-30T12:05:11.989000+00:00,25.5,40.1,47.0,1008.2,0,0.6,147
371,9070,2023-04-30T12:07:12.002000+00:00,25.5,39.8,47.0,1008.2,0,1.0,91
372,9070,2023-04-30T12:09:12.032000+00:00,25.4,39.4,47.0,1008.2,0,0.6,93
373,9070,2023-04-30T12:11:12.045000+00:00,25.4,38.9,48.0,1008.2,0,1.2,288
374,9070,2023-04-30T12:13:12.058000+00:00,25.4,38.8,48.0,1008.2,0,1.0,30
375,9070,2023-04-30T12:15:12.072000+00:00,25.3,38.8,48.0,1008.2,0,1.0,190
376,9070,2023-04-30T12:17:12.070000+00:00,25.5,38.9,47.0,1008.4,0,1.5,46
377,9070,2023-04-30T12:19:12.068000+00:00,25.4,37.6,48.0,1008.4,0,0.5,46
378,9070,2023-04-30T12:21:12.066000+00:00,25.2,38.0,48.0,1008.4,0,0.8,158
379,9070,2023-04-30T12:23:12.063000+00:00,25.3,37.5,48.0,1008.5,0,0.8,235
380,9070,2023-04-30T12:25:12.061000+00:00,25.3,37.3,47.0,1008.5,0,1.0,123
381,9070,2023-04-30T12:27:12.075000+00:00,25.2,37.0,48.0,1008.5,0,1.1,0
382,9070,2023-04-30T12:29:12.072000+00:00,25.0,36.5,49.0,1008.5,0,1.2,194
383,9070,2023-04-30T12:31:12.070000+00:00,24.9,35.8,50.0,1008.7,0,1.6,217
384,9070,2023-04-30T12:33:12.068000+00:00,24.8,35.6,50.0,1008.9,0,1.1,210
385,9070,2023-04-30T12:35:12.050000+00:00,24.8,35.1,51.0,1008.9,0,1.3,190
386,9070,2023-04-30T12:37:12.064000+00:00,24.7,35.1,51.0,1009.0,0,1.7,201
387,9070,2023-04-30T12:39:12.171000+00:00,24.6,34.8,51.0,1009.2,0,2.0,191
388,9078,2023-05-07T18:31:25.241000+00:00,27.2,36.5,60.0,1019.0,0,4.0,134
389,9078,2023-05-07T18:33:25.239000+00:00,27.4,49.7,58.0,1019.0,0,4.0,103
390,9078,2023-05-07T18:35:25.238000+00:00,27.4,50.7,57.0,1019.0,0,4.4,142
391,9078,2023-05-07T18:37:25.237000+00:00,27.7,51.0,58.0,1018.9,0,4.9,99
392,9078,2023-05-07T18:39:25.282000+00:00,27.8,46.9,57.0,1019.0,0,3.0,83
393,9078,2023-05-07T18:41:25.218000+00:00,27.7,52.5,58.0,1018.7,0,3.0,101
394,9078,2023-05-07T18:43:25.232000+00:00,27.8,51.4,57.0,1018.7,0,3.7,132
395,9078,2023-05-07T18:45:25.231000+00:00,27.7,41.0,57.0,1018.7,0,4.0,133
396,9078,2023-05-07T18:47:25.230000+00:00,27.4,36.4,58.0,1018.7,0,4.5,146
397,9078,2023-05-07T18:49:25.228000+00:00,27.2,34.8,57.0,1018.7,0,4.6,146
398,9078,2023-05-07T18:51:25.227000+00:00,27.0,36.3,59.0,1018.7,0,3.4,129
399,9078,2023-05-07T18:53:25.241000+00:00,27.2,36.4,59.0,1018.7,0,5.5,147
400,9078,2023-05-07T18:55:25.240000+00:00,26.8,36.1,61.0,1018.7,0,4.5,137
401,9078,2023-05-07T18:57:25.239000+00:00,26.9,35.9,61.0,1018.7,0,4.1,108
402,9078,2023-05-07T18:59:25.300000+00:00,26.9,35.5,60.0,1018.7,0,3.5,125
403,9078,2023-05-07T19:01:25.267000+00:00,27.0,35.1,60.0,1018.7,0,3.0,128
404,9078,2023-05-07T19:03:25.297000+00:00,27.0,35.6,60.0,1018.7,0,3.9,129
405,9078,2023-05-07T19:05:25.327000+00:00,26.9,35.2,60.0,1018.7,0,4.6,132
406,9078,2023-05-07T19:07:25.325000+00:00,26.7,36.0,60.0,1018.7,0,3.7,112
407,9078,2023-05-07T19:09:25.340000+00:00,26.7,35.1,61.0,1018.7,0,3.2,139
408,9078,2023-05-07T19:11:25.338000+00:00,26.7,35.2,60.0,1018.7,0,3.4,140
409,9078,2023-05-07T19:13:25.353000+00:00,26.7,36.3,60.0,1018.7,0,2.2,142
410,9078,2023-05-07T19:15:25.398000+00:00,26.9,39.8,61.0,1018.7,0,2.5,124
411,9078,2023-05-07T19:17:25.365000+00:00,27.0,39.6,61.0,1018.7,0,4.3,134
412,9078,2023-05-07T19:19:25.364000+00:00,27.1,41.4,60.0,1018.5,0,4.8,141
413,9078,2023-05-07T19:21:25.363000+00:00,27.1,44.1,62.0,1018.7,0,3.7,136
414,9078,2023-05-07T19:23:25.361000+00:00,27.1,40.8,61.0,1018.7,0,4.0,154
415,9078,2023-05-07T19:25:25.360000+00:00,27.1,36.2,61.0,1018.5,0,4.0,141
416,9078,2023-05-07T19:27:25.359000+00:00,26.9,35.2,61.0,1018.7,0,3.2,136
417,9078,2023-05-07T19:29:25.357000+00:00,26.8,34.3,60.0,1018.7,0,5.8,131
418,9078,2023-05-07T19:31:25.372000+00:00,26.8,34.2,61.0,1018.5,0,4.4,140
419,9078,2023-05-07T19:33:25.355000+00:00,26.6,33.8,61.0,1018.5,0,6.9,146
420,9078,2023-05-07T19:35:25.369000+00:00,26.6,33.7,62.0,1018.5,0,3.5,139
421,9078,2023-05-07T19:37:25.368000+00:00,26.7,33.9,60.0,1018.5,0,4.1,128
422,9078,2023-05-07T19:39:25.366000+00:00,26.9,33.9,59.0,1018.5,0,4.8,158
423,9078,2023-05-07T19:41:25.365000+00:00,26.9,35.2,60.0,1018.5,0,5.5,128
424,9078,2023-05-07T19:43:25.363000+00:00,27.2,35.5,60.0,1018.5,0,3.2,147
425,9078,2023-05-07T19:45:25.378000+00:00,27.3,35.8,59.0,1018.5,0,4.0,134
426,9078,2023-05-07T19:47:25.361000+00:00,27.5,37.6,57.0,1018.4,0,3.0,132
427,9078,2023-05-07T19:49:25.359000+00:00,27.6,37.9,57.0,1018.4,0,4.4,155
428,9078,2023-05-07T19:51:25.358000+00:00,27.6,35.5,59.0,1018.4,0,3.7,134
429,9078,2023-05-07T19:53:25.372000+00:00,27.3,35.0,60.0,1018.4,0,4.6,130
430,9078,2023-05-07T19:55:25.371000+00:00,27.2,34.5,60.0,1018.5,0,3.5,132
431,9078,2023-05-07T19:57:25.370000+00:00,27.2,34.4,60.0,1018.4,0,5.1,139
432,9078,2023-05-07T19:59:25.368000+00:00,27.1,33.7,61.0,1018.4,0,3.7,127
433,9078,2023-05-07T20:01:25.367000+00:00,27.2,34.8,60.0,1018.4,0,3.0,137
434,9078,2023-05-07T20:03:25.365000+00:00,27.1,34.8,61.0,1018.4,0,3.9,151
435,9078,2023-05-07T20:05:25.364000+00:00,27.1,34.3,60.0,1018.2,0,3.0,113
436,9078,2023-05-07T20:07:25.363000+00:00,27.1,35.0,61.0,1018.2,0,5.5,113
437,9078,2023-05-07T20:09:25.361000+00:00,27.2,36.5,60.0,1018.2,0,4.3,117
438,9078,2023-05-07T20:11:25.360000+00:00,27.3,37.0,60.0,1018.2,0,3.0,280
439,9078,2023-05-07T20:13:25.390000+00:00,27.5,37.2,61.0,1018.0,0,3.0,145
440,9078,2023-05-07T20:15:25.358000+00:00,27.6,38.0,60.0,1018.2,0,3.7,129
441,9078,2023-05-07T20:17:25.356000+00:00,27.6,38.5,58.0,1018.2,0,4.3,142
442,9078,2023-05-07T20:19:25.355000+00:00,27.5,36.3,59.0,1018.2,0,3.2,145
443,9078,2023-05-07T20:21:25.369000+00:00,27.5,36.0,59.0,1018.2,0,4.5,160
444,9078,2023-05-07T20:23:25.368000+00:00,27.4,35.5,59.0,1018.2,0,3.5,144
445,9078,2023-05-07T20:25:25.397000+00:00,27.3,34.9,58.0,1018.0,0,4.6,144
446,9078,2023-05-07T20:27:25.365000+00:00,27.0,34.3,60.0,1018.0,0,3.7,128
447,9078,2023-05-07T20:29:25.363000+00:00,26.9,34.8,58.0,1018.0,0,4.3,133
448,9078,2023-05-07T20:31:25.378000+00:00,27.0,34.6,60.0,1018.0,0,3.5,125
449,9078,2023-05-07T20:33:25.376000+00:00,26.9,35.5,59.0,1018.0,0,4.3,148
450,9078,2023-05-07T20:35:25.359000+00:00,26.9,34.5,59.0,1018.0,0,4.0,148
451,9078,2023-05-07T20:37:25.358000+00:00,26.9,34.1,60.0,1018.0,0,2.7,144
452,9078,2023-05-07T20:39:25.357000+00:00,26.7,33.3,60.0,1018.0,0,4.0,143
453,9078,2023-05-07T20:41:25.355000+00:00,26.7,33.3,60.0,1018.0,0,4.3,158
454,9078,2023-05-07T20:43:25.370000+00:00,26.8,33.0,61.0,1018.0,0,3.2,142
455,9078,2023-05-07T20:45:25.384000+00:00,27.1,35.1,59.0,1017.9,0,4.4,140
456,9078,2023-05-07T20:47:25.383000+00:00,27.1,34.2,58.0,1018.0,0,4.4,128
457,9078,2023-05-07T20:49:25.366000+00:00,27.0,33.3,59.0,1018.0,0,3.7,122
458,9078,2023-05-07T20:51:25.364000+00:00,27.1,33.8,58.0,1018.0,0,4.0,136
459,9078,2023-05-07T20:53:25.363000+00:00,27.0,33.4,59.0,1017.9,0,5.0,142
460,9078,2023-05-07T20:55:25.362000+00:00,26.9,33.1,59.0,1017.9,0,3.5,118
461,9078,2023-05-07T20:57:25.360000+00:00,26.9,32.9,58.0,1017.9,0,4.0,136
462,9078,2023-05-07T20:59:25.359000+00:00,27.0,32.8,59.0,1017.9,0,3.7,141
463,9078,2023-05-07T21:01:25.373000+00:00,27.1,33.1,60.0,1017.9,0,3.0,136
464,9078,2023-05-07T21:03:25.372000+00:00,27.1,33.6,58.0,1017.9,0,3.0,143
465,9078,2023-05-07T21:05:25.371000+00:00,27.1,34.1,57.0,1017.7,0,1.3,113
466,9094,2023-05-28T12:01:43.398000+00:00,25.8,47.4,39.0,1013.7,0,1.0,149
467,9094,2023-05-28T12:03:43.395000+00:00,25.8,48.2,41.0,1013.7,0,1.0,137
468,9094,2023-05-28T12:05:43.409000+00:00,25.8,48.3,41.0,1013.7,0,0.5,0
469,9094,2023-05-28T12:07:43.422000+00:00,25.9,47.2,41.0,1013.5,0,0.6,334
470,9094,2023-05-28T12:09:43.405000+00:00,26.0,48.3,39.0,1013.7,0,1.0,324
471,9094,2023-05-28T12:11:43.403000+00:00,26.0,47.0,41.0,1013.5,0,0.4,277
472,9094,2023-05-28T12:13:43.432000+00:00,25.9,47.3,41.0,1013.5,0,0.5,296
473,9094,2023-05-28T12:15:43.445000+00:00,25.9,47.0,41.0,1013.5,0,0.8,341
474,9094,2023-05-28T12:17:43.443000+00:00,25.8,47.6,42.0,1013.5,0,0.5,332
475,9094,2023-05-28T12:19:43.472000+00:00,26.1,47.8,41.0,1013.5,0,0.4,0
476,9094,2023-05-28T12:21:43.486000+00:00,25.9,48.2,41.0,1013.4,0,0.5,328
477,9094,2023-05-28T12:23:43.484000+00:00,25.6,47.6,41.0,1013.4,0,0.8,69
478,9094,2023-05-28T12:25:43.482000+00:00,25.6,47.5,42.0,1013.5,0,0.6,35
479,9094,2023-05-28T12:27:43.495000+00:00,25.9,47.8,41.0,1013.5,0,0.8,123
480,9094,2023-05-28T12:29:43.509000+00:00,26.2,48.2,41.0,1013.5,0,0.6,150
481,9094,2023-05-28T12:31:43.554000+00:00,26.1,47.5,43.0,1013.4,0,0.8,100
482,9094,2023-05-28T12:33:43.567000+00:00,26.0,47.8,42.0,1013.4,0,1.1,302
483,9094,2023-05-28T12:35:43.565000+00:00,26.1,47.5,41.0,1013.4,0,0.8,63
484,9094,2023-05-28T12:37:43.578000+00:00,26.0,47.0,41.0,1013.5,0,1.1,11
485,9094,2023-05-28T12:39:43.576000+00:00,26.0,46.5,42.0,1013.5,0,1.2,82
486,9094,2023-05-28T12:41:43.621000+00:00,25.9,46.6,42.0,1013.5,0,0.6,143
487,9094,2023-05-28T12:43:43.603000+00:00,26.0,46.3,42.0,1013.5,0,1.5,167
488,9094,2023-05-28T12:45:43.616000+00:00,25.7,45.7,43.0,1013.5,0,0.6,270
489,9094,2023-05-28T12:47:43.630000+00:00,25.5,45.5,42.0,1013.5,0,0.8,138
490,9094,2023-05-28T12:49:43.628000+00:00,25.3,45.4,43.0,1013.5,0,0.8,134
491,9094,2023-05-28T12:51:43.641000+00:00,25.2,44.7,44.0,1013.5,0,0.6,51
492,9094,2023-05-28T12:53:43.655000+00:00,25.3,44.3,44.0,1013.5,0,1.2,0
493,9094,2023-05-28T12:55:43.668000+00:00,25.4,44.0,44.0,1013.5,0,0.8,0
494,9094,2023-05-28T12:57:43.698000+00:00,25.3,43.3,44.0,1013.5,0,1.0,0
495,9094,2023-05-28T12:59:43.695000+00:00,25.3,43.0,44.0,1013.4,0,1.0,298
496,9094,2023-05-28T13:01:43.693000+00:00,25.2,42.3,44.0,1013.4,0,0.5,155
497,9094,2023-05-28T13:03:43.691000+00:00,25.2,43.1,44.0,1013.4,0,0.8,153
498,9094,2023-05-28T13:05:43.705000+00:00,25.2,42.8,45.0,1013.5,0,0.8,66
499,9094,2023-05-28T13:07:43.687000+00:00,25.4,42.8,45.0,1013.5,0,1.0,115
500,9094,2023-05-28T13:09:43.685000+00:00,25.4,42.4,44.0,1013.5,0,1.0,132
501,9094,2023-05-28T13:11:43.698000+00:00,25.4,41.4,44.0,1013.5,0,0.6,50
502,9094,2023-05-28T13:13:43.696000+00:00,25.4,41.0,44.0,1013.5,0,1.2,147
503,9094,2023-05-28T13:15:43.694000+00:00,25.5,40.9,42.0,1013.5,0,2.2,137
504,9094,2023-05-28T13:17:43.676000+00:00,25.3,40.0,44.0,1013.5,0,0.6,1
505,9094,2023-05-28T13:19:43.690000+00:00,25.4,40.1,43.0,1013.5,0,0.6,136
506,9094,2023-05-28T13:21:43.688000+00:00,25.3,39.9,43.0,1013.5,0,0.8,148
507,9094,2023-05-28T13:23:43.686000+00:00,25.3,39.5,44.0,1013.5,0,0.8,129
508,9094,2023-05-28T13:25:43.699000+00:00,25.2,39.8,44.0,1013.5,0,0.8,145
509,9094,2023-05-28T13:27:43.713000+00:00,25.3,39.9,42.0,1013.5,0,0.6,132
510,9094,2023-05-28T13:29:43.742000+00:00,25.3,39.7,43.0,1013.5,0,2.0,91
511,9094,2023-05-28T13:31:43.755000+00:00,25.4,39.1,43.0,1013.5,0,1.6,125
512,9094,2023-05-28T13:33:43.784000+00:00,25.4,39.0,42.0,1013.4,0,1.1,141
513,9094,2023-05-28T13:35:43.813000+00:00,25.4,38.8,42.0,1013.4,0,1.8,152
514,9094,2023-05-28T13:37:43.827000+00:00,25.3,38.8,42.0,1013.2,0,0.6,131
515,9094,2023-05-28T13:39:43.825000+00:00,25.4,39.1,41.0,1013.2,0,1.0,134
516,9094,2023-05-28T13:41:43.823000+00:00,25.5,38.8,41.0,1013.2,0,1.1,81
517,9094,2023-05-28T13:43:43.820000+00:00,25.6,38.4,40.0,1013.4,0,1.0,110
518,9094,2023-05-28T13:45:43.818000+00:00,25.6,38.4,40.0,1013.4,0,1.0,156
519,9094,2023-05-28T13:47:43.832000+00:00,25.5,37.9,41.0,1013.4,0,1.0,92
520,9094,2023-05-28T13:49:43.845000+00:00,25.4,37.9,41.0,1013.4,0,1.6,154
521,9094,2023-05-28T13:51:43.890000+00:00,25.3,37.5,41.0,1013.2,0,1.3,140
522,9094,2023-05-28T13:53:43.888000+00:00,25.3,36.8,41.0,1013.4,0,1.2,158
523,9094,2023-05-28T13:55:43.917000+00:00,25.3,36.8,41.0,1013.4,0,1.2,152
524,9094,2023-05-28T13:57:43.930000+00:00,25.3,36.5,41.0,1013.2,0,1.2,109
525,9094,2023-05-28T13:59:43.944000+00:00,25.2,36.3,42.0,1013.4,0,1.1,155
526,9094,2023-05-28T14:01:43.957000+00:00,25.1,36.1,43.0,1013.4,0,0.8,153
527,9094,2023-05-28T14:03:43.955000+00:00,25.0,36.0,43.0,1013.4,0,0.8,70
528,9094,2023-05-28T14:05:43.953000+00:00,25.0,35.9,42.0,1013.2,0,2.0,128
529,9094,2023-05-28T14:07:43.951000+00:00,25.0,35.8,43.0,1013.4,0,0.6,158
530,9094,2023-05-28T14:09:43.949000+00:00,25.0,35.7,43.0,1013.4,0,0.4,0
531,9094,2023-05-28T14:11:43.947000+00:00,24.9,35.2,42.0,1013.2,0,1.2,172
532,9094,2023-05-28T14:13:43.944000+00:00,24.7,34.9,42.0,1013.2,1,0.8,133
533,9094,2023-05-28T14:15:43.958000+00:00,24.6,34.5,43.0,1013.2,1,0.5,217
534,9094,2023-05-28T14:17:43.940000+00:00,24.5,33.9,45.0,1013.2,1,0.6,104
535,9094,2023-05-28T14:19:43.954000+00:00,24.0,31.7,49.0,1013.2,1,0.6,147
536,9094,2023-05-28T14:21:43.952000+00:00,24.0,30.1,52.0,1013.2,1,0.6,127
537,9094,2023-05-28T14:23:43.949000+00:00,23.9,29.6,51.0,1013.2,1,1.2,189
538,9094,2023-05-28T14:25:44.041000+00:00,23.6,29.2,58.0,1013.2,1,1.3,154
539,9094,2023-05-28T14:27:43.945000+00:00,23.5,28.4,62.0,1013.2,1,1.3,132
540,9094,2023-05-28T14:29:43.943000+00:00,23.1,27.7,65.0,1013.2,1,1.7,145
541,9094,2023-05-28T14:31:43.956000+00:00,23.0,27.2,66.0,1013.2,1,1.6,141
542,9094,2023-05-28T14:33:43.954000+00:00,23.1,27.4,66.0,1013.2,1,1.6,146
543,9094,2023-05-28T14:35:43.968000+00:00,23.1,27.4,65.0,1013.2,1,1.7,152
544,9094,2023-05-28T14:37:43.966000+00:00,23.3,27.7,64.0,1013.2,1,1.7,143
545,9094,2023-05-28T14:39:43.979000+00:00,23.4,28.1,62.0,1013.2,0,1.6,151
546,9094,2023-05-28T14:41:43.946000+00:00,23.5,28.7,62.0,1013.0,0,1.7,148
547,9094,2023-05-28T14:43:43.975000+00:00,23.6,29.2,58.0,1013.0,0,2.0,136
548,9094,2023-05-28T14:45:43.988000+00:00,23.8,30.0,57.0,1013.0,0,1.3,138
549,9094,2023-05-28T14:47:44.002000+00:00,23.8,30.3,56.0,1013.0,0,1.5,146
550,9094,2023-05-28T14:49:44.031000+00:00,23.9,30.7,57.0,1012.9,0,1.7,136
551,9094,2023-05-28T14:51:44.044000+00:00,23.9,30.7,58.0,1012.9,0,1.5,135
552,9094,2023-05-28T14:53:44.073000+00:00,23.9,30.7,54.0,1013.0,0,1.1,131
553,9094,2023-05-28T14:55:44.071000+00:00,23.9,30.6,56.0,1012.7,0,0.5,135
554,9102,2023-06-04T12:01:27.692000+00:00,23.5,38.5,59.0,1000.9,0,2.2,238
555,9102,2023-06-04T12:03:27.690000+00:00,23.5,39.4,58.0,1000.9,0,1.7,222
556,9102,2023-06-04T12:05:27.703000+00:00,23.8,39.9,57.0,1001.0,0,1.2,214
557,9102,2023-06-04T12:07:27.701000+00:00,24.2,40.6,55.0,1000.7,0,1.7,221
558,9102,2023-06-04T12:09:27.699000+00:00,24.0,41.1,56.0,1000.7,0,1.5,211
559,9102,2023-06-04T12:11:27.697000+00:00,24.0,41.1,56.0,1000.7,0,1.7,233
560,9102,2023-06-04T12:13:27.694000+00:00,24.0,41.2,54.0,1000.7,0,2.0,225
561,9102,2023-06-04T12:15:27.723000+00:00,24.4,42.0,55.0,1000.7,0,1.7,224
562,9102,2023-06-04T12:17:27.706000+00:00,24.7,41.0,55.0,1000.7,0,1.3,194
563,9102,2023-06-04T12:19:27.704000+00:00,24.6,40.5,56.0,1000.7,0,1.2,178
564,9102,2023-06-04T12:21:27.717000+00:00,24.3,41.6,57.0,1000.7,0,2.2,229
565,9102,2023-06-04T12:23:27.699000+00:00,24.1,40.9,59.0,1000.7,0,3.0,231
566,9102,2023-06-04T12:25:27.713000+00:00,24.2,40.7,60.0,1000.5,0,3.5,227
567,9102,2023-06-04T12:27:27.711000+00:00,24.0,40.8,61.0,1000.7,0,2.5,207
568,9102,2023-06-04T12:29:27.708000+00:00,24.0,41.4,60.0,1000.5,0,2.2,233
569,9102,2023-06-04T12:31:27.706000+00:00,24.1,42.2,59.0,1000.7,0,1.8,232
570,9102,2023-06-04T12:33:27.720000+00:00,24.2,41.6,60.0,1000.5,0,1.6,279
571,9102,2023-06-04T12:35:27.718000+00:00,24.0,42.1,60.0,1000.7,0,1.7,85
572,9102,2023-06-04T12:37:27.715000+00:00,23.8,42.1,60.0,1000.7,0,1.7,100
573,9102,2023-06-04T12:39:27.729000+00:00,23.7,42.5,60.0,1000.9,0,2.9,106
574,9102,2023-06-04T12:41:27.711000+00:00,23.5,39.1,62.0,1001.0,0,1.6,64
575,9102,2023-06-04T12:43:27.709000+00:00,23.3,39.2,62.0,1001.2,0,0.6,236
576,9102,2023-06-04T12:45:27.723000+00:00,23.1,38.2,62.0,1000.9,0,1.2,238
577,9102,2023-06-04T12:47:27.720000+00:00,22.8,37.0,63.0,1001.2,0,1.5,206
578,9102,2023-06-04T12:49:27.718000+00:00,22.9,36.5,63.0,1001.0,0,1.6,247
579,9102,2023-06-04T12:51:27.732000+00:00,22.8,35.8,64.0,1001.0,0,1.2,250
580,9102,2023-06-04T12:53:27.729000+00:00,22.8,35.2,64.0,1001.2,0,0.8,196
581,9102,2023-06-04T12:55:27.743000+00:00,22.7,35.1,63.0,1001.2,0,0.8,247
582,9102,2023-06-04T12:57:27.741000+00:00,22.8,34.7,63.0,1001.2,0,1.0,222
583,9102,2023-06-04T12:59:27.723000+00:00,22.8,34.6,63.0,1001.2,0,1.2,266
584,9102,2023-06-04T13:01:27.721000+00:00,22.6,33.8,64.0,1001.0,0,1.2,0
585,9102,2023-06-04T13:03:27.750000+00:00,22.5,33.4,64.0,1001.0,0,1.6,294
586,9102,2023-06-04T13:05:27.748000+00:00,22.5,33.3,63.0,1001.0,0,1.1,14
587,9102,2023-06-04T13:07:27.761000+00:00,22.5,32.7,64.0,1001.0,0,1.1,273
588,9102,2023-06-04T13:09:27.743000+00:00,22.4,32.6,64.0,1001.0,0,1.6,13
589,9102,2023-06-04T13:11:27.773000+00:00,22.4,32.5,63.0,1001.0,0,1.6,49
590,9102,2023-06-04T13:13:27.770000+00:00,22.3,32.2,65.0,1001.0,0,1.5,55
591,9102,2023-06-04T13:15:27.768000+00:00,22.2,31.8,64.0,1001.0,0,2.2,16
592,9102,2023-06-04T13:17:27.766000+00:00,22.0,31.8,64.0,1001.0,0,2.2,82
593,9102,2023-06-04T13:19:27.764000+00:00,22.1,31.5,64.0,1001.2,0,2.2,84
594,9102,2023-06-04T13:21:27.762000+00:00,22.0,31.7,64.0,1001.2,0,2.7,86
595,9102,2023-06-04T13:23:27.775000+00:00,22.1,31.2,65.0,1001.2,0,2.0,67
596,9102,2023-06-04T13:25:27.773000+00:00,22.1,31.3,64.0,1001.2,0,2.0,46
597,9102,2023-06-04T13:27:27.771000+00:00,22.1,30.9,65.0,1001.2,0,2.7,83
598,9102,2023-06-04T13:29:27.784000+00:00,22.0,31.5,63.0,1001.2,0,1.6,95
599,9102,2023-06-04T13:31:27.782000+00:00,22.1,31.2,64.0,1001.2,0,2.2,90
600,9102,2023-06-04T13:33:27.780000+00:00,22.0,30.7,64.0,1001.5,0,1.7,76
601,9102,2023-06-04T13:35:27.778000+00:00,22.0,30.9,64.0,1001.4,0,2.2,61
602,9102,2023-06-04T13:37:27.776000+00:00,22.0,30.9,65.0,1001.2,0,3.2,84
603,9102,2023-06-04T13:39:27.789000+00:00,22.0,30.4,66.0,1001.2,0,1.6,68
604,9102,2023-06-04T13:41:27.803000+00:00,22.1,30.5,65.0,1001.2,0,1.6,112
605,9102,2023-06-04T13:43:27.801000+00:00,22.2,30.1,66.0,1001.2,0,2.2,74
606,9102,2023-06-04T13:45:27.798000+00:00,22.1,30.5,66.0,1001.2,0,2.2,88
607,9102,2023-06-04T13:47:27.796000+00:00,22.1,30.6,65.0,1001.0,0,2.2,60
608,9102,2023-06-04T13:49:27.794000+00:00,22.1,30.2,66.0,1001.0,0,1.7,68
609,9102,2023-06-04T13:51:27.808000+00:00,22.0,30.4,65.0,1001.2,0,1.5,36
610,9102,2023-06-04T13:53:27.805000+00:00,22.1,30.1,65.0,1001.2,0,1.2,340
611,9102,2023-06-04T13:55:27.803000+00:00,22.2,29.9,66.0,1001.2,0,2.0,42
612,9102,2023-06-04T13:57:27.801000+00:00,22.1,29.9,66.0,1001.2,0,1.6,71
613,9102,2023-06-04T13:59:27.799000+00:00,22.1,29.9,65.0,1001.4,0,1.7,70
614,9102,2023-06-04T14:01:27.812000+00:00,22.1,29.9,65.0,1001.4,0,2.0,62
615,9102,2023-06-04T14:03:27.810000+00:00,22.1,29.6,66.0,1001.5,0,2.2,20
616,9102,2023-06-04T14:05:27.808000+00:00,22.0,29.1,66.0,1001.5,0,1.2,49
617,9102,2023-06-04T14:07:27.806000+00:00,22.1,29.3,65.0,1001.5,0,1.2,56
618,9102,2023-06-04T14:09:27.804000+00:00,22.0,29.5,64.0,1001.5,0,2.4,58
619,9102,2023-06-04T14:11:27.817000+00:00,22.0,28.7,65.0,1001.5,0,2.2,327
620,9102,2023-06-04T14:13:27.815000+00:00,22.0,28.6,66.0,1001.5,0,1.7,51
621,9102,2023-06-04T14:15:27.829000+00:00,21.9,28.3,67.0,1001.5,0,1.7,71
622,9102,2023-06-04T14:17:27.811000+00:00,21.9,28.4,67.0,1001.5,0,2.2,80
623,9102,2023-06-04T14:19:27.809000+00:00,21.9,28.1,66.0,1001.5,0,1.8,56
624,9102,2023-06-04T14:21:27.822000+00:00,21.8,28.2,66.0,1001.5,0,1.2,27
625,9102,2023-06-04T14:23:27.820000+00:00,21.7,27.9,67.0,1001.4,0,1.7,17
626,9102,2023-06-04T14:25:27.818000+00:00,21.6,27.3,68.0,1001.4,0,1.1,52
627,9102,2023-06-04T14:27:27.816000+00:00,21.5,27.2,68.0,1001.4,0,1.7,65
628,9102,2023-06-04T14:29:27.814000+00:00,21.5,27.1,69.0,1001.4,0,2.2,55
629,9102,2023-06-04T14:31:27.827000+00:00,21.5,27.5,68.0,1001.2,0,2.2,43
630,9102,2023-06-04T14:33:27.840000+00:00,21.5,27.4,68.0,1001.0,0,2.4,45
631,9110,2023-06-18T17:01:59.471000+00:00,17.1,27.1,69.0,1011.9,0,1.8,285
632,9110,2023-06-18T17:03:59.484000+00:00,17.1,27.1,69.0,1011.9,0,1.3,278
633,9110,2023-06-18T17:05:59.482000+00:00,17.2,27.4,69.0,1011.9,0,1.0,294
634,9110,2023-06-18T17:07:59.495000+00:00,17.3,27.5,68.0,1011.7,0,2.2,321
635,9110,2023-06-18T17:09:59.509000+00:00,17.3,27.5,68.0,1011.7,0,2.7,309
636,9110,2023-06-18T17:11:59.507000+00:00,17.2,28.4,66.0,1011.7,0,2.0,296
637,9110,2023-06-18T17:13:59.505000+00:00,17.0,28.2,68.0,1011.9,0,2.9,287
638,9110,2023-06-18T17:15:59.503000+00:00,17.2,28.2,68.0,1011.9,0,2.9,287
639,9110,2023-06-18T17:17:59.501000+00:00,17.3,27.9,67.0,1011.9,0,2.2,276
640,9110,2023-06-18T17:19:59.529000+00:00,17.4,28.0,68.0,1011.7,0,1.7,315
641,9110,2023-06-18T17:21:59.559000+00:00,17.4,27.9,67.0,1011.7,0,2.0,318
642,9110,2023-06-18T17:23:59.572000+00:00,17.4,27.8,68.0,1011.7,0,1.0,256
643,9110,2023-06-18T17:25:59.570000+00:00,17.5,28.1,66.0,1011.5,0,3.0,311
644,9110,2023-06-18T17:27:59.584000+00:00,17.5,28.4,67.0,1011.5,0,1.7,301
645,9110,2023-06-18T17:29:59.597000+00:00,17.7,28.5,68.0,1011.5,0,1.3,238
646,9110,2023-06-18T17:31:59.626000+00:00,17.7,30.2,66.0,1011.5,0,2.0,255
647,9110,2023-06-18T17:33:59.640000+00:00,17.7,32.1,66.0,1011.5,0,1.2,204
648,9110,2023-06-18T17:35:59.637000+00:00,17.8,32.1,65.0,1011.4,0,2.4,314
649,9110,2023-06-18T17:37:59.635000+00:00,17.8,31.0,66.0,1011.4,0,2.5,305
650,9110,2023-06-18T17:39:59.649000+00:00,17.7,31.8,66.0,1011.5,0,2.4,294
651,9110,2023-06-18T17:41:59.647000+00:00,17.9,32.5,67.0,1011.5,0,1.2,314
652,9110,2023-06-18T17:43:59.644000+00:00,17.9,32.7,66.0,1011.4,0,0.8,293
653,9110,2023-06-18T17:45:59.658000+00:00,18.1,33.1,65.0,1011.4,0,1.6,315
654,9110,2023-06-18T17:47:59.640000+00:00,18.4,33.3,65.0,1011.4,0,2.7,285
655,9110,2023-06-18T17:49:59.654000+00:00,18.4,33.3,66.0,1011.4,0,2.2,289
656,9110,2023-06-18T17:51:59.667000+00:00,18.4,32.6,67.0,1011.5,0,0.8,315
657,9110,2023-06-18T17:53:59.649000+00:00,18.3,32.5,65.0,1011.5,0,2.2,290
658,9110,2023-06-18T17:55:59.647000+00:00,18.1,32.5,66.0,1011.5,0,2.0,305
659,9110,2023-06-18T17:57:59.661000+00:00,18.1,32.9,65.0,1011.5,0,2.7,323
660,9110,2023-06-18T17:59:59.659000+00:00,18.2,31.7,65.0,1011.5,0,2.4,336
661,9110,2023-06-18T18:01:59.657000+00:00,18.3,33.2,65.0,1011.5,0,2.0,308
662,9110,2023-06-18T18:03:59.654000+00:00,18.3,32.2,64.0,1011.5,0,2.0,314
663,9110,2023-06-18T18:05:59.684000+00:00,18.5,32.5,63.0,1011.5,0,2.0,304
664,9110,2023-06-18T18:07:59.681000+00:00,18.4,31.4,64.0,1011.4,0,1.7,317
665,9110,2023-06-18T18:09:59.726000+00:00,18.5,30.8,62.0,1011.4,0,2.0,334
666,9110,2023-06-18T18:11:59.740000+00:00,18.5,30.8,62.0,1011.4,0,1.5,342
667,9110,2023-06-18T18:13:59.769000+00:00,18.6,31.1,63.0,1011.4,0,1.8,327
668,9110,2023-06-18T18:15:59.782000+00:00,18.7,31.9,61.0,1011.4,0,1.3,296
669,9110,2023-06-18T18:17:59.796000+00:00,18.7,31.6,62.0,1011.4,0,1.2,352
670,9110,2023-06-18T18:19:59.825000+00:00,18.9,32.9,61.0,1011.4,0,2.5,318
671,9110,2023-06-18T18:21:59.838000+00:00,19.0,34.1,61.0,1011.4,0,1.8,351
672,9110,2023-06-18T18:23:59.836000+00:00,19.2,34.0,60.0,1011.2,0,1.5,339
673,9110,2023-06-18T18:25:59.834000+00:00,19.4,34.2,60.0,1011.2,0,1.2,337
674,9110,2023-06-18T18:27:59.863000+00:00,19.4,33.8,61.0,1011.4,0,1.7,310
675,9110,2023-06-18T18:29:59.861000+00:00,19.4,33.0,61.0,1011.4,0,1.5,330
676,9110,2023-06-18T18:31:59.890000+00:00,19.2,31.3,62.0,1011.4,0,1.8,319
677,9110,2023-06-18T18:33:59.919000+00:00,18.9,31.3,62.0,1011.4,0,2.7,319
678,9110,2023-06-18T18:35:59.917000+00:00,18.7,30.8,64.0,1011.4,0,3.0,304
679,9110,2023-06-18T18:37:59.915000+00:00,18.8,30.5,64.0,1011.4,0,1.8,329
680,9110,2023-06-18T18:39:59.929000+00:00,18.8,30.5,64.0,1011.4,0,1.5,282
681,9110,2023-06-18T18:41:59.958000+00:00,19.0,31.2,62.0,1011.4,0,1.7,320
682,9110,2023-06-18T18:43:59.971000+00:00,19.1,30.4,61.0,1011.4,0,2.4,305
683,9110,2023-06-18T18:45:59.969000+00:00,19.1,29.5,63.0,1011.2,0,1.6,306
684,9110,2023-06-18T18:48:00.014000+00:00,19.1,30.5,64.0,1011.4,0,1.6,332
685,9110,2023-06-18T18:50:00.043000+00:00,19.1,30.7,64.0,1011.4,0,1.5,349
686,9110,2023-06-18T18:52:00.057000+00:00,19.4,32.3,61.0,1011.2,0,2.5,329
687,9110,2023-06-18T18:54:00.070000+00:00,19.4,32.3,61.0,1011.2,0,2.5,329
688,9110,2023-06-18T18:56:00.052000+00:00,19.3,32.3,62.0,1011.5,0,1.8,324
689,9110,2023-06-18T18:58:00.066000+00:00,19.3,31.6,62.0,1011.5,0,2.4,314
690,9110,2023-06-18T19:00:00.064000+00:00,19.3,31.3,62.0,1011.5,0,1.3,324
691,9110,2023-06-18T19:02:00.062000+00:00,19.4,31.8,60.0,1011.4,0,1.5,324
692,9110,2023-06-18T19:04:00.059000+00:00,19.1,30.9,61.0,1011.4,0,2.5,319
693,9110,2023-06-18T19:06:00.073000+00:00,19.1,30.7,64.0,1011.4,0,2.2,347
694,9110,2023-06-18T19:08:00.071000+00:00,19.2,30.8,63.0,1011.5,0,2.0,348
695,9110,2023-06-18T19:10:00.069000+00:00,19.1,30.4,61.0,1011.5,0,2.2,332
696,9110,2023-06-18T19:12:00.067000+00:00,19.1,29.9,62.0,1011.5,0,2.7,331
697,9110,2023-06-18T19:14:00.065000+00:00,19.1,29.3,63.0,1011.7,0,2.0,289
698,9110,2023-06-18T19:16:00.062000+00:00,19.0,29.1,64.0,1011.7,0,1.6,339
699,9110,2023-06-18T19:18:00.092000+00:00,19.0,29.1,63.0,1011.7,0,1.5,317
700,9110,2023-06-18T19:20:00.090000+00:00,19.1,29.2,63.0,1011.7,0,1.7,312
701,9110,2023-06-18T19:22:00.103000+00:00,19.0,29.3,64.0,1011.7,0,2.0,325
702,9110,2023-06-18T19:24:00.117000+00:00,19.0,29.3,63.0,1011.7,0,2.0,336
703,9110,2023-06-18T19:26:00.114000+00:00,19.1,29.2,63.0,1011.7,0,2.4,313
704,9110,2023-06-18T19:28:00.128000+00:00,19.1,29.1,63.0,1011.7,0,1.8,337
705,9110,2023-06-18T19:30:00.141000+00:00,19.3,29.8,62.0,1011.9,0,1.8,343
706,9110,2023-06-18T19:32:00.171000+00:00,19.3,29.5,62.0,1012.0,0,2.0,342
707,9110,2023-06-18T19:34:00.184000+00:00,19.2,29.3,61.0,1012.0,0,1.6,351
708,9110,2023-06-18T19:36:00.198000+00:00,19.2,29.4,63.0,1012.0,0,2.7,309
709,9110,2023-06-18T19:38:00.211000+00:00,19.1,29.4,61.0,1012.0,0,3.0,347
710,9110,2023-06-18T19:40:00.209000+00:00,19.1,28.8,63.0,1012.2,0,2.0,304
711,9110,2023-06-18T19:42:00.207000+00:00,19.0,28.6,63.0,1012.0,0,2.5,304
712,9117,2023-07-01T13:52:04.366000+00:00,16.9,22.4,84.0,932.7,0,0.6,0
713,9117,2023-07-01T13:54:04.364000+00:00,16.8,22.2,84.0,932.7,0,0.8,26
714,9117,2023-07-01T13:56:04.363000+00:00,16.8,22.2,84.0,932.7,0,0.0,33
715,9117,2023-07-01T13:58:04.362000+00:00,16.8,22.2,85.0,932.7,1,0.5,0
716,9117,2023-07-01T14:00:04.360000+00:00,16.8,22.3,85.0,932.7,1,0.6,156
717,9117,2023-07-01T14:02:04.375000+00:00,16.8,22.2,86.0,932.7,1,0.6,260
718,9117,2023-07-01T14:04:04.389000+00:00,16.8,22.0,87.0,932.7,1,0.8,0
719,9117,2023-07-01T14:06:04.403000+00:00,16.8,21.7,88.0,932.7,1,0.8,30
720,9117,2023-07-01T14:08:04.418000+00:00,16.8,21.8,88.0,932.7,1,0.6,10
721,9117,2023-07-01T14:10:04.432000+00:00,16.6,21.7,89.0,932.7,1,0.8,335
722,9117,2023-07-01T14:12:04.477000+00:00,16.6,21.4,90.0,932.7,1,0.5,92
723,9117,2023-07-01T14:14:04.476000+00:00,16.6,21.2,89.0,932.7,1,0.3,266
724,9117,2023-07-01T14:16:04.490000+00:00,16.4,21.1,89.0,932.7,1,1.0,0
725,9117,2023-07-01T14:18:04.505000+00:00,16.4,21.0,90.0,932.7,1,0.0,218
726,9117,2023-07-01T14:20:04.488000+00:00,16.4,21.4,90.0,932.7,0,0.5,329
727,9117,2023-07-01T14:22:04.502000+00:00,16.3,21.4,89.0,932.7,1,0.4,350
728,9117,2023-07-01T14:24:04.501000+00:00,16.2,21.3,90.0,932.7,1,0.0,0
729,9117,2023-07-01T14:26:04.499000+00:00,16.1,21.1,90.0,932.7,1,0.5,292
730,9117,2023-07-01T14:28:04.514000+00:00,16.2,21.1,90.0,932.7,1,0.6,281
731,9117,2023-07-01T14:30:04.512000+00:00,16.1,21.3,89.0,932.7,1,0.6,255
732,9117,2023-07-01T14:32:04.527000+00:00,16.1,21.3,89.0,932.7,1,0.4,265
733,9117,2023-07-01T14:34:04.557000+00:00,16.1,21.3,89.0,932.7,0,0.6,300
734,9117,2023-07-01T14:36:04.571000+00:00,16.1,21.0,90.0,932.7,1,0.4,68
735,9117,2023-07-01T14:38:04.554000+00:00,16.2,21.0,90.0,932.7,0,1.3,154
736,9117,2023-07-01T14:40:04.568000+00:00,16.3,20.9,91.0,932.7,0,1.7,94
737,9117,2023-07-01T14:42:04.598000+00:00,16.4,21.1,89.0,932.7,0,1.2,349
738,9117,2023-07-01T14:44:04.613000+00:00,16.5,21.0,90.0,932.7,0,0.8,86
739,9117,2023-07-01T14:46:04.611000+00:00,16.4,20.8,88.0,932.7,0,0.6,169
740,9117,2023-07-01T14:48:04.641000+00:00,16.3,21.0,89.0,932.5,0,1.1,77
741,9117,2023-07-01T14:50:04.655000+00:00,16.4,20.8,87.0,932.7,0,1.2,25
742,9117,2023-07-01T14:52:04.639000+00:00,16.4,20.9,87.0,932.7,0,1.8,141
743,9117,2023-07-01T14:54:04.653000+00:00,16.4,20.7,86.0,932.7,0,1.5,55
744,9117,2023-07-01T14:56:04.698000+00:00,16.5,20.7,85.0,932.7,0,2.2,112
745,9117,2023-07-01T14:58:04.728000+00:00,16.5,20.5,85.0,932.5,0,0.6,88
746,9117,2023-07-01T15:00:04.743000+00:00,16.4,20.4,86.0,932.5,0,0.8,61
747,9117,2023-07-01T15:02:04.726000+00:00,16.5,20.7,85.0,932.5,0,0.6,73
748,9117,2023-07-01T15:04:04.709000+00:00,16.5,20.7,85.0,932.5,0,1.0,76
749,9117,2023-07-01T15:06:04.692000+00:00,16.4,20.7,83.0,932.7,0,1.2,99
750,9117,2023-07-01T15:08:04.706000+00:00,16.5,20.5,84.0,932.7,0,1.0,263
751,9117,2023-07-01T15:10:04.705000+00:00,16.3,20.2,85.0,932.7,0,0.3,246
752,9117,2023-07-01T15:12:04.719000+00:00,16.3,20.2,86.0,932.7,0,0.8,247
753,9117,2023-07-01T15:14:04.749000+00:00,16.3,20.4,86.0,932.7,0,0.3,247
754,9117,2023-07-01T15:16:04.795000+00:00,16.4,20.4,87.0,932.5,0,0.8,268
755,9117,2023-07-01T15:18:04.793000+00:00,16.3,20.8,87.0,932.7,0,1.1,248
756,9117,2023-07-01T15:20:04.792000+00:00,16.4,20.8,87.0,932.5,0,0.8,248
757,9117,2023-07-01T15:22:04.791000+00:00,16.4,20.8,86.0,932.7,0,0.8,261
758,9117,2023-07-01T15:24:04.789000+00:00,16.4,20.8,86.0,932.5,0,0.4,0
759,9117,2023-07-01T15:26:04.804000+00:00,16.4,20.9,86.0,932.5,0,0.4,273
760,9117,2023-07-01T15:28:04.787000+00:00,16.4,20.8,85.0,932.5,0,0.3,202
761,9118,2023-07-02T12:01:10.088000+00:00,21.7,31.2,56.0,934.2,0,1.0,90
762,9118,2023-07-02T12:03:10.086000+00:00,21.6,31.0,55.0,934.2,0,1.2,171
763,9118,2023-07-02T12:05:10.225000+00:00,21.5,30.6,55.0,934.2,0,0.8,69
764,9118,2023-07-02T12:07:10.082000+00:00,21.5,30.9,55.0,934.2,0,1.1,100
765,9118,2023-07-02T12:09:10.095000+00:00,21.5,30.5,54.0,934.2,0,1.8,62
766,9118,2023-07-02T12:11:10.093000+00:00,21.6,30.8,54.0,934.2,0,1.0,143
767,9118,2023-07-02T12:13:10.201000+00:00,21.7,31.2,53.0,934.2,0,0.8,68
768,9118,2023-07-02T12:15:10.120000+00:00,21.9,31.2,51.0,934.0,0,1.1,70
769,9118,2023-07-02T12:17:10.134000+00:00,21.9,31.4,50.0,934.0,0,1.8,77
770,9118,2023-07-02T12:19:10.147000+00:00,21.8,31.0,52.0,934.0,0,2.2,60
771,9118,2023-07-02T12:21:10.145000+00:00,21.8,30.7,53.0,934.0,1,1.3,80
772,9118,2023-07-02T12:23:10.159000+00:00,21.9,31.1,53.0,934.0,0,1.0,67
773,9118,2023-07-02T12:25:10.157000+00:00,21.9,32.0,53.0,934.0,0,1.8,73
774,9118,2023-07-02T12:27:10.186000+00:00,22.0,32.5,51.0,934.0,0,1.7,68
775,9118,2023-07-02T12:29:10.184000+00:00,22.2,32.3,51.0,934.0,0,0.6,52
776,9118,2023-07-02T12:31:10.182000+00:00,22.1,33.3,52.0,934.0,0,1.6,96
777,9118,2023-07-02T12:33:10.180000+00:00,22.2,32.7,51.0,934.0,0,2.0,65
778,9118,2023-07-02T12:35:10.177000+00:00,22.3,33.2,52.0,934.2,0,0.6,0
779,9118,2023-07-02T12:37:10.175000+00:00,22.2,33.2,51.0,934.0,0,0.6,24
780,9118,2023-07-02T12:39:10.189000+00:00,22.1,32.4,51.0,934.0,0,0.0,0
781,9118,2023-07-02T12:41:10.187000+00:00,22.2,33.3,51.0,934.0,0,0.6,291
782,9118,2023-07-02T12:43:10.185000+00:00,22.3,33.6,49.0,934.0,0,0.5,357
783,9118,2023-07-02T12:45:10.198000+00:00,22.3,32.8,50.0,934.0,0,0.4,209
784,9118,2023-07-02T12:47:10.212000+00:00,22.3,32.2,50.0,934.0,0,0.6,234
785,9118,2023-07-02T12:49:10.241000+00:00,22.3,32.3,50.0,934.0,1,1.3,267
786,9118,2023-07-02T12:51:10.254000+00:00,22.2,32.2,51.0,934.0,0,1.6,255
787,9118,2023-07-02T12:53:10.252000+00:00,22.1,32.1,51.0,934.0,0,1.8,264
788,9118,2023-07-02T12:55:10.297000+00:00,22.3,32.3,51.0,934.0,0,2.0,254
789,9118,2023-07-02T12:57:10.310000+00:00,22.3,31.8,50.0,934.0,0,1.8,242
790,9118,2023-07-02T12:59:10.324000+00:00,22.1,31.7,52.0,933.9,0,2.2,218
791,9118,2023-07-02T13:01:10.322000+00:00,22.1,32.0,51.0,933.9,0,0.8,269
792,9118,2023-07-02T13:03:10.319000+00:00,22.1,32.0,51.0,934.0,0,1.2,246
793,9118,2023-07-02T13:05:10.349000+00:00,22.3,32.1,50.0,934.0,0,1.1,240
794,9118,2023-07-02T13:07:10.346000+00:00,22.5,33.0,51.0,934.0,0,0.6,323
795,9118,2023-07-02T13:09:10.360000+00:00,22.7,34.3,49.0,934.0,0,0.0,0
796,9118,2023-07-02T13:11:10.373000+00:00,22.9,33.8,50.0,934.0,0,1.0,80
797,9118,2023-07-02T13:13:10.372000+00:00,23.0,33.4,50.0,934.0,0,1.1,0
798,9118,2023-07-02T13:15:10.385000+00:00,23.2,33.6,49.0,933.9,0,1.2,71
799,9118,2023-07-02T13:17:10.398000+00:00,23.2,34.1,49.0,933.9,0,1.3,0
800,9118,2023-07-02T13:19:10.584000+00:00,23.2,34.2,49.0,933.9,0,1.2,86
801,9118,2023-07-02T13:21:10.425000+00:00,23.2,34.5,48.0,934.0,0,0.8,161
802,9118,2023-07-02T13:23:10.423000+00:00,23.0,34.1,49.0,934.0,0,0.6,284
803,9118,2023-07-02T13:25:10.468000+00:00,22.9,32.9,49.0,934.0,0,0.8,330
804,9118,2023-07-02T13:27:10.513000+00:00,22.8,32.7,51.0,934.0,0,0.8,95
805,9118,2023-07-02T13:29:10.479000+00:00,22.7,32.8,51.0,934.0,0,1.2,145
806,9118,2023-07-02T13:31:10.508000+00:00,22.8,32.5,52.0,934.0,0,0.8,93
807,9118,2023-07-02T13:33:10.537000+00:00,22.7,32.6,52.0,934.0,0,1.2,118
808,9118,2023-07-02T13:35:10.566000+00:00,22.7,32.5,51.0,934.0,0,0.8,0
809,9118,2023-07-02T13:37:10.564000+00:00,22.6,32.2,51.0,934.0,0,0.8,47
810,9118,2023-07-02T13:39:10.562000+00:00,22.6,31.5,51.0,934.0,0,1.2,29
811,9118,2023-07-02T13:41:10.560000+00:00,22.7,32.2,52.0,934.0,0,1.6,113
812,9118,2023-07-02T13:43:10.574000+00:00,22.7,32.1,52.0,934.2,0,1.2,129
813,9118,2023-07-02T13:45:10.587000+00:00,22.5,31.8,53.0,934.0,0,1.0,80
814,9118,2023-07-02T13:47:10.601000+00:00,22.5,31.7,53.0,934.0,0,1.7,167
815,9118,2023-07-02T13:49:10.598000+00:00,22.5,31.4,53.0,934.0,0,1.1,9
816,9118,2023-07-02T13:51:10.596000+00:00,22.5,31.3,53.0,934.0,0,1.5,176
817,9118,2023-07-02T13:53:10.610000+00:00,22.5,31.3,53.0,934.0,0,0.8,137
818,9118,2023-07-02T13:55:10.639000+00:00,22.3,31.0,54.0,934.0,0,0.6,1
819,9118,2023-07-02T13:57:10.652000+00:00,22.3,30.7,55.0,934.0,0,0.8,57
820,9118,2023-07-02T13:59:10.666000+00:00,22.4,30.6,56.0,934.0,0,1.2,353
821,9118,2023-07-02T14:01:10.679000+00:00,22.3,31.5,55.0,934.0,0,0.6,42
822,9118,2023-07-02T14:03:10.661000+00:00,22.5,31.7,54.0,934.0,0,1.6,93
823,9118,2023-07-02T14:05:10.659000+00:00,22.5,31.5,54.0,934.0,0,1.7,133
824,9118,2023-07-02T14:07:10.673000+00:00,22.6,31.1,55.0,934.0,0,2.0,134
825,9118,2023-07-02T14:09:10.702000+00:00,22.6,31.1,55.0,934.0,0,1.6,78
826,9118,2023-07-02T14:11:10.700000+00:00,22.5,31.1,55.0,934.0,0,1.6,104
827,9118,2023-07-02T14:13:10.713000+00:00,22.5,31.2,54.0,933.9,0,1.7,93
828,9118,2023-07-02T14:15:10.711000+00:00,22.7,31.6,53.0,934.0,0,1.3,126
829,9118,2023-07-02T14:17:10.865000+00:00,22.7,31.8,54.0,934.0,0,1.1,96
830,9118,2023-07-02T14:19:10.754000+00:00,22.8,32.1,53.0,934.0,0,0.6,92
831,9118,2023-07-02T14:21:10.767000+00:00,22.8,32.0,52.0,934.0,0,0.6,109
832,9118,2023-07-02T14:23:10.796000+00:00,22.9,31.4,52.0,934.0,0,0.6,55
833,9118,2023-07-02T14:25:10.794000+00:00,22.8,31.3,53.0,934.0,0,0.8,59
834,9118,2023-07-02T14:27:10.807000+00:00,22.7,31.1,52.0,934.0,0,0.6,155
835,9118,2023-07-02T14:29:10.915000+00:00,22.6,31.0,53.0,934.0,0,0.4,118
836,9118,2023-07-02T14:31:10.866000+00:00,22.6,31.1,53.0,933.9,0,1.2,5
837,9118,2023-07-02T14:33:10.879000+00:00,22.6,31.1,53.0,933.9,0,1.2,5
838,9126,2023-07-09T13:01:13.379000+00:00,22.1,36.2,51.0,1001.4,0,2.7,233
839,9126,2023-07-09T13:03:13.377000+00:00,22.4,35.4,50.0,1001.4,0,3.0,194
840,9126,2023-07-09T13:05:13.390000+00:00,22.1,35.5,52.0,1001.2,0,4.9,200
841,9126,2023-07-09T13:07:13.388000+00:00,22.3,36.1,51.0,1001.5,0,4.9,183
842,9126,2023-07-09T13:09:13.386000+00:00,22.2,36.5,52.0,1001.4,0,4.1,208
843,9126,2023-07-09T13:11:13.384000+00:00,22.2,36.2,51.0,1001.4,0,3.0,198
844,9126,2023-07-09T13:13:13.397000+00:00,22.0,33.9,53.0,1001.2,0,2.5,195
845,9126,2023-07-09T13:15:13.395000+00:00,22.0,35.0,52.0,1001.4,0,3.2,197
846,9126,2023-07-09T13:17:13.393000+00:00,22.0,35.3,52.0,1001.4,0,4.0,199
847,9126,2023-07-09T13:19:13.391000+00:00,22.3,36.5,50.0,1001.5,0,4.1,198
848,9126,2023-07-09T13:21:13.389000+00:00,22.3,38.2,51.0,1001.4,0,4.3,187
849,9126,2023-07-09T13:23:13.402000+00:00,22.2,37.7,52.0,1001.2,0,3.0,206
850,9126,2023-07-09T13:25:13.400000+00:00,22.2,34.0,50.0,1001.2,0,3.0,231
851,9126,2023-07-09T13:27:13.445000+00:00,22.4,34.0,50.0,1001.2,0,4.0,212
852,9126,2023-07-09T13:29:13.458000+00:00,22.5,32.8,50.0,1001.0,0,3.0,218
853,9126,2023-07-09T13:31:13.472000+00:00,22.5,32.8,49.0,1001.0,0,4.0,220
854,9126,2023-07-09T13:33:13.501000+00:00,22.4,30.4,50.0,1001.2,0,3.2,231
855,9126,2023-07-09T13:35:13.499000+00:00,22.0,31.0,50.0,1001.2,0,3.7,195
856,9126,2023-07-09T13:37:13.512000+00:00,21.9,29.3,52.0,1001.2,0,2.9,199
857,9126,2023-07-09T13:39:13.526000+00:00,21.8,29.6,52.0,1001.0,0,4.3,225
858,9126,2023-07-09T13:41:13.523000+00:00,22.0,31.0,50.0,1001.2,0,3.5,190
859,9126,2023-07-09T13:43:13.537000+00:00,22.1,32.1,51.0,1001.0,0,4.3,193
860,9126,2023-07-09T13:45:13.535000+00:00,22.3,29.8,51.0,1001.2,0,5.5,192
861,9126,2023-07-09T13:47:13.533000+00:00,22.1,29.6,52.0,1001.2,0,3.5,204
862,9126,2023-07-09T13:49:13.530000+00:00,22.0,29.5,52.0,1001.2,0,3.0,203
863,9126,2023-07-09T13:51:13.528000+00:00,21.9,29.2,52.0,1001.2,0,3.7,212
864,9126,2023-07-09T13:53:13.542000+00:00,21.8,28.3,53.0,1001.2,0,4.3,203
865,9126,2023-07-09T13:55:13.540000+00:00,21.6,28.6,54.0,1001.2,0,3.0,211
866,9126,2023-07-09T13:57:13.538000+00:00,21.6,28.2,54.0,1001.2,0,3.7,207
867,9126,2023-07-09T13:59:13.535000+00:00,21.6,27.9,54.0,1001.2,0,4.0,190
868,9126,2023-07-09T14:01:13.534000+00:00,21.5,27.7,54.0,1001.2,0,3.7,195
869,9126,2023-07-09T14:03:13.547000+00:00,21.4,29.6,54.0,1001.2,0,3.7,236
870,9126,2023-07-09T14:05:13.545000+00:00,21.4,29.5,55.0,1001.4,0,3.2,191
871,9126,2023-07-09T14:07:13.542000+00:00,21.5,29.4,54.0,1001.2,0,3.4,238
872,9126,2023-07-09T14:09:13.540000+00:00,21.4,29.3,55.0,1001.2,0,3.0,201
873,9126,2023-07-09T14:11:13.538000+00:00,21.5,29.4,55.0,1001.4,0,3.2,193
874,9126,2023-07-09T14:13:13.552000+00:00,21.4,29.3,54.0,1001.2,0,4.0,198
875,9126,2023-07-09T14:15:13.550000+00:00,21.5,29.1,55.0,1001.4,0,3.5,201
876,9126,2023-07-09T14:17:13.547000+00:00,21.3,29.1,55.0,1001.2,0,3.5,201
877,9126,2023-07-09T14:19:13.545000+00:00,21.4,29.2,55.0,1001.2,0,3.2,203
878,9126,2023-07-09T14:21:13.559000+00:00,21.3,29.1,55.0,1001.2,0,4.5,187
879,9126,2023-07-09T14:23:13.572000+00:00,21.4,28.8,57.0,1001.5,0,4.5,205
880,9126,2023-07-09T14:25:13.554000+00:00,21.1,27.8,60.0,1001.5,0,4.5,229
881,9126,2023-07-09T14:27:13.552000+00:00,20.7,27.7,63.0,1001.5,0,1.8,212
882,9126,2023-07-09T14:29:13.566000+00:00,20.1,27.9,63.0,1001.4,0,2.2,222
883,9126,2023-07-09T14:31:13.564000+00:00,20.1,28.3,64.0,1001.5,0,2.4,229
884,9126,2023-07-09T14:33:13.562000+00:00,20.2,29.1,64.0,1001.4,0,3.2,201
885,9126,2023-07-09T14:35:13.559000+00:00,20.2,29.4,64.0,1001.4,0,2.0,206
886,9126,2023-07-09T14:37:13.557000+00:00,20.0,29.6,64.0,1001.2,0,1.7,222
887,9126,2023-07-09T14:39:13.555000+00:00,20.2,29.6,63.0,1001.4,0,0.8,214
888,9126,2023-07-09T14:41:13.569000+00:00,20.4,30.9,62.0,1001.4,0,1.7,145
889,9126,2023-07-09T14:43:13.555000+00:00,20.5,31.7,63.0,1001.4,0,2.0,220
890,9126,2023-07-09T14:45:13.568000+00:00,20.8,32.4,62.0,1001.4,0,1.2,209
891,9126,2023-07-09T14:47:13.597000+00:00,20.9,33.3,61.0,1001.4,0,2.5,175
892,9126,2023-07-09T14:49:13.595000+00:00,21.0,32.7,61.0,1001.4,0,1.8,195
893,9126,2023-07-09T14:51:13.562000+00:00,21.0,31.4,62.0,1001.4,0,2.2,235
894,9126,2023-07-09T14:53:13.591000+00:00,21.0,30.6,63.0,1001.2,0,1.3,179
895,9126,2023-07-09T14:55:13.605000+00:00,21.0,30.5,63.0,1001.2,0,1.7,201
896,9126,2023-07-09T14:57:13.634000+00:00,20.9,30.3,62.0,1001.2,0,1.8,190
897,9126,2023-07-09T14:59:13.663000+00:00,21.0,30.1,62.0,1001.2,0,1.7,247
898,9126,2023-07-09T15:01:13.661000+00:00,20.8,29.8,63.0,1001.2,0,1.5,217
899,9126,2023-07-09T15:03:13.674000+00:00,20.9,29.7,63.0,1001.2,0,0.8,246
900,9126,2023-07-09T15:05:13.672000+00:00,20.9,29.4,63.0,1001.2,0,1.8,199
901,9126,2023-07-09T15:07:13.670000+00:00,20.9,29.5,64.0,1001.0,0,1.1,173
902,9126,2023-07-09T15:09:13.668000+00:00,21.0,29.5,63.0,1001.0,0,1.1,218
903,9126,2023-07-09T15:11:13.681000+00:00,21.1,29.7,62.0,1001.0,0,2.4,192
904,9126,2023-07-09T15:13:13.695000+00:00,21.3,29.9,62.0,1001.0,0,1.7,200
905,9126,2023-07-09T15:15:13.708000+00:00,21.4,31.1,57.0,1001.0,0,2.0,220
906,9126,2023-07-09T15:17:13.737000+00:00,21.4,30.4,57.0,1001.0,0,2.0,212
907,9126,2023-07-09T15:19:13.766000+00:00,21.4,30.1,58.0,1001.0,0,2.7,199
908,9126,2023-07-09T15:21:13.764000+00:00,21.5,30.0,58.0,1001.0,0,2.4,229
909,9126,2023-07-09T15:23:13.762000+00:00,21.5,29.6,54.0,1001.0,0,3.4,188
910,9126,2023-07-09T15:25:13.807000+00:00,21.6,29.7,54.0,1001.0,0,4.0,182
911,9126,2023-07-09T15:27:13.805000+00:00,21.8,30.2,53.0,1001.0,0,3.5,188
912,9126,2023-07-09T15:29:13.834000+00:00,21.8,29.6,53.0,1001.0,0,3.4,187
913,9126,2023-07-09T15:31:13.800000+00:00,21.8,29.3,53.0,1001.0,0,4.1,192
914,9133,2023-07-23T12:01:53.448000+00:00,28.0,50.9,34.0,989.0,0,1.8,287
915,9133,2023-07-23T12:03:53.462000+00:00,28.0,51.0,33.0,989.0,0,0.8,334
916,9133,2023-07-23T12:05:53.475000+00:00,28.1,51.4,32.0,989.0,0,2.5,318
917,9133,2023-07-23T12:07:53.489000+00:00,27.9,50.5,34.0,989.0,0,1.1,265
918,9133,2023-07-23T12:09:53.502000+00:00,27.9,49.2,34.0,989.0,0,2.0,190
919,9133,2023-07-23T12:11:53.531000+00:00,27.7,49.2,34.0,988.9,0,0.6,152
920,9133,2023-07-23T12:13:53.529000+00:00,27.7,51.3,33.0,989.0,0,2.5,306
921,9133,2023-07-23T12:15:53.527000+00:00,28.0,50.3,33.0,989.0,0,1.2,35
922,9133,2023-07-23T12:17:53.525000+00:00,28.1,50.7,33.0,989.0,0,1.7,144
923,9133,2023-07-23T12:19:53.538000+00:00,28.2,50.7,32.0,989.0,0,0.8,211
924,9133,2023-07-23T12:21:53.521000+00:00,28.0,50.3,32.0,989.0,0,1.1,114
925,9133,2023-07-23T12:23:53.534000+00:00,28.0,50.0,34.0,988.7,0,0.8,59
926,9133,2023-07-23T12:25:53.548000+00:00,28.1,50.0,34.0,988.9,0,1.2,59
927,9133,2023-07-23T12:27:53.530000+00:00,28.2,50.0,32.0,988.9,0,1.6,75
928,9133,2023-07-23T12:29:53.528000+00:00,28.3,49.1,33.0,988.9,0,1.6,225
929,9133,2023-07-23T12:31:53.541000+00:00,28.3,49.9,34.0,988.7,0,1.3,60
930,9133,2023-07-23T12:33:53.586000+00:00,28.2,49.7,34.0,988.7,0,1.0,193
931,9133,2023-07-23T12:35:53.584000+00:00,28.1,49.5,34.0,988.7,0,0.8,182
932,9133,2023-07-23T12:37:53.597000+00:00,28.3,48.3,34.0,988.7,0,1.6,219
933,9133,2023-07-23T12:39:53.642000+00:00,28.3,49.1,34.0,988.9,0,1.1,203
934,9133,2023-07-23T12:41:53.640000+00:00,28.4,49.2,34.0,988.9,0,1.7,197
935,9133,2023-07-23T12:43:53.638000+00:00,28.2,48.7,34.0,988.7,0,0.8,141
936,9133,2023-07-23T12:45:53.651000+00:00,28.2,47.9,34.0,988.7,0,0.8,320
937,9133,2023-07-23T12:47:53.649000+00:00,28.1,49.0,34.0,988.7,0,0.8,56
938,9133,2023-07-23T12:49:53.663000+00:00,28.3,49.0,34.0,988.7,0,1.8,113
939,9133,2023-07-23T12:51:53.676000+00:00,28.5,48.4,33.0,988.5,0,1.7,83
940,9133,2023-07-23T12:53:53.674000+00:00,28.5,47.2,34.0,988.7,0,1.7,125
941,9133,2023-07-23T12:55:53.672000+00:00,28.5,49.6,34.0,988.7,0,1.2,262
942,9133,2023-07-23T12:57:53.670000+00:00,28.6,49.6,34.0,988.5,0,1.3,48
943,9133,2023-07-23T12:59:53.683000+00:00,28.5,49.8,34.0,988.5,0,0.8,5
944,9133,2023-07-23T13:01:53.681000+00:00,28.5,50.3,33.0,988.7,0,1.1,329
945,9133,2023-07-23T13:03:53.679000+00:00,28.7,50.1,33.0,988.5,0,1.1,0
946,9133,2023-07-23T13:05:53.677000+00:00,28.8,49.9,34.0,988.5,0,0.6,110
947,9133,2023-07-23T13:07:53.674000+00:00,28.8,50.1,33.0,988.5,0,1.5,134
948,9133,2023-07-23T13:09:53.688000+00:00,28.9,49.6,34.0,988.5,0,1.1,314
949,9133,2023-07-23T13:11:53.686000+00:00,29.1,49.6,33.0,988.4,0,2.5,269
950,9133,2023-07-23T13:13:53.699000+00:00,29.1,49.2,34.0,988.4,0,2.2,111
951,9133,2023-07-23T13:15:53.681000+00:00,29.0,49.9,32.0,988.5,0,1.7,58
952,9133,2023-07-23T13:17:53.711000+00:00,28.9,49.5,32.0,988.5,0,1.7,136
953,9133,2023-07-23T13:19:53.708000+00:00,29.0,49.6,31.0,988.5,0,1.5,183
954,9133,2023-07-23T13:21:53.739000+00:00,29.1,49.3,31.0,988.2,0,0.6,68
955,9133,2023-07-23T13:23:53.735000+00:00,29.0,49.1,31.0,988.2,0,1.2,298
956,9133,2023-07-23T13:25:53.733000+00:00,29.1,50.0,33.0,988.2,0,1.8,128
957,9133,2023-07-23T13:27:53.731000+00:00,29.4,48.6,33.0,988.4,0,2.5,322
958,9133,2023-07-23T13:29:53.760000+00:00,29.3,48.5,32.0,988.2,0,1.1,342
959,9133,2023-07-23T13:31:53.789000+00:00,29.2,49.2,32.0,988.2,0,0.8,129
960,9133,2023-07-23T13:33:53.787000+00:00,28.9,48.6,33.0,988.2,0,2.2,329
961,9133,2023-07-23T13:35:53.832000+00:00,28.9,49.3,33.0,988.4,0,1.6,340
962,9133,2023-07-23T13:37:53.830000+00:00,29.0,48.8,33.0,988.2,0,2.0,38
963,9133,2023-07-23T13:39:53.828000+00:00,29.0,48.2,33.0,988.2,0,1.1,241
964,9133,2023-07-23T13:41:53.826000+00:00,29.0,48.5,32.0,988.2,0,1.2,316
965,9133,2023-07-23T13:43:53.830000+00:00,29.1,48.5,33.0,988.2,0,1.1,153
966,9133,2023-07-23T13:45:53.828000+00:00,29.3,48.6,33.0,988.2,0,1.2,114
967,9133,2023-07-23T13:47:53.825000+00:00,29.3,48.2,34.0,988.2,0,2.5,241
968,9133,2023-07-23T13:49:53.839000+00:00,29.3,48.5,32.0,988.2,0,2.2,293
969,9133,2023-07-23T13:51:53.837000+00:00,29.3,48.5,32.0,988.2,0,1.7,134
970,9133,2023-07-23T13:53:53.835000+00:00,29.2,48.1,32.0,988.2,0,2.4,108
971,9133,2023-07-23T13:55:53.832000+00:00,29.3,47.5,32.0,988.2,0,1.5,124
972,9133,2023-07-23T13:57:53.830000+00:00,29.3,47.4,32.0,988.2,0,1.2,0
973,9133,2023-07-23T13:59:53.828000+00:00,29.2,47.4,33.0,988.0,0,1.3,219
974,9133,2023-07-23T14:01:53.842000+00:00,29.3,47.5,33.0,988.2,0,0.8,137
975,9133,2023-07-23T14:03:53.855000+00:00,29.2,48.1,32.0,988.0,0,2.0,92
976,9133,2023-07-23T14:05:53.884000+00:00,29.0,48.0,32.0,988.0,0,1.7,351
977,9133,2023-07-23T14:07:53.898000+00:00,29.1,47.9,32.0,988.0,0,1.3,232
978,9133,2023-07-23T14:09:53.911000+00:00,29.2,47.6,32.0,988.0,0,1.7,39
979,9133,2023-07-23T14:11:53.925000+00:00,29.2,47.1,33.0,988.0,0,2.2,179
980,9133,2023-07-23T14:13:53.938000+00:00,29.0,47.0,33.0,988.0,0,1.2,134
981,9133,2023-07-23T14:15:53.952000+00:00,29.1,47.5,33.0,988.0,0,1.0,135
982,9133,2023-07-23T14:17:53.950000+00:00,29.3,47.5,32.0,988.0,0,2.2,149
983,9133,2023-07-23T14:19:53.963000+00:00,29.4,46.8,32.0,988.0,0,2.0,55
984,9133,2023-07-23T14:21:53.977000+00:00,29.3,46.8,32.0,988.0,0,1.7,109
985,9133,2023-07-23T14:23:53.975000+00:00,29.4,46.7,32.0,988.0,0,1.5,324
986,9133,2023-07-23T14:25:53.972000+00:00,29.5,47.1,32.0,988.0,0,1.1,99
987,9133,2023-07-23T14:27:53.970000+00:00,29.5,46.4,33.0,987.9,0,1.3,121
988,9133,2023-07-23T14:29:53.984000+00:00,29.5,46.4,32.0,987.9,0,1.3,240
989,9133,2023-07-23T14:31:53.982000+00:00,29.5,46.1,32.0,988.0,0,1.2,335
990,9133,2023-07-23T14:33:53.980000+00:00,29.4,46.1,33.0,987.9,0,1.5,105
991,9133,2023-07-23T14:35:53.977000+00:00,29.3,45.9,32.0,988.0,0,1.7,16
992,9133,2023-07-23T14:37:53.975000+00:00,29.3,45.6,32.0,988.0,0,1.7,345
993,9133,2023-07-23T14:39:54.020000+00:00,29.4,45.7,32.0,987.7,0,1.2,336
994,9133,2023-07-23T14:41:53.987000+00:00,29.4,45.5,32.0,987.7,0,1.2,248
995,9133,2023-07-23T14:43:54.016000+00:00,29.3,45.7,32.0,987.7,0,1.0,253
996,9140,2023-07-29T14:20:19.435000+00:00,21.0,30.7,65.0,961.5,0,1.5,238
997,9140,2023-07-29T14:22:19.434000+00:00,21.0,31.6,65.0,961.4,0,0.5,123
998,9140,2023-07-29T14:24:19.433000+00:00,21.3,31.6,66.0,961.5,0,2.0,152
999,9140,2023-07-29T14:26:19.431000+00:00,21.5,31.7,65.0,961.2,0,2.2,267
1000,9140,2023-07-29T14:28:19.461000+00:00,21.6,31.7,65.0,961.2,0,0.8,166
1001,9140,2023-07-29T14:30:19.444000+00:00,21.7,31.1,66.0,961.4,0,1.7,0
1002,9140,2023-07-29T14:32:19.443000+00:00,21.6,30.6,64.0,961.2,0,1.7,142
1003,9140,2023-07-29T14:34:19.442000+00:00,21.4,30.6,64.0,961.4,0,1.2,99
1004,9140,2023-07-29T14:36:19.440000+00:00,21.4,30.5,65.0,961.4,0,1.5,127
1005,9140,2023-07-29T14:38:19.439000+00:00,21.4,31.2,64.0,961.4,0,1.0,134
1006,9140,2023-07-29T14:40:19.453000+00:00,21.5,31.6,65.0,961.4,1,0.8,339
1007,9140,2023-07-29T14:42:19.436000+00:00,21.3,31.2,65.0,961.4,1,2.0,142
1008,9140,2023-07-29T14:44:19.435000+00:00,21.1,30.1,66.0,961.5,1,0.8,146
1009,9140,2023-07-29T14:46:19.449000+00:00,21.0,30.0,64.0,961.4,1,1.7,40
1010,9140,2023-07-29T14:48:19.448000+00:00,21.0,29.6,65.0,961.5,1,1.2,88
1011,9140,2023-07-29T14:50:19.447000+00:00,20.9,29.3,65.0,961.5,1,1.2,113
1012,9140,2023-07-29T14:52:19.445000+00:00,20.6,29.0,66.0,961.5,1,0.8,61
1013,9140,2023-07-29T14:54:19.460000+00:00,20.6,29.0,67.0,961.5,1,1.8,109
1014,9140,2023-07-29T14:56:19.443000+00:00,20.5,28.7,67.0,961.5,0,1.1,110
1015,9140,2023-07-29T14:58:19.441000+00:00,20.5,29.0,67.0,961.5,0,0.8,136
1016,9140,2023-07-29T15:00:19.456000+00:00,20.3,28.5,68.0,961.5,0,1.5,89
1017,9140,2023-07-29T15:02:19.454000+00:00,20.2,28.3,68.0,961.7,1,1.1,129
1018,9140,2023-07-29T15:04:19.484000+00:00,19.9,27.0,71.0,961.7,1,0.8,126
1019,9140,2023-07-29T15:06:19.498000+00:00,19.6,25.9,76.0,961.9,1,2.5,127
1020,9140,2023-07-29T15:08:19.497000+00:00,18.9,22.8,80.0,961.7,1,1.5,145
1021,9140,2023-07-29T15:10:19.496000+00:00,18.3,22.8,83.0,961.7,1,1.0,238
1022,9140,2023-07-29T15:12:19.526000+00:00,18.3,24.0,85.0,961.7,1,1.3,176
1023,9140,2023-07-29T15:14:19.524000+00:00,18.0,24.5,84.0,961.5,1,1.2,265
1024,9140,2023-07-29T15:16:19.601000+00:00,17.8,24.2,86.0,961.7,1,0.6,52
1025,9140,2023-07-29T15:18:19.569000+00:00,17.7,24.1,86.0,961.7,1,1.1,149
1026,9140,2023-07-29T15:20:19.567000+00:00,17.7,24.2,86.0,961.7,1,0.8,205
1027,9140,2023-07-29T15:22:19.597000+00:00,18.0,25.7,88.0,961.7,0,1.0,110
1028,9140,2023-07-29T15:24:19.596000+00:00,18.0,25.8,87.0,961.7,1,0.5,99
1029,9140,2023-07-29T15:26:19.594000+00:00,18.2,26.6,86.0,961.7,0,0.6,53
1030,9140,2023-07-29T15:28:19.609000+00:00,18.4,26.5,87.0,961.5,0,0.3,146
1031,9140,2023-07-29T15:30:19.592000+00:00,18.6,26.3,87.0,961.5,0,0.8,167
1032,9140,2023-07-29T15:32:19.590000+00:00,18.5,26.2,87.0,961.5,0,0.6,150
1033,9140,2023-07-29T15:34:19.605000+00:00,18.6,25.9,88.0,961.5,0,0.8,110
1034,9140,2023-07-29T15:36:19.619000+00:00,18.6,25.9,85.0,961.5,0,1.2,127
1035,9140,2023-07-29T15:38:19.618000+00:00,18.4,25.7,85.0,961.5,0,0.5,92
1036,9140,2023-07-29T15:40:19.648000+00:00,18.5,25.5,85.0,961.5,0,0.6,139
1037,9140,2023-07-29T15:42:19.646000+00:00,18.6,25.9,87.0,961.5,0,0.6,100
1038,9140,2023-07-29T15:44:19.645000+00:00,18.7,25.8,86.0,961.5,0,1.6,94
1039,9140,2023-07-29T15:46:19.675000+00:00,18.9,26.6,84.0,961.5,0,0.0,0
1040,9140,2023-07-29T15:48:19.689000+00:00,18.9,26.7,84.0,961.5,0,0.5,193
1041,9140,2023-07-29T15:50:19.719000+00:00,19.0,26.7,82.0,961.5,0,1.1,156
1042,9140,2023-07-29T15:52:19.718000+00:00,19.0,26.6,83.0,961.5,0,0.0,148
1043,9140,2023-07-29T15:54:19.732000+00:00,19.1,26.7,83.0,961.4,0,1.3,147
1044,9140,2023-07-29T15:56:19.731000+00:00,19.1,26.6,83.0,961.5,0,1.2,161
1045,9140,2023-07-29T15:58:19.729000+00:00,18.9,26.0,82.0,961.5,0,1.3,74
1046,9140,2023-07-29T16:00:19.728000+00:00,19.0,25.8,82.0,961.5,0,1.5,147
1047,9140,2023-07-29T16:02:19.742000+00:00,19.0,25.8,82.0,961.5,0,0.8,135
1048,9140,2023-07-29T16:04:19.725000+00:00,18.9,25.9,82.0,961.5,0,0.8,109
1049,9140,2023-07-29T16:06:19.771000+00:00,18.9,25.7,82.0,961.5,0,1.6,191
1050,9140,2023-07-29T16:08:19.754000+00:00,19.0,25.8,83.0,961.5,0,1.8,99
1051,9140,2023-07-29T16:10:19.799000+00:00,19.1,25.7,80.0,961.5,0,1.1,138
1052,9140,2023-07-29T16:12:19.783000+00:00,19.1,25.1,82.0,961.5,0,2.5,159
1053,9140,2023-07-29T16:14:19.797000+00:00,19.3,24.9,82.0,961.7,1,2.0,130
1054,9140,2023-07-29T16:16:19.811000+00:00,19.5,25.6,82.0,961.5,0,1.7,225
1055,9140,2023-07-29T16:18:19.794000+00:00,19.7,25.9,83.0,961.5,0,0.5,26
1056,9141,2023-07-30T12:01:24.702000+00:00,17.0,26.3,66.0,966.5,0,2.5,83
1057,9141,2023-07-30T12:03:24.685000+00:00,17.0,26.6,66.0,966.5,0,1.2,81
1058,9141,2023-07-30T12:05:24.684000+00:00,17.0,27.1,65.0,966.4,0,1.2,215
1059,9141,2023-07-30T12:07:24.682000+00:00,17.1,27.0,65.0,966.4,0,2.0,108
1060,9141,2023-07-30T12:09:24.697000+00:00,17.1,27.1,64.0,966.5,0,1.3,1
1061,9141,2023-07-30T12:11:24.711000+00:00,17.2,27.2,63.0,966.5,0,1.7,86
1062,9141,2023-07-30T12:13:24.725000+00:00,17.3,28.0,63.0,966.5,0,1.0,100
1063,9141,2023-07-30T12:15:24.740000+00:00,17.4,27.5,63.0,966.5,0,2.2,146
1064,9141,2023-07-30T12:17:24.769000+00:00,17.4,27.4,63.0,966.5,0,1.8,71
1065,9141,2023-07-30T12:19:24.768000+00:00,17.7,27.8,61.0,966.5,0,2.0,228
1066,9141,2023-07-30T12:21:24.767000+00:00,17.8,27.6,62.0,966.5,0,0.8,264
1067,9141,2023-07-30T12:23:24.765000+00:00,17.6,28.0,63.0,966.5,0,0.5,193
1068,9141,2023-07-30T12:25:24.764000+00:00,17.5,28.3,63.0,966.5,0,1.6,134
1069,9141,2023-07-30T12:27:24.794000+00:00,17.5,27.7,62.0,966.5,0,2.0,14
1070,9141,2023-07-30T12:29:24.761000+00:00,17.4,27.4,63.0,966.5,0,0.8,35
1071,9141,2023-07-30T12:31:24.776000+00:00,17.5,28.0,63.0,966.7,0,2.0,89
1072,9141,2023-07-30T12:33:24.790000+00:00,17.7,28.2,62.0,966.5,0,2.0,110
1073,9141,2023-07-30T12:35:24.757000+00:00,17.7,27.7,63.0,966.5,0,1.7,115
1074,9141,2023-07-30T12:37:24.772000+00:00,17.7,27.2,63.0,966.5,0,0.6,83
1075,9141,2023-07-30T12:39:24.770000+00:00,17.7,27.1,63.0,966.5,0,1.2,48
1076,9141,2023-07-30T12:41:24.785000+00:00,17.7,26.6,62.0,966.7,0,1.0,94
1077,9141,2023-07-30T12:43:24.783000+00:00,17.7,26.7,62.0,966.5,0,0.8,127
1078,9141,2023-07-30T12:45:24.782000+00:00,17.5,26.5,63.0,966.7,0,1.5,135
1079,9141,2023-07-30T12:47:24.812000+00:00,17.5,26.6,63.0,966.7,0,2.7,200
1080,9141,2023-07-30T12:49:24.779000+00:00,17.6,27.5,63.0,966.7,0,0.8,161
1081,9141,2023-07-30T12:51:24.794000+00:00,17.8,28.5,62.0,966.7,0,1.7,106
1082,9141,2023-07-30T12:53:24.777000+00:00,17.9,28.6,62.0,966.5,0,1.5,118
1083,9141,2023-07-30T12:55:24.822000+00:00,18.0,28.3,61.0,966.5,0,2.0,149
1084,9141,2023-07-30T12:57:24.836000+00:00,18.0,27.9,62.0,966.5,0,1.7,209
1085,9141,2023-07-30T12:59:24.835000+00:00,18.0,27.4,61.0,966.5,0,1.1,109
1086,9141,2023-07-30T13:01:24.849000+00:00,18.0,27.0,61.0,966.7,0,0.8,131
1087,9141,2023-07-30T13:03:24.832000+00:00,18.1,29.7,59.0,966.5,0,4.5,141
1088,9141,2023-07-30T13:05:24.831000+00:00,18.0,28.6,59.0,966.7,0,2.7,150
1089,9141,2023-07-30T13:07:24.861000+00:00,18.0,29.0,58.0,966.7,0,0.8,23
1090,9141,2023-07-30T13:09:24.891000+00:00,18.1,30.1,58.0,966.5,0,2.0,306
1091,9141,2023-07-30T13:11:24.905000+00:00,18.1,30.4,57.0,966.5,0,2.0,126
1092,9141,2023-07-30T13:13:24.920000+00:00,18.1,31.4,57.0,966.5,0,1.5,95
1093,9141,2023-07-30T13:15:24.918000+00:00,18.1,31.5,57.0,966.5,0,0.8,110
1094,9141,2023-07-30T13:17:24.917000+00:00,18.1,30.6,58.0,966.5,0,1.2,112
1095,9141,2023-07-30T13:19:24.916000+00:00,18.1,30.1,57.0,966.7,0,2.2,311
1096,9141,2023-07-30T13:21:24.930000+00:00,18.2,29.6,58.0,966.7,0,1.7,168
1097,9141,2023-07-30T13:23:24.944000+00:00,18.3,29.9,58.0,966.7,0,1.2,266
1098,9141,2023-07-30T13:25:24.974000+00:00,18.2,29.2,60.0,966.7,0,2.5,159
1099,9141,2023-07-30T13:27:24.973000+00:00,18.1,28.8,60.0,966.7,0,1.1,21
1100,9141,2023-07-30T13:29:25.003000+00:00,17.9,28.4,61.0,966.7,0,0.8,61
1101,9141,2023-07-30T13:31:25.001000+00:00,18.0,28.3,61.0,966.7,0,1.5,111
1102,9141,2023-07-30T13:33:25.016000+00:00,18.3,28.8,61.0,966.7,0,1.2,113
1103,9141,2023-07-30T13:35:25.030000+00:00,18.3,28.7,61.0,966.7,0,2.9,39
1104,9141,2023-07-30T13:37:25.029000+00:00,18.1,28.2,61.0,966.7,0,3.0,144
1105,9141,2023-07-30T13:39:25.043000+00:00,17.9,27.8,62.0,966.7,0,1.2,144
1106,9141,2023-07-30T13:41:25.073000+00:00,17.7,27.4,63.0,966.7,1,1.0,117
1107,9141,2023-07-30T13:43:25.056000+00:00,17.6,27.2,63.0,966.9,1,1.5,111
1108,9141,2023-07-30T13:45:25.070000+00:00,17.4,25.6,65.0,967.0,1,1.7,179
1109,9141,2023-07-30T13:47:25.069000+00:00,17.1,25.1,66.0,967.0,1,1.7,84
1110,9141,2023-07-30T13:49:25.067000+00:00,17.0,25.0,68.0,966.9,1,1.7,128
1111,9141,2023-07-30T13:51:25.066000+00:00,16.9,25.0,69.0,966.9,0,1.1,103
1112,9141,2023-07-30T13:53:25.065000+00:00,16.9,25.9,67.0,966.9,0,1.0,107
1113,9141,2023-07-30T13:55:25.095000+00:00,17.0,26.9,69.0,966.7,0,0.8,106
1114,9141,2023-07-30T13:57:25.062000+00:00,17.3,27.9,66.0,966.7,0,1.6,78
1115,9141,2023-07-30T13:59:25.092000+00:00,17.6,29.5,66.0,966.7,0,1.8,171
1116,9141,2023-07-30T14:01:25.075000+00:00,17.7,30.6,65.0,966.7,0,1.6,164
1117,9141,2023-07-30T14:03:25.074000+00:00,18.1,31.0,62.0,966.7,0,2.4,135
1118,9141,2023-07-30T14:05:25.088000+00:00,18.4,31.0,61.0,966.7,0,2.0,355
1119,9141,2023-07-30T14:07:25.087000+00:00,18.5,29.7,61.0,966.7,0,1.3,37
1120,9141,2023-07-30T14:09:25.086000+00:00,18.4,29.3,60.0,966.9,0,0.8,79
1121,9141,2023-07-30T14:11:25.100000+00:00,18.8,30.7,59.0,966.7,0,1.7,43
1122,9141,2023-07-30T14:13:25.099000+00:00,18.9,30.0,59.0,966.7,0,1.2,25
1123,9141,2023-07-30T14:15:25.097000+00:00,18.8,29.1,60.0,966.7,0,2.0,203
1124,9141,2023-07-30T14:17:25.127000+00:00,18.8,28.8,62.0,966.5,0,1.7,94
1125,9141,2023-07-30T14:19:25.141000+00:00,18.9,29.0,62.0,966.7,0,1.5,149
1126,9141,2023-07-30T14:21:25.140000+00:00,19.0,30.0,60.0,966.7,0,1.5,89
1127,9141,2023-07-30T14:23:25.123000+00:00,19.2,29.3,59.0,966.7,0,2.2,119
1128,9141,2023-07-30T14:25:25.137000+00:00,18.8,28.4,61.0,966.7,0,1.2,156
1129,9141,2023-07-30T14:27:25.136000+00:00,18.7,28.3,61.0,966.7,0,2.0,133
1130,9141,2023-07-30T14:29:25.135000+00:00,18.5,27.9,59.0,966.7,0,3.5,191
1131,9149,2023-08-27T12:01:46.711000+00:00,17.4,25.5,68.0,1007.4,0,2.7,196
1132,9149,2023-08-27T12:03:46.709000+00:00,17.4,25.5,66.0,1007.4,0,3.4,177
1133,9149,2023-08-27T12:05:46.722000+00:00,17.5,25.6,67.0,1007.5,0,2.9,186
1134,9149,2023-08-27T12:07:46.720000+00:00,17.6,25.9,66.0,1007.5,0,3.0,197
1135,9149,2023-08-27T12:09:46.718000+00:00,17.6,26.1,67.0,1007.5,0,3.5,220
1136,9149,2023-08-27T12:11:46.731000+00:00,17.7,26.3,66.0,1007.5,0,3.0,199
1137,9149,2023-08-27T12:13:46.729000+00:00,17.8,26.3,67.0,1007.5,0,4.5,191
1138,9149,2023-08-27T12:15:46.727000+00:00,17.8,26.6,67.0,1007.4,0,3.7,201
1139,9149,2023-08-27T12:17:46.725000+00:00,17.9,26.5,68.0,1007.5,0,3.7,195
1140,9149,2023-08-27T12:19:46.723000+00:00,17.9,26.9,68.0,1007.5,0,4.1,198
1141,9149,2023-08-27T12:21:46.736000+00:00,17.8,27.1,68.0,1007.4,0,3.5,195
1142,9149,2023-08-27T12:23:46.750000+00:00,17.7,27.7,67.0,1007.4,0,4.3,176
1143,9149,2023-08-27T12:25:46.748000+00:00,17.6,26.9,68.0,1007.5,0,4.3,204
1144,9149,2023-08-27T12:27:46.746000+00:00,17.6,27.9,68.0,1007.5,0,4.1,197
1145,9149,2023-08-27T12:29:46.744000+00:00,17.6,27.0,69.0,1007.4,0,3.7,191
1146,9149,2023-08-27T12:31:46.757000+00:00,17.5,26.5,69.0,1007.4,0,2.9,186
1147,9149,2023-08-27T12:33:46.786000+00:00,17.7,27.0,69.0,1007.5,0,3.0,194
1148,9149,2023-08-27T12:35:46.784000+00:00,18.0,28.8,64.0,1007.5,0,3.2,191
1149,9149,2023-08-27T12:37:46.813000+00:00,18.2,28.9,62.0,1007.5,0,3.2,199
1150,9149,2023-08-27T12:39:46.842000+00:00,18.2,29.3,62.0,1007.5,0,3.9,188
1151,9149,2023-08-27T12:41:46.856000+00:00,18.3,29.6,63.0,1007.5,0,3.5,187
1152,9149,2023-08-27T12:43:46.854000+00:00,18.4,30.2,62.0,1007.5,0,3.4,186
1153,9149,2023-08-27T12:45:46.867000+00:00,18.3,30.1,64.0,1007.5,0,4.0,187
1154,9149,2023-08-27T12:47:46.865000+00:00,18.3,28.3,67.0,1007.4,0,3.0,147
1155,9149,2023-08-27T12:49:46.863000+00:00,17.9,27.5,68.0,1007.2,0,2.0,140
1156,9149,2023-08-27T12:51:46.876000+00:00,17.2,26.9,66.0,1007.5,0,1.2,154
1157,9149,2023-08-27T12:53:46.859000+00:00,16.9,26.9,65.0,1007.5,0,1.5,135
1158,9149,2023-08-27T12:55:46.872000+00:00,17.1,28.6,67.0,1007.5,0,1.5,118
1159,9149,2023-08-27T12:57:46.870000+00:00,17.5,29.6,67.0,1007.7,0,1.1,165
1160,9149,2023-08-27T12:59:46.868000+00:00,17.7,29.7,66.0,1007.5,0,1.7,126
1161,9149,2023-08-27T13:01:46.866000+00:00,17.8,30.8,66.0,1007.7,0,1.2,110
1162,9149,2023-08-27T13:03:46.879000+00:00,17.6,29.5,67.0,1007.7,0,1.8,135
1163,9149,2023-08-27T13:05:46.877000+00:00,17.4,28.5,68.0,1007.7,1,2.2,152
1164,9149,2023-08-27T13:07:46.906000+00:00,16.9,26.2,70.0,1007.7,1,1.8,160
1165,9149,2023-08-27T13:09:46.935000+00:00,16.4,24.8,68.0,1007.7,1,1.7,150
1166,9149,2023-08-27T13:11:46.933000+00:00,16.2,24.6,69.0,1007.7,0,2.0,177
1167,9149,2023-08-27T13:13:46.978000+00:00,16.4,24.2,70.0,1007.7,0,1.8,143
1168,9149,2023-08-27T13:15:47.007000+00:00,16.5,24.1,73.0,1007.5,0,1.7,169
1169,9149,2023-08-27T13:17:47.005000+00:00,16.5,24.1,70.0,1007.5,0,2.0,186
1170,9149,2023-08-27T13:19:47.003000+00:00,16.5,24.2,69.0,1007.5,0,2.5,148
1171,9149,2023-08-27T13:21:47.016000+00:00,16.5,24.6,66.0,1007.5,1,1.7,183
1172,9149,2023-08-27T13:23:47.014000+00:00,16.5,24.7,66.0,1007.5,1,2.4,154
1173,9149,2023-08-27T13:25:47.059000+00:00,16.8,25.5,67.0,1007.5,1,2.4,139
1174,9149,2023-08-27T13:27:47.041000+00:00,16.9,26.1,67.0,1007.5,1,2.5,159
1175,9149,2023-08-27T13:29:47.055000+00:00,17.1,26.9,67.0,1007.7,0,2.2,162
1176,9149,2023-08-27T13:31:47.052000+00:00,17.1,28.0,65.0,1007.7,0,2.4,150
1177,9149,2023-08-27T13:33:47.082000+00:00,17.1,28.7,65.0,1007.7,0,2.7,158
1178,9149,2023-08-27T13:35:47.111000+00:00,17.4,29.2,65.0,1007.7,0,2.2,162
1179,9149,2023-08-27T13:37:47.109000+00:00,17.4,29.5,64.0,1007.7,0,2.7,190
1180,9149,2023-08-27T13:39:47.122000+00:00,17.3,29.7,63.0,1007.7,0,3.2,179
1181,9149,2023-08-27T13:41:47.167000+00:00,17.3,29.7,64.0,1007.9,0,3.2,181
1182,9149,2023-08-27T13:43:47.180000+00:00,17.3,29.2,63.0,1007.5,0,3.0,138
1183,9149,2023-08-27T13:45:47.194000+00:00,17.1,28.4,62.0,1007.5,0,2.4,160
1184,9149,2023-08-27T13:47:47.192000+00:00,17.1,27.4,63.0,1007.7,0,2.5,158
1185,9149,2023-08-27T13:49:47.189000+00:00,17.0,26.8,64.0,1007.7,0,2.7,162
1186,9149,2023-08-27T13:51:47.187000+00:00,16.8,26.3,65.0,1007.7,0,2.5,165
1187,9149,2023-08-27T13:53:47.201000+00:00,16.8,25.9,66.0,1007.7,0,3.7,166
1188,9149,2023-08-27T13:55:47.199000+00:00,16.9,25.5,66.0,1007.7,0,2.2,179
1189,9149,2023-08-27T13:57:47.197000+00:00,16.9,25.3,66.0,1007.7,0,3.0,179
1190,9149,2023-08-27T13:59:47.210000+00:00,16.8,24.9,68.0,1007.7,0,2.7,167
1191,9149,2023-08-27T14:01:47.208000+00:00,16.9,25.0,68.0,1007.7,0,2.9,172
1192,9149,2023-08-27T14:03:47.206000+00:00,17.0,24.9,69.0,1007.9,0,2.7,196
1193,9149,2023-08-27T14:05:47.204000+00:00,17.3,25.1,68.0,1007.7,0,3.2,160
1194,9149,2023-08-27T14:07:47.217000+00:00,17.5,26.9,67.0,1007.7,0,2.7,151
1195,9149,2023-08-27T14:09:47.231000+00:00,17.7,28.2,67.0,1007.9,0,3.2,179
1196,9149,2023-08-27T14:11:47.244000+00:00,17.7,27.9,70.0,1008.0,0,3.2,196
1197,9149,2023-08-27T14:13:47.258000+00:00,17.6,26.9,69.0,1008.0,0,3.2,193
1198,9149,2023-08-27T14:15:47.271000+00:00,17.4,26.1,70.0,1008.0,0,3.5,177
1199,9149,2023-08-27T14:17:47.285000+00:00,17.3,25.7,72.0,1007.9,0,2.9,192
1200,9149,2023-08-27T14:19:47.314000+00:00,17.2,25.6,71.0,1008.0,0,2.5,191
1201,9149,2023-08-27T14:21:47.296000+00:00,17.1,25.2,70.0,1008.0,0,3.7,170
1202,9149,2023-08-27T14:23:47.294000+00:00,17.1,25.0,69.0,1008.0,0,3.7,190
1203,9149,2023-08-27T14:25:47.292000+00:00,17.1,24.8,68.0,1008.0,0,3.0,157
1204,9149,2023-08-27T14:27:47.290000+00:00,17.1,24.7,69.0,1008.0,0,3.2,161
1205,9149,2023-08-27T14:29:47.287000+00:00,17.1,24.3,73.0,1008.0,1,2.2,155
1206,9149,2023-08-27T14:31:47.301000+00:00,17.0,22.8,76.0,1008.2,1,3.0,156
1207,9149,2023-08-27T14:33:47.299000+00:00,16.3,21.8,80.0,1008.4,1,2.5,158
1208,9149,2023-08-27T14:35:47.297000+00:00,15.7,19.5,83.0,1008.4,1,3.0,175
1209,9149,2023-08-27T14:37:47.310000+00:00,15.2,19.8,83.0,1008.2,1,3.2,183
1210,9149,2023-08-27T14:39:47.308000+00:00,14.9,20.0,81.0,1008.5,1,3.5,183
1211,9149,2023-08-27T14:41:47.321000+00:00,14.9,19.9,83.0,1008.5,1,3.2,228
1212,9149,2023-08-27T14:43:47.304000+00:00,14.9,19.9,83.0,1008.5,1,3.2,228
1213,9149,2023-08-27T14:45:47.317000+00:00,14.9,19.9,83.0,1008.5,1,3.2,228
1214,9149,2023-08-27T14:47:47.346000+00:00,14.9,19.7,84.0,1008.2,1,4.4,174
1215,9149,2023-08-27T14:49:47.360000+00:00,14.7,19.6,83.0,1008.2,1,3.7,171
1216,9149,2023-08-27T14:51:47.405000+00:00,14.6,19.6,84.0,1008.4,1,2.5,182
1217,9149,2023-08-27T14:53:47.356000+00:00,14.8,19.7,85.0,1008.4,1,2.9,181
1218,9149,2023-08-27T14:55:47.353000+00:00,14.9,20.8,84.0,1008.5,0,2.7,186
1219,9149,2023-08-27T14:57:47.383000+00:00,14.9,20.9,83.0,1008.4,0,3.2,188
1220,9149,2023-08-27T14:59:47.396000+00:00,14.9,20.6,82.0,1008.4,0,3.7,195
1221,9149,2023-08-27T15:01:47.410000+00:00,15.2,20.6,81.0,1008.2,0,2.9,168
1222,9149,2023-08-27T15:03:47.439000+00:00,15.4,20.8,80.0,1008.4,0,3.0,189
1223,9149,2023-08-27T15:05:47.436000+00:00,15.6,20.7,79.0,1008.2,0,2.0,180
1224,9149,2023-08-27T15:07:47.434000+00:00,15.8,20.7,78.0,1008.2,0,2.2,167
1225,9149,2023-08-27T15:09:47.463000+00:00,15.8,20.7,76.0,1008.2,0,2.7,181
1226,9149,2023-08-27T15:11:47.493000+00:00,15.9,20.2,77.0,1008.2,0,2.5,163
1227,9149,2023-08-27T15:13:47.490000+00:00,15.9,20.0,78.0,1008.2,0,2.5,210
1228,9149,2023-08-27T15:15:47.504000+00:00,16.0,19.9,80.0,1008.2,0,3.5,169
1229,9149,2023-08-27T15:17:47.533000+00:00,16.0,19.9,80.0,1008.2,0,2.9,171
1230,9149,2023-08-27T15:19:47.531000+00:00,15.9,19.6,77.0,1008.2,0,3.5,162
1231,9149,2023-08-27T15:21:47.544000+00:00,15.8,19.3,79.0,1008.2,0,2.7,188
1232,9149,2023-08-27T15:23:47.542000+00:00,15.8,19.0,79.0,1008.4,1,3.2,134
1233,9149,2023-08-27T15:25:47.556000+00:00,15.7,19.0,79.0,1008.2,1,3.0,176
1234,9149,2023-08-27T15:27:47.554000+00:00,15.8,19.1,77.0,1008.2,1,2.7,163
1235,9149,2023-08-27T15:29:47.536000+00:00,15.6,18.9,73.0,1008.2,0,2.9,164
1236,9157,2023-09-03T12:01:37.059000+00:00,28.5,43.2,45.0,1001.0,0,1.8,302
1237,9157,2023-09-03T12:03:37.058000+00:00,28.5,43.3,45.0,1001.0,0,0.6,269
1238,9157,2023-09-03T12:05:37.056000+00:00,28.4,42.8,46.0,1001.0,0,0.8,274
1239,9157,2023-09-03T12:07:37.055000+00:00,28.5,42.8,45.0,1001.0,0,1.0,237
1240,9157,2023-09-03T12:09:37.054000+00:00,28.4,43.2,45.0,1001.0,0,1.1,201
1241,9157,2023-09-03T12:11:37.068000+00:00,28.4,43.2,45.0,1001.0,0,0.4,95
1242,9157,2023-09-03T12:13:37.066000+00:00,28.5,43.0,45.0,1001.0,0,1.1,193
1243,9157,2023-09-03T12:15:37.050000+00:00,28.6,42.8,46.0,1001.0,0,0.8,296
1244,9157,2023-09-03T12:17:37.064000+00:00,28.7,43.0,46.0,1001.0,0,0.6,238
1245,9157,2023-09-03T12:19:37.062000+00:00,28.8,42.3,46.0,1001.2,0,1.3,130
1246,9157,2023-09-03T12:21:37.061000+00:00,28.6,42.6,46.0,1001.0,0,1.5,0
1247,9157,2023-09-03T12:23:37.060000+00:00,28.8,43.2,45.0,1001.0,0,0.6,0
1248,9157,2023-09-03T12:25:37.090000+00:00,28.8,42.4,44.0,1001.0,0,0.6,259
1249,9157,2023-09-03T12:27:37.104000+00:00,28.8,42.1,44.0,1001.0,0,1.0,85
1250,9157,2023-09-03T12:29:37.118000+00:00,28.8,42.3,44.0,1001.0,0,1.2,294
1251,9157,2023-09-03T12:31:37.117000+00:00,28.7,42.8,44.0,1001.0,0,1.8,282
1252,9157,2023-09-03T12:33:37.147000+00:00,28.6,42.7,45.0,1000.9,0,1.2,240
1253,9157,2023-09-03T12:35:37.161000+00:00,28.8,43.0,44.0,1000.9,0,0.5,44
1254,9157,2023-09-03T12:37:37.175000+00:00,28.7,43.3,44.0,1000.9,0,1.2,275
1255,9157,2023-09-03T12:39:37.190000+00:00,28.6,42.7,45.0,1000.9,0,1.2,233
1256,9157,2023-09-03T12:41:37.204000+00:00,28.6,42.6,44.0,1000.7,0,0.0,0
1257,9157,2023-09-03T12:43:37.203000+00:00,28.7,42.8,44.0,1000.7,0,0.6,339
1258,9157,2023-09-03T12:45:37.201000+00:00,28.8,42.8,43.0,1000.9,0,0.8,7
1259,9157,2023-09-03T12:47:37.200000+00:00,28.8,42.8,44.0,1000.7,0,1.0,140
1260,9157,2023-09-03T12:49:37.214000+00:00,28.9,43.4,44.0,1000.9,0,0.6,254
1261,9157,2023-09-03T12:51:37.213000+00:00,29.0,43.0,42.0,1000.9,0,1.0,301
1262,9157,2023-09-03T12:53:37.212000+00:00,28.8,42.7,44.0,1000.7,0,0.6,285
1263,9157,2023-09-03T12:55:37.210000+00:00,29.0,42.9,42.0,1000.7,0,1.7,47
1264,9157,2023-09-03T12:57:37.209000+00:00,28.9,43.0,43.0,1000.7,0,0.5,294
1265,9157,2023-09-03T12:59:37.208000+00:00,29.0,43.0,42.0,1000.7,0,1.2,8
1266,9157,2023-09-03T13:01:37.222000+00:00,29.1,42.7,42.0,1000.7,0,0.6,346
1267,9157,2023-09-03T13:03:37.220000+00:00,29.0,43.4,41.0,1000.7,0,1.7,28
1268,9157,2023-09-03T13:05:37.219000+00:00,29.0,43.4,41.0,1000.5,0,0.4,188
1269,9157,2023-09-03T13:07:37.218000+00:00,29.2,43.4,41.0,1000.5,0,0.4,251
1270,9157,2023-09-03T13:09:37.216000+00:00,29.4,43.5,41.0,1000.5,0,1.2,15
1271,9157,2023-09-03T13:11:37.215000+00:00,29.3,43.3,42.0,1000.5,0,0.4,209
1272,9157,2023-09-03T13:13:37.245000+00:00,29.3,43.0,44.0,1000.5,0,0.8,139
1273,9157,2023-09-03T13:15:37.259000+00:00,29.3,43.6,43.0,1000.5,0,0.6,285
1274,9157,2023-09-03T13:17:37.274000+00:00,29.2,43.4,44.0,1000.5,0,1.1,238
1275,9157,2023-09-03T13:19:37.272000+00:00,29.3,43.0,42.0,1000.5,0,0.8,223
1276,9157,2023-09-03T13:21:37.287000+00:00,29.3,42.7,42.0,1000.5,0,0.4,271
1277,9157,2023-09-03T13:23:37.301000+00:00,29.2,42.5,41.0,1000.4,0,1.3,341
1278,9157,2023-09-03T13:25:37.315000+00:00,29.2,43.1,40.0,1000.5,0,1.0,189
1279,9157,2023-09-03T13:27:37.361000+00:00,29.4,43.2,39.0,1000.4,0,1.3,23
1280,9157,2023-09-03T13:29:37.359000+00:00,29.5,43.1,41.0,1000.4,0,1.2,250
1281,9157,2023-09-03T13:31:37.358000+00:00,29.7,43.4,41.0,1000.2,0,1.7,164
1282,9157,2023-09-03T13:33:37.357000+00:00,29.7,43.6,42.0,1000.2,0,2.4,0
1283,9157,2023-09-03T13:35:37.355000+00:00,29.8,44.1,41.0,1000.4,0,0.6,178
1284,9157,2023-09-03T13:37:37.370000+00:00,29.9,43.9,41.0,1000.2,0,2.2,162
1285,9157,2023-09-03T13:39:37.368000+00:00,29.9,43.3,42.0,1000.4,0,1.7,8
1286,9157,2023-09-03T13:41:37.383000+00:00,29.9,43.7,41.0,1000.4,0,1.2,199
1287,9157,2023-09-03T13:43:37.366000+00:00,30.0,43.7,42.0,1000.4,0,2.0,258
1288,9157,2023-09-03T13:45:37.364000+00:00,30.0,43.9,40.0,1000.4,0,1.7,178
1289,9157,2023-09-03T13:47:37.363000+00:00,29.8,43.5,39.0,1000.4,0,1.5,268
1290,9157,2023-09-03T13:49:37.377000+00:00,29.8,43.6,40.0,1000.4,0,1.2,158
1291,9157,2023-09-03T13:51:37.360000+00:00,30.0,44.4,39.0,1000.4,0,1.6,180
1292,9157,2023-09-03T13:53:37.390000+00:00,30.0,44.0,39.0,1000.2,0,1.3,145
1293,9157,2023-09-03T13:55:37.373000+00:00,29.9,43.7,41.0,1000.2,0,1.3,178
1294,9157,2023-09-03T13:57:37.372000+00:00,29.9,43.5,41.0,1000.2,0,2.0,179
1295,9157,2023-09-03T13:59:37.386000+00:00,29.8,43.6,40.0,1000.2,0,1.6,156
1296,9157,2023-09-03T14:01:37.385000+00:00,29.9,43.4,40.0,1000.2,0,1.0,228
1297,9157,2023-09-03T14:03:37.384000+00:00,29.9,43.3,41.0,1000.2,0,0.8,112
1298,9157,2023-09-03T14:05:37.413000+00:00,29.7,42.5,42.0,1000.2,0,0.8,317
1299,9157,2023-09-03T14:07:37.412000+00:00,29.8,42.8,42.0,1000.2,0,1.3,193
1300,9157,2023-09-03T14:09:37.411000+00:00,29.9,42.6,41.0,1000.2,0,1.1,174
1301,9157,2023-09-03T14:11:37.441000+00:00,29.8,42.5,42.0,1000.2,0,1.5,164
1302,9157,2023-09-03T14:13:37.439000+00:00,29.8,42.6,41.0,1000.2,0,1.8,139
1303,9157,2023-09-03T14:15:37.454000+00:00,30.0,42.5,43.0,1000.2,0,1.8,208
1304,9157,2023-09-03T14:17:37.546000+00:00,30.0,42.8,40.0,1000.2,0,1.6,186
1305,9157,2023-09-03T14:19:37.482000+00:00,30.0,42.6,40.0,1000.2,0,1.3,168
1306,9157,2023-09-03T14:21:37.496000+00:00,30.1,42.9,41.0,1000.2,0,2.0,187
1307,9157,2023-09-03T14:23:37.511000+00:00,30.3,42.5,39.0,1000.2,0,1.3,188
1308,9157,2023-09-03T14:25:37.525000+00:00,30.1,42.5,39.0,1000.2,0,1.6,144
1309,9157,2023-09-03T14:27:37.524000+00:00,30.0,41.7,40.0,1000.2,0,1.1,161
1310,9157,2023-09-03T14:29:37.522000+00:00,30.0,41.8,41.0,1000.2,0,1.6,190
1311,9157,2023-09-03T14:31:37.537000+00:00,30.1,41.2,41.0,1000.2,0,1.7,161
1312,9157,2023-09-03T14:33:37.567000+00:00,30.0,41.0,41.0,1000.2,0,1.2,179
1313,9157,2023-09-03T14:35:37.581000+00:00,30.0,40.8,41.0,1000.2,0,1.7,161
1314,9165,2023-09-17T11:01:24.028000+00:00,30.0,38.3,68.0,1007.9,0,0.8,106
1315,9165,2023-09-17T11:03:24.042000+00:00,30.0,38.6,68.0,1008.0,0,1.2,198
1316,9165,2023-09-17T11:05:24.041000+00:00,30.0,38.4,68.0,1007.9,0,0.8,175
1317,9165,2023-09-17T11:07:24.055000+00:00,30.0,38.3,69.0,1008.0,0,1.2,194
1318,9165,2023-09-17T11:09:24.054000+00:00,30.0,38.6,67.0,1008.0,0,1.1,164
1319,9165,2023-09-17T11:11:24.052000+00:00,30.0,38.1,68.0,1008.0,0,0.8,166
1320,9165,2023-09-17T11:13:24.051000+00:00,30.0,38.1,67.0,1008.0,0,1.1,179
1321,9165,2023-09-17T11:15:24.050000+00:00,30.1,38.0,68.0,1008.0,0,1.2,0
1322,9165,2023-09-17T11:17:24.048000+00:00,30.2,37.7,67.0,1008.0,0,1.2,188
1323,9165,2023-09-17T11:19:24.078000+00:00,30.2,38.3,67.0,1008.0,0,1.3,182
1324,9165,2023-09-17T11:21:24.108000+00:00,30.1,37.5,68.0,1008.0,0,1.5,197
1325,9165,2023-09-17T11:23:24.107000+00:00,30.0,37.4,69.0,1007.9,0,0.6,189
1326,9165,2023-09-17T11:25:24.137000+00:00,29.9,37.7,69.0,1007.9,0,1.2,190
1327,9165,2023-09-17T11:27:24.151000+00:00,29.9,37.7,70.0,1008.0,0,1.2,171
1328,9165,2023-09-17T11:29:24.181000+00:00,29.9,37.6,70.0,1007.9,0,1.0,164
1329,9165,2023-09-17T11:31:24.195000+00:00,29.9,37.9,69.0,1007.9,0,1.1,192
1330,9165,2023-09-17T11:33:24.194000+00:00,29.9,37.7,69.0,1007.9,0,1.2,156
1331,9165,2023-09-17T11:35:24.193000+00:00,29.8,37.4,69.0,1007.9,0,1.2,160
1332,9165,2023-09-17T11:37:24.191000+00:00,29.8,37.1,69.0,1007.9,0,1.0,182
1333,9165,2023-09-17T11:39:24.190000+00:00,29.8,37.2,69.0,1008.0,0,0.8,167
1334,9165,2023-09-17T11:41:24.189000+00:00,29.8,37.5,70.0,1008.0,0,0.8,156
1335,9165,2023-09-17T11:43:24.203000+00:00,29.8,37.1,70.0,1007.9,0,1.2,127
1336,9165,2023-09-17T11:45:24.202000+00:00,29.8,36.7,70.0,1008.0,0,0.8,199
1337,9165,2023-09-17T11:47:24.200000+00:00,29.8,37.3,70.0,1008.0,0,0.8,155
1338,9165,2023-09-17T11:49:24.199000+00:00,29.8,37.5,70.0,1008.2,0,0.8,181
1339,9165,2023-09-17T11:51:24.198000+00:00,29.8,37.1,70.0,1008.2,0,1.1,203
1340,9165,2023-09-17T11:53:24.196000+00:00,29.8,37.1,70.0,1008.4,0,0.8,168
1341,9165,2023-09-17T11:55:24.195000+00:00,29.7,37.0,70.0,1008.4,0,1.5,199
1342,9165,2023-09-17T11:57:24.240000+00:00,29.7,37.4,71.0,1008.5,0,0.8,169
1343,9165,2023-09-17T11:59:24.270000+00:00,29.8,37.2,71.0,1008.5,0,0.8,178
1344,9165,2023-09-17T12:01:24.269000+00:00,29.8,36.9,71.0,1008.5,0,1.1,160
1345,9165,2023-09-17T12:03:24.299000+00:00,29.8,36.8,71.0,1008.7,0,1.3,178
1346,9165,2023-09-17T12:05:24.344000+00:00,29.8,36.7,72.0,1008.7,0,1.0,180
1347,9165,2023-09-17T12:07:24.327000+00:00,29.9,37.3,71.0,1008.7,0,1.0,168
1348,9165,2023-09-17T12:09:24.342000+00:00,29.9,37.2,71.0,1008.7,0,1.2,183
1349,9165,2023-09-17T12:11:24.340000+00:00,29.9,37.0,71.0,1008.7,0,1.2,163
1350,9165,2023-09-17T12:13:24.339000+00:00,30.0,36.8,72.0,1008.9,0,1.5,162
1351,9165,2023-09-17T12:15:24.338000+00:00,30.0,36.8,71.0,1008.9,0,1.6,163
1352,9165,2023-09-17T12:17:24.352000+00:00,30.0,36.3,72.0,1009.0,0,1.7,163
1353,9165,2023-09-17T12:19:24.351000+00:00,30.0,36.2,73.0,1009.0,0,1.2,175
1354,9165,2023-09-17T12:21:24.349000+00:00,30.0,36.8,72.0,1009.0,0,1.1,145
1355,9165,2023-09-17T12:23:24.348000+00:00,30.0,36.8,72.0,1009.0,0,1.5,181
1356,9165,2023-09-17T12:25:24.347000+00:00,30.1,36.6,72.0,1009.0,0,1.5,175
1357,9165,2023-09-17T12:27:24.345000+00:00,30.1,36.4,72.0,1009.0,0,1.6,169
1358,9165,2023-09-17T12:29:24.359000+00:00,30.1,36.4,72.0,1009.0,0,1.6,173
1359,9165,2023-09-17T12:31:24.358000+00:00,30.1,36.5,73.0,1009.0,0,1.2,189
1360,9165,2023-09-17T12:33:24.357000+00:00,30.0,36.4,73.0,1009.0,0,1.3,185
1361,9165,2023-09-17T12:35:24.355000+00:00,30.0,36.3,73.0,1009.2,0,1.5,197
1362,9165,2023-09-17T12:37:24.354000+00:00,30.0,36.2,72.0,1009.2,0,1.7,170
1363,9165,2023-09-17T12:39:24.352000+00:00,30.0,36.3,72.0,1009.2,0,1.2,174
1364,9165,2023-09-17T12:41:24.367000+00:00,30.0,36.2,72.0,1009.2,0,1.6,155
1365,9165,2023-09-17T12:43:24.350000+00:00,30.0,36.0,72.0,1009.2,0,1.6,160
1366,9165,2023-09-17T12:45:24.364000+00:00,29.9,36.1,73.0,1009.2,0,1.5,166
1367,9165,2023-09-17T12:47:24.362000+00:00,29.9,36.0,72.0,1009.2,0,1.7,171
1368,9165,2023-09-17T12:49:24.361000+00:00,29.9,36.2,72.0,1009.2,0,1.7,168
1369,9165,2023-09-17T12:51:24.360000+00:00,30.0,36.1,72.0,1009.2,0,1.5,176
1370,9165,2023-09-17T12:53:24.374000+00:00,30.0,35.7,73.0,1009.4,0,1.6,189
1371,9165,2023-09-17T12:55:24.404000+00:00,30.0,35.9,74.0,1009.2,0,1.0,181
1372,9165,2023-09-17T12:57:24.418000+00:00,30.0,35.9,74.0,1009.5,0,0.8,188
1373,9165,2023-09-17T12:59:24.417000+00:00,30.0,35.9,74.0,1009.4,0,0.8,163
1374,9165,2023-09-17T13:01:24.415000+00:00,30.0,35.9,74.0,1009.4,0,1.3,178
1375,9165,2023-09-17T13:03:24.414000+00:00,30.0,35.9,74.0,1009.5,0,1.5,166
1376,9165,2023-09-17T13:05:24.444000+00:00,29.9,35.4,74.0,1009.5,0,1.7,180
1377,9165,2023-09-17T13:07:24.458000+00:00,29.9,35.3,74.0,1009.7,0,1.7,165
1378,9165,2023-09-17T13:09:24.488000+00:00,29.8,35.5,74.0,1009.7,0,2.2,168
1379,9165,2023-09-17T13:11:24.502000+00:00,29.7,35.5,75.0,1009.7,0,1.8,171
1380,9165,2023-09-17T13:13:24.501000+00:00,29.8,35.5,75.0,1009.7,0,1.7,171
1381,9165,2023-09-17T13:15:24.499000+00:00,29.8,35.5,74.0,1009.7,0,2.0,167
1382,9165,2023-09-17T13:17:24.514000+00:00,29.7,34.8,74.0,1009.9,0,2.4,183
1383,9165,2023-09-17T13:19:24.512000+00:00,29.7,35.3,75.0,1009.9,0,2.2,153
1384,9165,2023-09-17T13:21:24.511000+00:00,29.6,35.3,74.0,1009.9,0,2.0,165
1385,9165,2023-09-17T13:23:24.510000+00:00,29.6,35.0,74.0,1009.9,0,2.4,163
1386,9165,2023-09-17T13:25:24.508000+00:00,29.5,34.9,75.0,1009.9,0,2.2,181
1387,9165,2023-09-17T13:27:24.507000+00:00,29.6,34.8,75.0,1009.9,0,1.7,167
1388,9165,2023-09-17T13:29:24.505000+00:00,29.6,34.9,75.0,1010.0,0,1.8,134
1389,9165,2023-09-17T13:31:24.520000+00:00,29.6,35.2,75.0,1010.0,0,1.8,156
1390,9165,2023-09-17T13:33:24.518000+00:00,29.7,35.3,75.0,1010.0,0,1.7,180
1391,9165,2023-09-17T13:35:24.517000+00:00,29.6,34.8,75.0,1010.0,0,2.0,162
1392,9165,2023-09-17T13:37:24.516000+00:00,29.6,34.6,76.0,1009.9,0,1.3,174
1393,9165,2023-09-17T13:39:24.514000+00:00,29.5,34.8,76.0,1010.0,0,1.8,167
1394,9165,2023-09-17T13:41:24.513000+00:00,29.6,34.8,76.0,1010.0,0,2.0,179
1395,9165,2023-09-17T13:43:24.511000+00:00,29.5,34.9,76.0,1010.2,0,2.0,160
1396,9165,2023-09-17T13:45:24.526000+00:00,29.5,35.2,76.0,1010.0,0,1.5,173
1397,9165,2023-09-17T13:47:24.524000+00:00,29.5,35.0,76.0,1010.0,0,1.7,168
1398,9165,2023-09-17T13:49:24.523000+00:00,29.5,34.9,76.0,1010.2,0,2.2,185
1399,9165,2023-09-17T13:51:24.522000+00:00,29.5,34.9,76.0,1010.0,0,2.5,184
1400,9165,2023-09-17T13:53:24.520000+00:00,29.5,35.0,76.0,1010.2,0,1.7,188
1401,9165,2023-09-17T13:55:24.519000+00:00,29.5,35.0,76.0,1010.2,0,1.5,0
1402,9173,2023-09-24T04:01:23.491000+00:00,27.3,45.8,46.0,1013.2,0,2.0,109
1403,9173,2023-09-24T04:03:23.489000+00:00,27.3,46.4,45.0,1013.2,0,2.7,124
1404,9173,2023-09-24T04:05:23.487000+00:00,27.7,45.8,45.0,1013.2,0,2.0,117
1405,9173,2023-09-24T04:07:23.485000+00:00,27.7,46.5,44.0,1013.2,0,2.7,125
1406,9173,2023-09-24T04:09:23.483000+00:00,27.5,45.7,45.0,1013.2,0,1.2,116
1407,9173,2023-09-24T04:11:23.480000+00:00,27.6,46.7,44.0,1013.0,0,2.0,124
1408,9173,2023-09-24T04:13:23.494000+00:00,27.5,46.1,44.0,1013.2,0,1.7,112
1409,9173,2023-09-24T04:15:23.492000+00:00,27.5,45.6,44.0,1013.0,0,2.5,107
1410,9173,2023-09-24T04:17:23.490000+00:00,27.5,46.1,43.0,1013.0,0,2.7,125
1411,9173,2023-09-24T04:19:23.472000+00:00,27.4,45.8,43.0,1013.0,0,2.5,114
1412,9173,2023-09-24T04:21:23.485000+00:00,27.6,46.1,42.0,1013.0,0,2.0,112
1413,9173,2023-09-24T04:23:23.499000+00:00,27.6,46.2,41.0,1013.0,0,1.8,100
1414,9173,2023-09-24T04:25:23.481000+00:00,27.6,46.0,42.0,1013.0,0,1.6,123
1415,9173,2023-09-24T04:27:23.495000+00:00,27.6,45.8,41.0,1013.0,0,2.4,121
1416,9173,2023-09-24T04:29:23.492000+00:00,27.6,45.7,41.0,1012.9,0,3.5,113
1417,9173,2023-09-24T04:31:23.490000+00:00,27.5,45.4,42.0,1013.0,0,2.9,127
1418,9173,2023-09-24T04:33:23.519000+00:00,27.3,45.4,40.0,1013.0,0,2.2,113
1419,9173,2023-09-24T04:35:23.517000+00:00,27.1,45.1,40.0,1013.0,0,2.5,110
1420,9173,2023-09-24T04:37:23.531000+00:00,27.1,45.0,41.0,1013.0,0,2.5,132
1421,9173,2023-09-24T04:39:23.544000+00:00,27.1,44.1,41.0,1013.0,0,2.4,131
1422,9173,2023-09-24T04:41:23.558000+00:00,27.1,43.8,41.0,1013.0,0,1.8,114
1423,9173,2023-09-24T04:43:23.587000+00:00,27.2,44.7,41.0,1013.0,0,1.8,100
1424,9173,2023-09-24T04:45:23.600000+00:00,27.1,44.6,41.0,1013.0,0,1.8,114
1425,9173,2023-09-24T04:47:23.598000+00:00,27.1,44.8,41.0,1013.0,0,1.7,113
1426,9173,2023-09-24T04:49:23.643000+00:00,27.2,44.6,41.0,1013.0,0,2.2,111
1427,9173,2023-09-24T04:51:23.641000+00:00,27.3,44.6,41.0,1013.0,0,2.7,106
1428,9173,2023-09-24T04:53:23.623000+00:00,27.5,44.4,41.0,1013.0,0,2.7,142
1429,9173,2023-09-24T04:55:23.637000+00:00,27.4,44.4,41.0,1012.9,0,1.7,112
1430,9173,2023-09-24T04:57:23.634000+00:00,27.3,44.3,41.0,1013.0,0,3.0,116
1431,9173,2023-09-24T04:59:23.648000+00:00,27.2,44.1,41.0,1013.0,0,3.0,112
1432,9173,2023-09-24T05:01:23.646000+00:00,27.1,43.8,43.0,1013.0,0,2.5,112
1433,9173,2023-09-24T05:03:23.644000+00:00,27.0,43.9,42.0,1013.0,0,2.0,147
1434,9173,2023-09-24T05:05:23.642000+00:00,27.0,43.9,42.0,1013.0,0,2.5,138
1435,9173,2023-09-24T05:07:23.655000+00:00,27.1,44.1,39.0,1013.0,0,2.7,119
1436,9173,2023-09-24T05:09:23.637000+00:00,27.1,43.5,42.0,1013.0,0,1.5,110
1437,9173,2023-09-24T05:11:23.651000+00:00,27.2,43.7,42.0,1013.0,0,2.5,136
1438,9173,2023-09-24T05:13:23.649000+00:00,27.2,43.2,43.0,1013.0,0,3.0,133
1439,9173,2023-09-24T05:15:23.647000+00:00,27.2,42.6,43.0,1013.0,0,2.0,133
1440,9173,2023-09-24T05:17:23.644000+00:00,27.1,42.4,43.0,1013.0,0,2.4,123
1441,9173,2023-09-24T05:19:23.658000+00:00,27.1,43.0,42.0,1013.0,0,1.2,106
1442,9173,2023-09-24T05:21:23.640000+00:00,27.1,43.0,41.0,1012.9,0,1.7,9
1443,9173,2023-09-24T05:23:23.654000+00:00,27.1,43.5,40.0,1012.9,0,1.5,155
1444,9173,2023-09-24T05:25:23.683000+00:00,27.2,43.3,41.0,1012.7,0,1.6,145
1445,9173,2023-09-24T05:27:23.712000+00:00,27.3,43.4,41.0,1012.7,0,1.2,97
1446,9173,2023-09-24T05:29:23.710000+00:00,27.4,43.1,41.0,1012.9,0,1.6,132
1447,9173,2023-09-24T05:31:23.708000+00:00,27.3,43.0,40.0,1012.7,0,0.8,85
1448,9173,2023-09-24T05:33:23.705000+00:00,27.2,43.1,40.0,1012.9,0,1.1,308
1449,9173,2023-09-24T05:35:23.719000+00:00,27.3,43.0,40.0,1012.9,0,0.8,141
1450,9173,2023-09-24T05:37:23.701000+00:00,27.3,42.8,42.0,1012.9,0,1.0,128
1451,9173,2023-09-24T05:39:23.715000+00:00,27.3,42.5,43.0,1012.9,0,0.8,199
1452,9173,2023-09-24T05:41:23.728000+00:00,27.3,42.3,42.0,1012.9,0,1.0,134
1453,9173,2023-09-24T05:43:23.757000+00:00,27.3,40.8,43.0,1013.0,0,1.7,20
1454,9173,2023-09-24T05:45:23.771000+00:00,27.3,40.5,41.0,1012.9,0,1.8,100
1455,9173,2023-09-24T05:47:23.784000+00:00,27.4,40.2,39.0,1012.9,0,1.8,326
1456,9173,2023-09-24T05:49:23.798000+00:00,27.4,39.6,39.0,1012.9,0,1.0,3
1457,9173,2023-09-24T05:51:23.796000+00:00,27.4,39.1,40.0,1012.9,0,0.8,131
1458,9173,2023-09-24T05:53:23.825000+00:00,27.3,38.7,42.0,1012.9,0,1.0,161
1459,9173,2023-09-24T05:55:23.791000+00:00,27.4,38.2,42.0,1012.9,0,1.7,114
1460,9173,2023-09-24T05:57:23.805000+00:00,27.4,38.4,40.0,1012.9,0,1.1,351
1461,9173,2023-09-24T05:59:23.803000+00:00,27.4,38.4,40.0,1012.9,0,0.5,112
1462,9173,2023-09-24T06:01:23.801000+00:00,27.4,38.1,41.0,1012.9,0,1.8,136
1463,9173,2023-09-24T06:03:23.799000+00:00,27.3,37.8,41.0,1012.7,0,1.2,72
1464,9173,2023-09-24T06:05:23.812000+00:00,27.2,37.7,41.0,1012.7,0,1.5,97
1465,9173,2023-09-24T06:07:23.794000+00:00,27.3,37.4,42.0,1012.7,0,1.0,69
1466,9173,2023-09-24T06:09:23.808000+00:00,27.3,37.4,41.0,1012.7,0,0.6,297
1467,9173,2023-09-24T06:11:23.821000+00:00,27.3,38.0,42.0,1012.7,0,1.5,115
1468,9173,2023-09-24T06:13:23.835000+00:00,27.3,37.0,45.0,1012.7,0,1.7,157
1469,9173,2023-09-24T06:15:23.864000+00:00,27.3,37.3,44.0,1012.7,0,1.0,110
1470,9173,2023-09-24T06:17:23.862000+00:00,27.4,37.2,44.0,1012.7,0,1.2,63
1471,9173,2023-09-24T06:19:23.860000+00:00,27.3,37.4,45.0,1012.7,0,1.6,108
1472,9173,2023-09-24T06:21:23.873000+00:00,27.1,36.9,44.0,1012.7,0,1.8,114
1473,9173,2023-09-24T06:23:23.871000+00:00,27.1,36.9,44.0,1012.9,0,2.7,93
1474,9173,2023-09-24T06:25:23.900000+00:00,27.2,36.7,45.0,1012.9,0,1.3,129
1475,9173,2023-09-24T06:27:23.914000+00:00,27.1,36.6,46.0,1012.7,0,2.2,104
1476,9173,2023-09-24T06:29:23.927000+00:00,27.2,36.6,47.0,1012.9,0,1.5,116
1477,9173,2023-09-24T06:31:23.941000+00:00,27.2,36.7,47.0,1012.9,0,1.8,114
1478,9173,2023-09-24T06:33:23.939000+00:00,27.2,36.8,46.0,1012.9,0,1.7,112
1479,9173,2023-09-24T06:35:23.952000+00:00,27.0,36.3,47.0,1012.9,0,1.3,134
1480,9173,2023-09-24T06:37:23.950000+00:00,26.9,36.2,49.0,1012.7,0,2.9,149
1481,9220,2023-10-07T16:34:15.954000+00:00,32.3,36.6,56.0,1007.7,0,2.7,309
1482,9220,2023-10-07T16:36:15.953000+00:00,32.3,36.4,57.0,1007.7,0,2.7,311
1483,9220,2023-10-07T16:38:15.967000+00:00,32.3,36.4,56.0,1007.7,0,2.2,320
1484,9220,2023-10-07T16:40:15.981000+00:00,32.2,36.7,57.0,1007.7,0,2.0,312
1485,9220,2023-10-07T16:42:16.011000+00:00,32.2,36.5,57.0,1007.7,0,2.2,303
1486,9220,2023-10-07T16:44:15.994000+00:00,32.2,36.5,57.0,1007.7,0,1.7,305
1487,9220,2023-10-07T16:46:16.008000+00:00,32.2,36.5,57.0,1007.7,0,2.4,306
1488,9220,2023-10-07T16:48:16.007000+00:00,32.1,36.5,57.0,1007.7,0,2.2,311
1489,9220,2023-10-07T16:50:16.021000+00:00,32.1,36.4,58.0,1007.7,0,2.0,314
1490,9220,2023-10-07T16:52:16.004000+00:00,32.1,36.3,58.0,1007.7,0,2.0,316
1491,9220,2023-10-07T16:54:16.003000+00:00,32.0,36.4,57.0,1007.7,0,1.5,347
1492,9220,2023-10-07T16:56:16.002000+00:00,32.0,36.4,58.0,1007.7,0,2.2,315
1493,9220,2023-10-07T16:58:16.016000+00:00,32.0,36.2,58.0,1007.7,0,1.7,329
1494,9220,2023-10-07T17:00:16.015000+00:00,32.0,36.3,58.0,1007.7,0,1.8,302
1495,9220,2023-10-07T17:02:16.013000+00:00,32.0,36.2,58.0,1007.7,0,1.6,303
1496,9220,2023-10-07T17:04:16.012000+00:00,32.0,36.1,59.0,1007.9,0,2.4,338
1497,9220,2023-10-07T17:06:16.011000+00:00,32.0,36.4,59.0,1007.7,0,1.2,301
1498,9220,2023-10-07T17:08:16.009000+00:00,32.0,36.5,58.0,1007.7,0,1.7,329
1499,9220,2023-10-07T17:10:16.008000+00:00,32.0,36.3,59.0,1007.9,0,1.6,334
1500,9220,2023-10-07T17:12:16.022000+00:00,31.9,36.2,59.0,1007.9,0,2.2,307
1501,9220,2023-10-07T17:14:16.021000+00:00,31.9,35.9,59.0,1008.0,0,1.7,297
1502,9220,2023-10-07T17:16:16.035000+00:00,31.9,36.1,60.0,1007.9,0,2.2,310
1503,9220,2023-10-07T17:18:16.049000+00:00,31.8,36.1,59.0,1007.9,0,1.6,310
1504,9220,2023-10-07T17:20:16.079000+00:00,31.8,35.9,60.0,1008.0,0,1.6,306
1505,9220,2023-10-07T17:22:16.094000+00:00,31.7,35.9,60.0,1008.0,0,1.7,300
1506,9220,2023-10-07T17:24:16.124000+00:00,31.7,35.9,60.0,1008.0,0,2.0,311
1507,9220,2023-10-07T17:26:16.122000+00:00,31.7,35.9,61.0,1008.0,0,1.7,326
1508,9220,2023-10-07T17:28:16.121000+00:00,31.6,35.8,61.0,1008.0,0,2.0,306
1509,9220,2023-10-07T17:30:16.120000+00:00,31.7,35.7,61.0,1008.0,0,1.8,293
1510,9220,2023-10-07T17:32:16.165000+00:00,31.6,35.7,61.0,1008.0,0,1.7,319
1511,9220,2023-10-07T17:34:16.148000+00:00,31.6,35.6,61.0,1008.0,0,1.5,341
1512,9220,2023-10-07T17:36:16.162000+00:00,31.6,35.7,61.0,1008.0,0,1.3,339
1513,9220,2023-10-07T17:38:16.161000+00:00,31.6,35.7,61.0,1008.0,0,1.2,297
1514,9220,2023-10-07T17:40:16.160000+00:00,31.6,35.6,61.0,1008.0,0,1.0,269
1515,9220,2023-10-07T17:42:16.158000+00:00,31.6,35.6,61.0,1008.0,0,1.0,298
1516,9220,2023-10-07T17:44:16.157000+00:00,31.6,35.5,61.0,1008.0,0,0.6,269
1517,9220,2023-10-07T17:46:16.171000+00:00,31.6,35.5,61.0,1008.0,0,0.6,348
1518,9220,2023-10-07T17:48:16.154000+00:00,31.6,35.4,62.0,1008.0,0,1.1,150
1519,9220,2023-10-07T17:50:16.169000+00:00,31.6,35.8,61.0,1008.0,0,0.8,288
1520,9220,2023-10-07T17:52:16.167000+00:00,31.6,35.5,62.0,1008.0,0,0.8,293
1521,9220,2023-10-07T17:54:16.166000+00:00,31.6,36.0,61.0,1008.0,0,0.5,141
1522,9220,2023-10-07T17:56:16.165000+00:00,31.6,35.9,61.0,1008.0,0,0.6,296
1523,9220,2023-10-07T17:58:16.163000+00:00,31.5,35.2,62.0,1008.0,0,1.2,237
1524,9220,2023-10-07T18:00:16.162000+00:00,31.4,35.1,62.0,1008.0,0,1.6,286
1525,9220,2023-10-07T18:02:16.176000+00:00,31.4,35.0,62.0,1008.0,0,1.0,291
1526,9220,2023-10-07T18:04:16.175000+00:00,31.4,35.0,62.0,1008.0,0,0.8,298
1527,9220,2023-10-07T18:06:16.174000+00:00,31.3,35.3,62.0,1008.0,0,1.0,165
1528,9220,2023-10-07T18:08:16.172000+00:00,31.3,35.1,61.0,1008.0,0,0.8,317
1529,9220,2023-10-07T18:10:16.171000+00:00,31.3,35.3,62.0,1008.0,0,0.4,194
1530,9220,2023-10-07T18:12:16.170000+00:00,31.3,35.3,62.0,1008.0,0,0.8,271
1531,9220,2023-10-07T18:14:16.184000+00:00,31.3,34.8,63.0,1008.0,0,1.5,311
1532,9220,2023-10-07T18:16:16.182000+00:00,31.3,35.1,63.0,1008.0,0,1.7,307
1533,9221,2023-10-08T16:01:20.941000+00:00,32.3,38.1,64.0,1009.5,0,1.1,282
1534,9221,2023-10-08T16:03:20.940000+00:00,32.2,38.4,65.0,1009.5,0,1.0,287
1535,9221,2023-10-08T16:05:20.939000+00:00,32.2,38.1,65.0,1009.5,0,1.2,291
1536,9221,2023-10-08T16:07:20.953000+00:00,32.2,38.0,66.0,1009.5,0,1.2,287
1537,9221,2023-10-08T16:09:20.952000+00:00,32.1,37.9,65.0,1009.5,0,0.8,295
1538,9221,2023-10-08T16:11:20.950000+00:00,32.0,37.9,67.0,1009.5,0,1.1,295
1539,9221,2023-10-08T16:13:20.949000+00:00,32.0,37.9,67.0,1009.5,0,0.8,288
1540,9221,2023-10-08T16:15:20.947000+00:00,32.0,38.0,68.0,1009.5,0,1.0,259
1541,9221,2023-10-08T16:17:20.946000+00:00,32.0,37.6,69.0,1009.5,0,1.2,266
1542,9221,2023-10-08T16:19:20.961000+00:00,32.0,38.0,69.0,1009.5,0,1.0,287
1543,9221,2023-10-08T16:21:20.959000+00:00,31.9,38.1,69.0,1009.5,0,0.6,277
1544,9221,2023-10-08T16:23:20.973000+00:00,31.9,38.5,69.0,1009.5,0,0.8,283
1545,9221,2023-10-08T16:25:21.003000+00:00,31.8,37.9,69.0,1009.5,0,1.2,269
1546,9221,2023-10-08T16:27:21.018000+00:00,31.9,37.1,71.0,1009.5,0,1.2,342
1547,9221,2023-10-08T16:29:21.016000+00:00,31.8,37.6,72.0,1009.7,0,1.1,301
1548,9221,2023-10-08T16:31:21.031000+00:00,31.8,37.4,73.0,1009.7,0,0.8,291
1549,9221,2023-10-08T16:33:21.061000+00:00,31.7,37.3,73.0,1009.7,0,1.0,279
1550,9221,2023-10-08T16:35:21.059000+00:00,31.7,37.6,72.0,1009.7,0,0.6,278
1551,9221,2023-10-08T16:37:21.058000+00:00,31.6,37.2,72.0,1009.7,0,0.8,279
1552,9221,2023-10-08T16:39:21.057000+00:00,31.6,37.2,74.0,1009.7,0,0.4,272
1553,9221,2023-10-08T16:41:21.071000+00:00,31.6,37.2,74.0,1009.9,0,1.2,310
1554,9221,2023-10-08T16:43:21.070000+00:00,31.6,37.4,74.0,1009.7,0,1.1,280
1555,9221,2023-10-08T16:45:21.068000+00:00,31.4,37.4,74.0,1009.7,0,1.1,280
1556,9221,2023-10-08T16:47:21.082000+00:00,31.6,37.4,75.0,1009.7,0,1.0,297
1557,9221,2023-10-08T16:49:21.097000+00:00,31.6,37.4,74.0,1009.9,0,1.0,281
1558,9221,2023-10-08T16:51:21.095000+00:00,31.5,37.4,75.0,1009.9,0,0.8,288
1559,9221,2023-10-08T16:53:21.094000+00:00,31.5,37.2,74.0,1009.9,0,1.0,286
1560,9221,2023-10-08T16:55:21.108000+00:00,31.6,37.5,73.0,1009.9,0,1.0,319
1561,9221,2023-10-08T16:57:21.107000+00:00,31.6,37.4,73.0,1009.9,0,1.0,270
1562,9221,2023-10-08T16:59:21.121000+00:00,31.6,37.3,73.0,1009.9,0,0.6,268
1563,9221,2023-10-08T17:01:21.104000+00:00,31.6,37.2,73.0,1009.9,0,0.8,288
1564,9221,2023-10-08T17:03:21.103000+00:00,31.6,37.2,73.0,1009.9,0,1.2,275
1565,9221,2023-10-08T17:05:21.117000+00:00,31.5,37.4,73.0,1009.9,0,0.4,235
1566,9221,2023-10-08T17:07:21.116000+00:00,31.5,37.6,73.0,1009.9,0,0.5,0
1567,9221,2023-10-08T17:09:21.099000+00:00,31.5,37.3,74.0,1009.9,0,1.0,315
1568,9221,2023-10-08T17:11:21.114000+00:00,31.5,37.3,74.0,1009.9,0,0.6,190
1569,9221,2023-10-08T17:13:21.112000+00:00,31.5,37.3,75.0,1009.9,0,0.6,112
1570,9221,2023-10-08T17:15:21.126000+00:00,31.5,36.8,75.0,1009.9,0,0.6,156
1571,9221,2023-10-08T17:17:21.110000+00:00,31.5,37.4,75.0,1009.9,0,1.3,0
1572,9221,2023-10-08T17:19:21.124000+00:00,31.5,36.8,75.0,1010.0,0,0.8,168
1573,9221,2023-10-08T17:21:21.122000+00:00,31.4,36.7,75.0,1009.9,0,0.5,188
1574,9221,2023-10-08T17:23:21.121000+00:00,31.4,37.3,76.0,1009.9,0,0.6,163
1575,9221,2023-10-08T17:25:21.135000+00:00,31.5,36.9,76.0,1009.9,0,0.8,157
1576,9221,2023-10-08T17:27:21.118000+00:00,31.5,37.0,76.0,1009.9,0,0.6,144
1577,9221,2023-10-08T17:29:21.133000+00:00,31.4,36.7,77.0,1010.0,0,1.3,140
1578,9221,2023-10-08T17:31:21.163000+00:00,31.4,36.9,77.0,1010.0,0,1.2,157
1579,9221,2023-10-08T17:33:21.193000+00:00,31.4,36.4,76.0,1009.9,0,0.8,220
1580,9221,2023-10-08T17:35:21.223000+00:00,31.3,36.8,76.0,1009.9,0,0.6,204
1581,9221,2023-10-08T17:37:21.237000+00:00,31.3,36.7,76.0,1009.9,0,1.2,134
1582,9221,2023-10-08T17:39:21.236000+00:00,31.2,36.5,75.0,1009.9,0,0.5,161
1583,9221,2023-10-08T17:41:21.250000+00:00,31.2,36.7,75.0,1009.7,0,1.1,152
1584,9221,2023-10-08T17:43:21.248000+00:00,31.2,36.7,75.0,1009.7,0,0.6,173
1585,9221,2023-10-08T17:45:21.263000+00:00,31.2,36.5,75.0,1009.9,0,1.5,168
1586,9221,2023-10-08T17:47:21.261000+00:00,31.3,36.8,74.0,1009.7,0,1.0,212
1587,9221,2023-10-08T17:49:21.260000+00:00,31.3,37.1,72.0,1009.7,0,1.2,213
1588,9221,2023-10-08T17:51:21.259000+00:00,31.3,36.9,71.0,1009.7,0,1.2,175
1589,9221,2023-10-08T17:53:21.257000+00:00,31.4,37.2,71.0,1009.9,0,0.5,200
1590,9221,2023-10-08T17:55:21.256000+00:00,31.4,36.5,73.0,1009.9,0,1.2,174
1591,9221,2023-10-08T17:57:21.270000+00:00,31.4,36.6,73.0,1009.7,0,0.6,273
1592,9221,2023-10-08T17:59:21.269000+00:00,31.3,36.3,74.0,1009.9,0,1.7,162
1593,9221,2023-10-08T18:01:21.268000+00:00,31.2,36.1,75.0,1009.7,0,0.6,158
1594,9221,2023-10-08T18:03:21.282000+00:00,31.2,36.2,74.0,1009.9,0,0.6,152
1595,9221,2023-10-08T18:05:21.327000+00:00,31.3,36.2,74.0,1009.9,0,0.8,169
1596,9221,2023-10-08T18:07:21.326000+00:00,31.2,36.1,74.0,1009.9,0,0.8,137
1597,9221,2023-10-08T18:09:21.325000+00:00,31.2,36.0,75.0,1009.9,0,0.5,145
1598,9221,2023-10-08T18:11:21.339000+00:00,31.1,35.6,76.0,1009.9,0,0.6,0
1599,9221,2023-10-08T18:13:21.353000+00:00,31.1,35.8,76.0,1009.9,0,0.6,193
1600,9221,2023-10-08T18:15:21.367000+00:00,31.0,35.5,76.0,1009.9,0,1.3,80
1601,9221,2023-10-08T18:17:21.382000+00:00,31.0,36.5,75.0,1009.9,0,1.3,161
1602,9221,2023-10-08T18:19:21.396000+00:00,31.1,36.4,75.0,1009.9,0,1.2,182
1603,9221,2023-10-08T18:21:21.410000+00:00,31.0,36.3,74.0,1009.7,0,0.8,136
1604,9221,2023-10-08T18:23:21.409000+00:00,31.0,36.4,73.0,1009.7,0,0.8,241
1605,9221,2023-10-08T18:25:21.407000+00:00,31.0,36.3,74.0,1009.9,0,1.1,166
1606,9221,2023-10-08T18:27:21.406000+00:00,31.0,35.7,75.0,1009.7,0,0.8,84
1607,9221,2023-10-08T18:29:21.405000+00:00,30.9,35.5,76.0,1009.7,0,0.8,155
1608,9221,2023-10-08T18:31:21.403000+00:00,30.9,35.6,75.0,1009.9,0,0.6,102
1609,9221,2023-10-08T18:33:21.418000+00:00,30.8,35.6,74.0,1009.9,0,0.5,34
1610,9221,2023-10-08T18:35:21.416000+00:00,30.9,35.4,76.0,1009.9,0,0.8,268
1611,9221,2023-10-08T18:37:21.415000+00:00,30.9,35.0,76.0,1009.7,0,1.0,287
1612,9221,2023-10-08T18:39:21.413000+00:00,30.8,34.8,77.0,1009.7,0,1.1,291
1613,9212,2023-10-21T21:09:42.191000+00:00,33.3,37.1,21.0,992.7,0,3.0,84
1614,9212,2023-10-21T21:11:42.190000+00:00,33.2,37.1,20.0,992.5,0,2.9,82
1615,9212,2023-10-21T21:13:42.220000+00:00,33.2,37.2,20.0,992.5,0,2.7,90
1616,9212,2023-10-21T21:15:42.234000+00:00,33.3,37.3,21.0,992.5,0,1.7,82
1617,9212,2023-10-21T21:17:42.264000+00:00,33.4,37.5,21.0,992.5,0,1.2,105
1618,9212,2023-10-21T21:19:42.262000+00:00,33.5,37.6,21.0,992.7,0,1.1,128
1619,9212,2023-10-21T21:21:42.292000+00:00,33.6,37.6,20.0,992.5,0,1.3,79
1620,9212,2023-10-21T21:23:42.291000+00:00,33.6,37.8,20.0,992.7,0,1.3,86
1621,9212,2023-10-21T21:25:42.305000+00:00,33.5,37.8,20.0,992.7,0,1.7,107
1622,9212,2023-10-21T21:27:42.304000+00:00,33.5,37.6,21.0,992.5,0,3.4,96
1623,9212,2023-10-21T21:29:42.302000+00:00,33.4,37.4,21.0,992.5,0,3.0,96
1624,9212,2023-10-21T21:31:42.301000+00:00,33.3,37.2,21.0,992.5,0,3.7,90
1625,9212,2023-10-21T21:33:42.315000+00:00,33.2,37.0,21.0,992.5,0,2.9,80
1626,9212,2023-10-21T21:35:42.314000+00:00,33.2,37.0,22.0,992.5,0,2.2,102
1627,9212,2023-10-21T21:37:42.312000+00:00,33.3,37.0,22.0,992.5,0,2.7,97
1628,9212,2023-10-21T21:39:42.311000+00:00,33.3,37.1,22.0,992.5,0,2.7,92
1629,9212,2023-10-21T21:41:42.325000+00:00,33.3,36.9,22.0,992.5,0,2.7,120
1630,9212,2023-10-21T21:43:42.324000+00:00,33.2,36.7,22.0,992.5,0,3.0,95
1631,9212,2023-10-21T21:45:42.323000+00:00,33.2,36.8,22.0,992.5,0,3.0,104
1632,9212,2023-10-21T21:47:42.321000+00:00,33.2,36.5,22.0,992.5,0,2.7,108
1633,9212,2023-10-21T21:49:42.320000+00:00,33.2,36.7,22.0,992.5,0,3.9,86
1634,9212,2023-10-21T21:51:42.318000+00:00,33.2,36.7,23.0,992.5,0,3.0,97
1635,9212,2023-10-21T21:53:42.317000+00:00,33.2,36.7,23.0,992.5,0,2.7,91
1636,9212,2023-10-21T21:55:42.331000+00:00,33.1,36.6,22.0,992.5,0,3.4,82
1637,9212,2023-10-21T21:57:42.330000+00:00,33.0,36.4,22.0,992.5,0,3.2,97
1638,9212,2023-10-21T21:59:42.360000+00:00,33.0,36.3,22.0,992.5,0,2.5,86
1639,9212,2023-10-21T22:01:42.374000+00:00,32.9,36.3,22.0,992.7,0,3.4,88
1640,9212,2023-10-21T22:03:42.388000+00:00,33.0,36.4,22.0,992.7,0,2.9,99
1641,9212,2023-10-21T22:05:42.371000+00:00,33.0,36.4,22.0,992.7,0,2.5,95
1642,9212,2023-10-21T22:07:42.385000+00:00,33.0,36.5,22.0,992.7,0,3.4,108
1643,9212,2023-10-21T22:09:42.415000+00:00,33.1,36.4,22.0,992.7,0,2.7,95
1644,9212,2023-10-21T22:11:42.430000+00:00,33.2,36.5,22.0,992.5,0,2.5,109
1645,9212,2023-10-21T22:13:42.428000+00:00,33.1,36.4,22.0,992.5,0,3.0,59
1646,9212,2023-10-21T22:15:42.427000+00:00,33.2,36.4,23.0,992.7,0,1.8,83
1647,9212,2023-10-21T22:17:42.426000+00:00,33.1,36.3,23.0,992.5,0,1.8,98
1648,9212,2023-10-21T22:19:42.471000+00:00,33.0,36.1,23.0,992.5,0,1.7,127
1649,9212,2023-10-21T22:21:42.454000+00:00,33.1,36.1,23.0,992.5,0,1.2,81
1650,9212,2023-10-21T22:23:42.453000+00:00,33.1,36.1,22.0,992.7,0,2.2,93
1651,9212,2023-10-21T22:25:42.467000+00:00,33.1,36.1,22.0,992.7,0,2.0,98
1652,9212,2023-10-21T22:27:42.465000+00:00,33.1,36.1,22.0,992.5,0,2.2,105
1653,9212,2023-10-21T22:29:42.480000+00:00,33.1,36.0,21.0,992.7,0,2.2,86
1654,9212,2023-10-21T22:31:42.478000+00:00,33.1,35.9,22.0,992.5,0,1.7,57
1655,9212,2023-10-21T22:33:42.461000+00:00,33.2,35.9,21.0,992.5,0,1.1,53
1656,9212,2023-10-21T22:35:42.507000+00:00,33.2,35.9,22.0,992.7,0,1.7,110
1657,9212,2023-10-21T22:37:42.521000+00:00,33.2,35.7,22.0,992.7,0,2.0,93
1658,9212,2023-10-21T22:39:42.535000+00:00,33.1,35.7,21.0,992.7,0,2.2,94
1659,9212,2023-10-21T22:41:42.518000+00:00,33.1,35.7,22.0,992.7,0,2.2,123
1660,9213,2023-10-22T18:01:47.219000+00:00,28.6,39.4,49.0,995.0,0,3.2,85
1661,9213,2023-10-22T18:03:47.216000+00:00,28.6,39.2,50.0,995.2,0,1.8,87
1662,9213,2023-10-22T18:05:47.214000+00:00,28.6,40.0,50.0,995.0,0,3.0,99
1663,9213,2023-10-22T18:07:47.228000+00:00,28.5,39.2,51.0,995.0,0,2.5,134
1664,9213,2023-10-22T18:09:47.241000+00:00,28.8,39.6,49.0,995.0,0,2.4,97
1665,9213,2023-10-22T18:11:47.255000+00:00,28.9,39.6,45.0,994.9,0,4.0,108
1666,9213,2023-10-22T18:13:47.268000+00:00,29.0,40.2,45.0,994.9,0,5.1,100
1667,9213,2023-10-22T18:15:47.266000+00:00,29.0,39.9,46.0,995.0,0,3.4,132
1668,9213,2023-10-22T18:17:47.279000+00:00,29.1,40.0,45.0,994.9,0,3.4,106
1669,9213,2023-10-22T18:19:47.309000+00:00,29.1,39.2,46.0,994.7,0,3.0,116
1670,9213,2023-10-22T18:21:47.353000+00:00,28.9,39.9,47.0,994.7,0,4.0,97
1671,9213,2023-10-22T18:23:47.351000+00:00,28.8,39.8,48.0,994.7,0,3.4,126
1672,9213,2023-10-22T18:25:47.349000+00:00,29.0,39.7,47.0,994.7,0,3.7,103
1673,9213,2023-10-22T18:27:47.347000+00:00,29.0,39.4,48.0,994.7,0,3.0,97
1674,9213,2023-10-22T18:29:47.345000+00:00,29.0,39.6,48.0,994.5,0,3.7,98
1675,9213,2023-10-22T18:31:47.342000+00:00,29.2,39.6,47.0,994.5,0,4.4,105
1676,9213,2023-10-22T18:33:47.356000+00:00,29.1,39.5,46.0,994.5,0,3.4,101
1677,9213,2023-10-22T18:35:47.354000+00:00,29.0,39.4,47.0,994.5,0,2.2,89
1678,9213,2023-10-22T18:37:47.367000+00:00,29.0,40.0,46.0,994.5,0,2.7,99
1679,9213,2023-10-22T18:39:47.365000+00:00,29.2,40.0,46.0,994.5,0,3.0,109
1680,9213,2023-10-22T18:41:47.363000+00:00,29.3,40.3,44.0,994.4,0,3.2,102
1681,9213,2023-10-22T18:43:47.361000+00:00,29.6,40.5,44.0,994.4,0,4.4,101
1682,9213,2023-10-22T18:45:47.359000+00:00,29.6,40.4,44.0,994.4,0,3.4,107
1683,9213,2023-10-22T18:47:47.357000+00:00,29.4,40.2,43.0,994.4,0,4.0,106
1684,9213,2023-10-22T18:49:47.370000+00:00,29.2,39.9,43.0,994.2,0,3.0,107
1685,9213,2023-10-22T18:51:47.368000+00:00,29.5,39.8,44.0,994.2,0,4.3,96
1686,9213,2023-10-22T18:53:47.428000+00:00,29.6,39.6,44.0,994.2,0,3.5,76
1687,9213,2023-10-22T18:55:47.410000+00:00,29.5,40.3,44.0,994.0,0,4.5,98
1688,9213,2023-10-22T18:57:47.440000+00:00,29.6,41.0,43.0,994.2,0,4.0,98
1689,9213,2023-10-22T18:59:47.453000+00:00,29.7,39.8,43.0,994.2,0,1.6,92
1690,9213,2023-10-22T19:01:47.466000+00:00,29.6,41.1,42.0,994.0,0,3.7,112
1691,9213,2023-10-22T19:03:47.464000+00:00,29.9,40.8,42.0,994.0,0,2.9,103
1692,9213,2023-10-22T19:05:47.493000+00:00,29.8,40.8,42.0,993.9,0,3.0,109
1693,9213,2023-10-22T19:07:47.554000+00:00,29.9,40.7,41.0,994.0,0,2.9,95
1694,9213,2023-10-22T19:09:47.505000+00:00,29.9,40.7,41.0,994.0,0,4.0,96
1695,9213,2023-10-22T19:11:47.503000+00:00,30.0,40.5,43.0,993.9,0,2.5,100
1696,9213,2023-10-22T19:13:47.500000+00:00,30.0,40.5,42.0,994.0,0,3.7,97
1697,9213,2023-10-22T19:15:47.498000+00:00,30.0,40.5,40.0,993.9,0,4.1,123
1698,9213,2023-10-22T19:17:47.512000+00:00,30.0,41.1,41.0,993.7,0,2.4,102
1699,9213,2023-10-22T19:19:47.510000+00:00,30.0,40.4,41.0,993.9,0,3.2,107
1700,9213,2023-10-22T19:21:47.617000+00:00,30.0,40.7,41.0,993.7,0,3.4,92
1701,9213,2023-10-22T19:23:47.505000+00:00,30.0,40.8,42.0,993.7,0,3.5,82
1702,9213,2023-10-22T19:25:47.519000+00:00,30.4,41.5,40.0,993.5,0,1.5,324
1703,9213,2023-10-22T19:27:47.517000+00:00,30.4,41.3,39.0,993.5,0,3.4,113
1704,9213,2023-10-22T19:29:47.499000+00:00,30.3,41.6,39.0,993.5,0,2.2,103
1705,9213,2023-10-22T19:31:47.512000+00:00,30.4,41.5,38.0,993.5,0,1.8,103
1706,9213,2023-10-22T19:33:47.510000+00:00,30.5,41.8,39.0,993.2,0,5.0,85
1707,9213,2023-10-22T19:35:47.524000+00:00,30.2,41.6,40.0,993.5,0,4.3,106
1708,9213,2023-10-22T19:37:47.522000+00:00,30.1,41.3,40.0,993.5,0,2.7,94
1709,9213,2023-10-22T19:39:47.519000+00:00,30.2,40.9,39.0,993.5,0,2.4,143
1710,9213,2023-10-22T19:41:47.517000+00:00,30.3,41.4,39.0,993.4,0,2.2,102
1711,9213,2023-10-22T19:43:47.531000+00:00,30.4,42.0,38.0,993.4,0,1.3,103
1712,9213,2023-10-22T19:45:47.622000+00:00,30.7,41.6,37.0,993.4,0,4.5,101
1713,9213,2023-10-22T19:47:47.589000+00:00,30.4,41.2,38.0,993.2,0,4.0,104
1714,9213,2023-10-22T19:49:47.618000+00:00,30.4,41.3,38.0,993.2,0,4.0,108
1715,9213,2023-10-22T19:51:47.616000+00:00,30.5,41.4,37.0,993.2,0,4.5,90
1716,9213,2023-10-22T19:53:47.629000+00:00,30.4,41.0,37.0,993.2,0,4.8,92
1717,9213,2023-10-22T19:55:47.643000+00:00,30.1,41.0,38.0,993.2,0,3.0,106
1718,9213,2023-10-22T19:57:47.656000+00:00,30.4,41.0,37.0,993.0,0,4.1,124
1719,9213,2023-10-22T19:59:47.654000+00:00,30.7,41.6,37.0,993.0,0,6.1,91
1720,9213,2023-10-22T20:01:47.699000+00:00,30.5,41.5,38.0,993.2,0,4.9,109
1721,9213,2023-10-22T20:03:47.712000+00:00,30.4,41.3,39.0,993.2,0,5.0,93
1722,9213,2023-10-22T20:05:47.710000+00:00,30.6,41.6,38.0,993.0,0,4.5,73
1723,9213,2023-10-22T20:07:47.708000+00:00,30.4,41.4,39.0,993.2,0,4.9,74
1724,9213,2023-10-22T20:09:47.722000+00:00,30.2,41.2,39.0,993.0,0,3.4,95
1725,9213,2023-10-22T20:11:47.735000+00:00,30.4,41.0,39.0,993.0,0,2.5,96
1726,9213,2023-10-22T20:13:47.764000+00:00,30.7,41.5,39.0,992.9,0,1.2,51
1727,9213,2023-10-22T20:15:47.762000+00:00,31.0,42.2,38.0,993.0,0,3.7,107
1728,9213,2023-10-22T20:17:47.760000+00:00,30.9,41.8,38.0,993.0,0,5.0,105
1729,9213,2023-10-22T20:19:47.773000+00:00,30.6,40.7,39.0,993.0,0,3.4,93
1730,9213,2023-10-22T20:21:47.771000+00:00,30.6,41.3,39.0,993.0,0,1.7,125
1731,9213,2023-10-22T20:23:47.785000+00:00,30.9,41.3,38.0,993.0,0,1.6,84
1732,9213,2023-10-22T20:25:47.783000+00:00,31.0,41.6,38.0,992.9,0,3.9,98
1733,9213,2023-10-22T20:27:47.812000+00:00,30.9,40.8,39.0,992.9,0,3.2,96
1734,9213,2023-10-22T20:29:47.825000+00:00,31.0,41.1,40.0,992.9,0,3.7,56
1735,9213,2023-10-22T20:31:47.839000+00:00,30.9,41.3,39.0,992.7,0,1.6,322
1736,9213,2023-10-22T20:33:47.852000+00:00,30.8,40.8,39.0,992.7,0,1.7,89
1737,9213,2023-10-22T20:35:47.850000+00:00,30.8,41.0,40.0,992.9,0,2.5,105
1738,9213,2023-10-22T20:37:47.879000+00:00,30.8,40.2,41.0,992.7,0,3.4,104
1739,9213,2023-10-22T20:39:47.924000+00:00,30.8,40.4,41.0,992.7,0,2.7,104
1740,9213,2023-10-22T20:41:47.906000+00:00,30.7,40.6,42.0,992.7,0,2.4,102
1741,9213,2023-10-22T20:43:47.904000+00:00,30.6,39.9,42.0,992.7,0,3.0,86
1742,9213,2023-10-22T20:45:47.902000+00:00,30.6,39.0,42.0,992.7,0,2.9,82
1743,9213,2023-10-22T20:47:47.916000+00:00,30.6,39.9,43.0,992.7,0,2.7,76
1744,9181,2023-10-29T19:01:53.120000+00:00,24.7,47.3,31.0,781.2,0,1.0,278
1745,9181,2023-10-29T19:03:53.118000+00:00,24.5,47.2,29.0,781.2,0,1.7,281
1746,9181,2023-10-29T19:05:53.116000+00:00,24.6,47.5,27.0,781.2,0,2.0,257
1747,9181,2023-10-29T19:07:53.130000+00:00,24.4,47.6,28.0,781.0,0,2.2,277
1748,9181,2023-10-29T19:09:53.127000+00:00,24.2,47.1,29.0,781.0,0,1.1,269
1749,9181,2023-10-29T19:11:53.125000+00:00,24.4,47.2,27.0,781.0,0,2.2,271
1750,9181,2023-10-29T19:13:53.139000+00:00,24.5,46.7,29.0,781.0,0,1.0,199
1751,9181,2023-10-29T19:15:53.121000+00:00,24.6,46.9,29.0,780.9,0,0.8,248
1752,9181,2023-10-29T19:17:53.135000+00:00,24.3,47.1,27.0,780.9,0,0.8,249
1753,9181,2023-10-29T19:19:53.133000+00:00,24.2,47.4,28.0,780.7,0,2.2,104
1754,9181,2023-10-29T19:21:53.130000+00:00,24.2,47.8,29.0,780.7,0,4.0,68
1755,9181,2023-10-29T19:23:53.128000+00:00,24.2,47.6,28.0,780.5,0,1.2,117
1756,9181,2023-10-29T19:25:53.142000+00:00,24.2,47.9,27.0,780.5,0,1.2,84
1757,9181,2023-10-29T19:27:53.140000+00:00,24.2,47.8,27.0,780.5,0,2.0,123
1758,9181,2023-10-29T19:29:53.122000+00:00,24.3,48.2,26.0,780.5,0,1.2,106
1759,9181,2023-10-29T19:31:53.136000+00:00,24.4,47.8,27.0,780.5,0,0.8,267
1760,9181,2023-10-29T19:33:53.133000+00:00,24.4,48.1,29.0,780.5,0,0.6,335
1761,9181,2023-10-29T19:35:53.131000+00:00,24.6,48.1,27.0,780.5,0,1.5,254
1762,9181,2023-10-29T19:37:53.145000+00:00,25.0,47.7,26.0,780.2,0,1.6,271
1763,9181,2023-10-29T19:39:53.143000+00:00,25.0,47.7,27.0,780.4,0,1.2,271
1764,9181,2023-10-29T19:41:53.141000+00:00,24.9,47.6,27.0,780.2,0,1.1,288
1765,9181,2023-10-29T19:43:53.154000+00:00,24.7,47.7,27.0,780.2,0,1.5,300
1766,9181,2023-10-29T19:45:53.152000+00:00,24.6,47.9,26.0,780.2,0,1.2,292
1767,9181,2023-10-29T19:47:53.150000+00:00,24.8,47.9,26.0,780.2,0,1.2,292
1768,9181,2023-10-29T19:49:53.148000+00:00,24.7,47.9,26.0,780.2,0,1.2,292
1769,9181,2023-10-29T19:51:53.146000+00:00,24.9,48.1,27.0,780.0,0,0.6,301
1770,9181,2023-10-29T19:53:53.159000+00:00,24.9,47.9,28.0,780.0,0,1.2,342
1771,9181,2023-10-29T19:55:53.157000+00:00,24.9,47.7,28.0,780.0,0,0.8,75
1772,9181,2023-10-29T19:57:53.155000+00:00,24.7,47.7,28.0,780.0,0,1.6,79
1773,9181,2023-10-29T19:59:53.153000+00:00,24.7,47.8,28.0,780.0,0,1.1,338
1774,9181,2023-10-29T20:01:53.151000+00:00,24.6,47.9,28.0,780.0,0,1.5,172
1775,9181,2023-10-29T20:03:53.164000+00:00,24.5,48.1,28.0,780.0,0,1.1,163
1776,9181,2023-10-29T20:05:53.162000+00:00,24.6,48.6,28.0,779.9,0,2.5,220
1777,9181,2023-10-29T20:07:53.176000+00:00,24.8,48.2,26.0,779.7,0,2.2,311
1778,9181,2023-10-29T20:09:53.189000+00:00,24.8,47.5,26.0,779.7,0,2.0,296
1779,9181,2023-10-29T20:11:53.203000+00:00,25.0,47.0,27.0,779.7,0,1.3,306
1780,9181,2023-10-29T20:13:53.216000+00:00,25.1,47.0,27.0,779.7,0,1.2,281
1781,9181,2023-10-29T20:15:53.214000+00:00,25.4,47.2,28.0,779.7,0,2.7,318
1782,9181,2023-10-29T20:17:53.212000+00:00,25.4,47.2,28.0,779.5,0,2.0,143
1783,9181,2023-10-29T20:19:53.210000+00:00,25.4,47.4,27.0,779.7,0,3.7,274
1784,9181,2023-10-29T20:21:53.208000+00:00,25.5,47.6,24.0,779.7,0,1.1,193
1785,9181,2023-10-29T20:23:53.221000+00:00,25.6,47.4,22.0,779.5,0,0.6,227
1786,9181,2023-10-29T20:25:53.219000+00:00,25.8,47.5,22.0,779.5,0,1.3,119
1787,9181,2023-10-29T20:27:53.217000+00:00,25.6,47.1,22.0,779.4,0,1.1,187
1788,9181,2023-10-29T20:29:53.215000+00:00,25.5,47.7,24.0,779.5,0,3.0,258
1789,9181,2023-10-29T20:31:53.244000+00:00,25.5,47.2,24.0,779.4,0,1.3,288
1790,9181,2023-10-29T20:33:53.258000+00:00,25.6,47.0,23.0,779.4,0,0.8,233
1791,9181,2023-10-29T20:35:53.287000+00:00,25.8,47.3,23.0,779.4,0,1.0,315
1792,9181,2023-10-29T20:37:53.285000+00:00,25.8,47.6,22.0,779.4,0,1.2,292
1793,9181,2023-10-29T20:39:53.298000+00:00,25.9,46.8,22.0,779.2,0,1.0,274
1794,9181,2023-10-29T20:41:53.312000+00:00,25.8,46.6,22.0,779.2,0,0.8,0
1795,9181,2023-10-29T20:43:53.310000+00:00,25.7,46.8,22.0,779.2,0,0.5,50
1796,9181,2023-10-29T20:45:53.307000+00:00,25.7,46.5,22.0,779.2,0,1.1,117
1797,9181,2023-10-29T20:47:53.305000+00:00,25.7,46.7,23.0,779.2,0,0.6,295
1798,9181,2023-10-29T20:49:53.319000+00:00,25.9,46.8,22.0,779.2,0,1.0,295
1799,9181,2023-10-29T20:51:53.317000+00:00,25.9,46.6,22.0,779.0,0,1.3,310
1800,9181,2023-10-29T20:53:53.315000+00:00,25.9,46.7,22.0,779.2,0,1.1,167
1801,9181,2023-10-29T20:55:53.312000+00:00,26.0,46.4,22.0,779.0,0,1.0,273
1802,9181,2023-10-29T20:57:53.326000+00:00,26.1,46.4,21.0,779.0,0,0.8,333
1803,9181,2023-10-29T20:59:53.324000+00:00,26.0,46.2,22.0,779.0,0,1.2,270
1804,9181,2023-10-29T21:01:53.322000+00:00,26.1,46.2,22.0,779.0,0,1.7,275
1805,9181,2023-10-29T21:03:53.320000+00:00,26.0,46.0,21.0,779.0,0,2.4,261
1806,9181,2023-10-29T21:05:53.318000+00:00,26.1,46.0,21.0,779.0,0,3.5,271
1807,9181,2023-10-29T21:07:53.331000+00:00,26.1,45.8,21.0,778.9,0,2.4,316
1808,9181,2023-10-29T21:09:53.329000+00:00,26.3,45.8,21.0,778.9,0,1.8,293
1809,9181,2023-10-29T21:11:53.343000+00:00,26.2,45.8,21.0,779.0,0,1.6,272
1810,9181,2023-10-29T21:13:53.325000+00:00,26.1,45.4,20.0,778.9,0,1.2,302
1811,9181,2023-10-29T21:15:53.323000+00:00,26.0,45.0,21.0,778.9,0,2.0,299
1812,9181,2023-10-29T21:17:53.336000+00:00,26.4,45.0,21.0,778.9,0,2.2,312
1813,9181,2023-10-29T21:19:53.365000+00:00,26.5,45.0,21.0,778.9,0,1.6,292
1814,9181,2023-10-29T21:21:53.394000+00:00,26.8,44.8,20.0,778.9,0,2.5,295
1815,9181,2023-10-29T21:23:53.408000+00:00,26.8,44.8,21.0,778.7,0,1.7,314
1816,9181,2023-10-29T21:25:53.406000+00:00,26.7,44.7,20.0,778.7,0,2.4,263
1817,9181,2023-10-29T21:27:53.435000+00:00,26.6,44.5,20.0,778.7,0,1.5,311
1818,9181,2023-10-29T21:29:53.449000+00:00,26.6,44.3,20.0,778.7,0,1.2,67
1819,9181,2023-10-29T21:31:53.478000+00:00,26.6,44.0,20.0,778.7,0,1.0,295
1820,9181,2023-10-29T21:33:53.476000+00:00,26.9,44.0,20.0,778.7,0,1.6,296
1821,9181,2023-10-29T21:35:53.473000+00:00,26.9,43.6,20.0,778.7,0,1.7,307
1822,9181,2023-10-29T21:37:53.471000+00:00,26.6,43.6,19.0,778.7,0,1.6,355
1823,9181,2023-10-29T21:39:53.469000+00:00,26.6,43.6,19.0,778.7,0,1.7,301
1824,9181,2023-10-29T21:41:53.467000+00:00,26.5,43.2,19.0,778.7,0,0.0,0
1825,9181,2023-10-29T21:43:53.465000+00:00,26.5,43.1,19.0,778.7,0,1.2,276
1826,9181,2023-10-29T21:45:53.479000+00:00,26.5,43.1,19.0,778.7,0,1.8,310
1827,9181,2023-10-29T21:47:53.477000+00:00,26.6,41.5,19.0,778.7,0,2.2,235
1828,9181,2023-10-29T21:49:53.490000+00:00,26.5,40.6,19.0,778.7,0,0.8,146
1829,9181,2023-10-29T21:51:53.488000+00:00,26.5,40.6,19.0,778.7,0,1.5,307
1830,9181,2023-10-29T21:53:53.486000+00:00,26.7,40.5,18.0,778.7,0,1.5,292
1831,9181,2023-10-29T21:55:53.468000+00:00,26.5,39.9,19.0,778.7,0,1.1,291
1832,9181,2023-10-29T21:57:53.482000+00:00,26.4,39.2,19.0,778.5,0,1.8,305
1833,9181,2023-10-29T21:59:53.480000+00:00,26.4,38.8,19.0,778.5,0,2.0,305
1834,9181,2023-10-29T22:01:53.493000+00:00,26.4,38.2,19.0,778.5,0,1.3,293
1835,9181,2023-10-29T22:03:53.491000+00:00,26.3,37.7,19.0,778.5,0,0.8,0
1836,9181,2023-10-29T22:05:53.536000+00:00,26.2,37.3,19.0,778.5,0,1.2,285
1837,9181,2023-10-29T22:07:53.534000+00:00,26.1,36.6,19.0,778.7,0,2.9,268
1838,9181,2023-10-29T22:09:53.563000+00:00,26.1,36.2,19.0,778.7,0,2.0,0
1839,9204,2023-11-04T17:36:52.286000+00:00,27.3,55.1,26.0,921.5,0,0.6,268
1840,9204,2023-11-04T17:38:52.269000+00:00,27.2,55.3,26.0,921.5,0,1.0,0
1841,9204,2023-11-04T17:40:52.283000+00:00,27.3,55.2,26.0,921.5,0,0.6,59
1842,9204,2023-11-04T17:42:52.282000+00:00,27.3,55.1,26.0,921.5,0,1.7,17
1843,9204,2023-11-04T17:44:52.281000+00:00,27.2,55.0,26.0,921.7,0,1.2,64
1844,9204,2023-11-04T17:46:52.295000+00:00,27.0,54.8,27.0,921.5,0,1.7,47
1845,9204,2023-11-04T17:48:52.340000+00:00,27.3,54.9,27.0,921.5,0,1.2,123
1846,9204,2023-11-04T17:50:52.339000+00:00,27.2,54.7,28.0,921.5,0,0.5,72
1847,9204,2023-11-04T17:52:52.338000+00:00,27.1,54.1,27.0,921.5,0,1.5,37
1848,9204,2023-11-04T17:54:52.352000+00:00,27.0,53.4,28.0,921.4,0,0.3,58
1849,9204,2023-11-04T17:56:52.382000+00:00,26.9,53.5,27.0,921.4,0,2.0,45
1850,9204,2023-11-04T17:58:52.412000+00:00,27.0,54.0,28.0,921.5,0,1.8,359
1851,9204,2023-11-04T18:00:52.426000+00:00,27.0,54.3,29.0,921.5,0,1.0,14
1852,9204,2023-11-04T18:02:52.425000+00:00,27.1,54.7,29.0,921.5,0,1.3,1
1853,9204,2023-11-04T18:04:52.455000+00:00,27.0,54.3,28.0,921.5,0,1.2,52
1854,9204,2023-11-04T18:06:52.469000+00:00,27.4,54.7,26.0,921.5,0,1.1,156
1855,9204,2023-11-04T18:08:52.468000+00:00,27.4,54.9,25.0,921.5,0,1.1,50
1856,9204,2023-11-04T18:10:52.482000+00:00,27.3,54.5,24.0,921.5,0,1.2,47
1857,9204,2023-11-04T18:12:52.481000+00:00,27.3,54.5,24.0,921.5,0,0.6,340
1858,9204,2023-11-04T18:14:52.479000+00:00,27.3,54.2,24.0,921.4,0,0.6,348
1859,9204,2023-11-04T18:16:52.509000+00:00,27.3,53.9,24.0,921.2,0,1.3,36
1860,9204,2023-11-04T18:18:52.523000+00:00,27.4,53.9,24.0,921.4,0,1.2,18
1861,9204,2023-11-04T18:20:52.538000+00:00,27.4,53.9,23.0,921.4,0,1.8,326
1862,9204,2023-11-04T18:22:52.552000+00:00,27.4,53.6,25.0,921.4,0,0.6,352
1863,9204,2023-11-04T18:24:52.566000+00:00,27.6,54.0,23.0,921.4,0,1.0,59
1864,9204,2023-11-04T18:26:52.565000+00:00,27.7,53.8,19.0,921.2,0,0.6,79
1865,9204,2023-11-04T18:28:52.564000+00:00,27.6,54.1,19.0,921.4,0,0.5,58
1866,9204,2023-11-04T18:30:52.562000+00:00,27.7,53.8,18.0,921.2,0,0.3,0
1867,9204,2023-11-04T18:32:52.561000+00:00,27.7,52.4,18.0,921.4,0,0.8,359
1868,9204,2023-11-04T18:34:52.560000+00:00,27.5,49.7,17.0,921.2,0,1.0,37
1869,9204,2023-11-04T18:36:52.574000+00:00,27.5,47.9,18.0,921.2,0,2.2,36
1870,9204,2023-11-04T18:38:52.572000+00:00,27.5,46.4,18.0,921.2,0,1.8,111
1871,9204,2023-11-04T18:40:52.571000+00:00,27.5,45.8,18.0,921.2,1,1.3,38
1872,9204,2023-11-04T18:42:52.570000+00:00,27.5,44.8,18.0,921.2,0,2.0,34
1873,9204,2023-11-04T18:44:52.568000+00:00,27.5,44.3,17.0,921.0,0,1.3,49
1874,9204,2023-11-04T18:46:52.567000+00:00,27.4,43.7,17.0,921.0,0,1.2,73
1875,9204,2023-11-04T18:48:52.581000+00:00,27.4,43.0,17.0,921.0,0,1.2,95
1876,9204,2023-11-04T18:50:52.580000+00:00,27.5,42.8,17.0,921.0,0,1.1,5
1877,9204,2023-11-04T18:52:52.579000+00:00,27.3,42.3,17.0,921.2,0,1.2,61
1878,9204,2023-11-04T18:54:52.577000+00:00,27.4,41.8,18.0,921.2,0,1.2,30
1879,9204,2023-11-04T18:56:52.576000+00:00,27.5,41.5,18.0,921.0,0,1.5,80
1880,9204,2023-11-04T18:58:52.575000+00:00,27.4,41.0,19.0,921.0,0,1.0,3
1881,9204,2023-11-04T19:00:52.589000+00:00,27.4,40.5,20.0,921.0,0,1.7,37
1882,9204,2023-11-04T19:02:52.587000+00:00,27.4,40.4,21.0,921.0,0,1.5,22
1883,9204,2023-11-04T19:04:52.586000+00:00,27.4,40.0,21.0,921.2,0,2.0,27
1884,9205,2023-11-05T16:01:57.618000+00:00,20.3,51.4,62.0,928.4,0,1.8,194
1885,9205,2023-11-05T16:03:57.617000+00:00,20.4,51.3,62.0,928.4,0,2.0,200
1886,9205,2023-11-05T16:05:57.615000+00:00,20.4,52.4,61.0,928.4,0,0.8,211
1887,9205,2023-11-05T16:07:57.614000+00:00,20.5,51.6,60.0,928.2,0,1.3,246
1888,9205,2023-11-05T16:09:57.613000+00:00,20.5,48.1,61.0,928.2,0,1.0,225
1889,9205,2023-11-05T16:11:57.611000+00:00,20.5,47.3,61.0,928.2,0,1.2,241
1890,9205,2023-11-05T16:13:57.610000+00:00,20.3,47.3,61.0,928.2,0,1.0,227
1891,9205,2023-11-05T16:15:57.624000+00:00,20.5,48.2,59.0,928.2,0,1.2,179
1892,9205,2023-11-05T16:17:57.623000+00:00,20.6,50.0,58.0,928.2,0,1.2,240
1893,9205,2023-11-05T16:19:57.621000+00:00,20.5,50.4,58.0,928.2,0,0.8,189
1894,9205,2023-11-05T16:21:57.620000+00:00,20.6,50.2,58.0,928.2,0,1.3,165
1895,9205,2023-11-05T16:23:57.618000+00:00,20.6,48.7,58.0,928.2,0,1.1,165
1896,9205,2023-11-05T16:25:57.633000+00:00,20.6,48.4,57.0,928.2,0,1.3,190
1897,9205,2023-11-05T16:27:57.616000+00:00,20.4,47.9,58.0,928.2,0,0.8,195
1898,9205,2023-11-05T16:29:57.630000+00:00,20.4,47.9,58.0,928.2,0,1.3,166
1899,9205,2023-11-05T16:31:57.628000+00:00,20.5,49.6,60.0,928.0,0,1.1,190
1900,9205,2023-11-05T16:33:57.627000+00:00,20.5,50.8,59.0,928.0,0,1.1,218
1901,9205,2023-11-05T16:35:57.641000+00:00,20.5,50.5,57.0,928.0,0,1.1,204
1902,9205,2023-11-05T16:37:57.640000+00:00,20.5,49.8,56.0,928.0,0,1.0,230
1903,9205,2023-11-05T16:39:57.638000+00:00,20.5,49.0,56.0,928.0,0,0.6,241
1904,9205,2023-11-05T16:41:57.637000+00:00,20.5,49.7,57.0,928.0,0,0.8,227
1905,9205,2023-11-05T16:43:57.651000+00:00,20.5,49.6,57.0,928.0,0,0.8,164
1906,9205,2023-11-05T16:45:57.634000+00:00,20.6,48.3,57.0,928.0,0,1.2,266
1907,9205,2023-11-05T16:47:57.648000+00:00,20.4,47.5,57.0,927.9,0,1.2,190
1908,9205,2023-11-05T16:49:57.647000+00:00,20.7,48.2,57.0,928.0,0,1.5,252
1909,9205,2023-11-05T16:51:57.646000+00:00,20.5,47.5,58.0,928.0,0,0.6,146
1910,9205,2023-11-05T16:53:57.644000+00:00,20.4,47.0,59.0,928.0,0,1.0,169
1911,9205,2023-11-05T16:55:57.643000+00:00,20.5,48.5,59.0,927.9,0,0.8,166
1912,9205,2023-11-05T16:57:57.673000+00:00,20.6,45.9,59.0,928.0,0,1.2,167
1913,9205,2023-11-05T16:59:57.671000+00:00,20.5,47.2,58.0,927.9,0,1.6,161
1914,9205,2023-11-05T17:01:57.670000+00:00,20.7,46.9,59.0,928.0,0,1.2,166
1915,9205,2023-11-05T17:03:57.684000+00:00,20.6,47.8,58.0,928.0,0,1.1,181
1916,9205,2023-11-05T17:05:57.696000+00:00,20.6,47.1,60.0,928.0,0,1.2,178
1917,9205,2023-11-05T17:07:57.694000+00:00,20.5,45.3,60.0,928.0,0,1.1,139
1918,9205,2023-11-05T17:09:57.709000+00:00,20.7,47.5,58.0,928.0,0,2.0,155
1919,9205,2023-11-05T17:11:57.723000+00:00,20.6,46.9,59.0,928.0,0,1.1,198
1920,9205,2023-11-05T17:13:57.753000+00:00,20.5,46.8,59.0,927.9,0,1.0,140
1921,9205,2023-11-05T17:15:57.767000+00:00,20.6,47.2,58.0,927.9,0,0.6,178
1922,9205,2023-11-05T17:17:57.781000+00:00,20.5,47.1,58.0,927.9,0,0.8,149
1923,9205,2023-11-05T17:19:57.811000+00:00,20.6,47.9,57.0,928.0,0,1.1,175
1924,9205,2023-11-05T17:21:57.810000+00:00,20.7,48.6,57.0,927.9,1,1.2,141
1925,9205,2023-11-05T17:23:57.824000+00:00,20.9,49.1,56.0,927.9,0,1.3,180
1926,9205,2023-11-05T17:25:57.838000+00:00,21.0,49.4,55.0,927.9,0,1.5,172
1927,9205,2023-11-05T17:27:57.852000+00:00,20.7,49.7,55.0,927.9,0,1.1,151
1928,9205,2023-11-05T17:29:57.867000+00:00,20.7,49.7,54.0,927.9,0,2.2,190
1929,9205,2023-11-05T17:31:57.896000+00:00,20.7,49.2,55.0,927.9,0,2.2,198
1930,9205,2023-11-05T17:33:57.911000+00:00,20.8,48.7,56.0,927.9,0,1.7,98
1931,9205,2023-11-05T17:35:57.925000+00:00,21.0,50.2,55.0,927.7,0,0.8,180
1932,9205,2023-11-05T17:37:57.923000+00:00,21.0,49.8,57.0,927.9,0,1.2,307
1933,9205,2023-11-05T17:39:57.922000+00:00,21.1,49.7,58.0,927.9,0,1.8,204
1934,9205,2023-11-05T17:41:57.921000+00:00,21.0,49.4,58.0,927.7,0,1.0,263
1935,9205,2023-11-05T17:43:57.919000+00:00,20.9,49.2,58.0,927.5,0,1.5,291
1936,9205,2023-11-05T17:45:57.934000+00:00,20.8,49.1,55.0,927.7,0,1.3,181
1937,9205,2023-11-05T17:47:57.932000+00:00,20.6,49.1,57.0,927.7,0,1.1,73
1938,9205,2023-11-05T17:49:57.946000+00:00,20.8,48.9,55.0,927.9,0,1.7,194
1939,9205,2023-11-05T17:51:57.961000+00:00,21.0,48.7,56.0,927.7,0,2.2,170
1940,9205,2023-11-05T17:53:57.975000+00:00,20.9,48.8,57.0,927.7,0,1.5,197
1941,9205,2023-11-05T17:55:57.973000+00:00,20.6,48.9,58.0,927.9,0,2.5,190
1942,9205,2023-11-05T17:57:57.988000+00:00,20.6,48.3,59.0,927.7,0,2.2,189
1943,9205,2023-11-05T17:59:57.971000+00:00,20.5,48.5,59.0,927.7,0,1.5,195
1944,9205,2023-11-05T18:01:57.985000+00:00,20.5,48.1,58.0,927.7,0,0.8,153
1945,9205,2023-11-05T18:03:57.984000+00:00,20.5,48.4,57.0,927.9,0,0.6,190
1946,9205,2023-11-05T18:05:57.998000+00:00,20.7,48.8,56.0,927.7,0,1.2,172
1947,9205,2023-11-05T18:07:58.012000+00:00,20.4,48.4,57.0,927.7,0,1.1,174
1948,9205,2023-11-05T18:09:58.042000+00:00,20.5,48.0,57.0,927.7,0,1.6,150
1949,9205,2023-11-05T18:11:58.041000+00:00,20.4,47.4,58.0,927.9,0,1.7,170
1950,9205,2023-11-05T18:13:58.070000+00:00,20.3,47.3,60.0,927.7,0,1.6,311
1951,9205,2023-11-05T18:15:58.069000+00:00,20.2,47.2,59.0,927.7,0,1.3,177
1952,9205,2023-11-05T18:17:58.083000+00:00,20.4,47.4,58.0,927.7,0,1.6,159
1953,9205,2023-11-05T18:19:58.082000+00:00,20.5,47.5,58.0,927.7,0,2.0,174
1954,9205,2023-11-05T18:21:58.080000+00:00,20.4,47.0,59.0,927.9,0,1.2,152
1955,9205,2023-11-05T18:23:58.079000+00:00,20.5,47.1,58.0,927.7,0,2.0,161
1956,9205,2023-11-05T18:25:58.078000+00:00,20.4,47.1,59.0,927.7,0,2.5,182
1957,9205,2023-11-05T18:27:58.092000+00:00,20.3,47.1,59.0,927.9,0,1.5,164
1958,9205,2023-11-05T18:29:58.075000+00:00,20.3,46.7,58.0,927.9,0,1.1,148
1959,9205,2023-11-05T18:31:58.089000+00:00,20.3,46.2,58.0,927.7,0,1.3,197
1960,9205,2023-11-05T18:33:58.088000+00:00,20.2,44.9,58.0,927.9,0,2.2,157
1961,9205,2023-11-05T18:35:58.086000+00:00,20.3,42.5,58.0,927.7,0,0.6,164
1962,9205,2023-11-05T18:37:58.085000+00:00,20.3,41.1,58.0,927.7,0,0.6,183
1963,9205,2023-11-05T18:39:58.084000+00:00,20.2,40.5,59.0,927.7,0,1.1,304
1964,9205,2023-11-05T18:41:58.082000+00:00,20.0,39.6,58.0,927.9,0,1.1,179
1965,9205,2023-11-05T18:43:58.081000+00:00,20.0,38.8,59.0,927.9,0,1.2,160
1966,9205,2023-11-05T18:45:58.095000+00:00,19.9,38.4,59.0,927.7,0,1.5,63
1967,9205,2023-11-05T18:47:58.094000+00:00,19.8,37.9,58.0,927.7,0,2.4,176
1968,9205,2023-11-05T18:49:58.108000+00:00,19.9,37.6,60.0,927.7,0,1.3,177
1969,9205,2023-11-05T18:51:58.107000+00:00,19.9,37.8,59.0,927.7,0,1.6,154
1970,9205,2023-11-05T18:53:58.121000+00:00,19.8,37.1,60.0,927.7,0,1.3,159
1971,9205,2023-11-05T18:55:58.151000+00:00,19.7,37.0,60.0,927.9,0,1.6,212
1972,9205,2023-11-05T18:57:58.149000+00:00,19.6,36.6,61.0,927.9,0,1.5,152
1973,9205,2023-11-05T18:59:58.148000+00:00,19.8,36.5,60.0,927.7,0,0.8,159
1974,9205,2023-11-05T19:01:58.162000+00:00,19.7,36.0,60.0,927.9,0,0.8,173
1975,9205,2023-11-05T19:03:58.177000+00:00,19.8,35.8,61.0,927.7,0,2.0,200
1976,9189,2023-11-19T05:50:08.851000+00:00,18.1,20.3,45.0,940.2,0,2.5,227
1977,9189,2023-11-19T05:52:08.849000+00:00,18.1,19.1,46.0,940.0,0,1.7,227
1978,9189,2023-11-19T05:54:08.847000+00:00,18.0,18.9,45.0,940.0,0,2.0,217
1979,9189,2023-11-19T05:56:08.861000+00:00,18.0,18.8,45.0,940.2,0,2.2,185
1980,9189,2023-11-19T05:58:08.874000+00:00,18.0,18.8,46.0,940.2,0,2.7,206
1981,9189,2023-11-19T06:00:08.856000+00:00,17.9,18.4,46.0,940.0,0,1.3,228
1982,9189,2023-11-19T06:02:08.854000+00:00,17.9,18.5,47.0,940.0,0,2.0,232
1983,9189,2023-11-19T06:04:08.868000+00:00,17.9,18.5,47.0,940.0,0,2.7,223
1984,9189,2023-11-19T06:06:08.866000+00:00,18.0,18.3,47.0,940.0,0,3.5,202
1985,9189,2023-11-19T06:08:08.864000+00:00,18.0,18.3,47.0,940.0,0,2.5,230
1986,9189,2023-11-19T06:10:08.861000+00:00,18.1,18.3,47.0,940.0,0,1.3,228
1987,9189,2023-11-19T06:12:08.859000+00:00,18.1,18.3,47.0,940.0,0,3.2,207
1988,9189,2023-11-19T06:14:08.857000+00:00,18.1,18.2,47.0,939.9,0,1.7,240
1989,9189,2023-11-19T06:16:08.871000+00:00,18.0,18.2,47.0,940.0,0,3.5,217
1990,9189,2023-11-19T06:18:08.869000+00:00,18.0,18.1,47.0,939.9,0,2.2,220
1991,9189,2023-11-19T06:20:08.867000+00:00,18.0,18.2,47.0,940.0,0,3.4,227
1992,9189,2023-11-19T06:22:08.864000+00:00,18.1,18.1,47.0,939.9,0,2.4,197
1993,9189,2023-11-19T06:24:08.878000+00:00,18.1,18.0,48.0,939.9,0,2.5,224
1994,9189,2023-11-19T06:26:08.876000+00:00,18.1,17.8,48.0,939.9,0,3.2,244
1995,9189,2023-11-19T06:28:08.889000+00:00,18.1,17.8,48.0,939.9,0,2.0,190
1996,9189,2023-11-19T06:30:08.903000+00:00,18.2,17.9,48.0,939.9,0,1.7,255
1997,9189,2023-11-19T06:32:08.932000+00:00,18.2,17.9,48.0,939.9,0,2.2,233
1998,9189,2023-11-19T06:34:08.945000+00:00,18.2,17.9,48.0,939.9,0,2.2,243
1999,9189,2023-11-19T06:36:08.959000+00:00,18.2,17.9,48.0,939.9,0,2.2,239
2000,9189,2023-11-19T06:38:08.972000+00:00,18.1,17.8,48.0,939.9,0,3.0,210
2001,9189,2023-11-19T06:40:08.970000+00:00,18.1,17.9,48.0,939.7,0,2.5,227
2002,9189,2023-11-19T06:42:08.999000+00:00,18.0,17.9,48.0,939.9,0,3.2,231
2003,9189,2023-11-19T06:44:09.013000+00:00,18.0,17.7,48.0,939.7,0,2.2,230
2004,9189,2023-11-19T06:46:09.011000+00:00,18.0,17.8,48.0,939.7,0,2.5,204
2005,9189,2023-11-19T06:48:09.009000+00:00,18.0,17.9,48.0,939.7,0,2.5,220
2006,9189,2023-11-19T06:50:09.023000+00:00,18.1,17.8,48.0,939.7,0,2.4,241
2007,9189,2023-11-19T06:52:09.020000+00:00,18.0,17.8,48.0,939.7,0,2.0,227
2008,9189,2023-11-19T06:54:09.018000+00:00,18.0,17.8,48.0,939.7,0,4.0,222
2009,9189,2023-11-19T06:56:09.016000+00:00,18.0,17.7,48.0,939.5,0,4.0,241
2010,9189,2023-11-19T06:58:09.107000+00:00,17.9,17.7,48.0,939.5,0,1.7,197
2011,9189,2023-11-19T07:00:09.027000+00:00,17.9,17.7,47.0,939.4,0,2.4,303
2012,9189,2023-11-19T07:02:09.025000+00:00,18.0,17.8,47.0,939.5,0,1.5,323
2013,9189,2023-11-19T07:04:09.023000+00:00,18.0,17.8,47.0,939.2,0,3.0,303
2014,9189,2023-11-19T07:06:09.021000+00:00,18.1,17.7,48.0,939.2,0,3.2,262
2015,9189,2023-11-19T07:08:09.019000+00:00,18.2,17.7,47.0,939.2,0,2.2,251
2016,9189,2023-11-19T07:10:09.032000+00:00,18.2,17.7,47.0,939.5,0,4.0,286
2017,9189,2023-11-19T07:12:09.030000+00:00,18.2,17.7,47.0,939.4,0,1.7,0
2018,9189,2023-11-19T07:14:09.028000+00:00,18.1,17.9,47.0,939.5,0,1.1,200
2019,9189,2023-11-19T07:16:09.026000+00:00,18.1,17.8,47.0,939.5,0,1.5,308
2020,9189,2023-11-19T07:18:09.024000+00:00,18.2,17.8,47.0,939.5,0,1.3,18
2021,9189,2023-11-19T07:20:09.037000+00:00,18.2,17.8,47.0,939.5,0,0.8,4
2022,9189,2023-11-19T07:22:09.035000+00:00,18.1,17.7,47.0,939.9,0,2.2,258
2023,9189,2023-11-19T07:24:09.033000+00:00,18.0,17.6,48.0,939.7,0,1.5,290
2024,9189,2023-11-19T07:26:09.031000+00:00,18.0,17.7,48.0,939.7,0,1.6,195
2025,9189,2023-11-19T07:28:09.044000+00:00,18.0,17.6,48.0,939.7,0,1.5,335
2026,9189,2023-11-19T07:30:09.042000+00:00,18.0,17.6,48.0,940.0,0,1.5,257
2027,9189,2023-11-19T07:32:09.040000+00:00,18.0,17.6,48.0,939.9,0,2.5,238
2028,9189,2023-11-19T07:34:09.038000+00:00,18.0,17.5,48.0,939.7,0,2.2,212
2029,9189,2023-11-19T07:36:09.036000+00:00,18.0,17.6,49.0,939.7,0,1.0,74
2030,9197,2023-11-26T12:01:07.296000+00:00,27.7,38.2,49.0,1014.4,0,3.0,358
2031,9197,2023-11-26T12:03:07.310000+00:00,27.7,38.2,49.0,1014.2,0,3.0,272
2032,9197,2023-11-26T12:05:07.308000+00:00,27.6,38.2,48.0,1014.2,0,2.2,341
2033,9197,2023-11-26T12:07:07.307000+00:00,27.6,37.8,50.0,1014.4,0,2.7,306
2034,9197,2023-11-26T12:09:07.306000+00:00,27.5,37.7,51.0,1014.2,0,2.5,330
2035,9197,2023-11-26T12:11:07.304000+00:00,27.5,37.4,50.0,1014.4,0,2.5,270
2036,9197,2023-11-26T12:13:07.303000+00:00,27.5,37.3,50.0,1014.4,0,1.8,18
2037,9197,2023-11-26T12:15:07.317000+00:00,27.6,37.3,50.0,1014.4,0,2.2,297
2038,9197,2023-11-26T12:17:07.316000+00:00,27.5,36.8,50.0,1014.4,0,2.0,278
2039,9197,2023-11-26T12:19:07.314000+00:00,27.6,36.7,50.0,1014.4,0,2.4,281
2040,9197,2023-11-26T12:21:07.313000+00:00,27.5,36.5,51.0,1014.2,0,2.2,288
2041,9197,2023-11-26T12:23:07.312000+00:00,27.5,35.9,50.0,1014.4,0,1.5,339
2042,9197,2023-11-26T12:25:07.310000+00:00,27.5,36.4,49.0,1014.4,0,2.2,323
2043,9197,2023-11-26T12:27:07.309000+00:00,27.5,35.5,48.0,1014.4,0,1.2,297
2044,9197,2023-11-26T12:29:07.323000+00:00,27.5,35.8,49.0,1014.5,0,1.8,247
2045,9197,2023-11-26T12:31:07.322000+00:00,27.5,35.6,48.0,1014.5,0,2.0,282
2046,9197,2023-11-26T12:33:07.320000+00:00,27.4,35.6,49.0,1014.5,0,1.8,256
2047,9197,2023-11-26T12:35:07.319000+00:00,27.4,35.5,49.0,1014.5,0,1.7,343
2048,9197,2023-11-26T12:37:07.318000+00:00,27.4,35.4,49.0,1014.5,0,2.2,281
2049,9197,2023-11-26T12:39:07.332000+00:00,27.3,35.3,50.0,1014.7,0,2.0,278
2050,9197,2023-11-26T12:41:07.331000+00:00,27.3,35.1,49.0,1014.5,0,2.2,325
2051,9197,2023-11-26T12:43:07.329000+00:00,27.3,34.8,49.0,1014.7,0,2.0,284
2052,9197,2023-11-26T12:45:07.328000+00:00,27.3,34.7,48.0,1014.7,0,2.2,297
2053,9197,2023-11-26T12:47:07.326000+00:00,27.3,34.6,49.0,1014.7,0,1.8,275
2054,9197,2023-11-26T12:49:07.325000+00:00,27.3,34.3,49.0,1014.7,0,1.7,269
2055,9197,2023-11-26T12:51:07.324000+00:00,27.3,34.4,49.0,1014.7,0,1.8,271
2056,9197,2023-11-26T12:53:07.338000+00:00,27.3,34.4,49.0,1014.7,0,1.8,265
2057,9197,2023-11-26T12:55:07.337000+00:00,27.2,34.3,49.0,1014.7,0,1.5,286
2058,9197,2023-11-26T12:57:07.335000+00:00,27.2,34.0,50.0,1014.7,0,1.8,257
2059,9197,2023-11-26T12:59:07.334000+00:00,27.2,33.7,50.0,1014.7,0,1.7,273
2060,9197,2023-11-26T13:01:07.348000+00:00,27.1,33.7,49.0,1014.9,0,2.0,284
2061,9197,2023-11-26T13:03:07.347000+00:00,27.0,33.6,49.0,1014.9,0,2.2,309
2062,9197,2023-11-26T13:05:07.345000+00:00,27.0,33.6,49.0,1014.7,0,2.4,263
2063,9197,2023-11-26T13:07:07.344000+00:00,27.1,33.7,49.0,1014.9,0,1.7,344
2064,9197,2023-11-26T13:09:07.343000+00:00,27.0,33.2,50.0,1014.9,0,1.8,262
2065,9197,2023-11-26T13:11:07.341000+00:00,27.0,33.0,50.0,1014.9,0,2.5,275
2066,9197,2023-11-26T13:13:07.340000+00:00,27.0,33.2,51.0,1014.9,0,2.0,276
2067,9197,2023-11-26T13:15:07.370000+00:00,26.9,33.0,51.0,1014.9,0,2.0,242
2068,9197,2023-11-26T13:17:07.400000+00:00,26.9,32.7,51.0,1014.9,0,2.0,256
2069,9197,2023-11-26T13:19:07.430000+00:00,26.9,32.9,52.0,1014.9,0,2.0,273
2070,9197,2023-11-26T13:21:07.444000+00:00,26.8,32.8,52.0,1015.0,0,1.8,255
2071,9197,2023-11-26T13:23:07.474000+00:00,26.8,32.5,53.0,1015.0,0,1.7,258
2072,9197,2023-11-26T13:25:07.472000+00:00,26.8,32.5,54.0,1015.0,0,1.8,291
2073,9197,2023-11-26T13:27:07.487000+00:00,26.7,32.3,54.0,1015.0,0,1.7,287
2074,9197,2023-11-26T13:29:07.485000+00:00,26.6,32.6,53.0,1015.0,0,1.5,261
2075,9197,2023-11-26T13:31:07.484000+00:00,26.7,32.6,52.0,1015.0,0,1.5,256
2076,9197,2023-11-26T13:33:07.514000+00:00,26.7,32.6,52.0,1015.2,0,1.7,294
2077,9197,2023-11-26T13:35:07.497000+00:00,26.7,32.4,52.0,1015.0,0,1.3,265
2078,9197,2023-11-26T13:37:07.511000+00:00,26.7,32.1,51.0,1015.2,0,1.2,264
2079,9197,2023-11-26T13:39:07.541000+00:00,26.7,32.1,53.0,1015.2,0,1.7,331
2080,9197,2023-11-26T13:41:07.540000+00:00,26.7,32.0,52.0,1015.2,0,1.7,271
2081,9197,2023-11-26T13:43:07.538000+00:00,26.7,32.0,52.0,1015.2,0,1.8,268
2082,9197,2023-11-26T13:45:07.537000+00:00,26.6,32.1,53.0,1015.2,0,1.2,329
2083,9197,2023-11-26T13:47:07.535000+00:00,26.6,32.1,52.0,1015.2,0,1.2,296
2084,9197,2023-11-26T13:49:07.550000+00:00,26.6,31.9,52.0,1015.2,0,1.2,282
2085,9197,2023-11-26T13:51:07.548000+00:00,26.6,31.6,51.0,1015.2,0,1.7,345
2086,9197,2023-11-26T13:53:07.547000+00:00,26.6,31.7,51.0,1015.4,0,1.1,262
2087,9197,2023-11-26T13:55:07.546000+00:00,26.6,31.8,51.0,1015.2,0,1.2,340
2088,9197,2023-11-26T13:57:07.560000+00:00,26.6,31.7,51.0,1015.4,0,1.5,273
2089,9197,2023-11-26T13:59:07.558000+00:00,26.7,31.4,51.0,1015.2,0,1.7,354
2090,9197,2023-11-26T14:01:07.557000+00:00,26.6,31.4,52.0,1015.2,0,1.7,358
2091,9197,2023-11-26T14:03:07.556000+00:00,26.6,31.1,53.0,1015.2,0,1.7,297
2092,9197,2023-11-26T14:05:07.554000+00:00,26.6,31.4,52.0,1015.2,0,1.7,356
2093,9197,2023-11-26T14:07:07.584000+00:00,26.5,31.3,52.0,1015.2,0,1.3,281
2094,9197,2023-11-26T14:09:07.567000+00:00,26.5,31.3,52.0,1015.4,0,1.3,265
2095,9197,2023-11-26T14:11:07.597000+00:00,26.5,31.2,53.0,1015.2,0,1.7,285
2096,9197,2023-11-26T14:13:07.611000+00:00,26.5,31.2,53.0,1015.2,0,1.3,290
2097,9197,2023-11-26T14:15:07.610000+00:00,26.5,31.0,53.0,1015.2,0,1.7,343
2098,9197,2023-11-26T14:17:07.624000+00:00,26.4,31.1,53.0,1015.2,0,2.0,269
2099,9197,2023-11-26T14:19:07.638000+00:00,26.5,31.0,53.0,1015.2,0,1.8,268
2100,9197,2023-11-26T14:21:07.637000+00:00,26.5,31.0,53.0,1015.5,0,1.7,263
2101,9197,2023-11-26T14:23:07.651000+00:00,26.6,31.1,53.0,1015.5,0,1.2,275
2102,9197,2023-11-26T14:25:07.650000+00:00,26.5,31.0,53.0,1015.5,0,1.7,282
2103,9197,2023-11-26T14:27:07.664000+00:00,26.5,31.0,53.0,1015.5,0,1.7,282
2104,9197,2023-11-26T14:29:07.678000+00:00,26.3,31.0,53.0,1015.5,0,1.7,282
2105,9197,2023-11-26T14:31:07.693000+00:00,26.4,30.8,54.0,1015.7,0,1.2,293
2106,9197,2023-11-26T14:33:07.707000+00:00,26.4,30.8,54.0,1015.7,0,1.8,283
2107,9197,2023-11-26T14:35:07.705000+00:00,26.4,30.6,54.0,1015.7,0,1.5,273
2108,9472,2024-03-02T14:03:56.523000+00:00,18.9,26.5,46.0,1017.1,0,0.9,162
2109,9472,2024-03-02T14:05:56.523000+00:00,18.9,26.5,46.0,1017.0,0,1.0,55
2110,9472,2024-03-02T14:07:56.521000+00:00,18.9,26.2,46.0,1017.0,0,1.0,178
2111,9472,2024-03-02T14:09:56.517000+00:00,18.9,26.1,46.0,1017.0,0,1.5,56
2112,9472,2024-03-02T14:11:56.516000+00:00,18.9,26.2,46.0,1017.0,0,0.9,15
2113,9472,2024-03-02T14:13:56.523000+00:00,18.9,25.8,46.0,1017.0,0,1.6,147
2114,9472,2024-03-02T14:15:56.520000+00:00,18.8,25.7,47.0,1017.1,0,1.0,64
2115,9472,2024-03-02T14:17:56.523000+00:00,18.8,25.8,46.0,1017.0,0,1.3,143
2116,9472,2024-03-02T14:19:56.532000+00:00,18.7,25.6,46.0,1017.1,0,0.6,216
2117,9472,2024-03-02T14:21:56.534000+00:00,18.7,25.6,46.0,1017.0,0,1.1,27
2118,9472,2024-03-02T14:23:56.538000+00:00,18.7,25.5,46.0,1016.9,0,0.8,147
2119,9472,2024-03-02T14:25:56.532000+00:00,18.7,25.4,46.0,1017.0,0,1.2,140
2120,9472,2024-03-02T14:27:56.531000+00:00,18.7,25.4,46.0,1017.0,0,1.4,144
2121,9472,2024-03-02T14:29:56.538000+00:00,18.7,25.4,46.0,1017.0,0,1.1,180
2122,9472,2024-03-02T14:31:56.534000+00:00,18.6,25.3,46.0,1017.1,0,0.6,0
2123,9472,2024-03-02T14:33:56.533000+00:00,18.6,25.0,46.0,1017.0,0,0.4,332
2124,9472,2024-03-02T14:35:56.536000+00:00,18.6,24.9,46.0,1017.0,0,1.4,35
2125,9472,2024-03-02T14:37:56.539000+00:00,18.6,24.9,46.0,1017.0,0,0.9,36
2126,9472,2024-03-02T14:39:56.543000+00:00,18.5,24.7,47.0,1017.0,0,1.6,53
2127,9472,2024-03-02T14:41:56.543000+00:00,18.5,24.6,47.0,1017.1,0,1.4,39
2128,9472,2024-03-02T14:43:56.532000+00:00,18.5,24.7,47.0,1017.0,0,0.5,26
2129,9472,2024-03-02T14:45:56.538000+00:00,18.5,24.5,47.0,1017.0,0,1.8,30
2130,9472,2024-03-02T14:47:56.552000+00:00,18.4,24.3,48.0,1017.1,0,1.2,40
2131,9472,2024-03-02T14:49:56.549000+00:00,18.4,24.3,49.0,1017.0,0,0.9,43
2132,9472,2024-03-02T14:51:56.550000+00:00,18.4,24.1,49.0,1017.0,0,1.6,22
2133,9472,2024-03-02T14:53:56.550000+00:00,18.4,24.2,49.0,1017.0,0,1.6,57
2134,9472,2024-03-02T14:55:56.549000+00:00,18.4,24.0,49.0,1017.0,0,2.0,42
2135,9472,2024-03-02T14:57:56.548000+00:00,18.3,23.8,49.0,1017.1,0,1.8,30
2136,9472,2024-03-02T14:59:56.548000+00:00,18.3,23.7,49.0,1017.0,0,1.6,37
2137,9472,2024-03-02T15:01:56.548000+00:00,18.3,23.9,49.0,1017.0,0,1.1,34
2138,9472,2024-03-02T15:03:56.545000+00:00,18.2,23.8,49.0,1017.2,0,1.5,58
2139,9472,2024-03-02T15:05:56.551000+00:00,18.3,23.8,49.0,1017.0,0,1.1,33
2140,9472,2024-03-02T15:07:56.551000+00:00,18.3,23.8,49.0,1017.0,0,1.0,32
2141,9472,2024-03-02T15:09:56.553000+00:00,18.3,23.6,49.0,1017.0,0,0.7,37
2142,9472,2024-03-02T15:11:56.552000+00:00,18.3,23.5,50.0,1017.1,0,1.1,236
2143,9472,2024-03-02T15:13:56.557000+00:00,18.3,23.5,50.0,1017.1,0,0.5,13
2144,9472,2024-03-02T15:15:56.557000+00:00,18.2,23.7,50.0,1017.2,0,1.1,126
2145,9472,2024-03-02T15:17:56.560000+00:00,18.2,23.5,50.0,1017.1,0,0.6,221
2146,9472,2024-03-02T15:19:56.607000+00:00,18.2,23.5,50.0,1017.2,0,0.5,330
2147,9472,2024-03-02T15:21:56.563000+00:00,18.2,23.5,50.0,1017.2,0,0.5,157
2148,9472,2024-03-02T15:23:56.570000+00:00,18.3,23.5,50.0,1017.2,0,0.4,42
2149,9472,2024-03-02T15:25:56.572000+00:00,18.2,23.3,50.0,1017.2,0,0.5,0
2150,9472,2024-03-02T15:27:56.561000+00:00,18.1,23.3,50.0,1017.2,0,0.0,179
2151,9472,2024-03-02T15:29:56.566000+00:00,18.1,23.3,50.0,1017.2,0,0.3,150
2152,9472,2024-03-02T15:31:56.552000+00:00,18.1,23.4,50.0,1017.2,0,0.4,20
2153,9472,2024-03-02T15:33:56.568000+00:00,18.1,23.3,50.0,1017.1,0,0.5,71
2154,9472,2024-03-02T15:35:56.571000+00:00,18.1,23.2,50.0,1017.1,0,0.7,27
2155,9472,2024-03-02T15:37:56.571000+00:00,18.1,23.1,50.0,1017.1,0,0.7,94
2156,9472,2024-03-02T15:39:56.573000+00:00,18.1,23.2,50.0,1017.1,0,0.9,71
2157,9472,2024-03-02T15:41:56.583000+00:00,18.1,23.0,50.0,1017.2,0,0.3,25
2158,9472,2024-03-02T15:43:56.578000+00:00,18.1,23.0,49.0,1017.1,0,0.7,47
2159,9472,2024-03-02T15:45:56.585000+00:00,18.1,22.9,49.0,1017.2,0,0.0,29
2160,9472,2024-03-02T15:47:56.576000+00:00,18.1,22.9,49.0,1017.2,0,0.0,0
2161,9472,2024-03-02T15:49:56.581000+00:00,18.1,22.8,49.0,1017.2,0,0.8,0
2162,9472,2024-03-02T15:51:56.626000+00:00,18.0,22.7,49.0,1017.2,0,0.7,28
2163,9472,2024-03-02T15:53:56.628000+00:00,18.0,22.7,49.0,1017.3,0,0.5,53
2164,9472,2024-03-02T15:55:56.652000+00:00,18.0,22.7,49.0,1017.3,0,0.8,82
2165,9472,2024-03-02T15:57:56.680000+00:00,18.0,22.7,49.0,1017.3,0,0.7,27
2166,9472,2024-03-02T15:59:56.697000+00:00,18.0,22.7,49.0,1017.4,0,0.6,328
2167,9472,2024-03-02T16:01:56.704000+00:00,18.0,22.6,50.0,1017.4,0,0.7,41
2168,9472,2024-03-02T16:03:56.714000+00:00,17.9,22.5,50.0,1017.4,0,0.4,156
2169,9472,2024-03-02T16:05:56.712000+00:00,17.9,22.6,50.0,1017.4,0,0.8,59
2170,9472,2024-03-02T16:07:56.723000+00:00,17.9,22.4,50.0,1017.4,0,1.0,50
2171,9472,2024-03-02T16:09:56.716000+00:00,17.9,22.3,50.0,1017.4,0,0.7,81
2172,9472,2024-03-02T16:11:56.714000+00:00,17.9,22.4,50.0,1017.4,0,0.0,50
2173,9472,2024-03-02T16:13:56.718000+00:00,17.9,22.2,50.0,1017.4,0,0.6,141
2174,9472,2024-03-02T16:15:56.753000+00:00,17.9,22.1,50.0,1017.5,0,0.0,0
2175,9472,2024-03-02T16:17:56.731000+00:00,17.8,22.0,51.0,1017.5,0,0.0,270
2176,9472,2024-03-02T16:19:56.726000+00:00,17.8,21.9,51.0,1017.5,0,0.7,0
2177,9472,2024-03-02T16:21:56.729000+00:00,17.7,22.0,51.0,1017.5,0,0.0,356
2178,9472,2024-03-02T16:23:56.733000+00:00,17.7,21.9,51.0,1017.4,0,0.5,148
2179,9472,2024-03-02T16:25:56.731000+00:00,17.6,22.0,51.0,1017.5,0,0.4,340
2180,9472,2024-03-02T16:27:56.729000+00:00,17.6,21.9,51.0,1017.5,0,0.4,0
2181,9472,2024-03-02T16:29:56.732000+00:00,17.6,21.9,51.0,1017.5,0,0.0,330
2182,9472,2024-03-02T16:31:56.735000+00:00,17.6,21.9,51.0,1017.5,0,0.3,0
2183,9472,2024-03-02T16:33:56.732000+00:00,17.6,21.9,51.0,1017.5,0,0.4,115
2184,9472,2024-03-02T16:35:56.730000+00:00,17.6,21.9,51.0,1017.5,0,0.7,0
2185,9472,2024-03-02T16:37:56.743000+00:00,17.7,21.9,51.0,1017.5,0,0.4,0
2186,9472,2024-03-02T16:39:56.749000+00:00,17.7,21.9,51.0,1017.4,0,0.0,167
2187,9480,2024-03-09T16:04:23.559000+00:00,25.5,33.6,67.0,1012.0,0,2.6,342
2188,9480,2024-03-09T16:06:23.554000+00:00,25.5,33.4,67.0,1012.0,0,2.4,21
2189,9480,2024-03-09T16:08:23.576000+00:00,25.5,33.3,67.0,1012.0,0,2.6,23
2190,9480,2024-03-09T16:10:23.575000+00:00,25.5,33.5,67.0,1012.0,0,1.9,5
2191,9480,2024-03-09T16:12:23.599000+00:00,25.5,33.4,67.0,1012.0,0,2.1,26
2192,9480,2024-03-09T16:14:23.603000+00:00,25.5,33.3,66.0,1012.2,0,2.1,343
2193,9480,2024-03-09T16:16:23.598000+00:00,25.5,33.2,65.0,1012.1,0,1.9,0
2194,9480,2024-03-09T16:18:23.601000+00:00,25.5,33.4,64.0,1012.2,0,1.1,22
2195,9480,2024-03-09T16:20:23.595000+00:00,25.5,33.4,63.0,1012.2,0,1.0,23
2196,9480,2024-03-09T16:22:23.604000+00:00,25.5,33.2,62.0,1012.2,0,1.4,6
2197,9480,2024-03-09T16:24:23.607000+00:00,25.5,33.1,61.0,1012.3,0,1.6,2
2198,9480,2024-03-09T16:26:23.600000+00:00,25.7,33.1,60.0,1012.4,0,0.9,27
2199,9480,2024-03-09T16:28:23.611000+00:00,25.8,32.8,59.0,1012.4,0,1.1,6
2200,9480,2024-03-09T16:30:23.612000+00:00,25.8,32.9,58.0,1012.4,0,1.0,12
2201,9480,2024-03-09T16:32:23.607000+00:00,25.9,32.9,57.0,1012.5,0,1.3,33
2202,9480,2024-03-09T16:34:23.611000+00:00,25.9,32.5,57.0,1012.4,0,1.1,2
2203,9480,2024-03-09T16:36:23.615000+00:00,25.8,32.4,57.0,1012.5,0,1.4,41
2204,9480,2024-03-09T16:38:23.602000+00:00,25.7,32.2,58.0,1012.5,0,1.3,25
2205,9480,2024-03-09T16:40:23.607000+00:00,25.6,32.3,57.0,1012.4,0,2.2,0
2206,9480,2024-03-09T16:42:23.622000+00:00,25.6,31.9,58.0,1012.5,0,2.2,13
2207,9480,2024-03-09T16:44:23.600000+00:00,25.6,32.0,59.0,1012.4,0,2.3,25
2208,9480,2024-03-09T16:46:23.623000+00:00,25.5,31.9,59.0,1012.5,0,2.3,14
2209,9480,2024-03-09T16:48:23.632000+00:00,25.5,31.7,60.0,1012.5,0,2.0,26
2210,9480,2024-03-09T16:50:23.668000+00:00,25.5,32.0,60.0,1012.4,0,1.8,22
2211,9480,2024-03-09T16:52:23.701000+00:00,25.4,31.9,60.0,1012.5,0,1.9,2
2212,9480,2024-03-09T16:54:23.740000+00:00,25.5,31.9,61.0,1012.4,0,2.3,354
2213,9480,2024-03-09T16:56:23.725000+00:00,25.4,31.7,62.0,1012.5,0,2.2,346
2214,9480,2024-03-09T16:58:23.719000+00:00,25.4,31.7,62.0,1012.5,0,1.9,7
2215,9480,2024-03-09T17:00:23.713000+00:00,25.4,31.9,63.0,1012.6,0,1.5,11
2216,9480,2024-03-09T17:02:23.725000+00:00,25.3,31.7,62.0,1012.5,0,1.0,26
2217,9480,2024-03-09T17:04:23.777000+00:00,25.4,31.5,62.0,1012.5,0,1.3,358
2218,9480,2024-03-09T17:06:23.758000+00:00,25.4,31.5,62.0,1012.6,0,1.2,301
2219,9480,2024-03-09T17:08:23.749000+00:00,25.4,31.7,62.0,1012.6,0,1.5,36
2220,9480,2024-03-09T17:10:23.773000+00:00,25.6,31.7,61.0,1012.6,0,1.3,9
2221,9480,2024-03-09T17:12:23.795000+00:00,25.7,32.2,61.0,1012.6,0,1.0,161
2222,9480,2024-03-09T17:14:23.822000+00:00,25.7,31.4,61.0,1012.6,0,1.2,357
2223,9480,2024-03-09T17:16:23.843000+00:00,25.7,31.5,61.0,1012.6,0,0.8,349
2224,9480,2024-03-09T17:18:23.875000+00:00,25.7,31.5,61.0,1012.7,0,0.7,1
2225,9480,2024-03-09T17:20:23.889000+00:00,25.6,31.4,62.0,1012.8,0,1.6,328
2226,9480,2024-03-09T17:22:23.893000+00:00,25.5,31.5,62.0,1012.8,0,0.4,356
2227,9480,2024-03-09T17:24:23.897000+00:00,25.5,31.7,62.0,1012.8,0,1.1,25
2228,9480,2024-03-09T17:26:23.898000+00:00,25.5,31.2,62.0,1012.8,0,1.3,180
2229,9480,2024-03-09T17:28:23.935000+00:00,25.5,31.7,62.0,1012.9,0,0.8,0
2230,9480,2024-03-09T17:30:23.945000+00:00,25.6,31.3,62.0,1012.9,0,0.8,50
2231,9480,2024-03-09T17:32:23.951000+00:00,25.6,31.1,61.0,1012.9,0,0.8,0
2232,9480,2024-03-09T17:34:23.943000+00:00,25.6,31.1,61.0,1012.9,0,1.0,314
2233,9480,2024-03-09T17:36:23.942000+00:00,25.6,30.9,62.0,1012.8,0,1.5,351
2234,9480,2024-03-09T17:38:23.952000+00:00,25.6,30.6,62.0,1012.9,0,1.6,335
2235,9480,2024-03-09T17:40:23.936000+00:00,25.5,30.7,62.0,1012.9,0,0.9,49
2236,9480,2024-03-09T17:42:23.956000+00:00,25.5,30.8,62.0,1013.0,0,1.0,261
2237,9480,2024-03-09T17:44:23.978000+00:00,25.6,31.3,62.0,1013.0,0,0.7,18
2238,9480,2024-03-09T17:46:23.989000+00:00,25.6,31.2,62.0,1013.1,0,0.8,50
2239,9480,2024-03-09T17:48:24.021000+00:00,25.6,31.2,62.0,1013.1,0,1.7,10
2240,9480,2024-03-09T17:50:24.032000+00:00,25.6,31.2,62.0,1013.1,0,1.0,355
2241,9480,2024-03-09T17:52:24.034000+00:00,25.5,31.0,63.0,1013.1,0,0.6,353
2242,9480,2024-03-09T17:54:24.037000+00:00,25.6,30.9,63.0,1013.0,0,0.9,339
2243,9480,2024-03-09T17:56:24.033000+00:00,25.5,31.1,63.0,1013.0,0,1.1,335
2244,9480,2024-03-09T17:58:24.036000+00:00,25.5,30.9,64.0,1013.0,0,0.4,106
2245,9480,2024-03-09T18:00:24.026000+00:00,25.5,30.9,64.0,1013.0,0,0.5,27
2246,9480,2024-03-09T18:02:24.042000+00:00,25.5,30.8,64.0,1013.1,0,0.4,305
2247,9480,2024-03-09T18:04:24.047000+00:00,25.5,30.4,64.0,1013.0,0,0.6,352
2248,9480,2024-03-09T18:06:24.062000+00:00,25.5,30.4,64.0,1013.0,0,0.0,0
2249,9480,2024-03-09T18:08:24.048000+00:00,25.5,30.4,64.0,1013.0,0,0.7,0
2250,9480,2024-03-09T18:10:24.049000+00:00,25.4,30.4,65.0,1013.1,0,0.6,6
2251,9480,2024-03-09T18:12:24.054000+00:00,25.4,30.2,65.0,1013.1,0,1.4,202
2252,9480,2024-03-09T18:14:24.051000+00:00,25.4,29.9,65.0,1013.0,0,0.9,31
2253,9480,2024-03-09T18:16:24.051000+00:00,25.4,30.2,65.0,1013.2,0,1.3,48
2254,9480,2024-03-09T18:18:24.051000+00:00,25.4,30.3,65.0,1013.1,0,0.7,135
2255,9480,2024-03-09T18:20:24.054000+00:00,25.4,30.4,65.0,1013.1,0,1.3,7
2256,9480,2024-03-09T18:22:24.061000+00:00,25.3,30.2,66.0,1013.0,0,1.0,313
2257,9480,2024-03-09T18:24:24.059000+00:00,25.3,30.0,66.0,1013.0,0,1.2,357
2258,9480,2024-03-09T18:26:24.060000+00:00,25.3,29.8,66.0,1013.1,0,1.0,0
2259,9480,2024-03-09T18:28:24.096000+00:00,25.3,29.1,66.0,1013.2,0,1.2,320
2260,9488,2024-03-24T03:04:51.995000+00:00,19.0,37.0,49.0,1021.6,0,0.4,306
2261,9488,2024-03-24T03:06:51.997000+00:00,19.0,37.0,48.0,1021.5,0,0.7,93
2262,9488,2024-03-24T03:08:52.018000+00:00,19.0,38.0,49.0,1021.5,0,1.1,207
2263,9488,2024-03-24T03:10:52.023000+00:00,19.1,37.8,48.0,1021.7,0,1.0,302
2264,9488,2024-03-24T03:12:52.032000+00:00,19.3,37.3,48.0,1021.5,0,0.7,0
2265,9488,2024-03-24T03:14:52.028000+00:00,19.4,37.6,49.0,1021.6,0,0.7,0
2266,9488,2024-03-24T03:16:52.037000+00:00,19.4,38.1,47.0,1021.5,0,0.8,220
2267,9488,2024-03-24T03:18:52.037000+00:00,19.5,37.9,46.0,1021.4,0,0.5,242
2268,9488,2024-03-24T03:20:52.037000+00:00,19.3,38.0,46.0,1021.4,0,1.6,316
2269,9488,2024-03-24T03:22:52.038000+00:00,19.2,39.2,47.0,1021.3,0,0.6,249
2270,9488,2024-03-24T03:24:52.033000+00:00,19.5,39.2,46.0,1021.4,0,1.0,18
2271,9488,2024-03-24T03:26:52.038000+00:00,19.6,38.5,46.0,1021.3,0,0.8,145
2272,9488,2024-03-24T03:28:52.050000+00:00,19.7,38.5,46.0,1021.2,0,0.5,293
2273,9488,2024-03-24T03:30:52.051000+00:00,19.6,36.9,46.0,1021.1,0,2.2,304
2274,9488,2024-03-24T03:32:52.051000+00:00,19.5,37.4,47.0,1021.1,0,1.2,239
2275,9488,2024-03-24T03:34:52.041000+00:00,19.6,38.5,47.0,1021.0,0,0.4,0
2276,9488,2024-03-24T03:36:52.054000+00:00,19.7,38.8,46.0,1021.0,0,0.7,198
2277,9488,2024-03-24T03:38:52.055000+00:00,19.8,38.7,47.0,1020.9,0,0.0,159
2278,9488,2024-03-24T03:40:52.042000+00:00,20.0,39.2,45.0,1020.8,0,0.0,5
2279,9488,2024-03-24T03:42:52.063000+00:00,20.2,39.3,45.0,1020.9,0,1.2,213
2280,9488,2024-03-24T03:44:52.058000+00:00,20.2,39.5,46.0,1020.9,0,1.0,202
2281,9488,2024-03-24T03:46:52.087000+00:00,20.2,38.7,45.0,1020.9,0,1.4,0
2282,9488,2024-03-24T03:48:52.110000+00:00,20.2,38.1,45.0,1020.9,0,0.7,167
2283,9488,2024-03-24T03:50:52.118000+00:00,20.3,37.5,44.0,1020.9,0,0.9,188
2284,9488,2024-03-24T03:52:52.157000+00:00,20.3,38.6,45.0,1020.9,0,0.6,0
2285,9488,2024-03-24T03:54:52.163000+00:00,20.2,38.7,44.0,1020.8,0,0.7,0
2286,9488,2024-03-24T03:56:52.181000+00:00,20.3,38.1,44.0,1020.9,0,0.8,346
2287,9488,2024-03-24T03:58:52.189000+00:00,20.4,39.2,45.0,1020.9,0,1.2,332
2288,9488,2024-03-24T04:00:52.199000+00:00,20.5,39.1,44.0,1020.8,0,0.7,151
2289,9488,2024-03-24T04:02:52.199000+00:00,20.3,39.0,44.0,1020.8,0,0.8,171
2290,9488,2024-03-24T04:04:52.205000+00:00,20.5,39.0,45.0,1020.7,0,1.8,304
2291,9488,2024-03-24T04:06:52.202000+00:00,20.6,39.3,44.0,1020.7,0,0.8,168
2292,9488,2024-03-24T04:08:52.228000+00:00,20.7,39.1,45.0,1020.7,0,1.6,163
2293,9488,2024-03-24T04:10:52.208000+00:00,20.6,39.3,45.0,1020.7,0,0.5,19
2294,9488,2024-03-24T04:12:52.210000+00:00,20.6,39.3,44.0,1020.7,0,0.5,67
2295,9488,2024-03-24T04:14:52.215000+00:00,20.5,39.1,43.0,1020.7,0,1.0,24
2296,9488,2024-03-24T04:16:52.264000+00:00,20.8,39.0,43.0,1020.6,0,1.5,150
2297,9488,2024-03-24T04:18:52.268000+00:00,20.8,38.9,44.0,1020.6,0,0.6,120
2298,9488,2024-03-24T04:20:52.279000+00:00,20.9,39.1,43.0,1020.5,0,1.1,132
2299,9488,2024-03-24T04:22:52.317000+00:00,20.9,39.1,43.0,1020.5,0,1.2,144
2300,9488,2024-03-24T04:24:52.305000+00:00,21.0,39.1,43.0,1020.4,0,1.0,144
2301,9488,2024-03-24T04:26:52.340000+00:00,21.0,38.8,43.0,1020.3,0,1.4,149
2302,9488,2024-03-24T04:28:52.349000+00:00,20.9,38.6,43.0,1020.3,0,0.5,0
2303,9488,2024-03-24T04:30:52.347000+00:00,21.0,39.1,43.0,1020.2,0,1.0,94
2304,9488,2024-03-24T04:32:52.362000+00:00,21.0,38.7,43.0,1020.3,0,1.3,142
2305,9488,2024-03-24T04:34:52.356000+00:00,21.1,38.7,44.0,1020.2,0,1.2,154
2306,9488,2024-03-24T04:36:52.365000+00:00,21.1,38.9,44.0,1020.1,0,0.9,101
2307,9488,2024-03-24T04:38:52.404000+00:00,21.3,38.9,43.0,1020.2,0,0.9,150
2308,9488,2024-03-24T04:40:52.401000+00:00,21.5,38.9,43.0,1020.2,0,1.1,154
2309,9488,2024-03-24T04:42:52.419000+00:00,21.3,38.9,44.0,1020.2,0,2.0,147
2310,9488,2024-03-24T04:44:52.418000+00:00,21.2,38.8,42.0,1020.2,0,0.7,147
2311,9488,2024-03-24T04:46:52.455000+00:00,21.1,38.4,44.0,1020.3,0,0.9,50
2312,9488,2024-03-24T04:48:52.458000+00:00,21.2,38.6,43.0,1020.3,0,1.8,297
2313,9488,2024-03-24T04:50:52.473000+00:00,21.2,38.6,43.0,1020.3,0,0.0,140
2314,9488,2024-03-24T04:52:52.481000+00:00,21.3,38.2,43.0,1020.3,0,1.0,116
2315,9488,2024-03-24T04:54:52.501000+00:00,21.5,38.4,42.0,1020.1,0,1.8,145
2316,9488,2024-03-24T04:56:52.486000+00:00,21.3,38.0,43.0,1020.1,0,1.0,151
2317,9488,2024-03-24T04:58:52.489000+00:00,21.4,38.5,44.0,1020.0,0,1.4,151
2318,9488,2024-03-24T05:00:52.501000+00:00,21.6,38.0,43.0,1020.1,0,0.9,157
2319,9488,2024-03-24T05:02:52.503000+00:00,21.8,38.0,43.0,1020.0,0,0.7,157
2320,9488,2024-03-24T05:04:52.521000+00:00,21.8,37.9,43.0,1020.1,0,1.2,164
2321,9488,2024-03-24T05:06:52.545000+00:00,21.6,38.2,43.0,1019.9,0,0.3,39
2322,9488,2024-03-24T05:08:52.558000+00:00,21.6,37.6,43.0,1019.9,0,2.2,152
2323,9488,2024-03-24T05:10:52.557000+00:00,21.6,37.9,42.0,1019.8,0,0.9,154
2324,9488,2024-03-24T05:12:52.557000+00:00,21.7,37.9,43.0,1019.9,0,0.8,147
2325,9488,2024-03-24T05:14:52.548000+00:00,21.8,37.9,43.0,1019.9,0,0.6,148
2326,9488,2024-03-24T05:16:52.548000+00:00,21.8,38.0,43.0,1019.8,0,0.9,0
2327,9488,2024-03-24T05:18:52.569000+00:00,22.0,37.5,42.0,1019.8,0,1.5,161
2328,9488,2024-03-24T05:20:52.558000+00:00,21.8,37.2,43.0,1019.8,0,1.9,184
2329,9488,2024-03-24T05:22:52.566000+00:00,21.6,37.4,43.0,1019.8,0,1.3,162
2330,9488,2024-03-24T05:24:52.575000+00:00,21.5,36.9,43.0,1019.8,0,0.9,154
2331,9488,2024-03-24T05:26:52.581000+00:00,21.5,36.9,43.0,1019.9,0,1.0,163
2332,9496,2024-04-07T04:01:42.291000+00:00,22.2,39.4,44.0,1012.5,0,2.1,179
2333,9496,2024-04-07T04:03:42.292000+00:00,22.0,39.2,45.0,1012.4,0,1.8,170
2334,9496,2024-04-07T04:05:42.293000+00:00,22.0,39.1,44.0,1012.4,0,2.2,196
2335,9496,2024-04-07T04:07:42.295000+00:00,22.0,38.9,45.0,1012.4,0,2.7,171
2336,9496,2024-04-07T04:09:42.301000+00:00,22.2,39.4,45.0,1012.4,0,2.0,172
2337,9496,2024-04-07T04:11:42.303000+00:00,22.0,39.5,44.0,1012.4,0,1.7,167
2338,9496,2024-04-07T04:13:42.300000+00:00,22.1,39.7,45.0,1012.4,0,1.4,169
2339,9496,2024-04-07T04:15:42.301000+00:00,22.3,39.4,43.0,1012.5,0,2.4,193
2340,9496,2024-04-07T04:17:42.303000+00:00,21.9,39.1,44.0,1012.4,0,2.2,192
2341,9496,2024-04-07T04:19:42.303000+00:00,22.0,39.4,43.0,1012.3,0,1.7,185
2342,9496,2024-04-07T04:21:42.306000+00:00,22.2,39.5,43.0,1012.3,0,2.1,191
2343,9496,2024-04-07T04:23:42.309000+00:00,22.2,39.8,43.0,1012.3,0,2.3,191
2344,9496,2024-04-07T04:25:42.312000+00:00,22.1,39.7,42.0,1012.4,0,2.1,194
2345,9496,2024-04-07T04:27:42.308000+00:00,22.0,39.3,43.0,1012.3,0,1.5,201
2346,9496,2024-04-07T04:29:42.310000+00:00,22.3,40.0,42.0,1012.1,0,1.3,167
2347,9496,2024-04-07T04:31:42.313000+00:00,22.2,40.2,41.0,1012.2,0,1.5,146
2348,9496,2024-04-07T04:33:42.315000+00:00,22.3,39.7,39.0,1012.1,0,1.8,168
2349,9496,2024-04-07T04:35:42.314000+00:00,22.1,39.6,39.0,1012.1,0,1.5,212
2350,9496,2024-04-07T04:37:42.316000+00:00,22.3,39.9,39.0,1012.1,0,2.9,203
2351,9496,2024-04-07T04:39:42.319000+00:00,22.1,39.5,41.0,1012.1,0,1.2,205
2352,9496,2024-04-07T04:41:42.317000+00:00,22.3,39.9,41.0,1012.1,0,1.0,183
2353,9496,2024-04-07T04:43:42.319000+00:00,22.4,40.4,41.0,1012.1,0,3.4,201
2354,9496,2024-04-07T04:45:42.321000+00:00,22.1,40.4,41.0,1012.1,0,2.2,183
2355,9496,2024-04-07T04:47:42.321000+00:00,22.2,40.2,42.0,1012.0,0,1.8,179
2356,9496,2024-04-07T04:49:42.322000+00:00,22.5,39.7,41.0,1012.1,0,1.4,173
2357,9496,2024-04-07T04:51:42.325000+00:00,22.5,39.7,41.0,1012.0,0,1.4,147
2358,9496,2024-04-07T04:53:42.325000+00:00,22.5,40.3,37.0,1012.1,0,1.8,199
2359,9496,2024-04-07T04:55:42.326000+00:00,22.4,40.4,40.0,1012.1,0,2.1,197
2360,9496,2024-04-07T04:57:42.328000+00:00,22.3,40.3,39.0,1012.1,0,2.3,209
2361,9496,2024-04-07T04:59:42.328000+00:00,22.3,40.3,41.0,1012.1,0,3.3,217
2362,9496,2024-04-07T05:01:42.332000+00:00,22.2,40.1,43.0,1012.0,0,1.9,171
2363,9496,2024-04-07T05:03:42.331000+00:00,22.3,40.0,42.0,1012.1,0,1.5,181
2364,9496,2024-04-07T05:05:42.332000+00:00,22.5,40.0,40.0,1012.1,0,1.4,193
2365,9496,2024-04-07T05:07:42.335000+00:00,22.6,39.9,39.0,1012.2,0,2.6,166
2366,9496,2024-04-07T05:09:42.336000+00:00,22.5,39.9,37.0,1012.0,0,2.4,195
2367,9496,2024-04-07T05:11:42.339000+00:00,22.4,39.7,37.0,1012.1,0,1.1,162
2368,9496,2024-04-07T05:13:42.358000+00:00,22.6,39.5,36.0,1012.1,0,2.3,187
2369,9496,2024-04-07T05:15:42.387000+00:00,22.5,39.4,36.0,1012.1,0,2.9,197
2370,9496,2024-04-07T05:17:42.387000+00:00,22.5,39.5,38.0,1012.0,0,1.8,194
2371,9496,2024-04-07T05:19:42.390000+00:00,22.5,39.7,38.0,1012.0,0,2.1,192
2372,9496,2024-04-07T05:21:42.427000+00:00,22.7,39.2,38.0,1012.2,0,2.5,211
2373,9496,2024-04-07T05:23:42.437000+00:00,22.6,39.7,39.0,1012.2,0,2.7,191
2374,9496,2024-04-07T05:25:42.446000+00:00,22.4,39.5,37.0,1012.2,0,3.3,198
2375,9496,2024-04-07T05:27:42.440000+00:00,22.6,39.1,37.0,1012.2,0,2.6,185
2376,9496,2024-04-07T05:29:42.474000+00:00,22.7,39.5,36.0,1012.2,0,3.0,201
2377,9496,2024-04-07T05:31:42.475000+00:00,22.6,39.5,33.0,1012.2,0,3.1,191
2378,9496,2024-04-07T05:33:42.474000+00:00,22.5,39.1,34.0,1012.2,0,3.5,199
2379,9496,2024-04-07T05:35:42.479000+00:00,22.5,38.8,36.0,1012.3,0,2.9,220
2380,9496,2024-04-07T05:37:42.477000+00:00,22.5,39.0,37.0,1012.2,0,3.1,216
2381,9496,2024-04-07T05:39:42.481000+00:00,22.5,39.0,38.0,1012.3,0,3.0,195
2382,9496,2024-04-07T05:41:42.495000+00:00,22.4,38.8,40.0,1012.2,0,2.8,201
2383,9496,2024-04-07T05:43:42.483000+00:00,22.4,38.7,40.0,1012.1,0,3.6,207
2384,9496,2024-04-07T05:45:42.488000+00:00,22.2,38.9,39.0,1012.2,0,4.1,212
2385,9496,2024-04-07T05:47:42.485000+00:00,22.2,39.0,39.0,1012.3,0,3.2,196
2386,9496,2024-04-07T05:49:42.486000+00:00,22.0,37.8,39.0,1012.2,0,2.9,185
2387,9496,2024-04-07T05:51:42.487000+00:00,21.7,36.7,39.0,1012.2,0,2.6,173
2388,9496,2024-04-07T05:53:42.489000+00:00,21.6,36.6,41.0,1012.4,0,1.7,173
2389,9496,2024-04-07T05:55:42.509000+00:00,21.6,36.1,41.0,1012.3,0,1.4,183
2390,9496,2024-04-07T05:57:42.541000+00:00,21.5,35.2,41.0,1012.4,0,2.3,168
2391,9496,2024-04-07T05:59:42.538000+00:00,21.2,34.9,43.0,1012.3,0,2.4,170
2392,9496,2024-04-07T06:01:42.540000+00:00,21.3,34.6,43.0,1012.4,0,2.2,152
2393,9496,2024-04-07T06:03:42.560000+00:00,21.2,34.5,42.0,1012.5,0,2.7,197
2394,9496,2024-04-07T06:05:42.560000+00:00,21.1,34.3,45.0,1012.6,0,3.3,201
2395,9496,2024-04-07T06:07:42.562000+00:00,21.2,35.2,46.0,1012.6,0,3.3,195
2396,9496,2024-04-07T06:09:42.592000+00:00,21.1,35.4,46.0,1012.5,0,2.1,204
2397,9496,2024-04-07T06:11:42.601000+00:00,21.0,35.6,47.0,1012.5,0,2.1,186
2398,9496,2024-04-07T06:13:42.611000+00:00,21.1,36.0,47.0,1012.6,0,2.0,182
2399,9496,2024-04-07T06:15:42.611000+00:00,21.4,35.5,46.0,1012.5,0,2.8,186
2400,9496,2024-04-07T06:17:42.629000+00:00,21.4,36.3,47.0,1012.4,0,3.5,185
2401,9496,2024-04-07T06:19:42.629000+00:00,21.4,36.4,48.0,1012.5,0,1.6,191
2402,9496,2024-04-07T06:21:42.632000+00:00,21.3,36.5,47.0,1012.5,0,2.0,199
2403,9496,2024-04-07T06:23:42.642000+00:00,21.3,36.5,46.0,1012.6,0,2.3,156
2404,9496,2024-04-07T06:25:42.640000+00:00,21.3,36.7,47.0,1012.6,0,2.1,191
2405,9496,2024-04-07T06:27:42.639000+00:00,21.2,36.2,47.0,1012.7,0,2.9,185
2406,9496,2024-04-07T06:29:42.638000+00:00,21.0,35.1,48.0,1012.7,0,1.4,191
2407,9496,2024-04-07T06:31:42.658000+00:00,20.9,34.6,48.0,1012.7,0,1.6,164
2408,9496,2024-04-07T06:33:42.634000+00:00,20.8,34.5,49.0,1012.7,0,1.5,145
2409,9496,2024-04-07T06:35:42.641000+00:00,20.6,34.0,50.0,1012.7,0,1.8,206
2410,9496,2024-04-07T06:37:42.656000+00:00,20.4,33.1,51.0,1012.8,0,2.6,194
2411,9496,2024-04-07T06:39:42.675000+00:00,20.3,33.3,52.0,1012.8,0,1.2,166
2412,9496,2024-04-07T06:41:42.690000+00:00,20.3,33.1,52.0,1012.7,0,1.3,188
2413,9496,2024-04-07T06:43:42.693000+00:00,20.1,32.9,53.0,1012.8,0,2.1,185
2414,9496,2024-04-07T06:45:42.724000+00:00,20.0,32.5,54.0,1012.8,0,2.0,197
2415,9496,2024-04-07T06:47:42.743000+00:00,19.9,32.2,56.0,1012.8,0,1.7,197
2416,9496,2024-04-07T06:49:42.747000+00:00,19.7,32.7,55.0,1012.9,0,0.9,192
2417,9496,2024-04-07T06:51:42.747000+00:00,19.8,31.8,55.0,1012.9,0,2.1,177
2418,9496,2024-04-07T06:53:42.777000+00:00,19.8,32.0,56.0,1012.9,0,2.2,203
2419,9496,2024-04-07T06:55:42.777000+00:00,19.7,31.3,56.0,1012.9,0,1.7,182
2420,9496,2024-04-07T06:57:42.783000+00:00,19.6,31.3,56.0,1012.9,0,2.6,196
2421,9496,2024-04-07T06:59:42.782000+00:00,19.5,31.5,57.0,1012.8,0,1.8,155
2422,9496,2024-04-07T07:01:42.783000+00:00,19.5,31.8,56.0,1012.9,0,2.7,181
2423,9672,2024-04-20T02:19:00.634000+00:00,19.0,24.9,76.0,1007.3,0,2.1,308
2424,9672,2024-04-20T02:21:00.653000+00:00,19.1,24.9,74.0,1007.2,0,1.8,282
2425,9672,2024-04-20T02:23:00.652000+00:00,19.2,25.0,73.0,1007.3,0,4.1,284
2426,9672,2024-04-20T02:25:00.649000+00:00,19.1,26.0,74.0,1007.3,0,3.0,290
2427,9672,2024-04-20T02:27:00.652000+00:00,19.2,26.0,73.0,1007.2,0,4.1,285
2428,9672,2024-04-20T02:29:00.659000+00:00,19.2,25.5,72.0,1007.2,0,3.2,288
2429,9672,2024-04-20T02:31:00.682000+00:00,19.3,25.5,72.0,1007.3,0,2.7,284
2430,9672,2024-04-20T02:33:00.697000+00:00,19.4,25.0,72.0,1007.4,0,3.9,283
2431,9672,2024-04-20T02:35:00.763000+00:00,19.4,25.0,72.0,1007.3,0,4.0,284
2432,9672,2024-04-20T02:37:00.755000+00:00,19.4,25.1,72.0,1007.2,0,1.8,277
2433,9672,2024-04-20T02:39:00.765000+00:00,19.5,25.8,71.0,1007.2,0,3.4,296
2434,9672,2024-04-20T02:41:00.744000+00:00,19.6,26.4,71.0,1007.2,0,4.2,273
2435,9672,2024-04-20T02:43:00.783000+00:00,19.6,27.8,71.0,1007.1,0,3.2,283
2436,9672,2024-04-20T02:45:00.787000+00:00,19.8,27.8,70.0,1007.1,0,3.2,287
2437,9672,2024-04-20T02:47:00.784000+00:00,19.9,28.2,70.0,1007.1,0,3.0,307
2438,9672,2024-04-20T02:49:00.791000+00:00,19.8,27.4,69.0,1007.2,0,3.3,295
2439,9672,2024-04-20T02:51:00.798000+00:00,19.8,27.0,69.0,1007.1,0,2.8,287
2440,9672,2024-04-20T02:53:00.807000+00:00,19.8,27.2,69.0,1007.1,0,3.3,291
2441,9672,2024-04-20T02:55:00.804000+00:00,19.9,27.2,69.0,1007.1,0,1.9,283
2442,9672,2024-04-20T02:57:00.818000+00:00,19.9,27.3,68.0,1007.1,0,2.1,307
2443,9672,2024-04-20T02:59:00.850000+00:00,19.9,27.1,69.0,1007.1,0,2.2,290
2444,9672,2024-04-20T03:01:00.843000+00:00,20.0,27.0,68.0,1007.1,0,2.3,285
2445,9672,2024-04-20T03:03:00.844000+00:00,19.9,27.0,68.0,1007.1,0,2.7,278
2446,9672,2024-04-20T03:05:00.848000+00:00,20.0,27.0,68.0,1007.1,0,2.5,278
2447,9672,2024-04-20T03:07:00.848000+00:00,20.0,27.5,68.0,1007.1,0,3.9,296
2448,9672,2024-04-20T03:09:00.849000+00:00,20.0,27.3,68.0,1007.1,0,3.1,48
2449,9672,2024-04-20T03:11:00.851000+00:00,20.0,28.4,68.0,1007.2,0,3.5,275
2450,9672,2024-04-20T03:13:00.855000+00:00,20.1,28.0,68.0,1007.0,0,2.0,282
2451,9672,2024-04-20T03:15:00.855000+00:00,20.1,27.7,68.0,1007.1,0,1.9,277
2452,9672,2024-04-20T03:17:00.865000+00:00,20.1,27.7,68.0,1007.1,0,1.6,293
2453,9672,2024-04-20T03:19:00.879000+00:00,20.1,27.7,67.0,1007.2,0,1.6,291
2454,9672,2024-04-20T03:21:00.888000+00:00,20.1,27.9,67.0,1007.1,0,2.2,143
2455,9672,2024-04-20T03:23:00.916000+00:00,20.0,27.9,67.0,1007.1,0,1.4,260
2456,9672,2024-04-20T03:25:00.940000+00:00,20.0,27.6,67.0,1007.1,0,1.5,199
2457,9672,2024-04-20T03:27:00.944000+00:00,20.1,27.4,67.0,1007.2,0,1.7,291
2458,9672,2024-04-20T03:29:00.933000+00:00,20.1,27.5,67.0,1007.2,0,1.9,291
2459,9672,2024-04-20T03:31:00.946000+00:00,20.0,27.8,68.0,1007.2,0,1.5,192
2460,9672,2024-04-20T03:33:00.946000+00:00,20.0,27.7,67.0,1007.1,0,2.3,249
2461,9672,2024-04-20T03:35:00.952000+00:00,20.0,27.8,68.0,1007.0,0,2.5,269
2462,9672,2024-04-20T03:37:00.950000+00:00,20.0,28.2,68.0,1007.2,0,2.5,276
2463,9673,2024-04-21T06:09:06.766000+00:00,19.1,32.2,65.0,1011.9,0,1.0,149
2464,9673,2024-04-21T06:11:06.770000+00:00,19.1,31.5,64.0,1011.8,0,1.5,173
2465,9673,2024-04-21T06:13:06.770000+00:00,19.0,31.5,66.0,1011.8,0,0.9,223
2466,9673,2024-04-21T06:15:06.770000+00:00,18.9,31.6,66.0,1011.7,0,0.8,150
2467,9673,2024-04-21T06:17:06.773000+00:00,19.0,32.3,65.0,1011.7,0,1.1,141
2468,9673,2024-04-21T06:19:06.776000+00:00,19.1,31.9,64.0,1011.7,0,1.1,123
2469,9673,2024-04-21T06:21:06.777000+00:00,19.1,32.0,65.0,1011.6,0,1.4,167
2470,9673,2024-04-21T06:23:06.777000+00:00,19.0,31.8,65.0,1011.7,0,1.4,140
2471,9673,2024-04-21T06:25:06.783000+00:00,19.0,31.7,65.0,1011.6,0,1.4,212
2472,9673,2024-04-21T06:27:06.780000+00:00,18.9,31.1,65.0,1011.6,0,1.5,190
2473,9673,2024-04-21T06:29:06.781000+00:00,18.8,31.3,66.0,1011.5,0,1.4,84
2474,9673,2024-04-21T06:31:06.794000+00:00,18.8,31.3,65.0,1011.6,0,0.6,120
2475,9673,2024-04-21T06:33:06.799000+00:00,18.6,31.3,65.0,1011.5,0,1.3,156
2476,9673,2024-04-21T06:35:06.845000+00:00,18.7,31.3,65.0,1011.5,0,0.7,200
2477,9673,2024-04-21T06:37:06.864000+00:00,18.8,31.3,65.0,1011.5,0,0.4,164
2478,9673,2024-04-21T06:39:06.882000+00:00,18.8,31.3,64.0,1011.5,0,1.4,93
2479,9673,2024-04-21T06:41:06.883000+00:00,18.8,31.3,65.0,1011.5,0,0.8,0
2480,9673,2024-04-21T06:43:06.886000+00:00,18.8,31.3,64.0,1011.4,0,1.2,151
2481,9673,2024-04-21T06:45:06.899000+00:00,18.8,31.3,64.0,1011.6,0,1.0,181
2482,9673,2024-04-21T06:47:06.903000+00:00,18.9,30.3,64.0,1011.6,0,1.3,184
2483,9673,2024-04-21T06:49:06.927000+00:00,18.8,30.8,65.0,1011.6,0,0.4,169
2484,9673,2024-04-21T06:51:06.923000+00:00,18.9,31.0,65.0,1011.6,0,1.0,194
2485,9673,2024-04-21T06:53:06.923000+00:00,18.9,30.9,65.0,1011.7,0,0.7,270
2486,9673,2024-04-21T06:55:06.924000+00:00,18.9,31.2,65.0,1011.6,0,0.7,65
2487,9673,2024-04-21T06:57:06.927000+00:00,18.9,30.8,64.0,1011.6,0,1.7,178
2488,9673,2024-04-21T06:59:06.933000+00:00,18.8,30.7,65.0,1011.7,0,0.6,122
2489,9673,2024-04-21T07:01:06.928000+00:00,18.8,30.8,65.0,1011.6,0,1.3,166
2490,9673,2024-04-21T07:03:06.929000+00:00,18.9,30.5,65.0,1011.6,0,1.1,143
2491,9673,2024-04-21T07:05:06.929000+00:00,18.8,31.1,66.0,1011.5,0,1.5,114
2492,9673,2024-04-21T07:07:06.930000+00:00,18.7,31.0,65.0,1011.5,0,1.3,150
2493,9673,2024-04-21T07:09:06.937000+00:00,18.8,31.0,65.0,1011.4,0,1.5,129
2494,9673,2024-04-21T07:11:06.939000+00:00,19.0,30.5,65.0,1011.5,0,3.2,152
2495,9673,2024-04-21T07:13:06.935000+00:00,19.0,30.7,66.0,1011.3,0,1.6,138
2496,9673,2024-04-21T07:15:06.935000+00:00,19.0,30.7,66.0,1011.4,0,1.0,327
2497,9673,2024-04-21T07:17:06.937000+00:00,19.0,30.9,65.0,1011.4,0,0.8,124
2498,9673,2024-04-21T07:19:06.940000+00:00,19.0,30.7,65.0,1011.4,0,1.9,118
2499,9673,2024-04-21T07:21:06.946000+00:00,19.0,30.3,65.0,1011.4,0,2.9,135
2500,9673,2024-04-21T07:23:06.942000+00:00,18.9,30.2,66.0,1011.3,0,2.5,141
2501,9673,2024-04-21T07:25:06.942000+00:00,18.8,30.5,66.0,1011.4,0,1.2,220
2502,9673,2024-04-21T07:27:06.942000+00:00,18.9,30.3,66.0,1011.4,0,1.5,180
2503,9673,2024-04-21T07:29:06.954000+00:00,18.8,30.1,66.0,1011.3,0,1.0,145
2504,9673,2024-04-21T07:31:06.944000+00:00,18.8,29.8,66.0,1011.3,0,1.7,121
2505,9673,2024-04-21T07:33:06.947000+00:00,18.6,29.9,67.0,1011.2,0,3.2,129
2506,9673,2024-04-21T07:35:06.949000+00:00,18.6,29.9,67.0,1011.3,0,2.5,127
2507,9673,2024-04-21T07:37:06.949000+00:00,18.6,29.9,67.0,1011.2,0,3.2,142
2508,9673,2024-04-21T07:39:06.942000+00:00,18.7,29.6,66.0,1011.2,0,3.5,122
2509,9673,2024-04-21T07:41:06.954000+00:00,18.6,29.5,66.0,1011.4,0,3.4,133
2510,9673,2024-04-21T07:43:06.953000+00:00,18.6,29.4,66.0,1011.3,0,2.5,144
2511,9673,2024-04-21T07:45:06.955000+00:00,18.6,29.7,67.0,1011.3,0,1.9,160
2512,9673,2024-04-21T07:47:06.961000+00:00,18.6,29.4,67.0,1011.3,0,1.9,142
2513,9673,2024-04-21T07:49:06.957000+00:00,18.6,29.4,66.0,1011.3,0,1.7,127
2514,9673,2024-04-21T07:51:06.992000+00:00,18.7,29.6,66.0,1011.3,0,2.8,130
2515,9673,2024-04-21T07:53:06.965000+00:00,18.6,29.2,66.0,1011.3,0,2.6,128
2516,9673,2024-04-21T07:55:06.964000+00:00,18.6,29.2,66.0,1011.3,0,1.5,83
2517,9673,2024-04-21T07:57:06.964000+00:00,18.6,29.2,67.0,1011.4,0,1.7,131
2518,9673,2024-04-21T07:59:06.967000+00:00,18.5,29.2,67.0,1011.4,0,2.5,160
2519,9673,2024-04-21T08:01:06.994000+00:00,18.4,28.9,67.0,1011.5,0,1.5,136
2520,9673,2024-04-21T08:03:06.979000+00:00,18.5,29.1,67.0,1011.6,0,2.5,152
2521,9673,2024-04-21T08:05:07.003000+00:00,18.3,28.8,67.0,1011.4,0,1.7,90
2522,9673,2024-04-21T08:07:07.008000+00:00,18.4,28.9,67.0,1011.4,0,1.8,138
2523,9673,2024-04-21T08:09:07.025000+00:00,18.3,28.9,67.0,1011.2,0,2.0,146
2524,9673,2024-04-21T08:11:07.052000+00:00,18.4,28.7,67.0,1011.4,0,1.7,143
2525,9673,2024-04-21T08:13:07.059000+00:00,18.4,28.8,67.0,1011.3,0,1.8,122
2526,9673,2024-04-21T08:15:07.068000+00:00,18.4,28.5,67.0,1011.4,0,1.4,135
2527,9673,2024-04-21T08:17:07.070000+00:00,18.4,28.5,68.0,1011.4,0,1.2,126
2528,9673,2024-04-21T08:19:07.106000+00:00,18.4,28.3,68.0,1011.4,0,1.9,162
2529,9673,2024-04-21T08:21:07.103000+00:00,18.4,28.1,67.0,1011.4,0,1.5,113
2530,9673,2024-04-21T08:23:07.105000+00:00,18.4,28.1,67.0,1011.2,0,2.5,123
2531,9673,2024-04-21T08:25:07.145000+00:00,18.4,27.8,67.0,1011.2,0,2.1,129
2532,9673,2024-04-21T08:27:07.108000+00:00,18.3,27.7,67.0,1011.4,0,2.2,134
2533,9673,2024-04-21T08:29:07.111000+00:00,18.2,27.4,67.0,1011.3,0,3.2,146
2534,9673,2024-04-21T08:31:07.115000+00:00,18.2,27.9,68.0,1011.3,0,2.3,126
2535,9673,2024-04-21T08:33:07.117000+00:00,18.2,28.0,68.0,1011.3,0,2.0,119
2536,9673,2024-04-21T08:35:07.112000+00:00,18.2,27.6,67.0,1011.3,0,3.4,114
2537,9673,2024-04-21T08:37:07.114000+00:00,18.2,27.7,68.0,1011.3,0,3.1,122
2538,9673,2024-04-21T08:39:07.120000+00:00,18.2,27.7,68.0,1011.4,0,1.4,139
2539,9673,2024-04-21T08:41:07.149000+00:00,18.2,27.5,68.0,1011.4,0,1.5,138
2540,9673,2024-04-21T08:43:07.188000+00:00,18.2,27.4,67.0,1011.4,0,2.2,145
2541,9673,2024-04-21T08:45:07.196000+00:00,18.1,27.3,68.0,1011.4,0,0.8,213
2542,9673,2024-04-21T08:47:07.213000+00:00,18.1,27.3,68.0,1011.5,0,1.4,94
2543,9673,2024-04-21T08:49:07.208000+00:00,18.1,27.1,68.0,1011.5,0,0.9,163
2544,9673,2024-04-21T08:51:07.217000+00:00,18.0,27.2,69.0,1011.5,0,1.8,1
2545,9673,2024-04-21T08:53:07.219000+00:00,18.0,26.8,69.0,1011.6,0,1.2,153
2546,9506,2024-05-04T15:19:59.897000+00:00,28.4,40.0,59.0,1016.8,0,3.5,160
2547,9506,2024-05-04T15:21:59.890000+00:00,28.4,40.0,58.0,1016.8,0,3.0,169
2548,9506,2024-05-04T15:23:59.891000+00:00,28.4,41.3,57.0,1016.8,0,3.6,147
2549,9506,2024-05-04T15:25:59.891000+00:00,28.4,42.1,56.0,1016.8,0,3.1,148
2550,9506,2024-05-04T15:27:59.897000+00:00,28.3,41.1,55.0,1016.9,0,3.6,162
2551,9506,2024-05-04T15:29:59.894000+00:00,28.4,42.4,55.0,1016.9,0,3.3,162
2552,9506,2024-05-04T15:31:59.898000+00:00,28.5,42.4,55.0,1016.9,0,2.9,149
2553,9506,2024-05-04T15:33:59.898000+00:00,28.4,42.4,56.0,1017.0,0,3.2,165
2554,9506,2024-05-04T15:35:59.882000+00:00,28.6,42.4,57.0,1016.9,0,3.8,153
2555,9506,2024-05-04T15:37:59.901000+00:00,28.5,43.4,56.0,1016.9,0,3.1,151
2556,9506,2024-05-04T15:39:59.899000+00:00,28.6,44.3,57.0,1016.9,0,2.5,149
2557,9506,2024-05-04T15:41:59.929000+00:00,28.5,44.2,56.0,1016.9,0,3.2,167
2558,9506,2024-05-04T15:43:59.909000+00:00,28.5,45.4,55.0,1017.1,0,2.4,143
2559,9506,2024-05-04T15:45:59.902000+00:00,28.6,45.4,55.0,1017.0,0,3.8,163
2560,9506,2024-05-04T15:47:59.908000+00:00,28.5,45.6,56.0,1016.9,0,4.0,149
2561,9506,2024-05-04T15:49:59.899000+00:00,28.6,45.8,57.0,1017.0,0,2.5,163
2562,9506,2024-05-04T15:51:59.908000+00:00,28.6,42.8,54.0,1017.0,0,3.5,139
2563,9506,2024-05-04T15:53:59.928000+00:00,28.7,44.0,55.0,1017.0,0,3.1,150
2564,9506,2024-05-04T15:55:59.961000+00:00,28.8,45.4,54.0,1016.9,0,3.9,162
2565,9506,2024-05-04T15:57:59.969000+00:00,28.8,45.0,54.0,1016.9,0,2.9,148
2566,9506,2024-05-04T15:59:59.981000+00:00,28.6,45.4,55.0,1017.0,0,3.0,126
2567,9506,2024-05-04T16:01:59.976000+00:00,28.8,46.5,55.0,1016.9,0,3.2,160
2568,9506,2024-05-04T16:04:00.021000+00:00,28.7,45.6,54.0,1016.8,0,4.0,174
2569,9506,2024-05-04T16:06:00.022000+00:00,28.5,45.7,56.0,1016.7,0,3.6,143
2570,9506,2024-05-04T16:08:00.035000+00:00,28.7,46.2,54.0,1016.8,0,3.4,145
2571,9506,2024-05-04T16:10:00.040000+00:00,28.8,45.1,53.0,1016.7,0,3.0,144
2572,9506,2024-05-04T16:11:12.984000+00:00,28.8,46.1,56.0,1016.6,0,3.3,152
2573,9506,2024-05-04T16:13:08.670000+00:00,28.8,47.2,57.0,1016.8,0,2.7,152
2574,9506,2024-05-04T16:15:08.680000+00:00,29.0,47.4,56.0,1016.8,0,3.1,178
2575,9506,2024-05-04T16:17:08.662000+00:00,29.0,47.4,58.0,1016.7,0,3.1,140
2576,9506,2024-05-04T16:20:48.391000+00:00,29.2,47.7,58.0,1016.7,0,2.8,174
2577,9506,2024-05-04T16:22:00.702000+00:00,29.0,48.0,56.0,1016.8,0,2.7,143
2578,9506,2024-05-04T16:24:00.704000+00:00,29.0,48.2,57.0,1016.8,0,3.0,169
2579,9506,2024-05-04T16:26:00.711000+00:00,29.0,48.9,59.0,1016.8,0,3.9,49
2580,9506,2024-05-04T16:28:00.699000+00:00,28.9,48.9,56.0,1016.7,0,3.5,176
2581,9506,2024-05-04T16:30:00.704000+00:00,29.1,46.9,56.0,1016.9,0,2.1,154
2582,9506,2024-05-04T16:32:00.704000+00:00,29.0,45.2,57.0,1016.8,0,1.2,151
2583,9506,2024-05-04T16:34:00.711000+00:00,28.8,44.3,56.0,1016.8,0,1.9,118
2584,9506,2024-05-04T16:36:00.705000+00:00,28.8,42.8,57.0,1016.9,0,3.3,149
2585,9506,2024-05-04T16:38:00.700000+00:00,28.8,44.0,58.0,1016.8,0,1.5,141
2586,9506,2024-05-04T16:40:00.710000+00:00,28.8,44.0,57.0,1016.8,0,2.5,142
2587,9507,2024-05-05T19:08:07.156000+00:00,28.6,46.4,57.0,1017.0,0,3.3,166
2588,9507,2024-05-05T19:10:07.157000+00:00,28.6,47.6,57.0,1017.0,0,3.4,169
2589,9507,2024-05-05T19:12:07.157000+00:00,28.5,46.4,57.0,1016.9,0,4.0,147
2590,9507,2024-05-05T19:14:07.158000+00:00,28.5,47.6,58.0,1016.9,0,3.1,155
2591,9507,2024-05-05T19:16:07.163000+00:00,28.6,48.4,58.0,1016.8,0,3.0,147
2592,9507,2024-05-05T19:18:07.161000+00:00,28.6,45.9,58.0,1016.7,0,2.0,149
2593,9507,2024-05-05T19:20:07.162000+00:00,28.7,45.9,58.0,1016.7,0,2.6,142
2594,9507,2024-05-05T19:22:07.168000+00:00,29.0,47.9,56.0,1016.7,0,3.3,163
2595,9507,2024-05-05T19:24:07.166000+00:00,28.9,48.1,56.0,1016.8,0,3.7,153
2596,9507,2024-05-05T19:26:07.166000+00:00,28.9,48.4,57.0,1016.8,0,3.2,141
2597,9507,2024-05-05T19:28:07.169000+00:00,29.0,49.1,57.0,1016.7,0,3.0,136
2598,9507,2024-05-05T19:30:07.169000+00:00,28.8,49.1,57.0,1016.7,0,3.4,156
2599,9507,2024-05-05T19:32:07.170000+00:00,28.6,46.8,56.0,1016.7,0,3.0,173
2600,9507,2024-05-05T19:34:07.174000+00:00,28.7,49.0,56.0,1016.5,0,3.1,153
2601,9507,2024-05-05T19:36:07.173000+00:00,28.8,46.7,57.0,1016.6,0,3.5,144
2602,9507,2024-05-05T19:38:07.167000+00:00,28.6,46.3,58.0,1016.6,0,2.7,143
2603,9507,2024-05-05T19:40:07.180000+00:00,28.5,44.2,57.0,1016.5,0,3.0,142
2604,9507,2024-05-05T19:42:07.177000+00:00,28.5,44.9,58.0,1016.4,0,2.4,139
2605,9507,2024-05-05T19:44:07.182000+00:00,28.6,45.1,57.0,1016.4,0,2.4,173
2606,9507,2024-05-05T19:46:07.186000+00:00,28.6,44.1,56.0,1016.4,0,2.7,163
2607,9507,2024-05-05T19:48:07.183000+00:00,28.6,45.8,57.0,1016.4,0,2.6,141
2608,9507,2024-05-05T19:50:07.184000+00:00,28.6,47.3,56.0,1016.4,0,2.7,155
2609,9507,2024-05-05T19:52:07.186000+00:00,28.5,48.0,57.0,1016.4,0,2.7,144
2610,9507,2024-05-05T19:54:07.186000+00:00,28.4,46.4,57.0,1016.4,0,3.0,165
2611,9507,2024-05-05T19:56:07.178000+00:00,28.6,45.6,58.0,1016.3,0,3.7,163
2612,9507,2024-05-05T19:58:07.190000+00:00,28.4,43.0,57.0,1016.3,0,3.6,144
2613,9507,2024-05-05T20:00:07.211000+00:00,28.3,43.5,58.0,1016.2,0,2.8,163
2614,9507,2024-05-05T20:02:07.227000+00:00,28.4,45.9,57.0,1016.3,0,2.7,174
2615,9507,2024-05-05T20:04:07.240000+00:00,28.5,45.9,57.0,1016.4,0,2.9,148
2616,9507,2024-05-05T20:06:07.273000+00:00,28.6,43.5,57.0,1016.3,0,3.5,153
2617,9507,2024-05-05T20:08:07.288000+00:00,28.7,44.2,59.0,1016.3,0,2.4,167
2618,9507,2024-05-05T20:10:07.291000+00:00,28.8,45.6,57.0,1016.3,0,3.5,152
2619,9507,2024-05-05T20:12:07.324000+00:00,28.9,45.5,57.0,1016.3,0,3.4,173
2620,9507,2024-05-05T20:14:07.326000+00:00,29.0,46.4,58.0,1016.3,0,3.5,148
2621,9507,2024-05-05T20:16:07.324000+00:00,28.8,46.8,57.0,1016.5,0,3.5,152
2622,9507,2024-05-05T20:18:07.328000+00:00,28.8,44.7,59.0,1016.2,0,3.6,155
2623,9507,2024-05-05T20:20:07.326000+00:00,28.9,44.7,60.0,1016.3,0,4.4,160
2624,9507,2024-05-05T20:22:07.330000+00:00,28.7,45.5,60.0,1016.2,0,3.7,152
2625,9507,2024-05-05T20:24:07.332000+00:00,28.8,45.4,59.0,1016.2,0,3.9,160
2626,9507,2024-05-05T20:26:07.333000+00:00,28.8,46.1,60.0,1016.4,0,3.6,165
2627,9507,2024-05-05T20:28:07.335000+00:00,28.5,46.5,60.0,1016.3,0,2.1,172
2628,9507,2024-05-05T20:30:07.341000+00:00,28.4,47.5,60.0,1016.3,0,1.9,182
2629,9507,2024-05-05T20:32:07.337000+00:00,28.6,46.1,59.0,1016.4,0,3.6,140
2630,9507,2024-05-05T20:34:07.339000+00:00,28.4,44.5,60.0,1016.4,0,2.0,158
2631,9507,2024-05-05T20:36:07.343000+00:00,28.4,45.7,61.0,1016.4,0,2.3,147
2632,9507,2024-05-05T20:38:07.355000+00:00,28.4,45.7,59.0,1016.4,0,3.4,171
2633,9507,2024-05-05T20:40:07.346000+00:00,28.5,45.4,59.0,1016.3,0,2.4,176
2634,9507,2024-05-05T20:42:07.344000+00:00,28.5,45.6,60.0,1016.3,0,3.4,173
2635,9507,2024-05-05T20:44:07.347000+00:00,28.5,45.4,61.0,1016.3,0,2.3,136
2636,9507,2024-05-05T20:46:07.348000+00:00,28.7,44.2,59.0,1016.2,0,4.4,126
2637,9507,2024-05-05T20:48:07.348000+00:00,28.7,45.1,60.0,1016.3,0,3.3,136
2638,9507,2024-05-05T20:50:07.338000+00:00,28.6,44.6,60.0,1016.2,0,3.2,173
2639,9507,2024-05-05T20:52:07.351000+00:00,28.2,42.1,62.0,1016.3,0,3.0,166
2640,9507,2024-05-05T20:54:07.370000+00:00,28.3,43.6,61.0,1016.3,0,3.8,168
2641,9507,2024-05-05T20:56:07.351000+00:00,28.4,44.5,61.0,1016.4,0,2.6,200
2642,9507,2024-05-05T20:58:07.357000+00:00,28.5,42.6,59.0,1016.4,0,2.6,141
2643,9507,2024-05-05T21:00:07.355000+00:00,28.4,42.7,61.0,1016.4,0,2.9,130
2644,9507,2024-05-05T21:02:07.358000+00:00,28.3,42.3,61.0,1016.5,0,3.4,144
2645,9507,2024-05-05T21:04:07.358000+00:00,28.0,40.6,62.0,1016.5,0,2.6,169
2646,9507,2024-05-05T21:06:07.361000+00:00,27.9,40.9,62.0,1016.4,0,2.5,147
2647,9507,2024-05-05T21:08:07.361000+00:00,28.1,42.4,62.0,1016.4,0,3.3,164
2648,9507,2024-05-05T21:10:07.362000+00:00,28.4,42.6,63.0,1016.5,0,3.1,161
2649,9507,2024-05-05T21:12:07.355000+00:00,28.4,42.3,62.0,1016.5,0,3.7,139
2650,9507,2024-05-05T21:14:07.363000+00:00,28.2,41.2,62.0,1016.5,0,3.2,176
2651,9507,2024-05-05T21:16:07.366000+00:00,28.1,41.6,62.0,1016.5,0,2.7,157
2652,9507,2024-05-05T21:18:07.369000+00:00,28.2,41.8,61.0,1016.5,0,4.2,146
2653,9507,2024-05-05T21:20:07.370000+00:00,28.1,40.6,62.0,1016.6,0,2.8,144
2654,9507,2024-05-05T21:22:07.370000+00:00,28.2,39.8,62.0,1016.6,0,3.0,149
2655,9507,2024-05-05T21:24:07.371000+00:00,28.3,39.3,63.0,1016.7,0,2.3,147
2656,9507,2024-05-05T21:26:07.372000+00:00,28.3,40.4,61.0,1016.5,0,3.5,144
2657,9507,2024-05-05T21:28:07.374000+00:00,28.4,41.0,60.0,1016.5,0,3.5,147
2658,9507,2024-05-05T21:30:07.376000+00:00,28.5,41.2,61.0,1016.4,0,2.2,135
2659,9507,2024-05-05T21:32:07.382000+00:00,28.5,41.1,60.0,1016.5,0,2.3,144
2660,9507,2024-05-05T21:34:07.409000+00:00,28.3,40.6,60.0,1016.4,0,2.1,170
2661,9507,2024-05-05T21:36:07.426000+00:00,28.2,40.5,62.0,1016.5,0,2.6,143
2662,9515,2024-05-19T12:08:39.188000+00:00,24.2,43.4,51.0,1007.2,0,1.8,138
2663,9515,2024-05-19T12:10:39.215000+00:00,24.0,43.3,53.0,1007.2,0,1.7,117
2664,9515,2024-05-19T12:12:39.218000+00:00,24.2,42.9,53.0,1007.3,0,1.6,122
2665,9515,2024-05-19T12:14:39.219000+00:00,24.4,42.4,54.0,1007.2,0,2.0,125
2666,9515,2024-05-19T12:16:39.230000+00:00,24.2,41.4,55.0,1007.2,0,1.6,109
2667,9515,2024-05-19T12:18:39.236000+00:00,24.2,41.1,55.0,1007.2,0,1.1,144
2668,9515,2024-05-19T12:20:39.239000+00:00,24.2,41.3,54.0,1007.1,0,2.8,138
2669,9515,2024-05-19T12:22:39.275000+00:00,24.3,40.8,55.0,1007.2,0,1.2,130
2670,9515,2024-05-19T12:24:39.289000+00:00,24.3,40.9,54.0,1007.1,0,1.2,175
2671,9515,2024-05-19T12:26:39.285000+00:00,24.3,42.0,54.0,1007.1,0,1.1,134
2672,9515,2024-05-19T12:28:39.306000+00:00,24.3,42.8,52.0,1007.1,0,1.8,126
2673,9515,2024-05-19T12:30:39.313000+00:00,24.4,43.7,51.0,1007.1,0,1.9,128
2674,9515,2024-05-19T12:32:39.314000+00:00,24.5,43.6,50.0,1007.0,0,1.6,133
2675,9515,2024-05-19T12:34:39.342000+00:00,24.5,43.7,50.0,1006.9,0,1.6,142
2676,9515,2024-05-19T12:36:39.362000+00:00,24.5,43.8,51.0,1007.0,0,1.3,125
2677,9515,2024-05-19T12:38:39.356000+00:00,24.6,43.2,50.0,1007.0,0,1.4,134
2678,9515,2024-05-19T12:40:39.389000+00:00,24.7,41.4,51.0,1007.0,0,1.3,172
2679,9515,2024-05-19T12:42:39.411000+00:00,24.6,40.8,53.0,1007.0,0,1.8,161
2680,9515,2024-05-19T12:44:39.409000+00:00,24.6,42.7,50.0,1007.0,0,1.2,335
2681,9515,2024-05-19T12:46:39.399000+00:00,24.6,42.7,51.0,1006.9,0,0.9,228
2682,9515,2024-05-19T12:48:39.463000+00:00,24.9,43.9,49.0,1006.8,0,0.5,75
2683,9515,2024-05-19T12:50:39.434000+00:00,25.0,44.4,49.0,1006.8,0,1.8,158
2684,9515,2024-05-19T12:52:39.436000+00:00,25.0,44.0,50.0,1006.8,0,2.1,137
2685,9515,2024-05-19T12:54:39.440000+00:00,24.8,44.4,51.0,1006.8,0,1.3,143
2686,9515,2024-05-19T12:56:39.444000+00:00,25.2,44.7,50.0,1006.8,0,0.5,314
2687,9515,2024-05-19T12:58:39.454000+00:00,25.5,45.3,48.0,1006.8,0,0.7,144
2688,9515,2024-05-19T13:00:39.455000+00:00,25.5,45.3,51.0,1006.8,0,2.8,108
2689,9515,2024-05-19T13:02:39.433000+00:00,25.2,44.5,50.0,1006.9,0,1.4,157
2690,9515,2024-05-19T13:04:39.452000+00:00,25.0,45.3,51.0,1006.8,0,3.0,136
2691,9515,2024-05-19T13:06:39.469000+00:00,25.1,45.3,50.0,1006.9,0,3.4,121
2692,9515,2024-05-19T13:08:39.489000+00:00,25.1,44.9,50.0,1006.9,0,3.1,137
2693,9515,2024-05-19T13:10:39.508000+00:00,25.4,42.7,50.0,1006.8,0,3.3,129
2694,9515,2024-05-19T13:12:39.503000+00:00,25.1,40.7,52.0,1006.9,0,2.9,116
2695,9515,2024-05-19T13:14:39.500000+00:00,25.1,40.4,51.0,1006.8,0,2.4,145
2696,9515,2024-05-19T13:16:39.518000+00:00,24.9,40.1,51.0,1006.8,0,1.5,131
2697,9515,2024-05-19T13:18:39.514000+00:00,24.7,39.4,50.0,1006.8,0,1.3,133
2698,9515,2024-05-19T13:20:39.522000+00:00,25.0,39.8,49.0,1006.8,0,2.3,99
2699,9515,2024-05-19T13:22:39.583000+00:00,25.1,41.0,49.0,1006.7,0,2.4,164
2700,9515,2024-05-19T13:24:39.564000+00:00,25.1,41.3,49.0,1006.7,0,1.8,138
2701,9515,2024-05-19T13:26:39.561000+00:00,25.1,42.0,47.0,1006.7,0,2.6,134
2702,9515,2024-05-19T13:28:39.632000+00:00,25.3,42.2,48.0,1006.6,0,3.7,137
2703,9515,2024-05-19T13:30:39.648000+00:00,25.5,42.2,47.0,1006.7,0,2.4,136
2704,9515,2024-05-19T13:32:39.648000+00:00,25.5,41.8,48.0,1006.5,0,2.5,151
2705,9515,2024-05-19T13:34:39.698000+00:00,25.5,42.4,47.0,1006.5,0,2.6,124
2706,9515,2024-05-19T13:36:39.706000+00:00,25.5,42.1,46.0,1006.5,0,2.8,123
2707,9515,2024-05-19T13:38:39.749000+00:00,25.3,42.6,45.0,1006.4,0,2.7,136
2708,9515,2024-05-19T13:40:39.766000+00:00,25.3,42.0,46.0,1006.4,0,5.0,138
2709,9515,2024-05-19T13:42:39.788000+00:00,25.4,42.6,46.0,1006.4,0,2.4,124
2710,9515,2024-05-19T13:44:39.815000+00:00,25.5,42.4,46.0,1006.3,0,2.1,137
2711,9515,2024-05-19T13:46:39.833000+00:00,25.6,42.3,46.0,1006.4,0,2.5,143
2712,9515,2024-05-19T13:48:39.839000+00:00,25.7,42.6,45.0,1006.3,0,1.0,141
2713,9515,2024-05-19T13:50:39.851000+00:00,25.6,42.6,44.0,1006.2,0,4.2,139
2714,9515,2024-05-19T13:52:39.847000+00:00,25.7,42.1,45.0,1006.2,0,2.5,135
2715,9515,2024-05-19T13:54:39.852000+00:00,25.7,42.4,46.0,1006.2,0,2.9,131
2716,9515,2024-05-19T13:56:39.874000+00:00,25.7,42.5,44.0,1006.1,0,2.5,148
2717,9515,2024-05-19T13:58:39.916000+00:00,25.8,42.0,45.0,1006.1,0,2.2,123
2718,9515,2024-05-19T14:00:39.928000+00:00,25.7,41.8,44.0,1006.2,0,3.7,143
2719,9515,2024-05-19T14:02:39.911000+00:00,25.7,41.6,44.0,1006.1,0,2.4,104
2720,9515,2024-05-19T14:04:39.931000+00:00,25.8,42.1,44.0,1006.2,0,2.2,115
2721,9515,2024-05-19T14:06:39.933000+00:00,25.8,41.5,44.0,1006.2,0,2.6,124
2722,9515,2024-05-19T14:08:39.956000+00:00,25.8,40.1,45.0,1006.1,0,3.3,110
2723,9515,2024-05-19T14:10:39.967000+00:00,25.6,39.5,45.0,1006.1,0,1.6,125
2724,9515,2024-05-19T14:12:39.995000+00:00,25.6,39.1,44.0,1006.1,0,3.2,137
2725,9515,2024-05-19T14:14:40.043000+00:00,25.5,39.1,44.0,1006.2,0,1.9,131
2726,9515,2024-05-19T14:16:40.039000+00:00,25.5,39.4,45.0,1006.2,0,3.1,122
2727,9515,2024-05-19T14:18:40.042000+00:00,25.4,38.6,45.0,1006.2,0,1.6,120
2728,9515,2024-05-19T14:20:40.064000+00:00,25.4,38.9,45.0,1006.1,0,1.7,123
2729,9515,2024-05-19T14:22:40.106000+00:00,25.5,38.9,44.0,1006.1,0,2.0,119
2730,9515,2024-05-19T14:24:40.140000+00:00,25.4,38.7,44.0,1006.1,0,1.5,150
2731,9515,2024-05-19T14:26:40.149000+00:00,25.6,40.2,44.0,1006.0,0,2.2,124
2732,9515,2024-05-19T14:28:40.132000+00:00,25.9,40.6,43.0,1006.1,0,1.3,141
2733,9515,2024-05-19T14:30:40.148000+00:00,26.1,41.3,42.0,1006.1,0,0.8,119
2734,9523,2024-05-26T12:08:59.482000+00:00,21.1,49.4,69.0,1019.1,0,1.1,27
2735,9523,2024-05-26T12:10:59.483000+00:00,21.0,50.0,68.0,1019.2,0,0.9,3
2736,9523,2024-05-26T12:12:59.483000+00:00,20.9,48.4,66.0,1019.1,0,1.2,107
2737,9523,2024-05-26T12:14:59.486000+00:00,21.1,48.0,67.0,1019.1,0,1.3,329
2738,9523,2024-05-26T12:16:59.505000+00:00,21.0,48.0,66.0,1019.0,0,1.0,9
2739,9523,2024-05-26T12:18:59.517000+00:00,21.1,48.0,66.0,1019.0,0,1.3,353
2740,9523,2024-05-26T12:20:59.511000+00:00,21.1,48.0,67.0,1019.0,0,1.0,348
2741,9523,2024-05-26T12:22:59.551000+00:00,21.1,48.1,68.0,1019.0,0,1.1,27
2742,9523,2024-05-26T12:24:59.579000+00:00,21.1,48.3,67.0,1019.0,0,1.0,22
2743,9523,2024-05-26T12:26:59.587000+00:00,21.1,48.1,67.0,1019.0,0,1.1,210
2744,9523,2024-05-26T12:28:59.612000+00:00,21.3,48.7,66.0,1019.0,0,1.4,0
2745,9523,2024-05-26T12:30:59.617000+00:00,21.3,48.5,67.0,1019.0,0,0.6,210
2746,9523,2024-05-26T12:32:59.612000+00:00,21.2,45.8,68.0,1019.1,0,0.7,19
2747,9523,2024-05-26T12:34:59.617000+00:00,21.3,46.4,69.0,1019.0,0,0.8,237
2748,9523,2024-05-26T12:36:59.618000+00:00,21.2,46.6,69.0,1019.0,0,2.3,0
2749,9523,2024-05-26T12:38:59.620000+00:00,21.2,47.9,68.0,1019.0,0,0.0,225
2750,9523,2024-05-26T12:40:59.616000+00:00,21.4,47.4,67.0,1018.9,0,1.9,7
2751,9523,2024-05-26T12:42:59.627000+00:00,21.3,47.7,67.0,1019.0,0,0.7,355
2752,9523,2024-05-26T12:44:59.628000+00:00,21.2,49.2,67.0,1018.9,0,0.9,337
2753,9523,2024-05-26T12:46:59.630000+00:00,21.3,48.5,68.0,1019.0,0,0.9,229
2754,9523,2024-05-26T12:48:59.619000+00:00,21.5,48.7,67.0,1018.9,0,0.6,343
2755,9523,2024-05-26T12:50:59.633000+00:00,21.4,48.4,66.0,1018.9,0,0.4,21
2756,9523,2024-05-26T12:52:59.636000+00:00,21.5,48.0,66.0,1018.8,0,1.0,56
2757,9523,2024-05-26T12:54:59.642000+00:00,21.4,47.4,67.0,1018.9,0,1.1,209
2758,9523,2024-05-26T12:56:59.649000+00:00,21.4,47.6,67.0,1019.0,0,0.7,333
2759,9523,2024-05-26T12:58:59.674000+00:00,21.2,46.9,68.0,1018.9,0,0.9,238
2760,9523,2024-05-26T13:00:59.687000+00:00,21.3,47.3,67.0,1018.9,0,0.5,11
2761,9523,2024-05-26T13:02:59.689000+00:00,21.6,48.4,66.0,1018.9,0,0.9,0
2762,9523,2024-05-26T13:04:59.729000+00:00,21.6,48.0,64.0,1018.9,0,0.4,328
2763,9523,2024-05-26T13:06:59.741000+00:00,21.6,48.3,65.0,1018.8,0,1.2,222
2764,9523,2024-05-26T13:08:59.746000+00:00,21.6,47.7,68.0,1018.9,0,2.5,214
2765,9523,2024-05-26T13:10:59.765000+00:00,21.3,48.1,68.0,1018.9,0,1.4,216
2766,9523,2024-05-26T13:12:59.812000+00:00,21.4,47.2,69.0,1018.9,0,0.5,49
2767,9523,2024-05-26T13:14:59.771000+00:00,21.4,47.3,68.0,1018.8,0,0.4,15
2768,9523,2024-05-26T13:16:59.770000+00:00,21.3,47.7,68.0,1018.9,0,1.3,203
2769,9523,2024-05-26T13:18:59.774000+00:00,21.3,49.3,69.0,1018.9,0,1.0,48
2770,9523,2024-05-26T13:20:59.774000+00:00,21.3,49.5,67.0,1018.9,0,0.7,0
2771,9523,2024-05-26T13:22:59.770000+00:00,21.3,49.2,68.0,1018.8,0,1.2,327
2772,9523,2024-05-26T13:24:59.783000+00:00,21.3,49.9,67.0,1018.8,0,0.8,314
2773,9523,2024-05-26T13:26:59.821000+00:00,21.4,49.8,67.0,1018.9,0,0.4,223
2774,9523,2024-05-26T13:28:59.792000+00:00,21.5,49.6,68.0,1018.8,0,0.7,323
2775,9523,2024-05-26T13:30:59.819000+00:00,21.6,49.7,65.0,1018.8,0,0.9,10
2776,9523,2024-05-26T13:32:59.824000+00:00,21.7,48.4,66.0,1018.8,0,1.3,10
2777,9523,2024-05-26T13:34:59.854000+00:00,21.6,49.5,64.0,1018.7,0,1.1,17
2778,9523,2024-05-26T13:36:59.867000+00:00,21.6,48.6,65.0,1018.8,0,1.6,25
2779,9523,2024-05-26T13:38:59.884000+00:00,21.5,48.5,64.0,1018.9,0,0.5,19
2780,9523,2024-05-26T13:40:59.889000+00:00,21.5,49.4,63.0,1018.9,0,1.2,347
2781,9523,2024-05-26T13:42:59.913000+00:00,21.5,49.3,64.0,1018.9,0,1.5,342
2782,9523,2024-05-26T13:44:59.921000+00:00,21.5,48.1,65.0,1018.9,0,0.8,9
2783,9523,2024-05-26T13:46:59.922000+00:00,21.6,48.6,66.0,1018.7,0,1.4,356
2784,9523,2024-05-26T13:48:59.928000+00:00,21.7,49.2,63.0,1018.9,0,0.6,0
2785,9523,2024-05-26T13:50:59.927000+00:00,21.6,48.2,64.0,1018.9,0,2.0,353
2786,9523,2024-05-26T13:52:59.922000+00:00,21.8,48.7,64.0,1018.9,0,0.4,6
2787,9523,2024-05-26T13:54:59.926000+00:00,21.9,47.9,63.0,1018.9,0,0.9,253
2788,9523,2024-05-26T13:56:59.929000+00:00,22.1,47.4,65.0,1018.8,0,0.7,289
2789,9523,2024-05-26T13:58:59.919000+00:00,22.2,47.9,61.0,1018.9,0,1.3,9
2790,9523,2024-05-26T14:00:59.923000+00:00,22.1,47.2,64.0,1018.8,0,1.2,208
2791,9523,2024-05-26T14:02:59.929000+00:00,22.0,47.1,63.0,1018.7,0,0.5,22
2792,9523,2024-05-26T14:04:59.929000+00:00,22.0,46.0,64.0,1018.7,0,0.5,154
2793,9523,2024-05-26T14:06:59.931000+00:00,21.6,46.7,64.0,1018.7,0,1.1,38
2794,9523,2024-05-26T14:08:59.936000+00:00,21.8,46.7,61.0,1018.6,0,0.7,221
2795,9523,2024-05-26T14:10:59.930000+00:00,21.9,45.8,62.0,1018.8,0,0.9,337
2796,9523,2024-05-26T14:12:59.932000+00:00,21.8,45.9,65.0,1018.8,0,1.6,273
2797,9523,2024-05-26T14:14:59.931000+00:00,21.7,46.1,63.0,1018.7,0,1.1,356
2798,9523,2024-05-26T14:16:59.941000+00:00,21.7,45.7,63.0,1018.7,0,0.9,183
2799,9523,2024-05-26T14:18:59.947000+00:00,21.8,46.0,64.0,1018.5,0,0.7,23
2800,9523,2024-05-26T14:20:59.936000+00:00,21.9,46.0,62.0,1018.6,0,1.0,213
2801,9523,2024-05-26T14:22:59.939000+00:00,22.0,45.9,62.0,1018.5,0,0.9,220
2802,9523,2024-05-26T14:24:59.939000+00:00,22.1,45.5,61.0,1018.6,0,0.4,217
2803,9523,2024-05-26T14:26:59.961000+00:00,21.9,45.6,62.0,1018.5,0,1.0,245
2804,9523,2024-05-26T14:28:59.982000+00:00,22.0,45.9,61.0,1018.5,0,1.0,268
2805,9523,2024-05-26T14:30:59.990000+00:00,21.9,44.5,65.0,1018.6,0,0.6,358
2806,9523,2024-05-26T14:33:00.001000+00:00,21.7,44.4,63.0,1018.5,0,1.5,305
2807,9523,2024-05-26T14:35:00.023000+00:00,21.8,44.8,62.0,1018.6,0,0.7,169
2808,9523,2024-05-26T14:37:00.034000+00:00,21.9,44.4,61.0,1018.6,0,0.8,269
2809,9523,2024-05-26T14:39:00.064000+00:00,22.0,44.4,62.0,1018.4,0,0.5,30
2810,9523,2024-05-26T14:41:00.071000+00:00,21.9,44.8,59.0,1018.5,0,0.9,0
2811,9523,2024-05-26T14:43:00.096000+00:00,22.0,44.5,58.0,1018.5,0,0.5,192
2812,9523,2024-05-26T14:45:00.084000+00:00,21.9,44.5,57.0,1018.3,0,1.8,203
2813,9523,2024-05-26T14:47:00.124000+00:00,22.0,43.8,57.0,1018.5,0,0.7,205
2814,9523,2024-05-26T14:49:00.103000+00:00,22.0,43.7,57.0,1018.4,0,1.7,0
2815,9523,2024-05-26T14:51:00.103000+00:00,21.9,43.7,58.0,1018.5,0,1.1,89
2816,9523,2024-05-26T14:53:00.132000+00:00,21.8,43.2,57.0,1018.5,0,1.0,52
2817,9523,2024-05-26T14:55:00.133000+00:00,21.9,43.0,59.0,1018.6,0,1.1,228
2818,9523,2024-05-26T14:57:00.138000+00:00,21.7,42.5,59.0,1018.4,0,1.1,0
2819,9523,2024-05-26T14:59:00.152000+00:00,21.6,42.2,60.0,1018.4,0,0.8,140
2820,9523,2024-05-26T15:01:00.181000+00:00,21.8,42.2,60.0,1018.5,0,1.2,30
2821,9523,2024-05-26T15:03:00.191000+00:00,21.5,42.3,61.0,1018.5,0,0.5,284
2822,9523,2024-05-26T15:05:00.194000+00:00,21.6,42.0,60.0,1018.4,0,0.9,241
2823,9523,2024-05-26T15:07:00.223000+00:00,22.0,42.0,60.0,1018.5,0,0.8,284
2824,9523,2024-05-26T15:09:00.230000+00:00,21.9,42.0,60.0,1018.4,0,0.9,215
2825,9523,2024-05-26T15:11:00.228000+00:00,22.0,41.7,59.0,1018.3,0,1.7,325
2826,9523,2024-05-26T15:13:00.220000+00:00,21.8,40.9,60.0,1018.4,0,0.7,14
2827,9523,2024-05-26T15:15:00.235000+00:00,21.8,41.6,60.0,1018.5,0,0.8,224
2828,9523,2024-05-26T15:17:00.226000+00:00,21.7,41.1,60.0,1018.4,0,0.4,0
2829,9523,2024-05-26T15:19:00.234000+00:00,21.6,40.5,62.0,1018.4,0,0.9,214
2830,9523,2024-05-26T15:21:00.234000+00:00,21.7,40.8,61.0,1018.4,0,1.1,293
2831,9523,2024-05-26T15:23:00.259000+00:00,21.7,40.6,61.0,1018.4,0,0.6,353
2832,9523,2024-05-26T15:25:00.287000+00:00,21.8,40.9,61.0,1018.4,0,1.2,219
2833,9523,2024-05-26T15:27:00.284000+00:00,21.8,40.2,62.0,1018.4,0,0.8,0
2834,9531,2024-06-09T17:59:12.613000+00:00,16.3,21.1,78.0,996.4,1,0.6,179
2835,9531,2024-06-09T18:01:12.621000+00:00,16.3,21.0,76.0,996.4,1,1.3,161
2836,9531,2024-06-09T18:03:12.617000+00:00,16.3,20.7,77.0,996.3,1,1.4,58
2837,9531,2024-06-09T18:05:12.629000+00:00,16.3,20.7,76.0,996.3,1,1.5,220
2838,9531,2024-06-09T18:07:12.654000+00:00,16.2,20.4,74.0,996.4,1,1.4,115
2839,9531,2024-06-09T18:09:12.675000+00:00,16.0,19.9,76.0,996.2,1,1.3,104
2840,9531,2024-06-09T18:11:12.702000+00:00,15.9,19.9,78.0,996.2,1,0.8,142
2841,9531,2024-06-09T18:13:12.692000+00:00,16.0,20.1,79.0,996.3,1,0.5,115
2842,9531,2024-06-09T18:15:12.690000+00:00,16.0,20.5,80.0,996.3,1,1.3,313
2843,9531,2024-06-09T18:17:12.708000+00:00,16.5,23.8,78.0,996.3,1,1.1,209
2844,9531,2024-06-09T18:19:12.708000+00:00,16.8,24.8,76.0,996.3,0,1.2,148
2845,9531,2024-06-09T18:21:12.705000+00:00,17.3,25.7,78.0,996.4,0,0.5,0
2846,9531,2024-06-09T18:23:12.711000+00:00,17.5,25.8,72.0,996.3,0,1.1,185
2847,9531,2024-06-09T18:25:12.709000+00:00,17.5,26.1,72.0,996.3,0,1.5,348
2848,9531,2024-06-09T18:27:12.709000+00:00,17.7,26.3,72.0,996.2,0,1.9,34
2849,9531,2024-06-09T18:29:12.714000+00:00,17.9,26.5,72.0,996.2,0,1.0,0
2850,9531,2024-06-09T18:31:12.719000+00:00,18.0,26.7,71.0,996.2,0,1.1,94
2851,9531,2024-06-09T18:33:12.711000+00:00,18.1,26.7,71.0,996.3,0,0.9,358
2852,9531,2024-06-09T18:35:12.718000+00:00,18.2,27.0,71.0,996.2,0,0.9,169
2853,9531,2024-06-09T18:37:12.720000+00:00,18.3,27.3,71.0,996.3,0,1.2,212
2854,9531,2024-06-09T18:39:12.762000+00:00,18.4,27.2,71.0,996.2,0,0.8,34
2855,9531,2024-06-09T18:41:12.761000+00:00,18.5,25.2,70.0,996.3,0,1.0,47
2856,9531,2024-06-09T18:43:12.760000+00:00,18.2,24.4,71.0,996.3,0,0.7,0
2857,9531,2024-06-09T18:45:12.773000+00:00,18.2,23.8,72.0,996.3,0,0.0,101
2858,9531,2024-06-09T18:47:12.783000+00:00,18.0,23.4,71.0,996.3,1,0.8,147
2859,9531,2024-06-09T18:49:12.790000+00:00,18.0,22.8,74.0,996.2,1,0.9,69
2860,9531,2024-06-09T18:51:12.790000+00:00,17.9,22.5,72.0,996.3,1,0.7,54
2861,9531,2024-06-09T18:53:12.794000+00:00,17.7,22.3,73.0,996.3,1,0.8,276
2862,9531,2024-06-09T18:55:12.813000+00:00,17.5,21.7,75.0,996.2,1,0.5,278
2863,9531,2024-06-09T18:57:12.819000+00:00,17.4,21.5,76.0,996.2,1,0.8,12
2864,9531,2024-06-09T18:59:12.817000+00:00,17.2,21.3,76.0,996.2,1,0.8,39
2865,9531,2024-06-09T19:01:12.845000+00:00,17.0,21.3,75.0,996.2,0,1.5,200
2866,9531,2024-06-09T19:03:12.864000+00:00,17.1,21.2,76.0,996.2,0,0.7,0
2867,9531,2024-06-09T19:05:12.857000+00:00,17.1,21.2,76.0,996.1,0,1.2,119
2868,9531,2024-06-09T19:07:12.867000+00:00,17.2,22.3,77.0,996.1,0,0.6,16
2869,9531,2024-06-09T19:09:12.853000+00:00,17.5,23.9,77.0,996.1,0,0.5,342
2870,9531,2024-06-09T19:11:12.868000+00:00,17.9,25.7,75.0,996.1,0,0.5,237
2871,9531,2024-06-09T19:13:12.864000+00:00,18.4,26.1,74.0,996.2,0,0.8,4
2872,9531,2024-06-09T19:15:12.881000+00:00,18.5,26.9,75.0,996.1,0,1.2,338
2873,9531,2024-06-09T19:17:12.914000+00:00,18.7,26.7,73.0,996.1,0,0.7,222
2874,9531,2024-06-09T19:19:12.923000+00:00,18.9,26.4,74.0,996.1,0,0.8,169
2875,9531,2024-06-09T19:21:12.956000+00:00,18.9,27.0,74.0,996.1,0,0.9,235
2876,9531,2024-06-09T19:23:12.970000+00:00,19.0,26.9,72.0,996.1,0,1.1,172
2877,9531,2024-06-09T19:25:12.957000+00:00,18.9,27.0,72.0,996.1,0,1.1,225
2878,9531,2024-06-09T19:27:12.974000+00:00,19.0,26.8,69.0,996.0,0,2.0,237
2879,9531,2024-06-09T19:29:12.987000+00:00,18.7,26.9,73.0,996.1,0,0.4,190
2880,9531,2024-06-09T19:31:12.997000+00:00,18.7,26.9,69.0,996.1,0,1.6,326
2881,9531,2024-06-09T19:33:13.005000+00:00,18.8,26.0,71.0,996.1,0,2.1,223
2882,9531,2024-06-09T19:35:13.011000+00:00,18.8,25.7,71.0,996.1,0,1.9,198
2883,9531,2024-06-09T19:37:12.997000+00:00,18.9,26.9,72.0,996.3,0,1.1,232
2884,9531,2024-06-09T19:39:13.018000+00:00,19.1,26.8,70.0,996.2,0,2.4,201
2885,9531,2024-06-09T19:41:13.018000+00:00,19.0,27.7,70.0,996.1,0,2.5,193
2886,9531,2024-06-09T19:43:13.014000+00:00,18.7,28.0,68.0,996.1,0,3.1,214
2887,9531,2024-06-09T19:45:13.019000+00:00,18.6,28.2,68.0,996.1,0,2.2,160
2888,9531,2024-06-09T19:47:13.039000+00:00,18.5,27.8,69.0,996.1,0,1.1,241
2889,9531,2024-06-09T19:49:13.006000+00:00,18.3,26.5,68.0,996.1,0,1.3,222
2890,9531,2024-06-09T19:51:13.019000+00:00,18.0,26.3,69.0,996.0,0,2.4,223
2891,9539,2024-06-23T12:06:37.971000+00:00,23.9,39.1,63.0,1001.8,0,2.7,244
2892,9539,2024-06-23T12:08:37.974000+00:00,23.9,39.9,63.0,1001.8,0,2.7,237
2893,9539,2024-06-23T12:10:37.980000+00:00,24.3,40.1,63.0,1001.8,0,3.1,240
2894,9539,2024-06-23T12:12:37.985000+00:00,24.4,40.1,63.0,1001.7,0,3.3,230
2895,9539,2024-06-23T12:14:37.995000+00:00,24.3,40.2,63.0,1001.7,0,2.9,271
2896,9539,2024-06-23T12:16:38.004000+00:00,24.1,40.4,64.0,1001.7,0,3.0,244
2897,9539,2024-06-23T12:18:38.004000+00:00,24.3,40.8,64.0,1001.7,0,2.7,250
2898,9539,2024-06-23T12:20:38.049000+00:00,24.2,41.7,64.0,1001.7,0,3.7,242
2899,9539,2024-06-23T12:22:38.061000+00:00,24.2,40.9,65.0,1001.5,0,3.5,234
2900,9539,2024-06-23T12:24:38.063000+00:00,24.2,40.7,65.0,1001.5,0,3.6,233
2901,9539,2024-06-23T12:26:38.084000+00:00,24.3,41.0,64.0,1001.6,0,3.6,256
2902,9539,2024-06-23T12:28:38.066000+00:00,24.3,40.6,65.0,1001.6,0,3.7,244
2903,9539,2024-06-23T12:30:38.086000+00:00,24.1,40.4,64.0,1001.6,0,3.1,257
2904,9539,2024-06-23T12:32:38.126000+00:00,24.0,40.5,64.0,1001.6,0,3.1,219
2905,9539,2024-06-23T12:34:38.117000+00:00,24.3,40.9,65.0,1001.6,0,3.8,248
2906,9539,2024-06-23T12:36:38.125000+00:00,24.0,40.3,66.0,1001.6,0,3.7,236
2907,9539,2024-06-23T12:38:38.142000+00:00,24.0,41.3,65.0,1001.6,0,4.5,259
2908,9539,2024-06-23T12:40:38.161000+00:00,24.0,40.5,65.0,1001.5,0,3.5,234
2909,9539,2024-06-23T12:42:38.160000+00:00,24.0,41.6,64.0,1001.5,0,3.5,233
2910,9539,2024-06-23T12:44:38.161000+00:00,24.0,41.3,65.0,1001.5,0,2.7,244
2911,9539,2024-06-23T12:46:38.167000+00:00,24.0,41.5,65.0,1001.5,0,2.2,230
2912,9539,2024-06-23T12:48:38.155000+00:00,24.0,41.8,64.0,1001.4,0,2.2,227
2913,9539,2024-06-23T12:50:38.165000+00:00,23.8,42.0,64.0,1001.4,0,3.3,213
2914,9539,2024-06-23T12:52:38.157000+00:00,24.1,42.1,65.0,1001.4,0,3.3,237
2915,9539,2024-06-23T12:54:38.168000+00:00,24.2,41.8,65.0,1001.3,0,2.6,232
2916,9539,2024-06-23T12:56:38.167000+00:00,24.4,41.8,63.0,1001.4,0,2.2,206
2917,9539,2024-06-23T12:58:38.166000+00:00,24.4,42.4,64.0,1001.4,0,3.0,253
2918,9539,2024-06-23T13:00:38.171000+00:00,24.4,42.1,65.0,1001.3,0,3.0,239
2919,9539,2024-06-23T13:02:38.162000+00:00,24.3,40.6,66.0,1001.4,0,3.2,244
2920,9539,2024-06-23T13:04:38.191000+00:00,24.2,40.2,67.0,1001.3,0,2.9,242
2921,9539,2024-06-23T13:06:38.206000+00:00,24.1,38.7,67.0,1001.4,1,3.2,150
2922,9539,2024-06-23T13:08:38.229000+00:00,24.1,39.5,68.0,1001.4,0,1.7,215
2923,9539,2024-06-23T13:10:38.253000+00:00,23.9,41.4,67.0,1001.3,0,2.2,218
2924,9539,2024-06-23T13:12:38.259000+00:00,24.1,41.4,68.0,1001.2,0,1.5,224
2925,9539,2024-06-23T13:14:38.278000+00:00,24.3,42.5,65.0,1001.3,0,2.0,230
2926,9539,2024-06-23T13:16:38.275000+00:00,24.1,42.4,64.0,1001.3,0,2.3,99
2927,9539,2024-06-23T13:18:38.295000+00:00,24.2,41.8,64.0,1001.3,0,1.9,233
2928,9539,2024-06-23T13:20:38.309000+00:00,24.4,41.6,64.0,1001.3,0,1.8,70
2929,9539,2024-06-23T13:22:38.310000+00:00,24.3,42.4,64.0,1001.2,0,1.3,232
2930,9539,2024-06-23T13:24:38.326000+00:00,24.4,41.7,63.0,1001.3,0,1.3,256
2931,9539,2024-06-23T13:26:38.322000+00:00,24.7,40.6,62.0,1001.3,0,1.4,233
2932,9539,2024-06-23T13:28:38.364000+00:00,24.3,39.2,62.0,1001.2,0,1.9,196
2933,9539,2024-06-23T13:30:38.379000+00:00,24.0,39.3,64.0,1001.3,0,1.6,217
2934,9539,2024-06-23T13:32:38.400000+00:00,23.9,40.5,63.0,1001.3,0,1.2,236
2935,9539,2024-06-23T13:34:38.441000+00:00,23.8,42.7,62.0,1001.3,0,0.7,107
2936,9539,2024-06-23T13:36:38.446000+00:00,24.0,41.5,62.0,1001.2,0,1.1,106
2937,9539,2024-06-23T13:38:38.450000+00:00,24.0,42.0,62.0,1001.3,0,1.4,114
2938,9539,2024-06-23T13:40:38.464000+00:00,24.2,42.0,62.0,1001.3,0,0.7,197
2939,9539,2024-06-23T13:42:38.487000+00:00,24.2,43.0,61.0,1001.3,0,2.5,255
2940,9539,2024-06-23T13:44:38.499000+00:00,24.3,42.7,61.0,1001.1,0,1.5,226
2941,9539,2024-06-23T13:46:38.512000+00:00,24.3,41.4,61.0,1001.3,0,1.4,123
2942,9539,2024-06-23T13:48:38.517000+00:00,24.4,40.6,62.0,1001.4,0,0.7,198
2943,9539,2024-06-23T13:50:38.521000+00:00,24.3,40.1,62.0,1001.4,0,0.5,0
2944,9539,2024-06-23T13:52:38.540000+00:00,24.0,40.9,63.0,1001.5,0,1.4,264
2945,9539,2024-06-23T13:54:38.552000+00:00,24.1,41.5,62.0,1001.4,0,1.1,43
2946,9539,2024-06-23T13:56:38.560000+00:00,24.1,39.8,62.0,1001.3,0,1.2,90
2947,9539,2024-06-23T13:58:38.717000+00:00,24.0,39.7,64.0,1001.2,0,1.5,265
2948,9539,2024-06-23T14:00:38.714000+00:00,23.9,39.5,63.0,1001.2,0,0.7,238
2949,9539,2024-06-23T14:02:38.717000+00:00,23.9,40.0,64.0,1001.2,0,1.6,165
2950,9539,2024-06-23T14:04:38.716000+00:00,23.9,41.1,64.0,1001.2,0,1.3,291
2951,9539,2024-06-23T14:06:38.716000+00:00,24.1,42.7,61.0,1001.1,0,2.1,169
2952,9539,2024-06-23T14:08:38.715000+00:00,24.3,41.9,61.0,1001.2,0,2.4,241
2953,9539,2024-06-23T14:10:38.713000+00:00,24.1,41.9,62.0,1001.2,0,2.6,251
2954,9539,2024-06-23T14:12:38.719000+00:00,24.1,42.6,63.0,1001.3,0,2.0,228
2955,9539,2024-06-23T14:14:38.710000+00:00,24.2,42.5,61.0,1001.3,0,0.9,203
2956,9539,2024-06-23T14:16:38.715000+00:00,24.5,42.4,62.0,1001.3,0,1.3,223
2957,9539,2024-06-23T14:18:38.723000+00:00,24.4,41.3,61.0,1001.2,0,1.4,96
2958,9539,2024-06-23T14:20:38.719000+00:00,24.3,41.1,63.0,1001.2,0,1.4,239
2959,9539,2024-06-23T14:22:38.725000+00:00,24.1,40.3,62.0,1001.2,0,1.8,280
2960,9539,2024-06-23T14:24:38.725000+00:00,24.0,39.9,62.0,1001.1,0,1.0,97
2961,9539,2024-06-23T14:26:38.724000+00:00,23.8,39.6,63.0,1001.1,0,1.2,115
2962,9539,2024-06-23T14:28:38.735000+00:00,23.9,39.1,62.0,1001.1,0,1.0,95
2963,9539,2024-06-23T14:30:38.724000+00:00,23.7,41.6,63.0,1001.0,0,0.9,49
2964,9539,2024-06-23T14:32:38.726000+00:00,24.0,41.9,61.0,1001.0,0,1.3,81
2965,9539,2024-06-23T14:34:38.740000+00:00,24.3,42.8,60.0,1001.1,0,1.2,282
2966,9539,2024-06-23T14:36:38.734000+00:00,24.0,41.4,61.0,1001.0,0,1.4,244
2967,9539,2024-06-23T14:38:38.735000+00:00,23.7,40.3,62.0,1001.1,0,2.1,259
2968,9549,2024-06-29T09:18:23.479000+00:00,26.1,39.0,54.0,941.7,0,0.7,114
2969,9549,2024-06-29T09:20:23.442000+00:00,26.3,38.8,54.0,941.7,0,0.3,260
2970,9549,2024-06-29T09:22:23.446000+00:00,26.5,40.3,54.0,941.7,0,1.1,305
2971,9549,2024-06-29T09:24:23.455000+00:00,26.6,40.4,53.0,941.8,0,0.4,280
2972,9549,2024-06-29T09:26:23.481000+00:00,26.8,40.3,53.0,941.7,0,1.0,301
2973,9549,2024-06-29T09:28:23.536000+00:00,26.8,40.7,54.0,941.6,0,0.8,262
2974,9549,2024-06-29T09:30:23.495000+00:00,27.0,39.7,54.0,941.6,0,0.6,13
2975,9549,2024-06-29T09:32:23.512000+00:00,26.9,40.5,55.0,941.6,0,0.9,0
2976,9549,2024-06-29T09:34:23.538000+00:00,27.1,41.1,53.0,941.5,0,1.2,0
2977,9549,2024-06-29T09:36:23.538000+00:00,27.3,41.4,53.0,941.6,0,1.1,291
2978,9549,2024-06-29T09:38:23.569000+00:00,27.4,40.9,54.0,941.5,0,1.3,327
2979,9549,2024-06-29T09:40:23.593000+00:00,27.5,41.4,54.0,941.6,0,0.3,322
2980,9549,2024-06-29T09:42:23.595000+00:00,27.5,42.1,50.0,941.6,0,1.1,266
2981,9549,2024-06-29T09:44:23.588000+00:00,27.8,42.4,48.0,941.6,0,1.2,275
2982,9549,2024-06-29T09:46:23.621000+00:00,27.8,42.5,46.0,941.5,0,1.3,272
2983,9549,2024-06-29T09:48:23.636000+00:00,27.9,42.7,45.0,941.5,0,1.0,281
2984,9549,2024-06-29T09:50:23.646000+00:00,28.0,42.4,46.0,941.5,0,1.1,271
2985,9549,2024-06-29T09:52:23.662000+00:00,28.0,42.3,47.0,941.5,0,1.3,278
2986,9549,2024-06-29T09:54:23.659000+00:00,28.1,42.6,47.0,941.4,0,1.4,285
2987,9549,2024-06-29T09:56:23.683000+00:00,28.3,42.9,47.0,941.3,0,0.8,0
2988,9549,2024-06-29T09:58:23.691000+00:00,28.4,43.1,47.0,941.4,0,1.2,276
2989,9549,2024-06-29T10:00:23.698000+00:00,28.4,42.5,46.0,941.4,0,0.6,0
2990,9549,2024-06-29T10:02:23.696000+00:00,28.4,43.2,48.0,941.3,0,0.5,19
2991,9549,2024-06-29T10:04:23.699000+00:00,28.5,43.1,47.0,941.3,0,1.2,2
2992,9549,2024-06-29T10:06:23.727000+00:00,28.5,43.7,46.0,941.3,0,0.7,288
2993,9549,2024-06-29T10:08:23.722000+00:00,28.7,43.0,46.0,941.3,0,1.3,237
2994,9549,2024-06-29T10:10:23.739000+00:00,29.0,44.4,46.0,941.1,0,1.4,151
2995,9549,2024-06-29T10:12:23.738000+00:00,29.0,44.1,45.0,941.1,0,1.0,241
2996,9549,2024-06-29T10:14:23.740000+00:00,29.0,44.5,44.0,941.2,0,0.5,0
2997,9549,2024-06-29T10:16:23.745000+00:00,29.0,44.3,42.0,941.1,0,0.8,35
2998,9549,2024-06-29T10:18:23.735000+00:00,29.2,44.7,43.0,941.1,0,1.9,126
2999,9549,2024-06-29T10:20:23.738000+00:00,29.5,44.8,41.0,941.1,0,1.5,114
3000,9549,2024-06-29T10:22:23.738000+00:00,29.4,45.1,41.0,941.1,0,2.5,95
3001,9549,2024-06-29T10:24:23.750000+00:00,29.3,44.5,41.0,941.2,0,0.9,124
3002,9549,2024-06-29T10:26:23.741000+00:00,29.4,43.9,41.0,941.1,0,1.1,196
3003,9549,2024-06-29T10:28:23.830000+00:00,29.5,44.7,41.0,941.1,0,1.2,341
3004,9549,2024-06-29T10:30:23.846000+00:00,29.6,44.5,41.0,941.0,0,1.2,36
3005,9549,2024-06-29T10:32:23.855000+00:00,29.5,45.4,42.0,941.1,0,2.0,273
3006,9549,2024-06-29T10:34:23.880000+00:00,29.5,45.4,40.0,941.0,0,1.5,40
3007,9550,2024-06-30T12:08:30.947000+00:00,29.1,46.2,36.0,932.9,0,1.8,272
3008,9550,2024-06-30T12:10:30.954000+00:00,29.0,45.5,36.0,932.9,0,1.7,235
3009,9550,2024-06-30T12:12:30.957000+00:00,28.9,45.2,36.0,933.0,0,2.2,318
3010,9550,2024-06-30T12:14:30.952000+00:00,28.8,45.8,36.0,932.9,0,1.8,313
3011,9550,2024-06-30T12:16:30.953000+00:00,28.8,46.1,35.0,932.9,0,2.0,295
3012,9550,2024-06-30T12:18:30.962000+00:00,28.9,46.5,36.0,932.9,0,2.4,38
3013,9550,2024-06-30T12:20:30.957000+00:00,29.0,46.5,36.0,932.8,0,1.9,329
3014,9550,2024-06-30T12:22:30.966000+00:00,29.1,46.8,36.0,932.9,0,2.4,350
3015,9550,2024-06-30T12:24:30.977000+00:00,29.1,47.0,36.0,932.7,0,2.3,272
3016,9550,2024-06-30T12:26:31.015000+00:00,29.2,46.5,35.0,932.8,0,2.0,321
3017,9550,2024-06-30T12:28:31.011000+00:00,29.2,46.5,36.0,932.8,0,1.8,320
3018,9550,2024-06-30T12:30:31.014000+00:00,29.1,46.5,36.0,932.9,0,1.8,317
3019,9550,2024-06-30T12:32:31.018000+00:00,29.0,46.7,36.0,932.9,0,1.7,5
3020,9550,2024-06-30T12:34:31.029000+00:00,29.0,46.9,35.0,932.8,0,1.8,312
3021,9550,2024-06-30T12:36:31.064000+00:00,29.0,46.5,36.0,932.8,0,2.6,335
3022,9550,2024-06-30T12:38:31.061000+00:00,29.1,46.2,37.0,932.8,0,2.3,322
3023,9550,2024-06-30T12:40:31.085000+00:00,29.1,47.3,36.0,932.7,0,2.1,10
3024,9550,2024-06-30T12:42:31.104000+00:00,29.0,46.8,36.0,932.8,0,1.3,331
3025,9550,2024-06-30T12:44:31.107000+00:00,28.9,46.6,36.0,932.9,0,2.6,329
3026,9550,2024-06-30T12:46:31.100000+00:00,28.7,46.2,37.0,933.0,0,1.9,334
3027,9550,2024-06-30T12:48:31.104000+00:00,28.6,46.2,37.0,932.8,1,2.2,6
3028,9550,2024-06-30T12:50:31.100000+00:00,28.7,46.0,37.0,932.8,0,1.8,346
3029,9550,2024-06-30T12:52:31.110000+00:00,28.8,47.2,36.0,932.9,0,2.3,317
3030,9550,2024-06-30T12:54:31.098000+00:00,28.8,47.7,36.0,932.9,0,2.1,59
3031,9550,2024-06-30T12:56:31.105000+00:00,28.8,47.6,37.0,932.9,0,2.4,336
3032,9550,2024-06-30T12:58:31.125000+00:00,28.9,47.7,36.0,933.0,0,1.4,307
3033,9550,2024-06-30T13:00:31.116000+00:00,29.1,47.0,36.0,933.0,0,2.6,285
3034,9550,2024-06-30T13:02:31.114000+00:00,28.9,46.5,36.0,933.0,0,1.9,14
3035,9550,2024-06-30T13:04:31.111000+00:00,28.9,47.3,36.0,933.0,0,1.7,268
3036,9550,2024-06-30T13:06:31.129000+00:00,29.2,48.1,35.0,933.0,0,1.6,359
3037,9550,2024-06-30T13:08:31.156000+00:00,29.4,48.2,35.0,933.0,0,1.3,110
3038,9550,2024-06-30T13:10:31.184000+00:00,29.5,48.4,34.0,932.9,0,1.2,283
3039,9550,2024-06-30T13:12:31.189000+00:00,29.5,48.7,35.0,932.9,0,1.5,292
3040,9550,2024-06-30T13:14:31.176000+00:00,29.6,48.7,35.0,932.9,0,1.1,113
3041,9550,2024-06-30T13:16:31.207000+00:00,29.7,48.7,34.0,932.8,0,2.4,43
3042,9550,2024-06-30T13:18:31.245000+00:00,29.5,48.0,34.0,932.9,0,1.1,10
3043,9550,2024-06-30T13:20:31.250000+00:00,29.6,48.6,34.0,932.9,0,1.5,100
3044,9550,2024-06-30T13:22:31.251000+00:00,29.7,48.1,34.0,932.8,0,1.6,14
3045,9550,2024-06-30T13:24:31.246000+00:00,29.8,47.8,34.0,932.9,0,1.8,353
3046,9550,2024-06-30T13:26:31.257000+00:00,29.7,47.8,35.0,932.9,0,1.2,41
3047,9550,2024-06-30T13:28:31.263000+00:00,29.6,48.3,35.0,933.0,0,0.9,318
3048,9550,2024-06-30T13:30:31.263000+00:00,29.7,47.3,34.0,932.9,0,1.4,208
3049,9550,2024-06-30T13:32:31.261000+00:00,29.9,47.3,35.0,932.8,0,0.9,73
3050,9550,2024-06-30T13:34:31.255000+00:00,30.0,47.1,35.0,932.9,0,1.3,323
3051,9550,2024-06-30T13:36:31.270000+00:00,30.0,46.5,35.0,933.0,0,1.8,280
3052,9550,2024-06-30T13:38:31.268000+00:00,29.8,45.0,35.0,932.9,0,1.3,283
3053,9550,2024-06-30T13:40:31.272000+00:00,29.6,44.8,36.0,933.0,0,1.5,319
3054,9550,2024-06-30T13:42:31.270000+00:00,29.6,44.2,37.0,932.8,0,1.1,81
3055,9550,2024-06-30T13:44:31.277000+00:00,29.6,44.7,35.0,932.9,0,0.9,119
3056,9550,2024-06-30T13:46:31.304000+00:00,29.8,46.0,34.0,932.8,0,1.2,331
3057,9550,2024-06-30T13:48:31.302000+00:00,30.0,47.3,35.0,932.8,0,1.6,284
3058,9550,2024-06-30T13:50:31.376000+00:00,30.2,48.0,35.0,933.0,0,0.8,46
3059,9550,2024-06-30T13:52:31.340000+00:00,30.4,47.8,33.0,932.8,0,2.2,321
3060,9550,2024-06-30T13:54:31.335000+00:00,30.6,47.6,33.0,932.9,0,2.8,307
3061,9550,2024-06-30T13:56:31.331000+00:00,30.4,45.8,32.0,932.9,0,0.9,8
3062,9550,2024-06-30T13:58:31.352000+00:00,30.0,44.6,33.0,932.9,0,2.3,199
3063,9550,2024-06-30T14:00:31.360000+00:00,29.5,44.9,33.0,932.9,0,1.2,60
3064,9550,2024-06-30T14:02:31.378000+00:00,29.5,45.5,33.0,932.8,0,0.9,82
3065,9550,2024-06-30T14:04:31.379000+00:00,29.6,44.7,33.0,932.8,0,1.0,336
3066,9550,2024-06-30T14:06:31.397000+00:00,29.6,44.0,33.0,932.9,0,1.1,310
3067,9550,2024-06-30T14:08:31.407000+00:00,29.5,43.8,34.0,932.8,0,1.7,284
3068,9550,2024-06-30T14:10:31.417000+00:00,29.4,43.7,35.0,932.8,0,0.5,168
3069,9550,2024-06-30T14:12:31.419000+00:00,29.6,45.0,35.0,932.7,0,1.1,139
3070,9550,2024-06-30T14:14:31.420000+00:00,29.8,45.9,35.0,932.8,0,1.2,312
3071,9550,2024-06-30T14:16:31.415000+00:00,30.0,45.6,35.0,932.8,0,1.3,146
3072,9550,2024-06-30T14:18:31.415000+00:00,30.1,46.2,34.0,932.8,0,1.4,336
3073,9550,2024-06-30T14:20:31.416000+00:00,30.0,46.2,34.0,932.8,0,1.7,214
3074,9550,2024-06-30T14:22:31.421000+00:00,29.9,46.0,34.0,932.8,0,3.3,257
3075,9550,2024-06-30T14:24:31.418000+00:00,29.8,45.1,34.0,932.9,0,3.6,274
3076,9550,2024-06-30T14:26:31.427000+00:00,29.6,43.8,35.0,932.7,0,1.1,284
3077,9550,2024-06-30T14:28:31.422000+00:00,29.6,43.5,34.0,932.8,0,1.0,329
3078,9550,2024-06-30T14:30:31.430000+00:00,29.2,43.4,35.0,932.8,0,1.5,295
3079,9558,2024-07-07T13:05:02.119000+00:00,15.9,28.1,67.0,991.8,0,2.2,226
3080,9558,2024-07-07T13:07:02.122000+00:00,15.9,27.0,65.0,991.7,0,1.4,291
3081,9558,2024-07-07T13:09:02.125000+00:00,15.9,31.0,64.0,991.8,0,1.9,225
3082,9558,2024-07-07T13:11:02.102000+00:00,15.8,31.3,64.0,991.9,1,2.0,206
3083,9558,2024-07-07T13:13:02.111000+00:00,15.8,26.5,68.0,991.8,1,1.0,254
3084,9558,2024-07-07T13:15:02.145000+00:00,15.7,26.6,70.0,991.9,1,0.7,0
3085,9558,2024-07-07T13:17:02.146000+00:00,15.5,26.5,71.0,991.9,1,0.7,224
3086,9558,2024-07-07T13:19:02.145000+00:00,15.4,29.4,73.0,992.0,1,0.6,238
3087,9558,2024-07-07T13:21:02.176000+00:00,15.3,32.2,73.0,991.9,1,0.9,97
3088,9558,2024-07-07T13:23:02.171000+00:00,15.3,34.7,74.0,991.8,0,0.5,101
3089,9558,2024-07-07T13:25:02.188000+00:00,15.6,35.2,72.0,991.9,0,0.7,255
3090,9558,2024-07-07T13:27:02.229000+00:00,15.9,36.4,73.0,991.9,1,0.7,261
3091,9558,2024-07-07T13:29:02.220000+00:00,16.1,36.4,66.0,991.8,0,1.4,218
3092,9558,2024-07-07T13:31:02.218000+00:00,16.3,33.1,65.0,991.8,0,1.2,132
3093,9558,2024-07-07T13:33:02.252000+00:00,16.3,31.5,65.0,991.9,0,0.9,7
3094,9558,2024-07-07T13:35:02.291000+00:00,16.4,36.9,65.0,991.9,0,2.2,263
3095,9558,2024-07-07T13:37:02.311000+00:00,16.4,35.4,61.0,992.0,0,1.8,222
3096,9558,2024-07-07T13:39:02.328000+00:00,16.1,35.2,63.0,991.9,0,1.0,222
3097,9558,2024-07-07T13:41:02.331000+00:00,16.2,35.2,65.0,992.0,0,0.8,3
3098,9558,2024-07-07T13:43:02.347000+00:00,16.3,37.2,65.0,992.0,0,1.2,194
3099,9558,2024-07-07T13:45:02.368000+00:00,16.1,36.5,66.0,991.9,0,1.0,245
3100,9558,2024-07-07T13:47:02.351000+00:00,16.1,36.8,64.0,992.0,0,1.1,260
3101,9558,2024-07-07T13:49:02.358000+00:00,16.0,37.3,64.0,991.9,0,1.6,0
3102,9558,2024-07-07T13:51:02.376000+00:00,16.2,37.9,64.0,992.0,0,0.8,238
3103,9558,2024-07-07T13:53:02.400000+00:00,16.3,33.2,64.0,991.9,0,0.4,270
3104,9558,2024-07-07T13:55:02.420000+00:00,16.3,33.0,63.0,991.9,0,0.8,209
3105,9558,2024-07-07T13:57:02.424000+00:00,16.2,33.0,64.0,992.0,0,0.9,215
3106,9558,2024-07-07T13:59:02.452000+00:00,16.1,33.0,64.0,992.0,0,1.7,243
3107,9558,2024-07-07T14:01:02.472000+00:00,16.1,33.0,64.0,992.0,0,2.0,233
3108,9558,2024-07-07T14:03:02.496000+00:00,16.1,33.0,64.0,992.0,0,1.6,275
3109,9558,2024-07-07T14:05:02.495000+00:00,16.2,33.0,61.0,991.9,0,1.8,249
3110,9558,2024-07-07T14:07:02.521000+00:00,16.3,24.3,61.0,992.0,0,1.9,237
3111,9558,2024-07-07T14:09:02.537000+00:00,16.2,24.0,60.0,992.0,0,2.2,243
3112,9558,2024-07-07T14:11:02.553000+00:00,16.2,24.3,61.0,992.0,0,2.1,248
3113,9558,2024-07-07T14:13:02.567000+00:00,16.4,25.8,60.0,992.0,0,2.4,241
3114,9558,2024-07-07T14:15:02.580000+00:00,16.5,26.1,61.0,992.0,0,2.0,320
3115,9558,2024-07-07T14:17:02.563000+00:00,16.8,25.7,61.0,992.0,0,1.5,208
3116,9558,2024-07-07T14:19:02.593000+00:00,16.8,25.4,60.0,991.9,0,2.0,243
3117,9558,2024-07-07T14:21:02.585000+00:00,16.7,25.2,61.0,991.8,0,2.1,205
3118,9558,2024-07-07T14:23:02.622000+00:00,16.6,24.8,59.0,991.9,0,2.1,211
3119,9558,2024-07-07T14:25:02.674000+00:00,16.5,24.6,59.0,992.0,0,1.9,187
3120,9558,2024-07-07T14:27:02.655000+00:00,16.5,24.3,60.0,991.9,0,1.4,266
3121,9558,2024-07-07T14:29:02.669000+00:00,16.5,24.3,61.0,992.1,0,1.5,276
3122,9558,2024-07-07T14:31:02.667000+00:00,16.4,23.2,63.0,992.0,1,1.5,103
3123,9558,2024-07-07T14:33:02.676000+00:00,16.1,22.5,67.0,992.2,1,0.7,230
3124,9558,2024-07-07T14:35:02.692000+00:00,15.6,22.1,69.0,992.2,1,1.6,229
3125,9558,2024-07-07T14:37:02.742000+00:00,15.2,22.0,68.0,992.1,1,0.7,266
3126,9558,2024-07-07T14:39:02.719000+00:00,15.1,21.9,68.0,992.2,1,0.8,169
3127,9558,2024-07-07T14:41:02.728000+00:00,15.1,22.0,69.0,992.2,1,0.8,267
3128,9558,2024-07-07T14:43:02.777000+00:00,15.1,21.5,68.0,992.2,1,0.9,116
3129,9558,2024-07-07T14:45:02.781000+00:00,15.1,21.2,68.0,992.3,1,0.6,267
3130,9558,2024-07-07T14:47:02.797000+00:00,15.0,21.0,69.0,992.4,1,0.9,236
3131,9558,2024-07-07T14:49:02.825000+00:00,14.9,20.7,70.0,992.5,1,0.9,240
3132,9558,2024-07-07T14:51:02.829000+00:00,14.8,20.7,73.0,992.4,1,1.7,207
3133,9558,2024-07-07T14:53:02.824000+00:00,14.6,20.7,73.0,992.5,1,1.7,230
3134,9558,2024-07-07T14:55:02.871000+00:00,14.5,20.7,74.0,992.5,1,1.4,224
3135,9558,2024-07-07T14:57:02.893000+00:00,14.6,21.2,76.0,992.6,1,1.6,221
3136,9558,2024-07-07T14:59:02.914000+00:00,14.5,21.2,75.0,992.6,1,1.4,253
3137,9558,2024-07-07T15:01:02.923000+00:00,14.5,21.4,76.0,992.5,1,1.2,232
3138,9558,2024-07-07T15:03:02.935000+00:00,14.6,23.8,77.0,992.5,1,1.8,242
3139,9558,2024-07-07T15:05:02.943000+00:00,14.6,24.6,78.0,992.5,0,1.4,245
3140,9558,2024-07-07T15:07:02.959000+00:00,15.1,24.4,74.0,992.6,0,0.8,196
3141,9558,2024-07-07T15:09:02.978000+00:00,15.3,24.2,76.0,992.5,0,1.1,216
3142,9558,2024-07-07T15:11:02.996000+00:00,15.2,25.0,75.0,992.5,0,1.4,289
3143,9558,2024-07-07T15:13:03.028000+00:00,15.4,24.5,72.0,992.5,1,2.0,215
3144,9558,2024-07-07T15:15:03.048000+00:00,15.5,25.0,73.0,992.5,0,2.0,243
3145,9558,2024-07-07T15:17:03.029000+00:00,15.6,24.9,69.0,992.5,0,0.9,103
3146,9558,2024-07-07T15:19:03.080000+00:00,15.7,25.2,71.0,992.5,0,1.2,232
3147,9558,2024-07-07T15:21:03.104000+00:00,15.8,25.2,69.0,992.4,0,1.8,222
3148,9558,2024-07-07T15:23:03.118000+00:00,15.9,25.5,69.0,992.5,0,1.4,230
3149,9558,2024-07-07T15:25:03.120000+00:00,15.8,25.2,69.0,992.5,0,0.7,241
3150,9558,2024-07-07T15:27:03.155000+00:00,15.8,24.8,69.0,992.4,0,2.1,224
3151,9558,2024-07-07T15:29:03.195000+00:00,15.9,26.1,71.0,992.4,0,1.0,222
3152,9558,2024-07-07T15:31:03.204000+00:00,16.0,26.2,68.0,992.4,0,1.6,291
3153,9566,2024-07-21T12:08:51.323000+00:00,27.4,43.7,51.0,982.0,0,1.0,333
3154,9566,2024-07-21T12:10:51.355000+00:00,27.5,46.0,51.0,982.0,0,1.6,306
3155,9566,2024-07-21T12:12:51.377000+00:00,27.4,45.4,51.0,982.0,0,1.9,325
3156,9566,2024-07-21T12:14:51.356000+00:00,27.5,45.8,52.0,982.0,0,1.3,313
3157,9566,2024-07-21T12:16:51.374000+00:00,27.6,46.0,52.0,982.0,0,1.6,268
3158,9566,2024-07-21T12:18:51.413000+00:00,27.7,46.9,51.0,982.0,0,0.8,336
3159,9566,2024-07-21T12:20:51.423000+00:00,27.7,47.4,50.0,981.9,0,1.6,330
3160,9566,2024-07-21T12:22:51.449000+00:00,27.6,44.0,50.0,981.9,0,2.4,357
3161,9566,2024-07-21T12:24:51.444000+00:00,27.7,45.6,51.0,982.0,0,1.1,250
3162,9566,2024-07-21T12:26:51.443000+00:00,27.8,47.3,51.0,982.0,0,0.5,236
3163,9566,2024-07-21T12:28:51.447000+00:00,28.1,47.2,50.0,981.9,0,1.4,268
3164,9566,2024-07-21T12:30:51.445000+00:00,28.3,47.7,49.0,981.9,0,0.7,268
3165,9566,2024-07-21T12:32:51.450000+00:00,28.3,49.7,51.0,981.8,0,1.3,355
3166,9566,2024-07-21T12:34:51.448000+00:00,28.2,47.0,49.0,981.9,0,1.6,328
3167,9566,2024-07-21T12:36:51.449000+00:00,28.1,40.7,48.0,981.8,0,1.3,5
3168,9566,2024-07-21T12:38:51.451000+00:00,28.0,42.7,49.0,981.9,0,1.5,311
3169,9566,2024-07-21T12:40:51.452000+00:00,28.0,40.8,48.0,981.8,0,1.4,304
3170,9566,2024-07-21T12:42:51.457000+00:00,28.0,43.7,48.0,981.7,0,1.3,298
3171,9566,2024-07-21T12:44:51.457000+00:00,28.1,43.5,48.0,981.8,0,1.0,355
3172,9566,2024-07-21T12:46:51.456000+00:00,28.4,44.5,47.0,981.8,0,1.0,9
3173,9566,2024-07-21T12:48:51.469000+00:00,28.3,44.8,46.0,981.8,0,1.8,198
3174,9566,2024-07-21T12:50:51.460000+00:00,28.1,40.7,47.0,981.7,0,1.9,3
3175,9566,2024-07-21T12:52:51.463000+00:00,28.1,42.1,48.0,981.8,0,1.4,347
3176,9566,2024-07-21T12:54:51.466000+00:00,28.2,43.6,48.0,981.8,0,1.2,309
3177,9566,2024-07-21T12:56:51.464000+00:00,28.5,43.6,46.0,981.8,0,1.5,316
3178,9566,2024-07-21T12:58:51.466000+00:00,28.5,42.9,46.0,981.8,0,1.0,265
3179,9566,2024-07-21T13:00:51.455000+00:00,28.5,43.3,48.0,981.8,0,0.7,251
3180,9566,2024-07-21T13:02:51.473000+00:00,28.9,45.5,45.0,981.7,0,0.4,5
3181,9566,2024-07-21T13:04:51.459000+00:00,29.0,44.6,45.0,981.7,0,1.9,191
3182,9566,2024-07-21T13:06:51.472000+00:00,29.0,45.2,46.0,981.7,0,1.1,316
3183,9566,2024-07-21T13:08:51.475000+00:00,28.8,46.8,45.0,981.6,0,1.5,36
3184,9566,2024-07-21T13:10:51.474000+00:00,28.9,46.7,46.0,981.6,0,1.3,313
3185,9566,2024-07-21T13:12:51.486000+00:00,28.9,47.5,46.0,981.6,0,1.6,195
3186,9566,2024-07-21T13:14:51.477000+00:00,28.8,46.8,46.0,981.6,0,1.9,187
3187,9566,2024-07-21T13:16:51.485000+00:00,28.9,46.2,48.0,981.5,0,1.5,232
3188,9566,2024-07-21T13:18:51.487000+00:00,29.0,43.9,47.0,981.5,0,0.6,192
3189,9566,2024-07-21T13:20:51.481000+00:00,28.9,42.9,48.0,981.5,0,0.7,291
3190,9566,2024-07-21T13:22:51.491000+00:00,28.8,44.1,48.0,981.6,0,1.8,303
3191,9566,2024-07-21T13:24:51.486000+00:00,28.9,42.7,48.0,981.5,0,1.2,0
3192,9566,2024-07-21T13:26:51.493000+00:00,28.9,44.4,48.0,981.6,0,0.7,185
3193,9566,2024-07-21T13:28:51.487000+00:00,29.0,45.1,47.0,981.4,0,1.1,180
3194,9566,2024-07-21T13:30:51.495000+00:00,29.3,44.5,47.0,981.4,0,1.4,318
3195,9566,2024-07-21T13:32:51.537000+00:00,29.2,43.6,46.0,981.5,0,1.1,43
3196,9566,2024-07-21T13:34:51.561000+00:00,29.2,42.3,46.0,981.5,0,0.6,247
3197,9566,2024-07-21T13:36:51.591000+00:00,29.1,41.0,47.0,981.5,0,0.9,226
3198,9566,2024-07-21T13:38:51.623000+00:00,28.9,40.8,47.0,981.5,0,0.6,231
3199,9566,2024-07-21T13:40:51.656000+00:00,28.7,40.5,48.0,981.6,0,1.6,225
3200,9566,2024-07-21T13:42:51.689000+00:00,28.6,41.0,48.0,981.6,0,1.5,28
3201,9566,2024-07-21T13:44:51.718000+00:00,28.7,40.8,47.0,981.5,0,0.8,340
3202,9566,2024-07-21T13:46:51.738000+00:00,28.6,40.4,47.0,981.5,0,0.6,354
3203,9566,2024-07-21T13:48:51.741000+00:00,28.7,40.9,46.0,981.6,0,0.4,169
3204,9566,2024-07-21T13:50:51.756000+00:00,28.9,41.6,47.0,981.6,0,1.1,268
3205,9566,2024-07-21T13:52:51.755000+00:00,29.3,43.8,47.0,981.6,0,1.2,302
3206,9566,2024-07-21T13:54:51.761000+00:00,29.4,44.5,44.0,981.5,0,1.2,345
3207,9566,2024-07-21T13:56:51.774000+00:00,29.4,45.6,45.0,981.5,0,1.0,184
3208,9566,2024-07-21T13:58:51.826000+00:00,29.5,46.3,45.0,981.6,0,1.2,185
3209,9566,2024-07-21T14:00:51.839000+00:00,29.7,46.2,44.0,981.6,0,1.1,342
3210,9566,2024-07-21T14:02:51.856000+00:00,29.8,46.6,47.0,981.6,0,1.3,199
3211,9566,2024-07-21T14:04:51.857000+00:00,29.6,46.6,45.0,981.6,0,0.8,0
3212,9566,2024-07-21T14:06:51.863000+00:00,29.6,47.0,45.0,981.6,0,1.7,273
3213,9566,2024-07-21T14:08:51.876000+00:00,29.7,46.6,45.0,981.7,0,1.7,183
3214,9566,2024-07-21T14:10:51.894000+00:00,29.5,45.1,46.0,981.6,0,2.1,195
3215,9566,2024-07-21T14:12:51.898000+00:00,29.3,46.1,46.0,981.6,0,1.2,157
3216,9566,2024-07-21T14:14:51.930000+00:00,29.2,46.4,45.0,981.6,0,1.4,151
3217,9566,2024-07-21T14:16:51.955000+00:00,29.1,44.9,45.0,981.6,0,1.5,172
3218,9566,2024-07-21T14:18:51.946000+00:00,29.1,45.1,44.0,981.6,0,1.5,175
3219,9566,2024-07-21T14:20:51.970000+00:00,29.0,43.9,45.0,981.5,0,1.4,168
3220,9566,2024-07-21T14:22:51.981000+00:00,29.3,45.4,45.0,981.6,0,1.2,356
3221,9566,2024-07-21T14:24:52.017000+00:00,29.4,46.3,45.0,981.6,0,1.4,226
3222,9566,2024-07-21T14:26:52.030000+00:00,29.7,46.4,45.0,981.6,0,0.8,178
3223,9566,2024-07-21T14:28:52.037000+00:00,29.8,46.9,46.0,981.5,0,1.6,305
3224,9566,2024-07-21T14:30:52.032000+00:00,30.1,46.7,44.0,981.5,0,0.6,179
3225,9566,2024-07-21T14:32:52.033000+00:00,30.1,47.6,44.0,981.5,0,1.9,23
3226,9566,2024-07-21T14:34:52.035000+00:00,30.0,48.2,44.0,981.5,0,0.6,204
3227,9566,2024-07-21T14:36:52.036000+00:00,30.0,48.2,43.0,981.5,0,0.4,120
3228,9566,2024-07-21T14:38:52.037000+00:00,30.3,48.1,42.0,981.5,0,1.2,350
3229,9566,2024-07-21T14:40:52.040000+00:00,30.1,47.6,44.0,981.5,0,1.5,200
3230,9566,2024-07-21T14:42:52.041000+00:00,30.0,47.9,44.0,981.5,0,1.4,289
3231,9574,2024-07-28T12:08:52.029000+00:00,21.0,42.1,52.0,978.1,0,0.5,217
3232,9574,2024-07-28T12:10:52.024000+00:00,20.6,42.2,52.0,978.0,0,0.7,284
3233,9574,2024-07-28T12:12:52.034000+00:00,20.7,41.1,51.0,978.1,0,1.2,13
3234,9574,2024-07-28T12:14:52.029000+00:00,20.8,40.5,50.0,978.1,0,1.8,21
3235,9574,2024-07-28T12:16:52.069000+00:00,20.9,40.1,51.0,978.2,0,1.3,314
3236,9574,2024-07-28T12:18:52.085000+00:00,21.0,40.9,51.0,978.2,0,1.2,203
3237,9574,2024-07-28T12:20:52.075000+00:00,20.8,41.5,51.0,978.0,0,0.9,177
3238,9574,2024-07-28T12:22:52.104000+00:00,20.9,41.8,51.0,978.0,0,1.4,152
3239,9574,2024-07-28T12:24:52.122000+00:00,21.0,41.9,53.0,978.1,0,1.2,349
3240,9574,2024-07-28T12:26:52.120000+00:00,21.1,42.4,49.0,978.2,0,2.4,345
3241,9574,2024-07-28T12:28:52.127000+00:00,21.3,42.4,51.0,978.2,0,1.0,15
3242,9574,2024-07-28T12:30:52.129000+00:00,21.4,42.3,50.0,978.2,0,0.8,345
3243,9574,2024-07-28T12:32:52.127000+00:00,21.4,42.4,52.0,978.1,0,0.8,258
3244,9574,2024-07-28T12:34:52.122000+00:00,21.2,42.6,52.0,978.1,0,1.8,6
3245,9574,2024-07-28T12:36:52.132000+00:00,21.0,42.6,51.0,978.2,0,1.3,358
3246,9574,2024-07-28T12:38:52.133000+00:00,20.7,40.1,51.0,978.2,0,1.7,19
3247,9574,2024-07-28T12:40:52.128000+00:00,20.6,39.7,52.0,978.2,0,0.8,223
3248,9574,2024-07-28T12:42:52.139000+00:00,21.0,41.6,51.0,978.3,0,0.9,348
3249,9574,2024-07-28T12:44:52.139000+00:00,21.0,40.2,51.0,978.3,0,1.6,22
3250,9574,2024-07-28T12:46:52.134000+00:00,20.7,39.1,52.0,978.1,0,2.0,329
3251,9574,2024-07-28T12:48:52.139000+00:00,20.8,38.0,51.0,978.2,0,2.3,352
3252,9574,2024-07-28T12:50:52.139000+00:00,20.8,37.7,51.0,978.2,0,2.2,29
3253,9574,2024-07-28T12:52:52.145000+00:00,20.9,39.5,51.0,978.2,0,1.6,17
3254,9574,2024-07-28T12:54:52.148000+00:00,21.0,40.9,52.0,978.2,0,1.1,15
3255,9574,2024-07-28T12:56:52.140000+00:00,21.1,42.0,49.0,978.2,0,2.9,34
3256,9574,2024-07-28T12:58:52.200000+00:00,20.9,42.0,50.0,978.2,0,2.6,3
3257,9574,2024-07-28T13:00:52.142000+00:00,20.9,42.4,50.0,978.1,0,1.6,31
3258,9574,2024-07-28T13:02:52.179000+00:00,20.9,42.3,49.0,978.1,0,2.2,33
3259,9574,2024-07-28T13:04:52.195000+00:00,21.0,42.6,49.0,978.2,0,1.3,321
3260,9574,2024-07-28T13:06:52.210000+00:00,21.0,42.4,48.0,978.1,0,1.8,311
3261,9574,2024-07-28T13:08:52.233000+00:00,21.2,42.6,49.0,978.2,0,1.2,149
3262,9574,2024-07-28T13:10:52.260000+00:00,21.3,42.7,48.0,978.2,0,2.2,8
3263,9574,2024-07-28T13:12:52.268000+00:00,21.0,42.4,49.0,978.2,0,1.2,3
3264,9574,2024-07-28T13:14:52.291000+00:00,21.3,42.7,50.0,978.3,0,1.1,287
3265,9574,2024-07-28T13:16:52.286000+00:00,21.4,42.6,49.0,978.0,0,0.6,342
3266,9574,2024-07-28T13:18:52.323000+00:00,21.5,42.9,48.0,978.0,0,2.9,359
3267,9574,2024-07-28T13:20:52.330000+00:00,21.5,43.1,48.0,978.0,0,2.9,12
3268,9574,2024-07-28T13:22:52.373000+00:00,21.4,43.3,49.0,977.9,0,1.9,40
3269,9574,2024-07-28T13:24:52.411000+00:00,21.4,42.9,50.0,978.1,0,3.2,40
3270,9574,2024-07-28T13:26:52.388000+00:00,21.6,42.9,52.0,978.1,0,2.0,328
3271,9574,2024-07-28T13:28:52.384000+00:00,21.6,42.6,50.0,978.1,0,2.2,0
3272,9574,2024-07-28T13:30:52.406000+00:00,21.7,43.0,50.0,978.1,0,1.1,21
3273,9574,2024-07-28T13:32:52.422000+00:00,21.8,42.8,48.0,978.1,0,1.5,319
3274,9574,2024-07-28T13:34:52.424000+00:00,21.9,43.3,49.0,978.1,0,1.2,192
3275,9574,2024-07-28T13:36:52.424000+00:00,22.0,43.3,50.0,978.0,0,1.7,49
3276,9574,2024-07-28T13:38:52.424000+00:00,22.0,42.8,47.0,978.0,0,1.4,147
3277,9574,2024-07-28T13:40:52.423000+00:00,21.6,42.7,48.0,977.8,0,1.0,46
3278,9574,2024-07-28T13:42:52.423000+00:00,21.7,43.4,48.0,978.0,0,1.7,270
3279,9574,2024-07-28T13:44:52.433000+00:00,21.8,43.5,47.0,978.0,0,0.8,320
3280,9574,2024-07-28T13:46:52.502000+00:00,21.8,43.5,48.0,978.0,0,2.1,0
3281,9574,2024-07-28T13:48:52.436000+00:00,21.6,43.5,49.0,978.0,0,1.3,338
3282,9574,2024-07-28T13:50:52.438000+00:00,21.6,44.1,50.0,978.0,0,1.4,36
3283,9574,2024-07-28T13:52:52.429000+00:00,21.9,43.5,50.0,978.0,0,1.9,6
3284,9574,2024-07-28T13:54:52.437000+00:00,21.7,43.5,49.0,978.0,0,2.2,250
3285,9574,2024-07-28T13:56:52.436000+00:00,21.3,43.7,49.0,978.0,0,1.9,16
3286,9574,2024-07-28T13:58:52.446000+00:00,21.5,44.0,48.0,977.9,0,2.6,20
3287,9574,2024-07-28T14:00:52.453000+00:00,21.8,44.0,49.0,977.9,0,2.1,0
3288,9574,2024-07-28T14:02:52.444000+00:00,21.9,43.6,50.0,977.9,0,2.1,25
3289,9574,2024-07-28T14:04:52.440000+00:00,21.9,43.4,50.0,978.0,0,1.9,22
3290,9574,2024-07-28T14:06:52.439000+00:00,21.8,41.7,49.0,978.1,0,2.2,19
3291,9574,2024-07-28T14:08:52.439000+00:00,21.5,42.5,48.0,978.1,0,1.9,13
3292,9574,2024-07-28T14:10:52.449000+00:00,21.4,42.9,49.0,978.1,0,1.4,251
3293,9574,2024-07-28T14:12:52.443000+00:00,21.9,43.1,47.0,978.2,0,1.4,335
3294,9574,2024-07-28T14:14:52.460000+00:00,21.9,43.2,47.0,978.1,0,2.4,332
3295,9574,2024-07-28T14:16:52.460000+00:00,22.0,42.6,49.0,978.0,0,2.0,334
3296,9574,2024-07-28T14:18:52.461000+00:00,22.0,42.6,48.0,978.1,0,1.6,335
3297,9574,2024-07-28T14:20:52.488000+00:00,21.6,42.3,48.0,978.0,0,1.2,343
3298,9574,2024-07-28T14:22:52.500000+00:00,21.4,42.6,48.0,978.0,0,1.6,8
3299,9574,2024-07-28T14:24:52.521000+00:00,21.4,42.9,46.0,978.1,0,1.5,322
3300,9582,2024-08-25T12:06:16.813000+00:00,18.7,31.6,65.0,1019.9,0,4.8,215
3301,9582,2024-08-25T12:08:16.825000+00:00,18.7,31.2,65.0,1020.0,0,5.1,224
3302,9582,2024-08-25T12:10:16.826000+00:00,18.8,31.2,66.0,1019.9,0,4.8,207
3303,9582,2024-08-25T12:12:16.839000+00:00,18.9,31.6,65.0,1020.1,0,5.7,216
3304,9582,2024-08-25T12:14:16.826000+00:00,18.8,31.0,66.0,1019.9,0,5.7,213
3305,9582,2024-08-25T12:16:16.838000+00:00,18.6,31.0,66.0,1020.1,0,5.3,208
3306,9582,2024-08-25T12:18:16.832000+00:00,18.5,31.2,64.0,1020.0,0,4.8,211
3307,9582,2024-08-25T12:20:16.844000+00:00,18.5,30.5,65.0,1020.0,0,5.0,214
3308,9582,2024-08-25T12:22:16.862000+00:00,18.5,31.2,66.0,1019.9,0,4.3,233
3309,9582,2024-08-25T12:24:16.857000+00:00,18.5,31.1,64.0,1019.9,0,4.1,231
3310,9582,2024-08-25T12:26:16.893000+00:00,18.6,29.9,64.0,1020.1,0,4.2,213
3311,9582,2024-08-25T12:28:16.893000+00:00,18.7,30.6,65.0,1020.0,0,4.4,216
3312,9582,2024-08-25T12:30:16.893000+00:00,18.8,30.2,65.0,1020.0,0,4.6,223
3313,9582,2024-08-25T12:32:16.908000+00:00,18.5,29.5,64.0,1020.0,0,3.8,231
3314,9582,2024-08-25T12:34:16.946000+00:00,18.3,28.7,65.0,1020.1,0,4.9,236
3315,9582,2024-08-25T12:36:16.953000+00:00,18.3,28.5,65.0,1020.0,0,3.4,229
3316,9582,2024-08-25T12:38:16.966000+00:00,18.3,28.0,65.0,1020.0,0,5.4,238
3317,9582,2024-08-25T12:40:16.977000+00:00,18.2,28.0,66.0,1020.1,0,2.4,218
3318,9582,2024-08-25T12:42:17.003000+00:00,18.3,28.2,66.0,1020.0,0,4.6,221
3319,9582,2024-08-25T12:44:16.980000+00:00,18.5,29.3,67.0,1020.0,0,4.5,221
3320,9582,2024-08-25T12:46:16.985000+00:00,18.5,28.5,66.0,1020.0,0,5.2,228
3321,9582,2024-08-25T12:48:16.973000+00:00,18.6,28.7,67.0,1020.0,0,4.7,210
3322,9582,2024-08-25T12:50:16.980000+00:00,18.7,28.6,67.0,1020.0,0,5.2,222
3323,9582,2024-08-25T12:52:16.978000+00:00,18.6,28.3,65.0,1019.9,0,3.2,217
3324,9582,2024-08-25T12:54:16.989000+00:00,18.5,28.0,66.0,1020.0,0,3.9,225
3325,9582,2024-08-25T12:56:16.983000+00:00,18.3,27.5,66.0,1020.0,0,3.8,203
3326,9582,2024-08-25T12:58:16.984000+00:00,18.3,28.0,65.0,1020.1,0,3.9,231
3327,9582,2024-08-25T13:00:16.992000+00:00,18.5,29.4,66.0,1020.0,0,3.6,239
3328,9582,2024-08-25T13:02:16.986000+00:00,18.6,29.2,64.0,1020.0,0,2.8,232
3329,9582,2024-08-25T13:04:16.995000+00:00,18.7,28.9,62.0,1020.1,0,3.9,217
3330,9582,2024-08-25T13:06:17.009000+00:00,18.6,28.5,63.0,1020.0,0,3.7,210
3331,9582,2024-08-25T13:08:17.024000+00:00,18.9,30.0,64.0,1020.0,0,4.1,234
3332,9582,2024-08-25T13:10:17.047000+00:00,19.0,30.9,60.0,1020.0,0,5.8,211
3333,9582,2024-08-25T13:12:17.045000+00:00,19.3,30.9,58.0,1019.9,0,4.7,216
3334,9582,2024-08-25T13:14:17.067000+00:00,19.3,31.2,57.0,1020.0,0,4.5,202
3335,9582,2024-08-25T13:16:17.085000+00:00,19.3,31.3,59.0,1020.0,0,5.2,227
3336,9582,2024-08-25T13:18:17.100000+00:00,19.1,31.4,56.0,1019.8,0,5.6,232
3337,9582,2024-08-25T13:20:17.098000+00:00,19.1,30.8,60.0,1020.0,0,4.5,222
3338,9582,2024-08-25T13:22:17.093000+00:00,19.0,30.2,61.0,1019.9,0,4.2,214
3339,9582,2024-08-25T13:24:17.117000+00:00,19.0,30.6,62.0,1020.0,0,3.9,211
3340,9582,2024-08-25T13:26:17.137000+00:00,19.0,31.2,60.0,1020.0,0,4.6,199
3341,9582,2024-08-25T13:28:17.142000+00:00,19.2,31.5,61.0,1020.0,0,4.1,226
3342,9582,2024-08-25T13:30:17.136000+00:00,19.3,31.6,60.0,1020.0,0,4.6,214
3343,9582,2024-08-25T13:32:17.136000+00:00,19.4,31.7,58.0,1020.0,0,4.1,218
3344,9582,2024-08-25T13:34:17.128000+00:00,19.4,31.3,60.0,1020.0,0,5.5,224
3345,9582,2024-08-25T13:36:17.129000+00:00,19.4,31.6,59.0,1020.0,0,4.5,226
3346,9582,2024-08-25T13:38:17.137000+00:00,19.4,32.0,60.0,1020.1,0,4.4,205
3347,9582,2024-08-25T13:40:17.146000+00:00,19.3,32.0,59.0,1020.0,0,4.3,209
3348,9582,2024-08-25T13:42:17.147000+00:00,19.3,31.8,61.0,1020.0,0,4.7,231
3349,9582,2024-08-25T13:44:17.161000+00:00,19.4,32.0,60.0,1020.0,0,4.8,206
3350,9582,2024-08-25T13:46:17.226000+00:00,19.5,32.0,59.0,1020.1,0,6.0,212
3351,9582,2024-08-25T13:48:17.194000+00:00,19.4,32.0,58.0,1020.0,0,5.6,216
3352,9582,2024-08-25T13:50:17.190000+00:00,19.3,31.9,56.0,1020.0,0,4.6,221
3353,9582,2024-08-25T13:52:17.204000+00:00,19.4,31.9,57.0,1020.1,0,4.8,216
3354,9582,2024-08-25T13:54:17.341000+00:00,19.5,32.1,59.0,1020.0,0,4.2,215
3355,9582,2024-08-25T13:56:17.378000+00:00,19.5,31.6,58.0,1019.9,0,4.6,216
3356,9582,2024-08-25T13:58:17.370000+00:00,19.3,31.7,58.0,1019.9,0,3.8,225
3357,9582,2024-08-25T14:00:17.372000+00:00,19.4,31.8,57.0,1020.0,0,4.6,216
3358,9582,2024-08-25T14:02:17.371000+00:00,19.3,32.1,56.0,1020.0,0,4.7,204
3359,9582,2024-08-25T14:04:17.365000+00:00,19.2,32.3,57.0,1019.9,0,3.8,217
3360,9582,2024-08-25T14:06:17.369000+00:00,19.2,32.1,59.0,1019.9,0,4.6,209
3361,9582,2024-08-25T14:08:17.383000+00:00,19.3,32.3,55.0,1020.0,0,5.2,210
3362,9582,2024-08-25T14:10:17.397000+00:00,19.3,32.4,57.0,1020.0,0,5.1,210
3363,9582,2024-08-25T14:12:17.418000+00:00,19.3,32.1,57.0,1019.9,0,4.7,215
3364,9582,2024-08-25T14:14:17.453000+00:00,19.4,31.9,57.0,1019.9,0,5.8,228
3365,9582,2024-08-25T14:16:17.453000+00:00,19.4,32.1,57.0,1019.9,0,4.2,210
3366,9582,2024-08-25T14:18:17.468000+00:00,19.4,32.1,58.0,1020.1,0,5.3,224
3367,9582,2024-08-25T14:20:17.468000+00:00,19.5,32.3,56.0,1019.9,0,4.7,213
3368,9582,2024-08-25T14:22:17.476000+00:00,19.6,32.0,58.0,1020.0,0,5.3,223
3369,9582,2024-08-25T14:24:17.459000+00:00,19.6,32.1,56.0,1020.1,0,5.2,227
3370,9582,2024-08-25T14:26:17.497000+00:00,19.5,31.7,56.0,1020.0,0,4.2,199
3371,9582,2024-08-25T14:28:17.541000+00:00,19.3,31.8,57.0,1019.9,0,4.1,212
3372,9582,2024-08-25T14:30:17.556000+00:00,19.3,31.8,57.0,1019.9,0,4.3,203
3373,9582,2024-08-25T14:32:17.549000+00:00,19.3,31.8,57.0,1019.9,0,4.3,203
3374,9582,2024-08-25T14:34:17.581000+00:00,19.3,31.8,57.0,1019.9,0,4.3,203
3375,9582,2024-08-25T14:36:17.550000+00:00,19.3,31.8,57.0,1019.9,0,4.3,203
3376,9582,2024-08-25T14:38:17.550000+00:00,19.3,30.7,58.0,1020.0,0,5.9,220
3377,9590,2024-09-01T12:08:10.059000+00:00,33.2,52.1,38.0,993.8,0,0.7,318
3378,9590,2024-09-01T12:10:10.059000+00:00,33.2,52.8,37.0,993.9,0,1.3,230
3379,9590,2024-09-01T12:12:10.069000+00:00,33.3,52.8,36.0,993.8,0,0.8,182
3380,9590,2024-09-01T12:14:10.105000+00:00,33.3,53.0,35.0,993.9,0,1.5,349
3381,9590,2024-09-01T12:16:10.123000+00:00,33.3,53.0,35.0,993.8,0,0.4,230
3382,9590,2024-09-01T12:18:10.143000+00:00,33.4,53.2,34.0,993.8,0,1.6,177
3383,9590,2024-09-01T12:20:10.148000+00:00,33.3,53.4,34.0,993.8,0,3.2,177
3384,9590,2024-09-01T12:22:10.141000+00:00,33.4,53.2,34.0,993.9,0,0.8,40
3385,9590,2024-09-01T12:24:10.152000+00:00,33.3,53.4,34.0,993.8,0,1.1,220
3386,9590,2024-09-01T12:26:10.161000+00:00,33.1,54.2,34.0,993.8,0,2.7,195
3387,9590,2024-09-01T12:28:10.164000+00:00,33.6,54.0,33.0,993.7,0,1.3,232
3388,9590,2024-09-01T12:30:10.169000+00:00,33.5,53.0,32.0,993.7,0,1.6,200
3389,9590,2024-09-01T12:32:10.188000+00:00,33.5,51.8,33.0,993.6,0,0.9,222
3390,9590,2024-09-01T12:34:10.207000+00:00,33.6,52.8,32.0,993.7,0,1.4,195
3391,9590,2024-09-01T12:36:10.225000+00:00,33.5,53.0,32.0,993.4,0,0.7,181
3392,9590,2024-09-01T12:38:10.247000+00:00,33.8,53.5,31.0,993.5,0,1.2,350
3393,9590,2024-09-01T12:40:10.287000+00:00,33.6,53.8,31.0,993.5,0,0.7,324
3394,9590,2024-09-01T12:42:10.278000+00:00,33.7,53.7,32.0,993.4,0,1.7,119
3395,9590,2024-09-01T12:44:10.279000+00:00,33.8,53.6,33.0,993.5,0,1.3,198
3396,9590,2024-09-01T12:46:10.292000+00:00,33.8,52.8,34.0,993.4,0,1.7,215
3397,9590,2024-09-01T12:48:10.293000+00:00,33.6,53.8,34.0,993.5,0,2.3,206
3398,9590,2024-09-01T12:50:10.287000+00:00,33.9,53.8,33.0,993.5,0,0.9,0
3399,9590,2024-09-01T12:52:10.282000+00:00,34.0,53.8,33.0,993.4,0,1.9,220
3400,9590,2024-09-01T12:54:10.295000+00:00,34.0,54.1,32.0,993.3,0,1.1,265
3401,9590,2024-09-01T12:56:10.300000+00:00,33.7,53.7,32.0,993.3,0,0.8,270
3402,9590,2024-09-01T12:58:10.303000+00:00,33.8,54.4,33.0,993.2,0,2.4,196
3403,9590,2024-09-01T13:00:10.295000+00:00,33.8,54.6,33.0,993.2,0,2.1,198
3404,9590,2024-09-01T13:02:10.293000+00:00,33.8,52.4,33.0,993.2,0,2.8,192
3405,9590,2024-09-01T13:04:10.302000+00:00,33.8,51.3,32.0,993.2,0,1.9,191
3406,9590,2024-09-01T13:06:10.306000+00:00,33.8,50.4,30.0,993.2,0,0.7,183
3407,9590,2024-09-01T13:08:10.301000+00:00,33.7,50.6,31.0,993.2,0,1.9,201
3408,9590,2024-09-01T13:10:10.306000+00:00,33.7,50.6,31.0,993.2,0,1.8,194
3409,9590,2024-09-01T13:12:10.314000+00:00,33.5,49.6,32.0,993.1,0,2.1,170
3410,9590,2024-09-01T13:14:10.325000+00:00,33.3,49.5,32.0,993.1,0,1.0,200
3411,9590,2024-09-01T13:16:10.329000+00:00,33.3,48.7,31.0,993.1,0,1.2,219
3412,9590,2024-09-01T13:18:10.343000+00:00,33.2,48.4,31.0,993.1,0,1.5,197
3413,9590,2024-09-01T13:20:10.357000+00:00,33.1,47.6,32.0,993.1,0,1.0,183
3414,9590,2024-09-01T13:22:10.367000+00:00,33.0,47.5,31.0,993.1,0,2.3,188
3415,9590,2024-09-01T13:24:10.361000+00:00,32.9,47.9,31.0,993.0,0,1.9,197
3416,9590,2024-09-01T13:26:10.377000+00:00,32.8,47.8,30.0,993.1,0,1.9,195
3417,9590,2024-09-01T13:28:10.414000+00:00,32.9,47.2,31.0,993.0,0,1.7,195
3418,9590,2024-09-01T13:30:10.419000+00:00,32.8,46.8,31.0,993.0,0,1.1,192
3419,9590,2024-09-01T13:32:10.473000+00:00,32.8,46.5,31.0,993.0,0,2.2,183
3420,9590,2024-09-01T13:34:10.422000+00:00,32.7,46.2,31.0,992.9,0,1.8,188
3421,9590,2024-09-01T13:36:10.436000+00:00,32.6,45.9,31.0,993.0,0,1.2,190
3422,9590,2024-09-01T13:38:10.455000+00:00,32.6,45.8,32.0,993.0,0,1.8,194
3423,9590,2024-09-01T13:40:10.450000+00:00,32.7,45.5,31.0,993.0,0,2.2,191
3424,9590,2024-09-01T13:42:10.451000+00:00,32.5,45.3,31.0,992.9,0,1.8,187
3425,9590,2024-09-01T13:44:10.461000+00:00,32.5,46.2,32.0,992.9,0,2.4,178
3426,9590,2024-09-01T13:46:10.462000+00:00,32.5,46.1,32.0,992.9,0,2.1,205
3427,9590,2024-09-01T13:48:10.456000+00:00,32.5,45.9,32.0,992.9,0,1.4,194
3428,9590,2024-09-01T13:50:10.463000+00:00,32.7,45.7,32.0,993.0,0,1.3,192
3429,9590,2024-09-01T13:52:10.453000+00:00,32.7,45.5,31.0,993.0,0,1.5,186
3430,9590,2024-09-01T13:54:10.466000+00:00,32.5,45.4,32.0,992.9,0,1.2,200
3431,9590,2024-09-01T13:56:10.464000+00:00,32.5,45.2,31.0,993.0,0,1.5,187
3432,9590,2024-09-01T13:58:10.467000+00:00,32.5,44.9,31.0,993.0,0,1.7,195
3433,9590,2024-09-01T14:00:10.475000+00:00,32.5,44.7,32.0,993.0,0,1.5,195
3434,9590,2024-09-01T14:02:10.474000+00:00,32.4,44.5,32.0,993.0,0,1.3,180
3435,9590,2024-09-01T14:04:10.466000+00:00,32.5,44.9,32.0,992.9,0,1.1,197
3436,9590,2024-09-01T14:06:10.467000+00:00,32.4,44.6,32.0,993.0,0,1.5,205
3437,9590,2024-09-01T14:08:10.474000+00:00,32.3,44.6,32.0,992.9,0,1.3,222
3438,9590,2024-09-01T14:10:10.470000+00:00,32.4,44.2,32.0,992.9,0,1.6,185
3439,9590,2024-09-01T14:12:10.481000+00:00,32.3,44.2,33.0,992.9,0,1.1,190
3440,9590,2024-09-01T14:14:10.482000+00:00,32.3,44.1,32.0,992.9,0,1.6,196
3441,9590,2024-09-01T14:16:10.533000+00:00,32.2,43.9,33.0,992.7,0,1.4,213
3442,9590,2024-09-01T14:18:10.566000+00:00,32.2,43.8,32.0,992.8,0,1.8,218
3443,9590,2024-09-01T14:20:10.588000+00:00,32.2,43.5,32.0,992.8,0,1.9,229
3444,9598,2024-09-15T10:08:21.878000+00:00,26.5,47.2,39.0,1017.7,0,1.4,63
3445,9598,2024-09-15T10:10:21.913000+00:00,26.6,47.5,39.0,1017.6,0,0.8,141
3446,9598,2024-09-15T10:12:21.929000+00:00,27.1,47.5,38.0,1017.7,0,1.8,267
3447,9598,2024-09-15T10:14:21.929000+00:00,26.8,46.6,37.0,1017.6,0,1.2,148
3448,9598,2024-09-15T10:16:21.935000+00:00,26.4,47.1,39.0,1017.6,0,1.5,80
3449,9598,2024-09-15T10:18:21.932000+00:00,26.7,47.1,39.0,1017.8,0,0.5,62
3450,9598,2024-09-15T10:20:21.936000+00:00,27.0,47.0,38.0,1017.7,0,1.8,339
3451,9598,2024-09-15T10:22:21.937000+00:00,26.8,46.4,39.0,1017.8,0,1.1,244
3452,9598,2024-09-15T10:24:21.938000+00:00,27.0,47.1,37.0,1017.7,0,1.4,179
3453,9598,2024-09-15T10:26:21.941000+00:00,27.2,47.6,38.0,1017.7,0,1.2,186
3454,9598,2024-09-15T10:28:21.939000+00:00,27.5,47.2,38.0,1017.7,0,1.2,220
3455,9598,2024-09-15T10:30:21.941000+00:00,27.0,46.6,40.0,1017.6,0,1.0,144
3456,9598,2024-09-15T10:32:21.942000+00:00,26.9,46.3,39.0,1017.5,0,2.7,112
3457,9598,2024-09-15T10:34:21.945000+00:00,26.5,46.3,39.0,1017.7,0,4.0,88
3458,9598,2024-09-15T10:36:21.957000+00:00,26.8,46.3,40.0,1017.6,0,1.1,81
3459,9598,2024-09-15T10:38:21.946000+00:00,27.1,46.5,40.0,1017.7,0,1.6,232
3460,9598,2024-09-15T10:40:21.949000+00:00,27.1,46.5,41.0,1017.5,0,1.4,151
3461,9598,2024-09-15T10:42:21.953000+00:00,27.3,46.4,42.0,1017.6,0,1.1,219
3462,9598,2024-09-15T10:44:21.952000+00:00,27.8,47.9,41.0,1017.5,0,0.5,53
3463,9598,2024-09-15T10:46:21.954000+00:00,28.1,46.4,39.0,1017.6,0,1.4,128
3464,9598,2024-09-15T10:48:21.959000+00:00,27.8,46.7,40.0,1017.6,0,0.9,122
3465,9598,2024-09-15T10:50:21.954000+00:00,27.3,39.9,41.0,1017.6,0,1.0,215
3466,9598,2024-09-15T10:52:21.956000+00:00,26.8,44.5,43.0,1017.6,0,0.9,101
3467,9598,2024-09-15T10:54:21.990000+00:00,27.3,46.4,41.0,1017.6,0,1.0,111
3468,9598,2024-09-15T10:56:21.958000+00:00,27.2,45.1,42.0,1017.5,0,1.2,27
3469,9598,2024-09-15T10:58:21.961000+00:00,26.9,45.9,41.0,1017.6,0,1.7,219
3470,9598,2024-09-15T11:00:21.962000+00:00,27.7,46.7,39.0,1017.7,0,1.3,74
3471,9598,2024-09-15T11:02:21.963000+00:00,26.8,45.2,40.0,1017.8,0,0.7,240
3472,9598,2024-09-15T11:04:21.964000+00:00,26.8,45.3,41.0,1017.7,0,1.4,204
3473,9598,2024-09-15T11:06:21.968000+00:00,26.8,45.6,41.0,1017.6,0,2.0,249
3474,9598,2024-09-15T11:08:21.972000+00:00,26.7,45.7,40.0,1017.4,0,2.4,0
3475,9598,2024-09-15T11:10:21.968000+00:00,26.8,45.4,38.0,1017.7,0,2.4,76
3476,9598,2024-09-15T11:12:21.979000+00:00,26.6,44.5,38.0,1017.6,0,2.8,66
3477,9598,2024-09-15T11:14:21.972000+00:00,26.3,45.0,40.0,1017.7,0,0.8,118
3478,9598,2024-09-15T11:16:21.973000+00:00,26.3,44.6,39.0,1017.6,0,2.3,130
3479,9598,2024-09-15T11:18:21.992000+00:00,26.3,44.7,40.0,1017.7,0,0.9,97
3480,9598,2024-09-15T11:20:21.987000+00:00,26.5,44.7,40.0,1017.7,0,0.9,104
3481,9598,2024-09-15T11:22:22.069000+00:00,26.8,44.7,37.0,1017.6,0,2.2,61
3482,9598,2024-09-15T11:24:22.030000+00:00,26.8,44.7,36.0,1017.8,0,1.1,59
3483,9598,2024-09-15T11:26:22.026000+00:00,26.9,44.8,38.0,1017.7,0,2.2,72
3484,9598,2024-09-15T11:28:22.030000+00:00,27.0,44.7,37.0,1017.6,0,0.9,43
3485,9598,2024-09-15T11:30:22.032000+00:00,26.8,44.1,37.0,1017.6,0,2.9,137
3486,9598,2024-09-15T11:32:22.034000+00:00,26.5,44.1,36.0,1017.7,0,1.3,193
3487,9598,2024-09-15T11:34:22.032000+00:00,26.5,44.0,36.0,1017.5,0,1.4,44
3488,9598,2024-09-15T11:36:22.035000+00:00,26.3,43.8,37.0,1017.7,0,1.2,89
3489,9598,2024-09-15T11:38:22.059000+00:00,26.4,43.9,36.0,1017.6,0,1.9,0
3490,9598,2024-09-15T11:40:22.129000+00:00,26.6,44.1,36.0,1017.6,0,0.9,6
3491,9598,2024-09-15T11:42:22.094000+00:00,27.1,44.4,35.0,1017.5,0,1.9,78
3492,9598,2024-09-15T11:44:22.133000+00:00,27.0,43.4,36.0,1017.6,0,1.7,75
3493,9598,2024-09-15T11:46:22.130000+00:00,26.9,44.1,36.0,1017.7,0,2.5,107
3494,9598,2024-09-15T11:48:22.141000+00:00,26.5,43.6,37.0,1017.6,0,2.5,134
3495,9598,2024-09-15T11:50:22.170000+00:00,26.2,43.3,39.0,1017.6,0,1.6,84
3496,9598,2024-09-15T11:52:22.171000+00:00,26.2,43.1,38.0,1017.6,0,1.0,245
3497,9598,2024-09-15T11:54:22.176000+00:00,26.7,43.3,38.0,1017.6,0,0.5,238
3498,9598,2024-09-15T11:56:22.174000+00:00,27.1,43.5,37.0,1017.6,0,1.7,65
3499,9598,2024-09-15T11:58:22.199000+00:00,26.9,42.6,36.0,1017.6,0,1.5,352
3500,9598,2024-09-15T12:00:22.224000+00:00,26.6,42.6,36.0,1017.6,0,1.9,216
3501,9598,2024-09-15T12:02:22.261000+00:00,26.5,42.4,37.0,1017.6,0,1.0,116
3502,9598,2024-09-15T12:04:22.257000+00:00,26.5,42.8,37.0,1017.7,0,1.7,76
3503,9598,2024-09-15T12:06:22.261000+00:00,26.8,43.0,36.0,1017.6,0,1.6,193
3504,9598,2024-09-15T12:08:22.261000+00:00,26.9,42.6,36.0,1017.6,0,2.7,214
3505,9598,2024-09-15T12:10:22.260000+00:00,26.5,42.6,36.0,1017.6,0,2.6,83
3506,9598,2024-09-15T12:12:22.266000+00:00,26.4,42.7,35.0,1017.6,0,1.8,19
3507,9598,2024-09-15T12:14:22.264000+00:00,26.3,42.1,36.0,1017.6,0,2.8,106
3508,9598,2024-09-15T12:16:22.265000+00:00,25.8,41.8,38.0,1017.6,0,2.7,102
3509,9598,2024-09-15T12:18:22.269000+00:00,25.7,41.6,38.0,1017.6,0,2.8,98
3510,9598,2024-09-15T12:20:22.268000+00:00,25.8,41.3,37.0,1017.8,0,3.6,0
3511,9598,2024-09-15T12:22:22.272000+00:00,25.8,41.4,38.0,1017.6,0,2.8,70
3512,9598,2024-09-15T12:24:22.273000+00:00,25.8,41.7,38.0,1017.7,0,2.0,90
3513,9598,2024-09-15T12:26:22.272000+00:00,25.9,41.6,34.0,1017.6,0,1.3,208
3514,9598,2024-09-15T12:28:22.273000+00:00,26.0,42.0,33.0,1017.7,0,1.1,16
3515,9598,2024-09-15T12:30:22.275000+00:00,26.6,41.5,33.0,1017.7,0,0.6,76
3516,9598,2024-09-15T12:32:22.279000+00:00,26.5,41.3,35.0,1017.7,0,1.0,15
3517,9598,2024-09-15T12:34:22.290000+00:00,26.6,40.9,36.0,1017.7,0,1.5,99
3518,9598,2024-09-15T12:36:22.288000+00:00,26.5,40.8,37.0,1017.7,0,2.0,77
3519,9598,2024-09-15T12:38:22.282000+00:00,26.5,40.3,39.0,1017.7,0,0.7,99
3520,9606,2024-09-22T11:07:46.576000+00:00,31.0,37.6,74.0,1006.9,0,0.6,0
3521,9606,2024-09-22T11:09:46.565000+00:00,30.9,37.9,74.0,1007.0,0,1.1,300
3522,9606,2024-09-22T11:11:46.584000+00:00,30.8,38.0,75.0,1007.1,0,0.3,287
3523,9606,2024-09-22T11:13:46.627000+00:00,30.8,38.2,74.0,1007.0,0,1.0,217
3524,9606,2024-09-22T11:15:46.643000+00:00,30.7,37.5,75.0,1007.1,0,0.6,0
3525,9606,2024-09-22T11:17:46.658000+00:00,30.7,37.4,75.0,1007.1,0,0.5,282
3526,9606,2024-09-22T11:19:46.675000+00:00,30.8,37.7,75.0,1007.1,0,0.6,110
3527,9606,2024-09-22T11:21:46.693000+00:00,30.7,38.5,75.0,1007.2,0,0.6,138
3528,9606,2024-09-22T11:23:46.703000+00:00,30.7,37.8,75.0,1007.2,0,0.8,212
3529,9606,2024-09-22T11:25:46.715000+00:00,31.0,38.5,74.0,1007.2,0,0.7,179
3530,9606,2024-09-22T11:27:46.752000+00:00,31.0,37.9,74.0,1007.3,0,0.8,0
3531,9606,2024-09-22T11:29:46.794000+00:00,31.1,37.9,74.0,1007.2,0,0.8,218
3532,9606,2024-09-22T11:31:46.804000+00:00,31.1,38.1,74.0,1007.2,0,0.9,161
3533,9606,2024-09-22T11:33:46.797000+00:00,31.0,37.4,75.0,1007.3,0,0.5,244
3534,9606,2024-09-22T11:35:46.812000+00:00,31.0,37.2,75.0,1007.3,0,0.7,267
3535,9606,2024-09-22T11:37:46.797000+00:00,30.8,37.2,76.0,1007.3,0,0.7,0
3536,9606,2024-09-22T11:39:46.804000+00:00,30.8,37.3,76.0,1007.3,0,0.7,226
3537,9606,2024-09-22T11:41:46.790000+00:00,30.7,37.9,76.0,1007.4,0,0.4,0
3538,9606,2024-09-22T11:43:46.789000+00:00,30.7,37.5,75.0,1007.4,0,0.9,229
3539,9606,2024-09-22T11:45:46.803000+00:00,30.6,37.0,76.0,1007.5,0,0.3,0
3540,9606,2024-09-22T11:47:46.800000+00:00,30.7,37.2,76.0,1007.5,0,0.5,287
3541,9606,2024-09-22T11:49:46.797000+00:00,30.6,37.3,76.0,1007.5,0,0.7,36
3542,9606,2024-09-22T11:51:46.806000+00:00,30.6,37.0,76.0,1007.5,0,0.0,282
3543,9606,2024-09-22T11:53:46.811000+00:00,30.6,37.6,76.0,1007.6,0,0.6,295
3544,9606,2024-09-22T11:55:46.810000+00:00,30.6,37.0,76.0,1007.6,0,0.9,82
3545,9606,2024-09-22T11:57:46.808000+00:00,30.6,37.1,76.0,1007.6,0,0.0,0
3546,9606,2024-09-22T11:59:46.808000+00:00,30.7,37.7,75.0,1007.7,0,0.6,232
3547,9606,2024-09-22T12:01:46.816000+00:00,30.7,37.3,76.0,1007.6,0,0.7,329
3548,9606,2024-09-22T12:03:46.815000+00:00,30.7,37.3,76.0,1007.7,0,0.6,216
3549,9606,2024-09-22T12:05:46.821000+00:00,30.8,37.3,75.0,1007.7,0,0.3,239
3550,9606,2024-09-22T12:07:46.821000+00:00,30.8,37.4,75.0,1007.7,0,0.8,200
3551,9606,2024-09-22T12:09:46.815000+00:00,31.0,37.2,74.0,1007.8,0,1.1,203
3552,9606,2024-09-22T12:11:46.854000+00:00,31.1,36.6,74.0,1007.8,0,1.4,195
3553,9606,2024-09-22T12:13:46.887000+00:00,31.1,36.5,75.0,1007.9,0,0.7,180
3554,9606,2024-09-22T12:15:46.915000+00:00,31.1,36.5,76.0,1007.8,0,0.4,0
3555,9606,2024-09-22T12:17:46.908000+00:00,31.1,37.0,75.0,1007.8,0,0.8,251
3556,9606,2024-09-22T12:19:46.943000+00:00,31.1,37.0,75.0,1008.0,0,0.8,245
3557,9606,2024-09-22T12:21:46.952000+00:00,31.1,36.8,75.0,1007.9,0,0.7,183
3558,9606,2024-09-22T12:23:46.951000+00:00,31.1,36.8,74.0,1008.0,0,1.1,220
3559,9606,2024-09-22T12:25:47.130000+00:00,31.1,36.3,75.0,1008.1,0,1.8,195
3560,9606,2024-09-22T12:27:47.106000+00:00,31.2,36.4,75.0,1008.0,0,1.1,192
3561,9606,2024-09-22T12:29:47.144000+00:00,31.1,36.0,74.0,1008.0,0,1.0,224
3562,9606,2024-09-22T12:31:47.178000+00:00,31.0,35.7,75.0,1007.9,0,1.1,161
3563,9606,2024-09-22T12:33:47.176000+00:00,31.0,35.8,75.0,1008.1,0,1.3,179
3564,9606,2024-09-22T12:35:47.200000+00:00,30.9,36.1,75.0,1008.2,0,1.0,215
3565,9606,2024-09-22T12:37:47.215000+00:00,30.8,36.4,76.0,1008.3,0,1.6,218
3566,9606,2024-09-22T12:39:47.226000+00:00,30.8,36.4,74.0,1008.4,0,1.2,198
3567,9606,2024-09-22T12:41:47.251000+00:00,30.8,36.0,75.0,1008.3,0,1.4,184
3568,9606,2024-09-22T12:43:47.285000+00:00,30.8,36.1,75.0,1008.4,0,1.2,223
3569,9606,2024-09-22T12:45:47.273000+00:00,30.8,36.1,75.0,1008.4,0,1.4,190
3570,9606,2024-09-22T12:47:47.293000+00:00,30.8,35.9,75.0,1008.4,0,1.6,245
3571,9606,2024-09-22T12:49:47.329000+00:00,30.8,35.9,76.0,1008.4,0,0.7,214
3572,9606,2024-09-22T12:51:47.349000+00:00,30.8,35.7,74.0,1008.3,0,1.1,183
3573,9606,2024-09-22T12:53:47.363000+00:00,30.6,35.8,74.0,1008.3,0,1.1,215
3574,9606,2024-09-22T12:55:47.403000+00:00,30.6,35.8,74.0,1008.3,0,1.3,159
3575,9606,2024-09-22T12:57:47.403000+00:00,30.8,36.1,74.0,1008.4,0,1.0,185
3576,9606,2024-09-22T12:59:47.454000+00:00,30.8,35.5,74.0,1008.4,0,0.7,193
3577,9606,2024-09-22T13:01:47.449000+00:00,30.8,36.0,74.0,1008.5,0,1.1,223
3578,9606,2024-09-22T13:03:47.458000+00:00,30.7,35.8,74.0,1008.4,0,1.2,210
3579,9606,2024-09-22T13:05:47.455000+00:00,30.8,35.5,74.0,1008.4,0,1.1,183
3580,9606,2024-09-22T13:07:47.477000+00:00,30.8,35.5,74.0,1008.5,0,1.3,192
3581,9606,2024-09-22T13:09:47.457000+00:00,30.8,35.5,74.0,1008.5,0,1.5,214
3582,9606,2024-09-22T13:11:47.465000+00:00,30.8,35.3,74.0,1008.6,0,1.5,192
3583,9606,2024-09-22T13:13:47.511000+00:00,30.8,35.5,74.0,1008.6,0,1.2,197
3584,9606,2024-09-22T13:15:47.502000+00:00,30.7,35.2,74.0,1008.5,0,1.1,0
3585,9606,2024-09-22T13:17:47.532000+00:00,30.6,34.9,75.0,1008.7,0,0.9,218
3586,9606,2024-09-22T13:19:47.556000+00:00,30.7,35.2,75.0,1008.6,0,1.5,164
3587,9606,2024-09-22T13:21:47.572000+00:00,30.6,35.2,74.0,1008.8,0,1.2,216
3588,9606,2024-09-22T13:23:47.613000+00:00,30.6,35.2,74.0,1008.8,0,0.9,277
3589,9606,2024-09-22T13:25:47.625000+00:00,30.6,35.0,74.0,1008.9,0,1.0,228
3590,9606,2024-09-22T13:27:47.631000+00:00,30.6,35.0,74.0,1008.8,0,0.9,233
3591,9606,2024-09-22T13:29:47.621000+00:00,30.5,34.9,74.0,1009.0,0,1.2,190
3592,9606,2024-09-22T13:31:47.622000+00:00,30.5,35.2,74.0,1009.0,0,1.5,221
3593,9606,2024-09-22T13:33:47.630000+00:00,30.6,35.5,74.0,1008.9,0,1.3,214
3594,9606,2024-09-22T13:35:47.626000+00:00,30.5,34.9,74.0,1009.0,0,0.3,178
3595,9606,2024-09-22T13:37:47.625000+00:00,30.5,35.0,74.0,1009.0,0,0.6,300
3596,9606,2024-09-22T13:39:47.626000+00:00,30.5,34.4,74.0,1009.1,0,1.0,72
3597,9606,2024-09-22T13:41:47.639000+00:00,30.6,35.0,74.0,1009.0,0,1.4,199
3598,9606,2024-09-22T13:43:47.631000+00:00,30.5,35.0,74.0,1009.0,0,1.4,200
3599,9606,2024-09-22T13:45:47.652000+00:00,30.4,34.7,74.0,1009.1,0,1.3,198
3600,9616,2024-10-19T17:18:18.492000+00:00,26.0,41.2,50.0,1008.4,0,1.2,99
3601,9616,2024-10-19T17:20:18.490000+00:00,26.1,41.1,49.0,1008.4,0,1.7,169
3602,9616,2024-10-19T17:22:18.496000+00:00,26.4,40.8,50.0,1008.3,0,1.1,185
3603,9616,2024-10-19T17:24:18.497000+00:00,26.3,41.1,49.0,1008.2,0,2.5,174
3604,9616,2024-10-19T17:26:18.530000+00:00,26.1,41.6,49.0,1008.2,0,1.6,164
3605,9616,2024-10-19T17:28:18.548000+00:00,26.1,41.3,49.0,1008.2,0,1.7,168
3606,9616,2024-10-19T17:30:18.576000+00:00,26.2,41.3,49.0,1008.2,0,0.7,278
3607,9616,2024-10-19T17:32:18.583000+00:00,26.5,41.6,48.0,1008.1,0,0.9,307
3608,9616,2024-10-19T17:34:18.600000+00:00,26.5,42.2,49.0,1008.1,0,2.0,174
3609,9616,2024-10-19T17:36:18.631000+00:00,26.6,42.6,48.0,1008.0,0,0.7,289
3610,9616,2024-10-19T17:38:18.630000+00:00,26.7,42.5,50.0,1008.0,0,2.1,260
3611,9616,2024-10-19T17:40:18.656000+00:00,26.6,42.3,50.0,1008.0,0,0.9,319
3612,9616,2024-10-19T17:42:18.649000+00:00,26.6,42.9,50.0,1007.9,0,2.0,192
3613,9616,2024-10-19T17:44:18.650000+00:00,26.7,43.3,50.0,1007.9,0,2.2,172
3614,9616,2024-10-19T17:46:18.669000+00:00,26.8,43.5,49.0,1007.8,0,3.4,171
3615,9616,2024-10-19T17:48:18.685000+00:00,27.1,43.9,48.0,1007.8,0,3.9,169
3616,9616,2024-10-19T17:50:18.678000+00:00,27.1,43.1,49.0,1007.9,0,2.4,179
3617,9616,2024-10-19T17:52:18.723000+00:00,27.0,43.6,48.0,1007.8,0,2.3,138
3618,9616,2024-10-19T17:54:18.721000+00:00,27.1,44.5,47.0,1007.8,0,3.1,170
3619,9616,2024-10-19T17:56:18.724000+00:00,27.2,44.2,48.0,1007.8,0,1.5,169
3620,9616,2024-10-19T17:58:18.724000+00:00,27.4,44.9,48.0,1007.7,0,2.0,132
3621,9616,2024-10-19T18:00:18.742000+00:00,27.3,44.6,49.0,1007.7,0,0.7,0
3622,9616,2024-10-19T18:02:18.756000+00:00,27.1,45.3,47.0,1007.7,0,1.2,194
3623,9616,2024-10-19T18:04:18.774000+00:00,27.0,46.1,47.0,1007.6,0,2.1,193
3624,9616,2024-10-19T18:06:18.776000+00:00,27.1,44.7,47.0,1007.5,0,1.5,132
3625,9616,2024-10-19T18:08:18.808000+00:00,27.0,43.3,45.0,1007.5,0,1.9,170
3626,9616,2024-10-19T18:10:18.833000+00:00,27.2,43.3,46.0,1007.6,0,1.5,177
3627,9616,2024-10-19T18:12:18.859000+00:00,27.1,44.1,46.0,1007.4,0,1.6,218
3628,9616,2024-10-19T18:14:18.860000+00:00,27.2,45.0,47.0,1007.4,0,2.0,182
3629,9616,2024-10-19T18:16:18.863000+00:00,27.1,45.0,46.0,1007.3,0,2.0,204
3630,9616,2024-10-19T18:18:18.865000+00:00,27.0,44.6,46.0,1007.3,0,0.9,206
3631,9616,2024-10-19T18:20:18.865000+00:00,27.0,43.4,45.0,1007.3,0,1.2,298
3632,9616,2024-10-19T18:22:18.870000+00:00,27.0,42.1,45.0,1007.3,0,0.9,271
3633,9616,2024-10-19T18:24:18.867000+00:00,27.1,41.6,45.0,1007.1,0,0.6,289
3634,9616,2024-10-19T18:26:18.876000+00:00,27.2,41.5,46.0,1007.1,0,0.6,58
3635,9616,2024-10-19T18:28:18.868000+00:00,27.2,42.0,45.0,1007.1,0,0.6,179
3636,9616,2024-10-19T18:30:18.873000+00:00,27.4,44.1,44.0,1007.1,0,2.0,218
3637,9616,2024-10-19T18:32:18.877000+00:00,27.5,44.9,44.0,1007.1,0,0.4,271
3638,9616,2024-10-19T18:34:18.880000+00:00,27.4,44.8,45.0,1007.0,0,2.6,319
3639,9616,2024-10-19T18:36:18.878000+00:00,27.1,44.1,47.0,1006.9,0,2.2,299
3640,9616,2024-10-19T18:38:18.878000+00:00,27.2,44.0,45.0,1007.0,0,2.3,180
3641,9617,2024-10-20T18:07:24.132000+00:00,26.8,44.7,41.0,1008.0,0,1.1,105
3642,9617,2024-10-20T18:09:24.134000+00:00,26.7,44.5,40.0,1007.9,0,1.1,198
3643,9617,2024-10-20T18:11:24.136000+00:00,26.7,44.4,41.0,1008.0,0,0.6,192
3644,9617,2024-10-20T18:13:24.128000+00:00,26.7,44.4,41.0,1007.9,0,1.8,315
3645,9617,2024-10-20T18:15:24.143000+00:00,26.7,44.3,41.0,1007.8,0,1.4,311
3646,9617,2024-10-20T18:17:24.143000+00:00,27.0,44.3,41.0,1007.8,0,0.7,189
3647,9617,2024-10-20T18:19:24.145000+00:00,27.3,45.2,38.0,1007.7,0,2.5,170
3648,9617,2024-10-20T18:21:24.145000+00:00,27.1,45.1,39.0,1007.7,0,3.8,177
3649,9617,2024-10-20T18:23:24.145000+00:00,27.4,45.5,38.0,1007.6,0,3.7,179
3650,9617,2024-10-20T18:25:24.145000+00:00,27.5,45.4,38.0,1007.5,0,3.3,173
3651,9617,2024-10-20T18:27:24.154000+00:00,27.3,45.5,38.0,1007.5,0,2.7,173
3652,9617,2024-10-20T18:29:24.149000+00:00,27.2,46.1,39.0,1007.5,0,2.1,75
3653,9617,2024-10-20T18:31:24.152000+00:00,27.2,46.2,38.0,1007.4,0,1.7,227
3654,9617,2024-10-20T18:33:24.150000+00:00,27.3,45.7,38.0,1007.4,0,0.6,187
3655,9617,2024-10-20T18:35:24.152000+00:00,27.3,45.6,38.0,1007.3,0,1.3,324
3656,9617,2024-10-20T18:37:24.157000+00:00,27.3,46.4,38.0,1007.3,0,0.9,181
3657,9617,2024-10-20T18:39:24.154000+00:00,27.4,46.4,38.0,1007.3,0,1.3,195
3658,9617,2024-10-20T18:41:24.145000+00:00,27.3,46.2,38.0,1007.2,0,1.3,288
3659,9617,2024-10-20T18:43:24.160000+00:00,27.2,46.0,38.0,1007.1,0,2.3,308
3660,9617,2024-10-20T18:45:24.158000+00:00,27.1,45.7,39.0,1007.2,0,1.2,7
3661,9617,2024-10-20T18:47:24.161000+00:00,27.4,46.0,38.0,1007.1,0,1.0,279
3662,9617,2024-10-20T18:49:24.167000+00:00,27.4,46.0,38.0,1007.1,0,1.7,329
3663,9617,2024-10-20T18:51:24.162000+00:00,27.7,46.5,38.0,1007.0,0,1.2,235
3664,9617,2024-10-20T18:53:24.159000+00:00,27.5,46.5,38.0,1007.0,0,1.3,197
3665,9617,2024-10-20T18:55:24.167000+00:00,27.6,47.0,37.0,1006.9,0,1.7,191
3666,9617,2024-10-20T18:57:24.167000+00:00,27.6,47.0,37.0,1006.9,0,2.1,36
3667,9617,2024-10-20T18:59:24.176000+00:00,27.7,46.9,37.0,1006.8,0,1.4,319
3668,9617,2024-10-20T19:01:24.186000+00:00,27.6,47.0,37.0,1006.8,0,1.1,198
3669,9617,2024-10-20T19:03:24.217000+00:00,27.5,46.5,38.0,1006.7,0,1.1,234
3670,9617,2024-10-20T19:05:24.213000+00:00,27.8,46.7,38.0,1006.7,0,0.5,117
3671,9617,2024-10-20T19:07:24.228000+00:00,28.1,47.2,37.0,1006.6,0,1.8,0
3672,9617,2024-10-20T19:09:24.231000+00:00,28.3,47.0,37.0,1006.6,0,2.4,194
3673,9617,2024-10-20T19:11:24.227000+00:00,28.2,47.4,36.0,1006.5,0,1.7,220
3674,9617,2024-10-20T19:13:24.225000+00:00,28.0,47.6,35.0,1006.4,0,2.1,83
3675,9617,2024-10-20T19:15:24.228000+00:00,28.0,47.9,33.0,1006.5,0,1.3,323
3676,9617,2024-10-20T19:17:24.231000+00:00,28.1,47.2,33.0,1006.5,0,1.7,295
3677,9617,2024-10-20T19:19:24.237000+00:00,28.0,46.9,35.0,1006.4,0,2.8,317
3678,9617,2024-10-20T19:21:24.278000+00:00,28.1,46.7,37.0,1006.4,0,2.0,339
3679,9617,2024-10-20T19:23:24.280000+00:00,28.2,47.0,37.0,1006.5,0,1.8,4
3680,9617,2024-10-20T19:25:24.298000+00:00,28.2,47.1,36.0,1006.4,0,1.4,322
3681,9617,2024-10-20T19:27:24.315000+00:00,28.0,47.1,36.0,1006.4,0,1.5,315
3682,9617,2024-10-20T19:29:24.315000+00:00,28.3,47.8,35.0,1006.2,0,0.9,4
3683,9617,2024-10-20T19:31:24.317000+00:00,28.4,47.5,35.0,1006.2,0,1.6,306
3684,9617,2024-10-20T19:33:24.308000+00:00,28.4,47.8,35.0,1006.2,0,1.9,351
3685,9617,2024-10-20T19:35:24.320000+00:00,28.4,47.6,34.0,1006.3,0,0.5,174
3686,9617,2024-10-20T19:37:24.332000+00:00,28.2,47.2,36.0,1006.2,0,2.9,194
3687,9617,2024-10-20T19:39:24.323000+00:00,28.4,47.1,36.0,1006.1,0,1.1,178
3688,9617,2024-10-20T19:41:24.325000+00:00,28.4,47.3,36.0,1006.2,0,1.2,175
3689,9617,2024-10-20T19:43:24.326000+00:00,28.4,47.4,36.0,1006.2,0,1.8,273
3690,9617,2024-10-20T19:45:24.330000+00:00,28.5,47.8,34.0,1006.2,0,2.2,286
3691,9617,2024-10-20T19:47:24.329000+00:00,28.5,47.8,33.0,1006.1,0,1.6,198
3692,9617,2024-10-20T19:49:24.338000+00:00,28.5,48.0,33.0,1006.2,0,1.1,179
3693,9617,2024-10-20T19:51:24.350000+00:00,28.5,47.3,33.0,1006.1,0,1.1,195
3694,9617,2024-10-20T19:53:24.379000+00:00,28.6,47.5,34.0,1005.9,0,1.2,346
3695,9617,2024-10-20T19:55:24.400000+00:00,28.8,47.5,33.0,1005.9,0,0.7,0
3696,9617,2024-10-20T19:57:24.413000+00:00,28.9,47.7,32.0,1005.8,0,1.7,329
3697,9617,2024-10-20T19:59:24.431000+00:00,28.8,47.4,32.0,1005.8,0,0.7,254
3698,9617,2024-10-20T20:01:24.465000+00:00,28.7,47.5,32.0,1005.8,0,1.5,320
3699,9617,2024-10-20T20:03:24.464000+00:00,28.8,47.1,33.0,1005.8,0,1.8,286
3700,9617,2024-10-20T20:05:24.477000+00:00,28.8,47.0,33.0,1005.7,0,0.8,107
3701,9617,2024-10-20T20:07:24.469000+00:00,28.9,47.2,33.0,1005.9,0,0.7,0
3702,9617,2024-10-20T20:09:24.471000+00:00,28.9,47.1,33.0,1005.8,0,1.0,302
3703,9617,2024-10-20T20:11:24.473000+00:00,29.0,46.9,33.0,1005.7,0,1.9,319
3704,9617,2024-10-20T20:13:24.473000+00:00,28.9,47.3,32.0,1005.7,0,2.5,343
3705,9617,2024-10-20T20:15:24.476000+00:00,28.9,47.4,32.0,1005.7,0,0.9,337
3706,9617,2024-10-20T20:17:24.477000+00:00,29.0,46.4,33.0,1005.8,0,1.1,0
3707,9617,2024-10-20T20:19:24.476000+00:00,29.0,46.4,33.0,1005.7,0,1.5,0
3708,9617,2024-10-20T20:21:24.477000+00:00,29.0,47.2,32.0,1005.7,0,0.4,287
3709,9617,2024-10-20T20:23:24.482000+00:00,29.1,47.0,32.0,1005.7,0,1.8,163
3710,9617,2024-10-20T20:25:24.484000+00:00,29.1,46.7,32.0,1005.7,0,2.1,184
3711,9617,2024-10-20T20:27:24.483000+00:00,29.0,46.7,33.0,1005.7,0,0.8,275
3712,9617,2024-10-20T20:29:24.483000+00:00,29.0,47.0,32.0,1005.6,0,0.7,0
3713,9617,2024-10-20T20:31:24.484000+00:00,29.3,46.4,31.0,1005.6,0,0.3,272
3714,9617,2024-10-20T20:33:24.486000+00:00,29.2,46.5,31.0,1005.6,0,0.7,238
3715,9617,2024-10-20T20:35:24.488000+00:00,29.1,46.0,31.0,1005.5,0,1.7,286
3716,9617,2024-10-20T20:37:24.504000+00:00,29.3,46.1,32.0,1005.5,0,1.2,322
3717,9617,2024-10-20T20:39:24.545000+00:00,29.2,45.9,32.0,1005.4,0,1.0,235
3718,9617,2024-10-20T20:41:24.539000+00:00,29.2,46.0,32.0,1005.4,0,1.0,72
3719,9625,2024-10-27T19:08:22.800000+00:00,18.1,33.1,55.0,786.5,0,2.3,311
3720,9625,2024-10-27T19:10:22.827000+00:00,18.1,32.8,55.0,786.5,0,2.4,324
3721,9625,2024-10-27T19:12:22.829000+00:00,18.1,32.9,55.0,786.4,0,2.5,322
3722,9625,2024-10-27T19:14:22.829000+00:00,18.1,32.8,55.0,786.3,0,2.6,313
3723,9625,2024-10-27T19:16:22.835000+00:00,18.1,33.0,55.0,786.3,0,2.0,321
3724,9625,2024-10-27T19:18:22.831000+00:00,18.3,32.5,55.0,786.2,0,1.7,285
3725,9625,2024-10-27T19:20:22.838000+00:00,18.4,32.9,54.0,786.2,0,2.1,341
3726,9625,2024-10-27T19:22:22.829000+00:00,18.5,33.1,54.0,786.2,0,1.5,303
3727,9625,2024-10-27T19:24:22.838000+00:00,18.7,32.9,54.0,786.2,0,2.5,298
3728,9625,2024-10-27T19:26:22.869000+00:00,18.7,32.8,54.0,786.1,0,3.2,340
3729,9625,2024-10-27T19:28:22.886000+00:00,18.8,32.8,54.0,786.1,0,2.2,303
3730,9625,2024-10-27T19:30:22.918000+00:00,18.9,33.7,54.0,786.0,0,1.5,280
3731,9625,2024-10-27T19:32:22.935000+00:00,19.1,35.5,53.0,786.0,0,2.5,296
3732,9625,2024-10-27T19:34:22.940000+00:00,19.3,36.3,52.0,786.1,0,1.8,337
3733,9625,2024-10-27T19:36:22.972000+00:00,19.4,36.5,52.0,785.9,0,1.8,334
3734,9625,2024-10-27T19:38:22.972000+00:00,19.5,37.3,51.0,785.9,0,1.5,313
3735,9625,2024-10-27T19:40:22.974000+00:00,19.6,38.2,52.0,785.9,0,1.1,166
3736,9625,2024-10-27T19:42:22.973000+00:00,19.7,38.7,50.0,785.9,0,1.5,296
3737,9625,2024-10-27T19:44:22.975000+00:00,19.8,39.2,51.0,785.7,0,1.8,331
3738,9625,2024-10-27T19:46:22.978000+00:00,19.8,38.8,52.0,785.8,0,1.6,330
3739,9625,2024-10-27T19:48:22.978000+00:00,19.8,39.9,51.0,785.6,0,3.2,262
3740,9625,2024-10-27T19:50:22.981000+00:00,19.8,40.0,51.0,785.8,0,2.4,273
3741,9625,2024-10-27T19:52:22.982000+00:00,19.6,38.6,52.0,785.7,0,2.1,288
3742,9625,2024-10-27T19:54:22.984000+00:00,19.6,38.4,52.0,785.6,0,0.8,49
3743,9625,2024-10-27T19:56:22.986000+00:00,19.6,37.8,52.0,785.5,0,1.2,357
3744,9625,2024-10-27T19:58:22.988000+00:00,19.7,37.9,52.0,785.5,0,2.1,329
3745,9625,2024-10-27T20:00:22.989000+00:00,19.7,37.4,51.0,785.5,0,2.5,334
3746,9625,2024-10-27T20:02:23.025000+00:00,19.5,36.7,52.0,785.4,0,1.5,310
3747,9625,2024-10-27T20:04:23.037000+00:00,19.8,37.0,50.0,785.5,0,1.3,282
3748,9625,2024-10-27T20:06:23.043000+00:00,19.9,36.7,50.0,785.4,0,2.4,293
3749,9625,2024-10-27T20:08:23.040000+00:00,20.0,36.2,50.0,785.4,0,2.9,329
3750,9625,2024-10-27T20:10:23.042000+00:00,19.9,36.0,51.0,785.2,0,2.2,323
3751,9625,2024-10-27T20:12:23.042000+00:00,20.0,36.1,52.0,785.3,0,0.6,301
3752,9625,2024-10-27T20:14:23.044000+00:00,20.0,35.7,50.0,785.3,0,1.3,293
3753,9625,2024-10-27T20:16:23.069000+00:00,20.1,36.2,51.0,785.3,0,2.0,315
3754,9625,2024-10-27T20:18:23.092000+00:00,20.3,37.7,50.0,785.3,0,2.9,301
3755,9625,2024-10-27T20:20:23.133000+00:00,20.2,36.5,51.0,785.2,0,2.4,246
3756,9625,2024-10-27T20:22:23.127000+00:00,20.1,36.9,50.0,785.1,0,1.5,276
3757,9625,2024-10-27T20:24:23.160000+00:00,20.2,36.7,50.0,785.2,0,1.5,308
3758,9625,2024-10-27T20:26:23.192000+00:00,20.1,35.6,50.0,785.2,0,1.8,271
3759,9625,2024-10-27T20:28:23.196000+00:00,20.1,34.8,51.0,785.2,0,1.4,321
3760,9625,2024-10-27T20:30:23.197000+00:00,20.0,34.7,51.0,785.1,0,3.2,331
3761,9625,2024-10-27T20:32:23.229000+00:00,20.3,36.6,50.0,785.0,0,2.6,336
3762,9625,2024-10-27T20:34:23.258000+00:00,20.5,37.4,49.0,785.0,0,2.1,332
3763,9625,2024-10-27T20:36:23.233000+00:00,20.4,37.8,49.0,785.0,0,2.1,314
3764,9625,2024-10-27T20:38:23.265000+00:00,20.6,38.0,49.0,785.0,0,2.2,308
3765,9625,2024-10-27T20:40:23.266000+00:00,20.9,38.6,48.0,784.9,0,2.7,278
3766,9625,2024-10-27T20:42:23.267000+00:00,21.0,38.4,48.0,785.1,0,2.6,296
3767,9625,2024-10-27T20:44:23.289000+00:00,21.0,39.0,48.0,785.0,0,2.1,276
3768,9625,2024-10-27T20:46:23.273000+00:00,21.0,39.3,49.0,784.9,0,1.5,269
3769,9625,2024-10-27T20:48:23.274000+00:00,21.0,39.5,48.0,784.9,0,1.3,332
3770,9625,2024-10-27T20:50:23.277000+00:00,21.0,39.7,48.0,784.8,0,1.1,0
3771,9625,2024-10-27T20:52:23.278000+00:00,21.1,40.2,47.0,784.7,0,2.0,274
3772,9625,2024-10-27T20:54:23.282000+00:00,21.1,40.2,47.0,784.7,0,2.0,274
3773,9625,2024-10-27T20:56:23.280000+00:00,21.1,39.7,47.0,784.8,0,1.9,280
3774,9625,2024-10-27T20:58:23.281000+00:00,21.2,39.5,47.0,784.9,0,2.4,280
3775,9625,2024-10-27T21:00:23.281000+00:00,21.0,37.8,48.0,784.8,0,1.6,295
3776,9625,2024-10-27T21:02:23.285000+00:00,20.9,38.1,49.0,784.8,0,1.0,283
3777,9625,2024-10-27T21:04:23.287000+00:00,20.7,38.1,48.0,784.7,0,2.1,296
3778,9625,2024-10-27T21:06:23.288000+00:00,20.5,36.6,49.0,784.7,0,2.2,321
3779,9625,2024-10-27T21:08:23.290000+00:00,20.4,35.6,49.0,784.7,0,2.2,280
3780,9625,2024-10-27T21:10:23.289000+00:00,20.4,34.8,48.0,784.7,0,1.3,284
3781,9625,2024-10-27T21:12:23.292000+00:00,20.3,34.0,49.0,784.6,0,2.7,286
3782,9625,2024-10-27T21:14:23.290000+00:00,20.2,33.5,50.0,784.7,0,1.7,333
3783,9625,2024-10-27T21:16:23.294000+00:00,20.2,33.1,50.0,784.7,0,1.6,286
3784,9625,2024-10-27T21:18:23.300000+00:00,20.1,32.8,51.0,784.7,0,3.7,291
3785,9625,2024-10-27T21:20:23.307000+00:00,20.0,32.4,52.0,784.7,0,2.2,221
3786,9625,2024-10-27T21:22:23.297000+00:00,20.0,32.3,51.0,784.6,0,2.7,294
3787,9625,2024-10-27T21:24:23.297000+00:00,20.0,32.1,51.0,784.7,0,2.7,291
3788,9625,2024-10-27T21:26:23.299000+00:00,20.0,31.6,52.0,784.6,0,2.8,0
3789,9625,2024-10-27T21:28:23.300000+00:00,20.0,31.4,52.0,784.6,0,2.9,274
3790,9625,2024-10-27T21:30:23.301000+00:00,20.0,31.3,52.0,784.5,0,2.9,340
3791,9625,2024-10-27T21:32:23.306000+00:00,19.9,31.1,53.0,784.6,0,3.9,320
3792,9625,2024-10-27T21:34:23.303000+00:00,19.8,31.0,53.0,784.5,0,4.2,297
3793,9625,2024-10-27T21:36:23.309000+00:00,19.8,31.0,53.0,784.5,0,2.8,321
3794,9625,2024-10-27T21:38:23.308000+00:00,19.9,31.2,53.0,784.4,0,2.1,83
3795,9625,2024-10-27T21:40:23.310000+00:00,19.9,30.9,52.0,784.4,0,3.7,288
3796,9625,2024-10-27T21:42:23.315000+00:00,19.7,30.9,53.0,784.4,0,2.8,298
3797,9625,2024-10-27T21:44:23.318000+00:00,19.8,30.6,53.0,784.6,0,2.3,285
3798,9625,2024-10-27T21:46:23.687000+00:00,19.7,30.8,53.0,784.6,0,3.0,296
3799,9635,2024-11-02T13:19:10.201000+00:00,27.1,39.0,53.0,928.5,0,2.2,36
3800,9635,2024-11-02T13:21:10.202000+00:00,27.1,40.0,52.0,928.6,0,1.7,9
3801,9635,2024-11-02T13:23:10.204000+00:00,27.2,40.4,52.0,928.6,0,1.5,85
3802,9635,2024-11-02T13:25:10.209000+00:00,27.1,40.7,51.0,928.5,0,1.0,46
3803,9635,2024-11-02T13:27:10.209000+00:00,27.3,41.1,52.0,928.6,0,2.4,45
3804,9635,2024-11-02T13:29:10.210000+00:00,27.3,41.3,52.0,928.5,0,2.6,26
3805,9635,2024-11-02T13:31:10.211000+00:00,27.5,41.4,52.0,928.4,0,1.9,57
3806,9635,2024-11-02T13:33:10.212000+00:00,27.6,42.3,51.0,928.6,0,1.9,41
3807,9635,2024-11-02T13:35:10.213000+00:00,27.7,42.6,51.0,928.4,0,0.6,45
3808,9635,2024-11-02T13:37:10.215000+00:00,27.8,43.3,51.0,928.5,0,1.6,55
3809,9635,2024-11-02T13:39:10.215000+00:00,27.9,44.2,51.0,928.4,0,1.0,42
3810,9635,2024-11-02T13:41:10.207000+00:00,27.9,45.0,50.0,928.4,0,1.7,29
3811,9635,2024-11-02T13:43:10.218000+00:00,28.0,44.1,50.0,928.4,0,1.8,34
3812,9635,2024-11-02T13:45:10.289000+00:00,27.9,44.8,51.0,928.3,0,0.9,12
3813,9635,2024-11-02T13:47:10.267000+00:00,28.0,45.3,50.0,928.4,0,2.2,16
3814,9635,2024-11-02T13:49:10.273000+00:00,27.9,45.0,51.0,928.4,0,1.8,12
3815,9635,2024-11-02T13:51:10.269000+00:00,28.0,45.9,51.0,928.4,0,1.7,29
3816,9635,2024-11-02T13:53:10.274000+00:00,28.0,45.7,51.0,928.3,0,1.6,55
3817,9635,2024-11-02T13:55:10.296000+00:00,28.0,46.4,50.0,928.3,0,1.9,45
3818,9635,2024-11-02T13:57:10.315000+00:00,28.0,48.0,50.0,928.3,0,0.8,27
3819,9635,2024-11-02T13:59:10.340000+00:00,28.2,47.8,49.0,928.2,0,2.0,21
3820,9635,2024-11-02T14:01:10.355000+00:00,28.4,49.3,50.0,928.2,0,2.6,4
3821,9635,2024-11-02T14:03:10.363000+00:00,28.5,49.5,48.0,928.2,0,1.3,26
3822,9635,2024-11-02T14:05:10.374000+00:00,28.4,50.2,48.0,928.1,0,1.2,30
3823,9635,2024-11-02T14:07:10.411000+00:00,28.6,49.3,46.0,928.1,1,2.2,4
3824,9635,2024-11-02T14:09:10.411000+00:00,28.5,48.1,48.0,928.2,1,2.1,21
3825,9635,2024-11-02T14:11:10.412000+00:00,28.5,50.4,47.0,928.2,1,2.1,27
3826,9635,2024-11-02T14:13:10.426000+00:00,28.5,48.3,47.0,928.2,1,1.2,354
3827,9635,2024-11-02T14:15:10.444000+00:00,28.3,49.5,48.0,928.1,1,2.0,29
3828,9635,2024-11-02T14:17:10.464000+00:00,28.5,49.3,47.0,928.2,1,0.9,9
3829,9635,2024-11-02T14:19:10.491000+00:00,28.6,49.7,46.0,928.1,1,1.1,27
3830,9635,2024-11-02T14:21:10.513000+00:00,28.8,48.3,48.0,928.2,1,1.0,42
3831,9635,2024-11-02T14:23:10.515000+00:00,28.7,48.5,48.0,928.3,0,2.6,50
3832,9635,2024-11-02T14:25:10.548000+00:00,28.6,47.9,49.0,928.1,0,1.3,34
3833,9635,2024-11-02T14:27:10.551000+00:00,28.6,48.0,48.0,928.2,0,2.4,35
3834,9635,2024-11-02T14:29:10.543000+00:00,28.5,48.2,48.0,928.2,0,2.5,27
3835,9635,2024-11-02T14:31:10.548000+00:00,28.6,47.7,47.0,928.1,0,1.5,40
3836,9635,2024-11-02T14:33:10.565000+00:00,28.5,47.0,49.0,928.1,0,0.5,106
3837,9636,2024-11-03T14:38:25.648000+00:00,22.2,27.3,86.0,927.4,1,0.4,0
3838,9636,2024-11-03T14:40:25.648000+00:00,22.1,26.4,86.0,927.4,1,0.8,182
3839,9636,2024-11-03T14:42:25.655000+00:00,22.1,26.2,87.0,927.3,1,0.4,0
3840,9636,2024-11-03T14:44:25.666000+00:00,22.2,26.4,88.0,927.3,1,0.8,205
3841,9636,2024-11-03T14:46:25.665000+00:00,22.1,26.4,87.0,927.3,1,0.8,210
3842,9636,2024-11-03T14:48:25.669000+00:00,22.2,26.8,87.0,927.2,1,0.6,216
3843,9636,2024-11-03T14:50:25.669000+00:00,22.3,27.2,87.0,927.3,1,0.6,201
3844,9636,2024-11-03T14:52:25.663000+00:00,22.3,27.4,88.0,927.3,1,0.7,179
3845,9636,2024-11-03T14:54:25.658000+00:00,22.4,27.9,87.0,927.2,1,0.6,227
3846,9636,2024-11-03T14:56:25.671000+00:00,22.5,27.6,87.0,927.2,1,0.5,348
3847,9636,2024-11-03T14:58:25.671000+00:00,22.6,27.8,88.0,927.2,0,0.4,317
3848,9636,2024-11-03T15:00:25.671000+00:00,22.6,28.2,87.0,927.1,0,0.0,0
3849,9636,2024-11-03T15:02:25.695000+00:00,22.7,28.2,86.0,927.0,0,0.4,170
3850,9636,2024-11-03T15:04:25.690000+00:00,22.7,28.7,84.0,927.0,0,0.9,11
3851,9636,2024-11-03T15:06:25.696000+00:00,22.6,29.1,84.0,927.1,0,0.5,178
3852,9636,2024-11-03T15:08:25.710000+00:00,22.9,29.1,85.0,927.0,0,0.5,220
3853,9636,2024-11-03T15:10:25.736000+00:00,22.8,29.0,82.0,927.0,0,0.7,0
3854,9636,2024-11-03T15:12:25.762000+00:00,22.9,29.5,82.0,927.0,0,0.4,0
3855,9636,2024-11-03T15:14:25.790000+00:00,23.0,29.4,80.0,927.0,0,0.9,288
3856,9636,2024-11-03T15:16:25.803000+00:00,23.0,29.4,82.0,926.9,0,0.7,221
3857,9636,2024-11-03T15:18:25.802000+00:00,23.0,29.3,80.0,926.9,0,0.0,239
3858,9636,2024-11-03T15:20:25.800000+00:00,23.1,28.5,80.0,926.9,0,0.8,241
3859,9636,2024-11-03T15:22:25.817000+00:00,23.2,28.5,82.0,926.9,0,1.0,197
3860,9636,2024-11-03T15:24:25.817000+00:00,23.3,28.5,82.0,926.9,0,0.6,221
3861,9636,2024-11-03T15:26:25.812000+00:00,23.4,28.8,80.0,926.9,0,1.2,184
3862,9636,2024-11-03T15:28:25.818000+00:00,23.2,28.4,82.0,926.9,0,1.1,207
3863,9636,2024-11-03T15:30:25.820000+00:00,23.3,28.6,81.0,926.8,0,0.6,233
3864,9636,2024-11-03T15:32:25.822000+00:00,23.3,28.2,81.0,926.8,0,0.8,192
3865,9636,2024-11-03T15:34:25.822000+00:00,23.3,27.9,80.0,926.8,0,0.5,133
3866,9636,2024-11-03T15:36:25.821000+00:00,23.1,27.1,80.0,926.7,0,1.0,200
3867,9636,2024-11-03T15:38:25.829000+00:00,23.0,26.0,79.0,926.6,0,1.6,199
3868,9636,2024-11-03T15:40:25.821000+00:00,22.9,25.6,81.0,926.7,0,1.3,177
3869,9636,2024-11-03T15:42:25.822000+00:00,22.8,25.4,81.0,926.6,0,0.9,200
3870,9636,2024-11-03T15:44:25.830000+00:00,22.5,25.5,81.0,926.5,0,0.9,187
3871,9636,2024-11-03T15:46:25.838000+00:00,22.5,25.2,80.0,926.5,0,0.8,189
3872,9636,2024-11-03T15:48:25.823000+00:00,22.5,25.4,79.0,926.5,0,0.7,0
3873,9636,2024-11-03T15:50:25.826000+00:00,22.5,25.1,78.0,926.6,1,0.9,259
3874,9636,2024-11-03T15:52:25.830000+00:00,22.4,24.6,78.0,926.6,1,0.7,265
3875,9636,2024-11-03T15:54:25.838000+00:00,22.3,24.5,78.0,926.5,1,0.9,187
3876,9636,2024-11-03T15:56:25.839000+00:00,22.2,24.6,78.0,926.6,1,0.7,201
3877,9636,2024-11-03T15:58:25.843000+00:00,22.2,24.9,78.0,926.6,1,1.1,191
3878,9636,2024-11-03T16:00:25.829000+00:00,22.1,24.9,78.0,926.5,1,0.7,268
3879,9636,2024-11-03T16:02:25.831000+00:00,22.1,25.0,77.0,926.6,1,0.9,170
3880,9636,2024-11-03T16:04:25.844000+00:00,22.1,24.9,76.0,926.5,1,1.1,189
3881,9636,2024-11-03T16:06:25.854000+00:00,22.2,24.8,75.0,926.6,1,0.7,0
3882,9636,2024-11-03T16:08:25.851000+00:00,22.3,25.2,76.0,926.5,1,0.8,137
3883,9636,2024-11-03T16:10:25.898000+00:00,22.3,25.4,75.0,926.5,1,0.6,330
3884,9636,2024-11-03T16:12:25.913000+00:00,22.2,25.3,76.0,926.4,1,0.7,264
3885,9636,2024-11-03T16:14:25.957000+00:00,22.1,25.1,76.0,926.5,1,0.5,171
3886,9636,2024-11-03T16:16:25.949000+00:00,22.0,25.1,77.0,926.5,1,0.6,207
3887,9636,2024-11-03T16:18:25.972000+00:00,22.0,24.9,79.0,926.4,1,0.4,154
3888,9636,2024-11-03T16:20:25.976000+00:00,22.0,24.9,81.0,926.4,1,1.0,141
3889,9636,2024-11-03T16:22:25.975000+00:00,22.0,24.9,83.0,926.4,1,0.7,149
3890,9636,2024-11-03T16:24:25.989000+00:00,21.9,24.9,85.0,926.5,1,0.7,189
3891,9636,2024-11-03T16:26:25.976000+00:00,21.9,24.7,85.0,926.5,1,0.4,353
3892,9636,2024-11-03T16:28:26+00:00,21.7,24.4,86.0,926.5,1,1.4,21
3893,9636,2024-11-03T16:30:26.017000+00:00,21.5,24.1,87.0,926.6,1,1.0,341
3894,9636,2024-11-03T16:32:26.018000+00:00,21.3,24.0,88.0,926.6,1,0.7,354
3895,9636,2024-11-03T16:34:26.036000+00:00,21.0,23.5,88.0,926.6,1,0.9,0
3896,9636,2024-11-03T16:36:26.033000+00:00,20.8,23.2,89.0,926.5,1,0.6,1
3897,9636,2024-11-03T16:38:26.063000+00:00,20.6,23.7,90.0,926.6,1,0.7,50
3898,9636,2024-11-03T16:40:26.095000+00:00,20.5,24.2,89.0,926.6,1,0.4,227
3899,9636,2024-11-03T16:42:26.080000+00:00,20.5,24.6,89.0,926.5,1,0.6,320
3900,9636,2024-11-03T16:44:26.097000+00:00,20.5,24.7,89.0,926.4,1,0.6,143
3901,9636,2024-11-03T16:46:26.100000+00:00,20.5,25.1,90.0,926.4,1,0.7,218
3902,9636,2024-11-03T16:48:26.114000+00:00,20.6,25.0,89.0,926.4,1,0.9,205
3903,9636,2024-11-03T16:50:26.110000+00:00,20.6,25.1,90.0,926.3,1,0.9,170
3904,9636,2024-11-03T16:52:26.114000+00:00,20.5,25.2,90.0,926.3,1,0.7,0
3905,9636,2024-11-03T16:54:26.127000+00:00,20.6,25.1,90.0,926.1,0,1.0,301
3906,9636,2024-11-03T16:56:26.123000+00:00,20.6,25.1,90.0,926.3,1,0.4,199
3907,9636,2024-11-03T16:58:26.146000+00:00,20.6,25.5,90.0,926.3,1,0.7,181
3908,9636,2024-11-03T17:00:26.162000+00:00,20.7,25.4,90.0,926.2,1,0.9,191
3909,9636,2024-11-03T17:02:26.163000+00:00,20.6,25.2,90.0,926.2,1,0.3,220
3910,9636,2024-11-03T17:04:26.201000+00:00,20.6,25.2,90.0,926.1,1,1.1,236
3911,9636,2024-11-03T17:06:26.229000+00:00,20.6,25.1,90.0,926.2,1,0.8,301
3912,9636,2024-11-03T17:08:26.231000+00:00,20.6,24.7,90.0,926.2,1,0.4,308
3913,9636,2024-11-03T17:10:26.230000+00:00,20.5,24.3,91.0,926.2,1,0.6,274
3914,9636,2024-11-03T17:12:26.227000+00:00,20.5,24.2,92.0,926.1,1,0.6,97
3915,9636,2024-11-03T17:14:26.244000+00:00,20.5,24.3,91.0,926.1,1,0.0,328
3916,9636,2024-11-03T17:16:26.235000+00:00,20.5,24.5,90.0,926.0,0,1.2,258
3917,9636,2024-11-03T17:18:26.247000+00:00,20.5,24.7,91.0,926.0,0,0.4,168
3918,9636,2024-11-03T17:20:26.302000+00:00,20.4,24.7,90.0,926.0,1,0.6,0
3919,9636,2024-11-03T17:22:26.267000+00:00,20.5,24.8,90.0,925.8,1,0.7,212
3920,9636,2024-11-03T17:24:26.284000+00:00,20.5,24.8,91.0,925.8,1,0.7,224
3921,9636,2024-11-03T17:26:26.275000+00:00,20.5,25.3,90.0,925.8,1,1.0,156
3922,9636,2024-11-03T17:28:26.270000+00:00,20.6,25.6,90.0,925.7,1,1.1,215
3923,9636,2024-11-03T17:30:26.282000+00:00,20.6,25.3,90.0,925.7,1,0.6,340
3924,9636,2024-11-03T17:32:26.277000+00:00,20.7,24.9,90.0,925.7,0,1.0,178
3925,9636,2024-11-03T17:34:26.288000+00:00,20.7,24.6,89.0,925.7,0,1.4,166
3926,9636,2024-11-03T17:36:26.287000+00:00,20.5,24.7,90.0,925.7,0,1.2,198
3927,9636,2024-11-03T17:38:26.285000+00:00,20.5,24.6,90.0,925.7,0,0.4,0
3928,9636,2024-11-03T17:40:26.289000+00:00,20.4,24.7,90.0,925.7,0,1.0,182
3929,9636,2024-11-03T17:42:26.280000+00:00,20.5,24.4,89.0,925.5,0,1.6,158
3930,9636,2024-11-03T17:44:26.291000+00:00,20.5,24.4,89.0,925.7,0,1.2,222
3931,9636,2024-11-03T17:46:26.293000+00:00,20.4,24.5,90.0,925.6,0,0.0,312
3932,9636,2024-11-03T17:48:26.292000+00:00,20.4,24.7,90.0,925.5,0,1.0,202
3933,9636,2024-11-03T17:50:26.295000+00:00,20.5,24.5,89.0,925.5,0,0.6,337
3934,9636,2024-11-03T17:52:26.293000+00:00,20.5,24.5,89.0,925.6,0,0.6,0
3935,9636,2024-11-03T17:54:26.293000+00:00,20.5,24.2,89.0,925.5,0,0.0,223
3936,9636,2024-11-03T17:56:26.294000+00:00,20.5,24.0,89.0,925.4,0,1.8,176
3937,9636,2024-11-03T17:58:26.311000+00:00,20.5,24.1,89.0,925.4,0,0.4,160
3938,9644,2024-11-24T05:07:34.128000+00:00,18.6,18.2,49.0,935.7,0,2.4,245
3939,9644,2024-11-24T05:09:34.131000+00:00,18.6,18.4,49.0,935.8,0,1.4,220
3940,9644,2024-11-24T05:11:34.133000+00:00,18.6,18.1,49.0,935.7,0,4.0,228
3941,9644,2024-11-24T05:13:34.137000+00:00,18.5,18.3,49.0,935.8,0,2.9,216
3942,9644,2024-11-24T05:15:34.134000+00:00,18.5,18.4,49.0,935.7,0,2.2,270
3943,9644,2024-11-24T05:17:34.137000+00:00,18.5,18.5,49.0,935.8,0,2.4,209
3944,9644,2024-11-24T05:19:34.138000+00:00,18.5,18.6,49.0,935.8,0,1.6,225
3945,9644,2024-11-24T05:21:34.140000+00:00,18.4,18.5,49.0,935.8,0,2.5,223
3946,9644,2024-11-24T05:23:34.141000+00:00,18.4,18.8,49.0,935.7,0,1.1,251
3947,9644,2024-11-24T05:25:34.145000+00:00,18.4,18.4,49.0,935.5,0,2.4,256
3948,9644,2024-11-24T05:27:34.165000+00:00,18.4,18.5,49.0,935.5,0,1.9,221
3949,9644,2024-11-24T05:29:34.161000+00:00,18.4,18.4,49.0,935.4,0,2.1,349
3950,9644,2024-11-24T05:31:34.163000+00:00,18.4,18.6,49.0,935.5,0,2.1,228
3951,9644,2024-11-24T05:33:34.180000+00:00,18.3,18.8,49.0,935.5,0,2.9,263
3952,9644,2024-11-24T05:35:34.195000+00:00,18.3,19.9,49.0,935.6,0,2.9,254
3953,9644,2024-11-24T05:37:34.200000+00:00,18.3,18.6,49.0,935.5,0,2.3,239
3954,9644,2024-11-24T05:39:34.231000+00:00,18.2,18.6,49.0,935.5,0,1.9,270
3955,9644,2024-11-24T05:41:34.251000+00:00,18.3,18.6,49.0,935.7,0,2.1,222
3956,9644,2024-11-24T05:43:34.281000+00:00,18.2,18.6,49.0,935.8,0,1.2,260
3957,9644,2024-11-24T05:45:34.281000+00:00,18.2,18.6,49.0,935.6,0,3.9,204
3958,9644,2024-11-24T05:47:34.287000+00:00,18.1,18.5,50.0,935.6,0,3.5,232
3959,9644,2024-11-24T05:49:34.285000+00:00,18.1,18.6,50.0,935.6,0,3.2,199
3960,9644,2024-11-24T05:51:34.287000+00:00,18.1,18.5,50.0,935.6,0,2.9,210
3961,9644,2024-11-24T05:53:34.294000+00:00,18.0,18.5,50.0,935.6,0,2.5,195
3962,9644,2024-11-24T05:55:34.295000+00:00,18.0,18.5,50.0,935.7,0,0.9,258
3963,9644,2024-11-24T05:57:34.290000+00:00,18.0,18.5,50.0,935.7,0,2.9,253
3964,9644,2024-11-24T05:59:34.292000+00:00,17.9,18.1,50.0,935.8,0,4.0,255
3965,9644,2024-11-24T06:01:34.293000+00:00,17.9,18.1,50.0,935.9,0,1.5,205
3966,9644,2024-11-24T06:03:34.295000+00:00,17.9,18.3,50.0,935.7,0,2.7,273
3967,9644,2024-11-24T06:05:34.308000+00:00,18.0,18.2,50.0,936.0,0,1.2,274
3968,9644,2024-11-24T06:07:34.304000+00:00,18.0,18.0,50.0,935.9,0,1.1,263
3969,9644,2024-11-24T06:09:34.319000+00:00,18.0,17.9,50.0,936.0,0,2.7,243
3970,9644,2024-11-24T06:11:34.332000+00:00,18.0,17.7,51.0,935.9,0,3.3,245
3971,9644,2024-11-24T06:13:34.340000+00:00,17.9,17.7,50.0,935.7,0,3.1,241
3972,9644,2024-11-24T06:15:34.361000+00:00,17.9,17.6,50.0,935.9,0,2.9,256
3973,9644,2024-11-24T06:17:34.373000+00:00,17.9,17.6,51.0,936.0,0,3.1,256
3974,9644,2024-11-24T06:19:34.387000+00:00,17.9,17.7,50.0,936.0,0,2.0,261
3975,9644,2024-11-24T06:21:34.420000+00:00,17.8,17.6,51.0,936.0,0,1.8,254
3976,9644,2024-11-24T06:23:34.434000+00:00,17.9,17.5,50.0,936.0,0,2.4,132
3977,9644,2024-11-24T06:25:34.442000+00:00,17.8,17.5,50.0,936.0,0,3.0,244
3978,9644,2024-11-24T06:27:34.440000+00:00,17.7,17.5,50.0,936.0,0,2.5,252
3979,9644,2024-11-24T06:29:34.469000+00:00,17.7,17.4,50.0,936.0,0,3.9,273
3980,9644,2024-11-24T06:31:34.487000+00:00,17.7,17.4,50.0,936.2,0,3.2,227
3981,9644,2024-11-24T06:33:34.487000+00:00,17.7,17.3,50.0,936.2,0,2.1,255
3982,9644,2024-11-24T06:35:34.497000+00:00,17.6,17.4,49.0,935.9,0,2.4,258
3983,9644,2024-11-24T06:37:34.507000+00:00,17.6,17.4,49.0,935.9,0,3.3,256
3984,9644,2024-11-24T06:39:34.538000+00:00,17.6,17.2,49.0,936.0,0,2.4,242
3985,9644,2024-11-24T06:41:34.578000+00:00,17.6,17.3,48.0,936.1,0,3.1,227
3986,9644,2024-11-24T06:43:34.574000+00:00,17.5,17.1,49.0,936.0,0,3.5,212
3987,9644,2024-11-24T06:45:34.581000+00:00,17.6,17.2,48.0,936.1,0,4.7,230
3988,9644,2024-11-24T06:47:34.579000+00:00,17.6,17.2,48.0,936.0,0,2.5,247
3989,9644,2024-11-24T06:49:34.577000+00:00,17.5,17.1,46.0,936.1,0,3.0,238
3990,9644,2024-11-24T06:51:34.578000+00:00,17.5,17.0,47.0,936.1,0,4.1,214
3991,9644,2024-11-24T06:53:34.584000+00:00,17.5,17.1,46.0,936.0,0,3.4,222
3992,9644,2024-11-24T06:55:34.618000+00:00,17.5,17.0,46.0,936.1,0,2.8,270
3993,9644,2024-11-24T06:57:34.634000+00:00,17.4,17.0,45.0,936.1,0,3.2,229
3994,9644,2024-11-24T06:59:34.647000+00:00,17.3,17.0,45.0,936.1,0,1.7,216
3995,9644,2024-11-24T07:01:34.684000+00:00,17.4,17.0,44.0,936.1,0,3.0,258
3996,9644,2024-11-24T07:03:34.689000+00:00,17.4,16.9,44.0,936.1,0,2.7,245
3997,9644,2024-11-24T07:05:34.682000+00:00,17.3,16.9,43.0,936.1,0,3.4,226
3998,9644,2024-11-24T07:07:34.701000+00:00,17.3,16.8,43.0,936.0,0,4.3,207
3999,9644,2024-11-24T07:09:34.718000+00:00,17.3,16.9,43.0,936.0,0,3.4,237
4000,9644,2024-11-24T07:11:34.730000+00:00,17.2,16.8,43.0,936.2,0,3.2,229
4001,9644,2024-11-24T07:13:34.723000+00:00,17.2,16.8,43.0,936.1,0,4.7,245
4002,9644,2024-11-24T07:15:34.723000+00:00,17.1,16.8,43.0,936.1,0,3.2,300
4003,9644,2024-11-24T07:17:34.714000+00:00,17.1,16.7,43.0,936.1,0,4.0,234
4004,9644,2024-11-24T07:19:34.743000+00:00,17.0,16.7,43.0,936.2,0,5.0,263
4005,9644,2024-11-24T07:21:34.778000+00:00,17.1,16.7,43.0,936.2,0,3.4,197
4006,9644,2024-11-24T07:23:34.804000+00:00,17.1,16.7,43.0,936.2,0,3.2,238
4007,9644,2024-11-24T07:25:34.840000+00:00,17.0,16.7,43.0,936.2,0,3.5,209
4008,9644,2024-11-24T07:27:34.864000+00:00,17.1,16.7,42.0,936.2,0,2.4,262
4009,9644,2024-11-24T07:29:34.856000+00:00,17.0,16.6,42.0,936.1,0,2.9,221
4010,9654,2024-11-30T13:19:33.022000+00:00,21.8,27.3,50.0,1016.9,0,4.9,353
4011,9654,2024-11-30T13:21:33.013000+00:00,21.8,27.1,50.0,1016.9,0,4.7,354
4012,9654,2024-11-30T13:23:33.016000+00:00,21.7,27.1,51.0,1016.9,0,5.0,352
4013,9654,2024-11-30T13:25:33.006000+00:00,21.7,27.0,51.0,1016.9,0,4.3,350
4014,9654,2024-11-30T13:27:33.047000+00:00,21.6,26.9,51.0,1017.0,0,4.7,342
4015,9654,2024-11-30T13:29:33.080000+00:00,21.6,26.9,51.0,1017.0,0,4.2,354
4016,9654,2024-11-30T13:31:33.083000+00:00,21.6,26.7,51.0,1017.0,0,3.9,340
4017,9654,2024-11-30T13:33:33.098000+00:00,21.5,26.6,51.0,1017.0,0,4.3,0
4018,9654,2024-11-30T13:35:33.099000+00:00,21.5,26.6,52.0,1017.0,0,4.1,350
4019,9654,2024-11-30T13:37:33.102000+00:00,21.5,26.6,52.0,1017.1,0,3.8,358
4020,9654,2024-11-30T13:39:33.103000+00:00,21.5,26.5,52.0,1017.1,0,3.4,2
4021,9654,2024-11-30T13:41:33.104000+00:00,21.5,26.4,52.0,1017.1,0,3.6,0
4022,9654,2024-11-30T13:43:33.107000+00:00,21.4,26.4,53.0,1017.2,0,3.9,348
4023,9654,2024-11-30T13:45:33.145000+00:00,21.4,26.3,53.0,1017.2,0,4.0,355
4024,9654,2024-11-30T13:47:33.156000+00:00,21.3,26.2,53.0,1017.1,0,3.4,4
4025,9654,2024-11-30T13:49:33.157000+00:00,21.3,26.2,53.0,1017.2,0,3.5,346
4026,9654,2024-11-30T13:51:33.159000+00:00,21.3,26.1,53.0,1017.2,0,4.1,351
4027,9654,2024-11-30T13:53:33.191000+00:00,21.3,26.1,52.0,1017.2,0,3.8,343
4028,9654,2024-11-30T13:55:33.177000+00:00,21.3,25.9,52.0,1017.1,0,3.9,349
4029,9654,2024-11-30T13:57:33.209000+00:00,21.2,25.9,53.0,1017.2,0,4.4,340
4030,9654,2024-11-30T13:59:33.243000+00:00,21.2,25.8,53.0,1017.2,0,4.2,350
4031,9654,2024-11-30T14:01:33.243000+00:00,21.1,25.6,53.0,1017.2,0,4.2,340
4032,9654,2024-11-30T14:03:33.245000+00:00,21.1,25.5,53.0,1017.2,0,4.1,349
4033,9654,2024-11-30T14:05:33.253000+00:00,21.1,25.6,53.0,1017.3,0,4.1,356
4034,9654,2024-11-30T14:07:33.250000+00:00,21.1,25.5,53.0,1017.2,0,3.9,339
4035,9654,2024-11-30T14:09:33.256000+00:00,21.2,25.6,53.0,1017.3,0,4.3,347
4036,9654,2024-11-30T14:11:33.251000+00:00,21.1,25.4,53.0,1017.2,0,3.5,10
4037,9654,2024-11-30T14:13:33.253000+00:00,21.1,25.4,53.0,1017.3,0,2.8,347
4038,9654,2024-11-30T14:15:33.257000+00:00,21.1,25.4,53.0,1017.2,0,2.3,315
4039,9654,2024-11-30T14:17:33.260000+00:00,21.1,25.4,53.0,1017.3,0,3.1,8
4040,9654,2024-11-30T14:19:33.259000+00:00,21.0,25.2,53.0,1017.2,0,3.1,4
4041,9654,2024-11-30T14:21:33.258000+00:00,21.0,25.3,53.0,1017.4,0,2.5,331
4042,9654,2024-11-30T14:23:33.281000+00:00,21.0,25.2,53.0,1017.3,0,2.8,347
4043,9654,2024-11-30T14:25:33.260000+00:00,21.0,25.2,53.0,1017.4,0,2.2,354
4044,9654,2024-11-30T14:27:33.263000+00:00,21.0,25.1,53.0,1017.3,0,2.2,348
4045,9654,2024-11-30T14:29:33.263000+00:00,21.0,25.0,53.0,1017.5,0,2.6,345
4046,9654,2024-11-30T14:31:33.265000+00:00,21.0,25.0,53.0,1017.4,0,2.8,358
4047,9655,2024-12-01T15:09:39.254000+00:00,19.7,23.8,57.0,1015.2,0,2.3,358
4048,9655,2024-12-01T15:11:39.247000+00:00,19.7,23.8,57.0,1015.1,0,2.5,4
4049,9655,2024-12-01T15:13:39.249000+00:00,19.6,23.8,57.0,1015.2,0,2.4,341
4050,9655,2024-12-01T15:15:39.266000+00:00,19.6,23.8,57.0,1015.2,0,2.3,0
4051,9655,2024-12-01T15:17:39.282000+00:00,19.6,23.7,57.0,1015.3,0,2.9,11
4052,9655,2024-12-01T15:19:39.286000+00:00,19.6,23.7,57.0,1015.3,0,2.6,0
4053,9655,2024-12-01T15:21:39.289000+00:00,19.6,23.7,57.0,1015.3,0,2.4,341
4054,9655,2024-12-01T15:23:39.287000+00:00,19.5,23.6,57.0,1015.3,0,2.4,359
4055,9655,2024-12-01T15:25:39.291000+00:00,19.5,23.7,56.0,1015.3,0,2.3,22
4056,9655,2024-12-01T15:27:39.302000+00:00,19.6,23.7,56.0,1015.3,0,1.9,12
4057,9655,2024-12-01T15:29:39.291000+00:00,19.6,23.7,55.0,1015.3,0,1.9,14
4058,9655,2024-12-01T15:31:39.294000+00:00,19.5,23.6,55.0,1015.3,0,2.5,2
4059,9655,2024-12-01T15:33:39.296000+00:00,19.5,23.5,56.0,1015.3,0,2.5,4
4060,9655,2024-12-01T15:35:39.302000+00:00,19.5,23.4,56.0,1015.3,0,2.9,12
4061,9655,2024-12-01T15:37:39.297000+00:00,19.4,23.4,56.0,1015.3,0,3.2,25
4062,9655,2024-12-01T15:39:39.298000+00:00,19.4,23.4,56.0,1015.4,0,2.5,16
4063,9655,2024-12-01T15:41:39.300000+00:00,19.4,23.4,55.0,1015.5,0,3.0,339
4064,9655,2024-12-01T15:43:39.301000+00:00,19.4,23.3,55.0,1015.3,0,2.5,11
4065,9655,2024-12-01T15:45:39.305000+00:00,19.4,23.3,55.0,1015.5,0,1.9,12
4066,9655,2024-12-01T15:47:39.319000+00:00,19.3,23.3,55.0,1015.4,0,2.2,6
4067,9655,2024-12-01T15:49:39.337000+00:00,19.3,23.3,55.0,1015.5,0,2.3,3
4068,9655,2024-12-01T15:51:39.353000+00:00,19.3,23.2,55.0,1015.4,0,2.4,1
4069,9655,2024-12-01T15:53:39.373000+00:00,19.3,23.2,55.0,1015.5,0,2.1,5
4070,9655,2024-12-01T15:55:39.386000+00:00,19.2,23.2,55.0,1015.5,0,2.0,12
4071,9655,2024-12-01T15:57:39.431000+00:00,19.2,23.2,55.0,1015.4,0,2.3,12
4072,9655,2024-12-01T15:59:39.421000+00:00,19.2,23.1,55.0,1015.5,0,1.9,357
4073,9655,2024-12-01T16:01:39.441000+00:00,19.1,23.1,55.0,1015.5,0,2.0,0
4074,9655,2024-12-01T16:03:39.439000+00:00,19.1,23.0,55.0,1015.5,0,1.8,18
4075,9655,2024-12-01T16:05:39.441000+00:00,19.1,23.0,55.0,1015.5,0,2.4,8
4076,9655,2024-12-01T16:07:39.443000+00:00,19.1,23.0,54.0,1015.6,0,1.8,20
4077,9655,2024-12-01T16:09:39.443000+00:00,19.0,23.0,54.0,1015.5,0,1.5,338
4078,9655,2024-12-01T16:11:39.444000+00:00,19.0,23.0,54.0,1015.5,0,0.8,1
4079,9655,2024-12-01T16:13:39.447000+00:00,19.0,22.9,54.0,1015.6,0,2.2,12
4080,9655,2024-12-01T16:15:39.459000+00:00,19.0,22.9,54.0,1015.5,0,1.0,27
4081,9655,2024-12-01T16:17:39.454000+00:00,19.0,22.9,54.0,1015.5,0,1.0,0
4082,9655,2024-12-01T16:19:39.451000+00:00,19.0,22.9,54.0,1015.5,0,1.3,336
4083,9655,2024-12-01T16:21:39.457000+00:00,19.0,22.7,55.0,1015.5,0,0.6,4
4084,9655,2024-12-01T16:23:39.456000+00:00,19.0,22.7,54.0,1015.6,0,1.4,27
4085,9655,2024-12-01T16:25:39.456000+00:00,19.0,22.7,55.0,1015.6,0,0.8,0
4086,9655,2024-12-01T16:27:39.454000+00:00,19.0,22.7,55.0,1015.6,0,1.0,15
4087,9655,2024-12-01T16:29:39.462000+00:00,18.9,22.5,55.0,1015.6,0,1.1,39
4088,9655,2024-12-01T16:31:39.465000+00:00,18.9,22.6,55.0,1015.6,0,1.7,22
4089,9655,2024-12-01T16:33:39.460000+00:00,18.9,22.5,55.0,1015.6,0,1.3,32
4090,9655,2024-12-01T16:35:39.470000+00:00,18.9,22.5,55.0,1015.5,0,1.1,17
4091,9655,2024-12-01T16:37:39.468000+00:00,18.8,22.7,55.0,1015.7,0,0.7,347
4092,9655,2024-12-01T16:39:39.469000+00:00,18.8,22.7,55.0,1015.6,0,0.5,66
4093,9655,2024-12-01T16:41:39.466000+00:00,18.8,22.6,55.0,1015.6,0,1.0,15
4094,9655,2024-12-01T16:43:39.467000+00:00,18.8,22.5,55.0,1015.6,0,1.2,3
4095,9655,2024-12-01T16:45:39.468000+00:00,18.7,22.4,56.0,1015.6,0,1.6,330
4096,9655,2024-12-01T16:47:39.472000+00:00,18.7,22.2,56.0,1015.7,0,1.5,33
4097,9655,2024-12-01T16:49:39.472000+00:00,18.6,22.5,56.0,1015.7,0,1.2,28
4098,9655,2024-12-01T16:51:39.472000+00:00,18.6,22.3,56.0,1015.6,0,1.4,36
4099,9655,2024-12-01T16:53:39.473000+00:00,18.5,22.3,57.0,1015.7,0,1.2,25
4100,9655,2024-12-01T16:55:39.482000+00:00,18.5,22.1,57.0,1015.7,0,1.4,355
4101,9655,2024-12-01T16:57:39.481000+00:00,18.5,22.1,58.0,1015.7,0,0.9,302
4102,9655,2024-12-01T16:59:39.483000+00:00,18.5,22.2,58.0,1015.6,0,1.1,355
4103,9655,2024-12-01T17:01:39.482000+00:00,18.4,22.1,59.0,1015.6,0,0.9,350
4104,9655,2024-12-01T17:03:39.500000+00:00,18.5,22.2,59.0,1015.7,0,1.3,340
4105,9655,2024-12-01T17:05:39.535000+00:00,18.5,22.2,59.0,1015.7,0,1.1,14
4106,9655,2024-12-01T17:07:39.537000+00:00,18.4,22.3,60.0,1015.6,0,1.7,35
4107,9655,2024-12-01T17:09:39.562000+00:00,18.4,22.1,60.0,1015.6,0,0.9,72
4108,9655,2024-12-01T17:11:39.584000+00:00,18.4,22.1,61.0,1015.6,0,1.1,0
4109,9655,2024-12-01T17:13:39.581000+00:00,18.4,22.1,61.0,1015.7,0,1.4,212
4110,9655,2024-12-01T17:15:39.605000+00:00,18.3,22.0,62.0,1015.6,0,1.7,14
4111,9655,2024-12-01T17:17:39.615000+00:00,18.3,22.0,62.0,1015.6,0,1.4,31
4112,9655,2024-12-01T17:19:39.619000+00:00,18.3,22.0,63.0,1015.6,0,1.4,58
4113,9655,2024-12-01T17:21:39.619000+00:00,18.3,21.9,63.0,1015.5,0,1.2,2
4114,9655,2024-12-01T17:23:39.622000+00:00,18.3,22.0,63.0,1015.5,0,1.0,17
4115,9655,2024-12-01T17:25:39.625000+00:00,18.3,21.9,64.0,1015.5,0,1.2,325
4116,9655,2024-12-01T17:27:39.626000+00:00,18.3,21.9,64.0,1015.5,0,1.2,162
4117,9655,2024-12-01T17:29:39.623000+00:00,18.3,22.0,64.0,1015.5,0,1.4,318
4118,9655,2024-12-01T17:31:39.625000+00:00,18.2,22.0,64.0,1015.5,0,1.5,304
4119,9655,2024-12-01T17:33:39.626000+00:00,18.3,22.0,64.0,1015.4,0,1.6,347
4120,9655,2024-12-01T17:35:39.631000+00:00,18.3,21.9,64.0,1015.5,0,1.4,332
4121,9655,2024-12-01T17:37:39.630000+00:00,18.3,21.9,65.0,1015.6,0,1.5,38
4122,9655,2024-12-01T17:39:39.635000+00:00,18.3,21.9,64.0,1015.5,0,1.8,56
4123,9662,2024-12-08T12:07:44.039000+00:00,27.8,37.2,42.0,1017.3,0,1.0,292
4124,9662,2024-12-08T12:09:44.041000+00:00,27.7,36.8,43.0,1017.2,0,2.5,324
4125,9662,2024-12-08T12:11:44.070000+00:00,27.6,36.7,44.0,1017.2,0,1.7,308
4126,9662,2024-12-08T12:13:44.073000+00:00,27.6,36.1,44.0,1017.3,0,2.1,315
4127,9662,2024-12-08T12:15:44.078000+00:00,27.6,36.1,44.0,1017.1,0,1.0,310
4128,9662,2024-12-08T12:17:44.091000+00:00,27.8,35.5,43.0,1017.1,0,2.1,266
4129,9662,2024-12-08T12:19:44.108000+00:00,27.6,35.5,44.0,1017.1,0,1.8,319
4130,9662,2024-12-08T12:21:44.129000+00:00,27.6,33.2,44.0,1017.1,0,2.3,317
4131,9662,2024-12-08T12:23:44.162000+00:00,27.5,33.1,45.0,1017.1,0,1.6,294
4132,9662,2024-12-08T12:25:44.170000+00:00,27.5,34.5,46.0,1017.1,0,2.9,311
4133,9662,2024-12-08T12:27:44.163000+00:00,27.4,34.6,47.0,1017.1,0,2.1,287
4134,9662,2024-12-08T12:29:44.178000+00:00,27.5,33.8,47.0,1017.0,0,1.5,203
4135,9662,2024-12-08T12:31:44.195000+00:00,27.5,33.9,45.0,1017.0,0,0.9,309
4136,9662,2024-12-08T12:33:44.219000+00:00,27.5,34.1,45.0,1017.0,0,1.0,122
4137,9662,2024-12-08T12:35:44.233000+00:00,27.5,34.2,44.0,1017.0,0,2.2,125
4138,9662,2024-12-08T12:37:44.247000+00:00,27.4,31.8,45.0,1017.0,0,3.5,110
4139,9662,2024-12-08T12:39:44.248000+00:00,27.3,32.5,46.0,1017.1,0,2.8,115
4140,9662,2024-12-08T12:41:44.236000+00:00,27.3,30.9,46.0,1017.1,0,1.7,44
4141,9662,2024-12-08T12:43:44.251000+00:00,27.3,31.2,45.0,1017.0,0,2.7,30
4142,9662,2024-12-08T12:45:44.250000+00:00,27.2,31.8,46.0,1017.1,0,1.0,96
4143,9662,2024-12-08T12:47:44.253000+00:00,27.2,34.0,45.0,1017.0,0,1.1,125
4144,9662,2024-12-08T12:49:44.254000+00:00,27.2,32.2,45.0,1016.9,0,3.6,100
4145,9662,2024-12-08T12:51:44.270000+00:00,27.1,33.7,47.0,1017.1,0,1.3,110
4146,9662,2024-12-08T12:53:44.303000+00:00,27.1,33.0,47.0,1017.1,0,1.4,116
4147,9662,2024-12-08T12:55:44.340000+00:00,27.1,32.8,47.0,1017.1,0,1.0,99
4148,9662,2024-12-08T12:57:44.351000+00:00,27.1,32.7,47.0,1017.1,0,1.9,97
4149,9662,2024-12-08T12:59:44.353000+00:00,27.0,32.1,47.0,1017.1,0,2.6,134
4150,9662,2024-12-08T13:01:44.373000+00:00,27.0,32.0,49.0,1017.3,0,1.8,103
4151,9662,2024-12-08T13:03:44.376000+00:00,27.0,32.1,49.0,1017.2,0,2.0,117
4152,9662,2024-12-08T13:05:44.394000+00:00,27.0,32.2,49.0,1017.2,0,1.3,111
4153,9662,2024-12-08T13:07:44.396000+00:00,27.0,31.8,49.0,1017.2,0,1.4,112
4154,9662,2024-12-08T13:09:44.383000+00:00,26.9,31.9,50.0,1017.2,0,1.4,0
4155,9662,2024-12-08T13:11:44.400000+00:00,26.8,31.8,50.0,1017.4,0,1.2,113
4156,9662,2024-12-08T13:13:44.403000+00:00,26.8,31.8,50.0,1017.3,0,0.9,0
4157,9662,2024-12-08T13:15:44.398000+00:00,26.9,31.5,51.0,1017.4,0,1.8,277
4158,9662,2024-12-08T13:17:44.397000+00:00,26.8,31.7,51.0,1017.4,0,1.7,116
4159,9662,2024-12-08T13:19:44.396000+00:00,26.9,31.2,51.0,1017.4,0,2.0,126
4160,9662,2024-12-08T13:21:44.404000+00:00,26.8,31.6,52.0,1017.4,0,1.7,278
4161,9662,2024-12-08T13:23:44.407000+00:00,26.8,31.5,52.0,1017.5,0,2.5,99
4162,9662,2024-12-08T13:25:44.489000+00:00,26.8,31.3,52.0,1017.4,0,1.6,110
4163,9662,2024-12-08T13:27:44.506000+00:00,26.7,31.3,52.0,1017.4,0,2.2,112
4164,9662,2024-12-08T13:29:44.543000+00:00,26.6,31.2,52.0,1017.5,0,1.1,122
4165,9662,2024-12-08T13:31:44.539000+00:00,26.7,31.3,52.0,1017.4,0,1.6,173
4166,9662,2024-12-08T13:33:44.535000+00:00,26.7,31.3,52.0,1017.5,0,1.3,226
4167,9662,2024-12-08T13:35:44.536000+00:00,26.6,31.3,53.0,1017.5,0,1.1,117
4168,9662,2024-12-08T13:37:44.543000+00:00,26.5,31.0,53.0,1017.5,0,1.4,111
4169,9662,2024-12-08T13:39:44.543000+00:00,26.5,31.1,53.0,1017.6,0,1.8,104
4170,9662,2024-12-08T13:41:44.548000+00:00,26.5,30.9,54.0,1017.6,0,1.0,110
4171,9662,2024-12-08T13:43:44.545000+00:00,26.5,30.8,54.0,1017.6,0,1.8,111
4172,9662,2024-12-08T13:45:44.543000+00:00,26.4,30.7,55.0,1017.7,0,1.2,112
4173,9662,2024-12-08T13:47:44.548000+00:00,26.4,30.8,55.0,1017.6,0,1.7,118
4174,9662,2024-12-08T13:49:44.560000+00:00,26.4,30.6,56.0,1017.6,0,2.1,111
4175,9662,2024-12-08T13:51:44.546000+00:00,26.4,30.5,56.0,1017.6,0,2.6,111
4176,9662,2024-12-08T13:53:44.549000+00:00,26.3,30.6,57.0,1017.7,0,1.8,141
4177,9662,2024-12-08T13:55:44.556000+00:00,26.3,30.3,57.0,1017.6,0,2.5,74
4178,9662,2024-12-08T13:57:44.560000+00:00,26.3,30.3,57.0,1017.8,0,1.7,132
4179,9662,2024-12-08T13:59:44.553000+00:00,26.3,30.3,58.0,1017.7,0,2.1,109
4180,9662,2024-12-08T14:01:44.577000+00:00,26.2,30.1,58.0,1017.7,0,1.1,114
4181,9662,2024-12-08T14:03:44.577000+00:00,26.1,30.2,58.0,1017.8,0,2.3,107
4182,9662,2024-12-08T14:05:44.588000+00:00,26.2,30.2,58.0,1017.8,0,0.8,94
4183,9662,2024-12-08T14:07:44.606000+00:00,26.1,30.1,58.0,1017.6,0,2.1,113
4184,9662,2024-12-08T14:09:44.608000+00:00,26.1,30.1,58.0,1017.8,0,1.5,116
4185,9662,2024-12-08T14:11:44.633000+00:00,26.1,30.0,58.0,1017.7,0,3.2,115
4186,9662,2024-12-08T14:13:44.659000+00:00,26.0,29.7,59.0,1017.8,0,2.2,111
4187,9662,2024-12-08T14:15:44.661000+00:00,26.0,29.7,59.0,1017.9,0,2.5,0
4188,9662,2024-12-08T14:17:44.681000+00:00,26.0,29.5,59.0,1017.9,0,2.1,74
4189,9662,2024-12-08T14:19:44.678000+00:00,26.0,29.4,59.0,1017.9,0,2.0,142
4190,9662,2024-12-08T14:21:44.696000+00:00,25.9,29.4,59.0,1017.9,0,3.0,82
4191,9662,2024-12-08T14:23:44.711000+00:00,25.9,29.4,60.0,1017.8,0,2.9,116
4192,9662,2024-12-08T14:25:44.697000+00:00,25.9,29.3,60.0,1017.9,0,3.2,117
4193,9662,2024-12-08T14:27:44.709000+00:00,25.9,29.4,60.0,1018.0,0,2.1,110
4194,9662,2024-12-08T14:29:44.703000+00:00,25.9,29.3,60.0,1018.0,0,1.9,111
4195,9662,2024-12-08T14:31:44.720000+00:00,25.9,29.4,60.0,1018.0,0,2.4,84
4196,9662,2024-12-08T14:33:44.734000+00:00,25.8,29.1,60.0,1018.0,0,1.2,116
4197,9693,2025-03-16T03:07:30.394000+00:00,15.8,18.8,91.0,1009.2,1,2.6,211
4198,9693,2025-03-16T03:09:30.381000+00:00,15.7,18.8,92.0,1009.0,1,2.2,271
4199,9693,2025-03-16T03:11:30.396000+00:00,15.7,18.8,90.0,1009.4,1,5.6,246
4200,9693,2025-03-16T03:13:30.400000+00:00,15.6,18.8,90.0,1009.2,1,4.8,283
4201,9693,2025-03-16T03:15:30.401000+00:00,15.6,18.7,90.0,1009.3,1,3.7,252
4202,9693,2025-03-16T03:17:30.402000+00:00,15.6,18.7,89.0,1009.3,0,4.4,265
4203,9693,2025-03-16T03:19:30.433000+00:00,15.6,18.7,88.0,1009.2,0,4.3,264
4204,9693,2025-03-16T03:21:30.430000+00:00,15.6,18.7,88.0,1009.4,0,3.8,254
4205,9693,2025-03-16T03:23:30.451000+00:00,15.7,18.7,88.0,1009.2,0,3.7,261
4206,9693,2025-03-16T03:25:30.428000+00:00,15.6,18.7,87.0,1009.1,0,5.6,265
4207,9693,2025-03-16T03:27:30.461000+00:00,15.6,18.7,87.0,1009.3,0,4.1,268
4208,9693,2025-03-16T03:29:30.462000+00:00,15.6,18.7,87.0,1009.3,0,6.6,267
4209,9693,2025-03-16T03:31:30.476000+00:00,15.5,18.7,86.0,1009.2,1,4.0,257
4210,9693,2025-03-16T03:33:30.507000+00:00,15.4,18.7,87.0,1009.6,1,5.1,269
4211,9693,2025-03-16T03:35:30.538000+00:00,15.3,18.7,87.0,1009.4,1,4.4,249
4212,9693,2025-03-16T03:37:30.536000+00:00,15.2,18.7,88.0,1009.8,1,4.0,257
4213,9693,2025-03-16T03:39:30.540000+00:00,15.1,18.5,87.0,1009.8,0,6.0,250
4214,9693,2025-03-16T03:41:30.544000+00:00,15.1,18.5,87.0,1009.6,1,5.9,261
4215,9693,2025-03-16T03:43:30.561000+00:00,15.2,18.3,87.0,1009.7,1,4.8,249
4216,9693,2025-03-16T03:45:30.579000+00:00,15.2,18.3,87.0,1009.6,1,4.0,263
4217,9693,2025-03-16T03:47:30.579000+00:00,15.2,18.3,87.0,1009.5,1,4.7,264
4218,9693,2025-03-16T03:49:30.589000+00:00,15.2,18.3,87.0,1009.2,0,2.9,258
4219,9693,2025-03-16T03:51:30.590000+00:00,15.2,18.6,87.0,1009.5,0,4.6,250
4220,9693,2025-03-16T03:53:30.630000+00:00,15.2,18.6,85.0,1009.3,0,5.1,280
4221,9693,2025-03-16T03:55:30.647000+00:00,15.2,18.7,83.0,1009.5,0,4.2,268
4222,9693,2025-03-16T03:57:30.663000+00:00,15.2,18.7,81.0,1009.5,0,3.4,259
4223,9693,2025-03-16T03:59:30.677000+00:00,15.1,18.7,80.0,1009.5,0,3.4,269
4224,9693,2025-03-16T04:01:30.677000+00:00,15.3,18.9,79.0,1009.5,0,3.3,295
4225,9693,2025-03-16T04:03:30.730000+00:00,15.4,18.9,76.0,1009.5,0,4.0,271
4226,9693,2025-03-16T04:05:30.732000+00:00,15.4,18.9,74.0,1009.5,0,4.6,297
4227,9693,2025-03-16T04:07:30.714000+00:00,15.4,18.9,73.0,1009.4,0,4.3,282
4228,9693,2025-03-16T04:09:30.752000+00:00,15.6,19.0,75.0,1009.5,0,2.0,281
4229,9693,2025-03-16T04:11:30.766000+00:00,15.6,19.0,74.0,1009.6,0,3.6,249
4230,9693,2025-03-16T04:13:30.773000+00:00,15.6,19.0,75.0,1009.8,0,4.3,254
4231,9693,2025-03-16T04:15:30.796000+00:00,15.7,19.0,74.0,1009.8,0,5.6,230
4232,9693,2025-03-16T04:17:30.803000+00:00,15.7,19.0,74.0,1009.8,0,3.8,257
4233,9693,2025-03-16T04:19:30.804000+00:00,15.8,19.2,74.0,1010.0,0,3.5,268
4234,9693,2025-03-16T04:21:30.822000+00:00,15.8,19.2,75.0,1010.0,1,5.2,251
4235,9693,2025-03-16T04:23:30.873000+00:00,15.8,19.2,76.0,1009.9,0,3.0,263
4236,9693,2025-03-16T04:25:30.882000+00:00,15.8,19.2,73.0,1009.9,1,4.9,270
4237,9693,2025-03-16T04:27:30.880000+00:00,15.8,19.0,76.0,1009.9,1,3.9,273
4238,9693,2025-03-16T04:29:30.925000+00:00,15.9,19.0,76.0,1010.1,1,3.5,260
4239,9693,2025-03-16T04:31:30.910000+00:00,15.8,19.0,75.0,1010.0,0,3.9,265
4240,9693,2025-03-16T04:33:30.915000+00:00,15.9,19.0,76.0,1010.0,0,3.3,262
4241,9693,2025-03-16T04:35:30.940000+00:00,15.9,19.1,75.0,1009.8,0,4.5,241
4242,9693,2025-03-16T04:37:30.970000+00:00,15.9,19.1,74.0,1009.9,0,3.4,209
4243,9693,2025-03-16T04:39:30.954000+00:00,15.9,19.1,76.0,1010.0,0,2.5,253
4244,9693,2025-03-16T04:41:30.967000+00:00,16.0,19.1,74.0,1010.2,0,3.6,259
4245,9693,2025-03-16T04:43:30.999000+00:00,15.9,19.3,74.0,1010.0,0,3.1,240
4246,9693,2025-03-16T04:45:31.015000+00:00,16.0,19.3,74.0,1010.1,1,3.4,175
4247,9693,2025-03-16T04:47:31.059000+00:00,16.0,19.3,75.0,1009.9,0,2.3,250
4248,9693,2025-03-16T04:49:31.073000+00:00,16.0,19.3,74.0,1010.0,1,2.2,268
4249,9693,2025-03-16T04:51:31.135000+00:00,16.0,19.4,73.0,1010.2,1,3.8,282
4250,9693,2025-03-16T04:53:31.100000+00:00,16.1,19.4,75.0,1010.2,1,1.9,273
4251,9693,2025-03-16T04:55:31.082000+00:00,16.0,19.4,74.0,1010.1,1,3.7,278
4252,9693,2025-03-16T04:57:31.098000+00:00,16.0,19.2,76.0,1010.3,1,3.8,242
4253,9693,2025-03-16T04:59:31.089000+00:00,15.9,19.2,76.0,1010.2,1,2.4,283
4254,9693,2025-03-16T05:01:31.100000+00:00,15.8,19.2,77.0,1010.1,0,2.6,257
4255,9693,2025-03-16T05:03:31.105000+00:00,15.7,19.2,76.0,1010.1,0,3.7,257
4256,9693,2025-03-16T05:05:31.103000+00:00,15.8,19.2,77.0,1010.2,0,3.1,270
4257,9693,2025-03-16T05:07:31.101000+00:00,15.7,19.1,77.0,1010.2,0,2.5,229
4258,9693,2025-03-16T05:09:31.136000+00:00,15.7,19.1,77.0,1010.1,0,2.7,250
4259,9693,2025-03-16T05:11:31.143000+00:00,15.8,19.1,77.0,1010.1,0,2.5,256
4260,9693,2025-03-16T05:13:31.157000+00:00,15.8,19.1,71.0,1010.1,0,4.4,248
4261,9693,2025-03-16T05:15:31.196000+00:00,15.9,19.0,71.0,1009.8,0,1.2,267
4262,9693,2025-03-16T05:17:31.252000+00:00,16.1,19.0,71.0,1010.1,0,2.9,296
4263,9693,2025-03-16T05:19:31.237000+00:00,16.1,19.0,72.0,1010.2,0,2.5,267
4264,9693,2025-03-16T05:21:31.239000+00:00,16.1,19.2,71.0,1010.3,0,3.7,259
4265,9693,2025-03-16T05:23:31.241000+00:00,16.2,19.2,71.0,1010.3,0,3.3,239
4266,9693,2025-03-16T05:25:31.269000+00:00,16.3,19.2,69.0,1010.3,0,3.2,253
4267,9693,2025-03-16T05:27:31.279000+00:00,16.3,19.2,70.0,1010.3,0,3.5,258
4268,9693,2025-03-16T05:29:31.280000+00:00,16.4,19.2,68.0,1009.8,0,3.7,265
4269,9693,2025-03-16T05:31:31.340000+00:00,16.4,19.3,69.0,1010.3,0,3.6,255
4270,9693,2025-03-16T05:33:31.317000+00:00,16.5,19.3,69.0,1010.4,0,3.9,262
4271,9693,2025-03-16T05:35:31.344000+00:00,16.6,19.3,71.0,1010.7,0,2.2,280
4272,9693,2025-03-16T05:37:31.345000+00:00,16.4,19.3,76.0,1010.4,1,2.5,166
4273,9693,2025-03-16T05:39:31.324000+00:00,15.9,19.3,80.0,1010.3,1,1.4,141
4274,9693,2025-03-16T05:41:31.361000+00:00,15.5,19.3,80.0,1010.4,1,2.1,132
4275,9693,2025-03-16T05:43:31.378000+00:00,15.2,18.8,81.0,1010.5,1,1.3,166
4276,9693,2025-03-16T05:45:31.405000+00:00,15.1,18.8,83.0,1010.6,1,0.7,238
4277,9693,2025-03-16T05:47:31.446000+00:00,15.1,18.8,83.0,1010.6,0,1.3,96
4278,9693,2025-03-16T05:49:31.475000+00:00,15.2,18.8,83.0,1010.6,0,1.5,196
4279,9693,2025-03-16T05:51:31.492000+00:00,15.1,18.8,80.0,1010.7,0,1.5,139
4280,9693,2025-03-16T05:53:31.584000+00:00,15.2,18.7,77.0,1010.4,0,1.6,161
4281,9693,2025-03-16T05:55:31.539000+00:00,15.6,18.7,75.0,1010.6,0,2.6,228
4282,9693,2025-03-16T05:57:31.598000+00:00,15.9,18.7,74.0,1010.5,0,1.5,199
4283,9693,2025-03-16T05:59:31.614000+00:00,16.1,18.7,72.0,1010.4,0,0.8,156
4284,9693,2025-03-16T06:01:31.643000+00:00,16.2,18.7,72.0,1010.6,0,2.4,216
4285,9693,2025-03-16T06:03:31.638000+00:00,16.2,18.7,71.0,1010.4,0,2.8,215
4286,9993,2025-03-22T02:19:13.231000+00:00,21.8,33.0,26.0,1019.1,0,3.1,239
4287,9993,2025-03-22T02:21:13.223000+00:00,21.9,33.5,26.0,1019.0,0,1.5,228
4288,9993,2025-03-22T02:23:13.230000+00:00,21.9,33.5,26.0,1019.0,0,2.4,239
4289,9993,2025-03-22T02:25:13.224000+00:00,22.0,33.5,27.0,1018.8,0,1.9,223
4290,9993,2025-03-22T02:27:13.225000+00:00,22.0,33.5,26.0,1018.8,0,2.1,234
4291,9993,2025-03-22T02:29:13.232000+00:00,22.0,33.5,26.0,1018.9,0,2.1,235
4292,9993,2025-03-22T02:31:13.227000+00:00,22.1,33.5,26.0,1018.9,0,2.4,216
4293,9993,2025-03-22T02:33:13.230000+00:00,22.1,33.5,26.0,1018.9,0,1.9,230
4294,9993,2025-03-22T02:35:13.235000+00:00,22.1,35.2,26.0,1018.8,0,2.3,236
4295,9993,2025-03-22T02:37:13.239000+00:00,22.2,35.2,26.0,1018.8,0,2.1,261
4296,9993,2025-03-22T02:39:13.234000+00:00,22.4,35.2,26.0,1018.8,0,1.3,230
4297,9993,2025-03-22T02:41:13.238000+00:00,22.4,35.2,26.0,1018.8,0,1.7,212
4298,9993,2025-03-22T02:43:13.239000+00:00,22.3,35.2,26.0,1018.8,0,2.0,243
4299,9993,2025-03-22T02:45:13.241000+00:00,22.4,35.2,26.0,1018.8,0,2.1,232
4300,9993,2025-03-22T02:47:13.244000+00:00,22.5,35.2,26.0,1018.8,0,2.0,237
4301,9993,2025-03-22T02:49:13.247000+00:00,22.7,35.2,25.0,1018.8,0,2.5,236
4302,9993,2025-03-22T02:51:13.243000+00:00,22.6,35.2,26.0,1018.7,0,2.5,239
4303,9993,2025-03-22T02:53:13.238000+00:00,22.5,35.5,26.0,1018.7,0,2.1,239
4304,9993,2025-03-22T02:55:13.249000+00:00,22.7,35.5,26.0,1018.7,0,2.0,226
4305,9993,2025-03-22T02:57:13.249000+00:00,22.6,35.5,27.0,1018.7,0,0.9,234
4306,9993,2025-03-22T02:59:13.273000+00:00,22.6,35.5,26.0,1018.6,0,1.8,246
4307,9993,2025-03-22T03:01:13.300000+00:00,22.7,35.5,26.0,1018.8,0,2.0,247
4308,9993,2025-03-22T03:03:13.297000+00:00,22.9,36.5,25.0,1018.7,0,2.9,238
4309,9993,2025-03-22T03:05:13.321000+00:00,23.1,36.5,25.0,1018.6,0,2.4,201
4310,9993,2025-03-22T03:07:13.343000+00:00,23.0,36.5,26.0,1018.7,0,1.7,0
4311,9993,2025-03-22T03:09:13.354000+00:00,23.1,36.5,26.0,1018.7,0,1.9,163
4312,9993,2025-03-22T03:11:13.343000+00:00,23.4,36.5,26.0,1018.7,0,1.2,260
4313,9993,2025-03-22T03:13:13.375000+00:00,23.6,36.5,25.0,1018.6,0,1.7,236
4314,9993,2025-03-22T03:15:13.389000+00:00,23.4,36.5,25.0,1018.6,0,0.9,141
4315,9993,2025-03-22T03:17:13.427000+00:00,23.4,36.5,25.0,1018.6,0,2.6,200
4316,9993,2025-03-22T03:19:13.447000+00:00,23.4,36.5,25.0,1018.5,0,1.1,279
4317,9993,2025-03-22T03:21:13.441000+00:00,23.4,36.8,25.0,1018.5,0,0.8,294
4318,9993,2025-03-22T03:23:13.431000+00:00,23.3,36.8,25.0,1018.4,0,0.5,248
4319,9993,2025-03-22T03:25:13.434000+00:00,23.5,36.8,25.0,1018.5,0,1.2,292
4320,9993,2025-03-22T03:27:13.433000+00:00,23.6,36.8,25.0,1018.4,0,1.5,252
4321,9993,2025-03-22T03:29:13.451000+00:00,23.7,36.8,25.0,1018.5,0,1.8,269
4322,9993,2025-03-22T03:31:13.451000+00:00,23.9,36.8,25.0,1018.3,0,1.3,258
4323,9993,2025-03-22T03:33:13.478000+00:00,23.9,36.8,24.0,1018.2,0,1.1,90
4324,9993,2025-03-22T03:35:13.498000+00:00,24.0,37.1,25.0,1018.2,0,1.0,73
4325,9993,2025-03-22T03:37:13.487000+00:00,24.0,37.5,23.0,1018.2,0,0.8,253
4326,9993,2025-03-22T03:39:13.492000+00:00,24.0,36.8,23.0,1018.1,0,1.3,253
4327,9993,2025-03-22T03:41:13.514000+00:00,24.0,37.1,23.0,1018.1,0,2.3,228
4328,9998,2025-03-23T06:05:20.723000+00:00,27.5,42.2,16.0,1011.2,0,2.7,230
4329,9998,2025-03-23T06:07:20.744000+00:00,27.6,42.5,16.0,1011.3,0,2.1,244
4330,9998,2025-03-23T06:09:20.776000+00:00,27.7,42.7,16.0,1011.3,0,3.3,248
4331,9998,2025-03-23T06:11:20.775000+00:00,27.8,43.0,15.0,1011.2,0,2.4,256
4332,9998,2025-03-23T06:13:20.794000+00:00,27.8,43.0,15.0,1011.2,0,1.5,229
4333,9998,2025-03-23T06:15:20.778000+00:00,27.9,42.5,15.0,1011.1,0,0.7,232
4334,9998,2025-03-23T06:17:20.800000+00:00,28.1,42.5,15.0,1011.2,0,2.1,261
4335,9998,2025-03-23T06:19:20.790000+00:00,28.1,42.7,15.0,1011.1,0,1.4,239
4336,9998,2025-03-23T06:21:20.799000+00:00,27.9,42.4,15.0,1011.0,0,2.3,237
4337,9998,2025-03-23T06:23:20.797000+00:00,27.8,41.9,15.0,1011.0,0,1.9,265
4338,9998,2025-03-23T06:25:20.802000+00:00,27.7,41.2,15.0,1011.0,0,2.1,220
4339,9998,2025-03-23T06:27:20.803000+00:00,27.8,40.2,15.0,1010.9,0,2.8,240
4340,9998,2025-03-23T06:29:20.802000+00:00,27.6,39.9,16.0,1010.9,0,2.3,235
4341,9998,2025-03-23T06:31:20.847000+00:00,27.6,40.2,16.0,1010.8,0,2.1,252
4342,9998,2025-03-23T06:33:20.843000+00:00,27.6,38.9,16.0,1010.8,0,2.3,249
4343,9998,2025-03-23T06:35:20.859000+00:00,27.5,38.6,16.0,1010.8,0,2.7,239
4344,9998,2025-03-23T06:37:20.874000+00:00,27.2,38.5,17.0,1010.7,0,2.3,266
4345,9998,2025-03-23T06:39:20.899000+00:00,27.3,38.3,17.0,1010.8,0,2.3,244
4346,9998,2025-03-23T06:41:20.902000+00:00,27.3,38.0,17.0,1010.7,0,2.1,245
4347,9998,2025-03-23T06:43:20.908000+00:00,27.3,37.8,17.0,1010.6,0,2.8,244
4348,9998,2025-03-23T06:45:20.912000+00:00,27.1,37.7,18.0,1010.6,0,1.0,257
4349,9998,2025-03-23T06:47:20.941000+00:00,27.4,37.2,18.0,1010.5,0,1.8,240
4350,9998,2025-03-23T06:49:20.942000+00:00,27.4,36.8,17.0,1010.6,0,1.7,252
4351,9998,2025-03-23T06:51:20.939000+00:00,27.4,37.5,17.0,1010.5,0,3.3,280
4352,9998,2025-03-23T06:53:20.940000+00:00,27.3,37.4,17.0,1010.5,0,2.2,260
4353,9998,2025-03-23T06:55:20.944000+00:00,27.3,37.3,17.0,1010.5,0,4.0,251
4354,9998,2025-03-23T06:57:20.964000+00:00,27.3,36.8,17.0,1010.4,0,2.9,249
4355,9998,2025-03-23T06:59:20.945000+00:00,27.3,36.1,18.0,1010.4,0,2.6,238
4356,9998,2025-03-23T07:01:20.966000+00:00,27.3,36.0,18.0,1010.3,0,2.0,272
4357,9998,2025-03-23T07:03:20.949000+00:00,27.3,35.9,18.0,1010.4,0,1.8,261
4358,9998,2025-03-23T07:05:20.956000+00:00,27.3,35.6,18.0,1010.4,0,2.2,264
4359,9998,2025-03-23T07:07:20.962000+00:00,27.4,35.5,18.0,1010.4,0,2.9,254
4360,9998,2025-03-23T07:09:20.968000+00:00,27.3,35.0,18.0,1010.4,0,3.0,258
4361,9998,2025-03-23T07:11:21.022000+00:00,27.3,34.9,18.0,1010.3,0,2.0,238
4362,9998,2025-03-23T07:13:21.043000+00:00,27.3,35.0,18.0,1010.3,0,1.8,252
4363,9998,2025-03-23T07:15:21.059000+00:00,27.4,35.3,18.0,1010.2,0,2.1,257
4364,9998,2025-03-23T07:17:21.077000+00:00,27.5,35.4,17.0,1010.3,0,2.8,244
4365,9998,2025-03-23T07:19:21.096000+00:00,27.5,35.3,18.0,1010.2,0,2.2,252
4366,9998,2025-03-23T07:21:21.097000+00:00,27.5,35.0,18.0,1010.3,0,1.9,237
4367,9998,2025-03-23T07:23:21.099000+00:00,27.6,34.5,18.0,1010.2,0,1.9,248
4368,9998,2025-03-23T07:25:21.100000+00:00,27.4,34.4,18.0,1010.2,0,3.0,253
4369,9998,2025-03-23T07:27:21.099000+00:00,27.3,34.1,18.0,1010.2,0,2.8,254
4370,9998,2025-03-23T07:29:21.129000+00:00,27.2,33.9,18.0,1010.1,0,2.3,234
4371,9998,2025-03-23T07:31:21.158000+00:00,27.2,34.6,18.0,1010.1,0,2.0,248
4372,9998,2025-03-23T07:33:21.182000+00:00,27.3,34.8,18.0,1010.1,0,2.5,250
4373,9998,2025-03-23T07:35:21.185000+00:00,27.3,34.8,19.0,1010.2,0,2.1,246
4374,9998,2025-03-23T07:37:21.190000+00:00,27.4,35.2,19.0,1010.1,0,3.0,261
4375,9998,2025-03-23T07:39:21.205000+00:00,27.4,35.6,18.0,1010.1,0,3.3,242
4376,9998,2025-03-23T07:41:21.213000+00:00,27.4,35.6,19.0,1010.1,0,2.3,247
4377,9998,2025-03-23T07:43:21.194000+00:00,27.4,35.6,19.0,1010.1,0,1.8,263
4378,9998,2025-03-23T07:45:21.235000+00:00,27.4,35.3,19.0,1010.1,0,2.8,257
4379,9998,2025-03-23T07:47:21.240000+00:00,27.5,34.7,19.0,1010.1,0,3.6,248
4380,9998,2025-03-23T07:49:21.279000+00:00,27.1,34.3,19.0,1010.2,0,3.2,241
4381,9998,2025-03-23T07:51:21.292000+00:00,27.0,33.9,19.0,1010.2,0,2.9,250
4382,9998,2025-03-23T07:53:21.286000+00:00,26.9,33.7,20.0,1010.2,0,2.5,232
4383,9998,2025-03-23T07:55:21.290000+00:00,27.0,33.5,20.0,1010.1,0,3.2,258
4384,9998,2025-03-23T07:57:21.295000+00:00,26.8,33.2,20.0,1010.1,0,2.8,269
4385,9998,2025-03-23T07:59:21.356000+00:00,26.8,33.1,20.0,1010.1,0,2.5,246
4386,9998,2025-03-23T08:01:21.319000+00:00,26.8,33.0,20.0,1010.2,0,1.6,239
4387,9998,2025-03-23T08:03:21.337000+00:00,26.8,32.9,20.0,1010.1,0,2.6,268
4388,9998,2025-03-23T08:05:21.325000+00:00,26.8,32.7,21.0,1010.2,0,1.2,256
4389,9998,2025-03-23T08:07:21.347000+00:00,26.8,32.6,20.0,1010.1,0,1.3,279
4390,9998,2025-03-23T08:09:21.347000+00:00,26.8,32.4,21.0,1010.1,0,1.3,269
4391,9998,2025-03-23T08:11:21.360000+00:00,26.8,32.2,20.0,1010.2,0,1.1,201
4392,9998,2025-03-23T08:13:21.368000+00:00,26.7,32.1,21.0,1010.1,0,1.5,212
4393,9998,2025-03-23T08:15:21.369000+00:00,26.7,32.1,20.0,1010.1,0,2.3,264
4394,9998,2025-03-23T08:17:21.376000+00:00,26.6,31.9,21.0,1010.1,0,2.2,233
4395,9998,2025-03-23T08:19:21.407000+00:00,26.5,31.7,21.0,1010.1,0,2.1,271
4396,9998,2025-03-23T08:21:21.407000+00:00,26.5,31.7,21.0,1010.2,0,1.7,265
4397,9998,2025-03-23T08:23:21.431000+00:00,26.6,31.6,21.0,1010.2,0,1.0,269
4398,9998,2025-03-23T08:25:21.436000+00:00,26.6,31.5,21.0,1010.1,0,0.7,44
4399,9998,2025-03-23T08:27:21.453000+00:00,26.6,31.3,21.0,1010.0,0,1.5,224
4400,9998,2025-03-23T08:29:21.484000+00:00,26.5,31.2,21.0,1010.1,0,0.6,247
4401,9998,2025-03-23T08:31:21.485000+00:00,26.6,31.2,21.0,1010.1,0,1.9,221
4402,9998,2025-03-23T08:33:21.485000+00:00,26.5,30.8,21.0,1010.2,0,1.5,259
4403,9998,2025-03-23T08:35:21.490000+00:00,26.5,30.7,22.0,1010.2,0,1.1,259
4404,9998,2025-03-23T08:37:21.507000+00:00,26.4,30.6,22.0,1010.2,0,2.2,262
4405,10006,2025-04-06T04:08:06.132000+00:00,14.6,22.5,76.0,1009.9,0,1.1,324
4406,10006,2025-04-06T04:10:06.117000+00:00,14.4,22.8,75.0,1009.9,0,1.5,132
4407,10006,2025-04-06T04:12:06.134000+00:00,14.6,22.9,74.0,1009.9,0,0.9,152
4408,10006,2025-04-06T04:14:06.135000+00:00,14.6,23.0,74.0,1009.8,0,1.3,113
4409,10006,2025-04-06T04:16:06.136000+00:00,14.6,22.9,75.0,1009.9,0,0.8,157
4410,10006,2025-04-06T04:18:06.136000+00:00,14.7,23.0,73.0,1009.9,0,1.7,184
4411,10006,2025-04-06T04:20:06.131000+00:00,14.5,22.7,74.0,1009.9,0,1.0,0
4412,10006,2025-04-06T04:22:06.141000+00:00,14.5,22.3,75.0,1009.8,0,0.7,194
4413,10006,2025-04-06T04:24:06.161000+00:00,14.5,21.9,74.0,1009.8,0,2.1,340
4414,10006,2025-04-06T04:26:06.243000+00:00,14.5,20.9,74.0,1009.8,0,1.3,6
4415,10006,2025-04-06T04:28:06.186000+00:00,14.4,21.0,76.0,1009.7,0,0.9,201
4416,10006,2025-04-06T04:30:06.200000+00:00,14.4,20.8,76.0,1009.8,0,0.5,322
4417,10006,2025-04-06T04:32:06.209000+00:00,14.4,20.9,75.0,1009.8,0,1.2,219
4418,10006,2025-04-06T04:34:06.225000+00:00,14.3,20.5,75.0,1009.8,0,1.1,292
4419,10006,2025-04-06T04:36:06.238000+00:00,14.2,20.1,75.0,1009.7,0,1.3,326
4420,10006,2025-04-06T04:38:06.258000+00:00,14.2,20.4,76.0,1009.7,0,1.4,324
4421,10006,2025-04-06T04:40:06.262000+00:00,14.2,20.5,76.0,1009.6,0,1.1,310
4422,10006,2025-04-06T04:42:06.279000+00:00,14.2,20.5,75.0,1009.6,0,0.9,340
4423,10006,2025-04-06T04:44:06.289000+00:00,14.3,20.7,76.0,1009.5,0,1.1,17
4424,10006,2025-04-06T04:46:06.328000+00:00,14.4,21.5,75.0,1009.4,0,0.6,100
4425,10006,2025-04-06T04:48:06.369000+00:00,14.5,21.7,74.0,1009.5,0,0.7,0
4426,10006,2025-04-06T04:50:06.385000+00:00,14.4,21.7,74.0,1009.5,0,1.2,232
4427,10006,2025-04-06T04:52:06.376000+00:00,14.5,21.3,74.0,1009.4,0,1.5,319
4428,10006,2025-04-06T04:54:06.387000+00:00,14.4,21.5,75.0,1009.4,0,1.1,343
4429,10006,2025-04-06T04:56:06.416000+00:00,14.4,21.6,75.0,1009.3,0,1.0,323
4430,10006,2025-04-06T04:58:06.417000+00:00,14.4,21.4,75.0,1009.4,0,1.2,0
4431,10006,2025-04-06T05:00:06.434000+00:00,14.3,21.3,77.0,1009.5,0,0.9,318
4432,10006,2025-04-06T05:02:06.476000+00:00,14.4,21.1,76.0,1009.4,0,2.1,357
4433,10006,2025-04-06T05:04:06.470000+00:00,14.3,21.0,77.0,1009.5,0,0.9,231
4434,10006,2025-04-06T05:06:06.462000+00:00,14.2,20.8,77.0,1009.5,0,0.7,118
4435,10006,2025-04-06T05:08:06.478000+00:00,14.2,20.9,77.0,1009.5,0,1.1,223
4436,10006,2025-04-06T05:10:06.463000+00:00,14.3,20.7,77.0,1009.4,0,1.5,317
4437,10006,2025-04-06T05:12:06.495000+00:00,14.3,20.7,77.0,1009.2,0,1.1,60
4438,10006,2025-04-06T05:14:06.512000+00:00,14.3,20.6,78.0,1009.3,0,1.4,339
4439,10006,2025-04-06T05:16:06.535000+00:00,14.3,20.6,78.0,1009.3,0,1.7,204
4440,10006,2025-04-06T05:18:06.526000+00:00,14.3,20.7,77.0,1009.2,0,1.7,336
4441,10006,2025-04-06T05:20:06.540000+00:00,14.3,20.6,78.0,1009.2,0,0.8,342
4442,10006,2025-04-06T05:22:06.539000+00:00,14.3,20.4,78.0,1009.2,0,1.0,346
4443,10006,2025-04-06T05:24:06.554000+00:00,14.3,20.4,78.0,1009.2,0,1.0,333
4444,10006,2025-04-06T05:26:06.561000+00:00,14.3,20.3,77.0,1009.2,0,1.3,333
4445,10006,2025-04-06T05:28:06.594000+00:00,14.5,20.1,76.0,1009.2,0,1.8,71
4446,10006,2025-04-06T05:30:06.573000+00:00,14.4,20.0,76.0,1009.1,0,1.4,203
4447,10006,2025-04-06T05:32:06.574000+00:00,14.4,20.1,77.0,1009.1,0,1.3,189
4448,10006,2025-04-06T05:34:06.573000+00:00,14.4,20.1,76.0,1009.3,0,0.9,322
4449,10006,2025-04-06T05:36:06.553000+00:00,14.4,20.0,77.0,1009.1,0,0.9,181
4450,10006,2025-04-06T05:38:06.567000+00:00,14.4,20.0,77.0,1009.2,0,1.1,290
4451,10006,2025-04-06T05:40:06.630000+00:00,14.5,19.9,77.0,1009.2,0,0.9,332
4452,10006,2025-04-06T05:42:06.613000+00:00,14.4,19.6,77.0,1009.1,0,0.7,246
4453,10006,2025-04-06T05:44:06.617000+00:00,14.4,19.6,78.0,1009.1,0,1.8,350
4454,10006,2025-04-06T05:46:06.649000+00:00,14.4,19.4,78.0,1009.1,0,0.7,207
4455,10006,2025-04-06T05:48:06.641000+00:00,14.5,19.5,78.0,1009.1,0,0.7,268
4456,10006,2025-04-06T05:50:06.664000+00:00,14.6,19.7,77.0,1009.1,0,0.7,330
4457,10006,2025-04-06T05:52:06.682000+00:00,14.5,19.5,77.0,1009.0,0,1.2,355
4458,10006,2025-04-06T05:54:06.681000+00:00,14.6,19.4,77.0,1009.0,0,1.4,47
4459,10006,2025-04-06T05:56:06.688000+00:00,14.5,19.4,78.0,1009.0,0,0.9,352
4460,10006,2025-04-06T05:58:06.689000+00:00,14.5,19.5,78.0,1009.0,0,1.4,339
4461,10006,2025-04-06T06:00:06.693000+00:00,14.4,19.3,78.0,1008.9,0,0.9,293
4462,10006,2025-04-06T06:02:06.709000+00:00,14.5,19.3,78.0,1009.0,0,1.2,171
4463,10006,2025-04-06T06:04:06.738000+00:00,14.5,19.2,78.0,1008.9,0,0.7,307
4464,10006,2025-04-06T06:06:06.733000+00:00,14.5,19.2,77.0,1008.9,0,0.5,340
4465,10006,2025-04-06T06:08:06.759000+00:00,14.5,19.4,77.0,1008.9,0,1.6,0
4466,10006,2025-04-06T06:10:06.769000+00:00,14.5,19.4,78.0,1008.9,0,1.4,332
4467,10006,2025-04-06T06:12:06.770000+00:00,14.5,19.4,77.0,1008.9,0,1.1,308
4468,10006,2025-04-06T06:14:06.765000+00:00,14.5,19.4,77.0,1008.9,0,1.1,311
4469,10006,2025-04-06T06:16:06.791000+00:00,14.6,19.4,77.0,1008.8,0,1.4,264
4470,10006,2025-04-06T06:18:06.792000+00:00,14.6,19.2,77.0,1008.9,0,1.0,317
4471,10006,2025-04-06T06:20:06.799000+00:00,14.6,19.3,77.0,1008.9,0,1.4,302
4472,10006,2025-04-06T06:22:06.831000+00:00,14.6,19.4,77.0,1008.8,0,2.4,301
4473,10006,2025-04-06T06:24:06.827000+00:00,14.7,19.2,77.0,1008.7,0,1.7,339
4474,10006,2025-04-06T06:26:06.821000+00:00,14.6,19.1,77.0,1008.8,0,2.1,326
4475,10014,2025-04-13T14:08:28.808000+00:00,27.9,34.5,45.0,1007.9,0,2.9,29
4476,10014,2025-04-13T14:10:28.840000+00:00,27.9,34.6,45.0,1007.9,0,2.7,9
4477,10014,2025-04-13T14:12:28.874000+00:00,27.8,34.4,45.0,1007.8,0,2.9,17
4478,10014,2025-04-13T14:14:28.893000+00:00,27.7,34.5,45.0,1007.8,0,2.7,26
4479,10014,2025-04-13T14:16:28.895000+00:00,27.6,34.4,46.0,1007.9,0,3.0,26
4480,10014,2025-04-13T14:18:29.021000+00:00,27.5,34.0,46.0,1008.0,0,2.9,30
4481,10014,2025-04-13T14:20:28.893000+00:00,27.5,34.0,45.0,1007.8,0,3.1,23
4482,10014,2025-04-13T14:22:28.905000+00:00,27.6,33.7,45.0,1007.9,0,2.8,20
4483,10014,2025-04-13T14:24:28.926000+00:00,27.6,33.6,46.0,1007.9,0,2.0,42
4484,10014,2025-04-13T14:26:28.935000+00:00,27.5,33.4,46.0,1007.9,0,2.1,19
4485,10014,2025-04-13T14:28:28.944000+00:00,27.5,33.6,46.0,1007.9,0,1.6,13
4486,10014,2025-04-13T14:30:28.999000+00:00,27.5,33.3,46.0,1007.9,0,2.1,34
4487,10014,2025-04-13T14:32:29.025000+00:00,27.6,31.6,46.0,1008.0,0,2.5,6
4488,10014,2025-04-13T14:34:29.032000+00:00,27.5,33.8,45.0,1007.9,0,2.7,32
4489,10014,2025-04-13T14:36:29.073000+00:00,27.5,33.6,45.0,1007.8,0,2.1,14
4490,10014,2025-04-13T14:38:29.080000+00:00,27.4,33.5,46.0,1007.9,0,1.6,23
4491,10014,2025-04-13T14:40:29.082000+00:00,27.3,33.4,46.0,1007.9,0,1.8,28
4492,10014,2025-04-13T14:42:29.072000+00:00,27.3,33.4,46.0,1007.9,0,2.1,11
4493,10014,2025-04-13T14:44:29.083000+00:00,27.3,33.1,46.0,1007.9,0,1.8,34
4494,10014,2025-04-13T14:46:29.121000+00:00,27.4,33.5,44.0,1007.9,0,2.2,5
4495,10014,2025-04-13T14:48:29.134000+00:00,27.3,33.4,43.0,1007.8,0,3.0,26
4496,10014,2025-04-13T14:50:29.134000+00:00,27.2,33.1,43.0,1007.8,0,2.8,16
4497,10014,2025-04-13T14:52:29.138000+00:00,27.3,33.0,43.0,1007.9,0,3.0,29
4498,10014,2025-04-13T14:54:29.171000+00:00,27.1,32.7,43.0,1007.9,0,2.7,18
4499,10014,2025-04-13T14:56:29.169000+00:00,27.2,32.6,44.0,1008.0,0,1.8,31
4500,10014,2025-04-13T14:58:29.155000+00:00,27.3,32.5,45.0,1007.9,0,2.4,24
4501,10014,2025-04-13T15:00:29.173000+00:00,27.2,32.2,44.0,1008.0,0,2.9,24
4502,10014,2025-04-13T15:02:29.174000+00:00,27.2,32.2,44.0,1008.1,0,2.7,30
4503,10014,2025-04-13T15:04:29.180000+00:00,27.2,31.9,44.0,1008.0,0,3.6,37
4504,10014,2025-04-13T15:06:29.179000+00:00,27.1,31.9,45.0,1008.0,0,2.7,30
4505,10014,2025-04-13T15:08:29.201000+00:00,27.1,31.9,45.0,1008.0,0,1.4,31
4506,10014,2025-04-13T15:10:29.230000+00:00,27.0,31.6,46.0,1008.0,0,2.1,344
4507,10014,2025-04-13T15:12:29.224000+00:00,27.0,31.9,46.0,1008.0,0,1.2,17
4508,10014,2025-04-13T15:14:29.218000+00:00,27.0,32.0,46.0,1008.1,0,2.4,26
4509,10014,2025-04-13T15:16:29.232000+00:00,27.0,32.0,46.0,1008.0,0,1.5,36
4510,10014,2025-04-13T15:18:29.232000+00:00,27.0,31.9,45.0,1008.1,0,2.3,16
4511,10014,2025-04-13T15:20:29.246000+00:00,27.0,31.7,46.0,1008.0,0,2.5,14
4512,10014,2025-04-13T15:22:29.264000+00:00,26.9,31.5,46.0,1008.0,0,1.9,21
4513,10014,2025-04-13T15:24:29.230000+00:00,26.9,31.9,46.0,1008.1,0,1.2,36
4514,10014,2025-04-13T15:26:29.238000+00:00,26.9,31.7,46.0,1008.1,0,1.8,16
4515,10014,2025-04-13T15:28:29.260000+00:00,26.8,31.7,47.0,1008.1,0,1.5,49
4516,10014,2025-04-13T15:30:29.279000+00:00,26.8,31.2,48.0,1008.0,0,2.6,23
4517,10014,2025-04-13T15:32:29.327000+00:00,26.7,31.2,48.0,1008.1,0,2.2,25
4518,10014,2025-04-13T15:34:29.321000+00:00,26.8,31.1,48.0,1008.1,0,2.1,28
4519,10014,2025-04-13T15:36:29.323000+00:00,26.7,31.1,47.0,1008.2,0,2.3,43
4520,10014,2025-04-13T15:38:29.325000+00:00,26.7,31.1,47.0,1008.2,0,1.8,24
4521,10014,2025-04-13T15:40:29.349000+00:00,26.7,31.2,47.0,1008.3,0,0.7,40
4522,10014,2025-04-13T15:42:29.378000+00:00,26.7,31.1,47.0,1008.2,0,2.0,16
4523,10014,2025-04-13T15:44:29.374000+00:00,26.7,31.1,46.0,1008.2,0,2.4,45
4524,10014,2025-04-13T15:46:29.405000+00:00,26.7,31.1,46.0,1008.2,0,2.2,35
4525,10014,2025-04-13T15:48:29.396000+00:00,26.7,30.9,47.0,1008.1,0,2.3,38
4526,10014,2025-04-13T15:50:29.427000+00:00,26.7,31.1,46.0,1008.2,0,2.7,14
4527,10014,2025-04-13T15:52:29.447000+00:00,26.7,31.2,47.0,1008.3,0,1.1,57
4528,10014,2025-04-13T15:54:29.466000+00:00,26.8,31.4,46.0,1008.3,0,1.9,37
4529,10014,2025-04-13T15:56:29.451000+00:00,26.8,30.9,46.0,1008.2,0,2.0,43
4530,10014,2025-04-13T15:58:29.457000+00:00,26.9,30.8,46.0,1008.3,0,2.5,45
4531,10014,2025-04-13T16:00:29.469000+00:00,26.8,30.8,46.0,1008.3,0,1.6,34
4532,10014,2025-04-13T16:02:29.467000+00:00,26.7,30.6,46.0,1008.4,0,2.9,52
4533,10014,2025-04-13T16:04:29.494000+00:00,26.6,30.8,46.0,1008.4,0,2.0,50
4534,10014,2025-04-13T16:06:29.521000+00:00,26.7,30.9,46.0,1008.2,0,1.7,62
4535,10014,2025-04-13T16:08:29.507000+00:00,26.8,30.8,46.0,1008.3,0,1.3,44
4536,10014,2025-04-13T16:10:29.518000+00:00,26.8,30.7,45.0,1008.4,0,1.9,28
4537,10014,2025-04-13T16:12:29.522000+00:00,26.8,30.6,46.0,1008.4,0,1.9,37
4538,10014,2025-04-13T16:14:29.529000+00:00,26.7,30.6,46.0,1008.4,0,1.6,22
4539,10014,2025-04-13T16:16:29.543000+00:00,26.7,30.6,46.0,1008.4,0,1.8,17
4540,10014,2025-04-13T16:18:29.550000+00:00,26.8,30.7,45.0,1008.4,0,2.1,46
4541,10014,2025-04-13T16:20:29.589000+00:00,26.8,30.6,45.0,1008.4,0,2.3,42
4542,10014,2025-04-13T16:22:29.575000+00:00,26.8,30.5,45.0,1008.4,0,1.8,33
4543,10014,2025-04-13T16:24:29.611000+00:00,26.8,30.7,45.0,1008.4,0,1.7,49
4544,10014,2025-04-13T16:26:29.604000+00:00,26.8,30.7,45.0,1008.4,0,1.0,48
4545,10014,2025-04-13T16:28:29.618000+00:00,26.9,30.4,45.0,1008.4,0,1.5,24
4546,10014,2025-04-13T16:30:29.598000+00:00,26.9,30.4,44.0,1008.4,0,1.8,8
4547,10014,2025-04-13T16:32:29.618000+00:00,26.9,30.2,44.0,1008.4,0,1.8,353
4548,10014,2025-04-13T16:34:29.617000+00:00,26.9,30.5,44.0,1008.4,0,1.9,33
4549,10014,2025-04-13T16:36:29.606000+00:00,26.9,30.3,43.0,1008.4,0,1.2,44
4550,10014,2025-04-13T16:38:29.623000+00:00,26.9,30.4,43.0,1008.4,0,1.4,44
4551,10014,2025-04-13T16:40:29.624000+00:00,26.9,30.4,42.0,1008.4,0,1.8,53
4552,10014,2025-04-13T16:42:29.624000+00:00,26.9,30.5,42.0,1008.5,0,1.2,244
4553,10014,2025-04-13T16:44:29.612000+00:00,26.9,30.5,42.0,1008.4,0,2.3,9
4554,10022,2025-04-20T16:07:00.731000+00:00,28.7,39.4,71.0,1006.3,0,1.2,315
4555,10022,2025-04-20T16:09:00.727000+00:00,28.7,39.4,70.0,1006.4,0,0.9,261
4556,10022,2025-04-20T16:11:00.736000+00:00,28.7,39.2,70.0,1006.3,0,1.8,283
4557,10022,2025-04-20T16:13:00.743000+00:00,28.6,39.0,71.0,1006.4,0,1.6,284
4558,10022,2025-04-20T16:15:00.741000+00:00,28.6,38.9,71.0,1006.3,0,1.1,287
4559,10022,2025-04-20T16:17:00.751000+00:00,28.6,39.1,71.0,1006.4,0,0.9,283
4560,10022,2025-04-20T16:19:00.747000+00:00,28.5,39.2,71.0,1006.4,0,0.8,287
4561,10022,2025-04-20T16:21:00.745000+00:00,28.5,39.1,69.0,1006.3,0,1.4,321
4562,10022,2025-04-20T16:23:00.740000+00:00,28.6,39.0,69.0,1006.3,0,0.9,317
4563,10022,2025-04-20T16:25:00.752000+00:00,28.7,39.0,68.0,1006.3,0,1.2,353
4564,10022,2025-04-20T16:27:00.775000+00:00,28.8,38.4,69.0,1006.4,0,1.1,282
4565,10022,2025-04-20T16:29:00.773000+00:00,28.7,38.6,70.0,1006.4,0,1.1,278
4566,10022,2025-04-20T16:31:00.786000+00:00,28.7,38.5,71.0,1006.4,0,1.3,285
4567,10022,2025-04-20T16:33:00.795000+00:00,28.6,38.6,71.0,1006.4,0,1.0,273
4568,10022,2025-04-20T16:35:00.858000+00:00,28.6,38.7,71.0,1006.4,0,0.9,285
4569,10022,2025-04-20T16:37:00.836000+00:00,28.6,38.8,71.0,1006.5,0,0.9,301
4570,10022,2025-04-20T16:39:00.852000+00:00,28.6,38.7,71.0,1006.3,0,1.3,287
4571,10022,2025-04-20T16:41:00.858000+00:00,28.5,38.5,72.0,1006.4,0,0.8,287
4572,10022,2025-04-20T16:43:00.890000+00:00,28.5,38.6,71.0,1006.4,0,1.1,234
4573,10022,2025-04-20T16:45:00.877000+00:00,28.5,38.7,71.0,1006.4,0,1.3,329
4574,10022,2025-04-20T16:47:00.887000+00:00,28.5,38.4,71.0,1006.5,0,1.2,266
4575,10022,2025-04-20T16:49:00.895000+00:00,28.6,38.3,72.0,1006.4,0,1.4,275
4576,10022,2025-04-20T16:51:00.892000+00:00,28.6,37.6,73.0,1006.4,0,1.9,279
4577,10022,2025-04-20T16:53:00.904000+00:00,28.5,37.4,74.0,1006.5,0,1.5,281
4578,10022,2025-04-20T16:55:00.902000+00:00,28.4,37.9,74.0,1006.5,0,1.3,287
4579,10022,2025-04-20T16:57:00.897000+00:00,28.4,37.9,74.0,1006.5,0,1.2,298
4580,10022,2025-04-20T16:59:00.900000+00:00,28.4,37.9,73.0,1006.5,0,0.8,282
4581,10022,2025-04-20T17:01:00.898000+00:00,28.4,38.1,72.0,1006.5,0,0.7,298
4582,10022,2025-04-20T17:03:00.896000+00:00,28.5,38.4,71.0,1006.5,0,0.8,274
4583,10022,2025-04-20T17:05:00.896000+00:00,28.5,38.2,70.0,1006.5,0,1.1,345
4584,10022,2025-04-20T17:07:00.895000+00:00,28.6,38.4,69.0,1006.5,0,0.8,274
4585,10022,2025-04-20T17:09:00.905000+00:00,28.7,38.1,68.0,1006.7,0,1.0,268
4586,10022,2025-04-20T17:11:00.907000+00:00,28.8,38.6,67.0,1006.7,0,0.8,300
4587,10022,2025-04-20T17:13:00.908000+00:00,28.9,38.1,67.0,1006.7,0,0.4,158
4588,10022,2025-04-20T17:15:00.912000+00:00,28.9,38.3,67.0,1006.8,0,0.0,139
4589,10022,2025-04-20T17:17:00.903000+00:00,29.0,38.2,66.0,1006.7,0,0.9,258
4590,10022,2025-04-20T17:19:00.907000+00:00,29.1,38.1,65.0,1006.7,0,0.8,280
4591,10022,2025-04-20T17:21:00.920000+00:00,29.2,38.0,66.0,1006.7,0,1.2,176
4592,10022,2025-04-20T17:23:00.916000+00:00,29.3,38.0,66.0,1006.9,0,0.9,264
4593,10022,2025-04-20T17:25:00.915000+00:00,29.3,37.3,65.0,1006.9,0,0.8,0
4594,10022,2025-04-20T17:27:00.925000+00:00,29.2,37.1,66.0,1007.0,0,0.9,270
4595,10022,2025-04-20T17:29:00.920000+00:00,29.2,37.3,65.0,1006.9,0,0.0,0
4596,10022,2025-04-20T17:31:00.923000+00:00,29.2,37.7,65.0,1006.9,0,0.7,85
4597,10022,2025-04-20T17:33:00.913000+00:00,29.3,37.7,64.0,1006.9,0,0.8,152
4598,10022,2025-04-20T17:35:00.931000+00:00,29.4,37.3,64.0,1007.0,0,1.1,271
4599,10022,2025-04-20T17:37:00.926000+00:00,29.4,37.7,63.0,1007.0,0,0.9,169
4600,10022,2025-04-20T17:39:00.920000+00:00,29.5,38.2,63.0,1007.1,0,0.5,220
4601,10022,2025-04-20T17:41:00.933000+00:00,29.5,37.9,58.0,1006.9,0,1.5,124
4602,10022,2025-04-20T17:43:00.932000+00:00,29.6,38.1,56.0,1007.0,0,1.6,128
4603,10022,2025-04-20T17:45:00.925000+00:00,29.8,37.6,55.0,1007.0,0,0.5,176
4604,10022,2025-04-20T17:47:00.976000+00:00,29.9,37.6,54.0,1007.2,0,1.2,0
4605,10022,2025-04-20T17:49:00.937000+00:00,29.9,37.7,54.0,1007.1,0,1.8,48
4606,10022,2025-04-20T17:51:00.946000+00:00,30.0,37.2,53.0,1007.0,0,1.3,110
4607,10022,2025-04-20T17:53:00.941000+00:00,30.0,37.4,53.0,1007.1,0,1.5,153
4608,10022,2025-04-20T17:55:00.937000+00:00,30.1,37.1,52.0,1007.1,0,1.1,141
4609,10022,2025-04-20T17:57:00.943000+00:00,30.3,36.7,52.0,1007.1,0,0.8,197
4610,10022,2025-04-20T17:59:00.946000+00:00,30.5,36.6,51.0,1007.2,0,0.9,0
4611,10022,2025-04-20T18:01:00.946000+00:00,30.7,37.0,51.0,1007.1,0,0.9,157
4612,10022,2025-04-20T18:03:00.955000+00:00,31.1,37.0,49.0,1007.1,0,1.6,121
4613,10022,2025-04-20T18:05:00.941000+00:00,31.4,36.7,48.0,1007.1,0,0.7,236
4614,10022,2025-04-20T18:07:00.948000+00:00,31.5,36.6,48.0,1007.3,0,1.0,176
4615,10022,2025-04-20T18:09:00.944000+00:00,31.5,36.5,48.0,1007.2,0,0.6,58
4616,10022,2025-04-20T18:11:00.961000+00:00,31.6,36.7,48.0,1007.2,0,1.0,135
4617,10022,2025-04-20T18:13:00.958000+00:00,31.6,36.4,47.0,1007.1,0,1.2,150
4618,10022,2025-04-20T18:15:00.960000+00:00,31.6,36.5,47.0,1007.2,0,0.8,141
4619,10022,2025-04-20T18:17:00.958000+00:00,31.6,36.3,47.0,1007.2,0,1.5,162
4620,10022,2025-04-20T18:19:00.948000+00:00,31.6,36.3,47.0,1007.2,0,0.7,127
4621,10022,2025-04-20T18:21:00.952000+00:00,31.6,36.2,48.0,1007.3,0,1.3,148
4622,10022,2025-04-20T18:23:00.959000+00:00,31.6,36.2,48.0,1007.2,0,0.5,0
4623,10022,2025-04-20T18:25:00.963000+00:00,31.6,35.9,48.0,1007.2,0,0.4,153
4624,10022,2025-04-20T18:27:00.970000+00:00,31.6,36.2,48.0,1007.2,0,0.5,275
4625,10028,2025-05-03T15:17:34.225000+00:00,23.6,29.2,81.0,1016.1,1,1.3,325
4626,10028,2025-05-03T15:19:34.203000+00:00,23.4,29.5,81.0,1016.1,1,1.0,292
4627,10028,2025-05-03T15:21:34.208000+00:00,23.5,30.1,83.0,1016.2,0,0.8,323
4628,10028,2025-05-03T15:23:34.222000+00:00,23.5,30.2,82.0,1016.1,0,0.7,355
4629,10028,2025-05-03T15:25:34.229000+00:00,23.7,30.0,81.0,1016.2,0,1.0,120
4630,10028,2025-05-03T15:27:34.236000+00:00,23.8,30.0,82.0,1016.2,1,0.5,46
4631,10028,2025-05-03T15:29:34.260000+00:00,23.8,30.0,82.0,1016.2,1,0.3,0
4632,10028,2025-05-03T15:31:34.273000+00:00,23.8,30.2,84.0,1016.3,1,1.4,113
4633,10028,2025-05-03T15:33:34.274000+00:00,23.6,28.6,85.0,1016.2,1,1.9,97
4634,10028,2025-05-03T15:35:34.288000+00:00,23.3,26.9,86.0,1016.3,1,2.5,109
4635,10028,2025-05-03T15:37:34.323000+00:00,23.1,28.4,86.0,1016.3,1,2.1,106
4636,10028,2025-05-03T15:39:34.318000+00:00,22.8,28.4,86.0,1016.3,1,1.5,88
4637,10028,2025-05-03T15:41:34.391000+00:00,22.8,28.7,85.0,1016.3,1,2.4,104
4638,10028,2025-05-03T15:43:34.380000+00:00,22.8,29.1,86.0,1016.2,0,1.9,105
4639,10028,2025-05-03T15:45:34.384000+00:00,22.8,29.1,86.0,1016.2,0,1.9,105
4640,10028,2025-05-03T15:47:34.385000+00:00,22.9,29.5,86.0,1016.3,0,1.5,116
4641,10028,2025-05-03T15:49:34.401000+00:00,23.0,30.4,86.0,1016.3,0,1.4,88
4642,10028,2025-05-03T15:51:34.395000+00:00,23.0,30.1,85.0,1016.4,0,1.2,114
4643,10028,2025-05-03T15:53:34.386000+00:00,23.0,30.9,86.0,1016.3,0,1.5,89
4644,10028,2025-05-03T15:55:34.397000+00:00,23.1,30.5,84.0,1016.2,0,2.1,96
4645,10028,2025-05-03T15:57:34.398000+00:00,23.3,30.5,84.0,1016.2,1,1.3,100
4646,10028,2025-05-03T15:59:34.443000+00:00,23.5,30.9,84.0,1016.1,1,1.8,109
4647,10028,2025-05-03T16:01:34.459000+00:00,23.6,30.8,84.0,1016.0,1,2.3,106
4648,10028,2025-05-03T16:03:34.485000+00:00,23.6,31.2,84.0,1016.0,0,2.6,118
4649,10028,2025-05-03T16:05:34.494000+00:00,23.9,31.1,84.0,1016.0,0,1.8,108
4650,10028,2025-05-03T16:07:34.495000+00:00,23.9,31.7,82.0,1016.0,0,2.8,120
4651,10028,2025-05-03T16:09:34.510000+00:00,24.0,32.2,79.0,1016.0,0,2.0,130
4652,10028,2025-05-03T16:11:34.510000+00:00,24.4,32.1,78.0,1016.0,0,3.1,113
4653,10028,2025-05-03T16:13:34.524000+00:00,24.5,31.5,76.0,1015.8,0,3.4,116
4654,10028,2025-05-03T16:15:34.535000+00:00,24.7,31.2,76.0,1015.8,0,2.2,124
4655,10028,2025-05-03T16:17:34.535000+00:00,25.0,31.2,74.0,1015.9,0,2.2,117
4656,10028,2025-05-03T16:19:34.565000+00:00,25.1,31.0,76.0,1015.9,0,2.2,92
4657,10028,2025-05-03T16:21:34.575000+00:00,25.3,31.5,77.0,1015.7,0,2.4,119
4658,10028,2025-05-03T16:23:34.602000+00:00,25.2,31.3,75.0,1015.7,0,3.6,121
4659,10028,2025-05-03T16:25:34.599000+00:00,25.5,31.5,75.0,1015.6,0,3.3,119
4660,10028,2025-05-03T16:27:34.617000+00:00,25.5,32.0,77.0,1015.7,0,2.8,113
4661,10028,2025-05-03T16:29:34.645000+00:00,25.7,32.4,78.0,1015.6,0,2.3,109
4662,10028,2025-05-03T16:31:34.641000+00:00,25.8,32.2,75.0,1015.7,0,1.4,102
4663,10028,2025-05-03T16:33:34.679000+00:00,25.9,32.4,78.0,1015.7,0,1.0,61
4664,10028,2025-05-03T16:35:34.712000+00:00,26.0,32.6,77.0,1015.7,0,1.0,34
4665,10028,2025-05-03T16:37:34.731000+00:00,26.1,32.4,76.0,1015.7,0,2.0,109
4666,10028,2025-05-03T16:39:34.734000+00:00,26.2,31.5,76.0,1015.7,0,1.0,107
4667,10028,2025-05-03T16:41:34.734000+00:00,26.2,31.5,77.0,1015.6,0,0.6,259
4668,10028,2025-05-03T16:43:34.735000+00:00,26.1,31.3,75.0,1015.4,0,1.1,348
4669,10028,2025-05-03T16:45:34.762000+00:00,26.3,31.3,76.0,1015.5,0,0.8,354
4670,10028,2025-05-03T16:47:34.776000+00:00,26.5,32.2,76.0,1015.4,0,1.0,307
4671,10028,2025-05-03T16:49:34.808000+00:00,26.7,32.3,74.0,1015.5,0,0.6,334
4672,10028,2025-05-03T16:51:34.824000+00:00,26.8,31.4,76.0,1015.3,0,0.9,295
4673,10028,2025-05-03T16:53:34.860000+00:00,26.9,31.4,75.0,1015.4,0,1.2,315
4674,10028,2025-05-03T16:55:34.926000+00:00,26.9,31.0,73.0,1015.3,0,1.0,320
4675,10028,2025-05-03T16:57:34.968000+00:00,26.8,30.2,74.0,1015.3,0,1.1,236
4676,10028,2025-05-03T16:59:34.969000+00:00,26.8,30.0,74.0,1015.3,0,1.4,310
4677,10028,2025-05-03T17:01:35.002000+00:00,26.7,29.6,73.0,1015.3,0,0.7,149
4678,10028,2025-05-03T17:03:35.018000+00:00,26.6,29.3,74.0,1015.2,0,0.8,59
4679,10028,2025-05-03T17:05:35.052000+00:00,26.5,29.8,74.0,1015.2,0,1.0,317
4680,10028,2025-05-03T17:07:35.035000+00:00,26.6,30.4,73.0,1015.3,0,1.3,278
4681,10028,2025-05-03T17:09:35.058000+00:00,26.6,30.3,72.0,1015.1,0,1.5,105
4682,10033,2025-05-04T19:06:44.804000+00:00,26.5,39.9,68.0,1012.0,0,0.8,34
4683,10033,2025-05-04T19:08:44.869000+00:00,26.6,40.7,68.0,1012.2,0,1.9,343
4684,10033,2025-05-04T19:10:44.860000+00:00,26.8,42.2,68.0,1012.3,0,1.4,313
4685,10033,2025-05-04T19:12:44.903000+00:00,26.9,42.6,66.0,1012.3,0,1.6,283
4686,10033,2025-05-04T19:14:44.912000+00:00,27.0,43.2,66.0,1012.2,0,2.0,309
4687,10033,2025-05-04T19:16:44.942000+00:00,27.1,43.2,67.0,1012.1,0,1.0,328
4688,10033,2025-05-04T19:18:44.943000+00:00,27.3,43.0,65.0,1012.1,0,1.3,108
4689,10033,2025-05-04T19:20:44.962000+00:00,27.6,42.9,66.0,1012.2,0,0.8,80
4690,10033,2025-05-04T19:22:44.979000+00:00,28.0,44.5,63.0,1012.4,0,1.5,66
4691,10033,2025-05-04T19:24:44.984000+00:00,27.9,45.2,59.0,1012.5,0,0.4,89
4692,10033,2025-05-04T19:26:45.008000+00:00,27.7,43.3,59.0,1012.6,0,1.4,3
4693,10033,2025-05-04T19:28:45.039000+00:00,27.6,41.9,59.0,1012.5,0,0.8,43
4694,10033,2025-05-04T19:30:45.047000+00:00,27.3,40.7,60.0,1012.5,0,2.4,64
4695,10033,2025-05-04T19:32:45.041000+00:00,27.1,39.8,59.0,1012.5,0,1.7,65
4696,10033,2025-05-04T19:34:45.064000+00:00,26.9,43.2,63.0,1012.6,0,1.3,121
4697,10033,2025-05-04T19:36:45.077000+00:00,26.9,43.6,64.0,1012.6,0,2.0,120
4698,10033,2025-05-04T19:38:45.115000+00:00,27.1,42.8,63.0,1012.7,0,2.4,95
4699,10033,2025-05-04T19:40:45.128000+00:00,27.1,41.8,64.0,1012.7,0,0.9,0
4700,10033,2025-05-04T19:42:45.129000+00:00,27.0,42.0,63.0,1012.8,0,0.7,358
4701,10033,2025-05-04T19:44:45.136000+00:00,26.8,40.7,64.0,1012.7,0,2.3,349
4702,10033,2025-05-04T19:46:45.170000+00:00,26.5,40.3,65.0,1012.8,0,0.5,99
4703,10033,2025-05-04T19:48:45.160000+00:00,26.4,40.3,65.0,1012.7,0,0.5,337
4704,10033,2025-05-04T19:50:45.195000+00:00,26.4,40.2,65.0,1012.7,0,1.8,2
4705,10033,2025-05-04T19:52:45.217000+00:00,26.3,37.4,64.0,1012.7,0,1.2,324
4706,10033,2025-05-04T19:54:45.256000+00:00,26.1,39.8,64.0,1012.6,0,1.3,104
4707,10033,2025-05-04T19:56:45.258000+00:00,26.1,39.4,65.0,1012.5,0,0.7,161
4708,10033,2025-05-04T19:58:45.288000+00:00,26.2,40.8,64.0,1012.6,0,0.4,310
4709,10033,2025-05-04T20:00:45.299000+00:00,26.3,40.9,64.0,1012.5,0,0.6,15
4710,10033,2025-05-04T20:02:45.301000+00:00,26.3,39.8,65.0,1012.5,0,1.2,283
4711,10033,2025-05-04T20:04:45.321000+00:00,26.4,40.0,64.0,1012.4,0,1.3,147
4712,10033,2025-05-04T20:06:45.342000+00:00,26.5,40.1,62.0,1012.4,0,1.2,89
4713,10033,2025-05-04T20:08:45.351000+00:00,26.7,39.1,62.0,1012.3,0,0.7,10
4714,10033,2025-05-04T20:10:45.361000+00:00,26.5,38.6,63.0,1012.5,0,1.4,10
4715,10033,2025-05-04T20:12:45.377000+00:00,26.4,38.4,64.0,1012.5,0,0.0,0
4716,10033,2025-05-04T20:14:45.386000+00:00,26.6,38.9,64.0,1012.5,0,0.8,346
4717,10033,2025-05-04T20:16:45.401000+00:00,26.6,38.9,63.0,1012.5,0,0.9,189
4718,10033,2025-05-04T20:18:45.385000+00:00,26.7,39.0,61.0,1012.6,0,1.0,40
4719,10033,2025-05-04T20:20:45.390000+00:00,26.6,38.5,62.0,1012.6,0,1.3,338
4720,10033,2025-05-04T20:22:45.381000+00:00,26.6,38.4,62.0,1012.5,0,1.1,356
4721,10033,2025-05-04T20:24:45.407000+00:00,26.7,38.2,62.0,1012.5,0,1.4,28
4722,10033,2025-05-04T20:26:45.463000+00:00,26.6,37.6,63.0,1012.4,0,0.8,235
4723,10033,2025-05-04T20:28:45.462000+00:00,26.5,37.7,63.0,1012.3,0,0.6,282
4724,10033,2025-05-04T20:30:45.448000+00:00,26.5,37.6,63.0,1012.4,0,0.7,332
4725,10033,2025-05-04T20:32:45.447000+00:00,26.8,37.8,61.0,1012.5,0,0.6,283
4726,10033,2025-05-04T20:34:45.465000+00:00,26.8,37.9,61.0,1012.5,0,0.8,291
4727,10033,2025-05-04T20:36:45.501000+00:00,26.5,37.6,61.0,1012.3,0,0.9,318
4728,10033,2025-05-04T20:38:45.491000+00:00,26.7,37.8,61.0,1012.1,0,0.7,266
4729,10033,2025-05-04T20:40:45.510000+00:00,26.8,37.9,59.0,1012.0,0,0.0,159
4730,10033,2025-05-04T20:42:45.564000+00:00,26.8,37.7,59.0,1011.9,0,0.8,250
4731,10033,2025-05-04T20:44:45.581000+00:00,26.7,37.3,60.0,1011.9,0,0.8,336
4732,10033,2025-05-04T20:46:45.594000+00:00,26.6,37.0,59.0,1011.8,0,1.3,323
4733,10033,2025-05-04T20:48:45.625000+00:00,26.6,36.6,60.0,1012.0,0,1.4,293
4734,10033,2025-05-04T20:50:45.620000+00:00,26.6,36.4,61.0,1011.9,1,1.0,315
4735,10033,2025-05-04T20:52:45.627000+00:00,26.5,36.0,60.0,1012.2,0,1.1,324
4736,10033,2025-05-04T20:54:45.616000+00:00,26.4,36.4,59.0,1012.2,1,0.7,335
4737,10033,2025-05-04T20:56:45.621000+00:00,26.3,35.5,61.0,1012.3,0,1.1,300
4738,10033,2025-05-04T20:58:45.633000+00:00,26.2,36.1,61.0,1012.3,0,0.9,311
4739,10033,2025-05-04T21:00:45.621000+00:00,26.1,35.8,62.0,1012.3,0,1.1,309
4740,10033,2025-05-04T21:02:45.619000+00:00,26.1,35.7,62.0,1012.2,0,1.5,306
4741,10033,2025-05-04T21:04:45.642000+00:00,26.2,36.0,62.0,1012.3,0,0.9,301
4742,10033,2025-05-04T21:06:45.639000+00:00,26.2,35.7,63.0,1012.3,0,1.0,309
4743,10033,2025-05-04T21:08:45.646000+00:00,26.2,35.1,64.0,1012.3,0,0.9,307
4744,10033,2025-05-04T21:10:45.663000+00:00,26.1,34.9,64.0,1012.2,0,0.0,345
4745,10033,2025-05-04T21:12:45.660000+00:00,26.0,35.3,64.0,1012.1,0,0.9,318
4746,10033,2025-05-04T21:14:45.697000+00:00,26.0,35.8,63.0,1012.1,0,0.0,211
4747,10033,2025-05-04T21:16:45.684000+00:00,26.0,35.4,64.0,1011.7,0,0.8,5
4748,10033,2025-05-04T21:18:45.694000+00:00,26.0,35.3,64.0,1011.6,0,1.1,313
4749,10033,2025-05-04T21:20:45.699000+00:00,26.1,35.0,64.0,1011.6,0,1.3,276
4750,10033,2025-05-04T21:22:45.727000+00:00,26.0,35.1,64.0,1011.7,0,0.5,317
4751,10033,2025-05-04T21:24:45.737000+00:00,26.0,34.9,64.0,1011.8,0,0.7,341
4752,10033,2025-05-04T21:26:45.766000+00:00,26.0,35.0,64.0,1011.9,0,0.9,321
4753,10033,2025-05-04T21:28:45.776000+00:00,25.9,34.9,64.0,1011.9,0,1.1,0
4754,10033,2025-05-04T21:30:45.802000+00:00,25.9,34.9,64.0,1011.9,0,0.8,318
4755,10033,2025-05-04T21:32:45.819000+00:00,26.0,34.9,64.0,1012.0,0,1.4,324
4756,10033,2025-05-04T21:34:45.829000+00:00,25.9,34.9,65.0,1011.9,0,1.1,336
4757,9987,2025-05-18T12:08:08.577000+00:00,23.8,45.1,40.0,1010.2,0,3.4,292
4758,9987,2025-05-18T12:10:08.568000+00:00,23.5,44.6,39.0,1010.1,0,3.5,297
4759,9987,2025-05-18T12:12:08.579000+00:00,23.5,44.7,39.0,1010.2,0,4.0,291
4760,9987,2025-05-18T12:14:08.573000+00:00,23.6,44.6,39.0,1010.1,0,2.3,314
4761,9987,2025-05-18T12:16:08.571000+00:00,23.6,45.6,39.0,1010.2,0,3.8,283
4762,9987,2025-05-18T12:18:08.575000+00:00,23.8,45.0,38.0,1010.1,0,3.1,287
4763,9987,2025-05-18T12:20:08.582000+00:00,23.8,45.0,37.0,1010.2,0,3.5,305
4764,9987,2025-05-18T12:22:08.603000+00:00,23.8,45.1,38.0,1010.1,0,2.8,287
4765,9987,2025-05-18T12:24:08.578000+00:00,23.9,45.5,39.0,1010.0,0,3.0,292
4766,9987,2025-05-18T12:26:08.606000+00:00,24.0,45.5,37.0,1010.1,0,4.5,298
4767,9987,2025-05-18T12:28:08.637000+00:00,24.0,45.3,38.0,1010.1,0,2.4,287
4768,9987,2025-05-18T12:30:08.642000+00:00,24.0,45.9,38.0,1010.1,0,3.2,284
4769,9987,2025-05-18T12:32:08.653000+00:00,24.2,45.8,37.0,1010.2,0,3.2,310
4770,9987,2025-05-18T12:34:08.670000+00:00,24.0,44.6,38.0,1010.1,0,3.4,288
4771,9987,2025-05-18T12:36:08.681000+00:00,23.8,45.2,37.0,1010.1,0,3.0,256
4772,9987,2025-05-18T12:38:08.687000+00:00,23.6,45.8,39.0,1009.9,0,2.6,267
4773,9987,2025-05-18T12:40:08.690000+00:00,23.6,45.9,38.0,1010.0,0,3.6,312
4774,9987,2025-05-18T12:42:08.713000+00:00,23.9,45.3,37.0,1010.1,0,3.3,288
4775,9987,2025-05-18T12:44:08.721000+00:00,23.8,45.6,39.0,1010.2,0,3.7,264
4776,9987,2025-05-18T12:46:08.722000+00:00,23.9,45.6,38.0,1010.0,0,4.1,320
4777,9987,2025-05-18T12:48:08.714000+00:00,24.0,45.4,39.0,1010.2,0,3.5,313
4778,9987,2025-05-18T12:50:08.747000+00:00,24.0,45.4,39.0,1010.1,0,3.4,291
4779,9987,2025-05-18T12:52:08.754000+00:00,23.7,45.1,40.0,1010.0,0,3.8,291
4780,9987,2025-05-18T12:54:08.768000+00:00,23.8,45.2,38.0,1010.0,0,3.5,288
4781,9987,2025-05-18T12:56:08.771000+00:00,23.9,45.0,39.0,1009.9,0,1.4,279
4782,9987,2025-05-18T12:58:08.800000+00:00,23.8,45.4,39.0,1009.8,0,3.8,298
4783,9987,2025-05-18T13:00:08.821000+00:00,24.1,45.1,39.0,1009.9,0,2.2,307
4784,9987,2025-05-18T13:02:08.839000+00:00,24.0,45.4,38.0,1010.1,0,4.4,278
4785,9987,2025-05-18T13:04:08.867000+00:00,24.0,45.0,39.0,1009.9,0,3.4,298
4786,9987,2025-05-18T13:06:08.867000+00:00,24.1,45.3,39.0,1010.0,0,3.8,296
4787,9987,2025-05-18T13:08:08.855000+00:00,24.1,44.8,38.0,1009.9,0,4.1,286
4788,9987,2025-05-18T13:10:08.871000+00:00,23.9,43.4,38.0,1010.0,0,3.0,286
4789,9987,2025-05-18T13:12:08.885000+00:00,23.8,43.5,40.0,1009.9,0,2.4,277
4790,9987,2025-05-18T13:14:08.867000+00:00,24.0,43.1,39.0,1010.1,0,3.3,284
4791,9987,2025-05-18T13:16:08.877000+00:00,24.0,43.2,40.0,1009.8,0,3.0,120
4792,9987,2025-05-18T13:18:08.865000+00:00,24.2,42.7,39.0,1009.7,0,3.1,297
4793,9987,2025-05-18T13:20:08.970000+00:00,24.1,42.9,38.0,1010.0,0,4.6,315
4794,9987,2025-05-18T13:22:08.918000+00:00,24.1,42.5,39.0,1009.8,0,3.7,342
4795,9987,2025-05-18T13:24:08.928000+00:00,24.0,42.8,39.0,1009.8,0,2.5,305
4796,9987,2025-05-18T13:26:08.949000+00:00,24.2,42.5,39.0,1009.8,0,3.1,353
4797,9987,2025-05-18T13:28:08.949000+00:00,24.3,42.3,39.0,1009.9,0,1.6,290
4798,9987,2025-05-18T13:30:08.959000+00:00,24.1,41.7,39.0,1009.9,0,3.2,243
4799,9987,2025-05-18T13:32:09.024000+00:00,23.9,41.6,40.0,1009.8,0,2.9,329
4800,9987,2025-05-18T13:34:08.976000+00:00,23.8,41.7,38.0,1009.9,0,2.7,285
4801,9987,2025-05-18T13:36:08.982000+00:00,23.8,41.6,40.0,1009.7,0,1.8,288
4802,9987,2025-05-18T13:38:08.984000+00:00,24.0,41.4,38.0,1009.7,0,2.7,132
4803,9987,2025-05-18T13:40:09.011000+00:00,24.1,41.8,38.0,1009.6,0,2.6,344
4804,9987,2025-05-18T13:42:09.028000+00:00,24.2,41.8,37.0,1009.6,0,2.9,289
4805,9987,2025-05-18T13:44:09.042000+00:00,24.2,40.9,37.0,1009.7,0,3.0,276
4806,9987,2025-05-18T13:46:09.013000+00:00,24.2,41.3,37.0,1009.6,0,3.4,288
4807,9987,2025-05-18T13:48:09.025000+00:00,24.0,41.9,38.0,1009.8,0,2.0,292
4808,9987,2025-05-18T13:50:09.019000+00:00,24.0,41.6,37.0,1009.7,0,2.8,328
4809,9987,2025-05-18T13:52:09.018000+00:00,24.2,41.3,38.0,1009.6,0,4.2,286
4810,9987,2025-05-18T13:54:09.022000+00:00,24.1,40.9,39.0,1009.7,0,3.5,244
4811,9987,2025-05-18T13:56:09.017000+00:00,24.0,38.9,39.0,1009.7,0,2.1,288
4812,9987,2025-05-18T13:58:09.047000+00:00,23.9,39.3,39.0,1009.5,0,2.4,331
4813,9987,2025-05-18T14:00:09.038000+00:00,23.8,39.3,38.0,1009.6,0,3.9,272
4814,9987,2025-05-18T14:02:09.037000+00:00,24.0,38.7,38.0,1009.6,0,3.4,292
4815,9987,2025-05-18T14:04:09.053000+00:00,24.0,39.7,38.0,1009.6,0,2.5,251
4816,9987,2025-05-18T14:06:09.041000+00:00,24.1,40.1,38.0,1009.5,0,2.9,291
4817,9987,2025-05-18T14:08:09.039000+00:00,24.1,39.4,38.0,1009.7,0,4.1,291
4818,9987,2025-05-18T14:10:09.040000+00:00,24.0,39.6,38.0,1009.5,0,3.5,323
4819,9987,2025-05-18T14:12:09.042000+00:00,24.0,40.1,38.0,1009.4,0,2.6,332
4820,9987,2025-05-18T14:14:09.030000+00:00,24.3,40.5,38.0,1009.5,0,3.2,315
4821,9987,2025-05-18T14:16:09.028000+00:00,24.3,40.1,38.0,1009.5,0,3.3,294
4822,9987,2025-05-18T14:18:09.053000+00:00,24.3,39.7,38.0,1009.3,0,4.4,302
4823,9987,2025-05-18T14:20:09.077000+00:00,24.2,39.6,38.0,1009.6,0,4.7,287
4824,9987,2025-05-18T14:22:09.114000+00:00,24.0,39.7,38.0,1009.5,0,3.2,284
4825,9987,2025-05-18T14:24:09.153000+00:00,24.1,39.9,38.0,1009.3,0,3.3,329
4826,9987,2025-05-18T14:26:09.174000+00:00,24.0,39.7,37.0,1009.3,0,3.7,324
4827,9987,2025-05-18T14:28:09.161000+00:00,24.0,39.3,36.0,1009.5,0,3.9,282
4828,9987,2025-05-18T14:30:09.171000+00:00,24.0,39.5,38.0,1009.3,0,2.0,336
4829,9987,2025-05-18T14:32:09.170000+00:00,24.0,39.4,37.0,1009.3,0,3.3,310
4830,9987,2025-05-18T14:34:09.173000+00:00,23.9,38.9,37.0,1009.5,0,2.9,328
4831,9987,2025-05-18T14:36:09.182000+00:00,23.6,38.7,38.0,1009.2,0,3.9,276
4832,9979,2025-05-25T12:07:18.971000+00:00,21.5,42.6,55.0,1017.3,0,1.0,298
4833,9979,2025-05-25T12:09:19+00:00,21.6,43.5,54.0,1017.3,0,2.2,180
4834,9979,2025-05-25T12:11:19.017000+00:00,21.3,43.2,55.0,1017.1,0,0.4,341
4835,9979,2025-05-25T12:13:19.024000+00:00,21.5,43.0,54.0,1017.2,0,1.6,327
4836,9979,2025-05-25T12:15:19.028000+00:00,21.6,43.0,56.0,1017.2,0,1.1,334
4837,9979,2025-05-25T12:17:19.072000+00:00,21.8,44.1,51.0,1017.1,0,0.9,315
4838,9979,2025-05-25T12:19:19.088000+00:00,21.5,43.2,54.0,1017.1,0,1.3,345
4839,9979,2025-05-25T12:21:19.075000+00:00,21.5,43.2,56.0,1017.1,0,1.8,302
4840,9979,2025-05-25T12:23:19.073000+00:00,21.6,44.4,55.0,1017.0,0,1.4,337
4841,9979,2025-05-25T12:25:19.078000+00:00,21.9,44.5,54.0,1017.0,0,1.3,242
4842,9979,2025-05-25T12:27:19.073000+00:00,21.7,43.7,55.0,1017.0,0,0.6,327
4843,9979,2025-05-25T12:29:19.092000+00:00,21.8,44.2,54.0,1017.0,0,1.7,327
4844,9979,2025-05-25T12:31:19.114000+00:00,21.8,43.9,55.0,1017.0,0,0.8,325
4845,9979,2025-05-25T12:33:19.114000+00:00,22.1,44.5,52.0,1017.1,0,0.8,2
4846,9979,2025-05-25T12:35:19.104000+00:00,21.9,43.5,54.0,1017.0,0,0.9,325
4847,9979,2025-05-25T12:37:19.117000+00:00,21.8,43.7,54.0,1017.0,0,1.1,252
4848,9979,2025-05-25T12:39:19.112000+00:00,21.5,43.4,56.0,1017.0,0,1.0,0
4849,9979,2025-05-25T12:41:19.121000+00:00,21.4,43.0,56.0,1017.0,0,0.3,332
4850,9979,2025-05-25T12:43:19.125000+00:00,21.5,43.3,53.0,1017.1,0,0.4,328
4851,9979,2025-05-25T12:45:19.118000+00:00,21.7,42.2,53.0,1017.1,0,0.9,338
4852,9979,2025-05-25T12:47:19.116000+00:00,21.8,42.6,53.0,1017.1,0,0.5,145
4853,9979,2025-05-25T12:49:19.125000+00:00,22.1,44.0,51.0,1016.9,0,1.0,330
4854,9979,2025-05-25T12:51:19.125000+00:00,22.0,44.8,50.0,1016.9,0,0.7,230
4855,9979,2025-05-25T12:53:19.124000+00:00,22.1,44.4,49.0,1017.0,0,0.7,192
4856,9979,2025-05-25T12:55:19.141000+00:00,22.0,44.1,50.0,1017.1,0,0.4,189
4857,9979,2025-05-25T12:57:19.129000+00:00,21.9,43.5,52.0,1016.9,0,1.0,355
4858,9979,2025-05-25T12:59:19.149000+00:00,21.9,44.7,51.0,1016.9,0,1.8,330
4859,9979,2025-05-25T13:01:19.131000+00:00,21.9,44.6,51.0,1016.9,0,1.8,295
4860,9979,2025-05-25T13:03:19.132000+00:00,22.0,45.2,51.0,1016.8,0,0.8,345
4861,9979,2025-05-25T13:05:19.148000+00:00,21.9,42.7,53.0,1016.9,0,0.9,331
4862,9979,2025-05-25T13:07:19.155000+00:00,21.8,43.2,52.0,1016.9,0,1.6,346
4863,9979,2025-05-25T13:09:19.215000+00:00,22.0,42.7,53.0,1016.9,0,0.8,190
4864,9979,2025-05-25T13:11:19.251000+00:00,21.9,42.0,54.0,1016.8,0,0.9,171
4865,9979,2025-05-25T13:13:19.267000+00:00,22.0,43.1,54.0,1016.9,0,1.0,341
4866,9979,2025-05-25T13:15:19.283000+00:00,22.3,44.2,51.0,1016.9,0,1.3,16
4867,9979,2025-05-25T13:17:19.290000+00:00,22.5,44.7,48.0,1017.0,0,1.3,331
4868,9979,2025-05-25T13:19:19.331000+00:00,22.6,43.7,50.0,1016.9,0,1.5,29
4869,9979,2025-05-25T13:21:19.366000+00:00,22.3,44.0,52.0,1017.0,0,0.9,265
4870,9979,2025-05-25T13:23:19.333000+00:00,22.4,44.0,53.0,1016.9,0,0.6,0
4871,9979,2025-05-25T13:25:19.361000+00:00,22.5,45.2,50.0,1016.9,0,1.2,173
4872,9979,2025-05-25T13:27:19.369000+00:00,22.7,44.9,49.0,1016.9,0,0.6,238
4873,9979,2025-05-25T13:29:19.388000+00:00,22.8,44.5,50.0,1016.9,0,1.6,177
4874,9979,2025-05-25T13:31:19.386000+00:00,22.5,44.0,51.0,1016.8,0,0.8,349
4875,9979,2025-05-25T13:33:19.371000+00:00,22.4,43.8,51.0,1016.9,0,0.6,295
4876,9979,2025-05-25T13:35:19.393000+00:00,22.3,43.2,53.0,1016.9,0,0.6,193
4877,9979,2025-05-25T13:37:19.383000+00:00,22.4,43.8,54.0,1016.8,0,0.7,169
4878,9979,2025-05-25T13:39:19.418000+00:00,22.4,43.6,52.0,1016.8,0,0.9,165
4879,9979,2025-05-25T13:41:19.403000+00:00,22.4,43.6,53.0,1016.9,0,1.3,196
4880,9979,2025-05-25T13:43:19.417000+00:00,22.5,43.7,55.0,1016.8,0,0.8,117
4881,9979,2025-05-25T13:45:19.434000+00:00,22.5,43.7,54.0,1016.8,0,0.8,353
4882,9979,2025-05-25T13:47:19.434000+00:00,22.6,43.2,54.0,1016.8,0,1.5,169
4883,9979,2025-05-25T13:49:19.456000+00:00,22.6,43.2,54.0,1016.8,0,0.9,141
4884,9979,2025-05-25T13:51:19.490000+00:00,22.5,43.7,55.0,1016.6,0,0.8,75
4885,9979,2025-05-25T13:53:19.509000+00:00,22.6,43.5,53.0,1016.7,0,0.7,202
4886,9979,2025-05-25T13:55:19.521000+00:00,22.7,43.2,54.0,1016.7,0,0.6,203
4887,9979,2025-05-25T13:57:19.526000+00:00,22.9,43.5,52.0,1016.7,0,0.7,0
4888,9979,2025-05-25T13:59:19.548000+00:00,22.6,42.9,54.0,1016.6,0,0.8,345
4889,9979,2025-05-25T14:01:19.563000+00:00,22.5,43.0,54.0,1016.5,0,0.9,180
4890,9979,2025-05-25T14:03:19.561000+00:00,22.5,43.2,55.0,1016.7,0,0.7,170
4891,9979,2025-05-25T14:05:19.595000+00:00,22.5,42.4,55.0,1016.7,0,0.9,181
4892,9979,2025-05-25T14:07:19.607000+00:00,22.5,42.3,56.0,1016.7,0,1.1,146
4893,9979,2025-05-25T14:09:19.623000+00:00,22.6,42.2,55.0,1016.5,0,1.1,197
4894,9979,2025-05-25T14:11:19.640000+00:00,22.4,42.1,55.0,1016.5,0,0.8,70
4895,9979,2025-05-25T14:13:19.665000+00:00,22.4,42.2,54.0,1016.6,0,1.0,331
4896,9979,2025-05-25T14:15:19.663000+00:00,22.5,42.9,53.0,1016.5,0,0.7,225
4897,9979,2025-05-25T14:17:19.682000+00:00,22.6,43.9,53.0,1016.5,0,1.3,348
4898,9979,2025-05-25T14:19:19.700000+00:00,22.8,43.9,50.0,1016.5,0,1.1,4
4899,9979,2025-05-25T14:21:19.703000+00:00,22.5,42.2,52.0,1016.4,0,0.6,0
4900,9979,2025-05-25T14:23:19.694000+00:00,22.5,42.5,52.0,1016.4,0,1.0,201
4901,9979,2025-05-25T14:25:19.690000+00:00,22.7,43.0,50.0,1016.4,0,0.8,179
4902,9979,2025-05-25T14:27:19.708000+00:00,22.8,42.8,48.0,1016.5,0,1.0,197
4903,9979,2025-05-25T14:29:19.718000+00:00,22.6,42.7,48.0,1016.4,0,0.8,314
4904,9979,2025-05-25T14:31:19.709000+00:00,22.5,41.7,50.0,1016.5,0,0.4,195
4905,9979,2025-05-25T14:33:19.711000+00:00,22.4,41.8,51.0,1016.4,0,0.4,0
4906,9979,2025-05-25T14:35:19.706000+00:00,22.5,42.2,50.0,1016.3,0,0.6,198
4907,9979,2025-05-25T14:37:19.711000+00:00,22.6,42.7,50.0,1016.3,0,1.4,185
4908,9979,2025-05-25T14:39:19.705000+00:00,22.3,41.8,51.0,1016.3,0,1.6,242
4909,9979,2025-05-25T14:41:19.718000+00:00,22.2,41.3,52.0,1016.2,0,1.5,203
4910,9979,2025-05-25T14:43:19.722000+00:00,22.4,41.9,50.0,1016.2,0,1.5,195
4911,9979,2025-05-25T14:45:19.707000+00:00,22.4,41.4,51.0,1016.2,0,1.5,192
4912,9971,2025-06-01T12:04:21.972000+00:00,29.9,48.2,49.0,1003.5,0,2.3,224
4913,9971,2025-06-01T12:06:21.971000+00:00,30.0,48.6,49.0,1003.5,0,1.6,291
4914,9971,2025-06-01T12:08:21.998000+00:00,30.0,48.8,49.0,1003.4,0,1.1,6
4915,9971,2025-06-01T12:10:21.999000+00:00,30.0,49.2,50.0,1003.4,0,1.1,345
4916,9971,2025-06-01T12:12:22.007000+00:00,29.6,49.0,49.0,1003.4,0,1.3,324
4917,9971,2025-06-01T12:14:22.014000+00:00,29.6,48.5,49.0,1003.3,0,1.2,166
4918,9971,2025-06-01T12:16:22.018000+00:00,29.6,49.1,49.0,1003.5,0,1.8,234
4919,9971,2025-06-01T12:18:22.057000+00:00,29.5,49.4,49.0,1003.4,0,1.2,187
4920,9971,2025-06-01T12:20:22.068000+00:00,29.6,49.4,48.0,1003.4,0,1.4,163
4921,9971,2025-06-01T12:22:22.094000+00:00,29.5,48.3,48.0,1003.3,0,1.6,302
4922,9971,2025-06-01T12:24:22.096000+00:00,29.3,48.7,49.0,1003.3,0,1.1,1
4923,9971,2025-06-01T12:26:22.091000+00:00,29.2,49.4,49.0,1003.3,0,0.8,311
4924,9971,2025-06-01T12:28:22.088000+00:00,29.3,48.9,48.0,1003.4,0,1.5,236
4925,9971,2025-06-01T12:30:22.091000+00:00,29.5,49.4,48.0,1003.3,0,1.1,310
4926,9971,2025-06-01T12:32:22.087000+00:00,29.5,49.2,49.0,1003.3,0,1.1,242
4927,9971,2025-06-01T12:34:22.094000+00:00,29.6,49.3,49.0,1003.1,0,2.5,199
4928,9971,2025-06-01T12:36:22.105000+00:00,29.2,48.8,51.0,1003.2,0,1.7,203
4929,9971,2025-06-01T12:38:22.114000+00:00,29.1,50.3,51.0,1003.3,0,1.4,32
4930,9971,2025-06-01T12:40:22.095000+00:00,29.3,50.3,51.0,1003.1,0,1.1,35
4931,9971,2025-06-01T12:42:22.116000+00:00,29.4,48.8,51.0,1003.1,0,1.1,291
4932,9971,2025-06-01T12:44:22.108000+00:00,29.3,49.4,52.0,1003.1,0,1.4,316
4933,9971,2025-06-01T12:46:22.117000+00:00,29.1,49.6,51.0,1003.0,0,1.4,266
4934,9971,2025-06-01T12:48:22.108000+00:00,29.1,49.4,51.0,1003.1,0,1.7,145
4935,9971,2025-06-01T12:50:22.122000+00:00,29.4,49.5,50.0,1003.0,0,2.2,164
4936,9971,2025-06-01T12:52:22.118000+00:00,29.5,49.7,50.0,1003.1,0,1.3,207
4937,9971,2025-06-01T12:54:22.115000+00:00,29.5,49.7,50.0,1003.0,0,1.2,180
4938,9971,2025-06-01T12:56:22.132000+00:00,29.6,50.3,50.0,1003.0,0,1.1,61
4939,9971,2025-06-01T12:58:22.140000+00:00,29.6,50.4,50.0,1002.9,0,0.9,0
4940,9971,2025-06-01T13:00:22.171000+00:00,29.6,49.7,49.0,1003.0,0,1.0,193
4941,9971,2025-06-01T13:02:22.180000+00:00,29.7,49.4,50.0,1002.9,0,1.0,349
4942,9971,2025-06-01T13:04:22.245000+00:00,29.5,49.4,51.0,1003.1,0,1.0,351
4943,9971,2025-06-01T13:06:22.166000+00:00,29.5,49.0,52.0,1002.8,0,1.1,48
4944,9971,2025-06-01T13:08:22.228000+00:00,29.4,49.4,54.0,1002.8,0,1.8,276
4945,9971,2025-06-01T13:10:22.246000+00:00,29.3,48.9,52.0,1002.8,0,1.8,310
4946,9971,2025-06-01T13:12:22.176000+00:00,29.1,49.1,54.0,1002.8,0,1.5,79
4947,9971,2025-06-01T13:14:22.233000+00:00,28.9,49.4,54.0,1002.9,0,2.8,353
4948,9971,2025-06-01T13:16:22.239000+00:00,28.9,49.1,56.0,1002.8,0,2.0,3
4949,9971,2025-06-01T13:18:22.225000+00:00,29.0,49.1,55.0,1002.8,0,1.1,251
4950,9971,2025-06-01T13:20:22.244000+00:00,29.3,49.6,55.0,1002.8,0,2.1,58
4951,9971,2025-06-01T13:22:22.257000+00:00,29.2,49.0,56.0,1002.8,0,1.9,0
4952,9971,2025-06-01T13:24:22.263000+00:00,29.3,49.1,55.0,1002.7,0,2.2,305
4953,9971,2025-06-01T13:26:22.259000+00:00,29.4,49.4,56.0,1002.7,0,1.2,22
4954,9971,2025-06-01T13:28:22.276000+00:00,29.3,48.4,55.0,1002.8,0,2.5,41
4955,9971,2025-06-01T13:30:22.285000+00:00,29.1,47.0,57.0,1002.5,0,1.8,44
4956,9971,2025-06-01T13:32:22.367000+00:00,29.0,47.4,57.0,1002.7,0,1.5,3
4957,9971,2025-06-01T13:34:22.334000+00:00,28.7,47.9,56.0,1002.7,0,1.2,15
4958,9971,2025-06-01T13:36:22.360000+00:00,28.9,48.6,56.0,1002.6,0,0.7,258
4959,9971,2025-06-01T13:38:22.365000+00:00,29.0,48.7,55.0,1002.6,0,1.3,270
4960,9971,2025-06-01T13:40:22.396000+00:00,29.1,48.7,57.0,1002.5,0,2.7,11
4961,9971,2025-06-01T13:42:22.403000+00:00,29.1,47.9,57.0,1002.6,0,1.8,60
4962,9971,2025-06-01T13:44:22.408000+00:00,29.0,47.9,58.0,1002.4,0,1.4,46
4963,9971,2025-06-01T13:46:22.399000+00:00,28.9,47.7,59.0,1002.4,0,2.6,51
4964,9971,2025-06-01T13:48:22.404000+00:00,29.0,48.6,59.0,1002.5,0,2.5,36
4965,9971,2025-06-01T13:50:22.416000+00:00,28.7,47.7,59.0,1002.4,0,2.2,64
4966,9971,2025-06-01T13:52:22.457000+00:00,28.6,47.6,59.0,1002.4,0,1.4,0
4967,9971,2025-06-01T13:54:22.408000+00:00,28.5,46.9,59.0,1002.3,0,1.3,0
4968,9971,2025-06-01T13:56:22.406000+00:00,28.1,46.7,60.0,1002.4,0,2.5,33
4969,9971,2025-06-01T13:58:22.425000+00:00,28.3,47.5,60.0,1002.3,0,1.3,86
4970,9971,2025-06-01T14:00:22.401000+00:00,28.2,46.9,60.0,1002.2,0,2.8,24
4971,9971,2025-06-01T14:02:22.419000+00:00,28.3,46.8,61.0,1002.3,0,2.5,29
4972,9971,2025-06-01T14:04:22.431000+00:00,28.4,47.4,61.0,1002.3,0,2.0,60
4973,9971,2025-06-01T14:06:22.422000+00:00,28.3,47.5,61.0,1002.4,0,1.5,35
4974,9971,2025-06-01T14:08:22.464000+00:00,28.2,48.2,61.0,1002.4,0,1.1,59
4975,9971,2025-06-01T14:10:22.461000+00:00,28.3,48.0,60.0,1002.3,0,1.5,75
4976,9971,2025-06-01T14:12:22.472000+00:00,28.6,48.5,60.0,1002.3,0,1.8,252
4977,9971,2025-06-01T14:14:22.492000+00:00,28.6,47.5,59.0,1002.4,0,2.2,343
4978,9971,2025-06-01T14:16:22.471000+00:00,28.6,47.7,60.0,1002.4,0,2.1,15
4979,9971,2025-06-01T14:18:22.481000+00:00,28.7,47.9,60.0,1002.4,0,1.6,76
4980,9971,2025-06-01T14:20:22.490000+00:00,28.7,47.6,60.0,1002.4,0,1.1,161
4981,9971,2025-06-01T14:22:22.482000+00:00,28.7,47.5,60.0,1002.3,0,1.8,222
4982,9971,2025-06-01T14:24:22.484000+00:00,28.9,48.1,60.0,1002.4,0,0.6,338
4983,9971,2025-06-01T14:26:22.527000+00:00,28.8,48.9,60.0,1002.3,0,0.8,82
4984,9971,2025-06-01T14:28:22.552000+00:00,28.9,47.5,59.0,1002.3,0,1.3,50
4985,9971,2025-06-01T14:30:22.564000+00:00,29.0,46.5,59.0,1002.2,0,2.0,5
4986,9971,2025-06-01T14:32:22.574000+00:00,29.0,47.3,60.0,1002.2,0,1.5,221
4987,9971,2025-06-01T14:34:22.597000+00:00,29.2,47.4,60.0,1002.3,0,1.3,20
4988,9971,2025-06-01T14:36:22.611000+00:00,29.5,47.5,59.0,1002.0,0,0.8,127
4989,9971,2025-06-01T14:38:22.625000+00:00,29.5,47.4,58.0,1002.1,0,1.4,72
4990,9963,2025-06-15T17:05:39.507000+00:00,23.0,47.1,28.0,1019.1,0,1.3,53
4991,9963,2025-06-15T17:07:39.508000+00:00,23.0,47.0,28.0,1019.1,0,0.7,153
4992,9963,2025-06-15T17:09:39.509000+00:00,23.1,47.0,28.0,1019.1,0,1.0,345
4993,9963,2025-06-15T17:11:39.526000+00:00,23.1,47.3,30.0,1018.9,0,0.5,7
4994,9963,2025-06-15T17:13:39.527000+00:00,23.3,48.0,26.0,1019.0,0,1.1,12
4995,9963,2025-06-15T17:15:39.575000+00:00,23.4,47.9,26.0,1018.9,0,1.2,43
4996,9963,2025-06-15T17:17:39.591000+00:00,23.3,48.3,25.0,1018.9,0,1.5,28
4997,9963,2025-06-15T17:19:39.611000+00:00,23.3,48.0,25.0,1018.9,0,1.5,11
4998,9963,2025-06-15T17:21:39.612000+00:00,23.2,47.9,25.0,1019.0,0,0.7,39
4999,9963,2025-06-15T17:23:39.609000+00:00,23.2,48.0,26.0,1019.1,0,0.7,340
5000,9963,2025-06-15T17:25:39.641000+00:00,23.1,48.0,28.0,1019.1,0,1.2,34
5001,9963,2025-06-15T17:27:39.646000+00:00,23.3,47.5,30.0,1019.0,0,0.6,305
5002,9963,2025-06-15T17:29:39.678000+00:00,23.2,47.9,30.0,1019.0,0,0.0,0
5003,9963,2025-06-15T17:31:39.647000+00:00,23.3,47.9,29.0,1019.1,0,0.8,198
5004,9963,2025-06-15T17:33:39.655000+00:00,23.3,47.9,30.0,1019.0,0,1.1,190
5005,9963,2025-06-15T17:35:39.656000+00:00,23.1,48.0,31.0,1019.0,0,2.0,173
5006,9963,2025-06-15T17:37:39.657000+00:00,22.8,48.2,31.0,1019.1,0,1.2,276
5007,9963,2025-06-15T17:39:39.664000+00:00,22.9,48.4,34.0,1019.0,0,1.5,175
5008,9963,2025-06-15T17:41:39.649000+00:00,22.8,48.7,34.0,1019.0,0,1.8,180
5009,9963,2025-06-15T17:43:39.666000+00:00,22.8,49.1,33.0,1019.0,0,1.6,172
5010,9963,2025-06-15T17:45:39.651000+00:00,23.0,49.3,33.0,1019.0,0,1.0,147
5011,9963,2025-06-15T17:47:39.665000+00:00,23.0,48.7,31.0,1019.0,0,0.8,334
5012,9963,2025-06-15T17:49:39.666000+00:00,23.1,48.7,30.0,1019.1,0,0.4,104
5013,9963,2025-06-15T17:51:39.667000+00:00,23.0,48.9,31.0,1019.0,0,0.6,140
5014,9963,2025-06-15T17:53:39.668000+00:00,23.0,49.3,29.0,1018.9,0,1.4,169
5015,9963,2025-06-15T17:55:39.669000+00:00,23.0,49.5,28.0,1019.0,0,1.0,133
5016,9963,2025-06-15T17:57:39.685000+00:00,23.0,49.4,29.0,1019.0,0,1.2,174
5017,9963,2025-06-15T17:59:39.676000+00:00,23.1,49.9,29.0,1019.1,0,1.3,211
5018,9963,2025-06-15T18:01:39.683000+00:00,23.4,49.6,29.0,1019.0,0,1.0,344
5019,9963,2025-06-15T18:03:39.682000+00:00,23.3,49.7,30.0,1019.1,0,0.7,2
5020,9963,2025-06-15T18:05:39.667000+00:00,23.6,50.1,29.0,1018.9,0,1.0,3
5021,9963,2025-06-15T18:07:39.681000+00:00,23.6,50.2,29.0,1019.1,0,1.6,343
5022,9963,2025-06-15T18:09:39.682000+00:00,23.9,50.1,28.0,1019.1,0,0.8,103
5023,9963,2025-06-15T18:11:39.683000+00:00,24.0,49.9,27.0,1019.0,0,1.3,19
5024,9963,2025-06-15T18:13:39.684000+00:00,23.8,49.9,26.0,1019.0,0,2.9,4
5025,9963,2025-06-15T18:15:39.685000+00:00,23.8,50.4,26.0,1019.0,0,1.1,263
5026,9963,2025-06-15T18:17:39.676000+00:00,23.7,50.2,26.0,1019.1,0,2.0,262
5027,9963,2025-06-15T18:19:39.693000+00:00,23.8,50.1,26.0,1019.0,0,1.6,159
5028,9963,2025-06-15T18:21:39.694000+00:00,23.8,50.0,29.0,1019.0,0,0.9,292
5029,9963,2025-06-15T18:23:39.682000+00:00,23.9,49.8,27.0,1019.1,0,1.1,106
5030,9963,2025-06-15T18:25:39.683000+00:00,23.7,50.0,29.0,1019.0,0,1.9,326
5031,9963,2025-06-15T18:27:39.684000+00:00,23.8,49.9,27.0,1019.0,0,1.3,31
5032,9963,2025-06-15T18:29:39.702000+00:00,23.9,49.7,27.0,1019.0,0,0.5,0
5033,9963,2025-06-15T18:31:39.699000+00:00,24.0,49.4,29.0,1018.9,0,0.8,151
5034,9963,2025-06-15T18:33:39.700000+00:00,23.9,49.6,30.0,1018.9,0,1.1,0
5035,9963,2025-06-15T18:35:39.695000+00:00,24.1,49.7,30.0,1019.1,0,2.0,230
5036,9963,2025-06-15T18:37:39.696000+00:00,24.3,49.8,29.0,1019.0,0,0.7,27
5037,9963,2025-06-15T18:39:39.709000+00:00,24.4,50.0,28.0,1018.9,0,0.8,123
5038,9963,2025-06-15T18:41:39.745000+00:00,24.5,49.6,29.0,1018.9,0,0.8,335
5039,9963,2025-06-15T18:43:39.761000+00:00,24.5,49.8,29.0,1018.9,0,0.7,357
5040,9963,2025-06-15T18:45:39.793000+00:00,24.6,49.7,28.0,1018.9,0,0.6,0
5041,9963,2025-06-15T18:47:39.803000+00:00,24.6,49.8,29.0,1018.9,0,1.1,143
5042,9963,2025-06-15T18:49:39.795000+00:00,24.5,49.9,28.0,1018.9,0,0.9,0
5043,9963,2025-06-15T18:51:39.827000+00:00,24.7,49.8,28.0,1018.9,0,0.7,167
5044,9963,2025-06-15T18:53:39.828000+00:00,24.7,50.0,28.0,1018.8,0,1.4,160
5045,9963,2025-06-15T18:55:39.842000+00:00,24.6,50.3,28.0,1018.9,0,1.4,207
5046,9963,2025-06-15T18:57:39.874000+00:00,24.8,49.9,27.0,1018.9,0,1.6,284
5047,9963,2025-06-15T18:59:39.862000+00:00,25.2,49.8,27.0,1018.9,0,0.8,338
5048,9963,2025-06-15T19:01:39.891000+00:00,25.1,49.6,30.0,1018.9,0,1.5,353
5049,9963,2025-06-15T19:03:39.883000+00:00,24.9,49.9,27.0,1019.0,0,0.9,44
5050,9963,2025-06-15T19:05:39.900000+00:00,25.0,50.0,27.0,1018.8,0,1.0,64
5051,9963,2025-06-15T19:07:39.901000+00:00,25.1,49.8,28.0,1018.9,0,1.0,359
5052,9963,2025-06-15T19:09:39.920000+00:00,25.1,49.3,27.0,1018.8,0,1.1,176
5053,9963,2025-06-15T19:11:39.937000+00:00,25.2,49.9,29.0,1018.8,0,0.6,336
5054,9963,2025-06-15T19:13:39.953000+00:00,25.4,49.7,29.0,1018.8,0,1.1,215
5055,9963,2025-06-15T19:15:39.970000+00:00,25.6,49.8,27.0,1018.8,0,0.5,4
5056,9963,2025-06-15T19:17:39.980000+00:00,25.4,49.2,26.0,1018.9,0,0.7,0
5057,9963,2025-06-15T19:19:39.982000+00:00,25.1,49.4,27.0,1018.8,0,0.6,216
5058,9963,2025-06-15T19:21:39.983000+00:00,24.9,49.5,27.0,1018.7,0,1.3,4
5059,9963,2025-06-15T19:23:39.984000+00:00,25.1,49.6,26.0,1018.8,0,1.0,139
5060,9963,2025-06-15T19:25:39.985000+00:00,25.1,49.7,27.0,1018.8,0,1.0,161
5061,9963,2025-06-15T19:27:39.982000+00:00,25.2,49.7,27.0,1018.9,0,0.7,174
5062,9963,2025-06-15T19:29:39.992000+00:00,25.1,49.5,27.0,1018.9,0,0.6,17
5063,9963,2025-06-15T19:31:40.025000+00:00,25.2,49.6,26.0,1018.8,0,0.8,196
5064,9963,2025-06-15T19:33:40.010000+00:00,25.3,49.5,25.0,1018.7,0,0.6,155
5065,9963,2025-06-15T19:35:40.027000+00:00,25.1,49.5,26.0,1018.7,0,1.0,179
5066,9963,2025-06-15T19:37:40.058000+00:00,24.7,49.4,27.0,1018.8,0,2.0,245
5067,9963,2025-06-15T19:39:40.075000+00:00,24.5,49.3,26.0,1018.8,0,0.9,190
5068,9963,2025-06-15T19:41:40.108000+00:00,24.6,49.4,26.0,1018.6,0,0.4,51
5069,9963,2025-06-15T19:43:40.112000+00:00,24.5,49.3,25.0,1018.6,0,1.1,225
5070,9963,2025-06-15T19:45:40.129000+00:00,24.5,49.3,25.0,1018.6,0,1.1,225
5071,9963,2025-06-15T19:47:40.135000+00:00,24.5,49.3,25.0,1018.6,0,1.1,225
5072,9963,2025-06-15T19:49:40.128000+00:00,24.5,49.3,25.0,1018.6,0,1.1,225
5073,9963,2025-06-15T19:51:40.129000+00:00,24.5,49.3,25.0,1018.6,0,1.1,225
5074,9955,2025-06-29T12:07:21.340000+00:00,29.6,51.3,34.0,944.0,0,1.9,31
5075,9955,2025-06-29T12:09:21.337000+00:00,29.4,51.9,32.0,944.0,0,2.4,358
5076,9955,2025-06-29T12:11:21.358000+00:00,29.3,49.2,34.0,943.9,0,0.4,182
5077,9955,2025-06-29T12:13:21.339000+00:00,29.3,48.7,34.0,944.0,0,0.0,227
5078,9955,2025-06-29T12:15:21.338000+00:00,29.6,50.7,33.0,944.1,0,0.9,57
5079,9955,2025-06-29T12:17:21.347000+00:00,29.7,50.6,33.0,944.0,0,0.7,283
5080,9955,2025-06-29T12:19:21.341000+00:00,30.0,51.2,33.0,944.0,0,1.3,6
5081,9955,2025-06-29T12:21:21.347000+00:00,30.0,49.4,34.0,944.0,0,2.4,242
5082,9955,2025-06-29T12:23:21.346000+00:00,29.8,49.3,34.0,944.1,0,1.2,74
5083,9955,2025-06-29T12:25:21.352000+00:00,29.5,47.8,34.0,944.0,0,2.1,72
5084,9955,2025-06-29T12:27:21.346000+00:00,29.1,46.8,34.0,944.1,0,1.6,73
5085,9955,2025-06-29T12:29:21.354000+00:00,29.1,48.1,35.0,944.0,0,1.4,48
5086,9955,2025-06-29T12:31:21.354000+00:00,29.3,49.1,33.0,944.0,0,1.1,66
5087,9955,2025-06-29T12:33:21.368000+00:00,29.5,49.2,33.0,943.9,0,1.4,67
5088,9955,2025-06-29T12:35:21.409000+00:00,29.4,48.1,34.0,944.0,0,0.5,73
5089,9955,2025-06-29T12:37:21.416000+00:00,29.4,48.7,34.0,944.0,0,0.8,62
5090,9955,2025-06-29T12:39:21.430000+00:00,29.6,49.4,33.0,944.0,0,0.4,53
5091,9955,2025-06-29T12:41:21.457000+00:00,29.9,49.7,33.0,944.0,0,0.9,46
5092,9955,2025-06-29T12:43:21.465000+00:00,29.9,50.5,33.0,943.8,0,0.9,14
5093,9955,2025-06-29T12:45:21.492000+00:00,30.1,50.6,31.0,943.8,0,1.4,103
5094,9955,2025-06-29T12:47:21.488000+00:00,30.0,49.5,33.0,943.7,0,0.6,203
5095,9955,2025-06-29T12:49:21.487000+00:00,30.1,50.5,32.0,943.8,0,1.3,39
5096,9955,2025-06-29T12:51:21.497000+00:00,30.3,49.2,33.0,943.7,0,1.0,35
5097,9955,2025-06-29T12:53:21.490000+00:00,30.4,50.1,33.0,943.7,0,1.3,251
5098,9955,2025-06-29T12:55:21.505000+00:00,30.0,49.7,32.0,943.7,0,1.9,188
5099,9955,2025-06-29T12:57:21.514000+00:00,30.0,50.2,33.0,943.6,0,0.9,299
5100,9955,2025-06-29T12:59:21.536000+00:00,30.1,50.5,33.0,943.6,0,1.4,255
5101,9955,2025-06-29T13:01:21.570000+00:00,30.2,50.4,33.0,943.6,0,1.0,241
5102,9955,2025-06-29T13:03:21.566000+00:00,30.1,50.7,33.0,943.6,0,1.3,275
5103,9955,2025-06-29T13:05:21.592000+00:00,30.3,50.7,32.0,943.5,0,1.0,38
5104,9955,2025-06-29T13:07:21.612000+00:00,30.3,50.3,33.0,943.5,0,1.0,90
5105,9955,2025-06-29T13:09:21.625000+00:00,30.3,50.8,31.0,943.4,0,2.3,51
5106,9955,2025-06-29T13:11:21.624000+00:00,30.4,49.8,31.0,943.5,0,2.4,19
5107,9955,2025-06-29T13:13:21.643000+00:00,30.3,50.5,33.0,943.5,0,0.9,189
5108,9955,2025-06-29T13:15:21.636000+00:00,30.3,50.8,32.0,943.4,0,0.6,102
5109,9955,2025-06-29T13:17:21.663000+00:00,30.4,48.7,31.0,943.5,0,1.1,0
5110,9955,2025-06-29T13:19:21.657000+00:00,30.2,48.6,33.0,943.4,0,0.9,216
5111,9955,2025-06-29T13:21:21.683000+00:00,30.4,49.3,31.0,943.3,0,0.8,57
5112,9955,2025-06-29T13:23:21.761000+00:00,30.7,49.6,32.0,943.3,0,0.8,68
5113,9955,2025-06-29T13:25:21.694000+00:00,30.8,49.8,32.0,943.3,0,0.6,43
5114,9955,2025-06-29T13:27:21.712000+00:00,30.6,50.3,32.0,943.3,0,1.9,61
5115,9955,2025-06-29T13:29:21.730000+00:00,30.6,50.3,32.0,943.3,0,2.2,40
5116,9955,2025-06-29T13:31:21.747000+00:00,30.8,49.9,31.0,943.3,0,3.7,58
5117,9955,2025-06-29T13:33:21.758000+00:00,30.6,49.1,32.0,943.4,0,2.1,65
5118,9955,2025-06-29T13:35:21.796000+00:00,30.4,49.9,32.0,943.3,0,2.7,67
5119,9955,2025-06-29T13:37:21.783000+00:00,30.4,49.5,32.0,943.3,0,2.1,63
5120,9955,2025-06-29T13:39:21.784000+00:00,30.5,49.6,31.0,943.1,0,1.9,43
5121,9955,2025-06-29T13:41:21.798000+00:00,30.6,49.4,31.0,943.1,0,2.5,79
5122,9955,2025-06-29T13:43:21.788000+00:00,30.6,49.0,31.0,943.1,0,1.8,34
5123,9955,2025-06-29T13:45:21.789000+00:00,30.6,49.3,31.0,943.2,0,1.6,63
5124,9955,2025-06-29T13:47:21.780000+00:00,30.6,49.3,31.0,943.1,0,1.8,50
5125,9955,2025-06-29T13:49:21.781000+00:00,30.6,49.6,30.0,943.1,0,2.4,55
5126,9955,2025-06-29T13:51:21.794000+00:00,30.5,49.1,31.0,943.1,0,1.9,72
5127,9955,2025-06-29T13:53:21.796000+00:00,30.6,49.7,31.0,943.0,0,1.5,63
5128,9955,2025-06-29T13:55:21.790000+00:00,30.6,48.8,31.0,943.2,0,2.5,44
5129,9955,2025-06-29T13:57:21.809000+00:00,30.5,48.7,31.0,943.0,0,2.8,54
5130,9955,2025-06-29T13:59:21.790000+00:00,30.6,48.8,32.0,943.1,0,2.2,40
5131,9955,2025-06-29T14:01:21.804000+00:00,30.4,48.5,32.0,943.1,0,1.6,65
5132,9955,2025-06-29T14:03:21.794000+00:00,30.5,48.4,31.0,942.9,0,1.2,353
5133,9955,2025-06-29T14:05:21.794000+00:00,30.4,48.3,32.0,942.9,0,1.1,15
5134,9955,2025-06-29T14:07:21.807000+00:00,30.8,49.3,31.0,942.9,0,0.7,35
5135,9955,2025-06-29T14:09:21.808000+00:00,30.9,48.4,31.0,943.0,0,2.7,5
5136,9955,2025-06-29T14:11:21.808000+00:00,30.8,48.7,32.0,942.8,0,1.4,72
5137,9955,2025-06-29T14:13:21.809000+00:00,31.1,49.1,31.0,942.9,0,2.1,28
5138,9955,2025-06-29T14:15:21.820000+00:00,31.2,48.9,30.0,942.9,0,2.5,54
5139,9955,2025-06-29T14:17:21.829000+00:00,31.3,48.2,32.0,942.9,0,0.8,55
5140,9955,2025-06-29T14:19:21.811000+00:00,31.1,48.9,31.0,942.7,0,3.2,48
5141,9955,2025-06-29T14:21:21.822000+00:00,31.1,48.7,31.0,942.8,0,2.8,60
5142,9955,2025-06-29T14:23:21.822000+00:00,31.1,48.4,31.0,942.8,0,3.1,72
5143,9955,2025-06-29T14:25:21.811000+00:00,31.0,48.6,31.0,942.6,0,1.9,66
5144,9955,2025-06-29T14:27:21.824000+00:00,30.9,48.2,30.0,942.8,0,2.9,40
5145,9955,2025-06-29T14:29:21.825000+00:00,30.7,48.2,31.0,942.7,0,1.5,39
5146,9955,2025-06-29T14:31:21.826000+00:00,30.9,48.6,30.0,942.7,0,2.0,69
5147,9955,2025-06-29T14:33:21.826000+00:00,31.1,48.3,30.0,942.7,0,1.9,72
5148,9955,2025-06-29T14:35:21.819000+00:00,31.3,48.0,30.0,942.7,0,2.2,42
5149,9955,2025-06-29T14:37:21.816000+00:00,31.0,47.5,32.0,942.6,0,1.6,68
5150,9955,2025-06-29T14:39:21.841000+00:00,30.7,45.9,31.0,942.7,0,1.5,19
5151,9955,2025-06-29T14:41:21.820000+00:00,30.6,46.3,32.0,942.7,0,1.3,60
5152,9955,2025-06-29T14:43:21.842000+00:00,30.7,47.8,31.0,942.5,0,2.0,41
5153,9955,2025-06-29T14:45:21.829000+00:00,30.7,45.8,30.0,942.6,0,2.2,34
5154,9955,2025-06-29T14:47:21.837000+00:00,30.8,46.1,32.0,942.6,0,0.8,39
5155,9947,2025-07-06T13:08:00.335000+00:00,18.0,24.2,85.0,988.6,0,0.7,174
5156,9947,2025-07-06T13:10:00.295000+00:00,18.1,24.6,82.0,988.6,0,2.2,61
5157,9947,2025-07-06T13:12:00.295000+00:00,18.0,23.9,79.0,988.5,0,3.0,28
5158,9947,2025-07-06T13:14:00.281000+00:00,18.0,24.2,78.0,988.6,0,1.9,248
5159,9947,2025-07-06T13:16:00.297000+00:00,18.3,25.9,78.0,988.6,0,1.3,310
5160,9947,2025-07-06T13:18:00.291000+00:00,18.4,26.0,78.0,988.6,0,1.2,210
5161,9947,2025-07-06T13:20:00.296000+00:00,18.5,24.6,77.0,988.6,0,1.9,63
5162,9947,2025-07-06T13:22:00.301000+00:00,18.3,24.0,78.0,988.7,1,1.2,82
5163,9947,2025-07-06T13:24:00.350000+00:00,18.3,22.6,77.0,988.6,1,1.0,319
5164,9947,2025-07-06T13:26:00.301000+00:00,18.1,21.8,79.0,988.7,1,1.0,6
5165,9947,2025-07-06T13:28:00.302000+00:00,17.8,21.4,81.0,988.6,1,2.0,18
5166,9947,2025-07-06T13:30:00.333000+00:00,17.6,21.7,82.0,988.8,1,1.0,15
5167,9947,2025-07-06T13:32:00.365000+00:00,17.5,21.9,84.0,988.8,1,0.7,94
5168,9947,2025-07-06T13:34:00.360000+00:00,17.4,22.3,85.0,988.8,1,1.1,69
5169,9947,2025-07-06T13:36:00.366000+00:00,17.3,22.8,85.0,988.7,1,1.7,52
5170,9947,2025-07-06T13:38:00.376000+00:00,17.2,22.2,86.0,988.8,1,0.5,72
5171,9947,2025-07-06T13:40:00.419000+00:00,17.3,22.8,87.0,988.7,0,0.8,52
5172,9947,2025-07-06T13:42:00.426000+00:00,17.4,23.9,88.0,988.7,0,0.7,154
5173,9947,2025-07-06T13:44:00.437000+00:00,17.4,23.4,87.0,988.6,0,0.8,318
5174,9947,2025-07-06T13:46:00.432000+00:00,17.2,23.6,86.0,988.7,0,0.7,350
5175,9947,2025-07-06T13:48:00.442000+00:00,17.2,25.9,85.0,988.6,0,1.3,70
5176,9947,2025-07-06T13:50:00.433000+00:00,17.1,24.5,84.0,988.7,0,1.4,9
5177,9947,2025-07-06T13:52:00.446000+00:00,17.3,25.2,83.0,988.6,0,1.2,238
5178,9947,2025-07-06T13:54:00.447000+00:00,17.4,24.3,84.0,988.6,0,0.8,261
5179,9947,2025-07-06T13:56:00.438000+00:00,17.7,26.1,83.0,988.7,0,0.8,148
5180,9947,2025-07-06T13:58:00.445000+00:00,17.7,26.0,83.0,988.7,0,0.7,167
5181,9947,2025-07-06T14:00:00.447000+00:00,18.0,26.8,84.0,988.6,0,0.6,205
5182,9947,2025-07-06T14:02:00.450000+00:00,18.1,29.6,83.0,988.7,0,1.1,89
5183,9947,2025-07-06T14:04:00.459000+00:00,18.3,24.1,80.0,988.7,0,0.9,0
5184,9947,2025-07-06T14:06:00.477000+00:00,18.5,24.5,82.0,988.6,0,1.0,8
5185,9947,2025-07-06T14:08:00.492000+00:00,18.4,24.5,80.0,988.6,0,1.5,66
5186,9947,2025-07-06T14:10:00.511000+00:00,18.6,24.8,78.0,988.7,0,1.1,332
5187,9947,2025-07-06T14:12:00.523000+00:00,18.6,24.9,75.0,988.7,0,0.9,313
5188,9947,2025-07-06T14:14:00.544000+00:00,18.8,25.2,77.0,988.8,0,1.2,93
5189,9947,2025-07-06T14:16:00.558000+00:00,19.1,24.4,75.0,988.7,0,1.3,82
5190,9947,2025-07-06T14:18:00.560000+00:00,19.2,24.0,74.0,988.7,0,1.1,186
5191,9947,2025-07-06T14:20:00.556000+00:00,19.2,24.8,74.0,988.4,0,1.1,238
5192,9947,2025-07-06T14:22:00.591000+00:00,19.2,24.3,72.0,988.6,0,1.9,29
5193,9947,2025-07-06T14:24:00.571000+00:00,19.0,24.0,74.0,988.8,1,1.2,292
5194,9947,2025-07-06T14:26:00.581000+00:00,18.7,22.5,72.0,988.7,1,3.1,70
5195,9947,2025-07-06T14:28:00.604000+00:00,18.1,21.0,74.0,988.8,1,4.5,67
5196,9947,2025-07-06T14:30:00.601000+00:00,17.4,20.1,78.0,988.8,1,5.4,71
5197,9947,2025-07-06T14:32:00.599000+00:00,16.7,20.0,82.0,988.9,1,2.9,89
5198,9947,2025-07-06T14:34:00.609000+00:00,16.3,20.3,84.0,989.0,1,2.1,71
5199,9947,2025-07-06T14:36:00.627000+00:00,16.1,20.8,85.0,989.0,0,2.3,73
5200,9947,2025-07-06T14:38:00.653000+00:00,16.1,21.3,85.0,989.0,0,1.8,74
5201,9947,2025-07-06T14:40:00.657000+00:00,16.1,21.7,84.0,989.0,0,1.0,60
5202,9947,2025-07-06T14:42:00.650000+00:00,16.2,22.8,84.0,989.0,0,1.1,66
5203,9947,2025-07-06T14:44:00.648000+00:00,16.5,24.2,84.0,988.9,0,0.9,326
5204,9947,2025-07-06T14:46:00.654000+00:00,16.6,24.3,83.0,989.0,0,0.8,80
5205,9947,2025-07-06T14:48:00.691000+00:00,16.7,23.4,81.0,988.8,0,2.5,79
5206,9947,2025-07-06T14:50:00.719000+00:00,16.7,23.1,82.0,988.9,0,1.9,62
5207,9947,2025-07-06T14:52:00.737000+00:00,17.0,22.9,80.0,988.8,0,2.2,68
5208,9947,2025-07-06T14:54:00.755000+00:00,17.0,22.9,82.0,988.9,0,1.6,58
5209,9947,2025-07-06T14:56:00.743000+00:00,17.2,22.8,80.0,988.9,0,0.9,0
5210,9947,2025-07-06T14:58:00.744000+00:00,17.2,22.5,80.0,988.9,0,1.3,115
5211,9947,2025-07-06T15:00:00.738000+00:00,17.2,22.6,82.0,988.9,0,0.8,53
5212,9947,2025-07-06T15:02:00.739000+00:00,17.4,22.8,82.0,989.0,0,0.8,263
5213,9947,2025-07-06T15:04:00.740000+00:00,17.5,22.4,81.0,988.9,0,1.3,22
5214,9947,2025-07-06T15:06:00.740000+00:00,17.7,22.4,82.0,988.8,0,1.7,346
5215,9947,2025-07-06T15:08:00.757000+00:00,17.9,23.3,80.0,988.7,0,1.5,72
5216,9947,2025-07-06T15:10:00.791000+00:00,18.0,23.6,77.0,988.8,0,1.1,217
5217,9947,2025-07-06T15:12:00.818000+00:00,18.0,23.3,73.0,988.9,0,1.3,144
5218,9947,2025-07-06T15:14:01.038000+00:00,18.3,23.3,74.0,988.9,0,0.9,87
5219,9947,2025-07-06T15:16:00.845000+00:00,18.5,23.2,72.0,988.8,0,1.4,275
5220,9947,2025-07-06T15:18:00.855000+00:00,18.5,23.7,72.0,988.9,0,1.5,59
5221,9947,2025-07-06T15:20:00.850000+00:00,18.7,24.1,70.0,988.9,0,2.1,123
5222,9947,2025-07-06T15:22:00.884000+00:00,18.8,23.6,70.0,988.9,0,1.5,47
5223,9947,2025-07-06T15:24:00.879000+00:00,18.9,23.6,69.0,989.0,0,0.0,0
5224,9947,2025-07-06T15:26:00.882000+00:00,18.9,23.2,68.0,988.9,0,1.4,54
5225,9947,2025-07-06T15:28:00.896000+00:00,19.0,23.2,69.0,988.9,0,2.0,40
5226,9947,2025-07-06T15:30:00.886000+00:00,19.0,24.0,67.0,988.8,0,2.2,269
5227,9947,2025-07-06T15:32:00.881000+00:00,19.1,23.8,66.0,988.9,0,2.1,271
5228,9947,2025-07-06T15:34:00.890000+00:00,19.2,23.6,67.0,989.0,0,0.9,302
5229,9947,2025-07-06T15:36:00.898000+00:00,19.1,23.7,67.0,988.9,0,1.1,245
5230,9947,2025-07-06T15:38:00.887000+00:00,19.3,24.4,65.0,989.1,0,1.1,95
5231,9947,2025-07-06T15:40:00.890000+00:00,19.5,24.6,65.0,989.0,0,1.5,287
5232,9947,2025-07-06T15:42:00.907000+00:00,19.6,24.3,63.0,988.9,0,1.7,99
5233,9934,2025-07-26T09:16:54.292000+00:00,20.8,32.8,62.0,969.2,0,1.8,331
5234,9934,2025-07-26T09:18:54.317000+00:00,20.7,31.8,63.0,969.1,0,1.3,307
5235,9934,2025-07-26T09:20:54.334000+00:00,20.6,31.5,63.0,969.0,0,1.4,1
5236,9934,2025-07-26T09:22:54.366000+00:00,20.7,31.0,64.0,969.0,0,1.4,315
5237,9934,2025-07-26T09:24:54.348000+00:00,21.0,31.1,64.0,969.1,0,1.9,321
5238,9934,2025-07-26T09:26:54.365000+00:00,20.9,33.1,64.0,969.0,0,0.5,0
5239,9934,2025-07-26T09:28:54.370000+00:00,21.0,33.9,64.0,969.0,0,0.9,292
5240,9934,2025-07-26T09:30:54.366000+00:00,21.3,34.6,62.0,969.0,0,1.4,334
5241,9934,2025-07-26T09:32:54.397000+00:00,21.2,35.2,61.0,969.0,0,0.5,3
5242,9934,2025-07-26T09:34:54.411000+00:00,21.0,35.8,58.0,969.0,0,0.7,155
5243,9934,2025-07-26T09:36:54.423000+00:00,21.0,35.8,60.0,969.1,0,0.5,0
5244,9934,2025-07-26T09:38:54.423000+00:00,21.1,36.6,57.0,969.0,0,0.6,347
5245,9934,2025-07-26T09:40:54.413000+00:00,20.9,36.4,58.0,969.1,0,1.3,326
5246,9934,2025-07-26T09:42:54.432000+00:00,20.9,37.0,59.0,969.1,0,1.6,309
5247,9934,2025-07-26T09:44:54.413000+00:00,20.9,37.4,58.0,969.0,0,0.7,334
5248,9934,2025-07-26T09:46:54.418000+00:00,20.9,35.7,58.0,969.0,0,1.1,203
5249,9934,2025-07-26T09:48:54.428000+00:00,20.8,34.6,62.0,969.0,0,0.7,299
5250,9934,2025-07-26T09:50:54.431000+00:00,20.8,34.2,63.0,968.9,0,1.4,312
5251,9934,2025-07-26T09:52:54.435000+00:00,20.9,33.8,63.0,969.0,0,1.8,336
5252,9934,2025-07-26T09:54:54.438000+00:00,21.0,33.9,64.0,969.0,0,0.7,339
5253,9934,2025-07-26T09:56:54.475000+00:00,21.0,34.9,63.0,969.1,0,1.2,294
5254,9934,2025-07-26T09:58:54.512000+00:00,20.9,34.7,63.0,969.0,0,1.0,335
5255,9934,2025-07-26T10:00:54.515000+00:00,21.0,33.5,63.0,969.1,0,1.8,350
5256,9934,2025-07-26T10:02:54.523000+00:00,20.9,33.4,64.0,969.1,0,1.3,331
5257,9934,2025-07-26T10:04:54.519000+00:00,20.9,33.5,63.0,969.0,0,1.2,10
5258,9934,2025-07-26T10:06:54.525000+00:00,20.9,33.0,64.0,969.1,0,1.0,194
5259,9934,2025-07-26T10:08:54.537000+00:00,20.7,32.8,64.0,969.1,0,1.0,305
5260,9934,2025-07-26T10:10:54.556000+00:00,20.8,34.8,63.0,969.0,0,1.2,180
5261,9934,2025-07-26T10:12:54.578000+00:00,21.0,35.5,63.0,969.0,0,1.3,155
5262,9934,2025-07-26T10:14:54.603000+00:00,21.0,35.9,63.0,969.0,0,0.8,163
5263,9934,2025-07-26T10:16:54.618000+00:00,21.0,36.5,62.0,969.0,0,0.7,24
5264,9934,2025-07-26T10:18:54.603000+00:00,20.9,37.1,62.0,969.1,0,0.6,176
5265,9934,2025-07-26T10:20:54.623000+00:00,20.9,37.6,59.0,969.0,0,1.1,328
5266,9934,2025-07-26T10:22:54.644000+00:00,21.0,38.3,60.0,969.0,0,1.8,3
5267,9934,2025-07-26T10:24:54.658000+00:00,21.0,38.1,59.0,968.9,0,1.2,293
5268,9934,2025-07-26T10:26:54.657000+00:00,21.0,38.3,59.0,969.0,0,1.5,160
5269,9934,2025-07-26T10:28:54.645000+00:00,20.9,38.3,56.0,969.0,0,1.3,255
5270,9934,2025-07-26T10:30:54.699000+00:00,21.0,38.5,58.0,969.0,0,0.0,0
5271,9934,2025-07-26T10:32:54.703000+00:00,21.1,38.5,56.0,969.0,0,1.3,355
5272,9934,2025-07-26T10:34:54.697000+00:00,21.2,38.8,57.0,969.0,0,1.1,258
5273,9939,2025-07-27T12:06:04.141000+00:00,18.8,26.7,81.0,965.0,0,1.8,328
5274,9939,2025-07-27T12:08:04.121000+00:00,19.0,26.1,80.0,965.1,0,1.3,320
5275,9939,2025-07-27T12:10:04.139000+00:00,18.6,25.9,81.0,965.1,0,1.7,316
5276,9939,2025-07-27T12:12:04.155000+00:00,18.4,25.3,82.0,965.1,0,1.1,347
5277,9939,2025-07-27T12:14:04.192000+00:00,18.3,25.3,83.0,965.0,1,1.1,295
5278,9939,2025-07-27T12:16:04.179000+00:00,18.2,26.2,82.0,965.0,0,0.6,0
5279,9939,2025-07-27T12:18:04.198000+00:00,18.3,26.8,82.0,965.0,0,2.0,275
5280,9939,2025-07-27T12:20:04.213000+00:00,18.4,27.6,77.0,965.1,0,1.7,338
5281,9939,2025-07-27T12:22:04.241000+00:00,18.5,26.8,78.0,965.0,1,1.6,356
5282,9939,2025-07-27T12:24:04.217000+00:00,18.7,26.2,76.0,964.9,1,1.4,332
5283,9939,2025-07-27T12:26:04.240000+00:00,18.8,25.7,80.0,964.9,1,0.7,276
5284,9939,2025-07-27T12:28:04.266000+00:00,18.8,25.1,79.0,964.9,1,1.7,0
5285,9939,2025-07-27T12:30:04.263000+00:00,18.7,24.9,79.0,965.0,1,1.7,2
5286,9939,2025-07-27T12:32:04.291000+00:00,18.5,24.0,81.0,965.1,1,2.0,330
5287,9939,2025-07-27T12:34:04.314000+00:00,18.1,23.3,82.0,965.1,1,1.3,109
5288,9939,2025-07-27T12:36:04.316000+00:00,17.7,22.7,86.0,965.1,1,0.9,341
5289,9939,2025-07-27T12:38:04.540000+00:00,17.4,22.7,86.0,965.0,1,0.6,246
5290,9939,2025-07-27T12:40:04.540000+00:00,17.2,22.6,89.0,965.0,1,0.4,340
5291,9939,2025-07-27T12:42:04.560000+00:00,17.1,22.8,90.0,965.0,1,0.4,323
5292,9939,2025-07-27T12:44:04.555000+00:00,17.0,23.3,88.0,965.0,1,2.2,334
5293,9939,2025-07-27T12:46:04.580000+00:00,17.1,23.1,88.0,965.0,1,2.3,302
5294,9939,2025-07-27T12:48:04.617000+00:00,17.1,23.1,88.0,965.0,1,1.7,345
5295,9939,2025-07-27T12:50:04.672000+00:00,17.0,23.4,90.0,965.0,1,0.9,297
5296,9939,2025-07-27T12:52:04.678000+00:00,17.1,23.7,89.0,965.0,1,0.8,285
5297,9939,2025-07-27T12:54:04.667000+00:00,17.1,23.7,88.0,965.0,1,1.8,319
5298,9939,2025-07-27T12:56:04.697000+00:00,17.1,23.8,90.0,965.1,1,0.9,347
5299,9939,2025-07-27T12:58:04.697000+00:00,17.1,23.8,88.0,964.9,1,1.1,313
5300,9939,2025-07-27T13:00:04.708000+00:00,17.0,23.8,88.0,965.1,1,1.8,291
5301,9939,2025-07-27T13:02:04.706000+00:00,17.0,24.0,89.0,964.9,1,1.3,343
5302,9939,2025-07-27T13:04:04.698000+00:00,17.1,24.1,89.0,965.1,1,1.6,347
5303,9939,2025-07-27T13:06:04.717000+00:00,17.1,23.9,88.0,965.0,1,2.1,344
5304,9939,2025-07-27T13:08:04.708000+00:00,17.1,24.0,88.0,965.0,1,1.4,280
5305,9939,2025-07-27T13:10:04.715000+00:00,17.2,24.5,90.0,965.1,1,0.7,337
5306,9939,2025-07-27T13:12:04.725000+00:00,17.2,24.4,88.0,965.1,0,1.1,330
5307,9939,2025-07-27T13:14:04.776000+00:00,17.3,24.3,89.0,965.0,0,1.1,339
5308,9939,2025-07-27T13:16:04.768000+00:00,17.4,23.7,89.0,965.1,1,1.4,319
5309,9939,2025-07-27T13:18:04.750000+00:00,17.3,22.6,86.0,965.3,1,3.2,354
5310,9939,2025-07-27T13:20:04.775000+00:00,17.0,21.6,84.0,965.3,1,3.0,320
5311,9939,2025-07-27T13:22:04.790000+00:00,16.7,21.3,87.0,965.3,1,2.8,320
5312,9939,2025-07-27T13:24:04.810000+00:00,16.2,21.1,88.0,965.3,1,2.0,340
5313,9939,2025-07-27T13:26:04.823000+00:00,15.7,20.8,88.0,965.4,1,1.8,337
5314,9939,2025-07-27T13:28:04.847000+00:00,15.4,20.7,87.0,965.4,1,2.1,305
5315,9939,2025-07-27T13:30:04.837000+00:00,15.1,20.8,88.0,965.4,1,1.8,287
5316,9939,2025-07-27T13:32:04.863000+00:00,14.8,20.7,90.0,965.2,1,2.0,320
5317,9939,2025-07-27T13:34:04.863000+00:00,14.8,20.8,90.0,965.2,1,1.6,324
5318,9939,2025-07-27T13:36:04.858000+00:00,14.7,20.9,91.0,965.1,1,1.7,284
5319,9939,2025-07-27T13:38:04.866000+00:00,14.6,20.9,90.0,965.1,1,1.3,238
5320,9939,2025-07-27T13:40:04.843000+00:00,14.5,21.1,89.0,965.0,1,0.7,266
5321,9939,2025-07-27T13:42:04.873000+00:00,14.6,21.1,90.0,965.0,1,1.0,309
5322,9939,2025-07-27T13:44:04.868000+00:00,14.6,21.1,91.0,964.9,1,1.1,351
5323,9939,2025-07-27T13:46:04.865000+00:00,14.6,21.2,91.0,964.8,1,0.7,307
5324,9939,2025-07-27T13:48:04.869000+00:00,14.6,21.2,91.0,964.7,1,0.7,313
5325,9939,2025-07-27T13:50:04.885000+00:00,14.6,21.4,91.0,964.7,1,1.1,310
5326,9939,2025-07-27T13:52:04.909000+00:00,14.6,21.5,90.0,964.7,1,1.2,317
5327,9939,2025-07-27T13:54:04.912000+00:00,14.6,22.1,91.0,964.7,1,1.2,0
5328,9939,2025-07-27T13:56:04.923000+00:00,14.9,22.9,93.0,964.7,1,1.1,281
5329,9939,2025-07-27T13:58:04.906000+00:00,15.2,23.1,91.0,964.7,1,1.8,315
5330,9939,2025-07-27T14:00:04.928000+00:00,15.3,23.2,91.0,964.7,1,1.5,306
5331,9939,2025-07-27T14:02:04.975000+00:00,15.6,25.0,93.0,964.7,0,0.7,302
5332,9939,2025-07-27T14:04:04.992000+00:00,15.8,25.4,90.0,964.7,1,1.5,330
5333,9939,2025-07-27T14:06:05.005000+00:00,16.0,25.9,89.0,964.7,0,1.6,282
5334,9939,2025-07-27T14:08:05.007000+00:00,16.2,26.2,90.0,964.7,0,2.0,313
5335,9939,2025-07-27T14:10:05.022000+00:00,16.4,26.3,86.0,964.8,1,1.3,325
5336,9939,2025-07-27T14:12:05.038000+00:00,16.7,26.3,83.0,964.8,0,1.8,347
5337,9939,2025-07-27T14:14:05.067000+00:00,16.9,26.8,85.0,964.8,0,1.6,333
5338,9939,2025-07-27T14:16:05.057000+00:00,17.1,26.4,85.0,964.8,0,1.1,331
5339,9939,2025-07-27T14:18:05.089000+00:00,17.4,26.3,84.0,964.7,0,1.5,347
5340,9939,2025-07-27T14:20:05.096000+00:00,17.5,26.1,84.0,964.8,0,1.6,322
5341,9939,2025-07-27T14:22:05.116000+00:00,17.7,25.9,85.0,964.7,0,1.5,333
5342,9939,2025-07-27T14:24:05.125000+00:00,17.7,24.8,84.0,964.8,0,1.5,333
5343,9939,2025-07-27T14:26:05.112000+00:00,17.6,24.9,84.0,964.9,0,1.5,339
5344,9939,2025-07-27T14:28:05.126000+00:00,17.6,24.8,84.0,964.9,0,1.9,300
5345,9939,2025-07-27T14:30:05.155000+00:00,17.3,24.5,85.0,965.0,0,1.8,330
5346,9939,2025-07-27T14:32:05.156000+00:00,17.4,24.9,85.0,964.9,0,1.1,332
5347,9939,2025-07-27T14:34:05.134000+00:00,17.4,25.6,82.0,965.0,0,0.9,335
5348,9939,2025-07-27T14:36:05.159000+00:00,17.4,25.8,83.0,965.0,0,1.7,305
5349,9939,2025-07-27T14:38:05.175000+00:00,17.5,25.5,80.0,965.0,0,2.7,313
5350,9939,2025-07-27T14:40:05.185000+00:00,17.5,25.5,81.0,965.1,0,2.0,275
5351,9939,2025-07-27T14:42:05.185000+00:00,17.5,25.9,79.0,965.1,0,1.5,339
5352,9939,2025-07-27T14:44:05.191000+00:00,17.5,25.9,82.0,965.1,0,1.9,355
5353,9939,2025-07-27T14:46:05.216000+00:00,17.6,25.4,81.0,965.2,0,2.2,318
5354,9939,2025-07-27T14:48:05.220000+00:00,17.6,25.1,81.0,965.2,0,1.1,318
5355,9939,2025-07-27T14:50:05.230000+00:00,17.5,25.8,81.0,965.3,0,1.5,332
5356,9939,2025-07-27T14:52:05.252000+00:00,17.4,26.0,82.0,965.3,0,0.7,31
5357,9939,2025-07-27T14:54:05.244000+00:00,17.5,25.8,79.0,965.2,0,1.9,327
5358,9939,2025-07-27T14:56:05.280000+00:00,17.6,26.3,80.0,965.1,0,2.5,338
5359,9939,2025-07-27T14:58:05.299000+00:00,17.8,26.1,81.0,965.2,0,1.4,312
5360,9939,2025-07-27T15:00:05.301000+00:00,17.9,26.2,79.0,965.2,0,1.4,342
5361,9939,2025-07-27T15:02:05.360000+00:00,17.9,26.3,79.0,965.2,0,1.1,353
5362,9939,2025-07-27T15:04:05.345000+00:00,17.9,26.3,79.0,965.3,0,2.0,256
5363,9939,2025-07-27T15:06:05.355000+00:00,17.9,25.8,81.0,965.2,0,1.5,24
5364,9939,2025-07-27T15:08:05.359000+00:00,18.1,25.8,79.0,965.3,0,1.2,354
5365,9939,2025-07-27T15:10:05.390000+00:00,18.0,24.7,78.0,965.3,0,1.6,327
5366,9939,2025-07-27T15:12:05.399000+00:00,17.7,24.5,79.0,965.3,0,1.3,347
5367,9939,2025-07-27T15:14:05.404000+00:00,17.5,24.2,80.0,965.2,0,1.6,341
5368,9939,2025-07-27T15:16:05.423000+00:00,17.5,24.1,80.0,965.2,0,1.2,333
5369,9939,2025-07-27T15:18:05.442000+00:00,17.5,24.2,81.0,965.2,0,0.8,230
5370,9939,2025-07-27T15:20:05.436000+00:00,17.5,24.8,80.0,965.2,0,1.2,328
5371,9939,2025-07-27T15:22:05.446000+00:00,17.5,24.7,78.0,965.1,0,1.1,238
5372,9939,2025-07-27T15:24:05.450000+00:00,17.5,24.0,79.0,965.2,0,1.8,291
5373,9939,2025-07-27T15:26:05.431000+00:00,17.5,23.8,79.0,965.2,0,1.7,338
5374,9939,2025-07-27T15:28:05.433000+00:00,17.5,23.5,78.0,965.2,0,1.6,345
5375,9939,2025-07-27T15:30:05.443000+00:00,17.4,23.6,80.0,965.1,0,1.1,357
5376,9939,2025-07-27T15:32:05.444000+00:00,17.3,23.1,78.0,965.2,0,2.0,313
5377,9939,2025-07-27T15:34:05.453000+00:00,17.1,23.0,81.0,965.2,0,1.5,276
5378,9939,2025-07-27T15:36:05.466000+00:00,17.1,23.1,80.0,965.1,0,2.1,346
5379,9939,2025-07-27T15:38:05.503000+00:00,17.1,22.8,81.0,965.2,0,1.8,342
5380,9939,2025-07-27T15:40:05.554000+00:00,17.1,22.4,82.0,965.1,0,0.8,319
5381,9939,2025-07-27T15:42:05.562000+00:00,17.0,22.5,83.0,965.1,0,1.0,237
5382,9939,2025-07-27T15:44:05.585000+00:00,16.9,22.3,82.0,965.2,0,1.4,243
5383,9939,2025-07-27T15:46:05.566000+00:00,16.9,22.4,83.0,965.2,0,1.1,220
5384,9939,2025-07-27T15:48:05.587000+00:00,16.9,22.4,81.0,965.2,0,1.0,348
5385,9928,2025-08-03T12:26:33.523000+00:00,22.3,35.9,59.0,987.2,0,2.5,248
5386,9928,2025-08-03T12:28:33.526000+00:00,22.4,36.5,58.0,987.3,0,2.2,250
5387,9928,2025-08-03T12:30:33.530000+00:00,22.4,35.9,58.0,987.3,0,2.5,265
5388,9928,2025-08-03T12:32:33.523000+00:00,22.4,35.5,58.0,987.2,0,2.3,268
5389,9928,2025-08-03T12:34:33.521000+00:00,22.3,35.7,56.0,987.3,0,2.4,251
5390,9928,2025-08-03T12:36:33.538000+00:00,22.1,33.3,56.0,987.2,0,2.9,268
5391,9928,2025-08-03T12:38:33.529000+00:00,22.1,32.4,55.0,987.2,0,2.5,281
5392,9928,2025-08-03T12:40:33.536000+00:00,22.0,33.7,57.0,987.2,0,2.0,253
5393,9928,2025-08-03T12:42:33.534000+00:00,21.9,32.8,57.0,987.3,0,2.3,256
5394,9928,2025-08-03T12:44:33.528000+00:00,22.0,32.1,58.0,987.1,0,1.9,257
5395,9928,2025-08-03T12:46:33.568000+00:00,22.0,33.3,59.0,987.1,0,2.7,260
5396,9928,2025-08-03T12:48:33.589000+00:00,22.0,33.7,58.0,987.1,0,2.6,248
5397,9928,2025-08-03T12:50:33.589000+00:00,22.0,33.1,57.0,987.2,0,2.7,265
5398,9928,2025-08-03T12:52:33.617000+00:00,21.9,33.2,57.0,987.2,0,1.9,262
5399,9928,2025-08-03T12:54:33.614000+00:00,21.9,31.6,57.0,987.0,0,2.1,262
5400,9928,2025-08-03T12:56:33.615000+00:00,21.8,31.6,57.0,987.1,0,2.8,268
5401,9928,2025-08-03T12:58:33.622000+00:00,21.8,32.6,58.0,987.1,0,2.2,262
5402,9928,2025-08-03T13:00:33.611000+00:00,21.7,32.6,57.0,987.1,0,2.5,265
5403,9928,2025-08-03T13:02:33.642000+00:00,21.6,32.1,57.0,987.2,0,3.0,273
5404,9928,2025-08-03T13:04:33.634000+00:00,21.7,31.9,58.0,987.2,0,2.5,254
5405,9928,2025-08-03T13:06:33.607000+00:00,21.8,31.7,58.0,987.2,0,3.2,286
5406,9928,2025-08-03T13:08:33.634000+00:00,21.8,31.5,58.0,987.3,0,2.9,263
5407,9928,2025-08-03T13:10:33.622000+00:00,21.9,31.4,58.0,987.2,0,2.2,285
5408,9928,2025-08-03T13:12:33.630000+00:00,21.9,31.4,58.0,987.3,0,2.3,281
5409,9928,2025-08-03T13:14:33.640000+00:00,22.0,31.7,58.0,987.2,0,1.9,250
5410,9928,2025-08-03T13:16:33.664000+00:00,22.0,31.4,58.0,987.2,0,2.6,277
5411,9928,2025-08-03T13:18:33.700000+00:00,21.9,31.1,58.0,987.2,0,1.9,292
5412,9928,2025-08-03T13:20:33.695000+00:00,21.8,30.8,59.0,987.2,0,3.0,267
5413,9928,2025-08-03T13:22:33.738000+00:00,21.9,31.2,59.0,987.1,0,1.7,265
5414,9928,2025-08-03T13:24:33.736000+00:00,21.9,31.2,58.0,987.0,0,1.8,295
5415,9928,2025-08-03T13:26:33.768000+00:00,22.0,31.1,58.0,987.1,0,1.3,258
5416,9928,2025-08-03T13:28:33.772000+00:00,22.0,31.5,57.0,987.2,0,2.0,236
5417,9928,2025-08-03T13:30:33.776000+00:00,22.0,31.5,58.0,987.0,0,2.5,245
5418,9928,2025-08-03T13:32:33.761000+00:00,22.0,31.8,58.0,987.0,0,1.7,252
5419,9928,2025-08-03T13:34:33.762000+00:00,22.0,31.5,58.0,986.9,0,3.2,239
5420,9928,2025-08-03T13:36:33.769000+00:00,22.0,31.8,58.0,987.0,0,2.1,258
5421,9928,2025-08-03T13:38:33.786000+00:00,22.1,31.7,57.0,986.9,0,1.8,270
5422,9928,2025-08-03T13:40:33.791000+00:00,22.1,31.9,57.0,986.9,0,2.5,277
5423,9928,2025-08-03T13:42:33.775000+00:00,22.1,31.8,58.0,986.9,0,1.9,283
5424,9928,2025-08-03T13:44:33.775000+00:00,22.1,31.8,58.0,987.0,0,2.3,283
5425,9928,2025-08-03T13:46:33.775000+00:00,22.1,31.9,57.0,986.9,0,1.5,253
5426,9928,2025-08-03T13:48:33.791000+00:00,22.1,31.6,56.0,987.0,0,1.3,262
5427,9928,2025-08-03T13:50:33.782000+00:00,22.1,31.8,57.0,987.0,0,1.0,256
5428,9928,2025-08-03T13:52:33.792000+00:00,22.1,32.1,56.0,987.0,0,1.6,258
5429,9928,2025-08-03T13:54:33.793000+00:00,22.1,31.6,57.0,987.0,0,2.1,265
5430,9928,2025-08-03T13:56:33.784000+00:00,22.1,31.5,57.0,987.1,0,2.1,275
5431,9928,2025-08-03T13:58:33.792000+00:00,22.2,31.9,57.0,987.0,0,1.0,204
5432,9928,2025-08-03T14:00:33.793000+00:00,22.2,31.6,56.0,987.0,0,1.5,259
5433,9928,2025-08-03T14:02:33.785000+00:00,22.3,31.6,56.0,987.1,0,1.6,198
5434,9928,2025-08-03T14:04:33.830000+00:00,22.2,31.5,56.0,987.1,0,2.0,242
5435,9928,2025-08-03T14:06:33.793000+00:00,22.1,31.2,55.0,987.0,0,1.8,268
5436,9928,2025-08-03T14:08:33.787000+00:00,22.1,30.9,56.0,987.1,0,2.1,266
5437,9928,2025-08-03T14:10:33.813000+00:00,22.0,31.1,56.0,987.0,0,1.8,289
5438,9928,2025-08-03T14:12:33.804000+00:00,22.0,31.3,56.0,987.1,0,1.2,199
5439,9928,2025-08-03T14:14:33.796000+00:00,22.0,31.0,56.0,987.1,0,1.1,260
5440,9928,2025-08-03T14:16:33.799000+00:00,22.0,30.8,56.0,987.2,0,1.2,284
5441,9928,2025-08-03T14:18:33.806000+00:00,22.0,30.9,55.0,987.3,0,2.0,277
5442,9928,2025-08-03T14:20:33.801000+00:00,22.0,30.7,56.0,987.3,0,1.3,293
5443,9928,2025-08-03T14:22:33.806000+00:00,22.0,30.8,56.0,987.2,0,1.0,271
5444,9928,2025-08-03T14:24:33.798000+00:00,22.0,30.6,56.0,987.2,0,3.0,272
5445,9928,2025-08-03T14:26:33.819000+00:00,22.1,30.6,57.0,987.2,0,1.5,249
5446,9928,2025-08-03T14:28:33.815000+00:00,22.1,31.1,57.0,987.2,0,2.0,277
5447,9928,2025-08-03T14:30:33.816000+00:00,22.1,31.1,57.0,987.2,0,2.0,294
5448,9928,2025-08-03T14:32:33.819000+00:00,22.3,32.0,56.0,987.2,0,1.0,129
5449,9928,2025-08-03T14:34:33.810000+00:00,22.4,31.6,55.0,987.2,0,1.2,290
5450,9928,2025-08-03T14:36:33.848000+00:00,22.4,31.6,55.0,987.3,0,1.8,267
5451,9928,2025-08-03T14:38:33.900000+00:00,22.4,31.8,56.0,987.2,0,1.8,208
5452,9928,2025-08-03T14:40:33.868000+00:00,22.5,32.2,56.0,987.2,0,1.6,96
5453,9920,2025-08-31T12:07:45.075000+00:00,20.3,28.5,67.0,1006.6,0,3.5,227
5454,9920,2025-08-31T12:09:45.081000+00:00,20.3,28.4,68.0,1006.5,0,2.4,212
5455,9920,2025-08-31T12:11:45.079000+00:00,20.3,28.3,69.0,1006.6,0,2.1,251
5456,9920,2025-08-31T12:13:45.094000+00:00,20.3,27.9,68.0,1006.4,0,2.5,225
5457,9920,2025-08-31T12:15:45.121000+00:00,20.3,28.4,69.0,1006.5,0,2.8,221
5458,9920,2025-08-31T12:17:45.140000+00:00,20.2,27.7,70.0,1006.4,0,3.3,233
5459,9920,2025-08-31T12:19:45.136000+00:00,20.2,28.5,71.0,1006.4,0,1.1,208
5460,9920,2025-08-31T12:21:45.151000+00:00,20.3,28.4,71.0,1006.4,0,1.7,198
5461,9920,2025-08-31T12:23:45.179000+00:00,20.2,28.2,72.0,1006.4,0,1.8,176
5462,9920,2025-08-31T12:25:45.211000+00:00,20.3,28.1,69.0,1006.5,0,2.7,205
5463,9920,2025-08-31T12:27:45.262000+00:00,20.4,28.3,71.0,1006.5,0,1.9,222
5464,9920,2025-08-31T12:29:45.271000+00:00,20.5,28.0,72.0,1006.4,0,2.7,219
5465,9920,2025-08-31T12:31:45.281000+00:00,20.4,28.6,72.0,1006.3,0,1.6,182
5466,9920,2025-08-31T12:33:45.267000+00:00,20.4,28.8,71.0,1006.4,0,1.4,203
5467,9920,2025-08-31T12:35:45.303000+00:00,20.4,28.2,71.0,1006.3,0,1.3,193
5468,9920,2025-08-31T12:37:45.303000+00:00,20.3,28.2,70.0,1006.3,0,2.0,210
5469,9920,2025-08-31T12:39:45.330000+00:00,20.3,28.2,70.0,1006.4,0,2.2,189
5470,9920,2025-08-31T12:41:45.361000+00:00,20.2,28.3,71.0,1006.3,0,2.0,225
5471,9920,2025-08-31T12:43:45.357000+00:00,20.2,28.6,69.0,1006.3,0,1.7,174
5472,9920,2025-08-31T12:45:45.362000+00:00,20.2,28.7,69.0,1006.3,0,1.1,27
5473,9920,2025-08-31T12:47:45.397000+00:00,20.4,28.8,68.0,1006.3,0,1.9,255
5474,9920,2025-08-31T12:49:45.361000+00:00,20.3,29.1,68.0,1006.3,0,2.0,219
5475,9920,2025-08-31T12:51:45.364000+00:00,20.4,28.9,69.0,1006.2,0,1.1,192
5476,9920,2025-08-31T12:53:45.360000+00:00,20.5,28.9,68.0,1006.3,0,1.7,201
5477,9920,2025-08-31T12:55:45.373000+00:00,20.6,29.1,68.0,1006.4,0,1.0,244
5478,9920,2025-08-31T12:57:45.354000+00:00,20.7,28.8,67.0,1006.2,0,1.7,298
5479,9920,2025-08-31T12:59:45.379000+00:00,20.6,28.8,68.0,1006.2,0,1.5,187
5480,9920,2025-08-31T13:01:45.401000+00:00,20.6,28.7,69.0,1006.2,0,1.0,112
5481,9920,2025-08-31T13:03:45.432000+00:00,20.6,29.3,68.0,1006.3,0,1.7,194
5482,9920,2025-08-31T13:05:45.450000+00:00,20.7,28.9,68.0,1006.3,0,2.2,176
5483,9920,2025-08-31T13:07:45.461000+00:00,20.7,28.8,68.0,1006.2,0,3.0,208
5484,9920,2025-08-31T13:09:45.476000+00:00,20.7,27.5,68.0,1006.3,0,2.0,210
5485,9920,2025-08-31T13:11:45.477000+00:00,20.6,27.7,68.0,1006.2,0,2.5,186
5486,9920,2025-08-31T13:13:45.505000+00:00,20.5,27.5,69.0,1006.2,0,2.4,193
5487,9920,2025-08-31T13:15:45.506000+00:00,20.6,27.7,69.0,1006.3,0,2.3,177
5488,9920,2025-08-31T13:17:45.497000+00:00,20.6,27.7,69.0,1006.2,0,2.7,205
5489,9920,2025-08-31T13:19:45.487000+00:00,20.6,27.3,69.0,1006.5,0,1.8,190
5490,9920,2025-08-31T13:21:45.544000+00:00,20.5,27.3,70.0,1006.4,0,1.9,166
5491,9920,2025-08-31T13:23:45.560000+00:00,20.6,27.1,70.0,1006.3,0,2.2,215
5492,9920,2025-08-31T13:25:45.563000+00:00,20.7,27.2,70.0,1006.4,0,2.3,208
5493,9920,2025-08-31T13:27:45.588000+00:00,20.6,26.7,70.0,1006.3,0,2.3,193
5494,9920,2025-08-31T13:29:45.619000+00:00,20.5,26.6,71.0,1006.5,0,3.2,204
5495,9920,2025-08-31T13:31:45.630000+00:00,20.3,25.9,72.0,1006.6,0,3.0,191
5496,9920,2025-08-31T13:33:45.635000+00:00,20.1,25.9,73.0,1006.6,0,3.4,222
5497,9920,2025-08-31T13:35:45.638000+00:00,19.9,25.8,71.0,1006.6,0,3.2,193
5498,9920,2025-08-31T13:37:45.665000+00:00,19.7,25.7,72.0,1006.5,0,3.6,199
5499,9920,2025-08-31T13:39:45.695000+00:00,19.5,25.6,72.0,1006.4,0,3.6,199
5500,9920,2025-08-31T13:41:45.694000+00:00,19.5,25.8,73.0,1006.4,0,3.9,207
5501,9920,2025-08-31T13:43:45.712000+00:00,19.5,26.2,72.0,1006.4,0,3.0,187
5502,9920,2025-08-31T13:45:45.706000+00:00,19.6,26.7,73.0,1006.2,0,3.3,185
5503,9920,2025-08-31T13:47:45.691000+00:00,19.6,27.1,73.0,1006.1,0,2.8,172
5504,9920,2025-08-31T13:49:45.742000+00:00,19.8,28.4,74.0,1006.1,0,3.4,170
5505,9920,2025-08-31T13:51:45.727000+00:00,19.8,28.0,73.0,1005.9,0,3.2,170
5506,9920,2025-08-31T13:53:45.759000+00:00,19.8,28.0,73.0,1005.9,0,2.4,189
5507,9920,2025-08-31T13:55:45.756000+00:00,19.9,28.8,74.0,1005.9,0,2.8,190
5508,9920,2025-08-31T13:57:45.729000+00:00,19.8,28.5,73.0,1005.8,0,2.9,192
5509,9920,2025-08-31T13:59:45.789000+00:00,19.8,28.0,74.0,1005.8,0,2.1,192
5510,9920,2025-08-31T14:01:45.787000+00:00,19.7,28.0,73.0,1005.6,0,2.1,172
5511,9920,2025-08-31T14:03:45.788000+00:00,19.6,28.0,74.0,1005.9,0,2.0,187
5512,9920,2025-08-31T14:05:45.776000+00:00,19.5,27.9,73.0,1005.9,0,2.5,182
5513,9920,2025-08-31T14:07:45.777000+00:00,19.6,28.0,73.0,1005.9,0,2.7,178
5514,9920,2025-08-31T14:09:45.791000+00:00,19.7,28.3,72.0,1006.0,0,2.2,217
5515,9920,2025-08-31T14:11:45.809000+00:00,19.8,28.4,73.0,1005.9,0,2.1,165
5516,9920,2025-08-31T14:13:45.798000+00:00,19.8,28.5,73.0,1005.9,0,2.0,199
5517,9920,2025-08-31T14:15:45.805000+00:00,19.8,28.8,73.0,1005.8,0,2.7,162
5518,9920,2025-08-31T14:17:45.795000+00:00,19.7,29.0,74.0,1005.9,0,1.9,252
5519,9920,2025-08-31T14:19:45.793000+00:00,19.8,28.9,73.0,1005.9,0,0.9,54
5520,9920,2025-08-31T14:21:45.805000+00:00,19.7,29.1,73.0,1005.9,0,1.0,127
5521,9920,2025-08-31T14:23:45.805000+00:00,19.6,28.5,73.0,1006.0,0,2.2,187
5522,9920,2025-08-31T14:25:45.807000+00:00,19.6,28.0,73.0,1006.0,0,2.3,203
5523,9920,2025-08-31T14:27:45.798000+00:00,19.6,27.9,75.0,1006.0,0,1.9,199
5524,9920,2025-08-31T14:29:45.808000+00:00,19.6,27.9,75.0,1006.0,0,1.7,189
5525,9920,2025-08-31T14:31:45.815000+00:00,19.5,27.7,74.0,1006.1,0,2.4,214
5526,9920,2025-08-31T14:33:45.810000+00:00,19.5,28.0,74.0,1006.1,0,1.7,155
5527,9920,2025-08-31T14:35:45.815000+00:00,19.4,28.0,75.0,1006.0,0,1.6,189
5528,9920,2025-08-31T14:37:45.832000+00:00,19.5,28.0,74.0,1006.0,0,1.2,170
5529,9920,2025-08-31T14:39:45.853000+00:00,19.4,27.6,75.0,1006.0,0,1.5,208
5530,9920,2025-08-31T14:41:45.863000+00:00,19.4,27.7,74.0,1006.0,0,1.4,220
5531,9920,2025-08-31T14:43:45.886000+00:00,19.5,27.6,74.0,1005.9,0,1.2,159
5532,9920,2025-08-31T14:45:45.929000+00:00,19.6,28.5,73.0,1005.8,0,0.8,156
5533,9912,2025-09-07T12:06:03.272000+00:00,26.0,43.5,44.0,997.5,0,2.5,263
5534,9912,2025-09-07T12:08:03.257000+00:00,26.1,43.7,45.0,997.3,0,1.5,210
5535,9912,2025-09-07T12:10:03.267000+00:00,26.0,43.7,43.0,997.4,0,1.7,182
5536,9912,2025-09-07T12:12:03.263000+00:00,25.9,43.9,45.0,997.5,0,1.6,302
5537,9912,2025-09-07T12:14:03.276000+00:00,26.1,43.6,43.0,997.3,0,0.5,196
5538,9912,2025-09-07T12:16:03.320000+00:00,26.1,43.6,43.0,997.2,0,0.4,0
5539,9912,2025-09-07T12:18:03.311000+00:00,26.0,44.4,44.0,997.3,0,0.9,151
5540,9912,2025-09-07T12:20:03.312000+00:00,26.1,44.9,44.0,997.3,0,1.0,177
5541,9912,2025-09-07T12:22:03.307000+00:00,26.3,44.8,44.0,997.1,0,1.1,244
5542,9912,2025-09-07T12:24:03.368000+00:00,26.3,44.0,43.0,997.2,0,1.3,205
5543,9912,2025-09-07T12:26:03.374000+00:00,26.4,44.1,43.0,997.2,0,2.3,190
5544,9912,2025-09-07T12:28:03.381000+00:00,26.5,44.4,43.0,997.1,0,0.8,258
5545,9912,2025-09-07T12:30:03.394000+00:00,26.6,44.7,43.0,997.0,0,0.6,219
5546,9912,2025-09-07T12:32:03.397000+00:00,26.6,45.5,43.0,997.0,0,2.3,205
5547,9912,2025-09-07T12:34:03.397000+00:00,26.5,45.8,43.0,997.1,0,2.0,166
5548,9912,2025-09-07T12:36:03.398000+00:00,26.5,45.2,44.0,997.0,0,2.2,163
5549,9912,2025-09-07T12:38:03.398000+00:00,26.5,45.6,43.0,997.1,0,2.3,153
5550,9912,2025-09-07T12:40:03.405000+00:00,26.7,45.9,43.0,997.0,0,2.2,208
5551,9912,2025-09-07T12:42:03.425000+00:00,26.6,45.8,43.0,996.9,0,2.0,192
5552,9912,2025-09-07T12:44:03.403000+00:00,26.6,45.8,43.0,996.9,0,1.1,160
5553,9912,2025-09-07T12:46:03.424000+00:00,26.5,45.8,43.0,997.0,0,1.7,122
5554,9912,2025-09-07T12:48:03.416000+00:00,26.5,45.3,45.0,996.9,0,1.9,131
5555,9912,2025-09-07T12:50:03.417000+00:00,26.4,43.9,44.0,996.8,0,2.0,92
5556,9912,2025-09-07T12:52:03.411000+00:00,26.3,43.9,45.0,996.9,0,1.2,87
5557,9912,2025-09-07T12:54:03.411000+00:00,26.3,43.9,45.0,996.9,0,1.3,188
5558,9912,2025-09-07T12:56:03.408000+00:00,26.4,44.1,45.0,996.9,0,1.5,237
5559,9912,2025-09-07T12:58:03.407000+00:00,26.6,43.7,43.0,997.0,0,1.2,284
5560,9912,2025-09-07T13:00:03.418000+00:00,26.6,44.2,41.0,996.8,0,0.6,8
5561,9912,2025-09-07T13:02:03.436000+00:00,26.6,44.1,42.0,996.8,0,0.9,5
5562,9912,2025-09-07T13:04:03.433000+00:00,26.6,43.7,42.0,996.9,0,0.6,325
5563,9912,2025-09-07T13:06:03.460000+00:00,26.7,44.4,42.0,996.8,0,1.3,321
5564,9912,2025-09-07T13:08:03.476000+00:00,26.6,44.5,43.0,996.9,0,1.4,179
5565,9912,2025-09-07T13:10:03.478000+00:00,26.6,44.1,41.0,996.8,0,1.8,254
5566,9912,2025-09-07T13:12:03.492000+00:00,26.6,44.2,43.0,996.6,0,1.8,186
5567,9912,2025-09-07T13:14:03.503000+00:00,26.7,44.4,41.0,996.7,0,3.6,201
5568,9912,2025-09-07T13:16:03.525000+00:00,26.8,44.3,44.0,996.9,0,2.8,177
5569,9912,2025-09-07T13:18:03.571000+00:00,27.0,44.3,43.0,996.8,0,1.6,226
5570,9912,2025-09-07T13:20:03.562000+00:00,27.1,44.2,41.0,996.8,0,2.1,194
5571,9912,2025-09-07T13:22:03.554000+00:00,27.1,44.6,41.0,996.7,0,4.0,194
5572,9912,2025-09-07T13:24:03.570000+00:00,27.1,44.0,42.0,996.9,0,2.6,204
5573,9912,2025-09-07T13:26:03.558000+00:00,27.0,44.0,41.0,996.7,0,3.1,188
5574,9912,2025-09-07T13:28:03.575000+00:00,27.0,44.1,42.0,996.7,0,3.6,205
5575,9912,2025-09-07T13:30:03.574000+00:00,27.2,43.9,42.0,996.7,0,3.0,171
5576,9912,2025-09-07T13:32:03.578000+00:00,27.2,43.4,41.0,996.6,0,3.7,192
5577,9912,2025-09-07T13:34:03.572000+00:00,27.2,43.3,41.0,996.6,0,3.2,220
5578,9912,2025-09-07T13:36:03.565000+00:00,27.1,42.5,41.0,996.7,0,2.6,175
5579,9912,2025-09-07T13:38:03.575000+00:00,27.0,42.3,43.0,996.7,0,2.1,195
5580,9912,2025-09-07T13:40:03.577000+00:00,27.0,42.9,43.0,996.6,0,2.8,175
5581,9912,2025-09-07T13:42:03.586000+00:00,26.9,43.2,40.0,996.6,0,2.6,193
5582,9912,2025-09-07T13:44:03.611000+00:00,27.1,43.0,41.0,996.6,0,2.2,211
5583,9912,2025-09-07T13:46:03.637000+00:00,27.4,42.7,40.0,996.5,0,2.5,180
5584,9912,2025-09-07T13:48:03.663000+00:00,27.3,42.7,41.0,996.7,0,3.0,208
5585,9912,2025-09-07T13:50:03.732000+00:00,27.2,42.0,40.0,996.6,0,2.4,201
5586,9912,2025-09-07T13:52:03.712000+00:00,27.2,41.2,40.0,996.5,0,1.6,171
5587,9912,2025-09-07T13:54:03.719000+00:00,27.0,41.2,42.0,996.6,0,2.9,191
5588,9912,2025-09-07T13:56:03.712000+00:00,26.9,41.2,42.0,996.4,0,3.0,198
5589,9912,2025-09-07T13:58:03.717000+00:00,27.1,41.4,42.0,996.4,0,2.1,176
5590,9912,2025-09-07T14:00:03.726000+00:00,27.2,41.3,42.0,996.4,0,3.1,191
5591,9912,2025-09-07T14:02:03.718000+00:00,27.0,40.8,43.0,996.4,0,2.7,181
5592,9912,2025-09-07T14:04:03.731000+00:00,27.1,40.4,40.0,996.4,0,3.7,184
5593,9912,2025-09-07T14:06:03.722000+00:00,27.0,40.6,41.0,996.3,0,2.5,195
5594,9912,2025-09-07T14:08:03.723000+00:00,27.1,41.1,42.0,996.4,0,2.4,171
5595,9912,2025-09-07T14:10:03.728000+00:00,27.1,40.8,42.0,996.4,0,1.3,193
5596,9912,2025-09-07T14:12:03.734000+00:00,27.1,40.9,44.0,996.4,0,2.1,184
5597,9912,2025-09-07T14:14:03.717000+00:00,27.2,40.7,42.0,996.3,0,2.7,203
5598,9912,2025-09-07T14:16:03.721000+00:00,27.4,40.3,42.0,996.2,0,1.5,134
5599,9912,2025-09-07T14:18:03.733000+00:00,27.3,40.0,41.0,996.2,0,2.0,171
5600,9912,2025-09-07T14:20:03.719000+00:00,27.0,39.8,43.0,996.2,0,1.6,106
5601,9912,2025-09-07T14:22:03.758000+00:00,26.8,40.3,43.0,996.2,0,1.7,145
5602,9912,2025-09-07T14:24:03.787000+00:00,26.9,42.4,44.0,996.2,0,1.0,166
5603,9912,2025-09-07T14:26:03.802000+00:00,26.9,42.4,44.0,996.2,0,1.0,166
5604,9912,2025-09-07T14:28:03.802000+00:00,26.9,42.4,44.0,996.2,0,1.0,166
5605,9904,2025-09-21T10:06:49.413000+00:00,20.4,27.3,60.0,1019.8,0,1.0,69
5606,9904,2025-09-21T10:08:49.414000+00:00,20.4,27.3,61.0,1019.8,0,0.7,255
5607,9904,2025-09-21T10:10:49.401000+00:00,20.5,27.2,60.0,1019.8,0,1.6,65
5608,9904,2025-09-21T10:12:49.405000+00:00,20.4,27.0,61.0,1020.0,0,1.2,69
5609,9904,2025-09-21T10:14:49.400000+00:00,20.5,27.0,60.0,1020.0,0,1.5,128
5610,9904,2025-09-21T10:16:49.419000+00:00,20.5,27.3,60.0,1020.2,0,1.4,0
5611,9904,2025-09-21T10:18:49.417000+00:00,20.5,27.4,60.0,1020.1,0,1.5,190
5612,9904,2025-09-21T10:20:49.411000+00:00,20.5,27.7,61.0,1020.2,0,1.7,83
5613,9904,2025-09-21T10:22:49.471000+00:00,20.5,27.2,61.0,1020.1,0,1.0,105
5614,9904,2025-09-21T10:24:49.413000+00:00,20.6,27.8,60.0,1020.0,0,1.0,0
5615,9904,2025-09-21T10:26:49.429000+00:00,20.7,27.7,59.0,1020.1,0,2.0,83
5616,9904,2025-09-21T10:28:49.431000+00:00,20.7,27.7,60.0,1020.1,0,2.5,158
5617,9904,2025-09-21T10:30:49.422000+00:00,20.9,28.7,59.0,1020.2,0,1.6,77
5618,9904,2025-09-21T10:32:49.481000+00:00,21.0,28.9,58.0,1020.2,0,1.4,240
5619,9904,2025-09-21T10:34:49.422000+00:00,21.1,28.9,57.0,1020.3,0,1.8,168
5620,9904,2025-09-21T10:36:49.424000+00:00,21.0,28.6,57.0,1020.4,0,1.6,239
5621,9904,2025-09-21T10:38:49.447000+00:00,21.0,28.3,58.0,1020.5,0,2.3,138
5622,9904,2025-09-21T10:40:49.447000+00:00,21.0,28.5,59.0,1020.4,0,1.2,60
5623,9904,2025-09-21T10:42:49.482000+00:00,20.9,27.8,60.0,1020.4,0,2.3,84
5624,9904,2025-09-21T10:44:49.483000+00:00,20.8,27.8,61.0,1020.7,0,1.2,103
5625,9904,2025-09-21T10:46:49.483000+00:00,20.7,27.9,60.0,1020.7,0,0.8,43
5626,9904,2025-09-21T10:48:49.503000+00:00,20.7,28.0,58.0,1020.5,0,1.3,32
5627,9904,2025-09-21T10:50:49.528000+00:00,20.6,27.8,59.0,1020.8,0,1.4,166
5628,9904,2025-09-21T10:52:49.536000+00:00,20.6,27.8,60.0,1020.8,0,1.4,196
5629,9904,2025-09-21T10:54:49.563000+00:00,20.7,28.2,60.0,1020.9,0,0.9,162
5630,9904,2025-09-21T10:56:49.562000+00:00,20.7,27.4,60.0,1020.9,0,0.6,0
5631,9904,2025-09-21T10:58:49.583000+00:00,20.6,27.1,60.0,1020.9,0,1.4,18
5632,9904,2025-09-21T11:00:49.576000+00:00,20.6,26.8,60.0,1020.8,0,1.9,313
5633,9904,2025-09-21T11:02:49.592000+00:00,20.5,26.7,60.0,1021.0,0,1.5,27
5634,9904,2025-09-21T11:04:49.624000+00:00,20.5,26.6,61.0,1021.0,0,1.8,91
5635,9904,2025-09-21T11:06:49.633000+00:00,20.6,26.5,60.0,1020.9,0,2.0,226
5636,9904,2025-09-21T11:08:49.618000+00:00,20.6,26.4,60.0,1021.0,0,2.9,206
5637,9904,2025-09-21T11:10:49.708000+00:00,20.6,26.3,60.0,1021.1,0,2.6,289
5638,9904,2025-09-21T11:12:49.671000+00:00,20.5,25.9,60.0,1021.2,0,1.5,0
5639,9904,2025-09-21T11:14:49.678000+00:00,20.5,25.9,60.0,1021.3,0,1.1,204
5640,9904,2025-09-21T11:16:49.695000+00:00,20.5,26.1,60.0,1021.3,0,1.2,39
5641,9904,2025-09-21T11:18:49.704000+00:00,20.5,25.9,60.0,1021.4,0,1.4,105
5642,9904,2025-09-21T11:20:49.715000+00:00,20.5,25.9,60.0,1021.5,0,1.7,251
5643,9904,2025-09-21T11:22:49.707000+00:00,20.5,25.6,60.0,1021.5,0,2.2,177
5644,9904,2025-09-21T11:24:49.723000+00:00,20.5,25.7,61.0,1021.4,0,1.4,27
5645,9904,2025-09-21T11:26:49.717000+00:00,20.5,25.7,60.0,1021.3,0,1.0,116
5646,9904,2025-09-21T11:28:49.724000+00:00,20.5,25.5,61.0,1021.4,0,1.6,200
5647,9904,2025-09-21T11:30:49.722000+00:00,20.5,25.5,60.0,1021.5,0,1.8,192
5648,9904,2025-09-21T11:32:49.710000+00:00,20.5,25.3,60.0,1021.5,0,0.8,8
5649,9904,2025-09-21T11:34:49.726000+00:00,20.5,25.2,60.0,1021.6,0,2.2,264
5650,9904,2025-09-21T11:36:49.720000+00:00,20.5,25.0,60.0,1021.6,0,1.3,144
5651,9904,2025-09-21T11:38:49.721000+00:00,20.5,25.0,60.0,1021.6,0,1.1,52
5652,9904,2025-09-21T11:40:49.728000+00:00,20.5,25.2,59.0,1021.7,0,1.8,9
5653,9904,2025-09-21T11:42:49.736000+00:00,20.5,24.8,60.0,1021.6,0,2.4,173
5654,9904,2025-09-21T11:44:49.742000+00:00,20.5,25.3,60.0,1021.6,0,0.8,223
5655,9904,2025-09-21T11:46:49.767000+00:00,20.5,25.3,60.0,1021.8,0,1.7,311
5656,9904,2025-09-21T11:48:49.813000+00:00,20.5,25.0,60.0,1021.4,0,1.5,53
5657,9904,2025-09-21T11:50:49.823000+00:00,20.5,25.2,60.0,1021.6,0,1.3,228
5658,9904,2025-09-21T11:52:49.850000+00:00,20.4,25.2,60.0,1021.7,0,1.1,238
5659,9904,2025-09-21T11:54:49.853000+00:00,20.5,24.9,60.0,1021.7,0,2.1,69
5660,9904,2025-09-21T11:56:49.863000+00:00,20.5,24.8,60.0,1021.6,0,1.8,338
5661,9904,2025-09-21T11:58:49.875000+00:00,20.5,24.8,60.0,1021.7,0,0.7,208
5662,9904,2025-09-21T12:00:49.856000+00:00,20.4,24.7,60.0,1021.7,0,1.2,303
5663,9904,2025-09-21T12:02:49.867000+00:00,20.4,24.9,60.0,1021.7,0,1.8,206
5664,9904,2025-09-21T12:04:49.854000+00:00,20.5,24.8,61.0,1021.7,0,1.4,183
5665,9904,2025-09-21T12:06:49.866000+00:00,20.5,24.9,61.0,1021.6,0,0.9,245
5666,9904,2025-09-21T12:08:49.860000+00:00,20.4,24.9,60.0,1021.6,0,1.4,237
5667,9904,2025-09-21T12:10:49.859000+00:00,20.4,25.2,60.0,1021.7,0,1.9,192
5668,9904,2025-09-21T12:12:49.865000+00:00,20.4,25.0,60.0,1021.7,0,1.9,251
5669,9904,2025-09-21T12:14:49.891000+00:00,20.5,24.9,60.0,1021.6,0,1.5,334
5670,9904,2025-09-21T12:16:49.879000+00:00,20.5,24.9,60.0,1021.6,0,1.3,241
5671,9904,2025-09-21T12:18:49.879000+00:00,20.5,24.9,60.0,1021.6,0,2.1,180
5672,9904,2025-09-21T12:20:49.879000+00:00,20.5,24.9,60.0,1021.7,0,1.0,200
5673,9904,2025-09-21T12:22:49.900000+00:00,20.5,25.0,60.0,1021.7,0,1.3,219
5674,9904,2025-09-21T12:24:49.877000+00:00,20.5,24.5,60.0,1021.7,0,1.2,245
5675,9904,2025-09-21T12:26:49.880000+00:00,20.5,25.0,59.0,1021.6,0,1.3,217
5676,9904,2025-09-21T12:28:49.890000+00:00,20.5,24.6,59.0,1021.9,0,0.8,292
5677,9904,2025-09-21T12:30:49.888000+00:00,20.5,24.6,59.0,1021.7,0,2.2,249
5678,9904,2025-09-21T12:32:49.890000+00:00,20.5,24.5,59.0,1021.7,0,2.1,212
5679,9904,2025-09-21T12:34:49.879000+00:00,20.4,24.5,60.0,1021.7,0,1.5,347
5680,9904,2025-09-21T12:36:49.932000+00:00,20.4,24.5,60.0,1021.8,0,0.5,220
5681,9904,2025-09-21T12:38:49.890000+00:00,20.4,24.0,60.0,1021.8,0,1.6,159
5682,9904,2025-09-21T12:40:49.895000+00:00,20.3,24.1,60.0,1021.8,0,1.7,169
5683,9896,2025-10-05T11:09:12.972000+00:00,28.5,34.0,75.0,1009.9,0,1.6,151
5684,9896,2025-10-05T11:11:12.996000+00:00,28.8,34.8,74.0,1009.8,0,1.3,167
5685,9896,2025-10-05T11:13:12.986000+00:00,28.8,34.3,74.0,1009.9,1,1.0,149
5686,9896,2025-10-05T11:15:12.991000+00:00,28.8,34.2,74.0,1009.9,1,1.4,161
5687,9896,2025-10-05T11:17:12.984000+00:00,28.7,34.1,72.0,1010.0,0,1.4,167
5688,9896,2025-10-05T11:19:13+00:00,28.7,34.1,72.0,1010.0,0,1.3,152
5689,9896,2025-10-05T11:21:13.004000+00:00,28.8,34.0,73.0,1010.0,1,1.2,159
5690,9896,2025-10-05T11:23:12.994000+00:00,28.7,33.7,73.0,1010.1,0,1.4,153
5691,9896,2025-10-05T11:25:13.040000+00:00,28.8,33.6,76.0,1010.1,0,1.1,165
5692,9896,2025-10-05T11:27:13.040000+00:00,28.9,34.8,76.0,1009.9,0,0.7,144
5693,9896,2025-10-05T11:29:13.071000+00:00,28.8,34.9,71.0,1009.8,0,0.4,0
5694,9896,2025-10-05T11:31:13.071000+00:00,28.9,37.0,77.0,1010.0,0,0.0,0
5695,9896,2025-10-05T11:33:13.105000+00:00,29.0,37.7,74.0,1010.1,0,0.5,151
5696,9896,2025-10-05T11:35:13.113000+00:00,28.8,32.8,77.0,1010.4,0,0.7,150
5697,9896,2025-10-05T11:37:13.106000+00:00,28.8,34.6,78.0,1010.3,0,0.4,139
5698,9896,2025-10-05T11:39:13.146000+00:00,28.6,32.9,77.0,1010.3,0,1.5,187
5699,9896,2025-10-05T11:41:13.146000+00:00,28.7,32.9,78.0,1010.4,0,1.2,184
5700,9896,2025-10-05T11:43:13.182000+00:00,28.7,33.0,78.0,1010.4,0,1.3,168
5701,9896,2025-10-05T11:45:13.187000+00:00,28.8,32.5,79.0,1010.5,0,1.6,146
5702,9896,2025-10-05T11:47:13.183000+00:00,28.8,33.2,81.0,1010.6,0,1.3,163
5703,9896,2025-10-05T11:49:13.183000+00:00,28.8,32.6,81.0,1010.7,0,1.4,162
5704,9896,2025-10-05T11:51:13.226000+00:00,28.7,32.8,81.0,1010.6,0,1.2,165
5705,9896,2025-10-05T11:53:13.243000+00:00,28.7,33.4,81.0,1010.7,0,1.1,164
5706,9896,2025-10-05T11:55:13.271000+00:00,28.6,33.0,80.0,1010.7,0,1.0,166
5707,9896,2025-10-05T11:57:13.279000+00:00,28.6,33.1,81.0,1010.7,0,0.9,181
5708,9896,2025-10-05T11:59:13.288000+00:00,28.6,33.2,81.0,1010.7,0,1.0,190
5709,9896,2025-10-05T12:01:13.297000+00:00,28.6,33.4,81.0,1010.7,0,0.4,0
5710,9896,2025-10-05T12:03:13.317000+00:00,28.7,34.1,81.0,1010.6,0,0.5,0
5711,9896,2025-10-05T12:05:13.351000+00:00,28.9,34.2,81.0,1010.6,0,0.5,103
5712,9896,2025-10-05T12:07:13.382000+00:00,28.9,33.3,81.0,1010.6,0,0.5,262
5713,9896,2025-10-05T12:09:13.406000+00:00,29.1,34.5,80.0,1010.7,0,0.8,233
5714,9896,2025-10-05T12:11:13.432000+00:00,29.1,34.1,78.0,1010.7,0,1.0,148
5715,9896,2025-10-05T12:13:13.438000+00:00,29.1,33.6,78.0,1010.7,0,0.8,144
5716,9896,2025-10-05T12:15:13.461000+00:00,29.0,33.8,78.0,1010.7,0,1.9,165
5717,9896,2025-10-05T12:17:13.464000+00:00,29.1,34.1,77.0,1010.7,0,1.4,167
5718,9896,2025-10-05T12:19:13.483000+00:00,29.1,34.0,76.0,1010.7,0,1.8,156
5719,9896,2025-10-05T12:21:13.521000+00:00,29.1,34.3,74.0,1010.7,0,1.7,159
5720,9896,2025-10-05T12:23:13.537000+00:00,29.0,34.0,73.0,1010.8,0,1.9,162
5721,9896,2025-10-05T12:25:13.558000+00:00,29.0,34.0,73.0,1010.8,0,1.6,168
5722,9896,2025-10-05T12:27:13.546000+00:00,29.1,34.3,72.0,1010.9,0,1.6,146
5723,9896,2025-10-05T12:29:13.573000+00:00,29.1,34.0,71.0,1010.7,0,2.0,153
5724,9896,2025-10-05T12:31:13.623000+00:00,29.2,33.8,72.0,1010.7,0,1.8,148
5725,9896,2025-10-05T12:33:13.641000+00:00,29.3,34.1,72.0,1010.8,0,1.1,161
5726,9896,2025-10-05T12:35:13.638000+00:00,29.2,33.8,73.0,1010.9,0,0.9,147
5727,9896,2025-10-05T12:37:13.645000+00:00,29.2,34.0,72.0,1010.9,0,1.2,148
5728,9896,2025-10-05T12:39:13.650000+00:00,29.2,33.7,72.0,1010.9,0,1.5,175
5729,9896,2025-10-05T12:41:13.662000+00:00,29.2,33.7,72.0,1010.9,0,1.3,168
5730,9896,2025-10-05T12:43:13.643000+00:00,29.3,33.8,72.0,1010.9,0,1.4,160
5731,9896,2025-10-05T12:45:13.673000+00:00,29.3,33.7,72.0,1011.0,0,1.5,157
5732,9896,2025-10-05T12:47:13.695000+00:00,29.2,33.7,72.0,1011.0,0,1.2,150
5733,9896,2025-10-05T12:49:13.685000+00:00,29.2,33.7,73.0,1011.0,0,1.1,143
5734,9896,2025-10-05T12:51:13.712000+00:00,29.2,33.9,72.0,1011.1,0,1.3,161
5735,9896,2025-10-05T12:53:13.722000+00:00,29.2,33.8,72.0,1011.1,0,1.1,150
5736,9896,2025-10-05T12:55:13.756000+00:00,29.2,34.0,72.0,1011.2,0,1.1,164
5737,9896,2025-10-05T12:57:13.730000+00:00,29.2,33.9,72.0,1011.0,0,1.3,153
5738,9896,2025-10-05T12:59:13.772000+00:00,29.1,34.0,72.0,1011.1,0,1.3,168
5739,9896,2025-10-05T13:01:13.785000+00:00,29.1,34.0,71.0,1011.1,0,1.0,143
5740,9896,2025-10-05T13:03:13.806000+00:00,29.2,34.0,71.0,1011.1,0,1.1,172
5741,9896,2025-10-05T13:05:13.817000+00:00,29.2,34.0,72.0,1011.1,0,0.8,156
5742,9896,2025-10-05T13:07:13.823000+00:00,29.2,33.9,72.0,1011.1,0,0.8,96
5743,9896,2025-10-05T13:09:13.851000+00:00,29.3,34.3,71.0,1011.1,0,1.5,350
5744,9896,2025-10-05T13:11:13.873000+00:00,29.3,34.1,71.0,1011.1,0,0.5,112
5745,9896,2025-10-05T13:13:13.885000+00:00,29.4,33.9,71.0,1011.2,0,1.0,158
5746,9896,2025-10-05T13:15:13.886000+00:00,29.4,33.9,71.0,1011.2,0,0.7,34
5747,9896,2025-10-05T13:17:13.905000+00:00,29.4,33.9,71.0,1011.1,0,0.6,0
5748,9896,2025-10-05T13:19:13.943000+00:00,29.4,34.1,70.0,1011.2,0,1.0,144
5749,9896,2025-10-05T13:21:13.977000+00:00,29.5,34.0,70.0,1011.3,0,0.8,156
5750,9896,2025-10-05T13:23:13.966000+00:00,29.5,33.5,72.0,1011.3,0,0.7,213
5751,9896,2025-10-05T13:25:13.978000+00:00,29.4,33.6,73.0,1011.3,0,0.9,0
5752,9896,2025-10-05T13:27:13.995000+00:00,29.4,33.3,73.0,1011.3,0,0.9,225
5753,9896,2025-10-05T13:29:13.997000+00:00,29.3,33.3,73.0,1011.4,0,0.6,141
5754,9896,2025-10-05T13:31:13.999000+00:00,29.4,33.6,74.0,1011.3,0,1.3,188
5755,9896,2025-10-05T13:33:14.043000+00:00,29.5,33.1,72.0,1011.3,0,1.1,162
5756,9896,2025-10-05T13:35:14.085000+00:00,29.5,33.3,73.0,1011.3,0,0.3,132
5757,9896,2025-10-05T13:37:14.110000+00:00,29.5,33.5,72.0,1011.5,0,1.5,155
5758,9896,2025-10-05T13:39:14.110000+00:00,29.4,33.5,71.0,1011.4,0,1.4,156
5759,9896,2025-10-05T13:41:14.139000+00:00,29.4,33.3,72.0,1011.4,0,1.7,155
5760,9896,2025-10-05T13:43:14.129000+00:00,29.4,33.6,72.0,1011.5,0,1.4,153
5761,9896,2025-10-05T13:45:14.149000+00:00,29.4,33.6,72.0,1011.4,0,1.2,157
5762,9896,2025-10-05T13:47:14.163000+00:00,29.4,33.6,72.0,1011.4,0,1.3,143
5763,9896,2025-10-05T13:49:14.154000+00:00,29.4,33.6,72.0,1011.4,0,1.3,143
5764,9883,2025-10-18T16:16:23.461000+00:00,28.9,41.0,60.0,992.4,0,2.2,135
5765,9883,2025-10-18T16:18:23.460000+00:00,29.1,41.3,60.0,992.6,0,1.7,13
5766,9883,2025-10-18T16:20:23.452000+00:00,29.0,41.3,60.0,992.5,0,1.7,331
5767,9883,2025-10-18T16:22:23.466000+00:00,29.0,41.5,59.0,992.3,0,5.5,75
5768,9883,2025-10-18T16:24:23.451000+00:00,29.1,41.1,61.0,992.1,0,6.2,87
5769,9883,2025-10-18T16:26:23.468000+00:00,29.0,41.6,61.0,992.1,0,5.7,89
5770,9883,2025-10-18T16:28:23.476000+00:00,28.9,41.9,61.0,991.9,0,5.7,94
5771,9883,2025-10-18T16:30:23.474000+00:00,29.0,42.1,61.0,991.8,0,4.6,75
5772,9883,2025-10-18T16:32:23.480000+00:00,29.2,42.7,60.0,992.0,0,5.7,146
5773,9883,2025-10-18T16:34:23.480000+00:00,29.5,42.8,58.0,992.1,0,3.5,135
5774,9883,2025-10-18T16:36:23.508000+00:00,29.4,42.7,57.0,992.0,0,3.4,0
5775,9883,2025-10-18T16:38:23.522000+00:00,29.3,43.0,57.0,992.0,0,4.4,78
5776,9883,2025-10-18T16:40:23.530000+00:00,29.4,42.6,57.0,991.9,0,4.8,84
5777,9883,2025-10-18T16:42:23.554000+00:00,29.3,41.9,59.0,991.9,0,7.2,83
5778,9883,2025-10-18T16:44:23.574000+00:00,29.3,42.1,60.0,991.8,0,6.4,86
5779,9883,2025-10-18T16:46:23.596000+00:00,29.4,42.8,60.0,991.8,0,4.6,88
5780,9883,2025-10-18T16:48:23.616000+00:00,29.5,43.4,59.0,991.8,0,4.8,86
5781,9883,2025-10-18T16:50:23.619000+00:00,29.5,43.7,58.0,991.9,0,1.3,104
5782,9883,2025-10-18T16:52:23.639000+00:00,29.8,43.9,57.0,991.9,0,2.7,138
5783,9883,2025-10-18T16:54:23.647000+00:00,29.7,43.5,58.0,991.9,0,2.4,82
5784,9883,2025-10-18T16:56:23.662000+00:00,29.6,43.5,58.0,992.0,0,1.5,102
5785,9883,2025-10-18T16:58:23.700000+00:00,29.7,43.0,58.0,991.9,0,3.3,104
5786,9883,2025-10-18T17:00:23.721000+00:00,29.6,43.4,57.0,991.8,0,3.6,100
5787,9883,2025-10-18T17:02:23.736000+00:00,29.5,43.7,57.0,991.9,0,1.3,140
5788,9883,2025-10-18T17:04:23.751000+00:00,29.7,42.6,56.0,992.0,0,1.8,344
5789,9883,2025-10-18T17:06:23.747000+00:00,29.8,42.6,57.0,991.9,0,3.3,343
5790,9883,2025-10-18T17:08:23.747000+00:00,29.8,43.6,57.0,992.0,0,1.9,15
5791,9883,2025-10-18T17:10:23.753000+00:00,30.0,44.1,55.0,992.0,0,1.3,291
5792,9883,2025-10-18T17:12:23.763000+00:00,30.0,44.5,55.0,992.0,0,1.6,90
5793,9883,2025-10-18T17:14:23.750000+00:00,30.1,44.2,54.0,992.0,0,3.2,272
5794,9883,2025-10-18T17:16:23.751000+00:00,30.3,42.3,55.0,992.0,0,2.3,352
5795,9883,2025-10-18T17:18:23.745000+00:00,30.4,41.5,55.0,992.2,0,2.8,316
5796,9883,2025-10-18T17:20:23.750000+00:00,30.5,42.1,55.0,992.1,0,2.9,325
5797,9883,2025-10-18T17:22:23.755000+00:00,30.3,43.8,55.0,992.3,0,2.8,290
5798,9883,2025-10-18T17:24:23.769000+00:00,30.5,44.6,53.0,992.4,0,4.0,288
5799,9883,2025-10-18T17:26:23.770000+00:00,30.7,44.6,54.0,992.3,0,3.7,293
5800,9883,2025-10-18T17:28:23.767000+00:00,30.8,43.9,54.0,992.5,0,4.0,299
5801,9883,2025-10-18T17:30:23.769000+00:00,30.6,42.7,54.0,992.5,0,2.9,300
5802,9883,2025-10-18T17:32:23.765000+00:00,30.5,42.2,54.0,992.5,0,2.8,327
5803,9883,2025-10-18T17:34:23.783000+00:00,30.7,43.4,53.0,992.5,0,3.3,316
5804,9883,2025-10-18T17:36:23.816000+00:00,30.8,41.7,53.0,992.4,0,2.8,296
5805,9883,2025-10-18T17:38:23.838000+00:00,30.6,40.9,53.0,992.4,0,2.5,349
5806,9883,2025-10-18T17:40:23.832000+00:00,30.3,40.6,54.0,992.2,0,1.8,291
5807,9883,2025-10-18T17:42:23.862000+00:00,30.3,41.1,53.0,992.3,0,3.0,330
5808,9883,2025-10-18T17:44:23.904000+00:00,30.3,40.0,53.0,992.2,0,2.5,331
5809,9888,2025-10-19T18:07:29.925000+00:00,26.4,42.1,30.0,1002.1,0,2.9,282
5810,9888,2025-10-19T18:09:29.931000+00:00,26.5,42.4,29.0,1002.1,0,3.1,275
5811,9888,2025-10-19T18:11:29.957000+00:00,26.7,42.6,29.0,1002.1,0,2.2,283
5812,9888,2025-10-19T18:13:29.981000+00:00,26.7,43.0,28.0,1002.1,0,2.1,257
5813,9888,2025-10-19T18:15:30.005000+00:00,26.6,42.9,28.0,1002.1,0,3.1,260
5814,9888,2025-10-19T18:17:30.033000+00:00,26.6,42.9,28.0,1002.1,0,2.8,267
5815,9888,2025-10-19T18:19:30.019000+00:00,26.9,43.0,28.0,1002.0,0,1.7,245
5816,9888,2025-10-19T18:21:30.020000+00:00,26.9,43.7,27.0,1002.0,0,2.2,273
5817,9888,2025-10-19T18:23:30.020000+00:00,27.0,43.8,26.0,1002.0,0,2.0,286
5818,9888,2025-10-19T18:25:30.022000+00:00,27.2,43.7,27.0,1001.8,0,4.9,273
5819,9888,2025-10-19T18:27:30.020000+00:00,27.1,43.8,26.0,1001.8,0,2.0,281
5820,9888,2025-10-19T18:29:30.030000+00:00,27.0,43.6,26.0,1001.8,0,4.6,277
5821,9888,2025-10-19T18:31:30.031000+00:00,27.2,43.6,26.0,1001.7,0,2.8,250
5822,9888,2025-10-19T18:33:30.028000+00:00,27.3,43.8,26.0,1001.8,0,2.8,292
5823,9888,2025-10-19T18:35:30.032000+00:00,27.5,44.0,25.0,1001.5,0,3.2,288
5824,9888,2025-10-19T18:37:30.031000+00:00,27.8,44.0,25.0,1001.6,0,2.8,285
5825,9888,2025-10-19T18:39:30.033000+00:00,27.6,43.9,25.0,1001.5,0,3.1,260
5826,9888,2025-10-19T18:41:30.037000+00:00,27.5,44.0,24.0,1001.5,0,3.3,262
5827,9888,2025-10-19T18:43:30.029000+00:00,27.5,44.4,23.0,1001.5,0,3.0,287
5828,9888,2025-10-19T18:45:30.034000+00:00,27.6,44.4,23.0,1001.6,0,3.0,136
5829,9888,2025-10-19T18:47:30.041000+00:00,27.8,44.7,23.0,1001.5,0,1.3,344
5830,9888,2025-10-19T18:49:30.040000+00:00,28.0,44.9,24.0,1001.4,0,2.5,269
5831,9888,2025-10-19T18:51:30.040000+00:00,28.1,45.2,23.0,1001.3,0,1.9,261
5832,9888,2025-10-19T18:53:30.045000+00:00,28.1,44.9,22.0,1001.3,0,3.0,267
5833,9888,2025-10-19T18:55:30.042000+00:00,27.8,44.6,22.0,1001.3,0,3.4,259
5834,9888,2025-10-19T18:57:30.042000+00:00,27.8,44.7,23.0,1001.3,0,3.8,287
5835,9888,2025-10-19T18:59:30.042000+00:00,28.0,44.7,23.0,1001.3,0,2.3,259
5836,9888,2025-10-19T19:01:30.054000+00:00,27.9,45.1,22.0,1001.2,0,3.1,261
5837,9888,2025-10-19T19:03:30.054000+00:00,28.0,45.0,22.0,1001.2,0,1.4,304
5838,9888,2025-10-19T19:05:30.054000+00:00,28.2,45.6,22.0,1001.1,0,2.0,316
5839,9888,2025-10-19T19:07:30.055000+00:00,28.1,45.1,22.0,1001.1,0,1.9,277
5840,9888,2025-10-19T19:09:30.057000+00:00,28.4,45.5,21.0,1001.2,0,1.2,192
5841,9888,2025-10-19T19:11:30.057000+00:00,28.6,45.8,22.0,1001.1,0,1.4,212
5842,9888,2025-10-19T19:13:30.056000+00:00,28.6,45.9,21.0,1001.2,0,1.1,13
5843,9888,2025-10-19T19:15:30.063000+00:00,28.8,45.5,22.0,1001.0,0,2.8,283
5844,9888,2025-10-19T19:17:30.071000+00:00,28.7,45.9,21.0,1001.2,0,1.6,286
5845,9888,2025-10-19T19:19:30.057000+00:00,28.6,46.0,20.0,1001.2,0,2.1,182
5846,9888,2025-10-19T19:21:30.058000+00:00,28.5,46.0,21.0,1001.1,0,1.2,189
5847,9888,2025-10-19T19:23:30.059000+00:00,28.5,46.0,21.0,1001.1,0,1.0,266
5848,9888,2025-10-19T19:25:30.074000+00:00,28.6,46.2,21.0,1001.1,0,2.0,245
5849,9888,2025-10-19T19:27:30.066000+00:00,28.8,46.3,21.0,1001.0,0,1.4,198
5850,9888,2025-10-19T19:29:30.070000+00:00,28.8,46.1,21.0,1001.0,0,1.3,156
5851,9888,2025-10-19T19:31:30.074000+00:00,28.7,45.9,20.0,1000.9,0,2.0,342
5852,9888,2025-10-19T19:33:30.074000+00:00,28.6,46.0,20.0,1000.9,0,1.6,212
5853,9888,2025-10-19T19:35:30.075000+00:00,28.7,45.8,21.0,1001.0,0,0.7,285
5854,9888,2025-10-19T19:37:30.075000+00:00,28.9,45.8,21.0,1001.0,0,2.8,240
5855,9888,2025-10-19T19:39:30.075000+00:00,28.8,46.1,21.0,1000.8,0,0.8,324
5856,9888,2025-10-19T19:41:30.077000+00:00,28.9,46.3,21.0,1001.0,0,1.6,323
5857,9888,2025-10-19T19:43:30.076000+00:00,28.9,46.1,20.0,1000.8,0,1.5,243
5858,9888,2025-10-19T19:45:30.094000+00:00,28.9,45.9,20.0,1000.8,0,2.7,274
5859,9888,2025-10-19T19:47:30.077000+00:00,28.9,45.8,21.0,1000.8,0,3.3,263
5860,9888,2025-10-19T19:49:30.093000+00:00,28.7,45.6,21.0,1000.7,0,4.8,268
5861,9888,2025-10-19T19:51:30.083000+00:00,28.6,45.5,21.0,1000.7,0,2.6,255
5862,9888,2025-10-19T19:53:30.079000+00:00,28.5,45.4,21.0,1000.7,0,2.3,163
5863,9888,2025-10-19T19:55:30.090000+00:00,28.6,45.8,21.0,1000.6,0,1.0,297
5864,9888,2025-10-19T19:57:30.091000+00:00,28.9,45.9,21.0,1000.7,0,1.4,246
5865,9888,2025-10-19T19:59:30.085000+00:00,28.8,45.7,21.0,1000.7,0,2.0,233
5866,9888,2025-10-19T20:01:30.097000+00:00,28.6,45.9,21.0,1000.7,0,1.2,4
5867,9888,2025-10-19T20:03:30.104000+00:00,28.6,45.7,21.0,1000.7,0,1.1,0
5868,9888,2025-10-19T20:05:30.098000+00:00,28.9,45.8,21.0,1000.6,0,1.0,270
5869,9888,2025-10-19T20:07:30.100000+00:00,29.1,45.8,20.0,1000.5,0,1.9,160
5870,9888,2025-10-19T20:09:30.099000+00:00,29.0,45.5,21.0,1000.5,0,2.4,286
5871,9888,2025-10-19T20:11:30.146000+00:00,28.9,45.8,20.0,1000.6,0,1.4,297
5872,9888,2025-10-19T20:13:30.184000+00:00,29.1,45.7,20.0,1000.6,0,1.0,283
5873,9888,2025-10-19T20:15:30.204000+00:00,29.2,45.6,20.0,1000.6,0,3.2,261
5874,9888,2025-10-19T20:17:30.230000+00:00,29.1,45.3,21.0,1000.6,0,2.0,262
5875,9888,2025-10-19T20:19:30.230000+00:00,29.0,45.7,21.0,1000.6,0,1.0,269
5876,9888,2025-10-19T20:21:30.236000+00:00,29.0,45.5,21.0,1000.6,0,1.8,294
5877,9888,2025-10-19T20:23:30.233000+00:00,29.0,45.3,21.0,1000.5,0,1.2,258
5878,9888,2025-10-19T20:25:30.232000+00:00,29.0,45.6,21.0,1000.5,0,0.7,147
5879,9888,2025-10-19T20:27:30.254000+00:00,29.2,45.6,21.0,1000.5,0,0.7,147
5880,9888,2025-10-19T20:29:30.246000+00:00,29.3,45.8,21.0,1000.6,0,1.4,258
5881,9888,2025-10-19T20:31:30.247000+00:00,29.1,45.7,21.0,1000.5,0,1.2,258
5882,9888,2025-10-19T20:33:30.246000+00:00,29.2,45.6,20.0,1000.6,0,1.7,285
5883,9888,2025-10-19T20:35:30.262000+00:00,29.2,44.8,21.0,1000.6,0,3.4,265
5884,9888,2025-10-19T20:37:30.298000+00:00,29.0,45.0,21.0,1000.5,0,2.5,252
5885,9888,2025-10-19T20:39:30.298000+00:00,29.1,44.9,21.0,1000.5,0,1.6,251
5886,9877,2025-10-26T19:06:27.287000+00:00,25.5,51.4,26.0,781.8,0,2.3,288
5887,9877,2025-10-26T19:08:27.282000+00:00,25.5,51.6,26.0,781.8,0,1.0,0
5888,9877,2025-10-26T19:10:27.281000+00:00,25.5,52.1,25.0,781.8,0,1.0,135
5889,9877,2025-10-26T19:12:27.278000+00:00,25.6,52.3,25.0,781.7,0,2.3,117
5890,9877,2025-10-26T19:14:27.286000+00:00,25.5,53.1,25.0,781.6,0,1.3,131
5891,9877,2025-10-26T19:16:27.284000+00:00,25.4,53.1,25.0,781.7,0,1.6,132
5892,9877,2025-10-26T19:18:27.287000+00:00,25.4,53.2,25.0,781.5,0,2.3,291
5893,9877,2025-10-26T19:20:27.296000+00:00,25.6,53.1,24.0,781.6,0,2.0,216
5894,9877,2025-10-26T19:22:27.284000+00:00,25.7,52.8,24.0,781.6,0,1.4,337
5895,9877,2025-10-26T19:24:27.293000+00:00,25.6,52.8,24.0,781.6,0,0.6,244
5896,9877,2025-10-26T19:26:27.299000+00:00,25.6,53.1,25.0,781.5,0,1.6,226
5897,9877,2025-10-26T19:28:27.294000+00:00,25.9,53.1,24.0,781.4,0,1.5,149
5898,9877,2025-10-26T19:30:27.299000+00:00,26.0,52.5,25.0,781.4,0,1.8,144
5899,9877,2025-10-26T19:32:27.334000+00:00,25.9,52.7,25.0,781.4,0,1.4,219
5900,9877,2025-10-26T19:34:27.300000+00:00,25.8,53.0,25.0,781.4,0,1.7,302
5901,9877,2025-10-26T19:36:27.302000+00:00,25.9,53.0,24.0,781.4,0,1.8,279
5902,9877,2025-10-26T19:38:27.305000+00:00,25.9,52.8,24.0,781.4,0,0.9,228
5903,9877,2025-10-26T19:40:27.302000+00:00,25.8,52.7,24.0,781.3,0,1.1,293
5904,9877,2025-10-26T19:42:27.308000+00:00,25.9,52.4,25.0,781.2,0,2.6,268
5905,9877,2025-10-26T19:44:27.307000+00:00,25.9,52.6,26.0,781.1,0,2.4,250
5906,9877,2025-10-26T19:46:27.305000+00:00,25.8,53.0,25.0,781.2,0,1.9,142
5907,9877,2025-10-26T19:48:27.306000+00:00,25.6,52.8,24.0,781.2,0,2.7,170
5908,9877,2025-10-26T19:50:27.305000+00:00,25.6,53.1,25.0,781.2,0,0.0,121
5909,9877,2025-10-26T19:52:27.306000+00:00,25.8,52.7,25.0,781.1,0,2.5,39
5910,9877,2025-10-26T19:54:27.307000+00:00,26.0,53.1,25.0,781.1,0,2.3,207
5911,9877,2025-10-26T19:56:27.309000+00:00,26.1,52.8,25.0,781.0,0,2.3,228
5912,9877,2025-10-26T19:58:27.315000+00:00,26.1,52.5,26.0,781.1,0,2.4,256
5913,9877,2025-10-26T20:00:27.324000+00:00,26.2,52.3,25.0,781.0,0,1.4,274
5914,9877,2025-10-26T20:02:27.322000+00:00,26.2,52.1,25.0,781.0,0,1.6,212
5915,9877,2025-10-26T20:04:27.319000+00:00,26.3,51.9,26.0,781.0,0,2.3,243
5916,9877,2025-10-26T20:06:27.314000+00:00,26.2,52.0,25.0,780.9,0,1.7,165
5917,9877,2025-10-26T20:08:27.329000+00:00,26.4,52.7,25.0,780.8,0,1.8,108
5918,9877,2025-10-26T20:10:27.328000+00:00,26.4,52.2,24.0,780.9,0,1.8,237
5919,9877,2025-10-26T20:12:27.333000+00:00,26.4,52.0,24.0,780.9,0,1.5,267
5920,9877,2025-10-26T20:14:27.330000+00:00,26.4,51.8,24.0,780.9,0,3.1,273
5921,9877,2025-10-26T20:16:27.332000+00:00,26.5,51.7,24.0,780.8,0,1.9,297
5922,9877,2025-10-26T20:18:27.334000+00:00,26.6,51.1,24.0,780.8,0,2.6,289
5923,9877,2025-10-26T20:20:27.340000+00:00,26.8,51.4,24.0,780.8,0,2.4,268
5924,9877,2025-10-26T20:22:27.331000+00:00,26.6,51.4,24.0,780.9,0,1.8,275
5925,9877,2025-10-26T20:24:27.336000+00:00,26.8,51.3,24.0,780.8,0,1.7,256
5926,9877,2025-10-26T20:26:27.342000+00:00,26.6,51.5,24.0,780.8,0,1.7,249
5927,9877,2025-10-26T20:28:27.345000+00:00,26.8,51.4,24.0,780.9,0,2.2,249
5928,9877,2025-10-26T20:30:27.340000+00:00,26.9,51.3,24.0,780.9,0,3.6,285
5929,9877,2025-10-26T20:32:27.345000+00:00,26.7,50.4,24.0,780.8,0,1.4,286
5930,9877,2025-10-26T20:34:27.391000+00:00,26.7,50.3,24.0,780.7,0,0.6,292
5931,9877,2025-10-26T20:36:27.360000+00:00,26.6,50.7,23.0,780.8,0,1.7,180
5932,9877,2025-10-26T20:38:27.379000+00:00,26.5,50.7,23.0,780.7,0,1.9,296
5933,9877,2025-10-26T20:40:27.388000+00:00,26.5,51.0,23.0,780.7,0,1.5,151
5934,9877,2025-10-26T20:42:27.403000+00:00,26.6,50.6,23.0,780.6,0,2.6,279
5935,9877,2025-10-26T20:44:27.410000+00:00,26.5,50.7,23.0,780.7,0,3.2,183
5936,9877,2025-10-26T20:46:27.394000+00:00,26.5,50.3,23.0,780.5,0,1.5,239
5937,9877,2025-10-26T20:48:27.424000+00:00,26.7,50.8,22.0,780.6,0,2.2,246
5938,9877,2025-10-26T20:50:27.457000+00:00,26.9,50.5,21.0,780.6,0,1.4,306
5939,9877,2025-10-26T20:52:27.465000+00:00,26.6,50.4,21.0,780.5,0,2.1,283
5940,9877,2025-10-26T20:54:27.454000+00:00,26.8,50.6,21.0,780.6,0,2.1,203
5941,9877,2025-10-26T20:56:27.462000+00:00,26.6,49.9,21.0,780.6,0,2.7,201
5942,9877,2025-10-26T20:58:27.491000+00:00,26.5,50.2,21.0,780.6,0,1.1,247
5943,9877,2025-10-26T21:00:27.490000+00:00,26.6,49.7,21.0,780.5,0,1.2,144
5944,9877,2025-10-26T21:02:27.491000+00:00,26.9,49.4,20.0,780.5,0,1.1,113
5945,9877,2025-10-26T21:04:27.500000+00:00,27.0,49.1,21.0,780.5,0,0.6,333
5946,9877,2025-10-26T21:06:27.492000+00:00,26.8,49.1,21.0,780.5,0,1.1,300
5947,9877,2025-10-26T21:08:27.509000+00:00,27.0,49.1,22.0,780.5,0,2.3,265
5948,9877,2025-10-26T21:10:27.497000+00:00,27.1,48.3,21.0,780.5,0,2.1,249
5949,9877,2025-10-26T21:12:27.506000+00:00,27.1,48.1,22.0,780.5,0,2.1,261
5950,9877,2025-10-26T21:14:27.506000+00:00,27.1,48.0,22.0,780.5,0,3.2,277
5951,9877,2025-10-26T21:16:27.504000+00:00,26.9,47.8,22.0,780.5,0,3.0,262
5952,9877,2025-10-26T21:18:27.507000+00:00,26.9,48.0,22.0,780.5,0,2.0,294
5953,9877,2025-10-26T21:20:27.510000+00:00,26.8,47.8,22.0,780.5,0,2.2,273
5954,9877,2025-10-26T21:22:27.511000+00:00,26.8,47.5,22.0,780.5,0,2.5,285
5955,9877,2025-10-26T21:24:27.513000+00:00,26.9,47.7,22.0,780.5,0,0.9,275
5956,9877,2025-10-26T21:26:27.514000+00:00,27.1,47.6,22.0,780.4,0,3.3,288
5957,9877,2025-10-26T21:28:27.511000+00:00,27.0,46.9,22.0,780.5,0,1.4,247
5958,9877,2025-10-26T21:30:27.508000+00:00,27.0,47.1,21.0,780.4,0,2.1,277
5959,9877,2025-10-26T21:32:27.525000+00:00,27.0,46.8,21.0,780.4,0,1.2,287
5960,9877,2025-10-26T21:34:27.523000+00:00,27.1,46.7,21.0,780.5,0,3.0,249
5961,9877,2025-10-26T21:36:27.540000+00:00,26.9,46.7,20.0,780.4,0,2.3,146
5962,9877,2025-10-26T21:38:27.567000+00:00,26.9,46.5,20.0,780.4,0,1.5,117
5963,9877,2025-10-26T21:40:27.559000+00:00,26.8,45.8,21.0,780.4,0,2.0,237
5964,9877,2025-10-26T21:42:27.617000+00:00,26.9,45.7,21.0,780.4,0,1.0,147
5965,9877,2025-10-26T21:44:27.569000+00:00,26.9,45.7,20.0,780.4,0,2.2,247
5966,9877,2025-10-26T21:46:27.585000+00:00,27.0,45.7,21.0,780.4,0,0.8,285
5967,9864,2025-11-08T13:15:08.164000+00:00,22.5,25.5,75.0,919.0,0,1.5,359
5968,9864,2025-11-08T13:17:08.178000+00:00,22.5,24.9,76.0,919.0,0,1.5,62
5969,9864,2025-11-08T13:19:08.190000+00:00,22.5,24.7,75.0,919.2,0,2.2,28
5970,9864,2025-11-08T13:21:08.210000+00:00,22.4,24.7,76.0,919.3,0,1.3,0
5971,9864,2025-11-08T13:23:08.222000+00:00,22.4,24.7,76.0,919.2,0,0.7,44
5972,9864,2025-11-08T13:25:08.252000+00:00,22.4,24.6,76.0,919.2,0,1.3,349
5973,9864,2025-11-08T13:27:08.242000+00:00,22.4,24.8,76.0,919.2,0,1.0,66
5974,9864,2025-11-08T13:29:08.263000+00:00,22.4,24.4,76.0,919.2,0,3.1,65
5975,9864,2025-11-08T13:31:08.281000+00:00,22.4,24.5,76.0,919.3,0,1.2,25
5976,9864,2025-11-08T13:33:08.305000+00:00,22.4,24.5,76.0,919.2,0,1.9,30
5977,9864,2025-11-08T13:35:08.322000+00:00,22.4,24.6,76.0,919.1,0,3.1,41
5978,9864,2025-11-08T13:37:08.315000+00:00,22.4,24.7,76.0,919.1,0,1.6,18
5979,9864,2025-11-08T13:39:08.323000+00:00,22.4,25.0,75.0,919.0,0,1.2,50
5980,9864,2025-11-08T13:41:08.317000+00:00,22.5,25.1,76.0,919.1,0,2.5,11
5981,9864,2025-11-08T13:43:08.326000+00:00,22.5,25.9,75.0,919.1,0,2.5,16
5982,9864,2025-11-08T13:45:08.315000+00:00,22.6,25.7,75.0,919.1,0,3.3,16
5983,9864,2025-11-08T13:47:08.324000+00:00,22.6,25.6,75.0,919.3,0,3.0,30
5984,9864,2025-11-08T13:49:08.322000+00:00,22.6,25.4,75.0,919.2,0,3.4,61
5985,9864,2025-11-08T13:51:08.332000+00:00,22.6,25.4,75.0,919.3,0,2.1,28
5986,9864,2025-11-08T13:53:08.326000+00:00,22.6,25.2,75.0,919.0,0,2.2,74
5987,9864,2025-11-08T13:55:08.326000+00:00,22.6,25.1,75.0,919.4,0,1.3,41
5988,9864,2025-11-08T13:57:08.334000+00:00,22.5,25.1,75.0,919.3,0,1.7,28
5989,9864,2025-11-08T13:59:08.328000+00:00,22.5,25.2,75.0,919.3,0,2.1,35
5990,9864,2025-11-08T14:01:08.334000+00:00,22.6,25.4,75.0,919.4,0,1.3,83
5991,9864,2025-11-08T14:03:08.340000+00:00,22.7,26.1,75.0,919.6,0,0.8,123
5992,9864,2025-11-08T14:05:08.336000+00:00,22.9,25.9,74.0,919.6,0,1.7,27
5993,9864,2025-11-08T14:07:08.335000+00:00,22.8,25.5,74.0,919.6,0,3.7,46
5994,9864,2025-11-08T14:09:08.344000+00:00,22.8,25.6,74.0,919.7,0,1.9,55
5995,9864,2025-11-08T14:11:08.348000+00:00,22.9,26.5,74.0,919.6,0,1.3,29
5996,9864,2025-11-08T14:13:08.357000+00:00,23.0,26.7,73.0,919.5,0,2.9,33
5997,9864,2025-11-08T14:15:08.393000+00:00,23.0,26.9,72.0,919.5,0,2.3,13
5998,9864,2025-11-08T14:17:08.408000+00:00,23.2,27.9,72.0,919.6,0,0.9,36
5999,9864,2025-11-08T14:19:08.427000+00:00,23.3,28.1,70.0,919.5,0,1.3,91
6000,9864,2025-11-08T14:21:08.442000+00:00,23.4,28.0,71.0,919.5,0,1.6,6
6001,9864,2025-11-08T14:23:08.465000+00:00,23.4,28.4,69.0,919.4,0,1.5,20
6002,9864,2025-11-08T14:25:08.468000+00:00,23.4,28.0,71.0,919.4,0,2.2,15
6003,9864,2025-11-08T14:27:08.468000+00:00,23.4,28.2,70.0,919.2,0,2.3,23
6004,9864,2025-11-08T14:29:08.498000+00:00,23.5,28.3,70.0,919.3,0,2.4,48
6005,9864,2025-11-08T14:31:08.524000+00:00,23.5,28.6,70.0,919.2,0,2.2,48
6006,9864,2025-11-08T14:33:08.532000+00:00,23.5,28.7,69.0,919.2,0,4.0,18
6007,9864,2025-11-08T14:35:08.533000+00:00,23.5,29.2,69.0,919.2,0,1.0,66
6008,9864,2025-11-08T14:37:08.534000+00:00,23.6,29.7,68.0,919.2,0,1.3,91
6009,9864,2025-11-08T14:39:08.528000+00:00,23.6,29.8,68.0,919.1,0,1.1,28
6010,9864,2025-11-08T14:41:08.529000+00:00,23.5,29.4,67.0,919.1,0,3.6,55
6011,9864,2025-11-08T14:43:08.569000+00:00,23.4,29.2,67.0,919.0,0,2.4,6
6012,9864,2025-11-08T14:45:08.600000+00:00,23.4,29.0,67.0,919.0,0,2.1,46
6013,9864,2025-11-08T14:47:08.618000+00:00,23.5,28.8,67.0,919.1,0,2.2,18
6014,9864,2025-11-08T14:49:08.638000+00:00,23.4,28.7,67.0,919.1,0,2.7,95
6015,9864,2025-11-08T14:51:08.620000+00:00,23.4,28.9,68.0,919.0,0,2.0,32
6016,9864,2025-11-08T14:53:08.624000+00:00,23.4,29.2,67.0,918.9,0,2.7,59
6017,9864,2025-11-08T14:55:08.621000+00:00,23.5,29.5,67.0,919.0,0,1.8,355
6018,9864,2025-11-08T14:57:08.624000+00:00,23.5,29.2,67.0,919.1,0,2.3,46
6019,9869,2025-11-09T16:07:20.633000+00:00,17.9,32.7,70.0,929.9,0,1.0,124
6020,9869,2025-11-09T16:09:20.631000+00:00,17.9,32.8,70.0,930.0,0,1.5,178
6021,9869,2025-11-09T16:11:20.632000+00:00,17.9,32.3,70.0,930.0,0,1.9,177
6022,9869,2025-11-09T16:13:20.641000+00:00,17.9,31.6,71.0,929.9,0,2.0,181
6023,9869,2025-11-09T16:15:20.634000+00:00,17.8,30.7,72.0,930.0,0,2.2,203
6024,9869,2025-11-09T16:17:20.633000+00:00,17.6,30.0,74.0,929.9,0,1.7,141
6025,9869,2025-11-09T16:19:20.634000+00:00,17.4,29.7,73.0,929.9,0,2.2,196
6026,9869,2025-11-09T16:21:20.634000+00:00,17.1,29.7,73.0,929.8,0,1.7,153
6027,9869,2025-11-09T16:23:20.640000+00:00,17.0,29.5,73.0,929.9,0,2.2,156
6028,9869,2025-11-09T16:25:20.665000+00:00,17.0,29.5,74.0,929.9,0,1.6,190
6029,9869,2025-11-09T16:27:20.701000+00:00,17.1,29.8,74.0,929.9,0,0.6,335
6030,9869,2025-11-09T16:29:20.691000+00:00,17.0,29.7,73.0,929.9,0,0.9,181
6031,9869,2025-11-09T16:31:20.723000+00:00,16.9,29.4,74.0,929.9,0,1.2,128
6032,9869,2025-11-09T16:33:20.730000+00:00,16.8,29.3,74.0,929.9,0,1.0,177
6033,9869,2025-11-09T16:35:20.755000+00:00,16.7,29.5,75.0,930.0,0,1.7,161
6034,9869,2025-11-09T16:37:20.778000+00:00,16.6,29.8,73.0,929.9,0,1.6,206
6035,9869,2025-11-09T16:39:20.775000+00:00,16.6,29.9,72.0,929.9,0,1.6,177
6036,9869,2025-11-09T16:41:20.771000+00:00,16.9,30.4,72.0,929.8,0,0.7,161
6037,9869,2025-11-09T16:43:20.777000+00:00,17.0,30.4,71.0,929.9,0,1.2,178
6038,9869,2025-11-09T16:45:20.772000+00:00,17.1,30.4,72.0,929.9,0,2.4,197
6039,9869,2025-11-09T16:47:20.778000+00:00,17.2,30.7,72.0,929.9,0,0.7,171
6040,9869,2025-11-09T16:49:20.787000+00:00,17.3,31.1,70.0,929.8,0,1.0,125
6041,9869,2025-11-09T16:51:20.817000+00:00,17.5,30.8,71.0,929.8,0,0.9,154
6042,9869,2025-11-09T16:53:20.836000+00:00,17.4,31.2,70.0,929.8,0,1.1,144
6043,9869,2025-11-09T16:55:20.833000+00:00,17.5,30.7,70.0,929.8,0,1.9,149
6044,9869,2025-11-09T16:57:20.868000+00:00,17.5,30.8,70.0,929.8,0,0.9,122
6045,9869,2025-11-09T16:59:20.887000+00:00,17.5,30.9,69.0,929.8,0,1.4,149
6046,9869,2025-11-09T17:01:20.880000+00:00,17.5,31.1,70.0,929.9,0,0.6,162
6047,9869,2025-11-09T17:03:20.886000+00:00,17.5,30.8,69.0,929.8,0,0.4,123
6048,9869,2025-11-09T17:05:20.919000+00:00,17.5,30.7,70.0,929.8,0,1.9,161
6049,9869,2025-11-09T17:07:20.922000+00:00,17.5,30.5,70.0,929.8,0,1.4,175
6050,9869,2025-11-09T17:09:20.925000+00:00,17.4,30.5,70.0,929.9,0,1.3,118
6051,9869,2025-11-09T17:11:20.923000+00:00,17.4,30.4,71.0,929.9,0,1.5,155
6052,9869,2025-11-09T17:13:20.921000+00:00,17.3,30.4,70.0,929.8,0,2.0,192
6053,9869,2025-11-09T17:15:20.932000+00:00,17.2,30.5,71.0,929.9,0,1.0,169
6054,9869,2025-11-09T17:17:20.922000+00:00,17.3,30.2,70.0,929.9,0,1.5,182
6055,9869,2025-11-09T17:19:20.928000+00:00,17.3,30.1,70.0,929.9,0,0.9,0
6056,9869,2025-11-09T17:21:20.938000+00:00,17.3,30.2,69.0,929.9,0,1.8,174
6057,9869,2025-11-09T17:23:20.929000+00:00,17.5,30.4,69.0,929.8,0,1.3,212
6058,9869,2025-11-09T17:25:20.936000+00:00,17.5,30.7,68.0,929.8,0,0.6,181
6059,9869,2025-11-09T17:27:20.936000+00:00,17.6,30.8,68.0,929.7,0,0.4,0
6060,9869,2025-11-09T17:29:20.955000+00:00,17.6,30.9,68.0,929.7,0,1.9,157
6061,9869,2025-11-09T17:31:20.976000+00:00,17.6,31.3,68.0,929.7,0,2.2,168
6062,9869,2025-11-09T17:33:20.980000+00:00,17.7,31.4,68.0,929.7,0,1.1,160
6063,9869,2025-11-09T17:35:21.006000+00:00,17.7,31.7,67.0,929.6,0,1.9,185
6064,9869,2025-11-09T17:37:21.010000+00:00,17.7,31.1,67.0,929.7,0,1.6,181
6065,9869,2025-11-09T17:39:21.008000+00:00,17.6,30.8,69.0,929.7,0,1.8,179
6066,9869,2025-11-09T17:41:21.040000+00:00,17.5,31.1,68.0,929.7,0,1.7,174
6067,9869,2025-11-09T17:43:21.054000+00:00,17.5,31.1,68.0,929.6,0,0.7,164
6068,9869,2025-11-09T17:45:21.076000+00:00,17.5,30.8,68.0,929.6,0,1.5,140
6069,9869,2025-11-09T17:47:21.077000+00:00,17.5,30.9,68.0,929.6,0,1.5,204
6070,9869,2025-11-09T17:49:21.080000+00:00,17.4,30.4,68.0,929.6,0,1.7,188
6071,9869,2025-11-09T17:51:21.067000+00:00,17.4,30.3,69.0,929.6,0,1.3,143
6072,9869,2025-11-09T17:53:21.083000+00:00,17.3,30.3,70.0,929.6,0,2.4,175
6073,9869,2025-11-09T17:55:21.085000+00:00,17.2,30.2,71.0,929.5,0,1.7,201
6074,9869,2025-11-09T17:57:21.079000+00:00,17.2,30.3,70.0,929.4,0,1.0,170
6075,9869,2025-11-09T17:59:21.077000+00:00,17.2,30.2,71.0,929.4,0,1.7,140
6076,9869,2025-11-09T18:01:21.088000+00:00,17.2,30.2,71.0,929.6,0,1.5,187
6077,9869,2025-11-09T18:03:21.093000+00:00,17.1,30.0,71.0,929.5,0,2.0,187
6078,9869,2025-11-09T18:05:21.094000+00:00,17.1,30.3,71.0,929.3,0,1.1,156
6079,9869,2025-11-09T18:07:21.213000+00:00,17.2,30.6,69.0,929.4,0,1.0,161
6080,9869,2025-11-09T18:09:21.237000+00:00,17.2,30.4,70.0,929.4,0,1.9,143
6081,9869,2025-11-09T18:11:21.254000+00:00,17.4,30.8,71.0,929.4,0,2.7,156
6082,9869,2025-11-09T18:13:21.265000+00:00,17.5,31.4,70.0,929.5,0,1.9,171
6083,9869,2025-11-09T18:15:21.271000+00:00,17.5,31.4,70.0,929.4,0,0.9,170
6084,9869,2025-11-09T18:17:21.265000+00:00,17.4,31.4,70.0,929.4,0,2.0,194
6085,9869,2025-11-09T18:19:21.278000+00:00,17.5,31.1,71.0,929.5,0,1.7,165
6086,9869,2025-11-09T18:21:21.297000+00:00,17.5,31.8,70.0,929.4,0,1.8,182
6087,9869,2025-11-09T18:23:21.315000+00:00,17.4,31.2,72.0,929.4,0,2.9,245
6088,9869,2025-11-09T18:25:21.325000+00:00,17.2,31.0,72.0,929.5,0,2.7,194
6089,9869,2025-11-09T18:27:21.343000+00:00,17.3,30.9,72.0,929.5,0,1.4,203
6090,9869,2025-11-09T18:29:21.353000+00:00,17.3,31.0,72.0,929.4,0,1.4,179
6091,9869,2025-11-09T18:31:21.367000+00:00,17.2,31.0,72.0,929.4,0,1.9,130
6092,9869,2025-11-09T18:33:21.363000+00:00,17.2,31.3,71.0,929.5,0,1.4,155
6093,9869,2025-11-09T18:35:21.399000+00:00,17.4,31.5,71.0,929.5,0,1.1,190
6094,9869,2025-11-09T18:37:21.408000+00:00,17.4,31.3,70.0,929.4,0,1.0,122
6095,9858,2025-11-23T03:06:32.953000+00:00,16.9,18.0,38.0,942.1,0,0.7,126
6096,9858,2025-11-23T03:08:32.953000+00:00,16.9,17.6,38.0,942.2,0,0.6,80
6097,9858,2025-11-23T03:10:32.955000+00:00,16.9,17.7,38.0,942.1,0,1.1,269
6098,9858,2025-11-23T03:12:32.955000+00:00,17.0,17.8,37.0,942.0,0,0.6,0
6099,9858,2025-11-23T03:14:32.949000+00:00,17.1,18.0,37.0,942.0,0,0.5,93
6100,9858,2025-11-23T03:16:32.965000+00:00,17.1,18.1,37.0,942.1,0,0.6,207
6101,9858,2025-11-23T03:18:32.974000+00:00,17.1,17.7,37.0,942.1,0,0.0,184
6102,9858,2025-11-23T03:20:32.966000+00:00,17.1,17.6,37.0,942.1,0,0.8,159
6103,9858,2025-11-23T03:22:32.967000+00:00,17.1,17.7,37.0,942.0,0,0.6,143
6104,9858,2025-11-23T03:24:32.965000+00:00,17.1,17.7,37.0,942.0,0,0.5,82
6105,9858,2025-11-23T03:26:32.971000+00:00,17.1,17.8,37.0,942.0,0,0.6,123
6106,9858,2025-11-23T03:28:32.962000+00:00,17.1,17.7,37.0,942.0,0,1.0,200
6107,9858,2025-11-23T03:30:32.963000+00:00,17.1,17.9,37.0,942.1,0,0.8,187
6108,9858,2025-11-23T03:32:32.966000+00:00,17.2,18.0,36.0,942.0,0,0.3,125
6109,9858,2025-11-23T03:34:32.979000+00:00,17.2,24.6,35.0,941.9,0,0.6,0
6110,9858,2025-11-23T03:36:32.966000+00:00,17.1,29.0,36.0,942.0,0,0.3,142
6111,9858,2025-11-23T03:38:32.977000+00:00,17.0,29.3,36.0,942.0,0,0.9,110
6112,9858,2025-11-23T03:40:33.019000+00:00,17.0,28.7,37.0,942.0,0,0.7,126
6113,9858,2025-11-23T03:42:33.032000+00:00,17.0,29.2,36.0,942.0,0,0.7,126
6114,9858,2025-11-23T03:44:33.034000+00:00,16.9,27.7,36.0,942.0,0,0.8,187
6115,9858,2025-11-23T03:46:33.054000+00:00,16.9,27.2,37.0,941.9,0,1.2,211
6116,9858,2025-11-23T03:48:33.058000+00:00,16.9,27.7,37.0,941.9,0,0.8,0
6117,9858,2025-11-23T03:50:33.076000+00:00,16.8,28.7,37.0,941.9,0,1.0,188
6118,9858,2025-11-23T03:52:33.121000+00:00,16.8,28.3,37.0,941.9,0,1.2,197
6119,9858,2025-11-23T03:54:33.110000+00:00,16.8,27.2,38.0,941.9,0,0.5,190
6120,9858,2025-11-23T03:56:33.122000+00:00,16.8,24.2,37.0,941.9,0,1.2,179
6121,9858,2025-11-23T03:58:33.122000+00:00,16.7,24.4,38.0,942.0,0,0.9,240
6122,9858,2025-11-23T04:00:33.126000+00:00,16.7,24.2,37.0,941.9,0,1.1,192
6123,9858,2025-11-23T04:02:33.148000+00:00,16.7,23.8,38.0,942.0,0,0.9,162
6124,9858,2025-11-23T04:04:33.140000+00:00,16.7,18.2,38.0,941.9,0,1.3,183
6125,9858,2025-11-23T04:06:33.169000+00:00,16.8,18.7,38.0,942.0,0,1.2,182
6126,9858,2025-11-23T04:08:33.179000+00:00,16.9,18.2,38.0,942.0,0,2.1,175
6127,9858,2025-11-23T04:10:33.231000+00:00,16.9,18.1,38.0,941.9,0,1.5,186
6128,9858,2025-11-23T04:12:33.233000+00:00,16.9,18.0,38.0,941.9,0,1.2,185
6129,9858,2025-11-23T04:14:33.240000+00:00,16.9,17.9,38.0,941.9,0,2.0,185
6130,9858,2025-11-23T04:16:33.266000+00:00,17.0,17.9,38.0,941.8,0,1.7,193
6131,9858,2025-11-23T04:18:33.268000+00:00,17.0,17.9,38.0,941.9,0,1.9,191
6132,9858,2025-11-23T04:20:33.261000+00:00,17.0,17.9,38.0,941.9,0,1.5,177
6133,9858,2025-11-23T04:22:33.268000+00:00,17.0,17.9,38.0,941.9,0,2.0,181
6134,9858,2025-11-23T04:24:33.287000+00:00,17.0,17.7,37.0,941.8,0,2.0,192
6135,9858,2025-11-23T04:26:33.313000+00:00,16.9,17.7,38.0,941.8,0,2.2,191
6136,9858,2025-11-23T04:28:33.316000+00:00,16.9,17.7,38.0,941.7,0,1.8,200
6137,9858,2025-11-23T04:30:33.321000+00:00,16.9,17.6,38.0,941.8,0,1.8,188
6138,9858,2025-11-23T04:32:33.323000+00:00,16.8,17.5,38.0,941.7,0,2.1,178
6139,9858,2025-11-23T04:34:33.480000+00:00,16.7,17.5,38.0,941.8,0,0.9,231
6140,9858,2025-11-23T04:36:33.324000+00:00,16.6,17.4,38.0,941.7,0,1.5,187
6141,9858,2025-11-23T04:38:33.370000+00:00,16.6,17.5,38.0,941.8,0,1.8,188
6142,9858,2025-11-23T04:40:33.382000+00:00,16.6,17.4,38.0,941.8,0,2.5,191
6143,9858,2025-11-23T04:42:33.410000+00:00,16.5,17.3,38.0,941.9,0,1.2,194
6144,9858,2025-11-23T04:44:33.476000+00:00,16.4,17.3,38.0,941.9,0,1.5,217
6145,9858,2025-11-23T04:46:33.430000+00:00,16.4,17.3,38.0,941.9,0,1.6,221
6146,9858,2025-11-23T04:48:33.468000+00:00,16.4,17.3,38.0,941.8,0,1.4,198
6147,9858,2025-11-23T04:50:33.480000+00:00,16.4,17.2,39.0,941.8,0,1.8,179
6148,9858,2025-11-23T04:52:33.528000+00:00,16.4,17.2,39.0,941.8,0,1.8,186
6149,9858,2025-11-23T04:54:33.535000+00:00,16.3,17.2,39.0,941.8,0,2.0,214
6150,9858,2025-11-23T04:56:33.529000+00:00,16.3,17.2,39.0,941.8,0,2.6,212
6151,9858,2025-11-23T04:58:33.556000+00:00,16.4,17.0,39.0,941.8,0,1.8,187
6152,9858,2025-11-23T05:00:33.568000+00:00,16.4,17.2,39.0,941.7,0,2.5,194
6153,9858,2025-11-23T05:02:33.565000+00:00,16.3,17.0,39.0,941.8,0,2.3,187
6154,9858,2025-11-23T05:04:33.568000+00:00,16.3,17.0,39.0,941.8,0,2.4,188
6155,9858,2025-11-23T05:06:33.561000+00:00,16.3,17.0,39.0,941.9,0,2.4,189
6156,9858,2025-11-23T05:08:33.591000+00:00,16.3,16.9,39.0,941.9,0,2.8,179
6157,9858,2025-11-23T05:10:33.569000+00:00,16.3,16.9,39.0,941.8,0,1.9,199
6158,9858,2025-11-23T05:12:33.552000+00:00,16.3,16.9,39.0,941.9,0,2.2,198
6159,9858,2025-11-23T05:14:33.572000+00:00,16.3,16.9,39.0,941.8,0,1.8,199
6160,9858,2025-11-23T05:16:33.565000+00:00,16.3,16.9,39.0,941.8,0,1.9,184
6161,9858,2025-11-23T05:18:33.572000+00:00,16.3,16.9,38.0,941.7,0,1.9,211
6162,9858,2025-11-23T05:20:33.573000+00:00,16.3,16.9,38.0,941.8,0,2.0,192
6163,9858,2025-11-23T05:22:33.576000+00:00,16.3,16.8,39.0,941.8,0,2.2,207
6164,9858,2025-11-23T05:24:33.579000+00:00,16.3,16.8,39.0,941.8,0,2.0,189
6165,9858,2025-11-23T05:26:33.572000+00:00,16.3,16.7,39.0,941.8,0,2.3,200
6166,9845,2025-11-29T13:18:34.948000+00:00,26.0,32.6,47.0,1015.0,0,2.9,340
6167,9845,2025-11-29T13:20:34.961000+00:00,25.9,32.6,47.0,1015.0,0,2.8,344
6168,9845,2025-11-29T13:22:34.950000+00:00,25.9,32.6,47.0,1015.1,0,2.5,352
6169,9845,2025-11-29T13:24:35.021000+00:00,25.9,32.6,47.0,1015.1,0,2.5,352
6170,9845,2025-11-29T13:26:35.028000+00:00,25.8,32.3,47.0,1015.0,0,2.7,342
6171,9845,2025-11-29T13:28:35.033000+00:00,25.8,32.4,48.0,1015.0,0,2.9,348
6172,9845,2025-11-29T13:30:35.030000+00:00,25.7,32.5,48.0,1015.0,0,3.1,342
6173,9845,2025-11-29T13:32:35.041000+00:00,25.7,32.3,48.0,1015.1,0,3.4,348
6174,9845,2025-11-29T13:34:35.028000+00:00,25.6,32.2,48.0,1015.1,0,2.3,344
6175,9845,2025-11-29T13:36:35.045000+00:00,25.6,32.3,48.0,1015.1,0,2.3,336
6176,9845,2025-11-29T13:38:35.035000+00:00,25.6,32.1,48.0,1015.1,0,2.7,334
6177,9845,2025-11-29T13:40:35.057000+00:00,25.6,32.1,48.0,1015.2,0,2.1,342
6178,9845,2025-11-29T13:42:35.048000+00:00,25.5,31.9,48.0,1015.2,0,2.5,343
6179,9845,2025-11-29T13:44:35.049000+00:00,25.5,32.2,48.0,1015.1,0,1.9,356
6180,9845,2025-11-29T13:46:35.047000+00:00,25.4,31.9,48.0,1015.2,0,2.1,348
6181,9845,2025-11-29T13:48:35.053000+00:00,25.4,31.8,48.0,1015.3,0,2.3,344
6182,9845,2025-11-29T13:50:35.069000+00:00,25.3,31.8,49.0,1015.2,0,2.7,338
6183,9845,2025-11-29T13:52:35.071000+00:00,25.2,31.5,49.0,1015.3,0,2.9,348
6184,9845,2025-11-29T13:54:35.055000+00:00,25.2,31.4,49.0,1015.2,0,2.4,355
6185,9845,2025-11-29T13:56:35.065000+00:00,25.1,31.7,49.0,1015.2,0,2.3,342
6186,9845,2025-11-29T13:58:35.060000+00:00,25.1,31.4,49.0,1015.4,0,3.0,345
6187,9845,2025-11-29T14:00:35.063000+00:00,25.1,31.4,50.0,1015.3,0,2.2,356
6188,9845,2025-11-29T14:02:35.069000+00:00,25.0,31.3,50.0,1015.3,0,2.6,340
6189,9845,2025-11-29T14:04:35.068000+00:00,25.0,31.2,50.0,1015.4,0,2.3,1
6190,9845,2025-11-29T14:06:35.079000+00:00,25.0,31.4,50.0,1015.5,0,2.4,346
6191,9845,2025-11-29T14:08:35.072000+00:00,25.0,31.0,50.0,1015.5,0,2.1,167
6192,9845,2025-11-29T14:10:35.078000+00:00,25.0,31.1,50.0,1015.6,0,1.7,342
6193,9845,2025-11-29T14:12:35.073000+00:00,24.9,30.9,50.0,1015.5,0,1.3,355
6194,9845,2025-11-29T14:14:35.076000+00:00,24.8,30.9,51.0,1015.5,0,2.1,348
6195,9845,2025-11-29T14:16:35.071000+00:00,24.8,31.0,50.0,1015.5,0,1.6,334
6196,9845,2025-11-29T14:18:35.076000+00:00,24.8,30.7,50.0,1015.6,0,1.8,349
6197,9845,2025-11-29T14:20:35.084000+00:00,24.7,30.7,50.0,1015.6,0,1.9,324
6198,9845,2025-11-29T14:22:35.085000+00:00,24.6,30.7,50.0,1015.7,0,2.6,336
6199,9845,2025-11-29T14:24:35.095000+00:00,24.6,30.7,50.0,1015.7,0,1.7,266
6200,9845,2025-11-29T14:26:35.082000+00:00,24.5,30.8,50.0,1015.6,0,1.3,6
6201,9845,2025-11-29T14:28:35.124000+00:00,24.5,30.6,50.0,1015.8,0,1.5,359
6202,9845,2025-11-29T14:30:35.143000+00:00,24.5,30.2,51.0,1015.7,0,1.6,321
6203,9845,2025-11-29T14:32:35.133000+00:00,24.4,30.3,51.0,1015.8,0,0.8,276
6204,9850,2025-11-30T15:05:41.032000+00:00,23.7,29.8,65.0,1015.6,0,2.6,356
6205,9850,2025-11-30T15:07:41.047000+00:00,23.6,29.6,65.0,1015.6,0,2.2,335
6206,9850,2025-11-30T15:09:41.070000+00:00,23.6,29.5,65.0,1015.6,0,2.6,353
6207,9850,2025-11-30T15:11:41.083000+00:00,23.5,29.4,66.0,1015.5,0,2.3,358
6208,9850,2025-11-30T15:13:41.098000+00:00,23.5,29.4,66.0,1015.7,0,2.3,343
6209,9850,2025-11-30T15:15:41.107000+00:00,23.5,29.7,66.0,1015.7,0,2.1,351
6210,9850,2025-11-30T15:17:41.112000+00:00,23.5,29.4,66.0,1015.7,0,2.7,344
6211,9850,2025-11-30T15:19:41.122000+00:00,23.4,29.6,66.0,1015.7,0,2.3,355
6212,9850,2025-11-30T15:21:41.123000+00:00,23.4,29.3,66.0,1015.7,0,2.3,341
6213,9850,2025-11-30T15:23:41.123000+00:00,23.3,29.4,66.0,1015.8,0,1.4,359
6214,9850,2025-11-30T15:25:41.122000+00:00,23.4,29.4,66.0,1015.8,0,1.4,359
6215,9850,2025-11-30T15:27:41.127000+00:00,23.4,29.8,65.0,1015.8,0,1.6,16
6216,9850,2025-11-30T15:29:41.130000+00:00,23.4,29.6,65.0,1015.9,0,1.4,325
6217,9850,2025-11-30T15:31:41.124000+00:00,23.3,29.7,65.0,1015.8,0,1.4,334
6218,9850,2025-11-30T15:33:41.138000+00:00,23.3,29.5,65.0,1016.0,0,2.2,353
6219,9850,2025-11-30T15:35:41.138000+00:00,23.2,29.3,66.0,1016.0,0,1.4,331
6220,9850,2025-11-30T15:37:41.160000+00:00,23.2,29.1,66.0,1016.0,0,1.2,358
6221,9850,2025-11-30T15:39:41.151000+00:00,23.1,28.7,66.0,1016.1,0,1.4,351
6222,9850,2025-11-30T15:41:41.174000+00:00,23.1,28.9,66.0,1016.0,0,1.5,338
6223,9850,2025-11-30T15:43:41.195000+00:00,23.0,28.6,67.0,1016.1,0,1.9,9
6224,9850,2025-11-30T15:45:41.209000+00:00,23.0,28.6,67.0,1016.1,0,1.8,335
6225,9850,2025-11-30T15:47:41.205000+00:00,23.0,28.7,67.0,1016.1,0,1.8,9
6226,9850,2025-11-30T15:49:41.232000+00:00,22.9,29.1,67.0,1016.0,0,2.0,348
6227,9850,2025-11-30T15:51:41.258000+00:00,22.9,28.5,67.0,1016.0,0,1.5,355
6228,9850,2025-11-30T15:53:41.238000+00:00,22.9,28.5,68.0,1016.2,0,1.5,351
6229,9850,2025-11-30T15:55:41.244000+00:00,22.8,28.5,67.0,1016.1,0,1.7,347
6230,9850,2025-11-30T15:57:41.326000+00:00,22.8,28.5,67.0,1016.0,0,1.3,353
6231,9850,2025-11-30T15:59:41.327000+00:00,22.7,28.6,68.0,1016.1,0,1.3,354
6232,9850,2025-11-30T16:01:41.359000+00:00,22.7,28.3,68.0,1016.1,0,1.8,342
6233,9850,2025-11-30T16:03:41.407000+00:00,22.7,28.5,68.0,1016.0,0,1.3,345
6234,9850,2025-11-30T16:05:41.417000+00:00,22.6,28.5,69.0,1016.1,0,1.6,343
6235,9850,2025-11-30T16:07:41.414000+00:00,22.7,28.3,69.0,1016.2,0,1.3,342
6236,9850,2025-11-30T16:09:41.430000+00:00,22.7,28.3,69.0,1016.1,0,1.5,331
6237,9850,2025-11-30T16:11:41.436000+00:00,22.7,28.5,68.0,1016.1,0,0.6,202
6238,9850,2025-11-30T16:13:41.438000+00:00,22.7,28.4,68.0,1016.2,0,0.6,301
6239,9850,2025-11-30T16:15:41.465000+00:00,22.7,28.4,68.0,1016.1,0,0.0,0
6240,9850,2025-11-30T16:17:41.473000+00:00,22.6,28.2,68.0,1016.2,0,0.3,331
6241,9850,2025-11-30T16:19:41.473000+00:00,22.6,28.2,68.0,1016.2,0,0.8,9
6242,9850,2025-11-30T16:21:41.499000+00:00,22.5,28.0,69.0,1016.1,0,0.8,327
6243,9850,2025-11-30T16:23:41.514000+00:00,22.5,28.0,69.0,1016.2,0,1.5,7
6244,9850,2025-11-30T16:25:41.550000+00:00,22.5,28.0,69.0,1016.1,0,1.1,306
6245,9850,2025-11-30T16:27:41.564000+00:00,22.5,28.0,69.0,1016.1,0,0.3,242
6246,9850,2025-11-30T16:29:41.564000+00:00,22.5,28.1,69.0,1016.1,0,1.6,79
6247,9850,2025-11-30T16:31:41.553000+00:00,22.5,27.7,70.0,1016.2,0,0.6,358
6248,9850,2025-11-30T16:33:41.554000+00:00,22.5,28.0,70.0,1016.3,0,0.6,25
6249,9850,2025-11-30T16:35:41.573000+00:00,22.5,27.9,70.0,1016.3,0,1.1,342
6250,9850,2025-11-30T16:37:41.555000+00:00,22.5,27.8,70.0,1016.2,0,1.5,25
6251,9850,2025-11-30T16:39:41.570000+00:00,22.4,27.8,71.0,1016.2,0,0.6,305
6252,9850,2025-11-30T16:41:41.568000+00:00,22.3,27.7,71.0,1016.2,0,1.0,354
6253,9850,2025-11-30T16:43:41.569000+00:00,22.3,27.6,71.0,1016.2,0,1.1,318
6254,9850,2025-11-30T16:45:41.576000+00:00,22.2,27.6,71.0,1016.2,0,1.0,177
6255,9850,2025-11-30T16:47:41.582000+00:00,22.2,27.7,71.0,1016.3,0,1.2,113
6256,9850,2025-11-30T16:49:41.572000+00:00,22.2,27.6,71.0,1016.2,0,0.8,0
6257,9850,2025-11-30T16:51:41.588000+00:00,22.3,27.9,71.0,1016.2,0,0.6,230
6258,9850,2025-11-30T16:53:41.580000+00:00,22.2,27.4,71.0,1016.2,0,0.8,38
6259,9850,2025-11-30T16:55:41.578000+00:00,22.2,27.4,71.0,1016.2,0,0.3,342
6260,9850,2025-11-30T16:57:41.580000+00:00,22.1,27.6,71.0,1016.3,0,0.3,272
6261,9850,2025-11-30T16:59:41.612000+00:00,22.1,27.8,71.0,1016.3,0,0.6,246
6262,9850,2025-11-30T17:01:41.602000+00:00,22.1,27.4,71.0,1016.2,0,0.9,11
6263,9850,2025-11-30T17:03:41.622000+00:00,22.1,27.4,72.0,1016.2,0,0.5,39
6264,9850,2025-11-30T17:05:41.642000+00:00,22.0,27.3,72.0,1016.2,0,1.0,35
6265,9850,2025-11-30T17:07:41.658000+00:00,22.0,27.1,72.0,1016.3,0,0.7,63
6266,9850,2025-11-30T17:09:41.651000+00:00,22.0,27.4,72.0,1016.3,0,1.7,346
6267,9850,2025-11-30T17:11:41.654000+00:00,21.9,27.3,72.0,1016.3,0,1.4,18
6268,9850,2025-11-30T17:13:41.656000+00:00,21.9,27.1,73.0,1016.2,0,1.3,8
6269,9850,2025-11-30T17:15:41.703000+00:00,21.9,27.1,73.0,1016.4,0,0.6,269
6270,9850,2025-11-30T17:17:41.693000+00:00,21.8,27.0,73.0,1016.4,0,0.8,45
6271,9850,2025-11-30T17:19:41.740000+00:00,21.8,27.0,73.0,1016.4,0,0.6,327
6272,9850,2025-11-30T17:21:41.731000+00:00,21.7,27.1,73.0,1016.3,0,1.2,3
6273,9850,2025-11-30T17:23:41.728000+00:00,21.7,27.0,73.0,1016.4,0,0.8,20
6274,9850,2025-11-30T17:25:41.743000+00:00,21.6,26.9,74.0,1016.3,0,0.9,0
6275,9850,2025-11-30T17:27:41.748000+00:00,21.6,26.9,73.0,1016.4,0,1.1,8
6276,9850,2025-11-30T17:29:41.743000+00:00,21.6,25.2,74.0,1016.3,0,0.7,92
6277,9850,2025-11-30T17:31:41.748000+00:00,21.6,25.2,74.0,1016.3,0,0.7,92
6278,9850,2025-11-30T17:33:41.744000+00:00,21.6,25.2,74.0,1016.3,0,0.7,92
6279,9839,2025-12-07T12:06:07.170000+00:00,27.4,34.6,55.0,1016.4,0,3.0,67
6280,9839,2025-12-07T12:08:07.193000+00:00,27.5,34.4,54.0,1016.3,0,1.4,286
6281,9839,2025-12-07T12:10:07.226000+00:00,27.5,34.0,55.0,1016.4,0,3.2,327
6282,9839,2025-12-07T12:12:07.244000+00:00,27.4,34.4,55.0,1016.3,0,1.6,166
6283,9839,2025-12-07T12:14:07.269000+00:00,27.4,34.5,54.0,1016.5,0,1.1,320
6284,9839,2025-12-07T12:16:07.283000+00:00,27.5,34.1,53.0,1016.3,0,1.4,302
6285,9839,2025-12-07T12:18:07.286000+00:00,27.4,34.3,54.0,1016.3,0,2.2,318
6286,9839,2025-12-07T12:20:07.285000+00:00,27.4,33.8,54.0,1016.4,0,2.5,296
6287,9839,2025-12-07T12:22:07.298000+00:00,27.4,34.0,55.0,1016.4,0,1.3,90
6288,9839,2025-12-07T12:24:07.326000+00:00,27.5,33.8,55.0,1016.4,0,0.9,304
6289,9839,2025-12-07T12:26:07.329000+00:00,27.4,33.1,54.0,1016.4,0,1.2,345
6290,9839,2025-12-07T12:28:07.328000+00:00,27.4,32.8,54.0,1016.4,0,0.9,333
6291,9839,2025-12-07T12:30:07.331000+00:00,27.4,32.7,55.0,1016.2,0,0.3,348
6292,9839,2025-12-07T12:32:07.329000+00:00,27.3,32.0,55.0,1016.4,0,1.0,342
6293,9839,2025-12-07T12:34:07.329000+00:00,27.3,32.4,56.0,1016.5,0,2.5,295
6294,9839,2025-12-07T12:36:07.330000+00:00,27.2,32.3,56.0,1016.5,0,0.8,170
6295,9839,2025-12-07T12:38:07.350000+00:00,27.3,32.4,55.0,1016.5,0,1.1,347
6296,9839,2025-12-07T12:40:07.368000+00:00,27.2,31.8,54.0,1016.5,0,1.1,0
6297,9839,2025-12-07T12:42:07.382000+00:00,27.1,31.8,56.0,1016.5,0,2.5,299
6298,9839,2025-12-07T12:44:07.391000+00:00,27.1,32.0,55.0,1016.5,0,0.8,85
6299,9839,2025-12-07T12:46:07.404000+00:00,27.1,32.0,56.0,1016.5,0,1.1,0
6300,9839,2025-12-07T12:48:07.423000+00:00,27.1,31.7,55.0,1016.5,0,1.1,101
6301,9839,2025-12-07T12:50:07.459000+00:00,27.2,31.4,55.0,1016.5,0,0.6,107
6302,9839,2025-12-07T12:52:07.446000+00:00,27.2,31.0,55.0,1016.5,0,1.0,114
6303,9839,2025-12-07T12:54:07.477000+00:00,27.1,30.3,56.0,1016.5,0,2.0,336
6304,9839,2025-12-07T12:56:07.465000+00:00,27.1,30.3,57.0,1016.4,0,2.4,286
6305,9839,2025-12-07T12:58:07.489000+00:00,27.0,31.8,57.0,1016.4,0,1.5,0
6306,9839,2025-12-07T13:00:07.482000+00:00,26.9,31.6,58.0,1016.5,0,0.9,0
6307,9839,2025-12-07T13:02:07.484000+00:00,26.9,31.2,59.0,1016.5,0,1.4,292
6308,9839,2025-12-07T13:04:07.483000+00:00,26.8,31.4,60.0,1016.5,0,2.9,328
6309,9839,2025-12-07T13:06:07.486000+00:00,26.8,31.5,60.0,1016.4,0,2.3,299
6310,9839,2025-12-07T13:08:07.489000+00:00,26.8,31.4,60.0,1016.5,0,2.0,308
6311,9839,2025-12-07T13:10:07.486000+00:00,26.8,31.3,61.0,1016.5,0,2.9,284
6312,9839,2025-12-07T13:12:07.492000+00:00,26.7,31.4,61.0,1016.5,0,3.1,284
6313,9839,2025-12-07T13:14:07.510000+00:00,26.7,31.5,61.0,1016.6,0,1.7,288
6314,9839,2025-12-07T13:16:07.500000+00:00,26.7,31.4,61.0,1016.6,0,1.8,308
6315,9839,2025-12-07T13:18:07.499000+00:00,26.7,31.3,61.0,1016.5,0,2.1,298
6316,9839,2025-12-07T13:20:07.503000+00:00,26.7,31.3,62.0,1016.7,0,0.8,290
6317,9839,2025-12-07T13:22:07.501000+00:00,26.7,31.2,62.0,1016.6,0,2.4,329
6318,9839,2025-12-07T13:24:07.494000+00:00,26.6,31.1,62.0,1016.6,0,1.8,102
6319,9839,2025-12-07T13:26:07.504000+00:00,26.6,30.8,62.0,1016.6,0,0.8,294
6320,9839,2025-12-07T13:28:07.526000+00:00,26.5,30.9,62.0,1016.7,0,2.0,327
6321,9839,2025-12-07T13:30:07.556000+00:00,26.5,30.6,62.0,1016.6,0,2.1,299
6322,9839,2025-12-07T13:32:07.568000+00:00,26.5,30.5,63.0,1016.7,0,2.1,282
6323,9839,2025-12-07T13:34:07.590000+00:00,26.4,30.5,63.0,1016.7,0,0.7,329
6324,9839,2025-12-07T13:36:07.605000+00:00,26.4,30.4,63.0,1016.7,0,1.8,0
6325,9839,2025-12-07T13:38:07.622000+00:00,26.4,30.4,64.0,1016.8,0,2.4,334
6326,9839,2025-12-07T13:40:07.628000+00:00,26.4,30.3,64.0,1016.8,0,1.8,302
6327,9839,2025-12-07T13:42:07.650000+00:00,26.3,30.2,64.0,1016.8,0,1.1,48
6328,9839,2025-12-07T13:44:07.648000+00:00,26.3,30.1,64.0,1016.9,0,1.2,18
6329,9839,2025-12-07T13:46:07.649000+00:00,26.3,30.3,64.0,1016.9,0,1.9,298
6330,9839,2025-12-07T13:48:07.652000+00:00,26.3,30.1,64.0,1017.0,0,1.9,303
6331,9839,2025-12-07T13:50:07.651000+00:00,26.3,29.8,64.0,1017.0,0,2.5,298
6332,9839,2025-12-07T13:52:07.650000+00:00,26.2,30.0,64.0,1016.9,0,1.0,334
6333,9839,2025-12-07T13:54:07.654000+00:00,26.2,30.0,64.0,1016.9,0,1.9,323
6334,9839,2025-12-07T13:56:07.651000+00:00,26.2,29.8,64.0,1017.0,0,2.4,303
6335,9839,2025-12-07T13:58:07.680000+00:00,26.2,29.7,64.0,1017.0,0,1.7,229
6336,9839,2025-12-07T14:00:07.680000+00:00,26.2,29.7,64.0,1017.0,0,1.2,358
6337,9839,2025-12-07T14:02:07.712000+00:00,26.2,29.6,64.0,1017.0,0,2.3,334
6338,9839,2025-12-07T14:04:07.727000+00:00,26.1,29.6,64.0,1017.0,0,1.0,322
6339,9839,2025-12-07T14:06:07.754000+00:00,26.1,29.5,64.0,1017.0,0,1.2,13
6340,9839,2025-12-07T14:08:07.754000+00:00,26.1,29.4,64.0,1017.0,0,0.8,0
6341,9839,2025-12-07T14:10:07.775000+00:00,26.1,29.7,64.0,1017.1,0,1.1,112
6342,9839,2025-12-07T14:12:07.805000+00:00,26.1,29.7,64.0,1017.1,0,1.4,295
6343,9839,2025-12-07T14:14:07.788000+00:00,26.1,29.5,64.0,1017.1,0,1.2,104
6344,9839,2025-12-07T14:16:07.804000+00:00,26.1,29.5,65.0,1017.1,0,1.2,261
6345,9839,2025-12-07T14:18:07.802000+00:00,26.1,29.4,65.0,1017.2,0,0.9,339
6346,9839,2025-12-07T14:20:07.808000+00:00,26.1,29.3,65.0,1017.2,0,1.3,238
6347,9839,2025-12-07T14:22:07.809000+00:00,26.1,29.5,65.0,1017.2,0,1.1,115
6348,9839,2025-12-07T14:24:07.840000+00:00,26.1,29.6,65.0,1017.2,0,1.1,356
6349,9839,2025-12-07T14:26:07.863000+00:00,26.1,29.3,66.0,1017.2,0,1.3,107
6350,9839,2025-12-07T14:28:07.863000+00:00,26.0,29.3,66.0,1017.3,0,0.9,298
6351,9839,2025-12-07T14:30:07.906000+00:00,26.0,29.0,66.0,1017.3,0,0.8,0
6352,9839,2025-12-07T14:32:07.911000+00:00,26.0,28.8,66.0,1017.3,0,1.5,94
6353,9839,2025-12-07T14:34:07.919000+00:00,26.0,28.9,66.0,1017.3,0,1.6,74
6354,9839,2025-12-07T14:36:07.943000+00:00,26.0,28.9,66.0,1017.3,0,1.4,128
6355,9839,2025-12-07T14:38:07.948000+00:00,25.9,29.0,66.0,1017.4,0,1.2,104
6356,11234,2026-03-08T03:01:20.088000+00:00,23.1,36.2,55.8,1013.7,0,1.8,114
6357,11234,2026-03-08T03:03:20.105000+00:00,23.2,35.6,55.2,1013.6,0,3.2,115
6358,11234,2026-03-08T03:05:20.140000+00:00,23.1,35.8,55.8,1013.8,0,3.1,108
6359,11234,2026-03-08T03:07:20.154000+00:00,23.2,35.5,55.7,1013.6,0,1.7,128
6360,11234,2026-03-08T03:09:20.159000+00:00,23.1,35.4,57.0,1013.7,0,3.1,118
6361,11234,2026-03-08T03:11:20.174000+00:00,23.1,36.0,56.6,1013.6,0,1.3,124
6362,11234,2026-03-08T03:13:20.177000+00:00,23.1,36.7,56.1,1013.6,0,2.3,127
6363,11234,2026-03-08T03:15:20.197000+00:00,23.1,36.3,56.1,1013.5,0,2.2,132
6364,11234,2026-03-08T03:17:20.193000+00:00,23.1,35.6,56.0,1013.5,0,2.1,133
6365,11234,2026-03-08T03:19:20.196000+00:00,23.1,35.7,56.5,1013.3,0,1.5,118
6366,11234,2026-03-08T03:21:20.182000+00:00,23.2,35.5,56.4,1013.3,0,2.3,110
6367,11234,2026-03-08T03:23:20.199000+00:00,23.3,35.8,56.0,1013.3,0,3.7,108
6368,11234,2026-03-08T03:25:20.214000+00:00,23.2,34.9,55.6,1013.3,0,0.8,137
6369,11234,2026-03-08T03:27:20.237000+00:00,23.3,33.3,56.4,1013.2,0,2.2,126
6370,11234,2026-03-08T03:29:20.249000+00:00,23.5,33.4,55.1,1013.3,0,2.3,124
6371,11234,2026-03-08T03:31:20.235000+00:00,23.4,33.5,55.8,1013.2,0,1.9,130
6372,11234,2026-03-08T03:33:20.252000+00:00,23.4,35.9,55.6,1013.2,0,0.6,212
6373,11234,2026-03-08T03:35:20.270000+00:00,23.4,35.5,55.5,1013.3,0,3.7,101
6374,11234,2026-03-08T03:37:20.302000+00:00,23.4,35.8,56.0,1013.3,0,2.4,90
6375,11234,2026-03-08T03:39:20.297000+00:00,23.4,35.3,55.2,1013.2,0,1.6,124
6376,11234,2026-03-08T03:41:20.303000+00:00,23.4,35.2,55.9,1013.2,0,1.8,154
6377,11234,2026-03-08T03:43:20.306000+00:00,23.4,35.2,55.4,1013.2,0,3.9,125
6378,11234,2026-03-08T03:45:20.291000+00:00,23.5,35.9,55.7,1013.1,0,2.3,123
6379,11234,2026-03-08T03:47:20.324000+00:00,23.7,37.6,54.5,1013.1,0,2.7,100
6380,11234,2026-03-08T03:49:20.326000+00:00,23.9,39.1,54.3,1013.0,0,2.4,116
6381,11234,2026-03-08T03:51:20.330000+00:00,23.9,38.0,55.1,1013.0,0,1.8,99
6382,11234,2026-03-08T03:53:20.342000+00:00,24.0,37.2,55.1,1013.0,0,3.7,137
6383,11234,2026-03-08T03:55:20.347000+00:00,24.0,36.8,54.2,1012.8,0,2.0,156
6384,11234,2026-03-08T03:57:20.347000+00:00,24.0,36.5,54.0,1012.8,0,1.0,74
6385,11234,2026-03-08T03:59:20.369000+00:00,23.9,35.4,53.8,1013.0,0,3.1,93
6386,11234,2026-03-08T04:01:20.354000+00:00,23.9,35.3,54.2,1012.9,0,1.8,185
6387,11234,2026-03-08T04:03:20.383000+00:00,24.0,38.0,54.0,1012.9,0,3.4,129
6388,11234,2026-03-08T04:05:20.416000+00:00,24.2,36.0,54.4,1012.8,0,2.3,135
6389,11234,2026-03-08T04:07:20.438000+00:00,24.1,36.1,54.1,1012.9,0,1.6,112
6390,11234,2026-03-08T04:09:20.446000+00:00,24.1,36.1,54.1,1012.9,0,1.6,112
6391,11234,2026-03-08T04:11:20.452000+00:00,24.2,35.3,54.3,1012.6,0,2.7,114
6392,11234,2026-03-08T04:13:20.455000+00:00,24.3,35.8,54.6,1012.5,0,2.0,121
6393,11234,2026-03-08T04:15:20.454000+00:00,24.4,38.1,53.7,1012.6,0,3.1,121
6394,11234,2026-03-08T04:17:20.455000+00:00,24.5,36.7,53.3,1012.6,0,1.6,119
6395,11234,2026-03-08T04:19:20.474000+00:00,24.4,36.4,53.3,1012.5,0,2.2,113
6396,11234,2026-03-08T04:21:20.482000+00:00,24.5,36.5,53.5,1012.4,0,2.0,128
6397,11234,2026-03-08T04:23:20.528000+00:00,24.4,36.6,52.4,1012.4,0,3.8,95
6398,11234,2026-03-08T04:25:20.539000+00:00,24.3,37.3,53.7,1012.3,0,2.0,125
6399,11234,2026-03-08T04:27:20.538000+00:00,24.5,39.1,53.5,1012.3,0,3.0,119
6400,11234,2026-03-08T04:29:20.540000+00:00,24.6,36.7,52.5,1012.3,0,4.1,138
6401,11234,2026-03-08T04:31:20.558000+00:00,24.7,35.9,53.0,1012.3,0,2.9,142
6402,11234,2026-03-08T04:33:20.591000+00:00,24.6,35.8,53.4,1012.2,0,2.8,126
6403,11234,2026-03-08T04:35:20.577000+00:00,24.6,35.9,53.1,1012.2,0,2.7,123
6404,11234,2026-03-08T04:37:20.595000+00:00,24.5,36.6,52.9,1012.2,0,1.4,95
6405,11234,2026-03-08T04:39:20.596000+00:00,24.7,37.5,53.0,1012.0,0,1.8,113
6406,11234,2026-03-08T04:41:20.598000+00:00,24.8,37.4,52.7,1012.0,0,3.3,106
6407,11234,2026-03-08T04:43:20.632000+00:00,24.8,36.5,52.0,1012.0,0,2.5,98
6408,11234,2026-03-08T04:45:20.632000+00:00,24.8,36.1,52.8,1012.1,0,3.0,120
6409,11234,2026-03-08T04:47:20.639000+00:00,25.3,36.1,53.7,1012.0,0,2.5,123
6410,11234,2026-03-08T04:49:20.634000+00:00,25.3,37.6,53.0,1011.8,0,4.2,131
6411,11234,2026-03-08T04:51:20.636000+00:00,25.1,37.2,53.0,1012.0,0,3.0,147
6412,11234,2026-03-08T04:53:20.682000+00:00,25.0,37.3,53.1,1011.9,0,3.0,123
6413,11234,2026-03-08T04:55:20.699000+00:00,25.3,37.6,52.3,1011.8,0,3.0,113
6414,11234,2026-03-08T04:57:20.719000+00:00,25.2,37.0,52.8,1011.8,0,3.8,120
6415,11234,2026-03-08T04:59:20.720000+00:00,25.1,35.9,53.0,1011.8,0,3.0,115
6416,11234,2026-03-08T05:01:20.723000+00:00,25.0,35.5,52.7,1011.8,0,3.1,140
6417,11234,2026-03-08T05:03:20.736000+00:00,25.0,35.5,52.8,1011.7,0,3.6,136
6418,11234,2026-03-08T05:05:20.730000+00:00,25.1,35.5,52.6,1011.6,0,1.3,99
6419,11234,2026-03-08T05:07:20.758000+00:00,25.2,36.2,52.7,1011.7,0,1.0,93
6420,11234,2026-03-08T05:09:20.758000+00:00,25.1,36.2,51.4,1011.7,0,4.2,104
6421,11234,2026-03-08T05:11:20.775000+00:00,25.1,35.6,51.4,1011.6,0,2.9,140
6422,11234,2026-03-08T05:13:20.783000+00:00,25.2,35.8,52.5,1011.7,0,2.2,116
6423,11234,2026-03-08T05:15:20.795000+00:00,25.2,36.5,53.0,1011.6,0,2.6,116
6424,11234,2026-03-08T05:17:20.814000+00:00,25.3,35.9,52.0,1011.6,0,2.3,125
6425,11234,2026-03-08T05:19:20.829000+00:00,25.3,35.3,51.1,1011.5,0,3.0,121
6426,11234,2026-03-08T05:21:20.866000+00:00,25.3,34.8,51.9,1011.5,0,3.0,115
6427,11234,2026-03-08T05:23:20.915000+00:00,25.2,34.6,51.6,1011.6,0,3.2,126
6428,11234,2026-03-08T05:25:20.899000+00:00,25.2,34.4,52.0,1011.5,0,2.9,105
6429,11234,2026-03-08T05:27:20.912000+00:00,25.0,34.3,52.2,1011.5,0,2.5,114
6430,11240,2026-03-14T02:17:25.782000+00:00,13.9,12.2,54.3,1027.0,0,5.1,44
6431,11240,2026-03-14T02:19:25.813000+00:00,13.9,13.7,54.2,1027.0,0,3.2,68
6432,11240,2026-03-14T02:21:25.852000+00:00,14.2,13.3,53.1,1027.0,0,1.0,92
6433,11240,2026-03-14T02:23:25.831000+00:00,14.3,14.1,52.4,1027.1,0,2.5,49
6434,11240,2026-03-14T02:25:25.845000+00:00,14.2,13.1,52.1,1026.9,0,3.1,73
6435,11240,2026-03-14T02:27:25.850000+00:00,14.1,14.0,52.9,1027.1,0,2.7,68
6436,11240,2026-03-14T02:29:25.843000+00:00,14.1,13.1,52.5,1026.9,0,2.9,55
6437,11240,2026-03-14T02:31:25.846000+00:00,14.3,12.7,51.4,1026.9,0,3.5,46
6438,11240,2026-03-14T02:33:25.902000+00:00,14.5,12.9,52.0,1027.0,0,4.5,59
6439,11240,2026-03-14T02:35:25.937000+00:00,14.4,13.1,50.8,1027.0,0,2.8,73
6440,11240,2026-03-14T02:37:25.932000+00:00,14.5,13.1,50.2,1027.0,0,2.3,43
6441,11240,2026-03-14T02:39:25.968000+00:00,14.7,15.0,50.4,1026.9,0,4.5,49
6442,11240,2026-03-14T02:41:25.978000+00:00,14.6,13.1,50.2,1026.9,0,3.3,61
6443,11240,2026-03-14T02:43:25.988000+00:00,14.6,13.6,50.9,1026.9,0,3.6,48
6444,11240,2026-03-14T02:45:25.992000+00:00,14.3,13.8,51.0,1026.8,0,2.9,60
6445,11240,2026-03-14T02:47:26.005000+00:00,14.7,13.8,50.8,1026.9,0,2.2,61
6446,11240,2026-03-14T02:49:26.043000+00:00,14.9,14.3,48.9,1026.8,0,3.8,62
6447,11240,2026-03-14T02:51:26.067000+00:00,14.6,15.6,50.4,1026.7,0,3.1,63
6448,11240,2026-03-14T02:53:26.055000+00:00,14.7,16.2,50.4,1026.7,0,3.3,65
6449,11240,2026-03-14T02:55:26.074000+00:00,14.7,13.8,49.3,1026.6,0,3.8,63
6450,11240,2026-03-14T02:57:26.094000+00:00,14.8,13.4,50.3,1026.7,0,3.5,57
6451,11240,2026-03-14T02:59:26.073000+00:00,14.8,14.2,48.9,1026.7,0,4.0,56
6452,11240,2026-03-14T03:01:26.076000+00:00,14.9,13.0,50.0,1026.7,0,3.4,52
6453,11240,2026-03-14T03:03:26.097000+00:00,14.9,13.4,50.7,1026.7,0,4.3,65
6454,11240,2026-03-14T03:05:26.148000+00:00,15.1,13.4,50.1,1026.6,0,5.3,64
6455,11240,2026-03-14T03:07:26.160000+00:00,15.0,13.6,49.7,1026.6,0,4.8,61
6456,11240,2026-03-14T03:09:26.149000+00:00,15.1,13.5,50.3,1026.6,0,5.3,54
6457,11240,2026-03-14T03:11:26.169000+00:00,15.2,14.1,50.2,1026.6,0,5.2,65
6458,11240,2026-03-14T03:13:26.182000+00:00,15.2,14.5,49.0,1026.6,0,2.9,81
6459,11240,2026-03-14T03:15:26.186000+00:00,15.2,15.0,48.2,1026.5,0,4.6,46
6460,11240,2026-03-14T03:17:26.201000+00:00,15.3,15.6,48.8,1026.7,0,5.4,58
6461,11240,2026-03-14T03:19:26.209000+00:00,15.4,16.1,48.6,1026.6,0,4.3,50
6462,11240,2026-03-14T03:21:26.234000+00:00,15.5,17.5,48.6,1026.7,0,3.7,63
6463,11240,2026-03-14T03:23:26.213000+00:00,15.4,18.8,45.1,1026.6,0,4.0,70
6464,11240,2026-03-14T03:25:26.258000+00:00,15.5,18.9,44.6,1026.4,0,5.5,64
6465,11240,2026-03-14T03:27:26.258000+00:00,15.5,19.5,44.1,1026.6,0,4.9,68
6466,11240,2026-03-14T03:29:26.252000+00:00,15.5,20.3,43.5,1026.4,0,3.9,77
6467,11240,2026-03-14T03:31:26.288000+00:00,15.5,20.4,43.7,1026.4,0,7.1,46
6468,11240,2026-03-14T03:33:26.283000+00:00,15.5,21.3,44.8,1026.5,0,4.5,56
6469,11240,2026-03-14T03:35:26.324000+00:00,15.6,21.8,45.9,1026.4,0,4.9,65
6470,11240,2026-03-14T03:37:26.337000+00:00,15.6,22.7,46.6,1026.5,0,4.0,62
6471,11240,2026-03-14T03:39:26.345000+00:00,15.6,22.7,46.4,1026.6,0,3.4,46
6472,11245,2026-03-15T06:08:35.739000+00:00,16.3,26.5,51.1,1024.6,0,2.1,91
6473,11245,2026-03-15T06:10:35.757000+00:00,16.3,26.1,51.3,1024.6,0,2.0,99
6474,11245,2026-03-15T06:12:35.741000+00:00,16.3,25.4,51.3,1024.6,0,2.7,65
6475,11245,2026-03-15T06:14:35.769000+00:00,16.2,25.2,51.7,1024.5,0,1.4,60
6476,11245,2026-03-15T06:16:35.758000+00:00,16.2,25.1,51.8,1024.5,0,1.4,108
6477,11245,2026-03-15T06:18:35.788000+00:00,16.1,25.3,52.5,1024.5,0,0.9,99
6478,11245,2026-03-15T06:20:35.790000+00:00,16.1,24.6,51.2,1024.4,0,1.3,129
6479,11245,2026-03-15T06:22:35.774000+00:00,16.2,24.8,52.2,1024.4,0,2.5,110
6480,11245,2026-03-15T06:24:35.800000+00:00,16.1,24.9,52.1,1024.5,0,1.9,70
6481,11245,2026-03-15T06:26:35.817000+00:00,16.1,25.0,52.6,1024.4,0,1.5,115
6482,11245,2026-03-15T06:28:35.831000+00:00,16.1,25.7,53.5,1024.5,0,1.5,174
6483,11245,2026-03-15T06:30:35.845000+00:00,16.3,27.6,52.5,1024.6,0,1.9,79
6484,11245,2026-03-15T06:32:35.875000+00:00,16.4,25.3,50.5,1024.6,0,2.0,70
6485,11245,2026-03-15T06:34:35.894000+00:00,16.2,24.7,51.9,1024.5,0,1.4,72
6486,11245,2026-03-15T06:36:35.907000+00:00,16.1,24.4,52.5,1024.6,0,2.6,100
6487,11245,2026-03-15T06:38:35.920000+00:00,15.9,24.5,52.9,1024.6,0,2.0,102
6488,11245,2026-03-15T06:40:35.920000+00:00,15.8,24.1,53.4,1024.6,0,2.3,103
6489,11245,2026-03-15T06:42:35.919000+00:00,15.9,24.0,54.1,1024.6,0,1.6,99
6490,11245,2026-03-15T06:44:35.932000+00:00,16.0,24.5,54.1,1024.5,0,1.0,88
6491,11245,2026-03-15T06:46:35.948000+00:00,16.0,24.5,53.2,1024.5,0,0.9,87
6492,11245,2026-03-15T06:48:35.953000+00:00,15.9,24.6,53.7,1024.6,0,1.3,101
6493,11245,2026-03-15T06:50:35.976000+00:00,15.9,24.0,54.2,1024.5,0,1.0,100
6494,11245,2026-03-15T06:52:35.984000+00:00,15.9,24.4,53.4,1024.6,0,1.6,87
6495,11245,2026-03-15T06:54:35.974000+00:00,16.0,24.8,53.1,1024.4,0,0.9,89
6496,11245,2026-03-15T06:56:35.989000+00:00,16.2,24.3,52.3,1024.4,0,1.1,81
6497,11245,2026-03-15T06:58:36.018000+00:00,16.1,23.9,52.9,1024.3,0,3.8,91
6498,11245,2026-03-15T07:00:36.043000+00:00,15.8,23.6,53.6,1024.4,0,2.0,108
6499,11245,2026-03-15T07:02:36.061000+00:00,15.7,23.0,54.2,1024.4,0,1.9,94
6500,11245,2026-03-15T07:04:36.075000+00:00,15.6,23.3,55.2,1024.4,0,2.8,72
6501,11245,2026-03-15T07:06:36.092000+00:00,15.6,22.5,55.3,1024.5,0,4.5,102
6502,11245,2026-03-15T07:08:36.107000+00:00,15.5,23.3,55.4,1024.5,0,3.3,98
6503,11245,2026-03-15T07:10:36.114000+00:00,15.5,23.2,55.7,1024.4,0,2.2,85
6504,11245,2026-03-15T07:12:36.110000+00:00,15.6,22.9,55.6,1024.5,0,2.2,107
6505,11245,2026-03-15T07:14:36.120000+00:00,15.6,22.4,55.8,1024.5,0,2.4,111
6506,11245,2026-03-15T07:16:36.155000+00:00,15.6,22.6,55.9,1024.5,0,2.1,111
6507,11245,2026-03-15T07:18:36.177000+00:00,15.5,22.5,55.9,1024.6,0,3.3,104
6508,11245,2026-03-15T07:20:36.171000+00:00,15.5,22.5,56.0,1024.3,0,2.0,70
6509,11245,2026-03-15T07:22:36.187000+00:00,15.5,22.8,55.4,1024.5,0,1.9,96
6510,11245,2026-03-15T07:24:36.171000+00:00,15.5,22.5,55.6,1024.6,0,0.9,140
6511,11245,2026-03-15T07:26:36.177000+00:00,15.5,22.0,55.1,1024.6,0,1.7,131
6512,11245,2026-03-15T07:28:36.210000+00:00,15.4,22.4,56.3,1024.7,0,1.1,112
6513,11245,2026-03-15T07:30:36.197000+00:00,15.4,21.6,56.2,1024.7,0,2.8,116
6514,11245,2026-03-15T07:32:36.235000+00:00,15.2,21.9,56.6,1024.7,0,3.2,114
6515,11245,2026-03-15T07:34:36.209000+00:00,15.3,21.8,56.5,1024.6,0,2.2,105
6516,11245,2026-03-15T07:36:36.238000+00:00,15.3,21.6,56.4,1024.6,0,2.0,98
6517,11245,2026-03-15T07:38:36.238000+00:00,15.3,21.5,56.8,1024.5,0,1.7,108
6518,11245,2026-03-15T07:40:36.266000+00:00,15.3,21.8,56.9,1024.5,0,2.8,92
6519,11245,2026-03-15T07:42:36.268000+00:00,15.3,21.6,56.2,1024.4,0,3.0,97
6520,11245,2026-03-15T07:44:36.263000+00:00,15.4,21.7,56.4,1024.4,0,2.3,101
6521,11245,2026-03-15T07:46:36.321000+00:00,15.3,21.7,56.3,1024.3,0,2.2,93
6522,11245,2026-03-15T07:48:36.333000+00:00,15.3,21.8,56.5,1024.4,0,2.3,63
6523,11245,2026-03-15T07:50:36.328000+00:00,15.4,21.8,56.0,1024.4,0,2.2,70
6524,11245,2026-03-15T07:52:36.353000+00:00,15.4,21.5,55.6,1024.4,0,2.3,85
6525,11245,2026-03-15T07:54:36.345000+00:00,15.4,21.0,55.8,1024.4,0,3.1,96
6526,11245,2026-03-15T07:56:36.365000+00:00,15.4,21.2,55.8,1024.4,0,2.6,77
6527,11245,2026-03-15T07:58:36.388000+00:00,15.2,21.1,56.6,1024.5,0,1.6,84
6528,11245,2026-03-15T08:00:36.428000+00:00,15.3,21.3,56.5,1024.5,0,2.4,96
6529,11245,2026-03-15T08:02:36.452000+00:00,15.3,21.1,56.1,1024.5,0,1.8,109
6530,11245,2026-03-15T08:04:36.471000+00:00,15.3,21.0,55.9,1024.4,0,1.6,98
6531,11245,2026-03-15T08:06:36.493000+00:00,15.3,20.3,55.4,1024.5,0,2.4,121
6532,11245,2026-03-15T08:08:36.516000+00:00,15.2,20.8,56.0,1024.4,0,1.8,77
6533,11245,2026-03-15T08:10:36.489000+00:00,15.2,20.8,56.7,1024.3,0,3.3,101
6534,11245,2026-03-15T08:12:36.498000+00:00,15.2,20.5,55.9,1024.3,0,2.6,92
6535,11245,2026-03-15T08:14:36.491000+00:00,15.1,20.5,56.5,1024.3,0,2.7,88
6536,11245,2026-03-15T08:16:36.529000+00:00,15.1,20.3,56.3,1024.2,0,3.3,91
6537,11245,2026-03-15T08:18:36.542000+00:00,15.1,20.4,56.6,1024.3,0,2.7,61
6538,11245,2026-03-15T08:20:36.563000+00:00,15.1,20.5,56.5,1024.4,0,3.9,81
6539,11245,2026-03-15T08:22:36.552000+00:00,15.1,20.2,56.9,1024.4,0,3.3,77
6540,11245,2026-03-15T08:24:36.583000+00:00,15.0,20.1,57.4,1024.4,0,2.4,91
6541,11245,2026-03-15T08:26:36.568000+00:00,15.0,20.3,57.5,1024.5,0,3.0,76
6542,11245,2026-03-15T08:28:36.598000+00:00,15.0,20.1,57.4,1024.6,0,3.1,84
6543,11245,2026-03-15T08:30:36.581000+00:00,14.9,20.0,57.3,1024.6,0,4.1,95
6544,11245,2026-03-15T08:32:36.630000+00:00,15.0,19.9,57.4,1024.7,0,2.5,93
6545,11245,2026-03-15T08:34:36.631000+00:00,15.0,19.9,57.3,1024.5,0,2.2,67
6546,11245,2026-03-15T08:36:36.641000+00:00,15.0,19.9,57.5,1024.5,0,3.1,97
6547,11245,2026-03-15T08:38:36.635000+00:00,14.9,19.9,57.7,1024.5,0,3.3,92
6548,11253,2026-03-29T04:11:04.261000+00:00,19.4,37.0,46.1,1012.1,0,3.1,115
6549,11253,2026-03-29T04:13:04.265000+00:00,19.4,37.3,44.7,1012.0,0,3.3,124
6550,11253,2026-03-29T04:15:04.266000+00:00,19.5,37.4,45.0,1012.1,0,2.5,118
6551,11253,2026-03-29T04:17:04.268000+00:00,19.4,37.8,46.0,1012.0,0,2.9,121
6552,11253,2026-03-29T04:19:04.276000+00:00,19.5,38.2,46.3,1012.1,0,2.7,135
6553,11253,2026-03-29T04:21:04.268000+00:00,19.3,38.3,49.8,1012.0,0,2.4,116
6554,11253,2026-03-29T04:23:04.271000+00:00,19.2,37.5,50.3,1012.0,0,3.4,127
6555,11253,2026-03-29T04:25:04.272000+00:00,18.9,37.7,52.0,1012.1,0,2.4,129
6556,11253,2026-03-29T04:27:04.273000+00:00,18.8,36.8,52.3,1012.0,0,1.0,117
6557,11253,2026-03-29T04:29:04.276000+00:00,18.6,37.1,52.1,1012.0,0,2.3,122
6558,11253,2026-03-29T04:31:04.276000+00:00,18.5,37.2,52.4,1012.0,0,2.5,134
6559,11253,2026-03-29T04:33:04.279000+00:00,18.4,37.2,52.5,1012.1,0,1.9,142
6560,11253,2026-03-29T04:35:04.281000+00:00,18.6,36.2,53.9,1012.0,0,2.8,119
6561,11253,2026-03-29T04:37:04.280000+00:00,18.5,36.2,53.2,1012.0,0,1.6,133
6562,11253,2026-03-29T04:39:04.285000+00:00,18.5,35.4,52.8,1011.9,0,2.6,110
6563,11253,2026-03-29T04:41:04.285000+00:00,18.5,36.0,52.5,1011.9,0,2.6,133
6564,11253,2026-03-29T04:43:04.284000+00:00,18.4,36.4,53.9,1012.0,0,2.1,155
6565,11253,2026-03-29T04:45:04.283000+00:00,18.6,36.2,53.7,1011.9,0,1.8,148
6566,11253,2026-03-29T04:47:04.292000+00:00,18.5,36.2,52.9,1011.9,0,2.9,144
6567,11253,2026-03-29T04:49:04.289000+00:00,18.5,36.3,53.1,1011.9,0,2.2,113
6568,11253,2026-03-29T04:51:04.294000+00:00,18.5,35.8,52.8,1011.8,0,3.0,129
6569,11253,2026-03-29T04:53:04.291000+00:00,18.4,35.3,53.3,1011.8,0,2.9,121
6570,11253,2026-03-29T04:55:04.291000+00:00,18.6,36.5,51.6,1011.7,0,2.8,121
6571,11253,2026-03-29T04:57:04.296000+00:00,18.6,36.1,51.9,1011.7,0,1.9,119
6572,11253,2026-03-29T04:59:04.296000+00:00,18.7,36.6,53.6,1011.8,0,2.0,121
6573,11253,2026-03-29T05:01:04.298000+00:00,18.8,35.9,52.2,1011.7,0,2.0,104
6574,11253,2026-03-29T05:03:04.299000+00:00,18.8,36.7,53.5,1011.8,0,1.5,130
6575,11253,2026-03-29T05:05:04.301000+00:00,18.8,36.2,52.6,1011.8,0,3.0,113
6576,11253,2026-03-29T05:07:04.303000+00:00,18.8,36.4,53.1,1011.8,0,2.5,121
6577,11253,2026-03-29T05:09:04.303000+00:00,18.8,36.7,53.8,1011.8,0,2.8,119
6578,11253,2026-03-29T05:11:04.306000+00:00,18.9,36.7,53.4,1011.8,0,2.4,122
6579,11253,2026-03-29T05:13:04.305000+00:00,18.9,36.4,53.9,1011.7,0,2.0,122
6580,11253,2026-03-29T05:15:04.311000+00:00,18.9,36.8,55.3,1011.8,0,1.8,111
6581,11253,2026-03-29T05:17:04.310000+00:00,18.9,36.3,53.9,1011.8,0,1.7,120
6582,11253,2026-03-29T05:19:04.318000+00:00,19.0,36.5,54.0,1011.8,0,0.4,104
6583,11253,2026-03-29T05:21:04.313000+00:00,19.1,36.4,53.2,1011.8,0,2.3,128
6584,11253,2026-03-29T05:23:04.314000+00:00,19.3,35.7,52.1,1011.8,0,2.6,120
6585,11253,2026-03-29T05:25:04.317000+00:00,19.0,35.4,51.5,1011.8,0,1.2,104
6586,11253,2026-03-29T05:27:04.322000+00:00,19.1,34.6,51.2,1011.7,0,2.3,120
6587,11253,2026-03-29T05:29:04.317000+00:00,19.0,34.6,51.2,1011.8,0,2.0,126
6588,11253,2026-03-29T05:31:04.321000+00:00,19.0,34.0,51.0,1011.7,0,2.5,127
6589,11253,2026-03-29T05:33:04.326000+00:00,19.0,34.1,49.6,1011.9,0,0.6,117
6590,11253,2026-03-29T05:35:04.322000+00:00,19.0,33.6,50.6,1011.8,0,1.2,56
6591,11253,2026-03-29T05:37:04.322000+00:00,18.8,33.2,51.4,1011.6,0,1.2,98
6592,11253,2026-03-29T05:39:04.329000+00:00,18.8,33.4,49.7,1011.7,0,2.1,135
6593,11253,2026-03-29T05:41:04.332000+00:00,18.8,32.5,48.1,1011.7,0,2.3,126
6594,11253,2026-03-29T05:43:04.321000+00:00,18.8,32.2,48.5,1011.7,0,1.7,24
6595,11253,2026-03-29T05:45:04.329000+00:00,18.7,32.7,49.2,1011.7,0,2.2,131
6596,11253,2026-03-29T05:47:04.333000+00:00,18.6,32.6,49.9,1011.7,0,0.9,116
6597,11253,2026-03-29T05:49:04.330000+00:00,18.6,32.7,49.7,1011.7,0,1.6,165
6598,11253,2026-03-29T05:51:04.321000+00:00,18.6,32.7,51.9,1011.6,0,1.5,124
6599,11253,2026-03-29T05:53:04.335000+00:00,18.5,32.9,51.1,1011.7,0,1.3,121
6600,11253,2026-03-29T05:55:04.335000+00:00,18.5,32.8,51.8,1011.7,0,1.5,120
6601,11253,2026-03-29T05:57:04.339000+00:00,18.5,32.3,50.7,1011.7,0,2.0,106
6602,11253,2026-03-29T05:59:04.341000+00:00,18.4,32.3,49.5,1011.7,0,3.1,144
6603,11253,2026-03-29T06:01:04.511000+00:00,18.4,32.6,48.2,1011.7,0,2.6,148
6604,11253,2026-03-29T06:03:04.344000+00:00,18.3,32.4,47.8,1011.7,0,2.2,126
6605,11253,2026-03-29T06:05:04.343000+00:00,18.4,32.1,47.6,1011.7,0,0.8,135
6606,11253,2026-03-29T06:07:04.346000+00:00,18.4,32.0,49.7,1011.7,0,1.9,129
6607,11253,2026-03-29T06:09:04.348000+00:00,18.5,32.0,50.7,1011.6,0,2.0,133
6608,11253,2026-03-29T06:11:04.350000+00:00,18.5,31.5,50.2,1011.7,0,0.6,188
6609,11253,2026-03-29T06:13:04.347000+00:00,18.3,31.4,51.1,1011.6,0,2.4,154
6610,11253,2026-03-29T06:15:04.350000+00:00,18.1,31.1,52.4,1011.7,0,0.8,170
6611,11253,2026-03-29T06:17:04.352000+00:00,17.9,30.9,54.3,1011.6,0,1.0,116
6612,11253,2026-03-29T06:19:04.353000+00:00,17.9,31.1,55.8,1011.7,0,1.8,119
6613,11253,2026-03-29T06:21:04.357000+00:00,17.8,31.0,55.5,1011.6,0,1.0,167
6614,11253,2026-03-29T06:23:04.361000+00:00,17.8,30.7,55.7,1011.6,0,0.6,140
6615,11253,2026-03-29T06:25:04.359000+00:00,17.8,30.0,55.6,1011.7,0,1.5,100
6616,11253,2026-03-29T06:27:04.370000+00:00,17.9,30.5,57.3,1011.7,0,0.5,9
6617,11253,2026-03-29T06:29:04.362000+00:00,18.0,30.9,56.5,1011.7,0,1.1,129
6618,11253,2026-03-29T06:31:04.359000+00:00,18.0,30.2,56.6,1011.8,0,0.9,104
6619,11253,2026-03-29T06:33:04.362000+00:00,17.9,30.5,56.8,1011.7,0,0.9,38
6620,11253,2026-03-29T06:35:04.384000+00:00,17.9,30.9,57.8,1011.7,0,0.9,110
6621,11253,2026-03-29T06:37:04.413000+00:00,18.0,30.6,57.9,1011.7,0,1.5,128
6622,11253,2026-03-29T06:39:04.431000+00:00,17.7,30.3,59.7,1011.7,0,2.8,134
6623,11253,2026-03-29T06:41:04.421000+00:00,17.4,29.9,61.3,1011.8,0,1.8,122
6624,11253,2026-03-29T06:43:04.419000+00:00,17.3,29.8,62.5,1011.8,0,0.3,57
6625,11253,2026-03-29T06:45:04.422000+00:00,17.3,29.7,61.8,1011.8,0,1.9,136
6626,11275,2026-05-02T15:19:42.833000+00:00,31.3,49.4,53.0,1012.4,0,2.2,317
6627,11275,2026-05-02T15:21:42.865000+00:00,31.3,49.4,53.0,1012.4,0,2.2,317
6628,11275,2026-05-02T15:23:42.868000+00:00,31.3,49.4,53.0,1012.4,0,2.2,317
6629,11275,2026-05-02T15:25:42.869000+00:00,31.3,49.4,53.0,1012.4,0,2.2,317
6630,11275,2026-05-02T15:27:42.864000+00:00,31.3,49.4,53.0,1012.4,0,2.2,317
6631,11275,2026-05-02T15:29:42.872000+00:00,31.3,49.4,53.0,1012.4,0,2.2,317
6632,11275,2026-05-02T15:31:42.891000+00:00,31.5,47.4,52.6,1012.3,0,2.2,333
6633,11275,2026-05-02T15:33:42.903000+00:00,31.5,47.4,52.6,1012.3,0,2.2,333
6634,11275,2026-05-02T15:35:42.927000+00:00,31.5,47.4,52.6,1012.3,0,2.2,333
6635,11275,2026-05-02T15:37:42.944000+00:00,31.5,47.4,52.6,1012.3,0,2.2,333
6636,11275,2026-05-02T15:39:42.977000+00:00,31.5,47.4,52.6,1012.3,0,2.2,333
6637,11275,2026-05-02T15:41:42.990000+00:00,31.5,47.4,52.6,1012.3,0,2.2,333
6638,11275,2026-05-02T15:43:42.980000+00:00,31.5,47.4,52.6,1012.3,0,2.2,333
6639,11275,2026-05-02T15:45:43.009000+00:00,31.5,47.4,52.6,1012.3,0,2.2,333
6640,11275,2026-05-02T15:47:42.999000+00:00,31.5,47.4,52.6,1012.3,0,2.2,333
6641,11275,2026-05-02T15:49:43.020000+00:00,31.5,47.4,52.6,1012.3,0,2.2,333
6642,11275,2026-05-02T15:51:43.027000+00:00,31.5,47.4,52.6,1012.3,0,2.2,333
6643,11275,2026-05-02T15:53:43.056000+00:00,31.3,47.4,52.6,1012.3,0,2.2,333
6644,11275,2026-05-02T15:55:43.066000+00:00,31.3,47.4,52.6,1012.3,0,2.2,333
6645,11275,2026-05-02T15:57:43.064000+00:00,31.9,53.4,51.3,1011.9,0,1.4,312
6646,11275,2026-05-02T15:59:43.077000+00:00,31.9,53.4,51.3,1011.9,0,1.4,312
6647,11275,2026-05-02T16:01:43.101000+00:00,31.9,53.4,51.3,1011.9,0,1.4,312
6648,11275,2026-05-02T16:03:43.112000+00:00,31.9,53.1,50.2,1012.0,0,0.4,311
6649,11275,2026-05-02T16:05:43.162000+00:00,31.9,53.1,50.2,1012.0,0,0.4,311
6650,11275,2026-05-02T16:07:43.154000+00:00,31.9,53.1,50.2,1012.0,0,0.4,311
6651,11275,2026-05-02T16:09:43.168000+00:00,31.9,53.1,50.2,1012.0,0,0.4,311
6652,11275,2026-05-02T16:11:43.201000+00:00,32.0,48.3,51.6,1011.9,0,2.9,307
6653,11275,2026-05-02T16:13:43.214000+00:00,32.0,48.3,51.6,1011.9,0,2.9,307
6654,11275,2026-05-02T16:15:43.205000+00:00,31.3,48.3,51.6,1011.9,0,2.9,307
6655,11275,2026-05-02T16:17:43.207000+00:00,31.3,48.3,51.6,1011.9,0,2.9,307
6656,11275,2026-05-02T16:19:43.203000+00:00,31.7,44.1,52.8,1012.0,0,2.9,328
6657,11275,2026-05-02T16:21:43.198000+00:00,31.7,44.1,52.8,1012.0,0,2.9,328
6658,11275,2026-05-02T16:23:43.242000+00:00,31.7,44.1,52.8,1012.0,0,2.9,328
6659,11275,2026-05-02T16:25:43.244000+00:00,32.1,50.2,48.5,1011.9,0,1.1,268
6660,11275,2026-05-02T16:27:43.280000+00:00,32.1,50.2,48.5,1011.9,0,1.1,268
6661,11275,2026-05-02T16:29:43.298000+00:00,32.1,50.2,48.5,1011.9,0,1.1,268
6662,11275,2026-05-02T16:31:43.294000+00:00,32.4,51.0,47.7,1011.9,0,2.4,285
6663,11275,2026-05-02T16:33:43.302000+00:00,32.4,51.0,47.7,1011.9,0,2.4,285
6664,11275,2026-05-02T16:35:43.287000+00:00,32.4,51.0,47.7,1011.9,0,2.4,285
6665,11275,2026-05-02T16:37:43.291000+00:00,32.4,51.0,47.7,1011.9,0,2.4,285
6666,11280,2026-05-03T16:06:48.460000+00:00,25.7,34.9,76.2,1016.2,0,1.5,162
6667,11280,2026-05-03T16:08:48.456000+00:00,25.8,34.7,75.9,1016.2,0,0.6,33
6668,11280,2026-05-03T16:10:48.460000+00:00,25.9,35.2,76.7,1016.2,0,0.8,79
6669,11280,2026-05-03T16:12:48.469000+00:00,25.8,35.4,76.0,1016.2,0,0.0,0
6670,11280,2026-05-03T16:14:48.463000+00:00,25.8,35.3,75.9,1016.2,0,0.6,92
6671,11280,2026-05-03T16:16:48.461000+00:00,25.7,35.2,76.4,1016.1,0,0.7,144
6672,11280,2026-05-03T16:18:48.462000+00:00,26.0,33.8,73.4,1016.1,0,3.0,151
6673,11280,2026-05-03T16:20:48.457000+00:00,26.0,34.3,74.6,1016.1,0,1.4,162
6674,11280,2026-05-03T16:22:48.460000+00:00,26.1,35.3,75.7,1016.0,0,0.9,128
6675,11280,2026-05-03T16:24:48.458000+00:00,26.1,35.5,73.9,1016.0,0,1.7,134
6676,11280,2026-05-03T16:26:48.467000+00:00,26.4,35.8,72.9,1016.0,0,0.4,44
6677,11280,2026-05-03T16:28:48.475000+00:00,26.5,35.8,72.6,1016.0,0,0.3,26
6678,11280,2026-05-03T16:30:48.470000+00:00,26.5,35.6,72.6,1015.9,0,2.7,125
6679,11280,2026-05-03T16:32:48.478000+00:00,26.4,35.8,73.6,1015.9,0,1.1,141
6680,11280,2026-05-03T16:34:48.473000+00:00,26.4,35.7,70.9,1015.8,0,0.6,78
6681,11280,2026-05-03T16:36:48.470000+00:00,26.5,35.5,70.5,1015.8,0,1.0,139
6682,11280,2026-05-03T16:38:48.486000+00:00,26.3,34.4,71.2,1015.8,0,1.5,166
6683,11280,2026-05-03T16:40:48.483000+00:00,26.3,35.4,72.6,1015.8,0,0.9,121
6684,11280,2026-05-03T16:42:48.472000+00:00,26.4,35.9,72.0,1016.0,0,0.8,92
6685,11280,2026-05-03T16:44:48.500000+00:00,26.2,35.6,72.2,1015.9,0,0.8,72
6686,11280,2026-05-03T16:46:48.501000+00:00,26.3,35.4,72.7,1015.9,0,0.6,135
6687,11280,2026-05-03T16:48:48.501000+00:00,26.3,35.9,73.8,1015.7,0,0.9,165
6688,11280,2026-05-03T16:50:48.536000+00:00,26.1,36.1,73.1,1015.7,0,0.0,0
6689,11280,2026-05-03T16:52:48.555000+00:00,26.4,35.4,72.7,1015.8,0,1.1,75
6690,11280,2026-05-03T16:54:48.553000+00:00,26.3,35.8,72.3,1015.8,0,0.0,0
6691,11280,2026-05-03T16:56:48.589000+00:00,26.6,35.6,70.6,1015.9,0,1.5,299
6692,11280,2026-05-03T16:58:48.595000+00:00,26.6,35.5,71.8,1015.8,0,0.8,310
6693,11280,2026-05-03T17:00:48.616000+00:00,26.6,35.9,71.9,1015.9,0,0.5,69
6694,11280,2026-05-03T17:02:48.624000+00:00,26.6,36.2,73.0,1015.9,0,0.6,268
6695,11280,2026-05-03T17:04:48.617000+00:00,26.8,36.6,72.8,1015.9,0,1.1,264
6696,11280,2026-05-03T17:06:48.644000+00:00,26.9,36.7,71.3,1015.8,0,0.5,93
6697,11280,2026-05-03T17:08:48.618000+00:00,27.1,36.4,68.9,1015.8,0,2.0,273
6698,11280,2026-05-03T17:10:48.630000+00:00,27.2,37.4,68.6,1015.9,0,1.0,301
6699,11280,2026-05-03T17:12:48.632000+00:00,27.2,37.1,68.8,1016.0,0,0.6,295
6700,11280,2026-05-03T17:14:48.637000+00:00,27.4,38.3,69.1,1015.8,0,0.5,85
6701,11280,2026-05-03T17:16:48.810000+00:00,27.4,37.9,69.1,1016.0,0,0.7,14
6702,11280,2026-05-03T17:18:48.819000+00:00,27.2,38.0,68.6,1016.0,0,0.0,0
6703,11280,2026-05-03T17:20:48.810000+00:00,27.2,40.7,69.0,1016.0,0,1.8,291
6704,11280,2026-05-03T17:22:48.817000+00:00,27.5,40.9,68.7,1015.9,0,0.5,177
6705,11280,2026-05-03T17:24:48.827000+00:00,27.5,42.2,69.4,1015.8,0,1.1,184
6706,11280,2026-05-03T17:26:48.862000+00:00,27.7,41.7,69.6,1015.8,0,0.5,121
6707,11280,2026-05-03T17:28:48.899000+00:00,27.8,40.9,67.2,1015.8,0,3.9,317
6708,11280,2026-05-03T17:30:48.899000+00:00,27.8,41.1,67.4,1015.8,0,0.5,158
6709,11280,2026-05-03T17:32:48.883000+00:00,27.9,40.9,67.2,1015.7,0,1.1,285
6710,11280,2026-05-03T17:34:48.901000+00:00,27.9,38.6,67.1,1015.8,0,0.7,278
6711,11280,2026-05-03T17:36:48.888000+00:00,27.9,38.6,68.5,1015.7,0,0.0,0
6712,11280,2026-05-03T17:38:48.903000+00:00,27.9,38.4,67.6,1015.8,0,0.9,314
6713,11280,2026-05-03T17:40:48.916000+00:00,27.8,37.7,68.0,1015.8,0,0.4,201
6714,11280,2026-05-03T17:42:48.935000+00:00,27.5,37.2,68.2,1015.8,0,1.0,273
6715,11280,2026-05-03T17:44:48.953000+00:00,27.6,36.5,68.6,1015.8,0,1.1,217
6716,11280,2026-05-03T17:46:48.984000+00:00,27.5,37.0,68.8,1015.7,0,0.6,336
6717,11280,2026-05-03T17:48:49.001000+00:00,27.6,36.8,67.9,1015.7,0,0.9,331
6718,11280,2026-05-03T17:50:49.002000+00:00,27.7,37.3,67.4,1015.6,0,2.4,334
6719,11280,2026-05-03T17:52:49.005000+00:00,27.8,37.8,66.9,1015.6,0,2.1,268
6720,11280,2026-05-03T17:54:48.985000+00:00,27.8,38.3,66.8,1015.5,0,0.8,245
6721,11280,2026-05-03T17:56:49.001000+00:00,27.9,39.1,66.6,1015.4,0,1.0,301
6722,11280,2026-05-03T17:58:49.007000+00:00,27.9,39.0,67.0,1015.4,0,1.7,262
6723,11280,2026-05-03T18:00:49.014000+00:00,27.9,39.0,67.0,1015.3,0,1.1,300
6724,11280,2026-05-03T18:02:49.044000+00:00,27.9,38.4,67.1,1015.3,0,1.3,267
6725,11280,2026-05-03T18:04:49.051000+00:00,27.8,39.1,68.3,1015.3,0,1.8,0
6726,11280,2026-05-03T18:06:49.062000+00:00,28.0,39.3,66.7,1015.3,0,1.8,333
6727,11280,2026-05-03T18:08:49.083000+00:00,27.9,38.4,65.9,1015.3,0,2.4,269
6728,11280,2026-05-03T18:10:49.116000+00:00,27.9,39.2,67.3,1015.4,0,1.5,271
6729,11280,2026-05-03T18:12:49.146000+00:00,28.0,39.1,67.7,1015.4,0,1.5,348
6730,11280,2026-05-03T18:14:49.144000+00:00,28.1,38.9,67.4,1015.4,0,0.0,0
6731,11280,2026-05-03T18:16:49.309000+00:00,28.1,38.2,67.2,1015.4,0,0.4,262
6732,11280,2026-05-03T18:18:49.295000+00:00,28.0,37.6,67.3,1015.4,0,1.3,260
6733,11280,2026-05-03T18:20:49.312000+00:00,27.8,37.0,68.6,1015.4,0,2.6,334
6734,11280,2026-05-03T18:22:49.312000+00:00,27.6,37.0,68.1,1015.3,0,0.7,192
6735,11280,2026-05-03T18:24:49.319000+00:00,27.7,37.1,67.6,1015.2,0,0.0,0
6736,11280,2026-05-03T18:26:49.308000+00:00,27.8,37.2,68.4,1015.3,0,0.9,322
6737,11280,2026-05-03T18:28:49.326000+00:00,27.7,37.0,68.8,1015.2,0,0.6,256
6738,11280,2026-05-03T18:30:49.336000+00:00,27.8,37.2,68.2,1015.2,0,0.4,32
6739,11280,2026-05-03T18:32:49.383000+00:00,27.8,37.1,68.3,1015.2,0,0.0,0
6740,11280,2026-05-03T18:34:49.386000+00:00,27.8,36.9,68.1,1015.2,0,0.4,347
6741,11280,2026-05-03T18:36:49.386000+00:00,27.7,36.7,68.1,1015.2,0,1.8,335
6742,11280,2026-05-03T18:38:49.403000+00:00,27.5,34.7,70.7,1015.1,0,1.8,99
6743,11280,2026-05-03T18:40:49.447000+00:00,27.4,35.2,72.7,1015.0,0,2.3,153
6744,11280,2026-05-03T18:42:49.435000+00:00,27.1,35.2,74.2,1015.0,0,2.6,148
6745,11280,2026-05-03T18:44:49.451000+00:00,26.9,35.2,74.5,1014.9,0,2.8,154
6746,11280,2026-05-03T18:46:49.441000+00:00,26.9,35.6,74.8,1015.0,0,2.4,131
6747,11280,2026-05-03T18:48:49.452000+00:00,26.9,35.1,74.0,1014.9,0,0.9,129
6748,11280,2026-05-03T18:50:49.444000+00:00,26.9,35.7,73.6,1014.9,1,0.7,128
6749,11280,2026-05-03T18:52:49.452000+00:00,27.0,35.7,73.8,1014.9,0,2.1,167
6750,11286,2026-05-23T15:21:39.616000+00:00,19.6,29.5,26.5,1031.0,0,1.9,315
6751,11286,2026-05-23T15:23:39.619000+00:00,19.7,29.6,25.8,1030.9,0,1.9,314
6752,11286,2026-05-23T15:25:39.626000+00:00,19.7,29.8,25.7,1031.0,0,1.0,268
6753,11286,2026-05-23T15:27:39.628000+00:00,19.7,29.6,25.6,1030.9,0,1.5,318
6754,11286,2026-05-23T15:29:39.629000+00:00,19.7,30.1,26.3,1030.9,0,1.7,302
6755,11286,2026-05-23T15:31:39.649000+00:00,19.6,30.6,25.7,1030.9,0,0.8,313
6756,11286,2026-05-23T15:33:39.665000+00:00,19.6,31.2,26.2,1030.9,0,1.8,333
6757,11286,2026-05-23T15:35:39.692000+00:00,19.6,30.9,26.3,1030.9,0,0.4,308
6758,11286,2026-05-23T15:37:39.699000+00:00,19.9,31.1,25.7,1031.0,0,1.5,324
6759,11286,2026-05-23T15:39:39.692000+00:00,20.1,31.5,25.9,1030.9,0,0.6,236
6760,11286,2026-05-23T15:41:39.723000+00:00,20.0,31.5,25.3,1030.9,0,0.9,253
6761,11286,2026-05-23T15:43:39.714000+00:00,19.9,31.4,24.9,1030.9,0,1.3,239
6762,11286,2026-05-23T15:45:39.712000+00:00,19.9,31.7,25.6,1030.8,0,0.9,192
6763,11286,2026-05-23T15:47:39.716000+00:00,19.8,32.0,24.5,1030.9,0,0.5,219
6764,11286,2026-05-23T15:49:39.717000+00:00,19.8,31.5,24.9,1030.8,0,1.6,315
6765,11286,2026-05-23T15:51:39.728000+00:00,19.8,30.9,26.0,1030.8,0,1.9,334
6766,11286,2026-05-23T15:53:39.728000+00:00,19.9,31.5,25.7,1030.8,0,0.9,336
6767,11286,2026-05-23T15:55:39.728000+00:00,19.8,31.8,25.9,1030.7,0,1.6,328
6768,11286,2026-05-23T15:57:39.745000+00:00,20.1,32.4,26.1,1030.8,0,0.9,274
6769,11286,2026-05-23T15:59:39.727000+00:00,20.1,32.0,25.4,1030.8,0,1.6,214
6770,11286,2026-05-23T16:01:39.735000+00:00,20.0,31.7,24.9,1030.8,0,1.4,297
6771,11286,2026-05-23T16:03:39.732000+00:00,20.0,32.3,24.6,1030.8,0,1.0,255
6772,11286,2026-05-23T16:05:39.770000+00:00,19.9,31.7,25.1,1030.7,0,1.5,299
6773,11286,2026-05-23T16:07:39.793000+00:00,20.1,32.4,25.4,1030.7,0,1.4,190
6774,11286,2026-05-23T16:09:39.834000+00:00,20.3,32.2,25.0,1030.7,0,0.9,5
6775,11286,2026-05-23T16:11:39.870000+00:00,20.4,32.0,24.7,1030.7,0,0.0,0
6776,11286,2026-05-23T16:13:39.870000+00:00,20.4,32.4,25.6,1030.7,0,0.9,317
6777,11286,2026-05-23T16:15:39.868000+00:00,20.5,32.1,25.2,1030.7,0,1.2,331
6778,11286,2026-05-23T16:17:39.875000+00:00,20.2,32.7,25.6,1030.7,0,0.7,298
6779,11286,2026-05-23T16:19:39.866000+00:00,20.4,32.4,25.3,1030.7,0,1.9,294
6780,11286,2026-05-23T16:21:39.876000+00:00,20.4,32.8,25.3,1030.7,0,0.6,192
6781,11286,2026-05-23T16:23:39.896000+00:00,20.4,32.5,25.3,1030.6,0,1.5,282
6782,11286,2026-05-23T16:25:39.900000+00:00,20.5,32.7,25.6,1030.6,0,2.0,320
6783,11286,2026-05-23T16:27:39.960000+00:00,20.5,33.0,25.3,1030.6,0,0.8,5
6784,11286,2026-05-23T16:29:39.959000+00:00,20.5,32.5,25.6,1030.6,0,2.2,331
6785,11286,2026-05-23T16:31:39.968000+00:00,20.3,32.8,24.8,1030.6,0,1.0,324
6786,11286,2026-05-23T16:33:39.965000+00:00,20.4,32.3,25.1,1030.6,0,0.6,265
6787,11286,2026-05-23T16:35:39.998000+00:00,20.5,32.5,26.0,1030.5,0,1.1,237
6788,11291,2026-05-24T19:07:46.504000+00:00,12.4,17.2,74.4,1025.5,0,5.7,185
6789,11291,2026-05-24T19:09:46.506000+00:00,12.6,17.2,74.4,1025.5,0,5.7,185
6790,11291,2026-05-24T19:11:46.503000+00:00,12.3,17.2,74.4,1025.5,0,5.7,185
6791,11291,2026-05-24T19:13:46.510000+00:00,12.5,17.2,74.4,1025.5,0,5.7,185
6792,11291,2026-05-24T19:15:46.527000+00:00,12.5,17.2,74.4,1025.5,0,5.7,185
6793,11291,2026-05-24T19:17:46.555000+00:00,12.7,16.9,75.8,1025.4,0,6.2,169
6794,11291,2026-05-24T19:19:46.549000+00:00,12.5,17.1,74.7,1025.4,0,4.3,194
6795,11291,2026-05-24T19:21:46.565000+00:00,12.3,17.0,73.9,1025.4,0,4.6,185
6796,11291,2026-05-24T19:23:46.579000+00:00,12.5,17.0,73.9,1025.4,0,4.6,185
6797,11291,2026-05-24T19:25:46.586000+00:00,12.5,17.0,73.9,1025.4,0,4.6,185
6798,11291,2026-05-24T19:27:46.602000+00:00,12.4,17.0,73.9,1025.4,0,4.6,185
6799,11291,2026-05-24T19:29:46.634000+00:00,12.8,17.5,73.2,1025.2,0,4.3,188
6800,11291,2026-05-24T19:31:46.648000+00:00,12.9,17.6,71.9,1025.2,0,4.9,193
6801,11291,2026-05-24T19:33:46.636000+00:00,12.8,17.0,72.4,1025.2,0,4.4,200
6802,11291,2026-05-24T19:35:46.667000+00:00,12.4,17.0,72.4,1025.2,0,4.4,200
6803,11291,2026-05-24T19:37:46.656000+00:00,12.3,17.0,72.4,1025.2,0,4.4,200
6804,11291,2026-05-24T19:39:46.664000+00:00,12.3,17.0,72.4,1025.2,0,4.4,200
6805,11291,2026-05-24T19:41:46.674000+00:00,12.5,16.3,75.3,1025.1,0,5.4,180
6806,11291,2026-05-24T19:43:46.689000+00:00,12.6,16.8,76.8,1025.0,0,4.1,179
6807,11291,2026-05-24T19:45:46.708000+00:00,12.3,16.8,76.8,1025.0,0,4.1,179
6808,11291,2026-05-24T19:47:46.710000+00:00,12.3,16.8,76.8,1025.0,0,4.1,179
6809,11291,2026-05-24T19:49:46.702000+00:00,12.6,16.7,77.6,1024.7,0,3.8,184
6810,11291,2026-05-24T19:51:46.715000+00:00,12.2,16.7,77.6,1024.7,0,3.8,184
6811,11291,2026-05-24T19:53:46.706000+00:00,12.4,17.2,78.0,1024.5,0,3.5,194
6812,11291,2026-05-24T19:55:46.742000+00:00,12.4,16.7,78.3,1024.5,0,3.9,196
6813,11291,2026-05-24T19:57:46.761000+00:00,12.5,16.9,78.6,1024.6,0,2.5,187
6814,11291,2026-05-24T19:59:46.772000+00:00,12.5,17.2,79.2,1024.5,0,2.3,189
6815,11291,2026-05-24T20:01:46.795000+00:00,12.5,17.1,78.1,1024.6,0,2.5,201
6816,11291,2026-05-24T20:03:46.798000+00:00,12.3,17.1,77.2,1024.5,0,2.8,197
6817,11291,2026-05-24T20:05:46.821000+00:00,12.4,16.9,76.7,1024.4,0,3.5,181
6818,11291,2026-05-24T20:07:46.844000+00:00,12.7,17.1,77.4,1024.6,0,1.9,191
6819,11291,2026-05-24T20:09:46.847000+00:00,12.5,16.9,77.0,1024.6,0,2.0,191
6820,11291,2026-05-24T20:11:46.858000+00:00,12.2,16.9,77.0,1024.6,0,2.0,191
6821,11291,2026-05-24T20:13:46.893000+00:00,12.5,17.3,76.6,1024.5,0,1.6,325
6822,11291,2026-05-24T20:15:46.890000+00:00,12.3,17.1,76.3,1024.4,0,3.1,202
6823,11291,2026-05-24T20:17:46.920000+00:00,12.2,17.1,76.3,1024.4,0,3.1,202
6824,11291,2026-05-24T20:19:46.938000+00:00,12.6,17.8,76.0,1024.3,0,1.5,283
6825,11291,2026-05-24T20:21:46.924000+00:00,12.4,17.8,76.0,1024.3,0,1.5,283
6826,11291,2026-05-24T20:23:46.934000+00:00,12.5,17.8,76.0,1024.3,0,1.5,283
6827,11291,2026-05-24T20:25:46.931000+00:00,12.7,18.4,73.4,1023.9,0,1.7,298
6828,11291,2026-05-24T20:27:46.939000+00:00,12.9,18.4,73.1,1023.9,0,1.4,280
6829,11291,2026-05-24T20:29:46.930000+00:00,12.7,18.0,72.3,1024.0,0,0.9,225
6830,11291,2026-05-24T20:31:46.943000+00:00,12.8,18.4,72.4,1023.9,0,1.6,264
6831,11291,2026-05-24T20:33:46.941000+00:00,12.7,18.4,72.0,1023.9,0,2.0,169
6832,11291,2026-05-24T20:35:46.945000+00:00,12.8,18.4,72.0,1023.9,0,2.0,169
6833,11291,2026-05-24T20:37:46.936000+00:00,13.3,18.3,71.0,1024.0,0,1.8,252
6834,11291,2026-05-24T20:39:46.945000+00:00,13.1,18.3,71.0,1024.0,0,0.9,194
6835,11291,2026-05-24T20:41:46.950000+00:00,12.8,18.3,71.0,1024.0,0,0.9,194
6836,11291,2026-05-24T20:43:46.938000+00:00,12.9,18.3,71.0,1024.0,0,0.9,194
6837,11291,2026-05-24T20:45:46.949000+00:00,13.2,18.4,68.0,1024.0,0,4.5,170
6838,11291,2026-05-24T20:47:46.949000+00:00,13.4,18.3,67.8,1023.9,0,1.9,184
6839,11291,2026-05-24T20:49:46.952000+00:00,13.5,18.5,68.2,1023.8,0,1.5,179
6840,11291,2026-05-24T20:51:46.960000+00:00,13.3,18.4,69.2,1024.0,0,2.4,176
6841,11291,2026-05-24T20:53:46.959000+00:00,13.3,18.6,69.6,1023.7,0,3.0,202
6842,11291,2026-05-24T20:55:46.961000+00:00,13.4,18.9,67.9,1023.7,0,1.0,244
6843,11291,2026-05-24T20:57:46.962000+00:00,13.1,18.9,67.9,1023.7,0,1.0,244
6844,11291,2026-05-24T20:59:46.960000+00:00,13.3,19.1,66.7,1023.6,0,0.7,239
6845,11291,2026-05-24T21:01:46.971000+00:00,13.6,19.0,66.1,1023.4,0,1.3,199
6846,11291,2026-05-24T21:03:46.983000+00:00,13.5,18.9,65.6,1023.5,0,2.9,198
6847,11291,2026-05-24T21:05:46.985000+00:00,13.7,18.8,65.6,1023.4,0,2.5,177
6848,11291,2026-05-24T21:07:47.016000+00:00,13.2,18.8,65.6,1023.4,0,2.5,177
6849,11291,2026-05-24T21:09:47.010000+00:00,13.2,18.8,65.6,1023.4,0,2.5,177
6850,11291,2026-05-24T21:11:47.004000+00:00,13.5,19.0,66.9,1023.4,0,2.5,153
6851,11291,2026-05-24T21:13:47.014000+00:00,13.2,18.6,66.4,1023.3,0,4.4,187
6852,11291,2026-05-24T21:15:47.028000+00:00,13.6,18.7,66.4,1023.4,0,2.7,202
6853,11291,2026-05-24T21:17:47.019000+00:00,13.5,18.9,66.7,1023.3,0,0.9,150
6854,11291,2026-05-24T21:19:47.035000+00:00,13.2,18.6,66.3,1023.4,0,2.8,186
6855,11291,2026-05-24T21:21:47.064000+00:00,13.3,18.6,66.8,1023.3,0,3.3,188
6856,11291,2026-05-24T21:23:47.166000+00:00,13.4,18.6,66.8,1023.3,0,3.3,188
6857,11291,2026-05-24T21:25:47.150000+00:00,13.5,18.6,66.8,1023.3,0,3.3,188
6858,11291,2026-05-24T21:27:47.151000+00:00,13.2,18.6,66.8,1023.3,0,3.3,188
6859,11291,2026-05-24T21:29:47.151000+00:00,13.4,18.7,66.3,1023.2,0,2.8,184
6860,11291,2026-05-24T21:31:47.165000+00:00,13.6,18.5,66.4,1023.2,0,2.6,189
6861,11291,2026-05-24T21:33:47.208000+00:00,13.5,18.4,65.4,1023.1,0,4.9,181
6862,11291,2026-05-24T21:35:47.238000+00:00,13.1,18.7,65.8,1023.1,0,1.7,171
6863,11291,2026-05-24T21:37:47.236000+00:00,13.2,18.7,65.8,1023.1,0,1.7,171
6864,11291,2026-05-24T21:39:47.237000+00:00,13.2,17.9,66.0,1023.1,0,3.0,223
6865,11291,2026-05-24T21:41:47.231000+00:00,13.3,18.2,66.3,1023.0,0,3.4,185
6866,11291,2026-05-24T21:43:47.235000+00:00,13.5,17.8,66.9,1023.0,0,5.4,168
6867,11291,2026-05-24T21:45:47.239000+00:00,13.3,17.8,66.9,1023.0,0,5.4,168
6868,11299,2026-06-07T12:08:17.050000+00:00,23.3,33.1,64.7,1022.1,0,0.5,244
6869,11299,2026-06-07T12:10:17.052000+00:00,23.0,34.0,64.1,1022.0,0,0.0,0
6870,11299,2026-06-07T12:12:17.049000+00:00,23.5,35.1,63.7,1022.1,0,0.5,131
6871,11299,2026-06-07T12:14:17.054000+00:00,23.4,35.4,63.4,1022.1,0,0.0,0
6872,11299,2026-06-07T12:16:17.059000+00:00,22.9,34.3,62.6,1022.0,0,1.4,340
6873,11299,2026-06-07T12:18:17.050000+00:00,23.8,36.6,64.5,1022.0,0,0.7,153
6874,11299,2026-06-07T12:20:17.057000+00:00,24.0,37.5,64.1,1022.0,0,0.5,53
6875,11299,2026-06-07T12:22:17.063000+00:00,23.3,38.2,62.5,1022.0,0,0.0,0
6876,11299,2026-06-07T12:24:17.055000+00:00,23.5,36.1,61.5,1022.0,0,0.0,0
6877,11299,2026-06-07T12:26:17.065000+00:00,23.8,37.6,59.1,1022.0,0,0.5,333
6878,11299,2026-06-07T12:28:17.068000+00:00,22.6,36.2,59.0,1021.9,0,0.5,144
6879,11299,2026-06-07T12:30:17.067000+00:00,23.0,36.9,61.2,1021.9,0,1.2,210
6880,11299,2026-06-07T12:32:17.071000+00:00,24.3,34.5,59.3,1021.9,0,0.4,119
6881,11299,2026-06-07T12:34:17.071000+00:00,24.0,39.9,61.0,1021.8,0,0.5,141
6882,11299,2026-06-07T12:36:17.070000+00:00,23.9,39.2,61.3,1021.8,0,0.0,0
6883,11299,2026-06-07T12:38:17.070000+00:00,23.9,40.8,61.0,1021.9,0,0.8,163
6884,11299,2026-06-07T12:40:17.077000+00:00,23.6,40.2,61.6,1021.9,0,0.5,131
6885,11299,2026-06-07T12:42:17.072000+00:00,23.9,41.0,63.0,1021.8,0,0.5,150
6886,11299,2026-06-07T12:44:17.072000+00:00,23.6,37.4,61.0,1021.8,0,0.6,14
6887,11299,2026-06-07T12:46:17.073000+00:00,23.8,39.4,59.2,1021.8,0,0.6,147
6888,11299,2026-06-07T12:48:17.073000+00:00,23.6,36.2,61.1,1021.7,0,0.0,0
6889,11299,2026-06-07T12:50:17.074000+00:00,23.7,38.9,59.2,1021.8,0,1.5,233
6890,11299,2026-06-07T12:52:17.087000+00:00,23.6,28.1,63.0,1021.8,0,1.3,347
6891,11299,2026-06-07T12:54:17.087000+00:00,23.7,41.0,62.0,1021.7,0,0.4,277
6892,11299,2026-06-07T12:56:17.088000+00:00,23.6,41.2,64.0,1021.8,0,0.0,0
6893,11299,2026-06-07T12:58:17.080000+00:00,23.7,40.2,61.5,1021.7,0,1.2,2
6894,11299,2026-06-07T13:00:17.093000+00:00,23.6,46.0,60.5,1021.7,0,0.4,305
6895,11299,2026-06-07T13:02:17.093000+00:00,23.6,41.5,62.6,1021.7,0,0.6,338
6896,11299,2026-06-07T13:04:17.093000+00:00,23.7,43.1,61.8,1021.6,0,0.9,296
6897,11299,2026-06-07T13:06:17.093000+00:00,24.0,42.2,61.6,1021.7,0,1.0,254
6898,11299,2026-06-07T13:08:17.088000+00:00,24.1,42.9,60.4,1021.6,0,1.1,202
6899,11299,2026-06-07T13:10:17.089000+00:00,24.1,43.2,59.6,1021.7,0,1.9,188
6900,11299,2026-06-07T13:12:17.096000+00:00,24.1,43.8,59.1,1021.6,0,0.4,195
6901,11299,2026-06-07T13:14:17.100000+00:00,24.2,43.5,57.8,1021.7,0,1.1,216
6902,11299,2026-06-07T13:16:17.101000+00:00,24.2,43.9,57.6,1021.6,0,1.3,207
6903,11299,2026-06-07T13:18:17.098000+00:00,24.3,43.6,56.7,1021.6,0,2.4,216
6904,11299,2026-06-07T13:20:17.108000+00:00,24.4,43.6,57.2,1021.5,0,0.7,148
6905,11299,2026-06-07T13:22:17.121000+00:00,24.4,43.6,58.0,1021.5,0,0.6,223
6906,11299,2026-06-07T13:24:17.109000+00:00,24.4,43.3,57.8,1021.5,0,0.0,0
6907,11299,2026-06-07T13:26:17.112000+00:00,24.5,43.3,58.1,1021.4,0,0.9,146
6908,11299,2026-06-07T13:28:17.116000+00:00,24.3,43.4,59.7,1021.5,0,1.2,186
6909,11299,2026-06-07T13:30:17.120000+00:00,24.3,43.2,59.5,1021.6,0,1.9,182
6910,11299,2026-06-07T13:32:17.121000+00:00,24.3,43.6,59.3,1021.6,0,1.4,188
6911,11299,2026-06-07T13:34:17.107000+00:00,24.2,43.4,59.8,1021.5,0,1.7,184
6912,11299,2026-06-07T13:36:17.117000+00:00,24.2,43.7,59.5,1021.4,0,1.5,198
6913,11299,2026-06-07T13:38:17.117000+00:00,24.2,43.3,59.1,1021.5,0,1.7,181
6914,11299,2026-06-07T13:40:17.119000+00:00,24.3,43.7,59.6,1021.4,0,0.6,169
6915,11299,2026-06-07T13:42:17.122000+00:00,24.4,43.5,59.6,1021.4,0,1.5,158
6916,11299,2026-06-07T13:44:17.133000+00:00,24.2,43.7,60.0,1021.4,0,1.1,206
6917,11299,2026-06-07T13:46:17.134000+00:00,24.4,43.8,60.1,1021.3,0,0.9,171
6918,11299,2026-06-07T13:48:17.150000+00:00,24.3,43.6,60.7,1021.3,0,0.8,158
6919,11299,2026-06-07T13:50:17.145000+00:00,24.1,43.3,60.3,1021.3,0,1.9,181
6920,11299,2026-06-07T13:52:17.146000+00:00,24.0,43.0,59.7,1021.3,0,1.9,193
6921,11299,2026-06-07T13:54:17.142000+00:00,23.9,43.0,60.3,1021.3,0,1.2,159
6922,11299,2026-06-07T13:56:17.146000+00:00,23.8,43.2,61.0,1021.4,0,0.9,178
6923,11299,2026-06-07T13:58:17.153000+00:00,23.9,42.8,59.5,1021.4,0,0.6,174
6924,11299,2026-06-07T14:00:17.175000+00:00,23.9,43.0,60.3,1021.3,0,1.0,154
6925,11299,2026-06-07T14:02:17.141000+00:00,23.9,43.3,59.9,1021.3,0,0.5,159
6926,11299,2026-06-07T14:04:17.145000+00:00,24.0,42.9,59.8,1021.3,0,0.6,193
6927,11299,2026-06-07T14:06:17.154000+00:00,24.0,42.7,60.0,1021.3,0,0.9,172
6928,11299,2026-06-07T14:08:17.158000+00:00,24.0,40.8,60.0,1021.3,0,0.9,225
6929,11299,2026-06-07T14:10:17.190000+00:00,24.0,40.4,60.4,1021.4,0,1.1,177
6930,11299,2026-06-07T14:12:17.185000+00:00,23.8,38.8,59.7,1021.3,0,1.5,193
6931,11299,2026-06-07T14:14:17.177000+00:00,23.8,37.4,60.2,1021.3,0,1.2,214
6932,11299,2026-06-07T14:16:17.182000+00:00,23.8,37.4,60.6,1021.2,0,1.3,183
6933,11299,2026-06-07T14:18:17.245000+00:00,23.9,37.5,61.0,1021.2,0,0.6,149
6934,11299,2026-06-07T14:20:17.216000+00:00,24.0,36.6,60.7,1021.2,0,1.4,208
6935,11299,2026-06-07T14:22:17.214000+00:00,23.8,36.1,60.5,1021.2,0,0.6,171
6936,11299,2026-06-07T14:24:17.235000+00:00,23.7,35.8,61.7,1021.3,0,0.4,331
6937,11299,2026-06-07T14:26:17.236000+00:00,23.5,36.3,63.3,1021.4,0,0.5,153
6938,11299,2026-06-07T14:28:17.227000+00:00,23.6,35.9,62.5,1021.3,0,0.5,182
6939,11299,2026-06-07T14:30:17.235000+00:00,23.6,35.5,62.0,1021.3,0,3.2,212
6940,11299,2026-06-07T14:32:17.234000+00:00,23.6,34.3,61.7,1021.4,0,1.0,224
6941,11299,2026-06-07T14:34:17.228000+00:00,23.6,35.1,62.8,1021.3,0,0.4,33
6942,11299,2026-06-07T14:36:17.241000+00:00,23.4,34.9,64.4,1021.3,0,1.7,189
6943,11299,2026-06-07T14:38:17.239000+00:00,23.3,35.1,65.7,1021.3,0,0.0,0
6944,11299,2026-06-07T14:40:17.242000+00:00,23.3,34.2,64.0,1021.3,0,0.4,185
6945,11299,2026-06-07T14:42:17.232000+00:00,23.3,34.4,65.7,1021.3,0,0.4,357
6946,11299,2026-06-07T14:44:17.234000+00:00,23.4,34.5,66.1,1021.3,0,0.7,165
6947,11299,2026-06-07T14:46:17.248000+00:00,23.3,34.6,64.9,1021.2,0,0.6,25
6948,11299,2026-06-07T14:48:17.244000+00:00,23.3,34.3,65.0,1021.1,0,0.8,12
6949,11299,2026-06-07T14:50:17.245000+00:00,23.3,34.1,65.1,1021.2,0,0.8,15
6950,11299,2026-06-07T14:52:17.261000+00:00,23.2,33.6,66.5,1021.1,0,0.5,9
6951,11299,2026-06-07T14:54:17.241000+00:00,23.1,33.6,67.9,1021.2,0,0.4,348
6952,11299,2026-06-07T14:56:17.257000+00:00,23.0,33.6,68.0,1021.1,0,0.0,0
6953,11299,2026-06-07T14:58:17.258000+00:00,23.0,32.6,67.5,1021.0,0,1.4,231
6954,11299,2026-06-07T15:00:17.249000+00:00,22.9,33.3,68.6,1021.1,0,0.0,0
6955,11299,2026-06-07T15:02:17.259000+00:00,23.0,33.5,67.3,1021.1,0,0.4,333
6956,11299,2026-06-07T15:04:17.262000+00:00,23.0,33.5,67.6,1021.0,0,0.0,0
6957,11299,2026-06-07T15:06:17.276000+00:00,23.0,33.5,68.0,1021.0,0,0.5,4
6958,11299,2026-06-07T15:08:17.259000+00:00,23.0,33.2,68.0,1021.0,0,0.6,349
6959,11299,2026-06-07T15:10:17.268000+00:00,23.0,33.4,66.9,1021.1,0,0.5,352
6960,11299,2026-06-07T15:12:17.259000+00:00,23.0,33.3,66.5,1021.1,0,0.4,169
6961,11299,2026-06-07T15:14:17.279000+00:00,23.0,33.2,67.5,1021.1,0,0.4,141
6962,11299,2026-06-07T15:16:17.288000+00:00,23.0,33.2,67.8,1021.0,0,0.6,125
6963,11299,2026-06-07T15:18:17.289000+00:00,23.2,33.2,65.0,1021.0,0,0.0,0
6964,11299,2026-06-07T15:20:17.288000+00:00,23.3,33.1,64.7,1021.0,0,1.5,210
6965,11299,2026-06-07T15:22:17.291000+00:00,23.5,32.5,63.9,1021.0,0,1.0,240
6966,11299,2026-06-07T15:24:17.281000+00:00,23.6,32.8,63.5,1021.0,0,0.5,190
6967,11299,2026-06-07T15:26:17.288000+00:00,23.6,32.2,63.1,1021.0,0,0.5,205
6968,11299,2026-06-07T15:28:17.282000+00:00,23.6,32.2,63.1,1021.0,0,2.0,206
6969,11299,2026-06-07T15:30:17.289000+00:00,23.5,32.0,63.5,1020.9,0,0.4,170
6970,11299,2026-06-07T15:32:17.290000+00:00,23.5,31.3,64.3,1020.9,0,0.5,254
6971,11299,2026-06-07T15:34:17.302000+00:00,23.4,31.9,64.9,1020.9,0,0.7,7
6972,11307,2026-06-14T12:10:26.405000+00:00,30.7,50.4,30.2,1001.0,0,4.0,116
6973,11307,2026-06-14T12:12:26.411000+00:00,30.6,51.3,30.7,1001.0,0,2.9,93
6974,11307,2026-06-14T12:14:26.410000+00:00,30.7,50.3,30.0,1000.9,0,2.9,122
6975,11307,2026-06-14T12:16:26.406000+00:00,30.6,51.9,30.4,1000.9,0,2.0,144
6976,11307,2026-06-14T12:18:26.406000+00:00,30.5,50.7,30.0,1000.8,0,2.9,87
6977,11307,2026-06-14T12:20:26.419000+00:00,30.5,51.8,30.9,1000.8,0,1.4,168
6978,11307,2026-06-14T12:22:26.420000+00:00,30.6,51.6,30.1,1000.8,0,3.3,163
6979,11307,2026-06-14T12:24:26.427000+00:00,30.6,51.4,30.2,1000.9,0,0.8,169
6980,11307,2026-06-14T12:26:26.424000+00:00,30.6,50.2,30.0,1000.9,0,4.5,99
6981,11307,2026-06-14T12:28:26.429000+00:00,30.6,50.8,29.6,1000.8,0,2.5,129
6982,11307,2026-06-14T12:30:26.436000+00:00,30.5,49.8,29.4,1000.7,0,3.7,102
6983,11307,2026-06-14T12:32:26.429000+00:00,30.5,52.1,30.6,1000.7,0,1.5,118
6984,11307,2026-06-14T12:34:26.420000+00:00,30.5,50.7,30.0,1000.7,0,4.1,128
6985,11307,2026-06-14T12:36:26.426000+00:00,30.6,50.7,29.6,1000.7,0,2.6,135
6986,11307,2026-06-14T12:38:26.433000+00:00,30.7,51.3,29.9,1000.7,0,3.4,106
6987,11307,2026-06-14T12:40:26.436000+00:00,30.8,51.2,29.0,1000.7,0,3.3,156
6988,11307,2026-06-14T12:42:26.439000+00:00,30.7,51.3,29.6,1000.7,0,1.2,128
6989,11307,2026-06-14T12:44:26.429000+00:00,30.6,50.0,29.7,1000.7,0,3.5,115
6990,11307,2026-06-14T12:46:26.433000+00:00,30.7,50.5,30.2,1000.6,0,3.3,101
6991,11307,2026-06-14T12:48:26.459000+00:00,30.8,51.6,30.3,1000.7,0,2.7,148
6992,11307,2026-06-14T12:50:26.463000+00:00,30.7,50.4,29.7,1000.5,0,3.0,157
6993,11307,2026-06-14T12:52:26.479000+00:00,30.6,49.8,29.7,1000.6,0,4.0,121
6994,11307,2026-06-14T12:54:26.492000+00:00,30.5,50.9,29.9,1000.6,0,3.6,151
6995,11307,2026-06-14T12:56:26.500000+00:00,30.7,51.1,29.8,1000.6,0,2.6,151
6996,11307,2026-06-14T12:58:26.498000+00:00,30.7,51.6,29.2,1000.6,0,2.0,150
6997,11307,2026-06-14T13:00:26.518000+00:00,30.6,51.1,29.6,1000.6,0,3.0,162
6998,11307,2026-06-14T13:02:26.543000+00:00,30.8,51.4,29.5,1000.7,0,3.9,117
6999,11307,2026-06-14T13:04:26.540000+00:00,30.8,51.7,28.5,1000.7,0,1.7,105
7000,11307,2026-06-14T13:06:26.588000+00:00,30.7,49.9,28.4,1000.6,0,4.3,91
7001,11307,2026-06-14T13:08:26.586000+00:00,30.7,51.1,28.6,1000.6,0,2.6,112
7002,11307,2026-06-14T13:10:26.581000+00:00,30.8,50.2,27.4,1000.5,0,4.3,96
7003,11307,2026-06-14T13:12:26.607000+00:00,30.7,51.1,28.2,1000.7,0,2.3,65
7004,11307,2026-06-14T13:14:26.630000+00:00,31.0,50.0,28.1,1000.6,0,2.7,156
7005,11307,2026-06-14T13:16:26.647000+00:00,30.9,50.4,28.0,1000.5,0,3.1,101
7006,11307,2026-06-14T13:18:26.658000+00:00,30.9,49.0,28.3,1000.7,0,3.9,143
7007,11307,2026-06-14T13:20:26.649000+00:00,30.9,50.7,28.3,1000.5,0,1.4,127
7008,11307,2026-06-14T13:22:26.665000+00:00,30.8,50.7,27.7,1000.4,0,1.4,62
7009,11307,2026-06-14T13:24:26.694000+00:00,31.0,50.7,27.5,1000.5,0,2.5,139
7010,11307,2026-06-14T13:26:26.696000+00:00,31.1,51.2,28.2,1000.5,0,2.5,170
7011,11307,2026-06-14T13:28:26.702000+00:00,30.9,49.9,28.0,1000.3,0,3.1,110
7012,11307,2026-06-14T13:30:26.732000+00:00,30.9,49.8,28.2,1000.4,0,3.8,105
7013,11307,2026-06-14T13:32:26.741000+00:00,30.9,49.3,28.6,1000.3,0,3.6,110
7014,11307,2026-06-14T13:34:26.740000+00:00,31.0,50.6,28.1,1000.3,0,3.0,76
7015,11307,2026-06-14T13:36:26.754000+00:00,30.9,49.8,27.6,1000.4,0,2.0,88
7016,11307,2026-06-14T13:38:26.732000+00:00,30.8,49.7,27.8,1000.3,0,3.7,85
7017,11307,2026-06-14T13:40:26.744000+00:00,30.9,51.0,28.2,1000.5,0,0.7,144
7018,11307,2026-06-14T13:42:26.746000+00:00,30.8,48.9,27.9,1000.4,0,3.2,113
7019,11307,2026-06-14T13:44:26.735000+00:00,30.5,50.3,28.3,1000.5,0,3.0,142
7020,11307,2026-06-14T13:46:26.755000+00:00,30.3,49.0,28.4,1000.4,0,2.6,98
7021,11307,2026-06-14T13:48:26.749000+00:00,29.8,49.2,27.9,1000.5,0,3.6,87
7022,11307,2026-06-14T13:50:26.744000+00:00,30.2,49.9,28.4,1000.4,0,3.5,66
7023,11307,2026-06-14T13:52:26.755000+00:00,30.2,49.5,28.8,1000.5,0,3.8,101
7024,11307,2026-06-14T13:54:26.760000+00:00,30.2,50.9,29.1,1000.4,0,1.3,96
7025,11307,2026-06-14T13:56:26.763000+00:00,30.3,50.5,28.9,1000.4,0,2.4,105
7026,11307,2026-06-14T13:58:26.761000+00:00,30.4,50.4,28.4,1000.4,0,2.4,86
7027,11307,2026-06-14T14:00:26.757000+00:00,30.1,49.2,28.5,1000.4,0,2.2,82
7028,11307,2026-06-14T14:02:26.763000+00:00,30.1,50.3,29.6,1000.5,0,1.9,176
7029,11307,2026-06-14T14:04:26.754000+00:00,30.2,50.7,28.5,1000.5,0,1.1,99
7030,11307,2026-06-14T14:06:26.768000+00:00,30.3,48.4,27.0,1000.3,0,3.7,120
7031,11307,2026-06-14T14:08:26.766000+00:00,29.9,49.8,28.2,1000.4,0,3.0,106
7032,11307,2026-06-14T14:10:26.757000+00:00,30.1,49.7,28.5,1000.3,0,1.2,108
7033,11307,2026-06-14T14:12:26.789000+00:00,30.3,50.4,28.5,1000.5,0,1.3,66
7034,11307,2026-06-14T14:14:26.799000+00:00,30.5,50.8,28.0,1000.3,0,1.9,78
7035,11307,2026-06-14T14:16:26.828000+00:00,30.5,50.5,28.5,1000.4,0,1.3,89
7036,11307,2026-06-14T14:18:26.882000+00:00,30.2,50.3,27.9,1000.4,0,0.0,0
7037,11307,2026-06-14T14:20:26.877000+00:00,29.9,48.7,27.2,1000.3,0,1.6,109
7038,11307,2026-06-14T14:22:26.893000+00:00,29.9,49.8,27.4,1000.4,0,2.7,65
7039,11307,2026-06-14T14:24:26.917000+00:00,30.1,49.0,27.9,1000.3,0,2.3,89
7040,11307,2026-06-14T14:26:26.946000+00:00,30.1,49.0,28.1,1000.3,0,1.3,127
7041,11307,2026-06-14T14:28:26.962000+00:00,30.2,49.2,28.3,1000.3,0,2.2,121
7042,11307,2026-06-14T14:30:26.950000+00:00,30.4,49.3,28.6,1000.3,0,1.0,128
7043,11307,2026-06-14T14:32:26.970000+00:00,30.3,49.7,28.7,1000.3,0,1.6,151
7044,11307,2026-06-14T14:34:27.009000+00:00,30.1,48.4,29.1,1000.3,0,3.6,81
7045,11307,2026-06-14T14:36:27.023000+00:00,29.9,49.5,29.4,1000.3,0,2.7,88
7046,11307,2026-06-14T14:38:27.023000+00:00,30.0,49.8,28.8,1000.3,0,0.9,116
7047,11315,2026-06-28T12:06:50.451000+00:00,33.6,53.2,30.3,941.8,0,1.0,67
7048,11315,2026-06-28T12:08:50.467000+00:00,33.8,52.9,30.5,941.8,0,0.0,0
7049,11315,2026-06-28T12:10:50.480000+00:00,33.7,52.0,30.5,941.8,0,0.6,334
7050,11315,2026-06-28T12:12:50.493000+00:00,33.9,52.7,28.7,941.7,0,2.0,276
7051,11315,2026-06-28T12:14:50.507000+00:00,33.7,51.5,30.0,941.7,0,1.7,303
7052,11315,2026-06-28T12:16:50.521000+00:00,34.0,50.7,30.6,941.7,0,0.8,45
7053,11315,2026-06-28T12:18:50.541000+00:00,34.2,52.0,29.3,941.7,0,1.2,315
7054,11315,2026-06-28T12:20:50.562000+00:00,34.4,50.3,28.0,941.7,0,1.5,10
7055,11315,2026-06-28T12:22:50.578000+00:00,34.2,48.3,28.4,941.6,0,2.5,287
7056,11315,2026-06-28T12:24:50.601000+00:00,34.2,48.5,29.3,941.7,0,0.0,0
7057,11315,2026-06-28T12:26:50.655000+00:00,34.5,50.3,27.0,941.6,0,2.0,256
7058,11315,2026-06-28T12:28:50.671000+00:00,34.5,47.5,27.0,941.6,0,1.1,224
7059,11315,2026-06-28T12:30:50.680000+00:00,34.7,49.0,27.4,941.6,0,3.1,285
7060,11315,2026-06-28T12:32:50.701000+00:00,34.6,48.5,28.1,941.5,0,1.3,287
7061,11315,2026-06-28T12:34:50.730000+00:00,34.6,46.7,26.6,941.5,0,2.8,300
7062,11315,2026-06-28T12:36:50.779000+00:00,34.5,42.6,27.1,941.5,0,0.4,238
7063,11315,2026-06-28T12:38:50.807000+00:00,34.6,46.7,26.2,941.5,0,1.6,279
7064,11315,2026-06-28T12:40:50.821000+00:00,34.5,46.5,26.1,941.5,0,0.7,266
7065,11315,2026-06-28T12:42:50.862000+00:00,34.7,46.9,26.0,941.4,0,0.9,291
7066,11315,2026-06-28T12:44:50.869000+00:00,34.8,48.9,25.6,941.4,0,2.5,284
7067,11315,2026-06-28T12:46:50.895000+00:00,34.5,48.5,26.7,941.4,0,2.5,255
7068,11315,2026-06-28T12:48:50.909000+00:00,34.4,45.2,27.7,941.5,0,0.7,44
7069,11315,2026-06-28T12:50:50.922000+00:00,34.3,45.5,27.7,941.5,0,1.6,66
7070,11315,2026-06-28T12:52:50.941000+00:00,34.3,47.1,27.6,941.4,0,0.7,310
7071,11315,2026-06-28T12:54:50.954000+00:00,34.5,46.3,27.9,941.4,0,0.6,255
7072,11315,2026-06-28T12:56:50.966000+00:00,34.6,47.0,28.7,941.3,0,2.0,320
7073,11315,2026-06-28T12:58:50.989000+00:00,34.5,48.7,28.6,941.4,0,1.0,294
7074,11315,2026-06-28T13:00:50.996000+00:00,34.8,49.2,30.1,941.3,0,1.8,216
7075,11315,2026-06-28T13:02:51.023000+00:00,34.7,49.0,29.3,941.3,0,0.8,310
7076,11315,2026-06-28T13:04:51.041000+00:00,34.5,49.5,30.0,941.4,0,3.5,299
7077,11315,2026-06-28T13:06:51.047000+00:00,34.5,50.7,30.3,941.3,0,1.1,57
7078,11315,2026-06-28T13:08:51.072000+00:00,34.4,50.3,29.9,941.3,0,2.4,94
7079,11315,2026-06-28T13:10:51.094000+00:00,34.5,50.7,30.8,941.3,0,1.9,356
7080,11315,2026-06-28T13:12:51.105000+00:00,34.7,51.1,30.6,941.3,0,1.8,68
7081,11315,2026-06-28T13:14:51.114000+00:00,34.8,50.9,29.6,941.2,0,0.0,0
7082,11315,2026-06-28T13:16:51.128000+00:00,34.7,51.1,29.9,941.2,0,1.7,287
7083,11315,2026-06-28T13:18:51.158000+00:00,34.7,51.2,29.6,941.3,0,1.0,331
7084,11315,2026-06-28T13:20:51.167000+00:00,34.7,51.6,28.9,941.3,0,2.1,332
7085,11315,2026-06-28T13:22:51.195000+00:00,34.6,51.3,28.5,941.3,0,2.2,25
7086,11315,2026-06-28T13:24:51.213000+00:00,34.5,51.1,29.6,941.3,0,0.6,36
7087,11315,2026-06-28T13:26:51.245000+00:00,34.7,51.4,28.8,941.3,0,1.2,331
7088,11315,2026-06-28T13:28:51.267000+00:00,34.9,50.9,29.3,941.3,0,1.0,60
7089,11315,2026-06-28T13:30:51.313000+00:00,35.1,50.8,30.3,941.4,0,2.7,27
7090,11315,2026-06-28T13:32:51.354000+00:00,34.9,51.3,31.5,941.3,0,1.2,348
7091,11315,2026-06-28T13:34:51.402000+00:00,34.9,50.8,29.9,941.3,0,1.3,69
7092,11315,2026-06-28T13:36:51.413000+00:00,34.5,51.0,29.9,941.2,0,2.4,0
7093,11315,2026-06-28T13:38:51.436000+00:00,34.3,51.5,30.5,941.2,0,1.7,325
7094,11315,2026-06-28T13:40:51.442000+00:00,34.7,51.2,31.1,941.2,0,2.6,351
7095,11315,2026-06-28T13:42:51.477000+00:00,34.5,51.4,31.8,941.2,0,1.5,337
7096,11315,2026-06-28T13:44:51.495000+00:00,34.5,51.5,30.9,941.3,0,1.3,49
7097,11315,2026-06-28T13:46:51.512000+00:00,34.7,50.9,31.7,941.2,0,0.0,0
7098,11315,2026-06-28T13:48:51.541000+00:00,34.6,51.3,32.3,941.1,0,2.2,62
7099,11315,2026-06-28T13:50:51.568000+00:00,34.5,50.8,32.1,941.3,0,1.9,326
7100,11315,2026-06-28T13:52:51.611000+00:00,34.4,51.3,32.4,941.3,0,2.0,360
7101,11315,2026-06-28T13:54:51.651000+00:00,34.5,51.9,31.6,941.3,0,1.3,65
7102,11315,2026-06-28T13:56:51.670000+00:00,34.5,52.1,30.7,941.3,0,1.6,141
7103,11315,2026-06-28T13:58:51.723000+00:00,34.7,52.0,30.2,941.3,0,0.9,283
7104,11315,2026-06-28T14:00:51.730000+00:00,34.8,52.0,31.0,941.2,0,0.9,324
7105,11315,2026-06-28T14:02:51.759000+00:00,34.8,51.6,30.9,941.2,0,1.3,278
7106,11315,2026-06-28T14:04:51.763000+00:00,34.7,51.3,31.9,941.1,0,0.0,0
7107,11315,2026-06-28T14:06:51.776000+00:00,34.5,51.5,30.7,941.2,0,0.8,352
7108,11315,2026-06-28T14:08:51.794000+00:00,34.4,50.6,30.2,941.2,0,2.2,329
7109,11315,2026-06-28T14:10:51.837000+00:00,34.3,51.2,31.9,941.2,0,1.5,360
7110,11315,2026-06-28T14:12:51.860000+00:00,34.2,50.8,31.4,941.2,0,3.4,321
7111,11315,2026-06-28T14:14:51.877000+00:00,34.3,50.7,31.1,941.1,0,1.5,333
7112,11315,2026-06-28T14:16:51.911000+00:00,34.3,51.1,32.3,941.1,0,0.7,97
7113,11315,2026-06-28T14:18:51.930000+00:00,34.6,51.2,31.4,941.2,0,0.9,36
7114,11315,2026-06-28T14:20:51.949000+00:00,34.6,51.3,32.1,941.1,0,1.3,309
7115,11315,2026-06-28T14:22:51.950000+00:00,34.5,51.0,30.9,941.2,0,2.3,97
7116,11315,2026-06-28T14:24:51.976000+00:00,34.1,50.8,32.2,941.1,0,2.3,37
7117,11315,2026-06-28T14:26:52.003000+00:00,34.5,51.0,30.9,941.0,0,2.3,123
7118,11315,2026-06-28T14:28:52.039000+00:00,34.5,51.0,31.0,941.1,0,0.9,39
7119,11315,2026-06-28T14:30:52.067000+00:00,34.3,50.5,31.1,941.1,0,0.9,148
7120,11315,2026-06-28T14:32:52.087000+00:00,34.2,50.2,31.2,941.2,0,0.9,55
7121,11315,2026-06-28T14:34:52.142000+00:00,34.0,50.0,32.9,941.1,0,1.0,328
7122,11321,2026-07-04T10:16:53.152000+00:00,21.7,35.2,58.8,1008.8,0,0.3,134
7123,11321,2026-07-04T10:18:53.161000+00:00,22.0,31.8,58.3,1008.8,0,2.1,109
7124,11321,2026-07-04T10:20:53.167000+00:00,21.7,33.5,58.0,1008.8,0,1.1,166
7125,11321,2026-07-04T10:22:53.158000+00:00,21.6,36.5,58.5,1008.8,0,2.2,288
7126,11321,2026-07-04T10:24:53.175000+00:00,21.8,36.5,58.5,1008.8,0,2.2,288
7127,11321,2026-07-04T10:26:53.195000+00:00,21.9,36.5,58.5,1008.8,0,2.2,288
7128,11321,2026-07-04T10:28:53.211000+00:00,21.7,34.7,57.4,1008.9,0,0.0,0
7129,11321,2026-07-04T10:30:53.252000+00:00,22.4,34.7,57.4,1008.9,0,0.0,0
7130,11321,2026-07-04T10:32:53.270000+00:00,22.3,37.5,58.1,1008.8,0,1.5,258
7131,11321,2026-07-04T10:34:53.268000+00:00,21.6,35.2,56.0,1008.8,0,1.9,132
7132,11321,2026-07-04T10:36:53.310000+00:00,21.4,35.2,56.0,1008.8,0,1.9,132
7133,11321,2026-07-04T10:38:53.310000+00:00,21.8,36.0,57.9,1008.7,0,2.9,222
7134,11321,2026-07-04T10:40:53.323000+00:00,22.1,35.5,56.9,1008.7,0,3.4,212
7135,11321,2026-07-04T10:42:53.325000+00:00,22.1,36.2,56.3,1008.9,0,1.6,156
7136,11321,2026-07-04T10:44:53.341000+00:00,23.0,37.3,53.7,1008.8,0,2.5,255
7137,11321,2026-07-04T10:46:53.356000+00:00,22.7,36.3,54.9,1008.7,0,3.5,240
7138,11321,2026-07-04T10:48:53.337000+00:00,22.5,37.4,56.0,1008.9,0,3.6,223
7139,11321,2026-07-04T10:50:53.356000+00:00,22.7,37.4,54.8,1008.6,0,1.2,189
7140,11321,2026-07-04T10:52:53.355000+00:00,22.7,37.4,54.8,1008.6,0,1.2,189
7141,11321,2026-07-04T10:54:53.355000+00:00,22.5,37.4,54.8,1008.6,0,1.2,189
7142,11321,2026-07-04T10:56:53.355000+00:00,22.5,37.4,54.8,1008.6,0,1.2,189
7143,11321,2026-07-04T10:58:53.355000+00:00,22.7,37.7,52.9,1008.5,0,3.1,236
7144,11321,2026-07-04T11:00:53.399000+00:00,23.0,37.7,52.9,1008.5,0,3.1,236
7145,11321,2026-07-04T11:02:53.417000+00:00,22.6,38.9,54.2,1008.8,0,0.8,96
7146,11321,2026-07-04T11:04:53.402000+00:00,22.9,37.2,53.1,1008.6,0,2.3,302
7147,11321,2026-07-04T11:06:53.445000+00:00,22.9,37.7,52.7,1008.5,0,1.7,273
7148,11321,2026-07-04T11:08:53.458000+00:00,22.7,39.7,53.2,1008.7,0,1.8,242
7149,11321,2026-07-04T11:10:53.495000+00:00,22.8,40.8,53.5,1008.7,0,3.5,251
7150,11321,2026-07-04T11:12:53.491000+00:00,22.9,40.4,52.1,1008.7,0,3.8,241
7151,11321,2026-07-04T11:14:53.508000+00:00,22.7,39.1,54.0,1008.7,0,2.2,266
7152,11321,2026-07-04T11:16:53.551000+00:00,22.7,37.3,53.8,1008.7,0,4.5,235
7153,11321,2026-07-04T11:18:53.555000+00:00,23.4,36.7,54.0,1008.6,0,4.9,244
7154,11321,2026-07-04T11:20:53.554000+00:00,23.1,39.1,54.8,1008.6,0,3.5,266
7155,11321,2026-07-04T11:22:53.547000+00:00,23.2,39.5,53.6,1008.7,0,2.1,256
7156,11321,2026-07-04T11:24:53.562000+00:00,23.2,39.3,51.8,1008.8,0,3.0,223
7157,11321,2026-07-04T11:26:53.565000+00:00,23.2,40.5,53.1,1008.6,0,1.9,130
7158,11321,2026-07-04T11:28:53.584000+00:00,23.4,38.8,52.7,1008.5,0,2.0,239
7159,11321,2026-07-04T11:30:53.575000+00:00,24.3,38.6,52.2,1008.6,0,1.9,266
7160,11321,2026-07-04T11:32:53.587000+00:00,23.2,36.9,53.0,1008.5,0,0.4,299
7161,11321,2026-07-04T11:34:53.587000+00:00,23.1,38.7,53.6,1008.5,0,3.1,238
7162,11326,2026-07-05T13:08:59.164000+00:00,22.8,37.9,55.9,1007.0,0,1.4,212
7163,11326,2026-07-05T13:10:59.199000+00:00,22.9,37.8,56.6,1007.1,0,0.5,345
7164,11326,2026-07-05T13:12:59.213000+00:00,23.1,38.5,54.9,1007.0,0,1.0,158
7165,11326,2026-07-05T13:14:59.232000+00:00,23.3,38.1,54.8,1006.9,0,1.4,100
7166,11326,2026-07-05T13:16:59.216000+00:00,23.1,37.8,55.9,1006.9,0,1.8,220
7167,11326,2026-07-05T13:18:59.260000+00:00,23.4,38.2,56.2,1006.7,0,1.6,233
7168,11326,2026-07-05T13:20:59.281000+00:00,23.2,40.2,54.2,1006.8,0,1.6,181
7169,11326,2026-07-05T13:22:59.307000+00:00,23.3,41.1,54.1,1006.9,0,1.9,264
7170,11326,2026-07-05T13:24:59.301000+00:00,23.4,41.1,53.5,1006.9,0,0.8,193
7171,11326,2026-07-05T13:26:59.301000+00:00,23.4,41.1,53.5,1006.9,0,0.8,193
7172,11326,2026-07-05T13:28:59.302000+00:00,23.8,40.0,52.8,1006.8,0,2.6,248
7173,11326,2026-07-05T13:30:59.303000+00:00,23.7,39.2,53.2,1006.8,0,2.8,246
7174,11326,2026-07-05T13:32:59.306000+00:00,23.6,39.2,53.2,1006.8,0,2.8,246
7175,11326,2026-07-05T13:34:59.316000+00:00,23.5,37.6,54.3,1006.8,0,3.1,267
7176,11326,2026-07-05T13:36:59.325000+00:00,23.5,37.6,54.3,1006.8,0,3.1,267
7177,11326,2026-07-05T13:38:59.356000+00:00,23.7,38.9,53.4,1006.7,0,1.3,295
7178,11326,2026-07-05T13:40:59.374000+00:00,23.9,38.9,53.4,1006.7,0,1.3,295
7179,11326,2026-07-05T13:42:59.406000+00:00,23.8,38.9,51.4,1006.8,0,2.4,209
7180,11326,2026-07-05T13:44:59.426000+00:00,23.8,40.7,53.9,1006.7,0,1.3,223
7181,11326,2026-07-05T13:46:59.441000+00:00,23.9,40.6,52.8,1006.7,0,2.7,241
7182,11326,2026-07-05T13:48:59.490000+00:00,24.0,40.6,52.8,1006.7,0,2.7,241
7183,11326,2026-07-05T13:50:59.463000+00:00,24.6,41.5,51.0,1006.8,0,0.9,244
7184,11326,2026-07-05T13:52:59.493000+00:00,24.4,41.5,49.7,1006.7,0,0.7,167
7185,11326,2026-07-05T13:54:59.525000+00:00,24.5,41.2,49.9,1006.7,0,1.1,12
7186,11326,2026-07-05T13:56:59.548000+00:00,24.8,41.9,50.8,1006.5,0,3.3,205
7187,11326,2026-07-05T13:58:59.559000+00:00,24.4,39.4,50.3,1006.6,0,1.6,206
7188,11326,2026-07-05T14:00:59.551000+00:00,24.3,39.3,49.5,1006.6,0,1.2,171
7189,11326,2026-07-05T14:02:59.561000+00:00,24.3,41.1,51.2,1006.6,0,1.6,167
7190,11326,2026-07-05T14:04:59.585000+00:00,24.4,40.6,52.3,1006.6,0,1.3,185
7191,11326,2026-07-05T14:06:59.584000+00:00,24.4,42.3,50.0,1006.5,0,2.2,265
7192,11326,2026-07-05T14:08:59.581000+00:00,24.6,42.3,50.2,1006.5,0,1.5,296
7193,11326,2026-07-05T14:10:59.582000+00:00,24.5,42.6,49.9,1006.5,0,2.3,217
7194,11326,2026-07-05T14:12:59.590000+00:00,24.5,42.3,49.9,1006.4,0,2.8,250
7195,11326,2026-07-05T14:14:59.591000+00:00,24.8,42.3,49.8,1006.5,0,0.8,180
7196,11326,2026-07-05T14:16:59.599000+00:00,25.0,41.5,46.7,1006.4,0,0.9,77
7197,11326,2026-07-05T14:18:59.597000+00:00,25.2,42.4,46.7,1006.4,0,2.8,78
7198,11326,2026-07-05T14:20:59.597000+00:00,25.2,42.4,46.7,1006.4,0,2.8,78
7199,11326,2026-07-05T14:22:59.597000+00:00,24.9,42.4,46.7,1006.4,0,2.8,78
7200,11326,2026-07-05T14:24:59.597000+00:00,25.0,43.7,48.3,1006.5,0,1.1,249
7201,11326,2026-07-05T14:26:59.601000+00:00,24.9,43.7,49.0,1006.4,0,2.7,232
7202,11326,2026-07-05T14:28:59.596000+00:00,25.0,42.9,48.6,1006.4,0,3.7,251
7203,11326,2026-07-05T14:30:59.598000+00:00,24.9,42.6,48.6,1006.5,0,1.1,220
7204,11326,2026-07-05T14:32:59.598000+00:00,25.5,41.4,47.7,1006.3,0,4.2,267
7205,11326,2026-07-05T14:34:59.611000+00:00,25.3,40.8,48.4,1006.4,0,1.2,267
7206,11326,2026-07-05T14:36:59.597000+00:00,26.0,40.8,48.4,1006.4,0,1.2,267
7207,11326,2026-07-05T14:38:59.608000+00:00,25.5,41.5,48.2,1006.4,0,0.4,65
7208,11326,2026-07-05T14:40:59.607000+00:00,25.3,41.3,48.5,1006.3,0,1.6,234
7209,11326,2026-07-05T14:42:59.607000+00:00,26.0,41.3,48.5,1006.3,0,1.6,234
7210,11326,2026-07-05T14:44:59.608000+00:00,25.6,39.3,48.5,1006.3,0,2.8,250
7211,11326,2026-07-05T14:46:59.621000+00:00,25.1,39.3,49.5,1006.3,0,1.7,219
7212,11326,2026-07-05T14:48:59.656000+00:00,24.8,38.4,50.8,1006.3,0,2.3,246
7213,11326,2026-07-05T14:50:59.673000+00:00,25.0,37.5,50.1,1006.4,0,0.8,263
7214,11326,2026-07-05T14:52:59.674000+00:00,25.0,38.8,50.4,1006.3,0,0.6,244
7215,11326,2026-07-05T14:54:59.710000+00:00,25.2,37.7,50.5,1006.3,0,2.1,269
7216,11326,2026-07-05T14:56:59.709000+00:00,25.6,38.3,49.2,1006.2,0,1.9,207
7217,11326,2026-07-05T14:58:59.716000+00:00,25.6,38.9,48.4,1006.2,0,1.5,112
7218,11326,2026-07-05T15:00:59.729000+00:00,25.4,38.9,48.4,1006.2,0,1.5,112
7219,11326,2026-07-05T15:02:59.745000+00:00,25.3,38.9,48.4,1006.2,0,1.5,112
7220,11326,2026-07-05T15:04:59.735000+00:00,25.4,38.9,48.4,1006.2,0,1.5,112
7221,11326,2026-07-05T15:06:59.748000+00:00,25.3,38.4,47.9,1006.0,0,1.4,247
7222,11326,2026-07-05T15:08:59.753000+00:00,25.4,38.8,48.4,1006.2,0,0.8,110
7223,11326,2026-07-05T15:10:59.781000+00:00,25.4,38.7,47.2,1006.1,0,0.6,305
7224,11326,2026-07-05T15:12:59.802000+00:00,25.6,38.7,48.4,1006.0,0,1.2,242
7225,11326,2026-07-05T15:14:59.795000+00:00,25.4,38.2,48.2,1006.0,0,2.6,231
7226,11326,2026-07-05T15:16:59.835000+00:00,25.6,38.7,48.6,1005.9,0,2.0,255
7227,11326,2026-07-05T15:18:59.816000+00:00,25.6,39.3,47.2,1006.0,0,1.4,228
7228,11326,2026-07-05T15:20:59.818000+00:00,25.5,39.8,48.0,1006.0,0,0.6,144
7229,11326,2026-07-05T15:22:59.837000+00:00,25.7,39.5,48.1,1006.0,0,1.9,279
7230,11326,2026-07-05T15:24:59.836000+00:00,25.4,39.7,47.5,1005.9,0,1.7,212
7231,11326,2026-07-05T15:26:59.854000+00:00,25.5,39.3,46.5,1005.9,0,2.2,266
7232,11326,2026-07-05T15:28:59.872000+00:00,25.8,40.1,46.9,1005.9,0,2.2,262
7233,11326,2026-07-05T15:30:59.889000+00:00,25.8,40.4,46.3,1005.7,0,2.5,117
7234,11326,2026-07-05T15:32:59.890000+00:00,25.8,39.7,45.5,1005.8,0,1.3,245
7235,11326,2026-07-05T15:34:59.893000+00:00,25.8,39.9,45.6,1005.8,0,1.4,235
7236,11326,2026-07-05T15:36:59.894000+00:00,25.9,39.5,45.4,1005.9,0,0.7,21
7237,11326,2026-07-05T15:38:59.893000+00:00,25.6,39.4,46.0,1005.8,0,1.4,287
7238,11326,2026-07-05T15:40:59.896000+00:00,25.6,39.6,46.6,1005.8,0,1.5,130
7239,11326,2026-07-05T15:42:59.896000+00:00,25.5,39.6,47.0,1005.7,0,2.8,248
7240,11334,2026-07-19T12:08:37.363000+00:00,18.1,35.9,50.2,972.7,0,1.6,287
7241,11334,2026-07-19T12:10:37.418000+00:00,18.9,37.0,49.3,972.7,0,2.3,297
7242,11334,2026-07-19T12:12:37.388000+00:00,18.2,36.7,48.9,972.6,0,1.4,5
7243,11334,2026-07-19T12:14:37.390000+00:00,18.1,35.9,50.4,972.7,0,3.7,319
7244,11334,2026-07-19T12:16:37.392000+00:00,18.4,35.4,49.3,972.8,0,3.6,334
7245,11334,2026-07-19T12:18:37.388000+00:00,18.7,35.2,50.0,972.6,0,1.8,304
7246,11334,2026-07-19T12:20:37.394000+00:00,18.5,36.3,47.9,972.7,0,2.5,330
7247,11334,2026-07-19T12:22:37.399000+00:00,18.1,34.4,49.2,972.8,0,0.5,14
7248,11334,2026-07-19T12:24:37.399000+00:00,18.2,34.3,47.8,972.7,0,2.7,77
7249,11334,2026-07-19T12:26:37.398000+00:00,18.4,33.3,48.3,972.7,0,2.7,357
7250,11334,2026-07-19T12:28:37.409000+00:00,18.4,33.2,49.7,972.7,0,0.8,351
7251,11334,2026-07-19T12:30:37.446000+00:00,18.5,31.8,49.3,972.7,0,1.5,269
7252,11334,2026-07-19T12:32:37.431000+00:00,18.0,31.4,49.3,972.8,0,1.2,255
7253,11334,2026-07-19T12:34:37.432000+00:00,17.8,31.7,49.8,972.7,0,3.9,317
7254,11334,2026-07-19T12:36:37.433000+00:00,17.8,26.8,51.0,972.8,0,3.6,293
7255,11334,2026-07-19T12:38:37.434000+00:00,17.7,27.8,52.2,972.8,0,1.6,300
7256,11334,2026-07-19T12:40:37.430000+00:00,17.6,27.8,51.3,972.8,0,1.1,287
7257,11334,2026-07-19T12:42:37.444000+00:00,18.2,27.8,50.5,972.9,0,2.5,309
7258,11334,2026-07-19T12:44:37.443000+00:00,17.4,27.6,51.1,972.8,0,1.3,257
7259,11334,2026-07-19T12:46:37.446000+00:00,17.4,28.3,50.7,972.8,0,1.7,295
7260,11334,2026-07-19T12:48:37.453000+00:00,17.4,28.6,50.3,972.8,0,2.8,287
7261,11334,2026-07-19T12:50:37.448000+00:00,17.5,27.5,48.1,973.0,0,1.0,253
7262,11334,2026-07-19T12:52:37.441000+00:00,18.0,28.9,50.1,972.9,0,2.3,322
7263,11334,2026-07-19T12:54:37.450000+00:00,17.5,28.1,50.3,973.0,0,2.6,297
7264,11334,2026-07-19T12:56:37.457000+00:00,17.4,27.9,50.3,972.9,0,0.4,326
7265,11334,2026-07-19T12:58:37.464000+00:00,16.8,28.1,51.5,972.9,0,1.9,309
7266,11334,2026-07-19T13:00:37.485000+00:00,17.6,29.1,53.0,973.0,0,3.9,319
7267,11334,2026-07-19T13:02:37.487000+00:00,17.1,28.9,53.1,972.9,0,3.4,317
7268,11334,2026-07-19T13:04:37.494000+00:00,17.1,34.4,53.6,973.0,0,1.8,318
7269,11334,2026-07-19T13:06:37.496000+00:00,17.0,29.0,53.0,973.1,0,2.3,306
7270,11334,2026-07-19T13:08:37.489000+00:00,17.1,28.1,52.3,973.0,0,3.3,326
7271,11334,2026-07-19T13:10:37.492000+00:00,17.0,28.3,53.5,973.0,0,1.7,314
7272,11334,2026-07-19T13:12:37.494000+00:00,17.0,28.4,52.9,973.1,0,2.4,313
7273,11334,2026-07-19T13:14:37.502000+00:00,17.0,28.4,53.2,973.0,0,3.0,303
7274,11334,2026-07-19T13:16:37.515000+00:00,17.1,28.4,53.3,973.0,0,2.5,301
7275,11334,2026-07-19T13:18:37.513000+00:00,17.2,28.4,52.5,973.0,0,3.0,317
7276,11334,2026-07-19T13:20:37.524000+00:00,17.2,28.0,52.9,973.0,0,3.3,327
7277,11334,2026-07-19T13:22:37.519000+00:00,17.2,28.2,53.7,973.0,0,2.0,327
7278,11334,2026-07-19T13:24:37.531000+00:00,17.2,28.8,53.8,973.0,0,2.0,302
7279,11334,2026-07-19T13:26:37.536000+00:00,17.3,29.5,53.7,973.1,0,0.4,336
7280,11334,2026-07-19T13:28:37.548000+00:00,17.4,29.0,52.2,973.0,0,1.4,298
7281,11334,2026-07-19T13:30:37.539000+00:00,17.5,29.2,52.3,973.0,0,0.7,315
7282,11334,2026-07-19T13:32:37.559000+00:00,17.6,28.9,52.1,973.0,0,1.4,315
7283,11334,2026-07-19T13:34:37.552000+00:00,17.5,28.9,52.9,972.9,0,2.3,342
7284,11334,2026-07-19T13:36:37.547000+00:00,17.5,28.8,54.2,973.0,0,0.7,302
7285,11334,2026-07-19T13:38:37.537000+00:00,17.5,31.3,53.5,972.9,0,2.1,317
7286,11334,2026-07-19T13:40:37.547000+00:00,17.7,30.0,54.0,972.9,0,2.5,291
7287,11334,2026-07-19T13:42:37.586000+00:00,18.0,30.7,52.3,972.9,0,1.9,303
7288,11334,2026-07-19T13:44:37.554000+00:00,18.2,30.9,51.3,972.9,0,1.7,298
7289,11334,2026-07-19T13:46:37.562000+00:00,18.1,32.3,50.3,972.7,0,1.6,313
7290,11334,2026-07-19T13:48:37.566000+00:00,18.0,32.2,50.7,972.8,0,2.3,295
7291,11334,2026-07-19T13:50:37.578000+00:00,18.1,32.5,48.0,972.6,0,2.2,298
7292,11334,2026-07-19T13:52:37.576000+00:00,18.5,32.7,47.4,972.7,0,1.2,338
7293,11334,2026-07-19T13:54:37.561000+00:00,18.4,31.9,47.8,972.6,0,2.5,300
7294,11334,2026-07-19T13:56:37.573000+00:00,18.6,32.2,45.2,972.6,0,0.7,220
7295,11334,2026-07-19T13:58:37.560000+00:00,18.7,32.5,43.5,972.5,0,0.7,259
7296,11334,2026-07-19T14:00:37.546000+00:00,18.9,33.3,43.7,972.6,0,1.3,350
7297,11334,2026-07-19T14:02:37.554000+00:00,19.0,33.1,40.7,972.5,0,0.8,299
7298,11334,2026-07-19T14:04:37.585000+00:00,19.0,32.5,40.6,972.6,0,2.3,302
7299,11334,2026-07-19T14:06:37.579000+00:00,19.1,32.0,40.8,972.6,0,2.1,278
7300,11334,2026-07-19T14:08:37.567000+00:00,19.1,33.0,40.8,972.6,0,1.4,312
7301,11334,2026-07-19T14:10:37.577000+00:00,19.3,32.9,41.5,972.7,0,1.3,303
7302,11334,2026-07-19T14:12:37.588000+00:00,19.2,33.3,43.1,972.7,0,1.8,319
7303,11334,2026-07-19T14:14:37.582000+00:00,19.3,33.6,43.7,972.6,0,0.5,47
7304,11334,2026-07-19T14:16:37.571000+00:00,19.2,33.3,43.7,972.6,0,1.4,353
7305,11334,2026-07-19T14:18:37.638000+00:00,19.1,32.9,44.0,972.7,0,0.0,0
7306,11334,2026-07-19T14:20:37.583000+00:00,19.0,34.0,44.8,972.5,0,1.9,334
7307,11334,2026-07-19T14:22:37.636000+00:00,19.0,32.6,43.3,972.5,0,0.0,0
7308,11334,2026-07-19T14:24:37.620000+00:00,19.1,30.9,40.9,972.6,0,3.7,307
7309,11334,2026-07-19T14:26:37.614000+00:00,18.9,29.9,41.5,972.6,0,2.9,297
7310,11334,2026-07-19T14:28:37.613000+00:00,18.8,30.7,41.6,972.5,0,2.1,321
7311,11334,2026-07-19T14:30:37.614000+00:00,18.8,30.1,41.2,972.7,0,0.0,0
7312,11334,2026-07-19T14:32:37.615000+00:00,18.8,30.1,40.7,972.6,0,3.1,333
7313,11342,2026-07-26T12:09:41.419000+00:00,30.0,51.3,25.6,980.6,0,1.9,145
7314,11342,2026-07-26T12:11:41.415000+00:00,29.8,50.6,25.9,980.5,0,2.3,126
7315,11342,2026-07-26T12:13:41.432000+00:00,29.8,48.6,25.8,980.5,0,3.1,149
7316,11342,2026-07-26T12:15:41.450000+00:00,29.6,50.7,26.1,980.5,0,1.4,118
7317,11342,2026-07-26T12:17:41.463000+00:00,29.7,52.3,25.8,980.5,0,3.9,161
7318,11342,2026-07-26T12:19:41.478000+00:00,29.8,50.1,25.3,980.4,0,0.9,134
7319,11342,2026-07-26T12:21:41.503000+00:00,29.7,49.2,26.4,980.4,0,3.7,83
7320,11342,2026-07-26T12:23:41.528000+00:00,29.8,51.6,25.7,980.4,0,0.8,116
7321,11342,2026-07-26T12:25:41.542000+00:00,30.0,52.3,26.1,980.3,0,2.6,115
7322,11342,2026-07-26T12:27:41.558000+00:00,30.2,53.2,25.2,980.3,0,1.2,153
7323,11342,2026-07-26T12:29:41.572000+00:00,30.4,51.5,24.9,980.5,0,4.4,157
7324,11342,2026-07-26T12:31:41.584000+00:00,30.4,52.0,25.1,980.4,0,2.0,100
7325,11342,2026-07-26T12:33:41.588000+00:00,30.4,51.7,25.9,980.4,0,2.8,125
7326,11342,2026-07-26T12:35:41.591000+00:00,30.4,52.0,25.5,980.3,0,2.9,128
7327,11342,2026-07-26T12:37:41.602000+00:00,30.5,52.0,25.4,980.2,0,2.1,129
7328,11342,2026-07-26T12:39:41.594000+00:00,30.2,52.6,25.2,980.2,0,2.7,114
7329,11342,2026-07-26T12:41:41.600000+00:00,30.2,51.1,25.3,980.2,0,2.4,136
7330,11342,2026-07-26T12:43:41.591000+00:00,30.2,52.1,25.6,980.1,0,2.4,140
7331,11342,2026-07-26T12:45:41.608000+00:00,30.2,51.8,25.7,980.3,0,2.4,83
7332,11342,2026-07-26T12:47:41.591000+00:00,30.7,52.6,25.0,980.4,0,2.5,152
7333,11342,2026-07-26T12:49:41.602000+00:00,30.7,52.5,25.1,980.2,0,2.4,161
7334,11342,2026-07-26T12:51:41.606000+00:00,30.7,50.7,24.5,980.4,0,1.7,206
7335,11342,2026-07-26T12:53:41.602000+00:00,30.3,52.2,25.3,980.3,0,1.7,105
7336,11342,2026-07-26T12:55:41.614000+00:00,30.2,50.8,25.0,980.3,0,2.8,105
7337,11342,2026-07-26T12:57:41.628000+00:00,30.3,52.3,26.0,980.2,0,1.1,97
7338,11342,2026-07-26T12:59:41.652000+00:00,30.4,52.5,25.3,980.2,0,1.6,113
7339,11342,2026-07-26T13:01:41.666000+00:00,30.2,52.1,25.8,980.1,0,2.7,104
7340,11342,2026-07-26T13:03:41.658000+00:00,30.4,52.8,25.2,980.2,0,4.7,118
7341,11342,2026-07-26T13:05:41.677000+00:00,31.0,51.4,25.0,980.1,0,4.7,107
7342,11342,2026-07-26T13:07:41.702000+00:00,30.5,53.1,25.9,980.1,0,3.2,131
7343,11342,2026-07-26T13:09:41.730000+00:00,30.6,52.9,25.5,980.1,0,3.2,139
7344,11342,2026-07-26T13:11:41.743000+00:00,30.6,52.3,25.2,980.1,0,4.3,145
7345,11342,2026-07-26T13:13:41.743000+00:00,30.7,51.7,25.1,980.1,0,1.7,130
7346,11342,2026-07-26T13:15:41.751000+00:00,30.7,52.8,25.5,980.0,0,2.0,134
7347,11342,2026-07-26T13:17:41.805000+00:00,30.8,51.4,25.2,980.1,0,3.0,175
7348,11342,2026-07-26T13:19:41.853000+00:00,30.8,50.5,25.9,980.0,0,0.5,58
7349,11342,2026-07-26T13:21:41.882000+00:00,30.9,51.0,25.4,980.0,0,2.8,153
7350,11342,2026-07-26T13:23:41.883000+00:00,30.8,52.5,25.8,980.0,0,1.3,123
7351,11342,2026-07-26T13:25:41.930000+00:00,30.9,52.9,25.8,980.0,0,0.6,121
7352,11342,2026-07-26T13:27:41.937000+00:00,31.1,52.3,25.1,980.0,0,3.0,147
7353,11342,2026-07-26T13:29:41.935000+00:00,31.3,51.6,24.6,979.9,0,1.8,108
7354,11342,2026-07-26T13:31:41.933000+00:00,31.1,52.4,24.7,980.0,0,1.1,151
7355,11342,2026-07-26T13:33:41.936000+00:00,31.1,52.1,25.1,980.0,0,3.5,156
7356,11342,2026-07-26T13:35:41.949000+00:00,31.3,51.9,25.7,980.0,0,3.3,156
7357,11342,2026-07-26T13:37:41.959000+00:00,31.3,49.6,25.5,980.0,0,2.3,115
7358,11342,2026-07-26T13:39:41.987000+00:00,31.0,50.7,26.1,980.0,0,1.7,115
7359,11342,2026-07-26T13:41:41.987000+00:00,30.7,50.6,25.9,980.0,0,3.1,107
7360,11342,2026-07-26T13:43:42.008000+00:00,30.9,50.0,25.6,979.7,0,3.7,109
7361,11342,2026-07-26T13:45:42.036000+00:00,31.1,51.2,25.8,979.9,0,3.5,130
7362,11342,2026-07-26T13:47:42.041000+00:00,31.5,50.3,25.4,979.9,0,1.8,116
7363,11342,2026-07-26T13:49:42.069000+00:00,31.2,51.1,25.2,979.9,0,0.6,128
7364,11342,2026-07-26T13:51:42.070000+00:00,31.1,49.2,25.4,979.9,0,1.8,128
7365,11342,2026-07-26T13:53:42.114000+00:00,31.1,48.7,25.9,979.9,0,4.1,76
7366,11342,2026-07-26T13:55:42.117000+00:00,31.0,50.3,26.0,979.9,0,2.4,158
7367,11342,2026-07-26T13:57:42.157000+00:00,31.0,49.8,25.8,979.8,0,1.5,73
7368,11342,2026-07-26T14:00:42.160000+00:00,31.0,49.3,25.7,979.8,0,2.8,140
7369,11342,2026-07-26T14:02:42.156000+00:00,31.0,49.6,26.0,979.8,0,2.2,124
7370,11342,2026-07-26T14:04:42.169000+00:00,31.4,49.9,26.1,979.8,0,1.9,129
7371,11342,2026-07-26T14:06:42.173000+00:00,31.0,50.5,25.5,979.8,0,1.2,109
7372,11342,2026-07-26T14:08:42.218000+00:00,31.1,50.4,24.7,979.7,0,1.0,159
7373,11342,2026-07-26T14:10:42.213000+00:00,31.2,50.4,24.8,979.7,0,1.8,123
7374,11342,2026-07-26T14:12:42.226000+00:00,31.3,48.4,25.1,979.7,0,1.6,132
7375,11342,2026-07-26T14:14:42.265000+00:00,31.3,49.4,25.7,979.6,0,2.2,132
7376,11342,2026-07-26T14:16:42.262000+00:00,31.3,49.4,25.2,979.5,0,2.7,136
7377,11342,2026-07-26T14:18:42.268000+00:00,31.4,48.4,25.2,979.5,0,1.3,142
7378,11342,2026-07-26T14:20:42.283000+00:00,31.2,47.5,25.9,979.5,0,4.3,124
7379,11342,2026-07-26T14:22:42.302000+00:00,31.3,48.7,26.0,979.5,0,2.7,123
7380,11342,2026-07-26T14:24:42.339000+00:00,31.3,46.6,25.5,979.6,0,0.8,108
7381,11342,2026-07-26T14:26:42.354000+00:00,31.1,47.8,26.5,979.5,0,1.8,77
7382,11342,2026-07-26T14:28:42.351000+00:00,31.1,48.3,26.2,979.6,0,2.5,145
7383,11342,2026-07-26T14:30:42.368000+00:00,31.1,48.5,26.2,979.6,0,2.1,180
7384,11342,2026-07-26T14:32:42.409000+00:00,31.2,48.5,26.4,979.5,0,1.1,108
7385,11342,2026-07-26T14:34:42.394000+00:00,31.3,49.3,25.9,979.4,0,1.6,114
7386,11342,2026-07-26T14:36:42.400000+00:00,31.4,49.2,26.0,979.4,0,3.0,155
7387,11342,2026-07-26T14:38:42.439000+00:00,31.6,48.5,25.6,979.4,0,2.7,153
7388,11342,2026-07-26T14:40:42.441000+00:00,31.5,48.5,26.0,979.3,0,2.9,127
7389,11342,2026-07-26T14:42:42.436000+00:00,31.4,46.5,26.4,979.4,0,3.2,118
7390,11342,2026-07-26T14:44:42.447000+00:00,31.3,46.9,26.8,979.4,0,3.3,121
7391,11348,2026-08-22T09:18:57.494000+00:00,18.2,24.5,60.1,1018.7,0,0.6,144
7392,11348,2026-08-22T09:20:57.531000+00:00,18.2,24.4,60.3,1018.5,0,4.0,16
7393,11348,2026-08-22T09:22:57.527000+00:00,18.0,24.9,59.3,1018.7,0,1.5,32
7394,11348,2026-08-22T09:24:57.548000+00:00,17.9,25.3,60.0,1018.7,0,0.4,84
7395,11348,2026-08-22T09:26:57.541000+00:00,17.8,27.1,61.7,1018.7,0,3.1,39
7396,11348,2026-08-22T09:28:57.555000+00:00,18.0,25.3,62.2,1018.5,0,2.1,115
7397,11348,2026-08-22T09:30:57.596000+00:00,18.0,24.2,63.6,1018.8,0,3.4,34
7398,11348,2026-08-22T09:32:57.601000+00:00,17.7,23.8,64.5,1018.7,1,3.1,77
7399,11348,2026-08-22T09:34:57.602000+00:00,17.5,23.6,64.6,1018.9,0,3.5,22
7400,11348,2026-08-22T09:36:57.603000+00:00,17.4,23.5,64.1,1018.9,0,2.8,43
7401,11348,2026-08-22T09:38:57.612000+00:00,17.3,23.4,63.9,1018.9,0,2.5,19
7402,11348,2026-08-22T09:40:57.615000+00:00,17.4,23.6,63.0,1019.0,0,2.2,64
7403,11348,2026-08-22T09:42:57.601000+00:00,17.6,22.9,62.4,1018.9,0,3.1,36
7404,11348,2026-08-22T09:44:57.642000+00:00,17.6,23.0,60.9,1018.9,0,2.5,35
7405,11348,2026-08-22T09:46:57.636000+00:00,17.5,23.4,60.2,1019.0,0,2.1,33
7406,11348,2026-08-22T09:48:57.639000+00:00,17.6,23.9,61.9,1018.9,0,2.1,54
7407,11348,2026-08-22T09:50:57.650000+00:00,17.7,24.1,63.8,1018.9,0,2.2,62
7408,11348,2026-08-22T09:52:57.648000+00:00,17.7,24.2,63.9,1019.0,0,2.1,37
7409,11348,2026-08-22T09:54:57.668000+00:00,17.6,25.3,63.5,1019.0,0,4.1,38
7410,11348,2026-08-22T09:56:57.692000+00:00,17.8,24.8,62.5,1019.0,0,2.7,52
7411,11348,2026-08-22T09:58:57.698000+00:00,17.8,24.6,59.4,1019.1,0,3.1,44
7412,11348,2026-08-22T10:00:57.709000+00:00,17.8,25.2,62.1,1019.1,0,3.0,79
7413,11348,2026-08-22T10:02:57.704000+00:00,18.0,26.3,61.4,1019.1,0,2.2,32
7414,11348,2026-08-22T10:04:57.726000+00:00,18.2,26.0,62.7,1019.1,0,1.3,26
7415,11348,2026-08-22T10:06:57.730000+00:00,18.1,26.4,62.0,1019.0,0,3.4,44
7416,11348,2026-08-22T10:08:57.743000+00:00,18.2,27.0,61.7,1019.1,0,2.2,24
7417,11348,2026-08-22T10:10:57.745000+00:00,18.1,28.3,61.5,1019.1,0,2.4,46
7418,11348,2026-08-22T10:12:57.787000+00:00,18.2,26.9,61.8,1019.2,0,3.0,51
7419,11348,2026-08-22T10:14:57.785000+00:00,18.2,25.3,62.8,1019.1,0,2.8,14
7420,11348,2026-08-22T10:16:57.784000+00:00,17.9,24.2,64.3,1019.3,0,4.2,61
7421,11348,2026-08-22T10:18:57.790000+00:00,17.7,26.7,64.2,1019.2,0,2.1,57
7422,11348,2026-08-22T10:20:57.783000+00:00,17.8,26.2,63.1,1019.3,0,2.5,32
7423,11348,2026-08-22T10:22:57.783000+00:00,17.8,27.4,62.3,1019.3,0,2.9,37
7424,11348,2026-08-22T10:24:57.785000+00:00,18.0,30.0,63.0,1019.3,0,3.0,78
7425,11348,2026-08-22T10:26:57.808000+00:00,18.4,29.0,63.1,1019.2,0,4.6,55
7426,11348,2026-08-22T10:28:57.822000+00:00,18.2,28.7,63.3,1019.3,0,2.7,43
7427,11348,2026-08-22T10:30:57.843000+00:00,18.1,27.4,65.0,1019.3,0,3.1,45
7428,11348,2026-08-22T10:32:57.881000+00:00,17.9,27.1,65.4,1019.4,0,3.2,32
7429,11348,2026-08-22T10:34:57.898000+00:00,17.7,25.0,66.2,1019.3,1,3.8,34
7430,11348,2026-08-22T10:36:57.930000+00:00,17.4,22.4,69.3,1019.5,1,3.7,43
7431,11353,2026-08-23T12:07:04.260000+00:00,18.7,32.9,56.2,1024.6,0,2.2,96
7432,11353,2026-08-23T12:09:04.271000+00:00,18.7,33.2,57.5,1024.6,0,0.7,58
7433,11353,2026-08-23T12:11:04.273000+00:00,18.5,32.0,57.8,1024.6,0,2.3,77
7434,11353,2026-08-23T12:13:04.256000+00:00,18.2,30.4,60.3,1024.7,0,2.7,56
7435,11353,2026-08-23T12:15:04.267000+00:00,17.9,28.8,66.4,1024.6,1,1.2,64
7436,11353,2026-08-23T12:17:04.262000+00:00,17.5,27.3,69.5,1024.7,1,1.7,48
7437,11353,2026-08-23T12:19:04.272000+00:00,17.1,27.0,71.8,1024.7,1,2.9,43
7438,11353,2026-08-23T12:21:04.272000+00:00,16.8,26.9,71.9,1024.7,1,0.8,95
7439,11353,2026-08-23T12:23:04.276000+00:00,16.7,26.3,72.4,1024.7,0,2.4,17
7440,11353,2026-08-23T12:25:04.285000+00:00,16.8,27.0,72.9,1024.7,0,1.1,56
7441,11353,2026-08-23T12:27:04.284000+00:00,16.8,26.6,72.6,1024.8,1,1.2,57
7442,11353,2026-08-23T12:29:04.283000+00:00,16.8,26.5,71.3,1024.8,0,2.4,47
7443,11353,2026-08-23T12:31:04.285000+00:00,16.8,26.8,71.3,1024.8,1,1.5,45
7444,11353,2026-08-23T12:33:04.285000+00:00,16.7,26.0,72.2,1024.8,1,1.7,33
7445,11353,2026-08-23T12:35:04.285000+00:00,16.7,25.8,72.7,1024.8,1,1.9,40
7446,11353,2026-08-23T12:37:04.278000+00:00,16.6,26.4,72.3,1024.8,0,1.3,29
7447,11353,2026-08-23T12:39:04.289000+00:00,16.6,26.1,72.4,1024.7,0,0.9,46
7448,11353,2026-08-23T12:41:04.292000+00:00,16.7,26.5,72.9,1024.8,0,0.0,0
7449,11353,2026-08-23T12:43:04.287000+00:00,16.8,27.0,72.6,1024.7,0,0.8,76
7450,11353,2026-08-23T12:45:04.295000+00:00,16.9,27.9,71.5,1024.7,0,1.5,13
7451,11353,2026-08-23T12:47:04.304000+00:00,17.1,27.5,70.2,1024.7,0,2.9,23
7452,11353,2026-08-23T12:49:04.323000+00:00,17.2,28.1,67.4,1024.6,0,1.5,47
7453,11353,2026-08-23T12:51:04.347000+00:00,17.4,28.8,67.9,1024.7,0,1.2,25
7454,11353,2026-08-23T12:53:04.338000+00:00,17.5,29.3,65.9,1024.8,0,2.2,49
7455,11353,2026-08-23T12:55:04.384000+00:00,17.7,29.7,64.9,1024.7,0,0.9,15
7456,11353,2026-08-23T12:57:04.399000+00:00,17.8,30.3,63.7,1024.8,0,0.0,0
7457,11353,2026-08-23T12:59:04.431000+00:00,17.9,30.3,61.1,1024.7,0,1.6,70
7458,11353,2026-08-23T13:01:04.429000+00:00,17.9,30.4,62.5,1024.7,0,0.9,83
7459,11353,2026-08-23T13:03:04.431000+00:00,17.9,30.9,61.9,1024.7,0,1.7,40
7460,11353,2026-08-23T13:05:04.439000+00:00,18.0,30.6,61.1,1024.6,0,2.0,92
7461,11353,2026-08-23T13:07:04.424000+00:00,18.1,32.5,60.5,1024.6,0,1.1,130
7462,11353,2026-08-23T13:09:04.426000+00:00,18.2,32.6,59.2,1024.6,0,0.9,67
7463,11353,2026-08-23T13:11:04.429000+00:00,18.4,32.7,59.3,1024.6,0,1.5,95
7464,11353,2026-08-23T13:13:04.450000+00:00,18.7,32.1,58.3,1024.6,0,1.3,5
7465,11353,2026-08-23T13:15:04.439000+00:00,18.8,33.3,58.3,1024.6,0,1.8,58
7466,11353,2026-08-23T13:17:04.425000+00:00,18.8,34.8,57.3,1024.6,0,1.8,13
7467,11353,2026-08-23T13:19:04.441000+00:00,18.9,35.3,56.4,1024.7,1,0.6,338
7468,11353,2026-08-23T13:21:04.446000+00:00,19.0,34.4,56.5,1024.6,0,1.4,90
7469,11353,2026-08-23T13:23:04.440000+00:00,18.9,32.0,54.8,1024.5,0,0.5,45
7470,11353,2026-08-23T13:25:04.462000+00:00,18.8,33.0,55.5,1024.5,0,1.0,74
7471,11353,2026-08-23T13:27:04.447000+00:00,18.8,32.3,55.9,1024.5,0,1.0,69
7472,11353,2026-08-23T13:29:04.469000+00:00,18.5,32.0,58.0,1024.6,0,2.4,103
7473,11353,2026-08-23T13:31:04.497000+00:00,18.5,33.2,58.0,1024.6,0,0.6,108
7474,11353,2026-08-23T13:33:04.494000+00:00,18.4,34.3,58.6,1024.6,0,0.8,130
7475,11353,2026-08-23T13:35:04.500000+00:00,18.4,35.0,58.2,1024.7,1,0.9,109
7476,11353,2026-08-23T13:37:04.512000+00:00,18.7,34.5,57.3,1024.6,1,0.3,155
7477,11353,2026-08-23T13:39:04.510000+00:00,18.8,34.8,58.0,1024.6,0,0.4,225
7478,11353,2026-08-23T13:41:04.543000+00:00,18.8,34.7,58.2,1024.6,0,2.0,60
7479,11353,2026-08-23T13:43:04.565000+00:00,18.9,35.5,57.9,1024.5,0,1.3,102
7480,11353,2026-08-23T13:45:04.568000+00:00,19.0,35.4,58.1,1024.6,0,0.6,24
7481,11353,2026-08-23T13:47:04.587000+00:00,19.2,35.0,57.6,1024.6,0,1.7,92
7482,11353,2026-08-23T13:49:04.591000+00:00,19.3,34.7,57.1,1024.6,0,1.3,214
7483,11353,2026-08-23T13:51:04.595000+00:00,19.1,34.9,58.5,1024.6,0,0.6,306
7484,11353,2026-08-23T13:53:04.596000+00:00,19.2,34.8,58.4,1024.6,0,0.9,50
7485,11353,2026-08-23T13:55:04.610000+00:00,19.2,36.1,58.6,1024.6,0,1.3,116
7486,11353,2026-08-23T13:57:04.645000+00:00,19.3,37.1,58.0,1024.5,0,0.8,194
7487,11353,2026-08-23T13:59:04.677000+00:00,19.5,37.8,56.9,1024.6,1,2.4,35
7488,11353,2026-08-23T14:01:04.692000+00:00,19.5,38.2,56.3,1024.5,0,0.9,101
7489,11353,2026-08-23T14:03:04.708000+00:00,19.4,36.8,58.0,1024.6,0,1.9,142
7490,11353,2026-08-23T14:05:04.715000+00:00,19.3,36.1,57.1,1024.5,0,0.9,177
7491,11353,2026-08-23T14:07:04.732000+00:00,19.1,34.3,56.1,1024.5,1,1.5,71
7492,11353,2026-08-23T14:09:04.720000+00:00,19.1,33.6,54.5,1024.5,0,1.6,36
7493,11353,2026-08-23T14:11:04.732000+00:00,19.1,32.3,54.0,1024.5,0,1.1,52
7494,11353,2026-08-23T14:13:04.733000+00:00,18.9,31.1,54.8,1024.6,0,1.8,344
7495,11353,2026-08-23T14:15:04.725000+00:00,18.9,31.2,55.4,1024.5,0,1.4,53
7496,11353,2026-08-23T14:17:04.754000+00:00,18.9,30.8,56.6,1024.4,0,3.1,17
7497,11353,2026-08-23T14:19:04.747000+00:00,18.8,31.1,56.3,1024.4,1,1.8,57
7498,11353,2026-08-23T14:21:04.774000+00:00,18.9,30.9,56.7,1024.5,0,2.4,44
7499,11353,2026-08-23T14:23:04.782000+00:00,19.0,33.0,55.8,1024.5,0,1.7,58
7500,11353,2026-08-23T14:25:04.784000+00:00,19.0,32.2,55.2,1024.4,0,2.0,81
7501,11353,2026-08-23T14:27:04.786000+00:00,19.1,33.0,55.5,1024.5,0,1.3,86
7502,11353,2026-08-23T14:29:04.801000+00:00,19.0,33.4,56.6,1024.5,0,2.0,40
7503,11353,2026-08-23T14:31:04.835000+00:00,19.2,33.5,56.3,1024.5,0,2.2,31
7504,11353,2026-08-23T14:33:04.871000+00:00,19.2,33.7,56.3,1024.6,0,0.8,101
7505,11353,2026-08-23T14:35:04.871000+00:00,19.2,34.7,55.4,1024.6,0,1.0,16
7506,11353,2026-08-23T14:37:04.875000+00:00,19.4,33.9,54.3,1024.5,0,1.8,85
7507,11353,2026-08-23T14:39:04.886000+00:00,19.4,34.4,53.9,1024.6,0,1.2,356
7508,11353,2026-08-23T14:41:04.881000+00:00,19.4,34.7,53.2,1024.5,0,3.2,29
7509,11353,2026-08-23T14:43:04.873000+00:00,19.5,34.5,53.4,1024.6,0,2.0,42
7510,11353,2026-08-23T14:45:04.883000+00:00,19.3,33.9,55.0,1024.6,0,2.9,56
7511,11353,2026-08-23T14:47:04.887000+00:00,19.3,33.9,55.1,1024.5,0,1.1,85
7512,11353,2026-08-23T14:49:04.889000+00:00,19.3,33.6,55.6,1024.4,0,2.5,11
7513,11353,2026-08-23T14:51:04.959000+00:00,19.4,34.3,53.7,1024.6,0,1.6,30
7514,11353,2026-08-23T14:53:04.933000+00:00,19.4,34.3,53.1,1024.5,0,1.5,55
7515,11353,2026-08-23T14:55:04.942000+00:00,19.3,34.2,52.3,1024.5,0,1.6,61
7516,11353,2026-08-23T14:57:04.941000+00:00,19.3,32.2,54.6,1024.5,0,1.9,73
7517,11353,2026-08-23T14:59:04.977000+00:00,19.5,33.2,55.1,1024.6,0,1.3,73
7518,11353,2026-08-23T15:01:04.974000+00:00,19.3,32.8,54.2,1024.5,0,2.0,8
7519,11353,2026-08-23T15:03:04.980000+00:00,19.3,31.0,53.1,1024.5,0,1.2,58
7520,11353,2026-08-23T15:05:04.994000+00:00,19.0,31.1,54.3,1024.5,0,0.8,30
7521,11353,2026-08-23T15:07:05.022000+00:00,18.9,32.8,54.4,1024.5,0,1.2,10
7522,11353,2026-08-23T15:09:05.031000+00:00,19.0,33.6,54.5,1024.5,0,2.2,71
7523,11353,2026-08-23T15:11:05.026000+00:00,19.2,34.8,54.4,1024.6,0,3.5,29
7524,11353,2026-08-23T15:13:05.020000+00:00,19.2,34.7,58.6,1024.5,0,2.9,32
7525,11353,2026-08-23T15:15:05.017000+00:00,19.2,34.8,58.8,1024.5,0,1.6,63
7526,11353,2026-08-23T15:17:05.021000+00:00,19.2,32.8,58.7,1024.5,0,3.4,43
