id,session_key,driver_id,driver_number,position,number_of_laps,points,gap_to_leader,duration_seconds,dnf,dns,dsq
1,7953,max_verstappen,1,1,57,25.0,0,5636.736,0,0,0
2,7953,perez,11,2,57,18.0,11.987,5648.723,0,0,0
3,7953,alonso,14,3,57,15.0,38.637,5675.373,0,0,0
4,7953,sainz,55,4,57,12.0,48.052,5684.788,0,0,0
5,7953,hamilton,44,5,57,10.0,50.977,5687.713,0,0,0
6,7953,stroll,18,6,57,8.0,54.502,5691.238,0,0,0
7,7953,russell,63,7,57,6.0,55.873,5692.609,0,0,0
8,7953,bottas,77,8,57,4.0,72.647,5709.383,0,0,0
9,7953,gasly,10,9,57,2.0,73.753,5710.489,0,0,0
10,7953,albon,23,10,57,1.0,89.774,5726.51,0,0,0
11,7953,tsunoda,22,11,57,0.0,90.87,5727.606,0,0,0
12,7953,sargeant,2,12,56,0.0,+1 LAP,,0,0,0
13,7953,kevin_magnussen,20,13,56,0.0,+1 LAP,,0,0,0
14,7953,de_vries,21,14,56,0.0,+1 LAP,,0,0,0
15,7953,hulkenberg,27,15,56,0.0,+1 LAP,,0,0,0
16,7953,zhou,24,16,56,0.0,+1 LAP,,0,0,0
17,7953,norris,4,17,55,0.0,+2 LAPS,,0,0,0
18,7953,ocon,31,,41,0.0,,,1,0,0
19,7953,leclerc,16,,39,0.0,,,1,0,0
20,7953,piastri,81,,13,0.0,,,1,0,0
21,7779,perez,11,1,50,25.0,0,4874.894,0,0,0
22,7779,max_verstappen,1,2,50,0.0,5.355,4880.249,0,0,0
23,7779,alonso,14,3,50,15.0,20.728,4895.622,0,0,0
24,7779,russell,63,4,50,12.0,25.866,4900.76,0,0,0
25,7779,hamilton,44,5,50,10.0,31.065,4905.959,0,0,0
26,7779,sainz,55,6,50,8.0,35.876,4910.77,0,0,0
27,7779,leclerc,16,7,50,6.0,43.162,4918.056,0,0,0
28,7779,ocon,31,8,50,4.0,52.832,4927.726,0,0,0
29,7779,gasly,10,9,50,2.0,54.747,4929.641,0,0,0
30,7779,kevin_magnussen,20,10,50,1.0,64.826,4939.72,0,0,0
31,7779,tsunoda,22,11,50,0.0,67.494,4942.388,0,0,0
32,7779,hulkenberg,27,12,50,0.0,70.588,4945.482,0,0,0
33,7779,zhou,24,13,50,0.0,76.06,4950.954,0,0,0
34,7779,de_vries,21,14,50,0.0,77.478,4952.372,0,0,0
35,7779,piastri,81,15,50,0.0,85.021,4959.915,0,0,0
36,7779,sargeant,2,16,50,0.0,86.293,4961.187,0,0,0
37,7779,norris,4,17,50,0.0,86.445,4961.339,0,0,0
38,7779,bottas,77,18,49,0.0,+1 LAP,,0,0,0
39,7779,albon,23,,27,0.0,,,1,0,0
40,7779,stroll,18,,16,0.0,,,1,0,0
41,7787,max_verstappen,1,1,58,25.0,0,9158.371,0,0,0
42,7787,hamilton,44,2,58,18.0,0.179,9158.55,0,0,0
43,7787,alonso,14,3,58,15.0,0.769,9159.14,0,0,0
44,7787,stroll,18,4,58,12.0,3.082,9161.453,0,0,0
45,7787,perez,11,5,58,11.0,3.32,9161.691,0,0,0
46,7787,norris,4,6,58,8.0,3.701,9162.072,0,0,0
47,7787,hulkenberg,27,7,58,6.0,4.939,9163.31,0,0,0
48,7787,piastri,81,8,58,4.0,5.382,9163.753,0,0,0
49,7787,zhou,24,9,58,2.0,5.713,9164.084,0,0,0
50,7787,tsunoda,22,10,58,1.0,6.052,9164.423,0,0,0
51,7787,bottas,77,11,58,0.0,6.513,9164.884,0,0,0
52,7787,sainz,55,12,58,0.0,6.594,9164.965,0,0,0
53,7787,gasly,10,13,56,0.0,,,1,0,0
54,7787,ocon,31,14,56,0.0,,,1,0,0
55,7787,de_vries,21,15,56,0.0,,,1,0,0
56,7787,sargeant,2,16,56,0.0,,,1,0,0
57,7787,kevin_magnussen,20,17,52,0.0,,,1,0,0
58,7787,russell,63,,17,0.0,,,1,0,0
59,7787,albon,23,,6,0.0,,,1,0,0
60,7787,leclerc,16,,0,0.0,,,1,0,0
61,9069,perez,11,1,17,8.0,0,1997.667,0,0,0
62,9069,leclerc,16,2,17,7.0,4.463,2002.13,0,0,0
63,9069,max_verstappen,1,3,17,6.0,5.065,2002.732,0,0,0
64,9069,russell,63,4,17,5.0,8.532,2006.199,0,0,0
65,9069,sainz,55,5,17,4.0,10.388,2008.055,0,0,0
66,9069,alonso,14,6,17,3.0,11.613,2009.28,0,0,0
67,9069,hamilton,44,7,17,2.0,16.503,2014.17,0,0,0
68,9069,stroll,18,8,17,1.0,18.417,2016.084,0,0,0
69,9069,albon,23,9,17,0.0,21.757,2019.424,0,0,0
70,9069,piastri,81,10,17,0.0,22.851,2020.518,0,0,0
71,9069,kevin_magnussen,20,11,17,0.0,27.99,2025.657,0,0,0
72,9069,zhou,24,12,17,0.0,34.602,2032.269,0,0,0
73,9069,gasly,10,13,17,0.0,36.918,2034.585,0,0,0
74,9069,de_vries,21,14,17,0.0,41.626,2039.293,0,0,0
75,9069,hulkenberg,27,15,17,0.0,48.587,2046.254,0,0,0
76,9069,bottas,77,16,17,0.0,49.917,2047.584,0,0,0
77,9069,norris,4,17,17,0.0,51.104,2048.771,0,0,0
78,9069,ocon,31,18,17,0.0,60.621,2058.288,0,0,0
79,9069,tsunoda,22,,2,0.0,,,1,0,0
80,9070,perez,11,1,51,25.0,0,5562.436,0,0,0
81,9070,max_verstappen,1,2,51,18.0,2.137,5564.573,0,0,0
82,9070,leclerc,16,3,51,15.0,21.217,5583.653,0,0,0
83,9070,alonso,14,4,51,12.0,22.024,5584.46,0,0,0
84,9070,sainz,55,5,51,10.0,45.491,5607.927,0,0,0
85,9070,hamilton,44,6,51,8.0,46.145,5608.581,0,0,0
86,9070,stroll,18,7,51,6.0,51.617,5614.053,0,0,0
87,9070,russell,63,8,51,5.0,74.24,5636.676,0,0,0
88,9070,norris,4,9,51,2.0,80.376,5642.812,0,0,0
89,9070,tsunoda,22,10,51,1.0,83.862,5646.298,0,0,0
90,9070,piastri,81,11,51,0.0,86.501,5648.937,0,0,0
91,9070,albon,23,12,51,0.0,88.623,5651.059,0,0,0
92,9070,kevin_magnussen,20,13,51,0.0,89.729,5652.165,0,0,0
93,9070,gasly,10,14,51,0.0,91.332,5653.768,0,0,0
94,9070,ocon,31,15,51,0.0,97.794,5660.23,0,0,0
95,9070,sargeant,2,16,51,0.0,100.943,5663.379,0,0,0
96,9070,hulkenberg,27,17,50,0.0,+1 LAP,,0,0,0
97,9070,bottas,77,18,50,0.0,+1 LAP,,0,0,0
98,9070,zhou,24,,36,0.0,,,1,0,0
99,9070,de_vries,21,,9,0.0,,,1,0,0
100,9078,max_verstappen,1,1,57,26.0,0,5258.241,0,0,0
101,9078,perez,11,2,57,18.0,5.384,5263.625,0,0,0
102,9078,alonso,14,3,57,15.0,26.305,5284.546,0,0,0
103,9078,russell,63,4,57,12.0,33.229,5291.47,0,0,0
104,9078,sainz,55,5,57,10.0,42.511,5300.752,0,0,0
105,9078,hamilton,44,6,57,8.0,51.249,5309.49,0,0,0
106,9078,leclerc,16,7,57,6.0,52.988,5311.229,0,0,0
107,9078,gasly,10,8,57,4.0,55.67,5313.911,0,0,0
108,9078,ocon,31,9,57,2.0,58.123,5316.364,0,0,0
109,9078,kevin_magnussen,20,10,57,1.0,62.945,5321.186,0,0,0
110,9078,tsunoda,22,11,57,0.0,64.309,5322.55,0,0,0
111,9078,stroll,18,12,57,0.0,64.754,5322.995,0,0,0
112,9078,bottas,77,13,57,0.0,71.637,5329.878,0,0,0
113,9078,albon,23,14,57,0.0,72.861,5331.102,0,0,0
114,9078,hulkenberg,27,15,57,0.0,74.95,5333.191,0,0,0
115,9078,zhou,24,16,57,0.0,78.44,5336.681,0,0,0
116,9078,norris,4,17,57,0.0,87.717,5345.958,0,0,0
117,9078,de_vries,21,18,57,0.0,88.949,5347.19,0,0,0
118,9078,piastri,81,19,56,0.0,+1 LAP,,0,0,0
119,9078,sargeant,2,20,56,0.0,+1 LAP,,0,0,0
120,9094,max_verstappen,1,1,78,25.0,0,6531.98,0,0,0
121,9094,alonso,14,2,78,18.0,27.921,6559.901,0,0,0
122,9094,ocon,31,3,78,15.0,36.99,6568.97,0,0,0
123,9094,hamilton,44,4,78,13.0,39.062,6571.042,0,0,0
124,9094,russell,63,5,78,10.0,56.284,6588.264,0,0,0
125,9094,leclerc,16,6,78,8.0,61.89,6593.87,0,0,0
126,9094,gasly,10,7,78,6.0,62.362,6594.342,0,0,0
127,9094,sainz,55,8,78,4.0,63.391,6595.371,0,0,0
128,9094,norris,4,9,77,2.0,+1 LAP,,0,0,0
129,9094,piastri,81,10,77,1.0,+1 LAP,,0,0,0
130,9094,bottas,77,11,77,0.0,+1 LAP,,0,0,0
131,9094,de_vries,21,12,77,0.0,+1 LAP,,0,0,0
132,9094,zhou,24,13,77,0.0,+1 LAP,,0,0,0
133,9094,albon,23,14,77,0.0,+1 LAP,,0,0,0
134,9094,tsunoda,22,15,76,0.0,+2 LAPS,,0,0,0
135,9094,perez,11,16,76,0.0,+2 LAPS,,0,0,0
136,9094,hulkenberg,27,17,76,0.0,+2 LAPS,,0,0,0
137,9094,sargeant,2,18,76,0.0,+2 LAPS,,0,0,0
138,9094,kevin_magnussen,20,19,70,0.0,,,1,0,0
139,9094,stroll,18,,53,0.0,,,1,0,0
140,9102,max_verstappen,1,1,66,26.0,0,5277.94,0,0,0
141,9102,hamilton,44,2,66,18.0,24.09,5302.03,0,0,0
142,9102,russell,63,3,66,15.0,32.389,5310.329,0,0,0
143,9102,perez,11,4,66,12.0,35.812,5313.752,0,0,0
144,9102,sainz,55,5,66,10.0,45.698,5323.638,0,0,0
145,9102,stroll,18,6,66,8.0,63.32,5341.26,0,0,0
146,9102,alonso,14,7,66,6.0,64.127,5342.067,0,0,0
147,9102,ocon,31,8,66,4.0,69.242,5347.182,0,0,0
148,9102,zhou,24,9,66,2.0,71.878,5349.818,0,0,0
149,9102,gasly,10,10,66,1.0,73.53,5351.47,0,0,0
150,9102,leclerc,16,11,66,0.0,74.419,5352.359,0,0,0
151,9102,tsunoda,22,12,66,0.0,75.416,5353.356,0,0,0
152,9102,piastri,81,13,65,0.0,+1 LAP,,0,0,0
153,9102,de_vries,21,14,65,0.0,+1 LAP,,0,0,0
154,9102,hulkenberg,27,15,65,0.0,+1 LAP,,0,0,0
155,9102,albon,23,16,65,0.0,+1 LAP,,0,0,0
156,9102,norris,4,17,65,0.0,+1 LAP,,0,0,0
157,9102,kevin_magnussen,20,18,65,0.0,+1 LAP,,0,0,0
158,9102,bottas,77,19,65,0.0,+1 LAP,,0,0,0
159,9102,sargeant,2,20,65,0.0,+1 LAP,,0,0,0
160,9110,max_verstappen,1,1,70,25.0,0,5638.348,0,0,0
161,9110,alonso,14,2,70,18.0,9.57,5647.918,0,0,0
162,9110,hamilton,44,3,70,15.0,14.168,5652.516,0,0,0
163,9110,leclerc,16,4,70,12.0,18.648,5656.996,0,0,0
164,9110,sainz,55,5,70,10.0,21.54,5659.888,0,0,0
165,9110,perez,11,6,70,9.0,51.028,5689.376,0,0,0
166,9110,albon,23,7,70,6.0,60.813,5699.161,0,0,0
167,9110,ocon,31,8,70,4.0,61.692,5700.04,0,0,0
168,9110,stroll,18,9,70,2.0,64.402,5702.75,0,0,0
169,9110,bottas,77,10,70,1.0,64.432,5702.78,0,0,0
170,9110,piastri,81,11,70,0.0,65.101,5703.449,0,0,0
171,9110,gasly,10,12,70,0.0,65.249,5703.597,0,0,0
172,9110,norris,4,13,70,0.0,68.363,5706.711,0,0,0
173,9110,tsunoda,22,14,70,0.0,73.423,5711.771,0,0,0
174,9110,hulkenberg,27,15,69,0.0,+1 LAP,,0,0,0
175,9110,zhou,24,16,69,0.0,+1 LAP,,0,0,0
176,9110,kevin_magnussen,20,17,69,0.0,+1 LAP,,0,0,0
177,9110,de_vries,21,18,69,0.0,+1 LAP,,0,0,0
178,9110,russell,63,,53,0.0,,,1,0,0
179,9110,sargeant,2,,6,0.0,,,1,0,0
180,9117,max_verstappen,1,1,24,8.0,0,1826.73,0,0,0
181,9117,perez,11,2,24,7.0,21.048,1847.778,0,0,0
182,9117,sainz,55,3,24,6.0,23.088,1849.818,0,0,0
183,9117,stroll,18,4,24,5.0,29.703,1856.433,0,0,0
184,9117,alonso,14,5,24,4.0,30.109,1856.839,0,0,0
185,9117,hulkenberg,27,6,24,3.0,31.297,1858.027,0,0,0
186,9117,ocon,31,7,24,2.0,36.602,1863.332,0,0,0
187,9117,russell,63,8,24,1.0,36.611,1863.341,0,0,0
188,9117,norris,4,9,24,0.0,38.608,1865.338,0,0,0
189,9117,hamilton,44,10,24,0.0,46.375,1873.105,0,0,0
190,9117,piastri,81,11,24,0.0,49.807,1876.537,0,0,0
191,9117,leclerc,16,12,24,0.0,50.789,1877.519,0,0,0
192,9117,albon,23,13,24,0.0,52.848,1879.578,0,0,0
193,9117,kevin_magnussen,20,14,24,0.0,56.593,1883.323,0,0,0
194,9117,gasly,10,15,24,0.0,57.652,1884.382,0,0,0
195,9117,tsunoda,22,16,24,0.0,64.822,1891.552,0,0,0
196,9117,de_vries,21,17,24,0.0,65.617,1892.347,0,0,0
197,9117,sargeant,2,18,24,0.0,66.059,1892.789,0,0,0
198,9117,zhou,24,19,24,0.0,70.825,1897.555,0,0,0
199,9117,bottas,77,20,24,0.0,76.435,1903.165,0,0,0
200,9118,max_verstappen,1,1,71,26.0,0,5133.607,0,0,0
201,9118,leclerc,16,2,71,18.0,5.155,5138.762,0,0,0
202,9118,perez,11,3,71,15.0,17.188,5150.795,0,0,0
203,9118,norris,4,4,71,12.0,26.327,5159.934,0,0,0
204,9118,alonso,14,5,71,10.0,30.317,5163.924,0,0,0
205,9118,sainz,55,6,71,8.0,31.377,5164.984,0,0,0
206,9118,russell,63,7,71,6.0,48.403,5182.01,0,0,0
207,9118,hamilton,44,8,71,4.0,49.196,5182.803,0,0,0
208,9118,stroll,18,9,71,2.0,59.043,5192.65,0,0,0
209,9118,gasly,10,10,71,1.0,67.667,5201.274,0,0,0
210,9118,albon,23,11,71,0.0,79.767,5213.374,0,0,0
211,9118,zhou,24,12,70,0.0,+1 LAP,,0,0,0
212,9118,sargeant,2,13,70,0.0,+1 LAP,,0,0,0
213,9118,ocon,31,14,70,0.0,+1 LAP,,0,0,0
214,9118,bottas,77,15,70,0.0,+1 LAP,,0,0,0
215,9118,piastri,81,16,70,0.0,+1 LAP,,0,0,0
216,9118,de_vries,21,17,70,0.0,+1 LAP,,0,0,0
217,9118,kevin_magnussen,20,18,70,0.0,+1 LAP,,0,0,0
218,9118,tsunoda,22,19,70,0.0,+1 LAP,,0,0,0
219,9118,hulkenberg,27,,12,0.0,,,1,0,0
220,9126,max_verstappen,1,1,52,26.0,0,5116.938,0,0,0
221,9126,norris,4,2,52,18.0,3.798,5120.736,0,0,0
222,9126,hamilton,44,3,52,15.0,6.783,5123.721,0,0,0
223,9126,piastri,81,4,52,12.0,7.776,5124.714,0,0,0
224,9126,russell,63,5,52,10.0,11.206,5128.144,0,0,0
225,9126,perez,11,6,52,8.0,12.882,5129.82,0,0,0
226,9126,alonso,14,7,52,6.0,17.193,5134.131,0,0,0
227,9126,albon,23,8,52,4.0,17.878,5134.816,0,0,0
228,9126,leclerc,16,9,52,2.0,18.689,5135.627,0,0,0
229,9126,sainz,55,10,52,1.0,19.448,5136.386,0,0,0
230,9126,sargeant,2,11,52,0.0,23.632,5140.57,0,0,0
231,9126,bottas,77,12,52,0.0,25.83,5142.768,0,0,0
232,9126,hulkenberg,27,13,52,0.0,26.663,5143.601,0,0,0
233,9126,stroll,18,14,52,0.0,27.483,5144.421,0,0,0
234,9126,zhou,24,15,52,0.0,29.82,5146.758,0,0,0
235,9126,tsunoda,22,16,52,0.0,31.225,5148.163,0,0,0
236,9126,de_vries,21,17,52,0.0,33.128,5150.066,0,0,0
237,9126,gasly,10,18,46,0.0,,,1,0,0
238,9126,kevin_magnussen,20,,31,0.0,,,1,0,0
239,9126,ocon,31,,9,0.0,,,1,0,0
240,9133,max_verstappen,1,1,70,26.0,0,5888.634,0,0,0
241,9133,norris,4,2,70,18.0,33.731,5922.365,0,0,0
242,9133,perez,11,3,70,15.0,37.603,5926.237,0,0,0
243,9133,hamilton,44,4,70,12.0,39.134,5927.768,0,0,0
244,9133,piastri,81,5,70,10.0,62.572,5951.206,0,0,0
245,9133,russell,63,6,70,8.0,65.825,5954.459,0,0,0
246,9133,leclerc,16,7,70,6.0,70.317,5958.951,0,0,0
247,9133,sainz,55,8,70,4.0,71.073,5959.707,0,0,0
248,9133,alonso,14,9,70,2.0,75.709,5964.343,0,0,0
249,9133,stroll,18,10,69,1.0,+1 LAP,,0,0,0
250,9133,albon,23,11,69,0.0,+1 LAP,,0,0,0
251,9133,bottas,77,12,69,0.0,+1 LAP,,0,0,0
252,9133,ricciardo,3,13,69,0.0,+1 LAP,,0,0,0
253,9133,hulkenberg,27,14,69,0.0,+1 LAP,,0,0,0
254,9133,tsunoda,22,15,69,0.0,+1 LAP,,0,0,0
255,9133,zhou,24,16,69,0.0,+1 LAP,,0,0,0
256,9133,kevin_magnussen,20,17,69,0.0,+1 LAP,,0,0,0
257,9133,sargeant,2,18,67,0.0,,,1,0,0
258,9133,ocon,31,,2,0.0,,,1,0,0
259,9133,gasly,10,,1,0.0,,,1,0,0
260,9140,max_verstappen,1,1,11,8.0,0,1498.433,0,0,0
261,9140,piastri,81,2,11,7.0,6.677,1505.11,0,0,0
262,9140,gasly,10,3,11,6.0,10.733,1509.166,0,0,0
263,9140,sainz,55,4,11,5.0,12.648,1511.081,0,0,0
264,9140,leclerc,16,5,11,4.0,15.016,1513.449,0,0,0
265,9140,norris,4,6,11,3.0,16.052,1514.485,0,0,0
266,9140,hamilton,44,7,11,2.0,16.757,1515.19,0,0,0
267,9140,russell,63,8,11,1.0,16.822,1515.255,0,0,0
268,9140,ocon,31,9,11,0.0,22.41,1520.843,0,0,0
269,9140,ricciardo,3,10,11,0.0,22.806,1521.239,0,0,0
270,9140,stroll,18,11,11,0.0,25.007,1523.44,0,0,0
271,9140,albon,23,12,11,0.0,26.303,1524.736,0,0,0
272,9140,bottas,77,13,11,0.0,27.006,1525.439,0,0,0
273,9140,kevin_magnussen,20,14,11,0.0,32.986,1531.419,0,0,0
274,9140,zhou,24,15,11,0.0,36.342,1534.775,0,0,0
275,9140,sargeant,2,16,11,0.0,37.571,1536.004,0,0,0
276,9140,hulkenberg,27,17,11,0.0,37.827,1536.26,0,0,0
277,9140,tsunoda,22,18,11,0.0,39.267,1537.7,0,0,0
278,9140,perez,11,,8,0.0,,,1,0,0
279,9140,alonso,14,,2,0.0,,,1,0,0
280,9141,max_verstappen,1,1,44,25.0,0,4950.45,0,0,0
281,9141,perez,11,2,44,18.0,22.305,4972.755,0,0,0
282,9141,leclerc,16,3,44,15.0,32.259,4982.709,0,0,0
283,9141,hamilton,44,4,44,13.0,49.671,5000.121,0,0,0
284,9141,alonso,14,5,44,10.0,56.184,5006.634,0,0,0
285,9141,russell,63,6,44,8.0,63.101,5013.551,0,0,0
286,9141,norris,4,7,44,6.0,73.719,5024.169,0,0,0
287,9141,ocon,31,8,44,4.0,74.719,5025.169,0,0,0
288,9141,stroll,18,9,44,2.0,79.34,5029.79,0,0,0
289,9141,tsunoda,22,10,44,1.0,80.221,5030.671,0,0,0
290,9141,gasly,10,11,44,0.0,83.084,5033.534,0,0,0
291,9141,bottas,77,12,44,0.0,85.191,5035.641,0,0,0
292,9141,zhou,24,13,44,0.0,95.441,5045.891,0,0,0
293,9141,albon,23,14,44,0.0,96.184,5046.634,0,0,0
294,9141,kevin_magnussen,20,15,44,0.0,101.754,5052.204,0,0,0
295,9141,ricciardo,3,16,44,0.0,103.071,5053.521,0,0,0
296,9141,sargeant,2,17,44,0.0,104.476,5054.926,0,0,0
297,9141,hulkenberg,27,18,44,0.0,110.45,5060.9,0,0,0
298,9141,sainz,55,,23,0.0,,,1,0,0
299,9141,piastri,81,,0,0.0,,,1,0,0
300,9149,max_verstappen,1,1,72,25.0,0,8644.411,0,0,0
301,9149,alonso,14,2,72,19.0,3.744,8648.155,0,0,0
302,9149,gasly,10,3,72,15.0,7.058,8651.469,0,0,0
303,9149,perez,11,4,72,12.0,10.068,8654.479,0,0,0
304,9149,sainz,55,5,72,10.0,12.541,8656.952,0,0,0
305,9149,hamilton,44,6,72,8.0,13.209,8657.62,0,0,0
306,9149,norris,4,7,72,6.0,13.232,8657.643,0,0,0
307,9149,albon,23,8,72,4.0,15.155,8659.566,0,0,0
308,9149,piastri,81,9,72,2.0,16.58,8660.991,0,0,0
309,9149,ocon,31,10,72,1.0,18.346,8662.757,0,0,0
310,9149,stroll,18,11,72,0.0,20.087,8664.498,0,0,0
311,9149,hulkenberg,27,12,72,0.0,20.84,8665.251,0,0,0
312,9149,lawson,40,13,72,0.0,26.147,8670.558,0,0,0
313,9149,bottas,77,14,72,0.0,27.388,8671.799,0,0,0
314,9149,tsunoda,22,15,72,0.0,29.893,8674.304,0,0,0
315,9149,kevin_magnussen,20,16,72,0.0,31.41,8675.821,0,0,0
316,9149,russell,63,17,72,0.0,55.754,8700.165,0,0,0
317,9149,zhou,24,,62,0.0,,,1,0,0
318,9149,leclerc,16,,41,0.0,,,1,0,0
319,9149,sargeant,2,,14,0.0,,,1,0,0
320,9157,max_verstappen,1,1,51,25.0,0,4421.143,0,0,0
321,9157,perez,11,2,51,18.0,6.064,4427.207,0,0,0
322,9157,sainz,55,3,51,15.0,11.193,4432.336,0,0,0
323,9157,leclerc,16,4,51,12.0,11.377,4432.52,0,0,0
324,9157,russell,63,5,51,10.0,23.028,4444.171,0,0,0
325,9157,hamilton,44,6,51,8.0,42.679,4463.822,0,0,0
326,9157,albon,23,7,51,6.0,45.106,4466.249,0,0,0
327,9157,norris,4,8,51,4.0,45.449,4466.592,0,0,0
328,9157,alonso,14,9,51,2.0,46.294,4467.437,0,0,0
329,9157,bottas,77,10,51,1.0,64.056,4485.199,0,0,0
330,9157,lawson,40,11,51,0.0,70.638,4491.781,0,0,0
331,9157,piastri,81,12,51,0.0,73.074,4494.217,0,0,0
332,9157,sargeant,2,13,51,0.0,78.557,4499.7,0,0,0
333,9157,zhou,24,14,51,0.0,80.164,4501.307,0,0,0
334,9157,gasly,10,15,51,0.0,82.51,4503.653,0,0,0
335,9157,stroll,18,16,51,0.0,87.266,4508.409,0,0,0
336,9157,hulkenberg,27,17,50,0.0,+1 LAP,,0,0,0
337,9157,kevin_magnussen,20,18,50,0.0,+1 LAP,,0,0,0
338,9157,ocon,31,,39,0.0,,,1,0,0
339,9157,tsunoda,22,,0,0.0,,,0,1,0
340,9165,sainz,55,1,62,25.0,0,6397.418,0,0,0
341,9165,norris,4,2,62,18.0,0.812,6398.23,0,0,0
342,9165,hamilton,44,3,62,16.0,1.269,6398.687,0,0,0
343,9165,leclerc,16,4,62,12.0,21.177,6418.595,0,0,0
344,9165,max_verstappen,1,5,62,10.0,21.441,6418.859,0,0,0
345,9165,gasly,10,6,62,8.0,38.441,6435.859,0,0,0
346,9165,piastri,81,7,62,6.0,41.479,6438.897,0,0,0
347,9165,perez,11,8,62,4.0,59.534,6456.952,0,0,0
348,9165,lawson,40,9,62,2.0,65.918,6463.336,0,0,0
349,9165,kevin_magnussen,20,10,62,1.0,72.116,6469.534,0,0,0
350,9165,albon,23,11,62,0.0,73.417,6470.835,0,0,0
351,9165,zhou,24,12,62,0.0,83.649,6481.067,0,0,0
352,9165,hulkenberg,27,13,62,0.0,86.201,6483.619,0,0,0
353,9165,sargeant,2,14,62,0.0,86.889,6484.307,0,0,0
354,9165,alonso,14,15,62,0.0,87.603,6485.021,0,0,0
355,9165,russell,63,16,61,0.0,,,1,0,0
356,9165,bottas,77,,51,0.0,,,1,0,0
357,9165,ocon,31,,42,0.0,,,1,0,0
358,9165,tsunoda,22,,0,0.0,,,1,0,0
359,9173,max_verstappen,1,1,53,26.0,0,5458.421,0,0,0
360,9173,norris,4,2,53,18.0,19.387,5477.808,0,0,0
361,9173,piastri,81,3,53,15.0,36.494,5494.915,0,0,0
362,9173,leclerc,16,4,53,12.0,43.998,5502.419,0,0,0
363,9173,hamilton,44,5,53,10.0,49.376,5507.797,0,0,0
364,9173,sainz,55,6,53,8.0,50.221,5508.642,0,0,0
365,9173,russell,63,7,53,6.0,57.659,5516.08,0,0,0
366,9173,alonso,14,8,53,4.0,74.725,5533.146,0,0,0
367,9173,ocon,31,9,53,2.0,79.678,5538.099,0,0,0
368,9173,gasly,10,10,53,1.0,83.155,5541.576,0,0,0
369,9173,lawson,40,11,52,0.0,+1 LAP,,0,0,0
370,9173,tsunoda,22,12,52,0.0,+1 LAP,,0,0,0
371,9173,zhou,24,13,52,0.0,+1 LAP,,0,0,0
372,9173,hulkenberg,27,14,52,0.0,+1 LAP,,0,0,0
373,9173,kevin_magnussen,20,15,52,0.0,+1 LAP,,0,0,0
374,9173,albon,23,,26,0.0,,,1,0,0
375,9173,sargeant,2,,22,0.0,,,1,0,0
376,9173,stroll,18,,20,0.0,,,1,0,0
377,9173,perez,11,,15,0.0,,,1,0,0
378,9173,bottas,77,,7,0.0,,,1,0,0
379,9220,piastri,81,1,19,8.0,0,2101.297,0,0,0
380,9220,max_verstappen,1,2,19,7.0,1.871,2103.168,0,0,0
381,9220,norris,4,3,19,6.0,8.497,2109.794,0,0,0
382,9220,russell,63,4,19,5.0,11.036,2112.333,0,0,0
383,9220,hamilton,44,5,19,4.0,17.314,2118.611,0,0,0
384,9220,sainz,55,6,19,3.0,18.806,2120.103,0,0,0
385,9220,albon,23,7,19,2.0,19.864,2121.161,0,0,0
386,9220,alonso,14,8,19,1.0,21.18,2122.477,0,0,0
387,9220,gasly,10,9,19,0.0,21.742,2123.039,0,0,0
388,9220,bottas,77,10,19,0.0,22.208,2123.505,0,0,0
389,9220,tsunoda,22,11,19,0.0,22.863,2124.16,0,0,0
390,9220,leclerc,16,12,19,0.0,24.86,2126.157,0,0,0
391,9220,kevin_magnussen,20,13,19,0.0,24.97,2126.267,0,0,0
392,9220,zhou,24,14,19,0.0,26.868,2128.165,0,0,0
393,9220,stroll,18,15,19,0.0,29.523,2130.82,0,0,0
394,9220,hulkenberg,27,,11,0.0,,,1,0,0
395,9220,ocon,31,,10,0.0,,,1,0,0
396,9220,perez,11,,10,0.0,,,1,0,0
397,9220,sargeant,2,,2,0.0,,,1,0,0
398,9220,lawson,40,,0,0.0,,,1,0,0
399,9221,max_verstappen,1,1,57,26.0,0,5259.168,0,0,0
400,9221,piastri,81,2,57,18.0,4.833,5264.001,0,0,0
401,9221,norris,4,3,57,15.0,5.969,5265.137,0,0,0
402,9221,russell,63,4,57,12.0,34.119,5293.287,0,0,0
403,9221,leclerc,16,5,57,10.0,38.976,5298.144,0,0,0
404,9221,alonso,14,6,57,8.0,49.032,5308.2,0,0,0
405,9221,ocon,31,7,57,6.0,62.39,5321.558,0,0,0
406,9221,bottas,77,8,57,4.0,66.563,5325.731,0,0,0
407,9221,zhou,24,9,57,2.0,76.127,5335.295,0,0,0
408,9221,perez,11,10,57,1.0,80.181,5339.349,0,0,0
409,9221,stroll,18,11,57,0.0,81.652,5340.82,0,0,0
410,9221,gasly,10,12,57,0.0,82.3,5341.468,0,0,0
411,9221,albon,23,13,57,0.0,91.014,5350.182,0,0,0
412,9221,kevin_magnussen,20,14,56,0.0,+1 LAP,,0,0,0
413,9221,tsunoda,22,15,56,0.0,+1 LAP,,0,0,0
414,9221,hulkenberg,27,16,56,0.0,+1 LAP,,0,0,0
415,9221,lawson,40,17,56,0.0,+1 LAP,,0,0,0
416,9221,sargeant,2,,40,0.0,,,1,0,0
417,9221,hamilton,44,,0,0.0,,,1,0,0
418,9221,sainz,55,,0,0.0,,,0,1,0
419,9212,max_verstappen,1,1,19,8.0,0,1890.849,0,0,0
420,9212,hamilton,44,2,19,7.0,9.465,1900.314,0,0,0
421,9212,leclerc,16,3,19,6.0,17.987,1908.836,0,0,0
422,9212,norris,4,4,19,5.0,18.863,1909.712,0,0,0
423,9212,perez,11,5,19,4.0,22.928,1913.777,0,0,0
424,9212,sainz,55,6,19,3.0,28.307,1919.156,0,0,0
425,9212,gasly,10,7,19,2.0,32.403,1923.252,0,0,0
426,9212,russell,63,8,19,1.0,34.25,1925.099,0,0,0
427,9212,albon,23,9,19,0.0,34.567,1925.416,0,0,0
428,9212,piastri,81,10,19,0.0,42.403,1933.252,0,0,0
429,9212,ocon,31,11,19,0.0,44.986,1935.835,0,0,0
430,9212,ricciardo,3,12,19,0.0,45.509,1936.358,0,0,0
431,9212,alonso,14,13,19,0.0,49.086,1939.935,0,0,0
432,9212,tsunoda,22,14,19,0.0,49.733,1940.582,0,0,0
433,9212,hulkenberg,27,15,19,0.0,56.65,1947.499,0,0,0
434,9212,bottas,77,16,19,0.0,64.401,1955.25,0,0,0
435,9212,zhou,24,17,19,0.0,67.972,1958.821,0,0,0
436,9212,kevin_magnussen,20,18,19,0.0,71.122,1961.971,0,0,0
437,9212,sargeant,2,19,19,0.0,71.449,1962.298,0,0,0
438,9212,stroll,18,,16,0.0,,,1,0,0
439,9213,max_verstappen,1,1,56,25.0,0,5721.362,0,0,0
440,9213,hamilton,44,,56,0.0,2.225,5723.587,0,0,0
441,9213,norris,4,2,56,0.0,10.73,5732.092,0,0,0
442,9213,sainz,55,3,56,0.0,15.134,5736.496,0,0,0
443,9213,perez,11,4,56,0.0,18.46,5739.822,0,0,0
444,9213,leclerc,16,,56,0.0,24.662,5746.024,0,0,0
445,9213,russell,63,5,56,0.0,24.999,5746.361,0,0,0
446,9213,gasly,10,6,56,0.0,47.996,5769.358,0,0,0
447,9213,stroll,18,7,56,0.0,48.696,5770.058,0,0,0
448,9213,tsunoda,22,8,56,0.0,74.385,5795.747,0,0,0
449,9213,albon,23,9,56,0.0,86.714,5808.076,0,0,0
450,9213,sargeant,2,10,56,0.0,87.998,5809.36,0,0,0
451,9213,hulkenberg,27,11,56,0.0,89.904,5811.266,0,0,0
452,9213,bottas,77,12,56,0.0,98.601,5819.963,0,0,0
453,9213,zhou,24,13,55,0.0,+1 LAP,,0,0,0
454,9213,kevin_magnussen,20,14,55,0.0,+1 LAP,,0,0,0
455,9213,ricciardo,3,15,55,0.0,+1 LAP,,0,0,0
456,9213,alonso,14,,49,0.0,,,1,0,0
457,9213,piastri,81,,10,0.0,,,1,0,0
458,9213,ocon,31,,6,0.0,,,1,0,0
459,9181,max_verstappen,1,1,71,25.0,0,7350.814,0,0,0
460,9181,hamilton,44,2,71,19.0,13.875,7364.689,0,0,0
461,9181,leclerc,16,3,71,15.0,23.124,7373.938,0,0,0
462,9181,sainz,55,4,71,12.0,27.154,7377.968,0,0,0
463,9181,norris,4,5,71,10.0,33.266,7384.08,0,0,0
464,9181,russell,63,6,71,8.0,41.02,7391.834,0,0,0
465,9181,ricciardo,3,7,71,6.0,41.57,7392.384,0,0,0
466,9181,piastri,81,8,71,4.0,43.104,7393.918,0,0,0
467,9181,albon,23,9,71,2.0,48.573,7399.387,0,0,0
468,9181,ocon,31,10,71,1.0,62.879,7413.693,0,0,0
469,9181,gasly,10,11,71,0.0,66.208,7417.022,0,0,0
470,9181,tsunoda,22,12,71,0.0,78.982,7429.796,0,0,0
471,9181,hulkenberg,27,13,71,0.0,80.309,7431.123,0,0,0
472,9181,zhou,24,14,71,0.0,81.676,7432.49,0,0,0
473,9181,bottas,77,15,71,0.0,85.597,7436.411,0,0,0
474,9181,sargeant,2,16,70,0.0,,,1,0,0
475,9181,stroll,18,17,66,0.0,,,1,0,0
476,9181,alonso,14,,47,0.0,,,1,0,0
477,9181,kevin_magnussen,20,,31,0.0,,,1,0,0
478,9181,perez,11,,1,0.0,,,1,0,0
479,9204,max_verstappen,1,1,24,8.0,0,1807.209,0,0,0
480,9204,norris,4,2,24,7.0,4.287,1811.496,0,0,0
481,9204,perez,11,3,24,6.0,13.617,1820.826,0,0,0
482,9204,russell,63,4,24,5.0,25.879,1833.088,0,0,0
483,9204,leclerc,16,5,24,4.0,28.56,1835.769,0,0,0
484,9204,tsunoda,22,6,24,3.0,29.21,1836.419,0,0,0
485,9204,hamilton,44,7,24,2.0,34.726,1841.935,0,0,0
486,9204,sainz,55,8,24,1.0,35.106,1842.315,0,0,0
487,9204,ricciardo,3,9,24,0.0,35.303,1842.512,0,0,0
488,9204,piastri,81,10,24,0.0,38.219,1845.428,0,0,0
489,9204,alonso,14,11,24,0.0,39.061,1846.27,0,0,0
490,9204,stroll,18,12,24,0.0,39.478,1846.687,0,0,0
491,9204,gasly,10,13,24,0.0,40.621,1847.83,0,0,0
492,9204,ocon,31,14,24,0.0,42.848,1850.057,0,0,0
493,9204,albon,23,15,24,0.0,43.394,1850.603,0,0,0
494,9204,kevin_magnussen,20,16,24,0.0,56.507,1863.716,0,0,0
495,9204,zhou,24,17,24,0.0,58.723,1865.932,0,0,0
496,9204,hulkenberg,27,18,24,0.0,60.33,1867.539,0,0,0
497,9204,bottas,77,19,24,0.0,60.749,1867.958,0,0,0
498,9204,sargeant,2,20,24,0.0,60.945,1868.154,0,0,0
499,9205,max_verstappen,1,1,71,25.0,0,7008.894,0,0,0
500,9205,norris,4,2,71,19.0,8.277,7017.171,0,0,0
501,9205,alonso,14,3,71,15.0,34.155,7043.049,0,0,0
502,9205,perez,11,4,71,12.0,34.208,7043.102,0,0,0
503,9205,stroll,18,5,71,10.0,40.845,7049.739,0,0,0
504,9205,sainz,55,6,71,8.0,50.188,7059.082,0,0,0
505,9205,gasly,10,7,71,6.0,56.093,7064.987,0,0,0
506,9205,hamilton,44,8,71,4.0,62.859,7071.753,0,0,0
507,9205,tsunoda,22,9,71,2.0,69.88,7078.774,0,0,0
508,9205,ocon,31,10,70,1.0,+1 LAP,,0,0,0
509,9205,sargeant,2,11,70,0.0,+1 LAP,,0,0,0
510,9205,hulkenberg,27,12,70,0.0,+1 LAP,,0,0,0
511,9205,ricciardo,3,13,70,0.0,+1 LAP,,0,0,0
512,9205,piastri,81,14,69,0.0,+2 LAPS,,0,0,0
513,9205,russell,63,,57,0.0,,,1,0,0
514,9205,bottas,77,,39,0.0,,,1,0,0
515,9205,zhou,24,,22,0.0,,,1,0,0
516,9205,kevin_magnussen,20,,0,0.0,,,1,0,0
517,9205,albon,23,,0,0.0,,,1,0,0
518,9205,leclerc,16,,0,0.0,,,0,1,0
519,9189,max_verstappen,1,1,50,25.0,0,5348.289,0,0,0
520,9189,leclerc,16,2,50,18.0,2.07,5350.359,0,0,0
521,9189,perez,11,3,50,15.0,2.241,5350.53,0,0,0
522,9189,ocon,31,4,50,12.0,18.665,5366.954,0,0,0
523,9189,stroll,18,5,50,10.0,20.067,5368.356,0,0,0
524,9189,sainz,55,6,50,8.0,20.834,5369.123,0,0,0
525,9189,hamilton,44,7,50,6.0,21.755,5370.044,0,0,0
526,9189,russell,63,8,50,4.0,23.091,5371.38,0,0,0
527,9189,alonso,14,9,50,2.0,25.964,5374.253,0,0,0
528,9189,piastri,81,10,50,2.0,29.496,5377.785,0,0,0
529,9189,gasly,10,11,50,0.0,34.27,5382.559,0,0,0
530,9189,albon,23,12,50,0.0,43.398,5391.687,0,0,0
531,9189,kevin_magnussen,20,13,50,0.0,44.825,5393.114,0,0,0
532,9189,ricciardo,3,14,50,0.0,48.525,5396.814,0,0,0
533,9189,zhou,24,15,50,0.0,50.162,5398.451,0,0,0
534,9189,sargeant,2,16,50,0.0,50.882,5399.171,0,0,0
535,9189,bottas,77,17,50,0.0,85.35,5433.639,0,0,0
536,9189,tsunoda,22,18,46,0.0,,,1,0,0
537,9189,hulkenberg,27,19,45,0.0,,,1,0,0
538,9189,norris,4,,2,0.0,,,1,0,0
539,9197,max_verstappen,1,1,58,26.0,0,5222.624,0,0,0
540,9197,leclerc,16,2,58,18.0,17.993,5240.617,0,0,0
541,9197,russell,63,3,58,15.0,20.328,5242.952,0,0,0
542,9197,perez,11,4,58,12.0,21.453,5244.077,0,0,0
543,9197,norris,4,5,58,10.0,24.284,5246.908,0,0,0
544,9197,piastri,81,6,58,8.0,31.487,5254.111,0,0,0
545,9197,alonso,14,7,58,6.0,39.512,5262.136,0,0,0
546,9197,tsunoda,22,8,58,4.0,43.088,5265.712,0,0,0
547,9197,hamilton,44,9,58,2.0,44.424,5267.048,0,0,0
548,9197,stroll,18,10,58,1.0,55.632,5278.256,0,0,0
549,9197,ricciardo,3,11,58,0.0,56.229,5278.853,0,0,0
550,9197,ocon,31,12,58,0.0,66.373,5288.997,0,0,0
551,9197,gasly,10,13,58,0.0,70.36,5292.984,0,0,0
552,9197,albon,23,14,58,0.0,73.184,5295.808,0,0,0
553,9197,hulkenberg,27,15,58,0.0,83.696,5306.32,0,0,0
554,9197,sargeant,2,16,58,0.0,87.791,5310.415,0,0,0
555,9197,zhou,24,17,58,0.0,89.422,5312.046,0,0,0
556,9197,sainz,55,18,57,0.0,,,1,0,0
557,9197,bottas,77,19,57,0.0,+1 LAP,,0,0,0
558,9197,kevin_magnussen,20,20,57,0.0,+1 LAP,,0,0,0
559,9472,max_verstappen,1,1,57,26.0,0,5504.742,0,0,0
560,9472,perez,11,2,57,18.0,22.457,5527.199,0,0,0
561,9472,sainz,55,3,57,15.0,25.11,5529.852,0,0,0
562,9472,leclerc,16,4,57,12.0,39.669,5544.411,0,0,0
563,9472,russell,63,5,57,10.0,46.788,5551.53,0,0,0
564,9472,norris,4,6,57,8.0,48.458,5553.2,0,0,0
565,9472,hamilton,44,7,57,6.0,50.324,5555.066,0,0,0
566,9472,piastri,81,8,57,4.0,56.082,5560.824,0,0,0
567,9472,alonso,14,9,57,2.0,74.887,5579.629,0,0,0
568,9472,stroll,18,10,57,1.0,93.216,5597.958,0,0,0
569,9472,zhou,24,11,56,0.0,+1 LAP,,0,0,0
570,9472,kevin_magnussen,20,12,56,0.0,+1 LAP,,0,0,0
571,9472,ricciardo,3,13,56,0.0,+1 LAP,,0,0,0
572,9472,tsunoda,22,14,56,0.0,+1 LAP,,0,0,0
573,9472,albon,23,15,56,0.0,+1 LAP,,0,0,0
574,9472,hulkenberg,27,16,56,0.0,+1 LAP,,0,0,0
575,9472,ocon,31,17,56,0.0,+1 LAP,,0,0,0
576,9472,gasly,10,18,56,0.0,+1 LAP,,0,0,0
577,9472,bottas,77,19,56,0.0,+1 LAP,,0,0,0
578,9472,sargeant,2,20,55,0.0,+2 LAPS,,0,0,0
579,9480,max_verstappen,1,1,50,25.0,0,4843.273,0,0,0
580,9480,perez,11,2,50,18.0,13.643,4856.916,0,0,0
581,9480,leclerc,16,3,50,16.0,18.639,4861.912,0,0,0
582,9480,piastri,81,4,50,12.0,32.007,4875.28,0,0,0
583,9480,alonso,14,5,50,10.0,35.759,4879.032,0,0,0
584,9480,russell,63,6,50,8.0,39.936,4883.209,0,0,0
585,9480,bearman,38,7,50,6.0,42.679,4885.952,0,0,0
586,9480,norris,4,8,50,4.0,45.708,4888.981,0,0,0
587,9480,hamilton,44,9,50,2.0,47.391,4890.664,0,0,0
588,9480,hulkenberg,27,10,50,1.0,76.996,4920.269,0,0,0
589,9480,albon,23,11,50,0.0,88.354,4931.627,0,0,0
590,9480,kevin_magnussen,20,12,50,0.0,105.737,4949.01,0,0,0
591,9480,ocon,31,13,49,0.0,+1 LAP,,0,0,0
592,9480,sargeant,2,14,49,0.0,+1 LAP,,0,0,0
593,9480,tsunoda,22,15,49,0.0,+1 LAP,,0,0,0
594,9480,ricciardo,3,16,49,0.0,+1 LAP,,0,0,0
595,9480,bottas,77,17,49,0.0,+1 LAP,,0,0,0
596,9480,zhou,24,18,49,0.0,+1 LAP,,0,0,0
597,9480,stroll,18,,5,0.0,,,1,0,0
598,9480,gasly,10,,1,0.0,,,1,0,0
599,9488,sainz,55,1,58,25.0,0,4826.843,0,0,0
600,9488,leclerc,16,2,58,19.0,2.366,4829.209,0,0,0
601,9488,norris,4,3,58,15.0,5.904,4832.747,0,0,0
602,9488,piastri,81,4,58,12.0,35.77,4862.613,0,0,0
603,9488,perez,11,5,58,10.0,56.309,4883.152,0,0,0
604,9488,stroll,18,6,58,8.0,93.222,4920.065,0,0,0
605,9488,tsunoda,22,7,58,6.0,95.601,4922.444,0,0,0
606,9488,alonso,14,8,58,4.0,100.992,4927.835,0,0,0
607,9488,hulkenberg,27,9,58,2.0,104.553,4931.396,0,0,0
608,9488,kevin_magnussen,20,10,57,1.0,+1 LAP,,0,0,0
609,9488,albon,23,11,57,0.0,+1 LAP,,0,0,0
610,9488,ricciardo,3,12,57,0.0,+1 LAP,,0,0,0
611,9488,gasly,10,13,57,0.0,+1 LAP,,0,0,0
612,9488,bottas,77,14,57,0.0,+1 LAP,,0,0,0
613,9488,zhou,24,15,57,0.0,+1 LAP,,0,0,0
614,9488,ocon,31,16,57,0.0,+1 LAP,,0,0,0
615,9488,russell,63,17,56,0.0,,,1,0,0
616,9488,hamilton,44,,15,0.0,,,1,0,0
617,9488,max_verstappen,1,,3,0.0,,,1,0,0
618,9496,max_verstappen,1,1,53,26.0,0,6863.566,0,0,0
619,9496,perez,11,2,53,18.0,12.535,6876.101,0,0,0
620,9496,sainz,55,3,53,15.0,20.866,6884.432,0,0,0
621,9496,leclerc,16,4,53,12.0,26.522,6890.088,0,0,0
622,9496,norris,4,5,53,10.0,29.7,6893.266,0,0,0
623,9496,alonso,14,6,53,8.0,44.272,6907.838,0,0,0
624,9496,russell,63,7,53,6.0,45.951,6909.517,0,0,0
625,9496,piastri,81,8,53,4.0,47.525,6911.091,0,0,0
626,9496,hamilton,44,9,53,2.0,48.626,6912.192,0,0,0
627,9496,tsunoda,22,10,52,1.0,+1 LAP,,0,0,0
628,9496,hulkenberg,27,11,52,0.0,+1 LAP,,0,0,0
629,9496,stroll,18,12,52,0.0,+1 LAP,,0,0,0
630,9496,kevin_magnussen,20,13,52,0.0,+1 LAP,,0,0,0
631,9496,bottas,77,14,52,0.0,+1 LAP,,0,0,0
632,9496,ocon,31,15,52,0.0,+1 LAP,,0,0,0
633,9496,gasly,10,16,52,0.0,+1 LAP,,0,0,0
634,9496,sargeant,2,17,52,0.0,+1 LAP,,0,0,0
635,9496,zhou,24,,12,0.0,,,1,0,0
636,9496,ricciardo,3,,0,0.0,,,1,0,0
637,9496,albon,23,,0,0.0,,,1,0,0
638,9672,max_verstappen,1,1,19,8.0,0,1924.66,0,0,0
639,9672,hamilton,44,2,19,7.0,13.043,1937.703,0,0,0
640,9672,perez,11,3,19,6.0,15.258,1939.918,0,0,0
641,9672,leclerc,16,4,19,5.0,17.486,1942.146,0,0,0
642,9672,sainz,55,5,19,4.0,20.696,1945.356,0,0,0
643,9672,norris,4,6,19,3.0,22.088,1946.748,0,0,0
644,9672,piastri,81,7,19,2.0,24.713,1949.373,0,0,0
645,9672,russell,63,8,19,1.0,25.696,1950.356,0,0,0
646,9672,zhou,24,9,19,0.0,31.951,1956.611,0,0,0
647,9672,kevin_magnussen,20,10,19,0.0,37.398,1962.058,0,0,0
648,9672,ricciardo,3,11,19,0.0,37.84,1962.5,0,0,0
649,9672,bottas,77,12,19,0.0,38.295,1962.955,0,0,0
650,9672,ocon,31,13,19,0.0,39.841,1964.501,0,0,0
651,9672,stroll,18,14,19,0.0,40.299,1964.959,0,0,0
652,9672,gasly,10,15,19,0.0,40.838,1965.498,0,0,0
653,9672,tsunoda,22,16,19,0.0,41.87,1966.53,0,0,0
654,9672,albon,23,17,19,0.0,42.998,1967.658,0,0,0
655,9672,sargeant,2,18,19,0.0,46.352,1971.012,0,0,0
656,9672,hulkenberg,27,19,19,0.0,49.63,1974.29,0,0,0
657,9672,alonso,14,20,17,0.0,,,1,0,0
658,9673,max_verstappen,1,1,56,25.0,0,6052.554,0,0,0
659,9673,norris,4,2,56,18.0,13.773,6066.327,0,0,0
660,9673,perez,11,3,56,15.0,19.16,6071.714,0,0,0
661,9673,leclerc,16,4,56,12.0,23.623,6076.177,0,0,0
662,9673,sainz,55,5,56,10.0,33.983,6086.537,0,0,0
663,9673,russell,63,6,56,8.0,38.724,6091.278,0,0,0
664,9673,alonso,14,7,56,7.0,43.414,6095.968,0,0,0
665,9673,piastri,81,8,56,4.0,56.198,6108.752,0,0,0
666,9673,hamilton,44,9,56,2.0,57.986,6110.54,0,0,0
667,9673,hulkenberg,27,10,56,1.0,60.476,6113.03,0,0,0
668,9673,ocon,31,11,56,0.0,62.812,6115.366,0,0,0
669,9673,albon,23,12,56,0.0,65.506,6118.06,0,0,0
670,9673,gasly,10,13,56,0.0,69.223,6121.777,0,0,0
671,9673,zhou,24,14,56,0.0,71.689,6124.243,0,0,0
672,9673,stroll,18,15,56,0.0,82.786,6135.34,0,0,0
673,9673,kevin_magnussen,20,16,56,0.0,87.533,6140.087,0,0,0
674,9673,sargeant,2,17,56,0.0,95.11,6147.664,0,0,0
675,9673,ricciardo,3,,33,0.0,,,1,0,0
676,9673,tsunoda,22,,26,0.0,,,1,0,0
677,9673,bottas,77,,19,0.0,,,1,0,0
678,9506,max_verstappen,1,1,19,8.0,0,1891.383,0,0,0
679,9506,leclerc,16,2,19,7.0,3.371,1894.754,0,0,0
680,9506,perez,11,3,19,6.0,5.095,1896.478,0,0,0
681,9506,ricciardo,3,4,19,5.0,14.971,1906.354,0,0,0
682,9506,sainz,55,5,19,4.0,15.222,1906.605,0,0,0
683,9506,piastri,81,6,19,3.0,15.75,1907.133,0,0,0
684,9506,hulkenberg,27,7,19,2.0,22.054,1913.437,0,0,0
685,9506,tsunoda,22,8,19,1.0,29.816,1921.199,0,0,0
686,9506,gasly,10,9,19,0.0,31.88,1923.263,0,0,0
687,9506,sargeant,2,10,19,0.0,34.355,1925.738,0,0,0
688,9506,zhou,24,11,19,0.0,35.078,1926.461,0,0,0
689,9506,russell,63,12,19,0.0,35.755,1927.138,0,0,0
690,9506,albon,23,13,19,0.0,36.086,1927.469,0,0,0
691,9506,bottas,77,14,19,0.0,36.892,1928.275,0,0,0
692,9506,ocon,31,15,19,0.0,37.74,1929.123,0,0,0
693,9506,hamilton,44,16,19,0.0,49.347,1940.73,0,0,0
694,9506,alonso,14,17,19,0.0,59.409,1950.792,0,0,0
695,9506,kevin_magnussen,20,18,19,0.0,66.303,1957.686,0,0,0
696,9506,stroll,18,,1,0.0,,,1,0,0
697,9506,norris,4,,0,0.0,,,1,0,0
698,9507,norris,4,1,57,25.0,0,5449.876,0,0,0
699,9507,max_verstappen,1,2,57,18.0,7.612,5457.488,0,0,0
700,9507,leclerc,16,3,57,15.0,9.92,5459.796,0,0,0
701,9507,perez,11,4,57,12.0,14.65,5464.526,0,0,0
702,9507,sainz,55,5,57,10.0,16.407,5466.283,0,0,0
703,9507,hamilton,44,6,57,8.0,16.585,5466.461,0,0,0
704,9507,tsunoda,22,7,57,6.0,26.185,5476.061,0,0,0
705,9507,russell,63,8,57,4.0,34.789,5484.665,0,0,0
706,9507,alonso,14,9,57,2.0,37.107,5486.983,0,0,0
707,9507,ocon,31,10,57,1.0,39.746,5489.622,0,0,0
708,9507,hulkenberg,27,11,57,0.0,40.789,5490.665,0,0,0
709,9507,gasly,10,12,57,0.0,44.958,5494.834,0,0,0
710,9507,piastri,81,13,57,0.0,49.756,5499.632,0,0,0
711,9507,zhou,24,14,57,0.0,49.979,5499.855,0,0,0
712,9507,ricciardo,3,15,57,0.0,50.956,5500.832,0,0,0
713,9507,bottas,77,16,57,0.0,52.356,5502.232,0,0,0
714,9507,stroll,18,17,57,0.0,55.173,5505.049,0,0,0
715,9507,albon,23,18,57,0.0,76.091,5525.967,0,0,0
716,9507,kevin_magnussen,20,19,57,0.0,84.683,5534.559,0,0,0
717,9507,sargeant,2,,27,0.0,,,1,0,0
718,9515,max_verstappen,1,1,63,25.0,0,5125.252,0,0,0
719,9515,norris,4,2,63,18.0,0.725,5125.977,0,0,0
720,9515,leclerc,16,3,63,15.0,7.916,5133.168,0,0,0
721,9515,piastri,81,4,63,12.0,14.132,5139.384,0,0,0
722,9515,sainz,55,5,63,10.0,22.325,5147.577,0,0,0
723,9515,hamilton,44,6,63,8.0,35.104,5160.356,0,0,0
724,9515,russell,63,7,63,7.0,47.154,5172.406,0,0,0
725,9515,perez,11,8,63,4.0,54.776,5180.028,0,0,0
726,9515,stroll,18,9,63,2.0,79.556,5204.808,0,0,0
727,9515,tsunoda,22,10,62,1.0,+1 LAP,,0,0,0
728,9515,hulkenberg,27,11,62,0.0,+1 LAP,,0,0,0
729,9515,kevin_magnussen,20,12,62,0.0,+1 LAP,,0,0,0
730,9515,ricciardo,3,13,62,0.0,+1 LAP,,0,0,0
731,9515,ocon,31,14,62,0.0,+1 LAP,,0,0,0
732,9515,zhou,24,15,62,0.0,+1 LAP,,0,0,0
733,9515,gasly,10,16,62,0.0,+1 LAP,,0,0,0
734,9515,sargeant,2,17,62,0.0,+1 LAP,,0,0,0
735,9515,bottas,77,18,62,0.0,+1 LAP,,0,0,0
736,9515,alonso,14,19,62,0.0,+1 LAP,,0,0,0
737,9515,albon,23,,51,0.0,,,1,0,0
738,9523,leclerc,16,1,78,25.0,0,8595.554,0,0,0
739,9523,piastri,81,2,78,18.0,7.152,8602.706,0,0,0
740,9523,sainz,55,3,78,15.0,7.585,8603.139,0,0,0
741,9523,norris,4,4,78,12.0,8.65,8604.204,0,0,0
742,9523,russell,63,5,78,10.0,13.309,8608.863,0,0,0
743,9523,max_verstappen,1,6,78,8.0,13.853,8609.407,0,0,0
744,9523,hamilton,44,7,78,7.0,14.908,8610.462,0,0,0
745,9523,tsunoda,22,8,77,4.0,+1 LAP,,0,0,0
746,9523,albon,23,9,77,2.0,+1 LAP,,0,0,0
747,9523,gasly,10,10,77,1.0,+1 LAP,,0,0,0
748,9523,alonso,14,11,76,0.0,+2 LAPS,,0,0,0
749,9523,ricciardo,3,12,76,0.0,+2 LAPS,,0,0,0
750,9523,bottas,77,13,76,0.0,+2 LAPS,,0,0,0
751,9523,stroll,18,14,76,0.0,+2 LAPS,,0,0,0
752,9523,sargeant,2,15,76,0.0,+2 LAPS,,0,0,0
753,9523,zhou,24,16,76,0.0,+2 LAPS,,0,0,0
754,9523,ocon,31,,0,0.0,,,1,0,0
755,9523,perez,11,,0,0.0,,,1,0,0
756,9523,hulkenberg,27,,0,0.0,,,1,0,0
757,9523,kevin_magnussen,20,,0,0.0,,,1,0,0
758,9531,max_verstappen,1,1,70,25.0,0,6347.927,0,0,0
759,9531,norris,4,2,70,18.0,3.879,6351.806,0,0,0
760,9531,russell,63,3,70,15.0,4.317,6352.244,0,0,0
761,9531,hamilton,44,4,70,13.0,4.915,6352.842,0,0,0
762,9531,piastri,81,5,70,10.0,10.199,6358.126,0,0,0
763,9531,alonso,14,6,70,8.0,17.51,6365.437,0,0,0
764,9531,stroll,18,7,70,6.0,23.625,6371.552,0,0,0
765,9531,ricciardo,3,8,70,4.0,28.672,6376.599,0,0,0
766,9531,gasly,10,9,70,2.0,30.021,6377.948,0,0,0
767,9531,ocon,31,10,70,1.0,30.313,6378.24,0,0,0
768,9531,hulkenberg,27,11,70,0.0,30.824,6378.751,0,0,0
769,9531,kevin_magnussen,20,12,70,0.0,31.253,6379.18,0,0,0
770,9531,bottas,77,13,70,0.0,40.487,6388.414,0,0,0
771,9531,tsunoda,22,14,70,0.0,52.694,6400.621,0,0,0
772,9531,zhou,24,15,69,0.0,+1 LAP,,0,0,0
773,9531,sainz,55,,52,0.0,,,1,0,0
774,9531,albon,23,,52,0.0,,,1,0,0
775,9531,perez,11,,51,0.0,,,1,0,0
776,9531,leclerc,16,,40,0.0,,,1,0,0
777,9531,sargeant,2,,23,0.0,,,1,0,0
778,9539,max_verstappen,1,1,66,25.0,0,5300.227,0,0,0
779,9539,norris,4,2,66,19.0,2.219,5302.446,0,0,0
780,9539,hamilton,44,3,66,15.0,17.79,5318.017,0,0,0
781,9539,russell,63,4,66,12.0,22.32,5322.547,0,0,0
782,9539,leclerc,16,5,66,10.0,22.709,5322.936,0,0,0
783,9539,sainz,55,6,66,8.0,31.028,5331.255,0,0,0
784,9539,piastri,81,7,66,6.0,33.76,5333.987,0,0,0
785,9539,perez,11,8,66,4.0,59.524,5359.751,0,0,0
786,9539,gasly,10,9,66,2.0,62.025,5362.252,0,0,0
787,9539,ocon,31,10,66,1.0,71.889,5372.116,0,0,0
788,9539,hulkenberg,27,11,66,0.0,79.215,5379.442,0,0,0
789,9539,alonso,14,12,65,0.0,+1 LAP,,0,0,0
790,9539,zhou,24,13,65,0.0,+1 LAP,,0,0,0
791,9539,stroll,18,14,65,0.0,+1 LAP,,0,0,0
792,9539,ricciardo,3,15,65,0.0,+1 LAP,,0,0,0
793,9539,bottas,77,16,65,0.0,+1 LAP,,0,0,0
794,9539,kevin_magnussen,20,17,65,0.0,+1 LAP,,0,0,0
795,9539,albon,23,18,65,0.0,+1 LAP,,0,0,0
796,9539,tsunoda,22,19,65,0.0,+1 LAP,,0,0,0
797,9539,sargeant,2,20,64,0.0,+2 LAPS,,0,0,0
798,9549,max_verstappen,1,1,23,8.0,0,1601.389,0,0,0
799,9549,piastri,81,2,23,7.0,4.616,1606.005,0,0,0
800,9549,norris,4,3,23,6.0,5.348,1606.737,0,0,0
801,9549,russell,63,4,23,5.0,8.354,1609.743,0,0,0
802,9549,sainz,55,5,23,4.0,9.989,1611.378,0,0,0
803,9549,hamilton,44,6,23,3.0,11.207,1612.596,0,0,0
804,9549,leclerc,16,7,23,2.0,13.424,1614.813,0,0,0
805,9549,perez,11,8,23,1.0,17.409,1618.798,0,0,0
806,9549,kevin_magnussen,20,9,23,0.0,24.067,1625.456,0,0,0
807,9549,stroll,18,10,23,0.0,30.175,1631.564,0,0,0
808,9549,ocon,31,11,23,0.0,30.839,1632.228,0,0,0
809,9549,gasly,10,12,23,0.0,31.308,1632.697,0,0,0
810,9549,tsunoda,22,13,23,0.0,35.452,1636.841,0,0,0
811,9549,ricciardo,3,14,23,0.0,39.397,1640.786,0,0,0
812,9549,alonso,14,15,23,0.0,43.155,1644.544,0,0,0
813,9549,sargeant,2,16,23,0.0,44.076,1645.465,0,0,0
814,9549,albon,23,17,23,0.0,44.673,1646.062,0,0,0
815,9549,bottas,77,18,23,0.0,46.511,1647.9,0,0,0
816,9549,hulkenberg,27,19,23,0.0,48.423,1649.812,0,0,0
817,9549,zhou,24,20,23,0.0,53.143,1654.532,0,0,0
818,9550,russell,63,1,71,25.0,0,5062.798,0,0,0
819,9550,piastri,81,2,71,18.0,1.906,5064.704,0,0,0
820,9550,sainz,55,3,71,15.0,4.533,5067.331,0,0,0
821,9550,hamilton,44,4,71,12.0,23.142,5085.94,0,0,0
822,9550,max_verstappen,1,5,71,10.0,37.253,5100.051,0,0,0
823,9550,hulkenberg,27,6,71,8.0,54.088,5116.886,0,0,0
824,9550,perez,11,7,71,6.0,54.672,5117.47,0,0,0
825,9550,kevin_magnussen,20,8,71,4.0,60.355,5123.153,0,0,0
826,9550,ricciardo,3,9,71,2.0,61.169,5123.967,0,0,0
827,9550,gasly,10,10,71,1.0,61.766,5124.564,0,0,0
828,9550,leclerc,16,11,71,0.0,67.056,5129.854,0,0,0
829,9550,ocon,31,12,71,0.0,68.325,5131.123,0,0,0
830,9550,stroll,18,13,70,0.0,+1 LAP,,0,0,0
831,9550,tsunoda,22,14,70,0.0,+1 LAP,,0,0,0
832,9550,albon,23,15,70,0.0,+1 LAP,,0,0,0
833,9550,bottas,77,16,70,0.0,+1 LAP,,0,0,0
834,9550,zhou,24,17,70,0.0,+1 LAP,,0,0,0
835,9550,alonso,14,18,70,0.0,+1 LAP,,0,0,0
836,9550,sargeant,2,19,69,0.0,+2 LAPS,,0,0,0
837,9550,norris,4,20,64,0.0,+7 LAPS,,0,0,0
838,9558,hamilton,44,1,52,25.0,0,4947.059,0,0,0
839,9558,max_verstappen,1,2,52,18.0,1.465,4948.524,0,0,0
840,9558,norris,4,3,52,15.0,7.547,4954.606,0,0,0
841,9558,piastri,81,4,52,12.0,12.429,4959.488,0,0,0
842,9558,sainz,55,5,52,11.0,47.318,4994.377,0,0,0
843,9558,hulkenberg,27,6,52,8.0,55.722,5002.781,0,0,0
844,9558,stroll,18,7,52,6.0,56.569,5003.628,0,0,0
845,9558,alonso,14,8,52,4.0,63.577,5010.636,0,0,0
846,9558,albon,23,9,52,2.0,68.387,5015.446,0,0,0
847,9558,tsunoda,22,10,52,1.0,79.303,5026.362,0,0,0
848,9558,sargeant,2,11,52,0.0,88.96,5036.019,0,0,0
849,9558,kevin_magnussen,20,12,52,0.0,90.153,5037.212,0,0,0
850,9558,ricciardo,3,13,51,0.0,+1 LAP,,0,0,0
851,9558,leclerc,16,14,51,0.0,+1 LAP,,0,0,0
852,9558,bottas,77,15,51,0.0,+1 LAP,,0,0,0
853,9558,ocon,31,16,50,0.0,+2 LAPS,,0,0,0
854,9558,perez,11,17,50,0.0,+2 LAPS,,0,0,0
855,9558,zhou,24,18,50,0.0,+2 LAPS,,0,0,0
856,9558,russell,63,,33,0.0,,,1,0,0
857,9558,gasly,10,,0,0.0,,,0,1,0
858,9566,piastri,81,1,70,25.0,0,5881.989,0,0,0
859,9566,norris,4,2,70,18.0,2.141,5884.13,0,0,0
860,9566,hamilton,44,3,70,15.0,14.88,5896.869,0,0,0
861,9566,leclerc,16,4,70,12.0,19.686,5901.675,0,0,0
862,9566,max_verstappen,1,5,70,10.0,21.349,5903.338,0,0,0
863,9566,sainz,55,6,70,8.0,23.073,5905.062,0,0,0
864,9566,perez,11,7,70,6.0,39.792,5921.781,0,0,0
865,9566,russell,63,8,70,5.0,42.368,5924.357,0,0,0
866,9566,tsunoda,22,9,70,2.0,77.259,5959.248,0,0,0
867,9566,stroll,18,10,70,1.0,77.976,5959.965,0,0,0
868,9566,alonso,14,11,70,0.0,82.46,5964.449,0,0,0
869,9566,ricciardo,3,12,69,0.0,+1 LAP,,0,0,0
870,9566,hulkenberg,27,13,69,0.0,+1 LAP,,0,0,0
871,9566,albon,23,14,69,0.0,+1 LAP,,0,0,0
872,9566,kevin_magnussen,20,15,69,0.0,+1 LAP,,0,0,0
873,9566,bottas,77,16,69,0.0,+1 LAP,,0,0,0
874,9566,sargeant,2,17,69,0.0,+1 LAP,,0,0,0
875,9566,ocon,31,18,69,0.0,+1 LAP,,0,0,0
876,9566,zhou,24,19,69,0.0,+1 LAP,,0,0,0
877,9566,gasly,10,,33,0.0,,,1,0,0
878,9574,hamilton,44,1,44,25.0,0,4797.566,0,0,0
879,9574,piastri,81,2,44,18.0,0.647,4798.213,0,0,0
880,9574,leclerc,16,3,44,15.0,8.023,4805.589,0,0,0
881,9574,max_verstappen,1,4,44,12.0,8.7,4806.266,0,0,0
882,9574,norris,4,5,44,10.0,9.324,4806.89,0,0,0
883,9574,sainz,55,6,44,8.0,19.269,4816.835,0,0,0
884,9574,perez,11,7,44,7.0,42.669,4840.235,0,0,0
885,9574,alonso,14,8,44,4.0,49.437,4847.003,0,0,0
886,9574,ocon,31,9,44,2.0,52.026,4849.592,0,0,0
887,9574,ricciardo,3,10,44,1.0,54.4,4851.966,0,0,0
888,9574,stroll,18,11,44,0.0,62.485,4860.051,0,0,0
889,9574,albon,23,12,44,0.0,63.125,4860.691,0,0,0
890,9574,gasly,10,13,44,0.0,63.839,4861.405,0,0,0
891,9574,kevin_magnussen,20,14,44,0.0,66.105,4863.671,0,0,0
892,9574,bottas,77,15,44,0.0,70.112,4867.678,0,0,0
893,9574,tsunoda,22,16,44,0.0,76.211,4873.777,0,0,0
894,9574,sargeant,2,17,44,0.0,85.531,4883.097,0,0,0
895,9574,hulkenberg,27,18,44,0.0,88.307,4885.873,0,0,0
896,9574,zhou,24,,5,0.0,,,1,0,0
897,9574,russell,63,,44,0.0,,4797.04,0,0,1
898,9582,norris,4,1,72,26.0,0,5445.519,0,0,0
899,9582,max_verstappen,1,2,72,18.0,22.896,5468.415,0,0,0
900,9582,leclerc,16,3,72,15.0,25.439,5470.958,0,0,0
901,9582,piastri,81,4,72,12.0,27.337,5472.856,0,0,0
902,9582,sainz,55,5,72,10.0,32.137,5477.656,0,0,0
903,9582,perez,11,6,72,8.0,39.542,5485.061,0,0,0
904,9582,russell,63,7,72,6.0,44.617,5490.136,0,0,0
905,9582,hamilton,44,8,72,4.0,49.599,5495.118,0,0,0
906,9582,gasly,10,9,71,2.0,+1 LAP,,0,0,0
907,9582,alonso,14,10,71,1.0,+1 LAP,,0,0,0
908,9582,hulkenberg,27,11,71,0.0,+1 LAP,,0,0,0
909,9582,ricciardo,3,12,71,0.0,+1 LAP,,0,0,0
910,9582,stroll,18,13,71,0.0,+1 LAP,,0,0,0
911,9582,albon,23,14,71,0.0,+1 LAP,,0,0,0
912,9582,ocon,31,15,71,0.0,+1 LAP,,0,0,0
913,9582,sargeant,2,16,71,0.0,+1 LAP,,0,0,0
914,9582,tsunoda,22,17,71,0.0,+1 LAP,,0,0,0
915,9582,kevin_magnussen,20,18,71,0.0,+1 LAP,,0,0,0
916,9582,bottas,77,19,70,0.0,+2 LAPS,,0,0,0
917,9582,zhou,24,20,70,0.0,+2 LAPS,,0,0,0
918,9590,leclerc,16,1,53,25.0,0,4480.727,0,0,0
919,9590,piastri,81,2,53,18.0,2.664,4483.391,0,0,0
920,9590,norris,4,3,53,16.0,6.153,4486.88,0,0,0
921,9590,sainz,55,4,53,12.0,15.621,4496.348,0,0,0
922,9590,hamilton,44,5,53,10.0,22.82,4503.547,0,0,0
923,9590,max_verstappen,1,6,53,8.0,37.932,4518.659,0,0,0
924,9590,russell,63,7,53,6.0,39.715,4520.442,0,0,0
925,9590,perez,11,8,53,4.0,54.148,4534.875,0,0,0
926,9590,albon,23,9,53,2.0,67.456,4548.183,0,0,0
927,9590,kevin_magnussen,20,10,53,1.0,68.302,4549.029,0,0,0
928,9590,alonso,14,11,53,0.0,68.495,4549.222,0,0,0
929,9590,colapinto,43,12,53,0.0,81.308,4562.035,0,0,0
930,9590,ricciardo,3,13,53,0.0,93.452,4574.179,0,0,0
931,9590,ocon,31,14,52,0.0,+1 LAP,,0,0,0
932,9590,gasly,10,15,52,0.0,+1 LAP,,0,0,0
933,9590,bottas,77,16,52,0.0,+1 LAP,,0,0,0
934,9590,hulkenberg,27,17,52,0.0,+1 LAP,,0,0,0
935,9590,zhou,24,18,52,0.0,+1 LAP,,0,0,0
936,9590,stroll,18,19,52,0.0,+1 LAP,,0,0,0
937,9590,tsunoda,22,,7,0.0,,,1,0,0
938,9598,piastri,81,1,51,25.0,0,5578.007,0,0,0
939,9598,leclerc,16,2,51,18.0,10.91,5588.917,0,0,0
940,9598,russell,63,3,51,15.0,31.328,5609.335,0,0,0
941,9598,norris,4,4,51,13.0,36.143,5614.15,0,0,0
942,9598,max_verstappen,1,5,51,10.0,77.098,5655.105,0,0,0
943,9598,alonso,14,6,51,8.0,85.468,5663.475,0,0,0
944,9598,albon,23,7,51,6.0,87.396,5665.403,0,0,0
945,9598,colapinto,43,8,51,4.0,89.541,5667.548,0,0,0
946,9598,hamilton,44,9,51,2.0,92.401,5670.408,0,0,0
947,9598,bearman,50,10,51,1.0,93.127,5671.134,0,0,0
948,9598,hulkenberg,27,11,51,0.0,93.465,5671.472,0,0,0
949,9598,gasly,10,12,51,0.0,117.189,5695.196,0,0,0
950,9598,ricciardo,3,13,51,0.0,146.907,5724.914,0,0,0
951,9598,zhou,24,14,51,0.0,148.841,5726.848,0,0,0
952,9598,ocon,31,15,50,0.0,+1 LAP,,0,0,0
953,9598,bottas,77,16,50,0.0,+1 LAP,,0,0,0
954,9598,perez,11,17,49,0.0,,,1,0,0
955,9598,sainz,55,18,49,0.0,,,1,0,0
956,9598,stroll,18,19,45,0.0,,,1,0,0
957,9598,tsunoda,22,,14,0.0,,,1,0,0
958,9606,norris,4,1,62,25.0,0,6052.571,0,0,0
959,9606,max_verstappen,1,2,62,18.0,20.945,6073.516,0,0,0
960,9606,piastri,81,3,62,15.0,41.823,6094.394,0,0,0
961,9606,russell,63,4,62,12.0,61.04,6113.611,0,0,0
962,9606,leclerc,16,5,62,10.0,62.43,6115.001,0,0,0
963,9606,hamilton,44,6,62,8.0,85.248,6137.819,0,0,0
964,9606,sainz,55,7,62,6.0,96.039,6148.61,0,0,0
965,9606,alonso,14,8,61,4.0,+1 LAP,,0,0,0
966,9606,hulkenberg,27,9,61,2.0,+1 LAP,,0,0,0
967,9606,perez,11,10,61,1.0,+1 LAP,,0,0,0
968,9606,colapinto,43,11,61,0.0,+1 LAP,,0,0,0
969,9606,tsunoda,22,12,61,0.0,+1 LAP,,0,0,0
970,9606,ocon,31,13,61,0.0,+1 LAP,,0,0,0
971,9606,stroll,18,14,61,0.0,+1 LAP,,0,0,0
972,9606,zhou,24,15,61,0.0,+1 LAP,,0,0,0
973,9606,bottas,77,16,61,0.0,+1 LAP,,0,0,0
974,9606,gasly,10,17,61,0.0,+1 LAP,,0,0,0
975,9606,ricciardo,3,18,61,0.0,+1 LAP,,0,0,0
976,9606,kevin_magnussen,20,19,57,0.0,,,1,0,0
977,9606,albon,23,,15,0.0,,,1,0,0
978,9616,max_verstappen,1,1,19,8.0,0,1866.146,0,0,0
979,9616,sainz,55,2,19,7.0,3.882,1870.028,0,0,0
980,9616,norris,4,3,19,6.0,6.24,1872.386,0,0,0
981,9616,leclerc,16,4,19,5.0,6.956,1873.102,0,0,0
982,9616,russell,63,5,19,4.0,15.766,1881.912,0,0,0
983,9616,hamilton,44,6,19,3.0,18.724,1884.87,0,0,0
984,9616,kevin_magnussen,20,7,19,2.0,25.161,1891.307,0,0,0
985,9616,hulkenberg,27,8,19,1.0,26.588,1892.734,0,0,0
986,9616,perez,11,9,19,0.0,29.95,1896.096,0,0,0
987,9616,piastri,81,10,19,0.0,37.059,1903.205,0,0,0
988,9616,tsunoda,22,11,19,0.0,38.363,1904.509,0,0,0
989,9616,colapinto,43,12,19,0.0,39.46,1905.606,0,0,0
990,9616,stroll,18,13,19,0.0,41.236,1907.382,0,0,0
991,9616,gasly,10,14,19,0.0,41.995,1908.141,0,0,0
992,9616,ocon,31,15,19,0.0,42.804,1908.95,0,0,0
993,9616,lawson,30,16,19,0.0,44.008,1910.154,0,0,0
994,9616,albon,23,17,19,0.0,44.564,1910.71,0,0,0
995,9616,alonso,14,18,19,0.0,46.807,1912.953,0,0,0
996,9616,zhou,24,19,19,0.0,52.842,1918.988,0,0,0
997,9616,bottas,77,20,19,0.0,54.476,1920.622,0,0,0
998,9617,leclerc,16,1,56,25.0,0,5709.639,0,0,0
999,9617,sainz,55,2,56,18.0,8.562,5718.201,0,0,0
1000,9617,max_verstappen,1,3,56,15.0,19.412,5729.051,0,0,0
1001,9617,norris,4,4,56,12.0,20.354,5729.993,0,0,0
1002,9617,piastri,81,5,56,10.0,21.921,5731.56,0,0,0
1003,9617,russell,63,6,56,8.0,56.295,5765.934,0,0,0
1004,9617,perez,11,7,56,6.0,59.072,5768.711,0,0,0
1005,9617,hulkenberg,27,8,56,4.0,62.957,5772.596,0,0,0
1006,9617,lawson,30,9,56,2.0,70.563,5780.202,0,0,0
1007,9617,colapinto,43,10,56,1.0,71.979,5781.618,0,0,0
1008,9617,kevin_magnussen,20,11,56,0.0,79.782,5789.421,0,0,0
1009,9617,gasly,10,12,56,0.0,90.558,5800.197,0,0,0
1010,9617,alonso,14,13,55,0.0,+1 LAP,,0,0,0
1011,9617,tsunoda,22,14,55,0.0,+1 LAP,,0,0,0
1012,9617,stroll,18,15,55,0.0,+1 LAP,,0,0,0
1013,9617,albon,23,16,55,0.0,+1 LAP,,0,0,0
1014,9617,bottas,77,17,55,0.0,+1 LAP,,0,0,0
1015,9617,ocon,31,18,55,0.0,+1 LAP,,0,0,0
1016,9617,zhou,24,19,55,0.0,+1 LAP,,0,0,0
1017,9617,hamilton,44,,1,0.0,,,1,0,0
1018,9625,sainz,55,1,71,25.0,0,6055.8,0,0,0
1019,9625,norris,4,2,71,18.0,4.705,6060.505,0,0,0
1020,9625,leclerc,16,3,71,16.0,34.387,6090.187,0,0,0
1021,9625,hamilton,44,4,71,12.0,44.78,6100.58,0,0,0
1022,9625,russell,63,5,71,10.0,48.536,6104.336,0,0,0
1023,9625,max_verstappen,1,6,71,8.0,59.558,6115.358,0,0,0
1024,9625,kevin_magnussen,20,7,71,6.0,63.642,6119.442,0,0,0
1025,9625,piastri,81,8,71,4.0,64.928,6120.728,0,0,0
1026,9625,hulkenberg,27,9,70,2.0,+1 LAP,,0,0,0
1027,9625,gasly,10,10,70,1.0,+1 LAP,,0,0,0
1028,9625,stroll,18,11,70,0.0,+1 LAP,,0,0,0
1029,9625,colapinto,43,12,70,0.0,+1 LAP,,0,0,0
1030,9625,ocon,31,13,70,0.0,+1 LAP,,0,0,0
1031,9625,bottas,77,14,70,0.0,+1 LAP,,0,0,0
1032,9625,zhou,24,15,70,0.0,+1 LAP,,0,0,0
1033,9625,lawson,30,16,70,0.0,+1 LAP,,0,0,0
1034,9625,perez,11,17,70,0.0,+1 LAP,,0,0,0
1035,9625,alonso,14,,15,0.0,,,1,0,0
1036,9625,albon,23,,0,0.0,,,1,0,0
1037,9625,tsunoda,22,,0,0.0,,,1,0,0
1038,9635,norris,4,1,24,8.0,0,1786.045,0,0,0
1039,9635,piastri,81,2,24,7.0,0.593,1786.638,0,0,0
1040,9635,leclerc,16,3,24,6.0,5.656,1791.701,0,0,0
1041,9635,max_verstappen,1,4,24,5.0,6.497,1792.542,0,0,0
1042,9635,sainz,55,5,24,4.0,7.224,1793.269,0,0,0
1043,9635,russell,63,6,24,3.0,12.475,1798.52,0,0,0
1044,9635,gasly,10,7,24,2.0,18.161,1804.206,0,0,0
1045,9635,perez,11,8,24,1.0,18.717,1804.762,0,0,0
1046,9635,lawson,30,9,24,0.0,20.773,1806.818,0,0,0
1047,9635,albon,23,10,24,0.0,24.606,1810.651,0,0,0
1048,9635,hamilton,44,11,24,0.0,29.764,1815.809,0,0,0
1049,9635,colapinto,43,12,24,0.0,33.233,1819.278,0,0,0
1050,9635,ocon,31,13,24,0.0,34.128,1820.173,0,0,0
1051,9635,bearman,50,14,24,0.0,35.507,1821.552,0,0,0
1052,9635,tsunoda,22,15,24,0.0,41.374,1827.419,0,0,0
1053,9635,bottas,77,16,24,0.0,43.231,1829.276,0,0,0
1054,9635,zhou,24,17,24,0.0,54.139,1840.184,0,0,0
1055,9635,alonso,14,18,24,0.0,56.537,1842.582,0,0,0
1056,9635,stroll,18,19,24,0.0,57.983,1844.028,0,0,0
1057,9635,hulkenberg,27,,19,0.0,,,1,0,0
1058,9636,max_verstappen,1,1,69,26.0,0,7614.43,0,0,0
1059,9636,ocon,31,2,69,18.0,19.477,7633.907,0,0,0
1060,9636,gasly,10,3,69,15.0,22.532,7636.962,0,0,0
1061,9636,russell,63,4,69,12.0,23.265,7637.695,0,0,0
1062,9636,leclerc,16,5,69,10.0,30.177,7644.607,0,0,0
1063,9636,norris,4,6,69,8.0,31.372,7645.802,0,0,0
1064,9636,tsunoda,22,7,69,6.0,42.056,7656.486,0,0,0
1065,9636,piastri,81,8,69,4.0,44.943,7659.373,0,0,0
1066,9636,lawson,30,9,69,2.0,50.452,7664.882,0,0,0
1067,9636,hamilton,44,10,69,1.0,50.753,7665.183,0,0,0
1068,9636,perez,11,11,69,0.0,51.531,7665.961,0,0,0
1069,9636,bearman,50,12,69,0.0,57.085,7671.515,0,0,0
1070,9636,bottas,77,13,69,0.0,63.588,7678.018,0,0,0
1071,9636,alonso,14,14,69,0.0,78.049,7692.479,0,0,0
1072,9636,zhou,24,15,69,0.0,79.649,7694.079,0,0,0
1073,9636,sainz,55,,38,0.0,,,1,0,0
1074,9636,colapinto,43,,30,0.0,,,1,0,0
1075,9636,albon,23,,0,0.0,,,0,1,0
1076,9636,stroll,18,,0,0.0,,,0,1,0
1077,9636,hulkenberg,27,,,0.0,,,0,0,1
1078,9644,russell,63,1,50,25.0,0,4925.969,0,0,0
1079,9644,hamilton,44,2,50,18.0,7.313,4933.282,0,0,0
1080,9644,sainz,55,3,50,15.0,11.906,4937.875,0,0,0
1081,9644,leclerc,16,4,50,12.0,14.283,4940.252,0,0,0
1082,9644,max_verstappen,1,5,50,10.0,16.582,4942.551,0,0,0
1083,9644,norris,4,6,50,9.0,43.385,4969.354,0,0,0
1084,9644,piastri,81,7,50,6.0,51.365,4977.334,0,0,0
1085,9644,hulkenberg,27,8,50,4.0,59.808,4985.777,0,0,0
1086,9644,tsunoda,22,9,50,2.0,62.808,4988.777,0,0,0
1087,9644,perez,11,10,50,1.0,63.114,4989.083,0,0,0
1088,9644,alonso,14,11,50,0.0,69.195,4995.164,0,0,0
1089,9644,kevin_magnussen,20,12,50,0.0,69.803,4995.772,0,0,0
1090,9644,zhou,24,13,50,0.0,74.085,5000.054,0,0,0
1091,9644,colapinto,43,14,50,0.0,75.172,5001.141,0,0,0
1092,9644,stroll,18,15,50,0.0,84.102,5010.071,0,0,0
1093,9644,lawson,30,16,50,0.0,91.005,5016.974,0,0,0
1094,9644,ocon,31,17,49,0.0,+1 LAP,,0,0,0
1095,9644,bottas,77,18,49,0.0,+1 LAP,,0,0,0
1096,9644,albon,23,,25,0.0,,,1,0,0
1097,9644,gasly,10,,15,0.0,,,1,0,0
1098,9654,piastri,81,1,19,8.0,0,1623.01,0,0,0
1099,9654,norris,4,2,19,7.0,0.136,1623.146,0,0,0
1100,9654,russell,63,3,19,6.0,0.41,1623.42,0,0,0
1101,9654,sainz,55,4,19,5.0,1.326,1624.336,0,0,0
1102,9654,leclerc,16,5,19,4.0,5.073,1628.083,0,0,0
1103,9654,hamilton,44,6,19,3.0,5.65,1628.66,0,0,0
1104,9654,hulkenberg,27,7,19,2.0,8.508,1631.518,0,0,0
1105,9654,max_verstappen,1,8,19,1.0,10.368,1633.378,0,0,0
1106,9654,gasly,10,9,19,0.0,14.513,1637.523,0,0,0
1107,9654,kevin_magnussen,20,10,19,0.0,15.485,1638.495,0,0,0
1108,9654,alonso,14,11,19,0.0,19.204,1642.214,0,0,0
1109,9654,bottas,77,12,19,0.0,23.351,1646.361,0,0,0
1110,9654,stroll,18,13,19,0.0,24.421,1647.431,0,0,0
1111,9654,ocon,31,14,19,0.0,30.379,1653.389,0,0,0
1112,9654,albon,23,15,19,0.0,33.062,1656.072,0,0,0
1113,9654,lawson,30,16,19,0.0,34.356,1657.366,0,0,0
1114,9654,tsunoda,22,17,19,0.0,35.102,1658.112,0,0,0
1115,9654,colapinto,43,18,19,0.0,35.639,1658.649,0,0,0
1116,9654,zhou,24,19,19,0.0,71.436,1694.446,0,0,0
1117,9654,perez,11,20,19,0.0,74.371,1697.381,0,0,0
1118,9655,max_verstappen,1,1,57,25.0,0,5465.323,0,0,0
1119,9655,leclerc,16,2,57,18.0,6.031,5471.354,0,0,0
1120,9655,piastri,81,3,57,15.0,6.819,5472.142,0,0,0
1121,9655,russell,63,4,57,12.0,14.104,5479.427,0,0,0
1122,9655,gasly,10,5,57,10.0,16.782,5482.105,0,0,0
1123,9655,sainz,55,6,57,8.0,17.476,5482.799,0,0,0
1124,9655,alonso,14,7,57,6.0,19.867,5485.19,0,0,0
1125,9655,zhou,24,8,57,4.0,25.36,5490.683,0,0,0
1126,9655,kevin_magnussen,20,9,57,2.0,32.177,5497.5,0,0,0
1127,9655,norris,4,10,57,2.0,35.762,5501.085,0,0,0
1128,9655,bottas,77,11,57,0.0,50.243,5515.566,0,0,0
1129,9655,hamilton,44,12,57,0.0,56.122,5521.445,0,0,0
1130,9655,tsunoda,22,13,57,0.0,61.1,5526.423,0,0,0
1131,9655,lawson,30,14,57,0.0,62.656,5527.979,0,0,0
1132,9655,albon,23,15,56,0.0,+1 LAP,,0,0,0
1133,9655,hulkenberg,27,,39,0.0,,,1,0,0
1134,9655,perez,11,,38,0.0,,,1,0,0
1135,9655,stroll,18,,8,0.0,,,1,0,0
1136,9655,colapinto,43,,0,0.0,,,1,0,0
1137,9655,ocon,31,,0,0.0,,,1,0,0
1138,9662,norris,4,1,58,25.0,0,5193.291,0,0,0
1139,9662,sainz,55,2,58,18.0,5.832,5199.123,0,0,0
1140,9662,leclerc,16,3,58,15.0,31.928,5225.219,0,0,0
1141,9662,hamilton,44,4,58,12.0,36.483,5229.774,0,0,0
1142,9662,russell,63,5,58,10.0,37.538,5230.829,0,0,0
1143,9662,max_verstappen,1,6,58,8.0,49.847,5243.138,0,0,0
1144,9662,gasly,10,7,58,6.0,72.56,5265.851,0,0,0
1145,9662,hulkenberg,27,8,58,4.0,75.554,5268.845,0,0,0
1146,9662,alonso,14,9,58,2.0,82.373,5275.664,0,0,0
1147,9662,piastri,81,10,58,1.0,83.821,5277.112,0,0,0
1148,9662,albon,23,11,57,0.0,+1 LAP,,0,0,0
1149,9662,tsunoda,22,12,57,0.0,+1 LAP,,0,0,0
1150,9662,zhou,24,13,57,0.0,+1 LAP,,0,0,0
1151,9662,stroll,18,14,57,0.0,+1 LAP,,0,0,0
1152,9662,doornbos,61,15,57,0.0,+1 LAP,,0,0,0
1153,9662,kevin_magnussen,20,16,57,0.0,+1 LAP,,0,0,0
1154,9662,lawson,30,17,55,0.0,,,1,0,0
1155,9662,bottas,77,,30,0.0,,,1,0,0
1156,9662,colapinto,43,,26,0.0,,,1,0,0
1157,9662,perez,11,,0,0.0,,,1,0,0
1158,9693,norris,4,1,57,25.0,0,6126.304,0,0,0
1159,9693,max_verstappen,1,2,57,18.0,0.895,6127.199,0,0,0
1160,9693,russell,63,3,57,15.0,8.481,6134.785,0,0,0
1161,9693,antonelli,12,4,57,12.0,10.135,6136.439,0,0,0
1162,9693,albon,23,5,57,10.0,12.773,6139.077,0,0,0
1163,9693,stroll,18,6,57,8.0,17.413,6143.717,0,0,0
1164,9693,hulkenberg,27,7,57,6.0,18.423,6144.727,0,0,0
1165,9693,leclerc,16,8,57,4.0,19.826,6146.13,0,0,0
1166,9693,piastri,81,9,57,2.0,20.448,6146.752,0,0,0
1167,9693,hamilton,44,10,57,1.0,22.473,6148.777,0,0,0
1168,9693,gasly,10,11,57,0.0,26.502,6152.806,0,0,0
1169,9693,tsunoda,22,12,57,0.0,29.884,6156.188,0,0,0
1170,9693,ocon,31,13,57,0.0,33.161,6159.465,0,0,0
1171,9693,bearman,87,14,57,0.0,40.351,6166.655,0,0,0
1172,9693,lawson,30,,46,0.0,,,1,0,0
1173,9693,bortoleto,5,,45,0.0,,,1,0,0
1174,9693,alonso,14,,32,0.0,,,1,0,0
1175,9693,sainz,55,,0,0.0,,,1,0,0
1176,9693,doornbos,7,,0,0.0,,,1,0,0
1177,9693,hadjar,6,,0,0.0,,,0,1,0
1178,9993,hamilton,44,1,19,8.0,0,1839.965,0,0,0
1179,9993,piastri,81,2,19,7.0,6.889,1846.854,0,0,0
1180,9993,max_verstappen,1,3,19,6.0,9.804,1849.769,0,0,0
1181,9993,russell,63,4,19,5.0,11.592,1851.557,0,0,0
1182,9993,leclerc,16,5,19,4.0,12.19,1852.155,0,0,0
1183,9993,tsunoda,22,6,19,3.0,22.288,1862.253,0,0,0
1184,9993,antonelli,12,7,19,2.0,23.038,1863.003,0,0,0
1185,9993,norris,4,8,19,1.0,23.471,1863.436,0,0,0
1186,9993,stroll,18,9,19,0.0,24.916,1864.881,0,0,0
1187,9993,alonso,14,10,19,0.0,38.218,1878.183,0,0,0
1188,9993,albon,23,11,19,0.0,39.292,1879.257,0,0,0
1189,9993,gasly,10,12,19,0.0,39.649,1879.614,0,0,0
1190,9993,hadjar,6,13,19,0.0,42.4,1882.365,0,0,0
1191,9993,lawson,30,14,19,0.0,44.904,1884.869,0,0,0
1192,9993,bearman,87,15,19,0.0,45.649,1885.614,0,0,0
1193,9993,ocon,31,16,19,0.0,46.182,1886.147,0,0,0
1194,9993,sainz,55,17,19,0.0,51.376,1891.341,0,0,0
1195,9993,bortoleto,5,18,19,0.0,53.94,1893.905,0,0,0
1196,9993,hulkenberg,27,19,19,0.0,56.682,1896.647,0,0,0
1197,9993,doornbos,7,20,19,0.0,70.212,1910.177,0,0,0
1198,9998,piastri,81,1,56,25.0,0,5455.026,0,0,0
1199,9998,norris,4,2,56,18.0,9.748,5464.774,0,0,0
1200,9998,russell,63,3,56,15.0,11.097,5466.123,0,0,0
1201,9998,max_verstappen,1,4,56,12.0,16.656,5471.682,0,0,0
1202,9998,ocon,31,5,56,10.0,49.969,5504.995,0,0,0
1203,9998,antonelli,12,6,56,8.0,53.748,5508.774,0,0,0
1204,9998,albon,23,7,56,6.0,56.321,5511.347,0,0,0
1205,9998,bearman,87,8,56,4.0,61.303,5516.329,0,0,0
1206,9998,stroll,18,9,56,2.0,70.204,5525.23,0,0,0
1207,9998,sainz,55,10,56,1.0,76.387,5531.413,0,0,0
1208,9998,hadjar,6,11,56,0.0,78.875,5533.901,0,0,0
1209,9998,lawson,30,12,56,0.0,81.147,5536.173,0,0,0
1210,9998,doornbos,7,13,56,0.0,88.401,5543.427,0,0,0
1211,9998,bortoleto,5,14,55,0.0,+1 LAP,,0,0,0
1212,9998,hulkenberg,27,15,55,0.0,+1 LAP,,0,0,0
1213,9998,tsunoda,22,16,55,0.0,+1 LAP,,0,0,0
1214,9998,alonso,14,,4,0.0,,,1,0,0
1215,9998,leclerc,16,,,0.0,,,0,0,1
1216,9998,hamilton,44,,,0.0,,,0,0,1
1217,9998,gasly,10,,,0.0,,,0,0,1
1218,10006,max_verstappen,1,1,53,25.0,0,4926.983,0,0,0
1219,10006,norris,4,2,53,18.0,1.423,4928.406,0,0,0
1220,10006,piastri,81,3,53,15.0,2.129,4929.112,0,0,0
1221,10006,leclerc,16,4,53,12.0,16.097,4943.08,0,0,0
1222,10006,russell,63,5,53,10.0,17.362,4944.345,0,0,0
1223,10006,antonelli,12,6,53,8.0,18.671,4945.654,0,0,0
1224,10006,hamilton,44,7,53,6.0,29.182,4956.165,0,0,0
1225,10006,hadjar,6,8,53,4.0,37.134,4964.117,0,0,0
1226,10006,albon,23,9,53,2.0,40.367,4967.35,0,0,0
1227,10006,bearman,87,10,53,1.0,54.529,4981.512,0,0,0
1228,10006,alonso,14,11,53,0.0,57.333,4984.316,0,0,0
1229,10006,tsunoda,22,12,53,0.0,58.401,4985.384,0,0,0
1230,10006,gasly,10,13,53,0.0,62.122,4989.105,0,0,0
1231,10006,sainz,55,14,53,0.0,74.129,5001.112,0,0,0
1232,10006,doornbos,7,15,53,0.0,81.314,5008.297,0,0,0
1233,10006,hulkenberg,27,16,53,0.0,81.957,5008.94,0,0,0
1234,10006,lawson,30,17,53,0.0,82.734,5009.717,0,0,0
1235,10006,ocon,31,18,53,0.0,83.438,5010.421,0,0,0
1236,10006,bortoleto,5,19,53,0.0,83.897,5010.88,0,0,0
1237,10006,stroll,18,20,52,0.0,+1 LAP,,0,0,0
1238,10014,piastri,81,1,57,25.0,0,5739.435,0,0,0
1239,10014,russell,63,2,57,18.0,15.499,5754.934,0,0,0
1240,10014,norris,4,3,57,15.0,16.273,5755.708,0,0,0
1241,10014,leclerc,16,4,57,12.0,19.679,5759.114,0,0,0
1242,10014,hamilton,44,5,57,10.0,27.993,5767.428,0,0,0
1243,10014,max_verstappen,1,6,57,8.0,34.395,5773.83,0,0,0
1244,10014,gasly,10,7,57,6.0,36.002,5775.437,0,0,0
1245,10014,ocon,31,8,57,4.0,44.244,5783.679,0,0,0
1246,10014,tsunoda,22,9,57,2.0,45.061,5784.496,0,0,0
1247,10014,bearman,87,10,57,1.0,47.594,5787.029,0,0,0
1248,10014,antonelli,12,11,57,0.0,48.016,5787.451,0,0,0
1249,10014,albon,23,12,57,0.0,48.839,5788.274,0,0,0
1250,10014,hadjar,6,13,57,0.0,56.314,5795.749,0,0,0
1251,10014,doornbos,7,14,57,0.0,57.806,5797.241,0,0,0
1252,10014,alonso,14,15,57,0.0,60.34,5799.775,0,0,0
1253,10014,lawson,30,16,57,0.0,64.435,5803.87,0,0,0
1254,10014,stroll,18,17,57,0.0,65.489,5804.924,0,0,0
1255,10014,bortoleto,5,18,57,0.0,66.872,5806.307,0,0,0
1256,10014,sainz,55,,45,0.0,,,1,0,0
1257,10014,hulkenberg,27,,,0.0,,,0,0,1
1258,10022,piastri,81,1,50,25.0,0,4866.758,0,0,0
1259,10022,max_verstappen,1,2,50,18.0,2.843,4869.601,0,0,0
1260,10022,leclerc,16,3,50,15.0,8.104,4874.862,0,0,0
1261,10022,norris,4,4,50,12.0,9.196,4875.954,0,0,0
1262,10022,russell,63,5,50,10.0,27.236,4893.994,0,0,0
1263,10022,antonelli,12,6,50,8.0,34.688,4901.446,0,0,0
1264,10022,hamilton,44,7,50,6.0,39.073,4905.831,0,0,0
1265,10022,sainz,55,8,50,4.0,64.63,4931.388,0,0,0
1266,10022,albon,23,9,50,2.0,66.515,4933.273,0,0,0
1267,10022,hadjar,6,10,50,1.0,67.091,4933.849,0,0,0
1268,10022,alonso,14,11,50,0.0,75.917,4942.675,0,0,0
1269,10022,lawson,30,12,50,0.0,78.451,4945.209,0,0,0
1270,10022,bearman,87,13,50,0.0,79.194,4945.952,0,0,0
1271,10022,ocon,31,14,50,0.0,99.723,4966.481,0,0,0
1272,10022,hulkenberg,27,15,49,0.0,+1 LAP,,0,0,0
1273,10022,stroll,18,16,49,0.0,+1 LAP,,0,0,0
1274,10022,doornbos,7,17,49,0.0,+1 LAP,,0,0,0
1275,10022,bortoleto,5,18,49,0.0,+1 LAP,,0,0,0
1276,10022,tsunoda,22,,1,0.0,,,1,0,0
1277,10022,gasly,10,,0,0.0,,,1,0,0
1278,10028,norris,4,1,18,8.0,0,2197.647,0,0,0
1279,10028,piastri,81,2,18,7.0,0.672,2198.319,0,0,0
1280,10028,hamilton,44,3,18,6.0,1.073,2198.72,0,0,0
1281,10028,russell,63,4,18,5.0,3.127,2200.774,0,0,0
1282,10028,stroll,18,5,18,4.0,3.412,2201.059,0,0,0
1283,10028,tsunoda,22,6,18,3.0,5.153,2202.8,0,0,0
1284,10028,antonelli,12,7,18,2.0,5.635,2203.282,0,0,0
1285,10028,gasly,10,8,18,1.0,5.973,2203.62,0,0,0
1286,10028,hulkenberg,27,9,18,0.0,6.153,2203.8,0,0,0
1287,10028,hadjar,6,10,18,0.0,7.502,2205.149,0,0,0
1288,10028,albon,23,11,18,0.0,7.522,2205.169,0,0,0
1289,10028,ocon,31,12,18,0.0,8.998,2206.645,0,0,0
1290,10028,lawson,30,13,18,0.0,9.024,2206.671,0,0,0
1291,10028,bearman,87,14,18,0.0,9.218,2206.865,0,0,0
1292,10028,bortoleto,5,15,18,0.0,9.675,2207.322,0,0,0
1293,10028,doornbos,7,16,18,0.0,9.909,2207.556,0,0,0
1294,10028,max_verstappen,1,17,18,0.0,12.059,2209.706,0,0,0
1295,10028,alonso,14,,13,0.0,,,1,0,0
1296,10028,sainz,55,,12,0.0,,,1,0,0
1297,10028,leclerc,16,,0,0.0,,,0,1,0
1298,10033,piastri,81,1,57,25.0,0,5331.587,0,0,0
1299,10033,norris,4,2,57,18.0,4.63,5336.217,0,0,0
1300,10033,russell,63,3,57,15.0,37.644,5369.231,0,0,0
1301,10033,max_verstappen,1,4,57,12.0,39.956,5371.543,0,0,0
1302,10033,albon,23,5,57,10.0,48.067,5379.654,0,0,0
1303,10033,antonelli,12,6,57,8.0,55.502,5387.089,0,0,0
1304,10033,leclerc,16,7,57,6.0,57.036,5388.623,0,0,0
1305,10033,hamilton,44,8,57,4.0,60.186,5391.773,0,0,0
1306,10033,sainz,55,9,57,2.0,60.577,5392.164,0,0,0
1307,10033,tsunoda,22,10,57,1.0,74.434,5406.021,0,0,0
1308,10033,hadjar,6,11,57,0.0,74.602,5406.189,0,0,0
1309,10033,ocon,31,12,57,0.0,82.006,5413.593,0,0,0
1310,10033,gasly,10,13,57,0.0,90.445,5422.032,0,0,0
1311,10033,hulkenberg,27,14,56,0.0,+1 LAP,,0,0,0
1312,10033,alonso,14,15,56,0.0,+1 LAP,,0,0,0
1313,10033,stroll,18,16,56,0.0,+1 LAP,,0,0,0
1314,10033,lawson,30,,36,0.0,,,1,0,0
1315,10033,bortoleto,5,,30,0.0,,,1,0,0
1316,10033,bearman,87,,27,0.0,,,1,0,0
1317,10033,doornbos,7,,0,0.0,,,1,0,0
1318,9987,max_verstappen,1,1,63,25.0,0,5493.199,0,0,0
1319,9987,norris,4,2,63,18.0,6.109,5499.308,0,0,0
1320,9987,piastri,81,3,63,15.0,12.956,5506.155,0,0,0
1321,9987,hamilton,44,4,63,12.0,14.356,5507.555,0,0,0
1322,9987,albon,23,5,63,10.0,17.945,5511.144,0,0,0
1323,9987,leclerc,16,6,63,8.0,20.774,5513.973,0,0,0
1324,9987,russell,63,7,63,6.0,22.034,5515.233,0,0,0
1325,9987,sainz,55,8,63,4.0,22.898,5516.097,0,0,0
1326,9987,hadjar,6,9,63,2.0,23.586,5516.785,0,0,0
1327,9987,tsunoda,22,10,63,1.0,26.446,5519.645,0,0,0
1328,9987,alonso,14,11,63,0.0,27.25,5520.449,0,0,0
1329,9987,hulkenberg,27,12,63,0.0,30.296,5523.495,0,0,0
1330,9987,gasly,10,13,63,0.0,31.424,5524.623,0,0,0
1331,9987,lawson,30,14,63,0.0,32.511,5525.71,0,0,0
1332,9987,stroll,18,15,63,0.0,32.993,5526.192,0,0,0
1333,9987,colapinto,43,16,63,0.0,33.411,5526.61,0,0,0
1334,9987,bearman,87,17,63,0.0,33.808,5527.007,0,0,0
1335,9987,bortoleto,5,18,63,0.0,38.572,5531.771,0,0,0
1336,9987,antonelli,12,,44,0.0,,,1,0,0
1337,9987,ocon,31,,27,0.0,,,1,0,0
1338,9979,norris,4,1,78,25.0,0,6033.843,0,0,0
1339,9979,leclerc,16,2,78,18.0,3.131,6036.974,0,0,0
1340,9979,piastri,81,3,78,15.0,3.658,6037.501,0,0,0
1341,9979,max_verstappen,1,4,78,12.0,20.572,6054.415,0,0,0
1342,9979,hamilton,44,5,78,10.0,51.387,6085.23,0,0,0
1343,9979,hadjar,6,6,77,8.0,+1 LAP,,0,0,0
1344,9979,ocon,31,7,77,6.0,+1 LAP,,0,0,0
1345,9979,lawson,30,8,77,4.0,+1 LAP,,0,0,0
1346,9979,albon,23,9,76,2.0,+2 LAPS,,0,0,0
1347,9979,sainz,55,10,76,1.0,+2 LAPS,,0,0,0
1348,9979,russell,63,11,76,0.0,+2 LAPS,,0,0,0
1349,9979,bearman,87,12,76,0.0,+2 LAPS,,0,0,0
1350,9979,colapinto,43,13,76,0.0,+2 LAPS,,0,0,0
1351,9979,bortoleto,5,14,76,0.0,+2 LAPS,,0,0,0
1352,9979,stroll,18,15,76,0.0,+2 LAPS,,0,0,0
1353,9979,hulkenberg,27,16,76,0.0,+2 LAPS,,0,0,0
1354,9979,tsunoda,22,17,76,0.0,+2 LAPS,,0,0,0
1355,9979,antonelli,12,18,75,0.0,+3 LAPS,,0,0,0
1356,9979,alonso,14,,36,0.0,,,1,0,0
1357,9979,gasly,10,,7,0.0,,,1,0,0
1358,9971,piastri,81,1,66,25.0,0,5577.375,0,0,0
1359,9971,norris,4,2,66,18.0,2.471,5579.846,0,0,0
1360,9971,leclerc,16,3,66,15.0,10.455,5587.83,0,0,0
1361,9971,russell,63,4,66,12.0,11.359,5588.734,0,0,0
1362,9971,hulkenberg,27,5,66,10.0,13.648,5591.023,0,0,0
1363,9971,hamilton,44,6,66,8.0,15.508,5592.883,0,0,0
1364,9971,hadjar,6,7,66,6.0,16.022,5593.397,0,0,0
1365,9971,gasly,10,8,66,4.0,17.882,5595.257,0,0,0
1366,9971,alonso,14,9,66,2.0,21.564,5598.939,0,0,0
1367,9971,max_verstappen,1,10,66,1.0,21.826,5599.201,0,0,0
1368,9971,lawson,30,11,66,0.0,25.532,5602.907,0,0,0
1369,9971,bortoleto,5,12,66,0.0,25.996,5603.371,0,0,0
1370,9971,tsunoda,22,13,66,0.0,28.822,5606.197,0,0,0
1371,9971,sainz,55,14,66,0.0,29.309,5606.684,0,0,0
1372,9971,colapinto,43,15,66,0.0,31.381,5608.756,0,0,0
1373,9971,ocon,31,16,66,0.0,32.197,5609.572,0,0,0
1374,9971,bearman,87,17,66,0.0,37.065,5614.44,0,0,0
1375,9971,antonelli,12,,53,0.0,,,1,0,0
1376,9971,albon,23,,27,0.0,,,1,0,0
1377,9963,russell,63,1,70,25.0,0,5512.688,0,0,0
1378,9963,max_verstappen,1,2,70,18.0,0.228,5512.916,0,0,0
1379,9963,antonelli,12,3,70,15.0,1.014,5513.702,0,0,0
1380,9963,piastri,81,4,70,12.0,2.109,5514.797,0,0,0
1381,9963,leclerc,16,5,70,10.0,3.442,5516.13,0,0,0
1382,9963,hamilton,44,6,70,8.0,10.713,5523.401,0,0,0
1383,9963,alonso,14,7,70,6.0,10.972,5523.66,0,0,0
1384,9963,hulkenberg,27,8,70,4.0,15.364,5528.052,0,0,0
1385,9963,ocon,31,9,69,2.0,+1 LAP,,0,0,0
1386,9963,sainz,55,10,69,1.0,+1 LAP,,0,0,0
1387,9963,bearman,87,11,69,0.0,+1 LAP,,0,0,0
1388,9963,tsunoda,22,12,69,0.0,+1 LAP,,0,0,0
1389,9963,colapinto,43,13,69,0.0,+1 LAP,,0,0,0
1390,9963,bortoleto,5,14,69,0.0,+1 LAP,,0,0,0
1391,9963,gasly,10,15,69,0.0,+1 LAP,,0,0,0
1392,9963,hadjar,6,16,69,0.0,+1 LAP,,0,0,0
1393,9963,stroll,18,17,69,0.0,+1 LAP,,0,0,0
1394,9963,norris,4,18,66,0.0,,,1,0,0
1395,9963,lawson,30,,53,0.0,,,1,0,0
1396,9963,albon,23,,46,0.0,,,1,0,0
1397,9955,norris,4,1,70,25.0,0,5027.693,0,0,0
1398,9955,piastri,81,2,70,18.0,2.695,5030.388,0,0,0
1399,9955,leclerc,16,3,70,15.0,19.82,5047.513,0,0,0
1400,9955,hamilton,44,4,70,12.0,29.02,5056.713,0,0,0
1401,9955,russell,63,5,70,10.0,62.396,5090.089,0,0,0
1402,9955,lawson,30,6,70,8.0,67.754,5095.447,0,0,0
1403,9955,alonso,14,7,69,6.0,+1 LAP,,0,0,0
1404,9955,bortoleto,5,8,69,4.0,+1 LAP,,0,0,0
1405,9955,hulkenberg,27,9,69,2.0,+1 LAP,,0,0,0
1406,9955,ocon,31,10,69,1.0,+1 LAP,,0,0,0
1407,9955,bearman,87,11,69,0.0,+1 LAP,,0,0,0
1408,9955,hadjar,6,12,69,0.0,+1 LAP,,0,0,0
1409,9955,gasly,10,13,69,0.0,+1 LAP,,0,0,0
1410,9955,stroll,18,14,69,0.0,+1 LAP,,0,0,0
1411,9955,colapinto,43,15,69,0.0,+1 LAP,,0,0,0
1412,9955,tsunoda,22,16,68,0.0,+2 LAPS,,0,0,0
1413,9955,albon,23,,15,0.0,,,1,0,0
1414,9955,max_verstappen,1,,0,0.0,,,1,0,0
1415,9955,antonelli,12,,0,0.0,,,1,0,0
1416,9955,sainz,55,,0,0.0,,,0,1,0
1417,9947,norris,4,1,52,25.0,0,5835.735,0,0,0
1418,9947,piastri,81,2,52,18.0,6.812,5842.547,0,0,0
1419,9947,hulkenberg,27,3,52,15.0,34.742,5870.477,0,0,0
1420,9947,hamilton,44,4,52,12.0,39.812,5875.547,0,0,0
1421,9947,max_verstappen,1,5,52,10.0,56.781,5892.516,0,0,0
1422,9947,gasly,10,6,52,8.0,59.857,5895.592,0,0,0
1423,9947,stroll,18,7,52,6.0,60.603,5896.338,0,0,0
1424,9947,albon,23,8,52,4.0,64.135,5899.87,0,0,0
1425,9947,alonso,14,9,52,2.0,65.858,5901.593,0,0,0
1426,9947,russell,63,10,52,1.0,70.674,5906.409,0,0,0
1427,9947,bearman,87,11,52,0.0,72.095,5907.83,0,0,0
1428,9947,sainz,55,12,52,0.0,76.592,5912.327,0,0,0
1429,9947,ocon,31,13,52,0.0,77.301,5913.036,0,0,0
1430,9947,leclerc,16,14,52,0.0,84.477,5920.212,0,0,0
1431,9947,tsunoda,22,15,51,0.0,+1 LAP,,0,0,0
1432,9947,antonelli,12,,23,0.0,,,1,0,0
1433,9947,hadjar,6,,17,0.0,,,1,0,0
1434,9947,bortoleto,5,,3,0.0,,,1,0,0
1435,9947,lawson,30,,0,0.0,,,1,0,0
1436,9947,colapinto,43,,0,0.0,,,0,1,0
1437,9934,max_verstappen,1,1,15,8.0,0,1597.997,0,0,0
1438,9934,piastri,81,2,15,7.0,0.753,1598.75,0,0,0
1439,9934,norris,4,3,15,6.0,1.414,1599.411,0,0,0
1440,9934,leclerc,16,4,15,5.0,10.176,1608.173,0,0,0
1441,9934,ocon,31,5,15,4.0,13.789,1611.786,0,0,0
1442,9934,sainz,55,6,15,3.0,14.964,1612.961,0,0,0
1443,9934,bearman,87,7,15,2.0,18.61,1616.607,0,0,0
1444,9934,hadjar,6,8,15,1.0,19.119,1617.116,0,0,0
1445,9934,bortoleto,5,9,15,0.0,22.183,1620.18,0,0,0
1446,9934,lawson,30,10,15,0.0,22.897,1620.894,0,0,0
1447,9934,tsunoda,22,11,15,0.0,24.551,1622.548,0,0,0
1448,9934,russell,63,12,15,0.0,25.969,1623.966,0,0,0
1449,9934,stroll,18,13,15,0.0,26.595,1624.592,0,0,0
1450,9934,alonso,14,14,15,0.0,29.046,1627.043,0,0,0
1451,9934,hamilton,44,15,15,0.0,30.175,1628.172,0,0,0
1452,9934,albon,23,16,15,0.0,30.941,1628.938,0,0,0
1453,9934,antonelli,12,17,15,0.0,31.981,1629.978,0,0,0
1454,9934,hulkenberg,27,18,15,0.0,32.867,1630.864,0,0,0
1455,9934,colapinto,43,19,15,0.0,38.072,1636.069,0,0,0
1456,9934,gasly,10,,12,0.0,,,1,0,0
1457,9939,piastri,81,1,44,25.0,0,5122.601,0,0,0
1458,9939,norris,4,2,44,18.0,3.415,5126.016,0,0,0
1459,9939,leclerc,16,3,44,15.0,20.185,5142.786,0,0,0
1460,9939,max_verstappen,1,4,44,12.0,21.731,5144.332,0,0,0
1461,9939,russell,63,5,44,10.0,34.863,5157.464,0,0,0
1462,9939,albon,23,6,44,8.0,39.926,5162.527,0,0,0
1463,9939,hamilton,44,7,44,6.0,40.679,5163.28,0,0,0
1464,9939,lawson,30,8,44,4.0,52.033,5174.634,0,0,0
1465,9939,bortoleto,5,9,44,2.0,56.434,5179.035,0,0,0
1466,9939,gasly,10,10,44,1.0,72.714,5195.315,0,0,0
1467,9939,bearman,87,11,44,0.0,73.145,5195.746,0,0,0
1468,9939,hulkenberg,27,12,44,0.0,73.628,5196.229,0,0,0
1469,9939,tsunoda,22,13,44,0.0,75.395,5197.996,0,0,0
1470,9939,stroll,18,14,44,0.0,79.831,5202.432,0,0,0
1471,9939,ocon,31,15,44,0.0,86.063,5208.664,0,0,0
1472,9939,antonelli,12,16,44,0.0,86.721,5209.322,0,0,0
1473,9939,alonso,14,17,44,0.0,87.924,5210.525,0,0,0
1474,9939,sainz,55,18,44,0.0,92.024,5214.625,0,0,0
1475,9939,colapinto,43,19,44,0.0,95.25,5217.851,0,0,0
1476,9939,hadjar,6,20,43,0.0,+1 LAP,,0,0,0
1477,9928,norris,4,1,70,25.0,0,5721.231,0,0,0
1478,9928,piastri,81,2,70,18.0,0.698,5721.929,0,0,0
1479,9928,russell,63,3,70,15.0,21.916,5743.147,0,0,0
1480,9928,leclerc,16,4,70,12.0,42.56,5763.791,0,0,0
1481,9928,alonso,14,5,70,10.0,59.04,5780.271,0,0,0
1482,9928,bortoleto,5,6,70,8.0,66.169,5787.4,0,0,0
1483,9928,stroll,18,7,70,6.0,68.174,5789.405,0,0,0
1484,9928,lawson,30,8,70,4.0,69.451,5790.682,0,0,0
1485,9928,max_verstappen,1,9,70,2.0,72.645,5793.876,0,0,0
1486,9928,antonelli,12,10,69,1.0,+1 LAP,,0,0,0
1487,9928,hadjar,6,11,69,0.0,+1 LAP,,0,0,0
1488,9928,hamilton,44,12,69,0.0,+1 LAP,,0,0,0
1489,9928,hulkenberg,27,13,69,0.0,+1 LAP,,0,0,0
1490,9928,sainz,55,14,69,0.0,+1 LAP,,0,0,0
1491,9928,albon,23,15,69,0.0,+1 LAP,,0,0,0
1492,9928,ocon,31,16,69,0.0,+1 LAP,,0,0,0
1493,9928,tsunoda,22,17,69,0.0,+1 LAP,,0,0,0
1494,9928,colapinto,43,18,69,0.0,+1 LAP,,0,0,0
1495,9928,gasly,10,19,69,0.0,+1 LAP,,0,0,0
1496,9928,bearman,87,,48,0.0,,,1,0,0
1497,9920,piastri,81,1,72,25.0,0,5909.849,0,0,0
1498,9920,max_verstappen,1,2,72,18.0,1.271,5911.12,0,0,0
1499,9920,hadjar,6,3,72,15.0,3.233,5913.082,0,0,0
1500,9920,russell,63,4,72,12.0,5.654,5915.503,0,0,0
1501,9920,albon,23,5,72,10.0,6.327,5916.176,0,0,0
1502,9920,bearman,87,6,72,8.0,9.044,5918.893,0,0,0
1503,9920,stroll,18,7,72,6.0,9.497,5919.346,0,0,0
1504,9920,alonso,14,8,72,4.0,11.709,5921.558,0,0,0
1505,9920,tsunoda,22,9,72,2.0,13.597,5923.446,0,0,0
1506,9920,ocon,31,10,72,1.0,14.063,5923.912,0,0,0
1507,9920,colapinto,43,11,72,0.0,14.511,5924.36,0,0,0
1508,9920,lawson,30,12,72,0.0,17.063,5926.912,0,0,0
1509,9920,sainz,55,13,72,0.0,17.376,5927.225,0,0,0
1510,9920,hulkenberg,27,14,72,0.0,19.725,5929.574,0,0,0
1511,9920,bortoleto,5,15,72,0.0,21.565,5931.414,0,0,0
1512,9920,antonelli,12,16,72,0.0,22.029,5931.878,0,0,0
1513,9920,gasly,10,17,72,0.0,23.629,5933.478,0,0,0
1514,9920,norris,4,18,64,0.0,,,1,0,0
1515,9920,leclerc,16,,52,0.0,,,1,0,0
1516,9920,hamilton,44,,22,0.0,,,1,0,0
1517,9912,max_verstappen,1,1,53,25.0,0,4404.325,0,0,0
1518,9912,norris,4,2,53,18.0,19.207,4423.532,0,0,0
1519,9912,piastri,81,3,53,15.0,21.351,4425.676,0,0,0
1520,9912,leclerc,16,4,53,12.0,25.624,4429.949,0,0,0
1521,9912,russell,63,5,53,10.0,32.881,4437.206,0,0,0
1522,9912,hamilton,44,6,53,8.0,37.449,4441.774,0,0,0
1523,9912,albon,23,7,53,6.0,50.537,4454.862,0,0,0
1524,9912,bortoleto,5,8,53,4.0,58.484,4462.809,0,0,0
1525,9912,antonelli,12,9,53,2.0,59.762,4464.087,0,0,0
1526,9912,hadjar,6,10,53,1.0,63.891,4468.216,0,0,0
1527,9912,sainz,55,11,53,0.0,64.469,4468.794,0,0,0
1528,9912,bearman,87,12,53,0.0,79.288,4483.613,0,0,0
1529,9912,tsunoda,22,13,53,0.0,80.701,4485.026,0,0,0
1530,9912,lawson,30,14,53,0.0,82.351,4486.676,0,0,0
1531,9912,ocon,31,15,52,0.0,+1 LAP,,0,0,0
1532,9912,gasly,10,16,52,0.0,+1 LAP,,0,0,0
1533,9912,colapinto,43,17,52,0.0,+1 LAP,,0,0,0
1534,9912,stroll,18,18,52,0.0,+1 LAP,,0,0,0
1535,9912,alonso,14,,24,0.0,,,1,0,0
1536,9912,hulkenberg,27,,0,0.0,,,0,1,0
1537,9904,max_verstappen,1,1,51,25.0,0,5606.408,0,0,0
1538,9904,russell,63,2,51,18.0,14.609,5621.017,0,0,0
1539,9904,sainz,55,3,51,15.0,19.199,5625.607,0,0,0
1540,9904,antonelli,12,4,51,12.0,21.76,5628.168,0,0,0
1541,9904,lawson,30,5,51,10.0,33.29,5639.698,0,0,0
1542,9904,tsunoda,22,6,51,8.0,33.808,5640.216,0,0,0
1543,9904,norris,4,7,51,6.0,34.227,5640.635,0,0,0
1544,9904,hamilton,44,8,51,4.0,36.31,5642.718,0,0,0
1545,9904,leclerc,16,9,51,2.0,36.774,5643.182,0,0,0
1546,9904,hadjar,6,10,51,1.0,38.982,5645.39,0,0,0
1547,9904,bortoleto,5,11,51,0.0,67.606,5674.014,0,0,0
1548,9904,bearman,87,12,51,0.0,68.262,5674.67,0,0,0
1549,9904,albon,23,13,51,0.0,72.87,5679.278,0,0,0
1550,9904,ocon,31,14,51,0.0,77.58,5683.988,0,0,0
1551,9904,alonso,14,15,51,0.0,78.707,5685.115,0,0,0
1552,9904,hulkenberg,27,16,51,0.0,80.237,5686.645,0,0,0
1553,9904,stroll,18,17,51,0.0,96.392,5702.8,0,0,0
1554,9904,gasly,10,18,50,0.0,+1 LAP,,0,0,0
1555,9904,colapinto,43,19,50,0.0,+1 LAP,,0,0,0
1556,9904,piastri,81,,0,0.0,,,1,0,0
1557,9896,russell,63,1,62,25.0,0,6022.367,0,0,0
1558,9896,max_verstappen,1,2,62,18.0,5.43,6027.797,0,0,0
1559,9896,norris,4,3,62,15.0,6.066,6028.433,0,0,0
1560,9896,piastri,81,4,62,12.0,8.146,6030.513,0,0,0
1561,9896,antonelli,12,5,62,10.0,33.681,6056.048,0,0,0
1562,9896,leclerc,16,6,62,8.0,45.996,6068.363,0,0,0
1563,9896,alonso,14,7,62,6.0,80.667,6103.034,0,0,0
1564,9896,hamilton,44,8,62,4.0,85.251,6107.618,0,0,0
1565,9896,bearman,87,9,62,2.0,93.527,6115.894,0,0,0
1566,9896,sainz,55,10,61,1.0,+1 LAP,,0,0,0
1567,9896,hadjar,6,11,61,0.0,+1 LAP,,0,0,0
1568,9896,tsunoda,22,12,61,0.0,+1 LAP,,0,0,0
1569,9896,stroll,18,13,61,0.0,+1 LAP,,0,0,0
1570,9896,albon,23,14,61,0.0,+1 LAP,,0,0,0
1571,9896,lawson,30,15,61,0.0,+1 LAP,,0,0,0
1572,9896,colapinto,43,16,61,0.0,+1 LAP,,0,0,0
1573,9896,bortoleto,5,17,61,0.0,+1 LAP,,0,0,0
1574,9896,ocon,31,18,61,0.0,+1 LAP,,0,0,0
1575,9896,gasly,10,19,61,0.0,+1 LAP,,0,0,0
1576,9896,hulkenberg,27,20,61,0.0,+1 LAP,,0,0,0
1577,9883,max_verstappen,1,1,19,8.0,0,2278.229,0,0,0
1578,9883,russell,63,2,19,7.0,0.395,2278.624,0,0,0
1579,9883,sainz,55,3,19,6.0,0.791,2279.02,0,0,0
1580,9883,hamilton,44,4,19,5.0,1.224,2279.453,0,0,0
1581,9883,leclerc,16,5,19,4.0,1.825,2280.054,0,0,0
1582,9883,albon,23,6,19,3.0,2.576,2280.805,0,0,0
1583,9883,tsunoda,22,7,19,2.0,2.976,2281.205,0,0,0
1584,9883,antonelli,12,8,19,1.0,4.147,2282.376,0,0,0
1585,9883,lawson,30,9,19,0.0,4.804,2283.033,0,0,0
1586,9883,gasly,10,10,19,0.0,5.126,2283.355,0,0,0
1587,9883,bortoleto,5,11,19,0.0,5.649,2283.878,0,0,0
1588,9883,hadjar,6,12,19,0.0,6.228,2284.457,0,0,0
1589,9883,hulkenberg,27,13,19,0.0,6.624,2284.853,0,0,0
1590,9883,colapinto,43,14,19,0.0,8.006,2286.235,0,0,0
1591,9883,bearman,87,15,19,0.0,13.576,2291.805,0,0,0
1592,9883,ocon,31,,15,0.0,,,1,0,0
1593,9883,stroll,18,,15,0.0,,,1,0,0
1594,9883,norris,4,,0,0.0,,,1,0,0
1595,9883,piastri,81,,0,0.0,,,1,0,0
1596,9883,alonso,14,,0,0.0,,,1,0,0
1597,9888,max_verstappen,1,1,56,25.0,0,5640.161,0,0,0
1598,9888,norris,4,2,56,18.0,7.959,5648.12,0,0,0
1599,9888,leclerc,16,3,56,15.0,15.373,5655.534,0,0,0
1600,9888,hamilton,44,4,56,12.0,28.536,5668.697,0,0,0
1601,9888,piastri,81,5,56,10.0,29.678,5669.839,0,0,0
1602,9888,russell,63,6,56,8.0,33.456,5673.617,0,0,0
1603,9888,tsunoda,22,7,56,6.0,52.714,5692.875,0,0,0
1604,9888,hulkenberg,27,8,56,4.0,57.249,5697.41,0,0,0
1605,9888,bearman,87,9,56,2.0,64.722,5704.883,0,0,0
1606,9888,alonso,14,10,56,1.0,70.001,5710.162,0,0,0
1607,9888,lawson,30,11,56,0.0,73.209,5713.37,0,0,0
1608,9888,stroll,18,12,56,0.0,74.778,5714.939,0,0,0
1609,9888,antonelli,12,13,56,0.0,75.746,5715.907,0,0,0
1610,9888,albon,23,14,56,0.0,80.0,5720.161,0,0,0
1611,9888,ocon,31,15,56,0.0,83.043,5723.204,0,0,0
1612,9888,hadjar,6,16,56,0.0,92.807,5732.968,0,0,0
1613,9888,colapinto,43,17,55,0.0,+1 LAP,,0,0,0
1614,9888,bortoleto,5,18,55,0.0,+1 LAP,,0,0,0
1615,9888,gasly,10,19,55,0.0,+1 LAP,,0,0,0
1616,9888,sainz,55,,5,0.0,,,1,0,0
1617,9877,norris,4,1,71,25.0,0,5878.574,0,0,0
1618,9877,leclerc,16,2,71,18.0,30.324,5908.898,0,0,0
1619,9877,max_verstappen,1,3,71,15.0,31.049,5909.623,0,0,0
1620,9877,bearman,87,4,71,12.0,40.955,5919.529,0,0,0
1621,9877,piastri,81,5,71,10.0,42.065,5920.639,0,0,0
1622,9877,antonelli,12,6,71,8.0,47.837,5926.411,0,0,0
1623,9877,russell,63,7,71,6.0,50.287,5928.861,0,0,0
1624,9877,hamilton,44,8,71,4.0,56.446,5935.02,0,0,0
1625,9877,ocon,31,9,71,2.0,75.464,5954.038,0,0,0
1626,9877,bortoleto,5,10,71,1.0,76.863,5955.437,0,0,0
1627,9877,tsunoda,22,11,71,0.0,79.048,5957.622,0,0,0
1628,9877,albon,23,12,70,0.0,+1 LAP,,0,0,0
1629,9877,hadjar,6,13,70,0.0,+1 LAP,,0,0,0
1630,9877,stroll,18,14,70,0.0,+1 LAP,,0,0,0
1631,9877,gasly,10,15,70,0.0,+1 LAP,,0,0,0
1632,9877,colapinto,43,16,70,0.0,+1 LAP,,0,0,0
1633,9877,sainz,55,17,67,0.0,,,1,0,0
1634,9877,alonso,14,,34,0.0,,,1,0,0
1635,9877,hulkenberg,27,,25,0.0,,,1,0,0
1636,9877,lawson,30,,5,0.0,,,1,0,0
1637,9864,norris,4,1,24,8.0,0,3205.928,0,0,0
1638,9864,antonelli,12,2,24,7.0,0.845,3206.773,0,0,0
1639,9864,russell,63,3,24,6.0,2.318,3208.246,0,0,0
1640,9864,max_verstappen,1,4,24,5.0,4.423,3210.351,0,0,0
1641,9864,leclerc,16,5,24,4.0,16.483,3222.411,0,0,0
1642,9864,alonso,14,6,24,3.0,18.306,3224.234,0,0,0
1643,9864,hamilton,44,7,24,2.0,18.603,3224.531,0,0,0
1644,9864,gasly,10,8,24,1.0,19.366,3225.294,0,0,0
1645,9864,stroll,18,9,24,0.0,23.933,3229.861,0,0,0
1646,9864,hadjar,6,10,24,0.0,29.548,3235.476,0,0,0
1647,9864,ocon,31,11,24,0.0,31.0,3236.928,0,0,0
1648,9864,bearman,87,12,24,0.0,31.334,3237.262,0,0,0
1649,9864,lawson,30,13,24,0.0,38.09,3244.018,0,0,0
1650,9864,tsunoda,22,14,24,0.0,38.462,3244.39,0,0,0
1651,9864,sainz,55,15,24,0.0,38.951,3244.879,0,0,0
1652,9864,hulkenberg,27,16,24,0.0,42.349,3248.277,0,0,0
1653,9864,albon,23,17,24,0.0,55.456,3261.384,0,0,0
1654,9864,bortoleto,5,18,23,0.0,,,1,0,0
1655,9864,piastri,81,,5,0.0,,,1,0,0
1656,9864,colapinto,43,,5,0.0,,,1,0,0
1657,9858,max_verstappen,1,1,50,25.0,0,4868.429,0,0,0
1658,9858,russell,63,2,50,18.0,23.546,4891.975,0,0,0
1659,9858,antonelli,12,3,50,15.0,30.488,4898.917,0,0,0
1660,9858,leclerc,16,4,50,12.0,30.678,4899.107,0,0,0
1661,9858,sainz,55,5,50,10.0,34.924,4903.353,0,0,0
1662,9858,hadjar,6,6,50,8.0,45.257,4913.686,0,0,0
1663,9858,hulkenberg,27,7,50,6.0,51.134,4919.563,0,0,0
1664,9858,hamilton,44,8,50,4.0,59.369,4927.798,0,0,0
1665,9858,ocon,31,9,50,2.0,60.635,4929.064,0,0,0
1666,9858,bearman,87,10,50,1.0,70.549,4938.978,0,0,0
1667,9858,alonso,14,11,50,0.0,85.308,4953.737,0,0,0
1668,9858,tsunoda,22,12,50,0.0,86.974,4955.403,0,0,0
1669,9858,gasly,10,13,50,0.0,91.702,4960.131,0,0,0
1670,9858,lawson,30,14,49,0.0,+1 LAP,,0,0,0
1671,9858,colapinto,43,15,49,0.0,+1 LAP,,0,0,0
1672,9858,albon,23,,35,0.0,,,1,0,0
1673,9858,bortoleto,5,,2,0.0,,,1,0,0
1674,9858,stroll,18,,0,0.0,,,1,0,0
1675,9858,norris,4,,,0.0,,,0,0,1
1676,9858,piastri,81,,,0.0,,,0,0,1
1677,9845,piastri,81,1,19,8.0,0,1611.033,0,0,0
1678,9845,russell,63,2,19,7.0,4.951,1615.984,0,0,0
1679,9845,norris,4,3,19,6.0,6.279,1617.312,0,0,0
1680,9845,max_verstappen,1,4,19,5.0,9.054,1620.087,0,0,0
1681,9845,tsunoda,22,5,19,4.0,19.327,1630.36,0,0,0
1682,9845,antonelli,12,6,19,3.0,21.391,1632.424,0,0,0
1683,9845,alonso,14,7,19,2.0,24.556,1635.589,0,0,0
1684,9845,sainz,55,8,19,1.0,27.333,1638.366,0,0,0
1685,9845,hadjar,6,9,19,0.0,28.206,1639.239,0,0,0
1686,9845,albon,23,10,19,0.0,28.925,1639.958,0,0,0
1687,9845,bortoleto,5,11,19,0.0,32.966,1643.999,0,0,0
1688,9845,bearman,87,12,19,0.0,34.529,1645.562,0,0,0
1689,9845,leclerc,16,13,19,0.0,35.182,1646.215,0,0,0
1690,9845,lawson,30,14,19,0.0,36.916,1647.949,0,0,0
1691,9845,ocon,31,15,19,0.0,38.838,1649.871,0,0,0
1692,9845,hulkenberg,27,16,19,0.0,39.638,1650.671,0,0,0
1693,9845,hamilton,44,17,19,0.0,46.171,1657.204,0,0,0
1694,9845,gasly,10,18,19,0.0,69.534,1680.567,0,0,0
1695,9845,stroll,18,19,19,0.0,77.96,1688.993,0,0,0
1696,9845,colapinto,43,20,19,0.0,80.804,1691.837,0,0,0
1697,9850,max_verstappen,1,1,57,25.0,0,5078.241,0,0,0
1698,9850,piastri,81,2,57,18.0,7.995,5086.236,0,0,0
1699,9850,sainz,55,3,57,15.0,22.665,5100.906,0,0,0
1700,9850,norris,4,4,57,12.0,23.315,5101.556,0,0,0
1701,9850,antonelli,12,5,57,10.0,28.317,5106.558,0,0,0
1702,9850,russell,63,6,57,8.0,48.599,5126.84,0,0,0
1703,9850,alonso,14,7,57,6.0,54.045,5132.286,0,0,0
1704,9850,leclerc,16,8,57,4.0,56.785,5135.026,0,0,0
1705,9850,lawson,30,9,57,2.0,60.073,5138.314,0,0,0
1706,9850,tsunoda,22,10,57,1.0,61.77,5140.011,0,0,0
1707,9850,albon,23,11,57,0.0,66.931,5145.172,0,0,0
1708,9850,hamilton,44,12,57,0.0,77.73,5155.971,0,0,0
1709,9850,bortoleto,5,13,57,0.0,84.812,5163.053,0,0,0
1710,9850,colapinto,43,14,56,0.0,+1 LAP,,0,0,0
1711,9850,ocon,31,15,56,0.0,+1 LAP,,0,0,0
1712,9850,gasly,10,16,56,0.0,+1 LAP,,0,0,0
1713,9850,stroll,18,17,55,0.0,,,1,0,0
1714,9850,hadjar,6,18,55,0.0,,,1,0,0
1715,9850,bearman,87,,41,0.0,,,1,0,0
1716,9850,hulkenberg,27,,6,0.0,,,1,0,0
1717,9839,max_verstappen,1,1,58,25.0,0,5167.469,0,0,0
1718,9839,piastri,81,2,58,18.0,12.594,5180.063,0,0,0
1719,9839,norris,4,3,58,15.0,16.572,5184.041,0,0,0
1720,9839,leclerc,16,4,58,12.0,23.279,5190.748,0,0,0
1721,9839,russell,63,5,58,10.0,48.563,5216.032,0,0,0
1722,9839,alonso,14,6,58,8.0,67.562,5235.031,0,0,0
1723,9839,ocon,31,7,58,6.0,69.876,5237.345,0,0,0
1724,9839,hamilton,44,8,58,4.0,72.67,5240.139,0,0,0
1725,9839,hulkenberg,27,9,58,2.0,79.014,5246.483,0,0,0
1726,9839,stroll,18,10,58,1.0,79.523,5246.992,0,0,0
1727,9839,bortoleto,5,11,58,0.0,81.043,5248.512,0,0,0
1728,9839,bearman,87,12,58,0.0,81.166,5248.635,0,0,0
1729,9839,sainz,55,13,58,0.0,82.158,5249.627,0,0,0
1730,9839,tsunoda,22,14,58,0.0,83.794,5251.263,0,0,0
1731,9839,antonelli,12,15,58,0.0,84.399,5251.868,0,0,0
1732,9839,albon,23,16,58,0.0,90.327,5257.796,0,0,0
1733,9839,hadjar,6,17,57,0.0,+1 LAP,,0,0,0
1734,9839,lawson,30,18,57,0.0,+1 LAP,,0,0,0
1735,9839,gasly,10,19,57,0.0,+1 LAP,,0,0,0
1736,9839,colapinto,43,20,57,0.0,+1 LAP,,0,0,0
1737,11234,russell,63,1,58,25.0,0,4986.801,0,0,0
1738,11234,antonelli,12,2,58,18.0,2.974,4989.775,0,0,0
1739,11234,leclerc,16,3,58,15.0,15.519,5002.32,0,0,0
1740,11234,hamilton,44,4,58,12.0,16.144,5002.945,0,0,0
1741,11234,norris,1,5,58,10.0,51.741,5038.542,0,0,0
1742,11234,max_verstappen,3,6,58,8.0,54.617,5041.418,0,0,0
1743,11234,bearman,87,7,57,6.0,+1 LAP,,0,0,0
1744,11234,arvid_lindblad,41,8,57,4.0,+1 LAP,,0,0,0
1745,11234,bortoleto,5,9,57,2.0,+1 LAP,,0,0,0
1746,11234,gasly,10,10,57,1.0,+1 LAP,,0,0,0
1747,11234,ocon,31,11,57,0.0,+1 LAP,,0,0,0
1748,11234,albon,23,12,57,0.0,+1 LAP,,0,0,0
1749,11234,lawson,30,13,57,0.0,+1 LAP,,0,0,0
1750,11234,colapinto,43,14,56,0.0,+2 LAPS,,0,0,0
1751,11234,sainz,55,15,56,0.0,+2 LAPS,,0,0,0
1752,11234,perez,11,16,55,0.0,+3 LAPS,,0,0,0
1753,11234,stroll,18,,43,0.0,+15 LAPS,,0,0,0
1754,11234,alonso,14,,21,0.0,,,1,0,0
1755,11234,bottas,77,,15,0.0,,,1,0,0
1756,11234,hadjar,6,,10,0.0,,,1,0,0
1757,11234,piastri,81,,0,0.0,,,0,1,0
1758,11234,hulkenberg,27,,0,0.0,,,0,1,0
1759,11240,russell,63,1,19,8.0,0,2018.998,0,0,0
1760,11240,leclerc,16,2,19,7.0,0.674,2019.672,0,0,0
1761,11240,hamilton,44,3,19,6.0,2.554,2021.552,0,0,0
1762,11240,norris,1,4,19,5.0,4.433,2023.431,0,0,0
1763,11240,antonelli,12,5,19,4.0,5.688,2024.686,0,0,0
1764,11240,piastri,81,6,19,3.0,6.809,2025.807,0,0,0
1765,11240,lawson,30,7,19,2.0,10.9,2029.898,0,0,0
1766,11240,bearman,87,8,19,1.0,11.271,2030.269,0,0,0
1767,11240,max_verstappen,3,9,19,0.0,11.619,2030.617,0,0,0
1768,11240,ocon,31,10,19,0.0,13.887,2032.885,0,0,0
1769,11240,gasly,10,11,19,0.0,14.78,2033.778,0,0,0
1770,11240,sainz,55,12,19,0.0,15.753,2034.751,0,0,0
1771,11240,bortoleto,5,13,19,0.0,15.858,2034.856,0,0,0
1772,11240,colapinto,43,14,19,0.0,16.393,2035.391,0,0,0
1773,11240,hadjar,6,15,19,0.0,16.43,2035.428,0,0,0
1774,11240,albon,23,16,19,0.0,20.014,2039.012,0,0,0
1775,11240,alonso,14,17,19,0.0,21.599,2040.597,0,0,0
1776,11240,stroll,18,18,19,0.0,21.971,2040.969,0,0,0
1777,11240,perez,11,19,19,0.0,28.241,2047.239,0,0,0
1778,11240,hulkenberg,27,,12,0.0,,,1,0,0
1779,11240,bottas,77,,12,0.0,,,1,0,0
1780,11240,arvid_lindblad,41,,11,0.0,,,1,0,0
1781,11245,antonelli,12,1,56,25.0,0,5595.607,0,0,0
1782,11245,russell,63,2,56,18.0,5.515,5601.122,0,0,0
1783,11245,hamilton,44,3,56,15.0,25.267,5620.874,0,0,0
1784,11245,leclerc,16,4,56,12.0,28.894,5624.501,0,0,0
1785,11245,bearman,87,5,56,10.0,57.268,5652.875,0,0,0
1786,11245,gasly,10,6,56,8.0,59.647,5655.254,0,0,0
1787,11245,lawson,30,7,56,6.0,80.588,5676.195,0,0,0
1788,11245,hadjar,6,8,56,4.0,87.247,5682.854,0,0,0
1789,11245,sainz,55,9,55,2.0,+1 LAP,,0,0,0
1790,11245,colapinto,43,10,55,1.0,+1 LAP,,0,0,0
1791,11245,hulkenberg,27,11,55,0.0,+1 LAP,,0,0,0
1792,11245,arvid_lindblad,41,12,55,0.0,+1 LAP,,0,0,0
1793,11245,bottas,77,13,55,0.0,+1 LAP,,0,0,0
1794,11245,ocon,31,14,55,0.0,+1 LAP,,0,0,0
1795,11245,perez,11,15,55,0.0,+1 LAP,,0,0,0
1796,11245,max_verstappen,3,,45,0.0,,,1,0,0
1797,11245,alonso,14,,32,0.0,,,1,0,0
1798,11245,stroll,18,,9,0.0,,,1,0,0
1799,11245,piastri,81,,0,0.0,,,0,1,0
1800,11245,norris,1,,0,0.0,,,0,1,0
1801,11245,bortoleto,5,,0,0.0,,,0,1,0
1802,11245,albon,23,,0,0.0,,,0,1,0
1803,11253,antonelli,12,1,53,25.0,0,5283.403,0,0,0
1804,11253,piastri,81,2,53,18.0,13.722,5297.125,0,0,0
1805,11253,leclerc,16,3,53,15.0,15.27,5298.673,0,0,0
1806,11253,russell,63,4,53,12.0,15.754,5299.157,0,0,0
1807,11253,norris,1,5,53,10.0,23.479,5306.882,0,0,0
1808,11253,hamilton,44,6,53,8.0,25.037,5308.44,0,0,0
1809,11253,gasly,10,7,53,6.0,32.34,5315.743,0,0,0
1810,11253,max_verstappen,3,8,53,4.0,32.677,5316.08,0,0,0
1811,11253,lawson,30,9,53,2.0,50.18,5333.583,0,0,0
1812,11253,ocon,31,10,53,1.0,51.216,5334.619,0,0,0
1813,11253,hulkenberg,27,11,53,0.0,52.28,5335.683,0,0,0
1814,11253,hadjar,6,12,53,0.0,56.154,5339.557,0,0,0
1815,11253,bortoleto,5,13,53,0.0,59.078,5342.481,0,0,0
1816,11253,arvid_lindblad,41,14,53,0.0,59.848,5343.251,0,0,0
1817,11253,sainz,55,15,53,0.0,65.008,5348.411,0,0,0
1818,11253,colapinto,43,16,53,0.0,65.773,5349.176,0,0,0
1819,11253,perez,11,17,53,0.0,92.453,5375.856,0,0,0
1820,11253,alonso,14,18,52,0.0,+1 LAP,,0,0,0
1821,11253,bottas,77,19,52,0.0,+1 LAP,,0,0,0
1822,11253,albon,23,20,51,0.0,+2 LAPS,,0,0,0
1823,11253,stroll,18,,30,0.0,,,1,0,0
1824,11253,bearman,87,,20,0.0,,,1,0,0
1825,11275,norris,1,1,19,8.0,0,1755.045,0,0,0
1826,11275,piastri,81,2,19,7.0,3.766,1758.811,0,0,0
1827,11275,leclerc,16,3,19,6.0,6.251,1761.296,0,0,0
1828,11275,russell,63,4,19,5.0,12.951,1767.996,0,0,0
1829,11275,max_verstappen,3,5,19,4.0,13.639,1768.684,0,0,0
1830,11275,antonelli,12,6,19,3.0,13.777,1768.822,0,0,0
1831,11275,hamilton,44,7,19,2.0,21.665,1776.71,0,0,0
1832,11275,gasly,10,8,19,1.0,30.525,1785.57,0,0,0
1833,11275,hadjar,6,9,19,0.0,35.346,1790.391,0,0,0
1834,11275,colapinto,43,10,19,0.0,36.97,1792.015,0,0,0
1835,11275,ocon,31,11,19,0.0,56.972,1812.017,0,0,0
1836,11275,bearman,87,12,19,0.0,57.365,1812.41,0,0,0
1837,11275,sainz,55,13,19,0.0,58.504,1813.549,0,0,0
1838,11275,lawson,30,14,19,0.0,59.358,1814.403,0,0,0
1839,11275,alonso,14,15,19,0.0,76.067,1831.112,0,0,0
1840,11275,perez,11,16,19,0.0,76.691,1831.736,0,0,0
1841,11275,stroll,18,17,19,0.0,77.626,1832.671,0,0,0
1842,11275,albon,23,18,19,0.0,88.173,1843.218,0,0,0
1843,11275,bottas,77,19,19,0.0,89.597,1844.642,0,0,0
1844,11275,hulkenberg,27,,0,0.0,,,0,1,0
1845,11275,arvid_lindblad,41,,0,0.0,,,0,1,0
1846,11275,bortoleto,5,,,0.0,,,0,0,1
1847,11280,antonelli,12,1,57,25.0,0,5599.273,0,0,0
1848,11280,norris,1,2,57,18.0,3.264,5602.537,0,0,0
1849,11280,piastri,81,3,57,15.0,27.092,5626.365,0,0,0
1850,11280,russell,63,4,57,12.0,43.051,5642.324,0,0,0
1851,11280,max_verstappen,3,5,57,10.0,48.949,5648.222,0,0,0
1852,11280,hamilton,44,6,57,8.0,53.753,5653.026,0,0,0
1853,11280,colapinto,43,7,57,6.0,61.871,5661.144,0,0,0
1854,11280,leclerc,16,8,57,4.0,64.245,5663.518,0,0,0
1855,11280,sainz,55,9,57,2.0,82.072,5681.345,0,0,0
1856,11280,albon,23,10,57,1.0,90.972,5690.245,0,0,0
1857,11280,bearman,87,11,56,0.0,+1 LAP,,0,0,0
1858,11280,bortoleto,5,12,56,0.0,+1 LAP,,0,0,0
1859,11280,ocon,31,13,56,0.0,+1 LAP,,0,0,0
1860,11280,arvid_lindblad,41,14,56,0.0,+1 LAP,,0,0,0
1861,11280,alonso,14,15,56,0.0,+1 LAP,,0,0,0
1862,11280,perez,11,16,56,0.0,+1 LAP,,0,0,0
1863,11280,stroll,18,17,56,0.0,+1 LAP,,0,0,0
1864,11280,bottas,77,18,55,0.0,+2 LAPS,,0,0,0
1865,11280,hulkenberg,27,,7,0.0,,,1,0,0
1866,11280,lawson,30,,6,0.0,,,1,0,0
1867,11280,gasly,10,,4,0.0,,,1,0,0
1868,11280,hadjar,6,,4,0.0,,,1,0,0
1869,11286,russell,63,1,23,8.0,0,1730.951,0,0,0
1870,11286,norris,1,2,23,7.0,1.272,1732.223,0,0,0
1871,11286,antonelli,12,3,23,6.0,1.843,1732.794,0,0,0
1872,11286,piastri,81,4,23,5.0,9.797,1740.748,0,0,0
1873,11286,leclerc,16,5,23,4.0,9.929,1740.88,0,0,0
1874,11286,hamilton,44,6,23,3.0,10.545,1741.496,0,0,0
1875,11286,max_verstappen,3,7,23,2.0,15.935,1746.886,0,0,0
1876,11286,arvid_lindblad,41,8,23,1.0,29.71,1760.661,0,0,0
1877,11286,colapinto,43,9,23,0.0,31.621,1762.572,0,0,0
1878,11286,sainz,55,10,23,0.0,36.793,1767.744,0,0,0
1879,11286,lawson,30,11,23,0.0,61.344,1792.295,0,0,0
1880,11286,bortoleto,5,12,23,0.0,61.814,1792.765,0,0,0
1881,11286,ocon,31,13,23,0.0,64.209,1795.16,0,0,0
1882,11286,perez,11,14,23,0.0,70.402,1801.353,0,0,0
1883,11286,hulkenberg,27,15,23,0.0,72.158,1803.109,0,0,0
1884,11286,stroll,18,16,22,0.0,+1 LAP,,0,0,0
1885,11286,bottas,77,17,22,0.0,+1 LAP,,0,0,0
1886,11286,bearman,87,18,22,0.0,+1 LAP,,0,0,0
1887,11286,albon,23,19,22,0.0,+1 LAP,,0,0,0
1888,11286,gasly,10,20,22,0.0,+1 LAP,,0,0,0
1889,11286,hadjar,6,21,20,0.0,+3 LAPS,,0,0,0
1890,11286,alonso,14,,15,0.0,,,1,0,0
1891,11291,antonelli,12,1,68,25.0,0,5295.758,0,0,0
1892,11291,hamilton,44,2,68,18.0,10.768,5306.526,0,0,0
1893,11291,max_verstappen,3,3,68,15.0,11.276,5307.034,0,0,0
1894,11291,leclerc,16,4,68,12.0,44.151,5339.909,0,0,0
1895,11291,hadjar,6,5,67,10.0,+1 LAP,,0,0,0
1896,11291,colapinto,43,6,67,8.0,+1 LAP,,0,0,0
1897,11291,lawson,30,7,67,6.0,+1 LAP,,0,0,0
1898,11291,gasly,10,8,67,4.0,+1 LAP,,0,0,0
1899,11291,sainz,55,9,67,2.0,+1 LAP,,0,0,0
1900,11291,bearman,87,10,67,1.0,+1 LAP,,0,0,0
1901,11291,piastri,81,11,66,0.0,+2 LAPS,,0,0,0
1902,11291,hulkenberg,27,12,66,0.0,+2 LAPS,,0,0,0
1903,11291,bortoleto,5,13,66,0.0,+2 LAPS,,0,0,0
1904,11291,ocon,31,14,66,0.0,+2 LAPS,,0,0,0
1905,11291,stroll,18,15,64,0.0,+4 LAPS,,0,0,0
1906,11291,bottas,77,16,64,0.0,+4 LAPS,,0,0,0
1907,11291,perez,11,,39,0.0,,,1,0,0
1908,11291,norris,1,,38,0.0,,,1,0,0
1909,11291,russell,63,,29,0.0,,,1,0,0
1910,11291,alonso,14,,23,0.0,,,1,0,0
1911,11291,albon,23,,11,0.0,,,1,0,0
1912,11291,arvid_lindblad,41,,0,0.0,,,0,1,0
1913,11299,antonelli,12,1,78,25.0,0,8611.243,0,0,0
1914,11299,hamilton,44,2,78,18.0,6.271,8617.514,0,0,0
1915,11299,gasly,10,3,78,15.0,20.369,8631.612,0,0,0
1916,11299,hadjar,6,4,78,12.0,23.394,8634.637,0,0,0
1917,11299,piastri,81,5,78,10.0,24.261,8635.504,0,0,0
1918,11299,lawson,30,6,78,8.0,26.553,8637.796,0,0,0
1919,11299,arvid_lindblad,41,7,78,6.0,29.01,8640.253,0,0,0
1920,11299,albon,23,8,78,4.0,33.413,8644.656,0,0,0
1921,11299,ocon,31,9,78,2.0,37.14,8648.383,0,0,0
1922,11299,alonso,14,10,78,1.0,41.899,8653.142,0,0,0
1923,11299,bortoleto,5,11,78,0.0,42.748,8653.991,0,0,0
1924,11299,russell,63,12,78,0.0,43.353,8654.596,0,0,0
1925,11299,hulkenberg,27,13,78,0.0,44.102,8655.345,0,0,0
1926,11299,colapinto,43,14,78,0.0,48.964,8660.207,0,0,0
1927,11299,perez,11,15,78,0.0,49.153,8660.396,0,0,0
1928,11299,sainz,55,16,70,0.0,,,1,0,0
1929,11299,leclerc,16,,64,0.0,,,1,0,0
1930,11299,stroll,18,,56,0.0,,,1,0,0
1931,11299,norris,1,,43,0.0,,,1,0,0
1932,11299,bearman,87,,27,0.0,,,1,0,0
1933,11299,bottas,77,,15,0.0,,,1,0,0
1934,11299,max_verstappen,3,,0,0.0,,,1,0,0
1935,11307,hamilton,44,1,66,25.0,0,5548.105,0,0,0
1936,11307,russell,63,2,66,18.0,19.561,5567.666,0,0,0
1937,11307,norris,1,3,66,15.0,23.719,5571.824,0,0,0
1938,11307,max_verstappen,3,4,66,12.0,40.497,5588.602,0,0,0
1939,11307,piastri,81,5,66,10.0,58.661,5606.766,0,0,0
1940,11307,hadjar,6,6,65,8.0,+1 LAP,,0,0,0
1941,11307,gasly,10,7,65,6.0,+1 LAP,,0,0,0
1942,11307,lawson,30,8,65,4.0,+1 LAP,,0,0,0
1943,11307,arvid_lindblad,41,9,65,2.0,+1 LAP,,0,0,0
1944,11307,colapinto,43,10,65,1.0,+1 LAP,,0,0,0
1945,11307,bortoleto,5,11,64,0.0,+2 LAPS,,0,0,0
1946,11307,sainz,55,12,64,0.0,+2 LAPS,,0,0,0
1947,11307,ocon,31,13,64,0.0,+2 LAPS,,0,0,0
1948,11307,perez,11,14,63,0.0,+3 LAPS,,0,0,0
1949,11307,leclerc,16,15,62,0.0,,,1,0,0
1950,11307,antonelli,12,16,61,0.0,,,1,0,0
1951,11307,bearman,87,17,60,0.0,,,1,0,0
1952,11307,albon,23,,55,0.0,+11 LAPS,,0,0,0
1953,11307,alonso,14,,37,0.0,,,1,0,0
1954,11307,hulkenberg,27,,29,0.0,,,1,0,0
1955,11307,bottas,77,,15,0.0,,,1,0,0
1956,11307,stroll,18,,5,0.0,,,1,0,0
1957,11315,russell,63,1,71,25.0,0,5197.979,0,0,0
1958,11315,max_verstappen,3,2,71,18.0,1.611,5199.59,0,0,0
1959,11315,antonelli,12,3,71,15.0,1.986,5199.965,0,0,0
1960,11315,piastri,81,4,71,12.0,21.809,5219.788,0,0,0
1961,11315,hamilton,44,5,71,10.0,26.393,5224.372,0,0,0
1962,11315,hadjar,6,6,71,8.0,29.399,5227.378,0,0,0
1963,11315,norris,1,7,71,6.0,31.505,5229.484,0,0,0
1964,11315,leclerc,16,8,71,4.0,45.659,5243.638,0,0,0
1965,11315,lawson,30,9,70,2.0,+1 LAP,,0,0,0
1966,11315,arvid_lindblad,41,10,70,1.0,+1 LAP,,0,0,0
1967,11315,bortoleto,5,11,70,0.0,+1 LAP,,0,0,0
1968,11315,hulkenberg,27,12,70,0.0,+1 LAP,,0,0,0
1969,11315,gasly,10,13,70,0.0,+1 LAP,,0,0,0
1970,11315,bearman,87,14,70,0.0,+1 LAP,,0,0,0
1971,11315,colapinto,43,15,70,0.0,+1 LAP,,0,0,0
1972,11315,ocon,31,16,69,0.0,+2 LAPS,,0,0,0
1973,11315,albon,23,17,69,0.0,+2 LAPS,,0,0,0
1974,11315,alonso,14,18,68,0.0,+3 LAPS,,0,0,0
1975,11315,stroll,18,,45,0.0,,,1,0,0
1976,11315,sainz,55,,23,0.0,,,1,0,0
1977,11315,perez,11,,4,0.0,,,1,0,0
1978,11315,bottas,77,,2,0.0,,,1,0,0
1979,11321,antonelli,12,1,17,8.0,0,1572.129,0,0,0
1980,11321,hamilton,44,2,17,7.0,2.745,1574.874,0,0,0
1981,11321,norris,1,3,17,6.0,9.783,1581.912,0,0,0
1982,11321,russell,63,4,17,5.0,10.639,1582.768,0,0,0
1983,11321,leclerc,16,5,17,4.0,12.62,1584.749,0,0,0
1984,11321,max_verstappen,3,6,17,3.0,16.55,1588.679,0,0,0
1985,11321,piastri,81,7,17,2.0,17.551,1589.68,0,0,0
1986,11321,lawson,30,8,17,1.0,30.233,1602.362,0,0,0
1987,11321,hadjar,6,9,17,0.0,30.953,1603.082,0,0,0
1988,11321,arvid_lindblad,41,10,17,0.0,35.11,1607.239,0,0,0
1989,11321,gasly,10,11,17,0.0,40.273,1612.402,0,0,0
1990,11321,colapinto,43,12,17,0.0,41.026,1613.155,0,0,0
1991,11321,bortoleto,5,13,17,0.0,42.499,1614.628,0,0,0
1992,11321,bearman,87,14,17,0.0,45.784,1617.913,0,0,0
1993,11321,hulkenberg,27,15,17,0.0,46.68,1618.809,0,0,0
1994,11321,ocon,31,16,17,0.0,49.81,1621.939,0,0,0
1995,11321,sainz,55,17,17,0.0,50.379,1622.508,0,0,0
1996,11321,albon,23,18,17,0.0,50.757,1622.886,0,0,0
1997,11321,bottas,77,19,17,0.0,75.117,1647.246,0,0,0
1998,11321,alonso,14,20,17,0.0,91.872,1664.001,0,0,0
1999,11321,stroll,18,21,16,0.0,+1 LAP,,0,0,0
2000,11321,perez,11,22,16,0.0,+1 LAP,,0,0,0
2001,11326,leclerc,16,1,52,25.0,0,5231.335,0,0,0
2002,11326,russell,63,2,52,18.0,0.427,5231.762,0,0,0
2003,11326,hamilton,44,3,52,15.0,0.772,5232.107,0,0,0
2004,11326,norris,1,4,52,12.0,1.149,5232.484,0,0,0
2005,11326,hadjar,6,5,52,10.0,1.598,5232.933,0,0,0
2006,11326,lawson,30,6,52,8.0,2.023,5233.358,0,0,0
2007,11326,arvid_lindblad,41,7,52,6.0,2.214,5233.549,0,0,0
2008,11326,bortoleto,5,8,52,4.0,2.413,5233.748,0,0,0
2009,11326,colapinto,43,9,52,2.0,3.229,5234.564,0,0,0
2010,11326,gasly,10,10,52,1.0,3.445,5234.78,0,0,0
2011,11326,piastri,81,11,52,0.0,4.014,5235.349,0,0,0
2012,11326,bearman,87,12,52,0.0,5.245,5236.58,0,0,0
2013,11326,ocon,31,13,52,0.0,5.512,5236.847,0,0,0
2014,11326,perez,11,14,52,0.0,7.403,5238.738,0,0,0
2015,11326,antonelli,12,15,52,0.0,8.005,5239.34,0,0,0
2016,11326,bottas,77,16,52,0.0,8.162,5239.497,0,0,0
2017,11326,sainz,55,17,51,0.0,+1 LAP,,0,0,0
2018,11326,alonso,14,18,51,0.0,+1 LAP,,0,0,0
2019,11326,stroll,18,19,51,0.0,+1 LAP,,0,0,0
2020,11326,max_verstappen,3,20,46,0.0,,,1,0,0
2021,11326,albon,23,,43,0.0,,,1,0,0
2022,11326,hulkenberg,27,,36,0.0,,,1,0,0
2023,11334,antonelli,12,1,44,25.0,0,5082.479,0,0,0
2024,11334,leclerc,16,2,44,18.0,1.952,5084.431,0,0,0
2025,11334,max_verstappen,3,3,44,15.0,11.586,5094.065,0,0,0
2026,11334,hamilton,44,4,44,12.0,17.245,5099.724,0,0,0
2027,11334,piastri,81,5,44,10.0,18.988,5101.467,0,0,0
2028,11334,hadjar,6,6,44,8.0,23.307,5105.786,0,0,0
2029,11334,norris,1,7,44,6.0,24.014,5106.493,0,0,0
2030,11334,bortoleto,5,8,44,4.0,49.14,5131.619,0,0,0
2031,11334,arvid_lindblad,41,9,44,2.0,50.406,5132.885,0,0,0
2032,11334,colapinto,43,10,44,1.0,76.037,5158.516,0,0,0
2033,11334,gasly,10,11,44,0.0,76.991,5159.47,0,0,0
2034,11334,lawson,30,12,44,0.0,77.523,5160.002,0,0,0
2035,11334,hulkenberg,27,13,44,0.0,78.348,5160.827,0,0,0
2036,11334,bearman,87,14,44,0.0,94.465,5176.944,0,0,0
2037,11334,albon,23,15,44,0.0,104.684,5187.163,0,0,0
2038,11334,sainz,55,16,44,0.0,105.856,5188.335,0,0,0
2039,11334,ocon,31,17,44,0.0,110.925,5193.404,0,0,0
2040,11334,bottas,77,18,43,0.0,+1 LAP,,0,0,0
2041,11334,alonso,14,19,42,0.0,+2 LAPS,,0,0,0
2042,11334,stroll,18,,25,0.0,,,1,0,0
2043,11334,perez,11,,13,0.0,,,1,0,0
2044,11334,russell,63,,0,0.0,,,1,0,0
2045,11342,norris,1,1,70,25.0,0,5996.18,0,0,0
2046,11342,max_verstappen,3,2,70,18.0,15.08,6011.26,0,0,0
2047,11342,antonelli,12,3,70,15.0,18.728,6014.908,0,0,0
2048,11342,leclerc,16,4,70,12.0,23.84,6020.02,0,0,0
2049,11342,hamilton,44,5,70,10.0,24.54,6020.72,0,0,0
2050,11342,hadjar,6,6,70,8.0,55.488,6051.668,0,0,0
2051,11342,russell,63,7,70,6.0,57.503,6053.683,0,0,0
2052,11342,lawson,30,8,69,4.0,+1 LAP,,0,0,0
2053,11342,hulkenberg,27,9,69,2.0,+1 LAP,,0,0,0
2054,11342,arvid_lindblad,41,10,69,1.0,+1 LAP,,0,0,0
2055,11342,bortoleto,5,11,69,0.0,+1 LAP,,0,0,0
2056,11342,gasly,10,12,69,0.0,+1 LAP,,0,0,0
2057,11342,stroll,18,13,69,0.0,+1 LAP,,0,0,0
2058,11342,alonso,14,14,69,0.0,+1 LAP,,0,0,0
2059,11342,colapinto,43,15,68,0.0,+2 LAPS,,0,0,0
2060,11342,ocon,31,16,68,0.0,+2 LAPS,,0,0,0
2061,11342,albon,23,17,68,0.0,+2 LAPS,,0,0,0
2062,11342,sainz,55,18,68,0.0,+2 LAPS,,0,0,0
2063,11342,bearman,87,19,68,0.0,+2 LAPS,,0,0,0
2064,11342,piastri,81,,55,0.0,,,1,0,0
2065,11342,perez,11,,48,0.0,,,1,0,0
2066,11342,bottas,77,,13,0.0,,,1,0,0
2067,11348,russell,63,1,24,8.0,0,1825.318,0,0,0
2068,11348,leclerc,16,2,24,7.0,1.36,1826.678,0,0,0
2069,11348,norris,1,3,24,6.0,5.196,1830.514,0,0,0
2070,11348,antonelli,12,4,24,5.0,5.581,1830.899,0,0,0
2071,11348,piastri,81,5,24,4.0,10.185,1835.503,0,0,0
2072,11348,max_verstappen,3,6,24,3.0,10.529,1835.847,0,0,0
2073,11348,hamilton,44,7,24,2.0,12.188,1837.506,0,0,0
2074,11348,gasly,10,8,24,1.0,42.51,1867.828,0,0,0
2075,11348,bortoleto,5,9,24,0.0,44.437,1869.755,0,0,0
2076,11348,arvid_lindblad,41,10,24,0.0,44.971,1870.289,0,0,0
2077,11348,lawson,30,11,24,0.0,47.471,1872.789,0,0,0
2078,11348,colapinto,43,12,24,0.0,54.466,1879.784,0,0,0
2079,11348,tsunoda,22,13,24,0.0,56.483,1881.801,0,0,0
2080,11348,ocon,31,14,24,0.0,66.098,1891.416,0,0,0
2081,11348,bearman,87,15,24,0.0,66.588,1891.906,0,0,0
2082,11348,albon,23,16,24,0.0,74.632,1899.95,0,0,0
2083,11348,stroll,18,17,24,0.0,74.65,1899.968,0,0,0
2084,11348,alonso,14,18,24,0.0,75.284,1900.602,0,0,0
2085,11348,bottas,77,19,23,0.0,+1 LAP,,0,0,0
2086,11348,sainz,55,20,23,0.0,+1 LAP,,0,0,0
2087,11348,perez,11,21,21,0.0,+3 LAPS,,0,0,0
2088,11348,hulkenberg,27,,7,0.0,+17 LAPS,,0,0,0
2089,11353,norris,1,1,72,25.0,0,7484.859,0,0,0
2090,11353,antonelli,12,2,72,18.0,11.536,7496.395,0,0,0
2091,11353,russell,63,3,72,15.0,15.906,7500.765,0,0,0
2092,11353,hamilton,44,4,72,12.0,16.755,7501.614,0,0,0
2093,11353,leclerc,16,5,72,10.0,17.258,7502.117,0,0,0
2094,11353,piastri,81,6,72,8.0,32.332,7517.191,0,0,0
2095,11353,lawson,30,7,72,6.0,79.915,7564.774,0,0,0
2096,11353,hulkenberg,27,8,71,4.0,+1 LAP,,0,0,0
2097,11353,alonso,14,9,71,2.0,+1 LAP,,0,0,0
2098,11353,gasly,10,10,71,1.0,+1 LAP,,0,0,0
2099,11353,tsunoda,22,11,71,0.0,+1 LAP,,0,0,0
2100,11353,arvid_lindblad,41,12,71,0.0,+1 LAP,,0,0,0
2101,11353,bortoleto,5,13,71,0.0,+1 LAP,,0,0,0
2102,11353,colapinto,43,14,70,0.0,+2 LAPS,,0,0,0
2103,11353,perez,11,15,70,0.0,+2 LAPS,,0,0,0
2104,11353,sainz,55,16,70,0.0,+2 LAPS,,0,0,0
2105,11353,albon,23,17,66,0.0,,,1,0,0
2106,11353,bottas,77,,61,0.0,,,1,0,0
2107,11353,ocon,31,,52,0.0,,,1,0,0
2108,11353,stroll,18,,45,0.0,,,1,0,0
2109,11353,bearman,87,,2,0.0,,,1,0,0
2110,11353,max_verstappen,3,,0,0.0,,,1,0,0
