id,race_id,driver_id,lap_number,lap_time_seconds,tyre_compound,stint,session_key,position,gap_to_leader_seconds,tyre_life,is_pit_out_lap,sector_1_seconds,sector_2_seconds,sector_3_seconds,speed_trap_kph,date_start
1,2023_1,max_verstappen,1,99.359,SOFT,1,7953,1,0.0,3,0,33.103,42.414,23.842,252.0,2023-03-05T15:03:38.500000+00:00
2,2023_1,perez,1,101.405,SOFT,1,7953,2,,3,0,34.12,43.216,24.069,252.0,2023-03-05T15:03:38.500000+00:00
3,2023_1,leclerc,1,100.609,SOFT,1,7953,3,,0,0,33.938,42.549,24.122,255.0,2023-03-05T15:03:38.500000+00:00
4,2023_1,ocon,1,106.374,SOFT,1,7953,9,,3,0,36.463,45.213,24.698,254.0,2023-03-05T15:03:38.500000+00:00
5,2023_1,hulkenberg,1,107.703,SOFT,1,7953,10,,3,0,37.038,45.924,24.741,249.0,2023-03-05T15:03:38.500000+00:00
6,2023_1,sainz,1,102.03,SOFT,1,7953,4,,3,0,34.431,43.409,24.19,235.0,2023-03-05T15:03:38.500000+00:00
7,2023_1,norris,1,105.733,SOFT,1,7953,11,,0,0,36.383,44.789,24.561,263.0,2023-03-05T15:03:38.500000+00:00
8,2023_1,bottas,1,104.53,SOFT,1,7953,12,,0,0,36.2,43.757,24.573,266.0,2023-03-05T15:03:38.500000+00:00
9,2023_1,alonso,1,103.968,SOFT,1,7953,5,,3,0,35.523,43.884,24.561,255.0,2023-03-05T15:03:38.500000+00:00
10,2023_1,zhou,1,108.733,SOFT,1,7953,13,,0,0,38.025,45.972,24.736,246.0,2023-03-05T15:03:38.500000+00:00
11,2023_1,tsunoda,1,108.14,SOFT,1,7953,14,,0,0,37.331,45.884,24.925,259.0,2023-03-05T15:03:38.500000+00:00
12,2023_1,russell,1,103.015,SOFT,1,7953,6,,3,0,35.47,43.377,24.168,259.0,2023-03-05T15:03:38.500000+00:00
13,2023_1,albon,1,106.812,SOFT,1,7953,15,,0,0,36.579,45.491,24.742,245.0,2023-03-05T15:03:38.500000+00:00
14,2023_1,hamilton,1,102.64,SOFT,1,7953,7,,3,0,34.808,43.494,24.338,266.0,2023-03-05T15:03:38.500000+00:00
15,2023_1,sargeant,1,107.124,SOFT,1,7953,16,,0,0,37.088,45.33,24.706,269.0,2023-03-05T15:03:38.500000+00:00
16,2023_1,kevin_magnussen,1,109.671,HARD,1,7953,17,,0,0,37.77,46.858,25.043,243.0,2023-03-05T15:03:38.500000+00:00
17,2023_1,stroll,1,105.015,SOFT,1,7953,8,,3,0,36.263,44.143,24.609,261.0,2023-03-05T15:03:38.500000+00:00
18,2023_1,piastri,1,108.483,SOFT,1,7953,18,,0,0,37.748,45.783,24.952,250.0,2023-03-05T15:03:38.500000+00:00
19,2023_1,gasly,1,110.03,SOFT,1,7953,20,,0,0,38.115,46.78,25.135,271.0,2023-03-05T15:03:38.500000+00:00
20,2023_1,de_vries,1,110.343,SOFT,1,7953,19,,0,0,38.329,46.835,25.179,253.0,2023-03-05T15:03:38.500000+00:00
21,2023_1,max_verstappen,2,97.974,SOFT,1,7953,1,0.0,4,0,31.342,42.504,24.128,288.0,2023-03-05T15:05:17.858000+00:00
22,2023_1,leclerc,2,98.75,SOFT,1,7953,2,1.211,1,0,31.407,43.127,24.216,294.0,2023-03-05T15:05:19.108000+00:00
23,2023_1,perez,2,98.862,SOFT,1,7953,3,2.044,4,0,31.532,43.116,24.214,283.0,2023-03-05T15:05:19.904000+00:00
24,2023_1,sainz,2,98.933,SOFT,1,7953,4,2.64,4,0,31.451,43.164,24.318,299.0,2023-03-05T15:05:20.529000+00:00
25,2023_1,hamilton,2,99.166,SOFT,1,7953,5,3.269,4,0,31.408,43.352,24.406,311.0,2023-03-05T15:05:21.139000+00:00
26,2023_1,russell,2,99.59,SOFT,1,7953,6,3.643,4,0,31.709,43.468,24.413,306.0,2023-03-05T15:05:21.514000+00:00
27,2023_1,alonso,2,99.792,SOFT,1,7953,7,4.589,4,0,31.743,43.626,24.423,300.0,2023-03-05T15:05:22.467000+00:00
28,2023_1,bottas,2,99.956,SOFT,1,7953,8,5.135,1,0,31.722,43.495,24.739,290.0,2023-03-05T15:05:23.029000+00:00
29,2023_1,stroll,2,99.892,SOFT,1,7953,9,5.651,4,0,31.685,43.58,24.627,305.0,2023-03-05T15:05:23.514000+00:00
30,2023_1,norris,2,100.433,SOFT,1,7953,10,6.345,1,0,31.867,43.83,24.736,291.0,2023-03-05T15:05:24.232000+00:00
31,2023_1,ocon,2,100.408,SOFT,1,7953,11,6.948,4,0,31.783,43.896,24.729,293.0,2023-03-05T15:05:24.873000+00:00
32,2023_1,albon,2,100.43,SOFT,1,7953,12,7.434,1,0,31.765,43.909,24.756,306.0,2023-03-05T15:05:25.311000+00:00
33,2023_1,sargeant,2,100.467,SOFT,1,7953,13,7.836,1,0,31.795,43.956,24.716,309.0,2023-03-05T15:05:25.623000+00:00
34,2023_1,hulkenberg,2,100.72,SOFT,1,7953,14,8.32,4,0,31.78,44.191,24.749,299.0,2023-03-05T15:05:26.202000+00:00
35,2023_1,tsunoda,2,100.837,SOFT,1,7953,15,8.772,1,0,31.976,43.987,24.874,294.0,2023-03-05T15:05:26.639000+00:00
36,2023_1,piastri,2,100.83,SOFT,1,7953,16,9.195,1,0,32.185,43.977,24.668,304.0,2023-03-05T15:05:26.982000+00:00
37,2023_1,zhou,2,101.091,SOFT,1,7953,17,9.448,1,0,32.232,44.025,24.834,307.0,2023-03-05T15:05:27.232000+00:00
38,2023_1,kevin_magnussen,2,101.521,HARD,1,7953,18,10.311,1,0,32.42,44.355,24.746,306.0,2023-03-05T15:05:28.170000+00:00
39,2023_1,gasly,2,100.438,SOFT,1,7953,19,10.63,1,0,31.738,43.938,24.762,298.0,2023-03-05T15:05:28.529000+00:00
40,2023_1,de_vries,2,101.289,SOFT,1,7953,20,10.94,1,0,32.136,44.304,24.849,277.0,2023-03-05T15:05:28.842000+00:00
41,2023_1,max_verstappen,3,98.006,SOFT,1,7953,1,0.0,5,0,31.388,42.469,24.149,287.0,2023-03-05T15:06:55.793000+00:00
42,2023_1,leclerc,3,98.658,SOFT,1,7953,2,1.987,2,0,31.238,43.103,24.317,303.0,2023-03-05T15:06:57.871000+00:00
43,2023_1,perez,3,98.83,SOFT,1,7953,3,2.932,5,0,31.397,43.146,24.287,293.0,2023-03-05T15:06:58.762000+00:00
44,2023_1,sainz,3,99.042,SOFT,1,7953,4,3.599,5,0,31.374,43.257,24.411,,2023-03-05T15:06:59.465000+00:00
45,2023_1,hamilton,3,99.22,SOFT,1,7953,5,4.461,5,0,31.298,43.499,24.423,303.0,2023-03-05T15:07:00.371000+00:00
46,2023_1,russell,3,99.093,SOFT,1,7953,6,5.259,5,0,31.218,43.416,24.459,310.0,2023-03-05T15:07:01.090000+00:00
47,2023_1,alonso,3,99.1,SOFT,1,7953,7,6.407,5,0,31.541,43.276,24.283,293.0,2023-03-05T15:07:02.278000+00:00
48,2023_1,bottas,3,99.397,SOFT,1,7953,8,7.117,2,0,31.428,43.378,24.591,302.0,2023-03-05T15:07:02.981000+00:00
49,2023_1,stroll,3,99.625,SOFT,1,7953,9,7.569,5,0,31.501,43.471,24.653,306.0,2023-03-05T15:07:03.465000+00:00
50,2023_1,norris,3,99.777,SOFT,1,7953,10,8.804,2,0,31.627,43.448,24.702,300.0,2023-03-05T15:07:04.684000+00:00
51,2023_1,ocon,3,99.948,SOFT,1,7953,11,9.382,5,0,31.547,43.662,24.739,291.0,2023-03-05T15:07:05.262000+00:00
52,2023_1,albon,3,100.143,SOFT,1,7953,12,9.89,2,0,31.66,43.782,24.701,308.0,2023-03-05T15:07:05.793000+00:00
53,2023_1,sargeant,3,100.349,SOFT,1,7953,13,10.329,2,0,31.746,43.8,24.803,300.0,2023-03-05T15:07:06.184000+00:00
54,2023_1,hulkenberg,3,100.484,SOFT,1,7953,14,11.066,5,0,31.671,43.801,25.012,300.0,2023-03-05T15:07:06.934000+00:00
55,2023_1,tsunoda,3,100.243,SOFT,1,7953,15,11.635,2,0,31.699,43.736,24.808,301.0,2023-03-05T15:07:07.496000+00:00
56,2023_1,piastri,3,100.691,SOFT,1,7953,16,12.051,2,0,31.877,43.986,24.828,302.0,2023-03-05T15:07:07.902000+00:00
57,2023_1,zhou,3,100.596,SOFT,1,7953,17,12.565,2,0,31.73,44.033,24.833,304.0,2023-03-05T15:07:08.402000+00:00
58,2023_1,gasly,3,100.643,SOFT,1,7953,18,13.094,2,0,31.8,44.083,24.76,285.0,2023-03-05T15:07:08.871000+00:00
59,2023_1,kevin_magnussen,3,101.978,HARD,1,7953,19,13.858,2,0,31.821,45.009,25.148,294.0,2023-03-05T15:07:09.699000+00:00
60,2023_1,de_vries,3,100.914,SOFT,1,7953,20,14.255,2,0,31.761,44.368,24.785,291.0,2023-03-05T15:07:10.137000+00:00
61,2023_1,max_verstappen,4,97.976,SOFT,1,7953,1,0.0,6,0,31.271,42.642,24.063,289.0,2023-03-05T15:08:33.885000+00:00
62,2023_1,leclerc,4,98.825,SOFT,1,7953,2,2.639,3,0,31.402,43.15,24.273,305.0,2023-03-05T15:08:36.510000+00:00
63,2023_1,perez,4,98.758,SOFT,1,7953,3,3.756,6,0,31.404,43.108,24.246,297.0,2023-03-05T15:08:37.620000+00:00
64,2023_1,sainz,4,98.985,SOFT,1,7953,4,4.635,6,0,31.192,43.306,24.487,317.0,2023-03-05T15:08:38.495000+00:00
65,2023_1,hamilton,4,99.198,SOFT,1,7953,5,5.675,6,0,31.315,43.446,24.437,311.0,2023-03-05T15:08:39.541000+00:00
66,2023_1,russell,4,99.261,SOFT,1,7953,6,6.346,6,0,31.267,43.497,24.497,321.0,2023-03-05T15:08:40.229000+00:00
67,2023_1,alonso,4,99.548,SOFT,1,7953,7,7.501,6,0,31.723,43.457,24.368,300.0,2023-03-05T15:08:41.369000+00:00
68,2023_1,bottas,4,99.823,SOFT,1,7953,8,8.508,3,0,31.568,43.543,24.712,307.0,2023-03-05T15:08:42.385000+00:00
69,2023_1,stroll,4,99.745,SOFT,1,7953,9,9.188,6,0,31.274,43.798,24.673,320.0,2023-03-05T15:08:43.073000+00:00
70,2023_1,norris,4,102.267,SOFT,1,7953,10,10.575,3,0,32.947,44.387,24.933,286.0,2023-03-05T15:08:44.479000+00:00
71,2023_1,ocon,4,99.543,SOFT,1,7953,11,11.324,6,0,31.349,43.518,24.676,327.0,2023-03-05T15:08:45.213000+00:00
72,2023_1,albon,4,99.761,SOFT,1,7953,12,12.027,3,0,31.226,43.808,24.727,324.0,2023-03-05T15:08:45.947000+00:00
73,2023_1,sargeant,4,100.644,SOFT,1,7953,13,12.672,3,0,31.421,44.124,25.099,327.0,2023-03-05T15:08:46.557000+00:00
74,2023_1,hulkenberg,4,101.004,SOFT,1,7953,14,13.544,6,0,32.225,43.817,24.962,328.0,2023-03-05T15:08:47.432000+00:00
75,2023_1,tsunoda,4,99.95,SOFT,1,7953,15,13.872,3,0,31.259,43.59,25.101,317.0,2023-03-05T15:08:47.791000+00:00
76,2023_1,piastri,4,100.718,SOFT,1,7953,16,14.736,3,0,31.831,44.079,24.808,327.0,2023-03-05T15:08:48.588000+00:00
77,2023_1,zhou,4,100.853,SOFT,1,7953,17,15.155,3,0,31.457,44.6,24.796,323.0,2023-03-05T15:08:49.010000+00:00
78,2023_1,gasly,4,100.894,SOFT,1,7953,18,15.731,3,0,31.514,44.492,24.888,311.0,2023-03-05T15:08:49.588000+00:00
79,2023_1,de_vries,4,100.373,SOFT,1,7953,19,17.163,3,0,31.611,43.9,24.862,302.0,2023-03-05T15:08:50.979000+00:00
80,2023_1,kevin_magnussen,4,100.773,HARD,1,7953,20,17.83,3,0,31.755,44.045,24.973,303.0,2023-03-05T15:08:51.822000+00:00
81,2023_1,max_verstappen,5,98.035,SOFT,1,7953,1,0.0,7,0,31.244,42.724,24.067,290.0,2023-03-05T15:10:11.852000+00:00
82,2023_1,leclerc,5,98.664,SOFT,1,7953,2,3.488,4,0,31.543,42.943,24.178,307.0,2023-03-05T15:10:15.352000+00:00
83,2023_1,perez,5,98.404,SOFT,1,7953,3,4.538,7,0,31.231,42.944,24.229,299.0,2023-03-05T15:10:16.368000+00:00
84,2023_1,sainz,5,99.128,SOFT,1,7953,4,5.644,7,0,31.048,43.623,24.457,315.0,2023-03-05T15:10:17.524000+00:00
85,2023_1,hamilton,5,99.335,SOFT,1,7953,5,6.897,7,0,31.35,43.508,24.477,308.0,2023-03-05T15:10:18.758000+00:00
86,2023_1,russell,5,99.549,SOFT,1,7953,6,7.631,7,0,31.367,43.763,24.419,314.0,2023-03-05T15:10:19.508000+00:00
87,2023_1,alonso,5,99.662,SOFT,1,7953,7,9.073,7,0,31.705,43.553,24.404,301.0,2023-03-05T15:10:20.915000+00:00
88,2023_1,bottas,5,101.033,SOFT,1,7953,8,10.355,4,0,32.204,44.132,24.697,297.0,2023-03-05T15:10:22.165000+00:00
89,2023_1,stroll,5,99.144,SOFT,1,7953,9,10.957,7,0,31.135,43.479,24.53,323.0,2023-03-05T15:10:22.789000+00:00
90,2023_1,ocon,5,100.281,SOFT,1,7953,10,12.891,7,0,31.709,43.727,24.845,297.0,2023-03-05T15:10:24.680000+00:00
91,2023_1,albon,5,100.606,SOFT,1,7953,11,13.812,4,0,31.48,44.21,24.916,321.0,2023-03-05T15:10:25.633000+00:00
92,2023_1,norris,5,100.664,SOFT,1,7953,12,14.866,4,0,32.022,43.875,24.767,315.0,2023-03-05T15:10:26.727000+00:00
93,2023_1,sargeant,5,100.902,SOFT,1,7953,13,15.34,4,0,31.603,44.497,24.802,310.0,2023-03-05T15:10:27.180000+00:00
94,2023_1,tsunoda,5,101.131,SOFT,1,7953,14,15.846,4,0,31.566,44.562,25.003,302.0,2023-03-05T15:10:27.649000+00:00
95,2023_1,hulkenberg,5,101.002,SOFT,1,7953,15,16.572,7,0,31.56,44.453,24.989,318.0,2023-03-05T15:10:28.430000+00:00
96,2023_1,piastri,5,100.862,SOFT,1,7953,16,17.478,4,0,31.846,44.06,24.956,309.0,2023-03-05T15:10:29.336000+00:00
97,2023_1,zhou,5,100.814,SOFT,1,7953,17,18.032,4,0,31.58,44.334,24.9,325.0,2023-03-05T15:10:29.883000+00:00
98,2023_1,gasly,5,100.818,SOFT,1,7953,18,18.649,4,0,31.705,44.192,24.921,299.0,2023-03-05T15:10:30.477000+00:00
99,2023_1,de_vries,5,100.63,SOFT,1,7953,19,19.56,4,0,31.428,44.155,25.047,318.0,2023-03-05T15:10:31.461000+00:00
100,2023_1,kevin_magnussen,5,101.34,HARD,1,7953,20,20.627,4,0,31.769,44.572,24.999,314.0,2023-03-05T15:10:32.461000+00:00
101,2023_1,max_verstappen,6,97.986,SOFT,1,7953,1,0.0,8,0,31.341,42.632,24.013,291.0,2023-03-05T15:11:49.866000+00:00
102,2023_1,leclerc,6,98.572,SOFT,1,7953,2,4.117,5,0,31.444,43.037,24.091,302.0,2023-03-05T15:11:53.991000+00:00
103,2023_1,perez,6,98.718,SOFT,1,7953,3,4.907,8,0,31.276,43.043,24.399,309.0,2023-03-05T15:11:54.772000+00:00
104,2023_1,sainz,6,99.474,SOFT,1,7953,4,6.737,8,0,31.469,43.498,24.507,306.0,2023-03-05T15:11:56.647000+00:00
105,2023_1,hamilton,6,99.756,SOFT,1,7953,5,8.197,8,0,31.434,43.751,24.571,309.0,2023-03-05T15:11:58.069000+00:00
106,2023_1,russell,6,99.493,SOFT,1,7953,6,9.145,8,0,31.196,43.619,24.678,323.0,2023-03-05T15:11:59.038000+00:00
107,2023_1,alonso,6,99.674,SOFT,1,7953,7,10.7,8,0,31.695,43.482,24.497,306.0,2023-03-05T15:12:00.585000+00:00
108,2023_1,stroll,6,99.714,SOFT,1,7953,8,12.066,8,0,31.536,43.59,24.588,298.0,2023-03-05T15:12:01.960000+00:00
109,2023_1,bottas,6,100.265,SOFT,1,7953,9,13.353,5,0,31.687,43.789,24.789,292.0,2023-03-05T15:12:03.241000+00:00
110,2023_1,ocon,6,100.331,SOFT,1,7953,10,15.137,8,0,31.767,43.724,24.84,,2023-03-05T15:12:05.069000+00:00
111,2023_1,albon,6,100.744,SOFT,1,7953,11,16.383,5,0,31.764,44.077,24.903,312.0,2023-03-05T15:12:06.272000+00:00
112,2023_1,norris,6,100.814,SOFT,1,7953,12,17.495,5,0,31.98,44.01,24.824,297.0,2023-03-05T15:12:07.413000+00:00
113,2023_1,sargeant,6,100.791,SOFT,1,7953,13,18.207,5,0,31.776,44.129,24.886,303.0,2023-03-05T15:12:08.209000+00:00
114,2023_1,tsunoda,6,100.886,SOFT,1,7953,14,18.942,5,0,31.671,44.172,25.043,311.0,2023-03-05T15:12:08.834000+00:00
115,2023_1,hulkenberg,6,101.002,SOFT,1,7953,15,19.539,8,0,31.566,44.338,25.098,323.0,2023-03-05T15:12:09.413000+00:00
116,2023_1,piastri,6,101.111,SOFT,1,7953,16,20.305,5,0,31.694,44.425,24.992,317.0,2023-03-05T15:12:10.178000+00:00
117,2023_1,zhou,6,101.156,SOFT,1,7953,17,20.811,5,0,31.782,44.431,24.943,308.0,2023-03-05T15:12:10.694000+00:00
118,2023_1,gasly,6,101.11,SOFT,1,7953,18,21.432,5,0,31.573,44.534,25.003,313.0,2023-03-05T15:12:11.319000+00:00
119,2023_1,de_vries,6,101.125,SOFT,1,7953,19,22.155,5,0,31.563,44.451,25.111,320.0,2023-03-05T15:12:12.038000+00:00
120,2023_1,kevin_magnussen,6,101.125,HARD,1,7953,20,23.932,5,0,32.023,44.289,24.813,299.0,2023-03-05T15:12:13.819000+00:00
121,2023_1,max_verstappen,7,98.021,SOFT,1,7953,1,0.0,9,0,31.29,42.763,23.968,293.0,2023-03-05T15:13:27.880000+00:00
122,2023_1,leclerc,7,98.691,SOFT,1,7953,2,4.703,6,0,31.441,43.08,24.17,304.0,2023-03-05T15:13:32.583000+00:00
123,2023_1,perez,7,98.804,SOFT,1,7953,3,5.639,9,0,31.214,43.174,24.416,298.0,2023-03-05T15:13:33.489000+00:00
124,2023_1,sainz,7,99.502,SOFT,1,7953,4,8.225,9,0,31.546,43.469,24.487,305.0,2023-03-05T15:13:36.098000+00:00
125,2023_1,hamilton,7,99.757,SOFT,1,7953,5,9.967,9,0,31.48,43.664,24.613,310.0,2023-03-05T15:13:37.817000+00:00
126,2023_1,russell,7,100.056,SOFT,1,7953,6,10.652,9,0,31.589,43.827,24.64,319.0,2023-03-05T15:13:38.505000+00:00
127,2023_1,alonso,7,99.729,SOFT,1,7953,7,12.388,9,0,31.675,43.494,24.56,305.0,2023-03-05T15:13:40.302000+00:00
128,2023_1,stroll,7,99.945,SOFT,1,7953,8,13.794,9,0,31.558,43.832,24.555,295.0,2023-03-05T15:13:41.661000+00:00
129,2023_1,bottas,7,100.564,SOFT,1,7953,9,15.632,6,0,31.983,43.92,24.661,293.0,2023-03-05T15:13:43.489000+00:00
130,2023_1,ocon,7,100.488,SOFT,1,7953,10,17.482,9,0,31.819,43.773,24.896,,2023-03-05T15:13:45.348000+00:00
131,2023_1,albon,7,100.646,SOFT,1,7953,11,19.141,6,0,31.833,44.04,24.773,310.0,2023-03-05T15:13:47.020000+00:00
132,2023_1,norris,7,100.726,SOFT,1,7953,12,20.323,6,0,31.923,43.89,24.913,301.0,2023-03-05T15:13:48.223000+00:00
133,2023_1,sargeant,7,100.892,SOFT,1,7953,13,21.012,6,0,31.801,44.19,24.901,308.0,2023-03-05T15:13:48.880000+00:00
134,2023_1,tsunoda,7,100.952,SOFT,1,7953,14,21.842,6,0,31.564,44.259,25.129,312.0,2023-03-05T15:13:49.692000+00:00
135,2023_1,hulkenberg,7,101.148,SOFT,1,7953,15,22.555,9,0,31.575,44.33,25.243,315.0,2023-03-05T15:13:50.411000+00:00
136,2023_1,piastri,7,101.167,SOFT,1,7953,16,23.43,6,0,31.716,44.471,24.98,320.0,2023-03-05T15:13:51.270000+00:00
137,2023_1,zhou,7,101.197,SOFT,1,7953,17,23.981,6,0,31.609,44.554,25.034,323.0,2023-03-05T15:13:51.911000+00:00
138,2023_1,gasly,7,101.134,SOFT,1,7953,18,24.556,6,0,31.604,44.49,25.04,308.0,2023-03-05T15:13:52.395000+00:00
139,2023_1,de_vries,7,101.166,SOFT,1,7953,19,25.294,6,0,31.511,44.638,25.017,318.0,2023-03-05T15:13:53.129000+00:00
140,2023_1,kevin_magnussen,7,101.526,HARD,1,7953,20,27.071,6,0,32.135,44.46,24.931,,2023-03-05T15:13:54.926000+00:00
141,2023_1,max_verstappen,8,98.154,SOFT,1,7953,1,0.0,10,0,31.291,42.833,24.03,,2023-03-05T15:15:05.878000+00:00
142,2023_1,leclerc,8,98.614,SOFT,1,7953,2,5.373,7,0,31.438,42.977,24.199,302.0,2023-03-05T15:15:11.253000+00:00
143,2023_1,perez,8,99.172,SOFT,1,7953,3,6.422,10,0,31.58,43.193,24.399,296.0,2023-03-05T15:15:12.300000+00:00
144,2023_1,sainz,8,99.779,SOFT,1,7953,4,9.706,10,0,31.674,43.598,24.507,302.0,2023-03-05T15:15:15.628000+00:00
145,2023_1,hamilton,8,100.267,SOFT,1,7953,5,11.703,10,0,31.718,43.82,24.729,306.0,2023-03-05T15:15:17.597000+00:00
146,2023_1,russell,8,100.31,SOFT,1,7953,6,12.687,10,0,31.522,44.119,24.669,312.0,2023-03-05T15:15:18.565000+00:00
147,2023_1,alonso,8,99.959,SOFT,1,7953,7,14.096,10,0,31.674,43.675,24.61,,2023-03-05T15:15:19.972000+00:00
148,2023_1,stroll,8,99.801,SOFT,1,7953,8,15.718,10,0,31.619,43.524,24.658,304.0,2023-03-05T15:15:21.581000+00:00
149,2023_1,bottas,8,100.387,SOFT,1,7953,9,18.175,7,0,31.864,43.791,24.732,,2023-03-05T15:15:24.034000+00:00
150,2023_1,ocon,8,100.562,SOFT,1,7953,10,19.949,10,0,31.873,43.836,24.853,292.0,2023-03-05T15:15:25.831000+00:00
151,2023_1,albon,8,100.918,SOFT,1,7953,11,21.766,7,0,31.83,44.297,24.791,312.0,2023-03-05T15:15:27.659000+00:00
152,2023_1,norris,8,100.857,SOFT,1,7953,12,23.028,7,0,32.024,43.869,24.964,298.0,2023-03-05T15:15:28.893000+00:00
153,2023_1,sargeant,8,100.868,SOFT,1,7953,13,23.883,7,0,31.647,44.392,24.829,312.0,2023-03-05T15:15:29.737000+00:00
154,2023_1,tsunoda,8,100.846,SOFT,1,7953,14,24.773,7,0,31.566,44.156,25.124,319.0,2023-03-05T15:15:30.659000+00:00
155,2023_1,hulkenberg,8,101.249,SOFT,1,7953,15,25.682,10,0,31.819,44.221,25.209,322.0,2023-03-05T15:15:31.612000+00:00
156,2023_1,piastri,8,101.295,SOFT,1,7953,16,26.576,7,0,31.665,44.59,25.04,318.0,2023-03-05T15:15:32.456000+00:00
157,2023_1,zhou,8,101.184,SOFT,1,7953,17,27.157,7,0,31.722,44.39,25.072,314.0,2023-03-05T15:15:33.049000+00:00
158,2023_1,gasly,8,101.173,SOFT,1,7953,18,27.669,7,0,31.773,44.275,25.125,305.0,2023-03-05T15:15:33.534000+00:00
159,2023_1,de_vries,8,101.23,SOFT,1,7953,19,28.439,7,0,31.601,44.514,25.115,319.0,2023-03-05T15:15:34.378000+00:00
160,2023_1,kevin_magnussen,8,101.283,HARD,1,7953,20,30.576,7,0,32.062,44.289,24.932,303.0,2023-03-05T15:15:36.471000+00:00
161,2023_1,max_verstappen,9,98.278,SOFT,1,7953,1,0.0,11,0,31.336,42.823,24.119,,2023-03-05T15:16:44.033000+00:00
162,2023_1,leclerc,9,98.828,SOFT,1,7953,2,5.833,8,0,31.503,43.09,24.235,304.0,2023-03-05T15:16:49.892000+00:00
163,2023_1,perez,9,98.914,SOFT,1,7953,3,7.44,11,0,31.464,43.077,24.373,294.0,2023-03-05T15:16:51.439000+00:00
164,2023_1,sainz,9,99.744,SOFT,1,7953,4,11.331,11,0,31.602,43.608,24.534,306.0,2023-03-05T15:16:55.376000+00:00
165,2023_1,hamilton,9,100.323,SOFT,1,7953,5,13.816,11,0,31.893,43.776,24.654,309.0,2023-03-05T15:16:57.860000+00:00
166,2023_1,russell,9,100.42,SOFT,1,7953,6,14.843,11,0,31.652,44.022,24.746,306.0,2023-03-05T15:16:58.845000+00:00
167,2023_1,alonso,9,100.275,SOFT,1,7953,7,15.901,11,0,31.774,43.819,24.682,307.0,2023-03-05T15:16:59.939000+00:00
168,2023_1,stroll,9,100.106,SOFT,1,7953,8,17.365,11,0,31.709,43.736,24.661,294.0,2023-03-05T15:17:01.454000+00:00
169,2023_1,bottas,9,100.275,SOFT,1,7953,9,20.408,8,0,31.936,43.661,24.678,,2023-03-05T15:17:04.454000+00:00
170,2023_1,ocon,9,100.866,SOFT,1,7953,10,22.357,11,0,31.957,44.034,24.875,288.0,2023-03-05T15:17:06.392000+00:00
171,2023_1,albon,9,100.969,SOFT,1,7953,11,24.53,8,0,31.837,44.298,24.834,310.0,2023-03-05T15:17:08.579000+00:00
172,2023_1,norris,9,100.783,SOFT,1,7953,12,25.731,8,0,31.843,43.98,24.96,297.0,2023-03-05T15:17:09.766000+00:00
173,2023_1,sargeant,9,100.908,SOFT,1,7953,13,26.597,8,0,31.948,44.066,24.894,308.0,2023-03-05T15:17:10.610000+00:00
174,2023_1,tsunoda,9,101.01,SOFT,1,7953,14,27.465,8,0,31.627,44.241,25.142,318.0,2023-03-05T15:17:11.595000+00:00
175,2023_1,hulkenberg,9,101.615,SOFT,1,7953,15,28.777,11,0,32.117,44.419,25.079,305.0,2023-03-05T15:17:12.829000+00:00
176,2023_1,piastri,9,101.534,SOFT,1,7953,16,29.717,8,0,31.989,44.548,24.997,315.0,2023-03-05T15:17:13.766000+00:00
177,2023_1,zhou,9,101.526,SOFT,1,7953,17,30.187,8,0,31.73,44.682,25.114,307.0,2023-03-05T15:17:14.235000+00:00
178,2023_1,gasly,9,104.201,SOFT,1,7953,18,30.688,8,0,31.843,44.538,27.82,303.0,2023-03-05T15:17:14.735000+00:00
179,2023_1,de_vries,9,101.573,SOFT,1,7953,19,31.515,8,0,31.817,44.54,25.216,317.0,2023-03-05T15:17:15.548000+00:00
180,2023_1,kevin_magnussen,9,101.278,HARD,1,7953,20,33.705,8,0,32.161,44.196,24.921,299.0,2023-03-05T15:17:17.751000+00:00
181,2023_1,max_verstappen,10,98.369,SOFT,1,7953,1,0.0,12,0,31.361,42.884,24.124,,2023-03-05T15:18:22.359000+00:00
182,2023_1,leclerc,10,99.073,SOFT,1,7953,2,6.383,9,0,31.51,43.274,24.289,305.0,2023-03-05T15:18:28.734000+00:00
183,2023_1,perez,10,99.085,SOFT,1,7953,3,8.076,12,0,31.434,43.27,24.381,297.0,2023-03-05T15:18:30.406000+00:00
184,2023_1,sainz,10,100.102,SOFT,1,7953,4,12.797,12,0,31.764,43.676,24.662,303.0,2023-03-05T15:18:35.141000+00:00
185,2023_1,hamilton,10,100.289,SOFT,1,7953,5,15.861,12,0,31.649,43.985,24.655,308.0,2023-03-05T15:18:38.156000+00:00
186,2023_1,russell,10,100.532,SOFT,1,7953,6,16.985,12,0,31.699,44.074,24.759,,2023-03-05T15:18:39.281000+00:00
187,2023_1,alonso,10,100.203,SOFT,1,7953,7,17.898,12,0,31.505,43.905,24.793,321.0,2023-03-05T15:18:40.218000+00:00
188,2023_1,stroll,10,100.192,SOFT,1,7953,8,19.193,12,0,31.714,43.754,24.724,306.0,2023-03-05T15:18:41.530000+00:00
189,2023_1,bottas,10,100.676,SOFT,1,7953,9,22.405,9,0,31.929,43.981,24.766,292.0,2023-03-05T15:18:44.718000+00:00
190,2023_1,ocon,10,100.858,SOFT,1,7953,10,24.945,12,0,31.918,43.957,24.983,284.0,2023-03-05T15:18:47.265000+00:00
191,2023_1,albon,10,101.119,SOFT,1,7953,11,27.221,9,0,31.855,44.432,24.832,313.0,2023-03-05T15:18:49.546000+00:00
192,2023_1,norris,10,103.521,SOFT,1,7953,12,28.236,9,0,31.762,44.097,27.662,309.0,2023-03-05T15:18:50.530000+00:00
193,2023_1,sargeant,10,101.133,SOFT,1,7953,13,29.227,9,0,31.594,44.481,25.058,323.0,2023-03-05T15:18:51.546000+00:00
194,2023_1,tsunoda,10,103.749,SOFT,1,7953,14,30.197,9,0,31.649,44.285,27.815,322.0,2023-03-05T15:18:52.499000+00:00
195,2023_1,hulkenberg,10,102.252,SOFT,1,7953,15,32.114,12,0,32.095,44.673,25.484,,2023-03-05T15:18:54.436000+00:00
196,2023_1,piastri,10,101.584,SOFT,1,7953,16,32.973,9,0,31.779,44.617,25.188,309.0,2023-03-05T15:18:55.296000+00:00
197,2023_1,zhou,10,101.743,SOFT,1,7953,17,33.435,9,0,31.833,44.623,25.287,310.0,2023-03-05T15:18:55.811000+00:00
198,2023_1,de_vries,10,101.666,SOFT,1,7953,18,34.81,9,0,31.78,44.807,25.079,319.0,2023-03-05T15:18:57.046000+00:00
199,2023_1,gasly,10,121.262,HARD,2,7953,19,34.122,0,1,54.574,42.66,24.028,215.0,2023-03-05T15:18:58.905000+00:00
200,2023_1,kevin_magnussen,10,101.719,HARD,1,7953,20,36.705,9,0,32.289,44.441,24.989,302.0,2023-03-05T15:18:59.015000+00:00
201,2023_1,max_verstappen,11,98.483,SOFT,1,7953,1,0.0,13,0,31.342,42.978,24.163,292.0,2023-03-05T15:20:00.685000+00:00
202,2023_1,leclerc,11,99.212,SOFT,1,7953,2,7.087,10,0,31.556,43.28,24.376,,2023-03-05T15:20:07.780000+00:00
203,2023_1,perez,11,99.249,SOFT,1,7953,3,8.792,13,0,31.632,43.188,24.429,,2023-03-05T15:20:09.451000+00:00
204,2023_1,sainz,11,100.507,SOFT,1,7953,4,14.53,13,0,31.836,43.996,24.675,305.0,2023-03-05T15:20:15.232000+00:00
205,2023_1,hamilton,11,100.752,SOFT,1,7953,5,17.781,13,0,31.823,44.205,24.724,306.0,2023-03-05T15:20:18.482000+00:00
206,2023_1,russell,11,101.085,SOFT,1,7953,6,19.148,13,0,31.772,44.52,24.793,311.0,2023-03-05T15:20:19.810000+00:00
207,2023_1,alonso,11,101.147,SOFT,1,7953,7,19.732,13,0,31.657,44.321,25.169,325.0,2023-03-05T15:20:20.404000+00:00
208,2023_1,stroll,11,100.923,SOFT,1,7953,8,21.016,13,0,31.837,44.225,24.861,,2023-03-05T15:20:21.732000+00:00
209,2023_1,bottas,11,103.269,SOFT,1,7953,9,24.712,10,0,31.926,43.791,27.552,293.0,2023-03-05T15:20:25.419000+00:00
210,2023_1,ocon,11,101.035,SOFT,1,7953,10,27.434,13,0,32.006,44.056,24.973,,2023-03-05T15:20:28.122000+00:00
211,2023_1,albon,11,103.948,SOFT,1,7953,11,29.971,10,0,31.953,44.361,27.634,311.0,2023-03-05T15:20:30.653000+00:00
212,2023_1,sargeant,11,101.532,SOFT,1,7953,12,31.991,10,0,32.122,44.37,25.04,305.0,2023-03-05T15:20:32.591000+00:00
213,2023_1,norris,11,129.886,HARD,2,7953,13,30.914,0,1,61.49,43.939,24.457,213.0,2023-03-05T15:20:34.028000+00:00
214,2023_1,tsunoda,11,119.843,HARD,2,7953,14,33.039,0,1,53.357,42.423,24.063,217.0,2023-03-05T15:20:36.231000+00:00
215,2023_1,hulkenberg,11,106.79,SOFT,1,7953,15,35.997,13,0,32.73,45.759,28.301,293.0,2023-03-05T15:20:36.669000+00:00
216,2023_1,piastri,11,101.352,SOFT,1,7953,16,36.188,10,0,31.894,44.557,24.901,315.0,2023-03-05T15:20:36.857000+00:00
217,2023_1,zhou,11,102.108,SOFT,1,7953,17,36.809,10,0,32.197,44.947,24.964,312.0,2023-03-05T15:20:37.497000+00:00
218,2023_1,de_vries,11,105.46,SOFT,1,7953,18,38.107,10,0,32.072,44.715,28.673,299.0,2023-03-05T15:20:38.778000+00:00
219,2023_1,kevin_magnussen,11,102.049,HARD,1,7953,19,40.055,10,0,32.334,44.458,25.257,304.0,2023-03-05T15:20:40.669000+00:00
220,2023_1,gasly,11,98.762,HARD,2,7953,20,59.504,1,0,31.455,43.098,24.209,294.0,2023-03-05T15:21:00.247000+00:00
221,2023_1,max_verstappen,12,98.591,SOFT,1,7953,1,0.0,14,0,31.408,42.951,24.232,294.0,2023-03-05T15:21:39.152000+00:00
222,2023_1,leclerc,12,99.489,SOFT,1,7953,2,7.816,11,0,31.597,43.406,24.486,,2023-03-05T15:21:47.043000+00:00
223,2023_1,perez,12,99.197,SOFT,1,7953,3,9.558,14,0,31.527,43.252,24.418,,2023-03-05T15:21:48.730000+00:00
224,2023_1,sainz,12,100.52,SOFT,1,7953,4,16.554,14,0,31.776,44.006,24.738,304.0,2023-03-05T15:21:55.730000+00:00
225,2023_1,hamilton,12,103.336,SOFT,1,7953,5,20.05,14,0,31.821,44.259,27.256,308.0,2023-03-05T15:21:59.214000+00:00
226,2023_1,russell,12,101.112,SOFT,1,7953,6,21.75,14,0,32.023,44.122,24.967,308.0,2023-03-05T15:22:00.902000+00:00
227,2023_1,alonso,12,100.934,SOFT,1,7953,7,22.396,14,0,31.789,44.062,25.083,324.0,2023-03-05T15:22:01.621000+00:00
228,2023_1,stroll,12,101.039,SOFT,1,7953,8,23.456,14,0,31.929,44.125,24.985,305.0,2023-03-05T15:22:02.621000+00:00
229,2023_1,bottas,12,119.45,HARD,2,7953,9,26.968,0,1,52.921,42.49,24.039,215.0,2023-03-05T15:22:08.667000+00:00
230,2023_1,ocon,12,103.787,SOFT,1,7953,10,29.986,14,0,32.034,44.101,27.652,289.0,2023-03-05T15:22:09.167000+00:00
231,2023_1,sargeant,12,103.88,SOFT,1,7953,11,35.04,11,0,32.031,44.118,27.731,,2023-03-05T15:22:14.198000+00:00
232,2023_1,albon,12,119.445,SOFT,2,7953,12,32.866,0,1,52.452,42.947,24.046,220.0,2023-03-05T15:22:14.573000+00:00
233,2023_1,piastri,12,101.156,SOFT,1,7953,13,39.057,11,0,32.1,44.235,24.821,300.0,2023-03-05T15:22:18.183000+00:00
234,2023_1,zhou,12,103.87,SOFT,1,7953,14,40.434,11,0,32.015,44.178,27.677,303.0,2023-03-05T15:22:19.620000+00:00
235,2023_1,kevin_magnussen,12,101.345,HARD,1,7953,15,43.621,11,0,32.185,44.197,24.963,300.0,2023-03-05T15:22:22.698000+00:00
236,2023_1,hulkenberg,12,122.579,HARD,2,7953,16,41.748,0,1,54.5,43.599,24.48,212.0,2023-03-05T15:22:23.370000+00:00
237,2023_1,de_vries,12,121.184,HARD,2,7953,17,42.285,0,1,53.538,43.459,24.187,214.0,2023-03-05T15:22:24.198000+00:00
238,2023_1,tsunoda,12,99.143,HARD,2,7953,18,56.937,1,0,31.623,43.14,24.38,303.0,2023-03-05T15:22:36.042000+00:00
239,2023_1,gasly,12,98.928,HARD,2,7953,19,59.783,2,0,31.57,43.066,24.292,288.0,2023-03-05T15:22:38.886000+00:00
240,2023_1,norris,12,99.314,HARD,2,7953,20,64.791,1,0,31.825,43.134,24.355,291.0,2023-03-05T15:22:43.948000+00:00
241,2023_1,max_verstappen,13,98.482,SOFT,1,7953,1,0.0,15,0,31.389,42.907,24.186,292.0,2023-03-05T15:23:17.760000+00:00
242,2023_1,leclerc,13,102.068,SOFT,1,7953,2,8.714,12,0,31.703,43.481,26.884,303.0,2023-03-05T15:23:26.478000+00:00
243,2023_1,perez,13,99.336,SOFT,1,7953,3,10.164,15,0,31.57,43.298,24.468,,2023-03-05T15:23:27.932000+00:00
244,2023_1,sainz,13,103.31,SOFT,1,7953,4,18.483,15,0,31.93,43.823,27.557,303.0,2023-03-05T15:23:36.244000+00:00
245,2023_1,russell,13,104.691,SOFT,1,7953,5,24.271,15,0,32.276,44.91,27.505,303.0,2023-03-05T15:23:41.931000+00:00
246,2023_1,alonso,13,100.341,SOFT,1,7953,6,24.739,15,0,31.823,43.946,24.572,325.0,2023-03-05T15:23:42.447000+00:00
247,2023_1,hamilton,13,119.179,HARD,2,7953,7,22.321,0,1,52.819,42.559,23.801,214.0,2023-03-05T15:23:42.603000+00:00
248,2023_1,stroll,13,101.12,SOFT,1,7953,8,25.904,15,0,31.882,44.192,25.046,304.0,2023-03-05T15:23:43.666000+00:00
249,2023_1,ocon,13,120.381,HARD,2,7953,9,32.521,0,1,53.451,42.674,24.256,217.0,2023-03-05T15:23:52.837000+00:00
250,2023_1,sargeant,13,120.255,SOFT,2,7953,10,37.638,0,1,53.407,42.646,24.202,219.0,2023-03-05T15:23:57.962000+00:00
251,2023_1,piastri,13,122.071,SOFT,1,7953,11,41.622,12,0,34.839,53.536,33.696,299.0,2023-03-05T15:23:59.384000+00:00
252,2023_1,zhou,13,122.101,HARD,2,7953,12,43.207,0,1,54.117,43.596,24.388,215.0,2023-03-05T15:24:03.368000+00:00
253,2023_1,kevin_magnussen,13,101.654,HARD,1,7953,13,46.375,12,0,32.197,44.455,25.002,297.0,2023-03-05T15:24:04.071000+00:00
254,2023_1,bottas,13,98.03,HARD,2,7953,14,50.357,1,0,31.273,42.523,24.234,285.0,2023-03-05T15:24:08.134000+00:00
255,2023_1,albon,13,98.649,SOFT,2,7953,15,56.29,1,0,31.512,42.949,24.188,312.0,2023-03-05T15:24:14.087000+00:00
256,2023_1,tsunoda,13,99.471,HARD,2,7953,16,57.489,2,0,31.607,43.29,24.574,302.0,2023-03-05T15:24:15.182000+00:00
257,2023_1,gasly,13,99.349,HARD,2,7953,17,60.12,3,0,31.744,43.26,24.345,296.0,2023-03-05T15:24:17.790000+00:00
258,2023_1,norris,13,99.51,HARD,2,7953,18,65.514,2,0,31.74,43.246,24.524,294.0,2023-03-05T15:24:23.212000+00:00
259,2023_1,de_vries,13,98.924,HARD,2,7953,19,67.67699999999999,1,0,31.468,43.189,24.267,302.0,2023-03-05T15:24:25.399000+00:00
260,2023_1,hulkenberg,13,99.406,HARD,2,7953,20,68.292,1,0,31.504,43.055,24.847,295.0,2023-03-05T15:24:26.040000+00:00
261,2023_1,max_verstappen,14,101.295,SOFT,1,7953,1,0.0,16,0,31.427,42.876,26.992,,2023-03-05T15:24:56.258000+00:00
262,2023_1,perez,14,98.739,SOFT,1,7953,2,11.018,16,0,31.411,42.993,24.335,,2023-03-05T15:25:07.148000+00:00
263,2023_1,leclerc,14,118.77,HARD,2,7953,3,9.925,0,1,52.07,42.739,23.961,219.0,2023-03-05T15:25:08.539000+00:00
264,2023_1,sainz,14,119.006,HARD,2,7953,4,20.713,0,1,52.026,42.788,24.192,221.0,2023-03-05T15:25:19.539000+00:00
265,2023_1,alonso,14,102.212,SOFT,1,7953,5,26.598,16,0,31.869,43.309,27.034,302.0,2023-03-05T15:25:22.804000+00:00
266,2023_1,stroll,14,100.002,SOFT,1,7953,6,28.542,16,0,31.565,43.743,24.694,317.0,2023-03-05T15:25:24.883000+00:00
267,2023_1,russell,14,121.269,HARD,2,7953,7,28.127,0,1,54.862,42.554,23.853,214.0,2023-03-05T15:25:26.789000+00:00
268,2023_1,hamilton,14,98.308,HARD,2,7953,8,45.492,1,0,30.783,43.351,24.174,302.0,2023-03-05T15:25:41.773000+00:00
269,2023_1,kevin_magnussen,14,101.739,HARD,1,7953,9,49.547,13,0,32.409,44.478,24.852,296.0,2023-03-05T15:25:45.757000+00:00
270,2023_1,bottas,14,98.098,HARD,2,7953,10,49.905,2,0,31.122,42.799,24.177,320.0,2023-03-05T15:25:46.101000+00:00
271,2023_1,albon,14,98.472,SOFT,2,7953,11,56.457,2,0,31.104,43.144,24.224,314.0,2023-03-05T15:25:52.663000+00:00
272,2023_1,ocon,14,98.649,HARD,2,7953,12,57.081,1,0,31.163,43.16,24.326,329.0,2023-03-05T15:25:53.413000+00:00
273,2023_1,tsunoda,14,98.742,HARD,2,7953,13,58.478,3,0,31.227,43.111,24.404,317.0,2023-03-05T15:25:54.694000+00:00
274,2023_1,gasly,14,98.859,HARD,2,7953,14,60.987,4,0,31.518,43.043,24.298,303.0,2023-03-05T15:25:57.226000+00:00
275,2023_1,sargeant,14,98.413,SOFT,2,7953,15,62.102,1,0,31.156,42.959,24.298,305.0,2023-03-05T15:25:58.335000+00:00
276,2023_1,piastri,14,,,,7953,16,60.676,,0,,,,,2023-03-05T15:26:01.538000+00:00
277,2023_1,norris,14,99.243,HARD,2,7953,17,66.542,3,0,31.728,43.15,24.365,289.0,2023-03-05T15:26:02.805000+00:00
278,2023_1,de_vries,14,98.829,HARD,2,7953,18,68.119,2,0,31.383,43.082,24.364,293.0,2023-03-05T15:26:04.335000+00:00
279,2023_1,hulkenberg,14,98.847,HARD,2,7953,19,69.216,2,0,31.291,43.147,24.409,325.0,2023-03-05T15:26:05.397000+00:00
280,2023_1,zhou,14,99.33,HARD,2,7953,20,69.332,1,0,31.335,43.564,24.431,324.0,2023-03-05T15:26:05.601000+00:00
281,2023_1,max_verstappen,15,118.378,SOFT,2,7953,1,0.0,2,1,51.854,42.629,23.895,218.0,2023-03-05T15:26:37.537000+00:00
282,2023_1,perez,15,98.608,SOFT,1,7953,2,8.462,17,0,31.441,42.89,24.277,,2023-03-05T15:26:45.975000+00:00
283,2023_1,stroll,15,102.841,SOFT,1,7953,3,27.249,17,0,31.857,43.737,27.247,295.0,2023-03-05T15:27:04.724000+00:00
284,2023_1,alonso,15,119.692,HARD,2,7953,4,16.53,0,1,53.186,42.622,23.884,220.0,2023-03-05T15:27:05.021000+00:00
285,2023_1,leclerc,15,98.477,HARD,2,7953,5,29.775,1,0,31.261,43.184,24.032,301.0,2023-03-05T15:27:07.318000+00:00
286,2023_1,sainz,15,97.985,HARD,2,7953,6,41.022,1,0,31.107,42.86,24.018,294.0,2023-03-05T15:27:18.552000+00:00
287,2023_1,hamilton,15,98.527,HARD,2,7953,7,42.505,2,0,31.23,43.259,24.038,309.0,2023-03-05T15:27:19.974000+00:00
288,2023_1,bottas,15,98.851,HARD,2,7953,8,46.708,3,0,31.469,43.076,24.306,290.0,2023-03-05T15:27:24.177000+00:00
289,2023_1,kevin_magnussen,15,104.899,HARD,1,7953,9,49.991,14,0,32.424,44.674,27.801,300.0,2023-03-05T15:27:27.474000+00:00
290,2023_1,russell,15,97.46,HARD,2,7953,10,50.454,1,0,30.812,42.616,24.032,321.0,2023-03-05T15:27:27.990000+00:00
291,2023_1,albon,15,99.158,SOFT,2,7953,11,53.634,3,0,31.3,43.386,24.472,315.0,2023-03-05T15:27:31.193000+00:00
292,2023_1,ocon,15,101.863,HARD,2,7953,12,54.435,2,0,31.363,43.264,27.236,318.0,2023-03-05T15:27:31.974000+00:00
293,2023_1,tsunoda,15,98.975,HARD,2,7953,13,55.925,4,0,31.398,43.143,24.434,308.0,2023-03-05T15:27:33.474000+00:00
294,2023_1,gasly,15,98.985,HARD,2,7953,14,58.551,5,0,31.398,43.252,24.335,302.0,2023-03-05T15:27:36.177000+00:00
295,2023_1,sargeant,15,99.033,SOFT,2,7953,15,59.22,2,0,31.192,43.462,24.379,314.0,2023-03-05T15:27:36.786000+00:00
296,2023_1,norris,15,98.87,HARD,2,7953,16,64.49,4,0,31.562,42.936,24.372,297.0,2023-03-05T15:27:42.021000+00:00
297,2023_1,de_vries,15,98.868,HARD,2,7953,17,65.653,3,0,31.425,43.124,24.319,297.0,2023-03-05T15:27:43.177000+00:00
298,2023_1,hulkenberg,15,98.972,HARD,2,7953,18,66.768,3,0,31.408,43.081,24.483,304.0,2023-03-05T15:27:44.255000+00:00
299,2023_1,zhou,15,99.229,HARD,2,7953,19,67.367,2,0,31.385,43.353,24.491,311.0,2023-03-05T15:27:44.849000+00:00
300,2023_1,perez,16,98.77,SOFT,1,7953,1,0.0,18,0,31.469,43.019,24.282,296.0,2023-03-05T15:28:24.551000+00:00
301,2023_1,max_verstappen,16,97.801,SOFT,2,7953,2,11.308,3,0,31.209,42.711,23.881,287.0,2023-03-05T15:28:36.254000+00:00
302,2023_1,leclerc,16,97.953,HARD,2,7953,3,21.182,2,0,30.859,42.965,24.129,324.0,2023-03-05T15:28:45.754000+00:00
303,2023_1,stroll,16,119.876,HARD,2,7953,4,20.596,0,1,53.276,42.527,24.073,216.0,2023-03-05T15:28:47.676000+00:00
304,2023_1,sainz,16,98.433,HARD,2,7953,5,31.937,2,0,31.232,43.011,24.19,298.0,2023-03-05T15:28:56.504000+00:00
305,2023_1,hamilton,16,98.617,HARD,2,7953,6,33.962,3,0,31.162,43.414,24.041,304.0,2023-03-05T15:28:58.472000+00:00
306,2023_1,bottas,16,98.494,HARD,2,7953,7,38.489,4,0,31.299,43.018,24.177,291.0,2023-03-05T15:29:03.035000+00:00
307,2023_1,alonso,16,97.542,HARD,2,7953,8,40.137,1,0,31.154,42.459,23.929,305.0,2023-03-05T15:29:04.769000+00:00
308,2023_1,russell,16,97.833,HARD,2,7953,9,40.844,2,0,30.88,42.883,24.07,325.0,2023-03-05T15:29:05.347000+00:00
309,2023_1,albon,16,99.253,SOFT,2,7953,10,45.722,4,0,31.205,43.747,24.301,314.0,2023-03-05T15:29:10.316000+00:00
310,2023_1,tsunoda,16,99.061,HARD,2,7953,12,47.83,5,0,31.429,43.184,24.448,,2023-03-05T15:29:12.425000+00:00
311,2023_1,kevin_magnussen,16,120.587,HARD,2,7953,11,45.158,0,1,53.295,43.201,24.091,218.0,2023-03-05T15:29:12.425000+00:00
312,2023_1,ocon,16,135.708,HARD,3,7953,13,46.64,0,1,68.689,42.863,24.156,220.0,2023-03-05T15:29:13.800000+00:00
313,2023_1,gasly,16,98.945,HARD,2,7953,14,50.466,6,0,31.514,43.137,24.294,,2023-03-05T15:29:15.097000+00:00
314,2023_1,sargeant,16,98.988,SOFT,2,7953,15,51.183,3,0,31.239,43.299,24.45,326.0,2023-03-05T15:29:15.831000+00:00
315,2023_1,norris,16,98.86,HARD,2,7953,16,56.29,5,0,31.537,42.928,24.395,,2023-03-05T15:29:20.925000+00:00
316,2023_1,de_vries,16,99.127,HARD,2,7953,17,57.451,4,0,31.487,43.229,24.411,,2023-03-05T15:29:22.081000+00:00
317,2023_1,hulkenberg,16,99.136,HARD,2,7953,18,58.67,4,0,31.437,43.257,24.442,303.0,2023-03-05T15:29:23.300000+00:00
318,2023_1,zhou,16,98.998,HARD,2,7953,19,59.526,3,0,31.133,43.302,24.563,322.0,2023-03-05T15:29:24.159000+00:00
319,2023_1,perez,17,101.36,SOFT,1,7953,1,0.0,19,0,31.516,43.018,26.826,295.0,2023-03-05T15:30:03.393000+00:00
320,2023_1,max_verstappen,17,97.648,SOFT,2,7953,2,10.339,4,0,31.17,42.623,23.855,293.0,2023-03-05T15:30:13.705000+00:00
321,2023_1,leclerc,17,98.031,HARD,2,7953,3,20.365,3,0,31.312,42.722,23.997,303.0,2023-03-05T15:30:23.752000+00:00
322,2023_1,sainz,17,98.161,HARD,2,7953,4,31.6,3,0,31.234,42.911,24.016,295.0,2023-03-05T15:30:34.908000+00:00
323,2023_1,hamilton,17,98.704,HARD,2,7953,5,33.809,4,0,31.16,43.372,24.172,306.0,2023-03-05T15:30:37.127000+00:00
324,2023_1,bottas,17,99.973,HARD,2,7953,6,38.213,5,0,32.034,43.463,24.476,296.0,2023-03-05T15:30:41.596000+00:00
325,2023_1,alonso,17,98.139,HARD,2,7953,7,38.909,2,0,30.946,43.197,23.996,326.0,2023-03-05T15:30:42.221000+00:00
326,2023_1,russell,17,98.604,HARD,2,7953,8,39.907,3,0,30.903,43.462,24.239,313.0,2023-03-05T15:30:43.252000+00:00
327,2023_1,stroll,17,97.507,HARD,2,7953,9,44.126,1,0,31.247,42.341,23.919,301.0,2023-03-05T15:30:47.517000+00:00
328,2023_1,albon,17,99.094,SOFT,2,7953,10,46.205,5,0,31.288,43.482,24.324,306.0,2023-03-05T15:30:49.595000+00:00
329,2023_1,tsunoda,17,99.021,HARD,2,7953,11,48.121,6,0,31.417,43.132,24.472,304.0,2023-03-05T15:30:51.408000+00:00
330,2023_1,gasly,17,99.011,HARD,2,7953,12,50.641,7,0,31.527,43.151,24.333,301.0,2023-03-05T15:30:53.986000+00:00
331,2023_1,sargeant,17,99.439,SOFT,2,7953,13,51.401,4,0,31.439,43.542,24.458,320.0,2023-03-05T15:30:54.830000+00:00
332,2023_1,norris,17,101.501,HARD,2,7953,14,56.38,6,0,31.573,42.806,27.122,298.0,2023-03-05T15:30:59.689000+00:00
333,2023_1,de_vries,17,98.996,HARD,2,7953,15,57.808,5,0,31.498,43.126,24.372,,2023-03-05T15:31:01.189000+00:00
334,2023_1,hulkenberg,17,99.396,HARD,2,7953,16,59.036,5,0,31.458,43.372,24.566,304.0,2023-03-05T15:31:02.345000+00:00
335,2023_1,zhou,17,99.143,HARD,2,7953,17,59.754,4,0,31.399,43.248,24.496,309.0,2023-03-05T15:31:03.111000+00:00
336,2023_1,kevin_magnussen,17,98.319,HARD,2,7953,18,69.637,1,0,31.498,42.739,24.082,295.0,2023-03-05T15:31:13.017000+00:00
337,2023_1,ocon,17,98.78,HARD,3,7953,19,86.166,1,0,31.538,43.002,24.24,292.0,2023-03-05T15:31:29.579000+00:00
338,2023_1,perez,18,118.797,SOFT,2,7953,1,0.0,2,1,51.905,42.936,23.956,218.0,2023-03-05T15:31:44.813000+00:00
339,2023_1,max_verstappen,18,97.614,SOFT,2,7953,2,6.627,5,0,31.211,42.569,23.834,286.0,2023-03-05T15:31:51.391000+00:00
340,2023_1,leclerc,18,97.798,HARD,2,7953,3,17.036,4,0,31.207,42.696,23.895,300.0,2023-03-05T15:32:01.797000+00:00
341,2023_1,sainz,18,98.287,HARD,2,7953,4,28.401,4,0,31.283,42.95,24.054,301.0,2023-03-05T15:32:13.156000+00:00
342,2023_1,hamilton,18,98.69,HARD,2,7953,5,31.153,5,0,31.263,43.262,24.165,305.0,2023-03-05T15:32:15.906000+00:00
343,2023_1,alonso,18,98.124,HARD,2,7953,6,35.688,3,0,31.3,42.737,24.087,300.0,2023-03-05T15:32:20.359000+00:00
344,2023_1,bottas,18,100.24,HARD,2,7953,7,36.826,6,0,31.682,43.946,24.612,310.0,2023-03-05T15:32:21.578000+00:00
345,2023_1,russell,18,98.427,HARD,2,7953,8,37.151,4,0,30.995,43.299,24.133,308.0,2023-03-05T15:32:21.922000+00:00
346,2023_1,stroll,18,98.127,HARD,2,7953,9,40.273,2,0,31.4,42.53,24.197,303.0,2023-03-05T15:32:25.031000+00:00
347,2023_1,albon,18,99.049,SOFT,2,7953,10,43.939,6,0,31.24,43.43,24.379,315.0,2023-03-05T15:32:28.703000+00:00
348,2023_1,tsunoda,18,99.302,HARD,2,7953,11,45.782,7,0,31.402,43.402,24.498,307.0,2023-03-05T15:32:30.547000+00:00
349,2023_1,gasly,18,99.029,HARD,2,7953,12,48.292,8,0,31.515,43.068,24.446,300.0,2023-03-05T15:32:33.078000+00:00
350,2023_1,sargeant,18,99.399,SOFT,2,7953,13,49.48,5,0,31.497,43.423,24.479,298.0,2023-03-05T15:32:34.234000+00:00
351,2023_1,de_vries,18,99.054,HARD,2,7953,14,55.444,6,0,31.426,43.327,24.301,295.0,2023-03-05T15:32:40.093000+00:00
352,2023_1,norris,18,128.607,SOFT,3,7953,15,47.308,3,1,60.993,43.457,24.157,220.0,2023-03-05T15:32:41.265000+00:00
353,2023_1,hulkenberg,18,100.323,HARD,2,7953,16,57.072,6,0,32.119,43.519,24.685,308.0,2023-03-05T15:32:41.828000+00:00
354,2023_1,zhou,18,98.873,HARD,2,7953,17,57.537,5,0,31.104,43.376,24.393,327.0,2023-03-05T15:32:42.281000+00:00
355,2023_1,kevin_magnussen,18,98.274,HARD,2,7953,18,66.596,2,0,31.32,42.799,24.155,298.0,2023-03-05T15:32:51.328000+00:00
356,2023_1,ocon,18,98.886,HARD,3,7953,19,83.586,2,0,31.577,43.055,24.254,290.0,2023-03-05T15:33:08.327000+00:00
357,2023_1,max_verstappen,19,97.712,SOFT,2,7953,1,0.0,6,0,31.243,42.608,23.861,289.0,2023-03-05T15:33:28.905000+00:00
358,2023_1,leclerc,19,97.858,HARD,2,7953,2,10.593,5,0,31.149,42.743,23.966,303.0,2023-03-05T15:33:39.483000+00:00
359,2023_1,perez,19,97.659,SOFT,2,7953,3,14.556,3,0,31.164,42.653,23.842,291.0,2023-03-05T15:33:43.545000+00:00
360,2023_1,sainz,19,98.21,HARD,2,7953,4,22.447,5,0,31.208,42.939,24.063,,2023-03-05T15:33:51.436000+00:00
361,2023_1,hamilton,19,98.684,HARD,2,7953,5,25.602,6,0,31.294,43.297,24.093,308.0,2023-03-05T15:33:54.592000+00:00
362,2023_1,alonso,19,98.361,HARD,2,7953,6,29.571,4,0,31.313,42.965,24.083,304.0,2023-03-05T15:33:58.576000+00:00
363,2023_1,russell,19,98.512,HARD,2,7953,7,31.337,5,0,31.276,43.188,24.048,299.0,2023-03-05T15:34:00.311000+00:00
364,2023_1,bottas,19,99.497,HARD,2,7953,8,32.825,7,0,31.65,43.373,24.474,294.0,2023-03-05T15:34:01.826000+00:00
365,2023_1,stroll,19,98.587,HARD,2,7953,9,34.159,3,0,31.275,42.792,24.52,304.0,2023-03-05T15:34:03.154000+00:00
366,2023_1,albon,19,99.272,SOFT,2,7953,10,38.747,7,0,31.412,43.511,24.349,304.0,2023-03-05T15:34:07.732000+00:00
367,2023_1,tsunoda,19,99.17,HARD,2,7953,11,40.843,8,0,31.456,43.331,24.383,303.0,2023-03-05T15:34:09.842000+00:00
368,2023_1,gasly,19,99.066,HARD,2,7953,12,43.08,9,0,31.571,43.098,24.397,299.0,2023-03-05T15:34:12.045000+00:00
369,2023_1,sargeant,19,99.22,SOFT,2,7953,13,44.638,6,0,31.3,43.546,24.374,308.0,2023-03-05T15:34:13.623000+00:00
370,2023_1,de_vries,19,99.078,HARD,2,7953,14,50.257,7,0,31.442,43.253,24.383,296.0,2023-03-05T15:34:19.232000+00:00
371,2023_1,zhou,19,98.794,HARD,2,7953,15,52.169,6,0,31.493,43.007,24.294,289.0,2023-03-05T15:34:21.092000+00:00
372,2023_1,hulkenberg,19,99.633,HARD,2,7953,16,53.154,7,0,31.771,43.31,24.552,322.0,2023-03-05T15:34:22.060000+00:00
373,2023_1,kevin_magnussen,19,98.803,HARD,2,7953,17,60.629,3,0,31.449,43.108,24.246,299.0,2023-03-05T15:34:29.701000+00:00
374,2023_1,ocon,19,98.817,HARD,3,7953,18,78.231,3,0,31.651,42.936,24.23,289.0,2023-03-05T15:34:47.232000+00:00
375,2023_1,norris,19,97.966,SOFT,3,7953,19,80.887,4,0,31.206,42.704,24.056,294.0,2023-03-05T15:34:49.857000+00:00
376,2023_1,max_verstappen,20,97.788,SOFT,2,7953,1,0.0,7,0,31.186,42.766,23.836,291.0,2023-03-05T15:35:06.747000+00:00
377,2023_1,leclerc,20,97.631,HARD,2,7953,2,10.739,6,0,31.166,42.561,23.904,,2023-03-05T15:35:17.466000+00:00
378,2023_1,perez,20,97.448,SOFT,2,7953,3,14.503,4,0,30.978,42.696,23.774,292.0,2023-03-05T15:35:21.215000+00:00
379,2023_1,sainz,20,98.096,HARD,2,7953,4,22.945,6,0,31.272,42.826,23.998,303.0,2023-03-05T15:35:29.653000+00:00
380,2023_1,hamilton,20,98.478,HARD,2,7953,5,26.574,7,0,31.163,43.227,24.088,,2023-03-05T15:35:33.293000+00:00
381,2023_1,alonso,20,98.318,HARD,2,7953,6,30.22,5,0,31.337,42.915,24.066,,2023-03-05T15:35:36.918000+00:00
382,2023_1,russell,20,98.578,HARD,2,7953,7,32.137,6,0,31.282,43.216,24.08,,2023-03-05T15:35:38.824000+00:00
383,2023_1,bottas,20,100.442,HARD,2,7953,8,34.61,8,0,31.91,43.979,24.553,296.0,2023-03-05T15:35:41.324000+00:00
384,2023_1,stroll,20,98.038,HARD,2,7953,9,35.034,4,0,31.031,42.815,24.192,324.0,2023-03-05T15:35:41.778000+00:00
385,2023_1,albon,20,99.299,SOFT,2,7953,10,40.307,8,0,31.372,43.498,24.429,314.0,2023-03-05T15:35:47.028000+00:00
386,2023_1,tsunoda,20,99.282,HARD,2,7953,11,42.301,9,0,31.476,43.398,24.408,306.0,2023-03-05T15:35:49.012000+00:00
387,2023_1,gasly,20,99.017,HARD,2,7953,12,44.434,10,0,31.481,43.179,24.357,301.0,2023-03-05T15:35:51.184000+00:00
388,2023_1,sargeant,20,99.186,SOFT,2,7953,13,46.146,7,0,31.337,43.39,24.459,,2023-03-05T15:35:52.824000+00:00
389,2023_1,de_vries,20,99.182,HARD,2,7953,14,51.623,8,0,,43.332,24.408,297.0,2023-03-05T15:35:58.293000+00:00
390,2023_1,zhou,20,98.896,HARD,2,7953,15,53.251,7,0,31.546,43.055,24.295,298.0,2023-03-05T15:35:59.934000+00:00
391,2023_1,hulkenberg,20,99.495,HARD,2,7953,16,55.075,8,0,31.592,43.273,24.63,305.0,2023-03-05T15:36:01.824000+00:00
392,2023_1,kevin_magnussen,20,99.083,HARD,2,7953,17,61.72,4,0,31.665,43.198,24.22,297.0,2023-03-05T15:36:08.418000+00:00
393,2023_1,ocon,20,98.809,HARD,3,7953,18,79.336,4,0,31.605,43.024,24.18,,2023-03-05T15:36:26.074000+00:00
394,2023_1,norris,20,98.345,SOFT,3,7953,19,81.14099999999999,5,0,31.318,42.762,24.265,295.0,2023-03-05T15:36:27.855000+00:00
395,2023_1,max_verstappen,21,97.582,SOFT,2,7953,1,0.0,8,0,31.168,42.572,23.842,293.0,2023-03-05T15:36:44.511000+00:00
396,2023_1,leclerc,21,97.753,HARD,2,7953,2,10.582,7,0,31.114,42.726,23.913,305.0,2023-03-05T15:36:55.058000+00:00
397,2023_1,perez,21,97.24,SOFT,2,7953,3,14.163,5,0,30.982,42.507,23.751,293.0,2023-03-05T15:36:58.698000+00:00
398,2023_1,sainz,21,98.24,HARD,2,7953,4,23.253,7,0,31.305,42.957,23.978,301.0,2023-03-05T15:37:07.745000+00:00
399,2023_1,hamilton,21,98.581,HARD,2,7953,5,27.264,8,0,31.151,43.35,24.08,,2023-03-05T15:37:11.807000+00:00
400,2023_1,alonso,21,98.407,HARD,2,7953,6,30.75,6,0,31.383,42.994,24.03,303.0,2023-03-05T15:37:15.292000+00:00
401,2023_1,russell,21,98.555,HARD,2,7953,7,32.927,7,0,31.287,43.084,24.184,302.0,2023-03-05T15:37:17.401000+00:00
402,2023_1,stroll,21,98.273,HARD,2,7953,8,35.284,5,0,31.172,42.998,24.103,304.0,2023-03-05T15:37:19.682000+00:00
403,2023_1,bottas,21,99.355,HARD,2,7953,9,37.264,9,0,31.577,43.366,24.412,295.0,2023-03-05T15:37:21.760000+00:00
404,2023_1,albon,21,99.591,SOFT,2,7953,10,41.818,9,0,31.415,43.682,24.494,311.0,2023-03-05T15:37:26.307000+00:00
405,2023_1,tsunoda,21,99.325,HARD,2,7953,11,43.795,10,0,31.486,43.285,24.554,305.0,2023-03-05T15:37:28.291000+00:00
406,2023_1,gasly,21,99.327,HARD,2,7953,12,45.663,11,0,31.671,43.328,24.328,300.0,2023-03-05T15:37:30.182000+00:00
407,2023_1,sargeant,21,99.612,SOFT,2,7953,13,47.544,8,0,31.466,43.62,24.526,307.0,2023-03-05T15:37:32.026000+00:00
408,2023_1,de_vries,21,99.182,HARD,2,7953,14,53.017,9,0,31.508,43.309,24.365,295.0,2023-03-05T15:37:37.525000+00:00
409,2023_1,zhou,21,98.888,HARD,2,7953,15,54.359,8,0,31.46,43.064,24.364,,2023-03-05T15:37:38.822000+00:00
410,2023_1,hulkenberg,21,99.703,HARD,2,7953,16,56.782,9,0,31.669,43.393,24.641,303.0,2023-03-05T15:37:41.307000+00:00
411,2023_1,kevin_magnussen,21,99.086,HARD,2,7953,17,63.015,5,0,31.648,43.082,24.356,299.0,2023-03-05T15:37:47.541000+00:00
412,2023_1,ocon,21,98.976,HARD,3,7953,18,80.357,5,0,31.634,43.064,24.278,288.0,2023-03-05T15:38:04.837000+00:00
413,2023_1,norris,21,98.297,SOFT,3,7953,19,81.69800000000001,6,0,31.319,42.673,24.305,296.0,2023-03-05T15:38:06.181000+00:00
414,2023_1,max_verstappen,22,97.651,SOFT,2,7953,1,0.0,9,0,31.224,42.548,23.879,292.0,2023-03-05T15:38:22.087000+00:00
415,2023_1,leclerc,22,98.162,HARD,2,7953,2,10.753,8,0,31.499,42.618,24.045,,2023-03-05T15:38:32.853000+00:00
416,2023_1,perez,22,97.169,SOFT,2,7953,3,13.821,6,0,30.956,42.354,23.859,298.0,2023-03-05T15:38:35.946000+00:00
417,2023_1,sainz,22,98.453,HARD,2,7953,4,23.911,8,0,31.288,43.137,24.028,304.0,2023-03-05T15:38:46.024000+00:00
418,2023_1,hamilton,22,98.46,HARD,2,7953,5,28.263,9,0,31.336,43.109,24.015,307.0,2023-03-05T15:38:50.337000+00:00
419,2023_1,alonso,22,98.2,HARD,2,7953,6,31.575,7,0,31.364,42.853,23.983,304.0,2023-03-05T15:38:53.649000+00:00
420,2023_1,russell,22,98.438,HARD,2,7953,7,33.9,8,0,31.313,42.999,24.126,305.0,2023-03-05T15:38:56.024000+00:00
421,2023_1,stroll,22,98.73,HARD,2,7953,8,35.975,6,0,31.338,43.254,24.138,,2023-03-05T15:38:58.055000+00:00
422,2023_1,bottas,22,99.356,HARD,2,7953,9,39.037,10,0,31.591,43.332,24.433,292.0,2023-03-05T15:39:01.118000+00:00
423,2023_1,albon,22,99.588,SOFT,2,7953,10,43.827,10,0,31.391,43.783,24.414,313.0,2023-03-05T15:39:05.915000+00:00
424,2023_1,tsunoda,22,99.439,HARD,2,7953,11,45.538,11,0,31.479,43.415,24.545,304.0,2023-03-05T15:39:07.602000+00:00
425,2023_1,gasly,22,99.485,HARD,2,7953,12,47.408,12,0,31.609,43.483,24.393,302.0,2023-03-05T15:39:09.477000+00:00
426,2023_1,sargeant,22,99.362,SOFT,2,7953,13,49.574,9,0,31.385,43.461,24.516,306.0,2023-03-05T15:39:11.618000+00:00
427,2023_1,de_vries,22,99.296,HARD,2,7953,14,54.617,10,0,31.572,43.328,24.396,297.0,2023-03-05T15:39:16.742000+00:00
428,2023_1,zhou,22,99.115,HARD,2,7953,15,55.665,9,0,31.548,43.054,24.513,300.0,2023-03-05T15:39:17.789000+00:00
429,2023_1,hulkenberg,22,99.934,HARD,2,7953,16,58.903,10,0,31.837,43.443,24.654,301.0,2023-03-05T15:39:21.024000+00:00
430,2023_1,kevin_magnussen,22,98.913,HARD,2,7953,17,64.519,6,0,31.554,43.081,24.278,,2023-03-05T15:39:26.602000+00:00
431,2023_1,ocon,22,99.028,HARD,3,7953,18,81.751,6,0,31.568,43.193,24.267,295.0,2023-03-05T15:39:43.836000+00:00
432,2023_1,norris,22,98.908,SOFT,3,7953,19,82.413,7,0,31.306,43.305,24.297,321.0,2023-03-05T15:39:44.476000+00:00
433,2023_1,max_verstappen,23,97.552,SOFT,2,7953,1,0.0,10,0,31.153,42.514,23.885,294.0,2023-03-05T15:39:59.726000+00:00
434,2023_1,leclerc,23,98.054,HARD,2,7953,2,11.264,9,0,31.209,42.95,23.895,306.0,2023-03-05T15:40:11.038000+00:00
435,2023_1,perez,23,97.304,SOFT,2,7953,3,13.339,7,0,31.057,42.415,23.832,295.0,2023-03-05T15:40:13.101000+00:00
436,2023_1,sainz,23,98.597,HARD,2,7953,4,24.713,9,0,31.483,43.147,23.967,,2023-03-05T15:40:24.429000+00:00
437,2023_1,hamilton,23,98.384,HARD,2,7953,5,29.072,10,0,31.164,43.21,24.01,,2023-03-05T15:40:29.132000+00:00
438,2023_1,alonso,23,97.853,HARD,2,7953,6,32.124,8,0,31.14,42.63,24.083,305.0,2023-03-05T15:40:31.944000+00:00
439,2023_1,russell,23,98.773,HARD,2,7953,7,34.687,9,0,31.278,43.405,24.09,308.0,2023-03-05T15:40:34.382000+00:00
440,2023_1,stroll,23,98.295,HARD,2,7953,8,37.054,7,0,31.348,42.818,24.129,302.0,2023-03-05T15:40:36.835000+00:00
441,2023_1,bottas,23,99.311,HARD,2,7953,9,40.742,11,0,31.711,43.197,24.403,293.0,2023-03-05T15:40:40.444000+00:00
442,2023_1,albon,23,99.802,SOFT,2,7953,10,45.764,11,0,31.503,43.786,24.513,312.0,2023-03-05T15:40:45.506000+00:00
443,2023_1,tsunoda,23,99.632,HARD,2,7953,11,47.326,12,0,31.543,43.474,24.615,307.0,2023-03-05T15:40:47.085000+00:00
444,2023_1,gasly,23,99.263,HARD,2,7953,12,49.242,13,0,31.538,43.32,24.405,,2023-03-05T15:40:48.960000+00:00
445,2023_1,sargeant,23,99.692,SOFT,2,7953,13,51.285,10,0,31.63,43.546,24.516,307.0,2023-03-05T15:40:51.006000+00:00
446,2023_1,de_vries,23,99.542,HARD,2,7953,14,56.262,11,0,31.637,43.479,24.426,,2023-03-05T15:40:55.975000+00:00
447,2023_1,zhou,23,99.462,HARD,2,7953,15,57.129,10,0,31.41,43.384,24.668,313.0,2023-03-05T15:40:56.850000+00:00
448,2023_1,hulkenberg,23,99.866,HARD,2,7953,16,61.186,11,0,31.733,43.474,24.659,302.0,2023-03-05T15:41:00.928000+00:00
449,2023_1,kevin_magnussen,23,99.027,HARD,2,7953,17,65.781,7,0,31.612,43.032,24.383,298.0,2023-03-05T15:41:05.537000+00:00
450,2023_1,ocon,23,100.052,HARD,3,7953,18,83.128,7,0,32.119,43.443,24.49,304.0,2023-03-05T15:41:22.881000+00:00
451,2023_1,norris,23,98.291,SOFT,3,7953,19,83.67,8,0,31.283,42.726,24.282,325.0,2023-03-05T15:41:23.350000+00:00
452,2023_1,max_verstappen,24,97.387,SOFT,2,7953,1,0.0,11,0,31.145,42.398,23.844,289.0,2023-03-05T15:41:37.256000+00:00
453,2023_1,leclerc,24,97.972,HARD,2,7953,2,11.766,10,0,31.197,42.742,24.033,304.0,2023-03-05T15:41:49.083000+00:00
454,2023_1,perez,24,97.352,SOFT,2,7953,3,13.091,8,0,31.142,42.243,23.967,294.0,2023-03-05T15:41:50.365000+00:00
455,2023_1,sainz,24,98.314,HARD,2,7953,4,25.758,10,0,31.442,42.878,23.994,,2023-03-05T15:42:03.021000+00:00
456,2023_1,hamilton,24,98.367,HARD,2,7953,5,29.904,11,0,31.202,43.079,24.086,308.0,2023-03-05T15:42:07.177000+00:00
457,2023_1,alonso,24,97.878,HARD,2,7953,6,32.425,9,0,31.237,42.611,24.03,,2023-03-05T15:42:09.708000+00:00
458,2023_1,russell,24,98.643,HARD,2,7953,7,35.908,10,0,31.298,43.348,23.997,306.0,2023-03-05T15:42:13.208000+00:00
459,2023_1,stroll,24,98.478,HARD,2,7953,8,37.797,8,0,31.28,42.995,24.203,305.0,2023-03-05T15:42:15.099000+00:00
460,2023_1,bottas,24,99.427,HARD,2,7953,9,42.501,12,0,31.731,43.277,24.419,294.0,2023-03-05T15:42:19.817000+00:00
461,2023_1,albon,24,99.89,SOFT,2,7953,10,48.014,12,0,31.616,43.801,24.473,311.0,2023-03-05T15:42:25.427000+00:00
462,2023_1,tsunoda,24,100.109,HARD,2,7953,11,49.406,13,0,32.039,43.405,24.665,304.0,2023-03-05T15:42:26.693000+00:00
463,2023_1,gasly,24,99.761,HARD,2,7953,12,50.953,14,0,31.721,43.505,24.535,,2023-03-05T15:42:28.223000+00:00
464,2023_1,sargeant,24,99.872,SOFT,2,7953,13,53.425,11,0,31.583,43.663,24.626,,2023-03-05T15:42:30.723000+00:00
465,2023_1,de_vries,24,99.807,HARD,2,7953,14,58.252,12,0,31.847,43.493,24.467,295.0,2023-03-05T15:42:35.536000+00:00
466,2023_1,zhou,24,99.503,HARD,2,7953,15,59.039,11,0,31.448,43.537,24.518,322.0,2023-03-05T15:42:36.301000+00:00
467,2023_1,hulkenberg,24,99.855,HARD,2,7953,16,63.5,12,0,31.809,43.418,24.628,,2023-03-05T15:42:40.788000+00:00
468,2023_1,kevin_magnussen,24,98.947,HARD,2,7953,17,67.256,8,0,31.57,43.03,24.347,302.0,2023-03-05T15:42:44.629000+00:00
469,2023_1,norris,24,98.696,SOFT,3,7953,18,84.40899999999999,9,0,31.468,42.973,24.255,295.0,2023-03-05T15:43:01.567000+00:00
470,2023_1,ocon,24,99.382,HARD,3,7953,19,85.628,8,0,31.661,43.286,24.435,298.0,2023-03-05T15:43:02.910000+00:00
471,2023_1,max_verstappen,25,97.372,SOFT,2,7953,1,0.0,12,0,,42.344,23.883,292.0,2023-03-05T15:43:14.676000+00:00
472,2023_1,leclerc,25,98.541,HARD,2,7953,2,12.351,11,0,31.344,43.046,24.151,306.0,2023-03-05T15:43:27.019000+00:00
473,2023_1,perez,25,98.418,SOFT,2,7953,3,13.056,9,0,31.176,42.937,24.305,325.0,2023-03-05T15:43:27.691000+00:00
474,2023_1,sainz,25,98.571,HARD,2,7953,4,26.685,11,0,31.282,43.172,24.117,,2023-03-05T15:43:41.363000+00:00
475,2023_1,hamilton,25,98.29,HARD,2,7953,5,30.884,12,0,31.209,42.97,24.111,307.0,2023-03-05T15:43:45.519000+00:00
476,2023_1,alonso,25,98.139,HARD,2,7953,6,32.916,10,0,31.315,42.669,24.155,304.0,2023-03-05T15:43:47.597000+00:00
477,2023_1,russell,25,98.487,HARD,2,7953,7,37.164,11,0,31.311,43.056,24.12,,2023-03-05T15:43:51.816000+00:00
478,2023_1,stroll,25,98.25,HARD,2,7953,8,38.888,9,0,31.174,42.928,24.148,302.0,2023-03-05T15:43:53.534000+00:00
479,2023_1,bottas,25,99.49,HARD,2,7953,9,44.541,13,0,31.785,43.253,24.452,291.0,2023-03-05T15:43:59.190000+00:00
480,2023_1,albon,25,99.832,SOFT,2,7953,10,50.517,13,0,31.547,43.808,24.477,312.0,2023-03-05T15:44:05.222000+00:00
481,2023_1,tsunoda,25,99.746,HARD,2,7953,11,52.128,14,0,31.638,43.565,24.543,305.0,2023-03-05T15:44:06.784000+00:00
482,2023_1,gasly,25,102.288,HARD,2,7953,12,53.327,15,0,31.613,43.531,27.144,303.0,2023-03-05T15:44:07.972000+00:00
483,2023_1,sargeant,25,99.834,SOFT,2,7953,13,55.91,12,0,31.581,43.719,24.534,,2023-03-05T15:44:10.581000+00:00
484,2023_1,de_vries,25,100.96,HARD,2,7953,14,60.672,13,0,32.101,44.14,24.719,296.0,2023-03-05T15:44:15.346000+00:00
485,2023_1,zhou,25,99.066,HARD,2,7953,15,61.155,12,0,31.337,43.38,24.349,326.0,2023-03-05T15:44:15.800000+00:00
486,2023_1,hulkenberg,25,100.295,HARD,2,7953,16,65.968,13,0,31.869,43.869,24.557,303.0,2023-03-05T15:44:20.643000+00:00
487,2023_1,kevin_magnussen,25,99.476,HARD,2,7953,17,68.816,9,0,31.67,43.433,24.373,301.0,2023-03-05T15:44:23.471000+00:00
488,2023_1,norris,25,98.447,SOFT,3,7953,18,85.718,10,0,31.438,42.732,24.277,296.0,2023-03-05T15:44:40.408000+00:00
489,2023_1,ocon,25,99.435,HARD,3,7953,19,87.623,9,0,31.667,43.405,24.363,297.0,2023-03-05T15:44:42.283000+00:00
490,2023_1,max_verstappen,26,97.682,SOFT,2,7953,1,0.0,13,0,31.213,42.533,23.936,283.0,2023-03-05T15:44:52.002000+00:00
491,2023_1,leclerc,26,99.668,HARD,2,7953,2,13.52,12,0,32.247,43.143,24.278,301.0,2023-03-05T15:45:05.564000+00:00
492,2023_1,perez,26,97.454,SOFT,2,7953,3,14.102,10,0,30.903,42.667,23.884,330.0,2023-03-05T15:45:06.113000+00:00
493,2023_1,sainz,26,98.331,HARD,2,7953,4,27.884,12,0,31.316,42.976,24.039,,2023-03-05T15:45:19.939000+00:00
494,2023_1,hamilton,26,98.339,HARD,2,7953,5,31.802,13,0,31.345,42.89,24.104,,2023-03-05T15:45:23.845000+00:00
495,2023_1,alonso,26,98.127,HARD,2,7953,6,33.683,11,0,31.267,42.694,24.166,306.0,2023-03-05T15:45:25.736000+00:00
496,2023_1,russell,26,98.462,HARD,2,7953,7,38.279,12,0,31.334,43.033,24.095,,2023-03-05T15:45:30.283000+00:00
497,2023_1,stroll,26,98.482,HARD,2,7953,8,39.766,10,0,31.203,43.13,24.149,,2023-03-05T15:45:31.814000+00:00
498,2023_1,bottas,26,99.5,HARD,2,7953,9,46.659,14,0,31.813,43.256,24.431,,2023-03-05T15:45:38.673000+00:00
499,2023_1,albon,26,102.61,SOFT,2,7953,10,52.977,14,0,31.597,43.733,27.28,313.0,2023-03-05T15:45:45.048000+00:00
500,2023_1,tsunoda,26,102.227,HARD,2,7953,11,54.502,15,0,31.619,43.452,27.156,304.0,2023-03-05T15:45:46.579000+00:00
501,2023_1,gasly,26,119.404,HARD,3,7953,12,55.66,0,1,53.105,42.4,23.899,215.0,2023-03-05T15:45:50.251000+00:00
502,2023_1,sargeant,26,100.006,SOFT,2,7953,13,58.372,13,0,31.621,43.912,24.473,306.0,2023-03-05T15:45:50.438000+00:00
503,2023_1,zhou,26,99.427,HARD,2,7953,14,62.849000000000004,13,0,31.674,43.349,24.404,301.0,2023-03-05T15:45:54.829000+00:00
504,2023_1,de_vries,26,99.97,HARD,2,7953,15,64.26,14,0,31.698,43.692,24.58,298.0,2023-03-05T15:45:56.313000+00:00
505,2023_1,hulkenberg,26,102.931,HARD,2,7953,16,68.891,14,0,31.744,43.635,27.552,,2023-03-05T15:46:00.923000+00:00
506,2023_1,kevin_magnussen,26,99.601,HARD,2,7953,17,70.92,10,0,31.703,43.414,24.484,,2023-03-05T15:46:02.954000+00:00
507,2023_1,norris,26,98.44,SOFT,3,7953,18,86.793,11,0,31.441,42.713,24.286,300.0,2023-03-05T15:46:18.829000+00:00
508,2023_1,ocon,26,99.521,HARD,3,7953,19,89.686,10,0,31.669,43.437,24.415,295.0,2023-03-05T15:46:21.719000+00:00
509,2023_1,max_verstappen,27,97.379,SOFT,2,7953,1,0.0,14,0,31.079,42.349,23.951,295.0,2023-03-05T15:46:29.703000+00:00
510,2023_1,perez,27,97.387,SOFT,2,7953,2,13.874,11,0,30.97,42.639,23.778,296.0,2023-03-05T15:46:43.484000+00:00
511,2023_1,leclerc,27,98.814,HARD,2,7953,3,15.506,13,0,31.412,43.168,24.234,303.0,2023-03-05T15:46:45.234000+00:00
512,2023_1,sainz,27,98.423,HARD,2,7953,4,28.533,13,0,31.448,42.994,23.981,,2023-03-05T15:46:58.265000+00:00
513,2023_1,hamilton,27,98.369,HARD,2,7953,5,32.459,14,0,31.379,42.864,24.126,,2023-03-05T15:47:02.140000+00:00
514,2023_1,alonso,27,98.612,HARD,2,7953,6,34.128,12,0,31.395,43.114,24.103,,2023-03-05T15:47:03.859000+00:00
515,2023_1,russell,27,98.625,HARD,2,7953,7,39.059,13,0,31.393,43.152,24.08,,2023-03-05T15:47:08.796000+00:00
516,2023_1,stroll,27,99.021,HARD,2,7953,8,40.566,11,0,31.177,43.506,24.338,303.0,2023-03-05T15:47:10.312000+00:00
517,2023_1,bottas,27,99.287,HARD,2,7953,9,48.477,15,0,31.712,43.177,24.398,290.0,2023-03-05T15:47:18.171000+00:00
518,2023_1,albon,27,119.87,HARD,3,7953,10,55.263,0,1,53.056,42.957,23.857,219.0,2023-03-05T15:47:27.562000+00:00
519,2023_1,tsunoda,27,120.3,HARD,3,7953,11,56.582,0,1,52.788,43.364,24.148,219.0,2023-03-05T15:47:28.749000+00:00
520,2023_1,sargeant,27,99.602,SOFT,2,7953,12,60.696,14,0,31.547,43.585,24.47,307.0,2023-03-05T15:47:30.343000+00:00
521,2023_1,zhou,27,99.235,HARD,2,7953,13,64.594,14,0,31.58,43.319,24.336,302.0,2023-03-05T15:47:34.233000+00:00
522,2023_1,de_vries,27,102.309,HARD,2,7953,14,66.548,15,0,31.644,43.489,27.176,296.0,2023-03-05T15:47:36.280000+00:00
523,2023_1,kevin_magnussen,27,99.298,HARD,2,7953,15,72.839,11,0,31.694,43.25,24.354,300.0,2023-03-05T15:47:42.483000+00:00
524,2023_1,hulkenberg,27,132.037,HARD,3,7953,16,71.45400000000001,0,1,65.552,42.412,24.073,208.0,2023-03-05T15:47:43.765000+00:00
525,2023_1,gasly,27,98.729,HARD,3,7953,17,79.965,1,0,31.836,42.851,24.042,297.0,2023-03-05T15:47:49.686000+00:00
526,2023_1,norris,27,100.973,SOFT,3,7953,18,87.551,12,0,31.514,42.723,26.736,298.0,2023-03-05T15:47:57.264000+00:00
527,2023_1,ocon,27,99.594,HARD,3,7953,19,91.525,11,0,31.711,43.443,24.44,298.0,2023-03-05T15:48:01.295000+00:00
528,2023_1,max_verstappen,28,97.651,SOFT,2,7953,1,0.0,15,0,31.112,42.554,23.985,,2023-03-05T15:48:07.077000+00:00
529,2023_1,perez,28,97.211,SOFT,2,7953,2,13.882,12,0,31.052,42.274,23.885,294.0,2023-03-05T15:48:20.936000+00:00
530,2023_1,leclerc,28,98.618,HARD,2,7953,3,16.941,14,0,31.382,43.081,24.155,305.0,2023-03-05T15:48:24.030000+00:00
531,2023_1,sainz,28,98.474,HARD,2,7953,4,29.577,14,0,31.422,42.956,24.096,303.0,2023-03-05T15:48:36.670000+00:00
532,2023_1,hamilton,28,98.265,HARD,2,7953,5,33.449,15,0,31.232,42.845,24.188,306.0,2023-03-05T15:48:40.545000+00:00
533,2023_1,alonso,28,98.199,HARD,2,7953,6,35.361,13,0,31.345,42.758,24.096,302.0,2023-03-05T15:48:42.467000+00:00
534,2023_1,russell,28,98.448,HARD,2,7953,7,40.305,14,0,31.233,43.103,24.112,307.0,2023-03-05T15:48:47.404000+00:00
535,2023_1,stroll,28,98.723,HARD,2,7953,8,42.208,12,0,31.475,43.02,24.228,302.0,2023-03-05T15:48:49.326000+00:00
536,2023_1,bottas,28,99.016,HARD,2,7953,9,50.385,16,0,31.753,42.963,24.3,292.0,2023-03-05T15:48:57.513000+00:00
537,2023_1,sargeant,28,99.62,SOFT,2,7953,10,62.919,15,0,31.548,43.544,24.528,,2023-03-05T15:49:09.904000+00:00
538,2023_1,zhou,28,99.412,HARD,2,7953,11,66.45,15,0,31.717,43.311,24.384,293.0,2023-03-05T15:49:13.450000+00:00
539,2023_1,de_vries,28,120.083,HARD,3,7953,12,68.894,0,1,53.173,42.985,23.925,214.0,2023-03-05T15:49:18.482000+00:00
540,2023_1,kevin_magnussen,28,99.316,HARD,2,7953,13,74.758,12,0,31.703,43.255,24.358,298.0,2023-03-05T15:49:21.825000+00:00
541,2023_1,albon,28,97.503,HARD,3,7953,14,80.396,1,0,30.968,42.567,23.968,312.0,2023-03-05T15:49:27.481000+00:00
542,2023_1,gasly,28,97.761,HARD,3,7953,15,81.315,2,0,31.006,42.656,24.099,317.0,2023-03-05T15:49:28.388000+00:00
543,2023_1,tsunoda,28,97.824,HARD,3,7953,16,81.968,1,0,31.04,42.788,23.996,315.0,2023-03-05T15:49:29.078000+00:00
544,2023_1,norris,28,127.663,MEDIUM,4,7953,17,88.873,0,1,61.171,42.498,23.994,216.0,2023-03-05T15:49:38.091000+00:00
545,2023_1,ocon,28,100.026,HARD,3,7953,18,93.74000000000001,12,0,31.826,43.747,24.453,297.0,2023-03-05T15:49:40.747000+00:00
546,2023_1,max_verstappen,29,97.571,SOFT,2,7953,1,0.0,16,0,31.045,42.533,23.993,296.0,2023-03-05T15:49:44.809000+00:00
547,2023_1,hulkenberg,28,96.981,HARD,3,7953,19,,1,0,30.875,42.048,24.058,299.0,2023-03-05T15:49:55.918000+00:00
548,2023_1,perez,29,97.733,SOFT,2,7953,2,13.442,13,0,31.166,42.675,23.892,295.0,2023-03-05T15:49:58.184000+00:00
549,2023_1,leclerc,29,98.447,HARD,2,7953,3,17.908,15,0,31.394,42.964,24.089,308.0,2023-03-05T15:50:02.637000+00:00
550,2023_1,sainz,29,98.55,HARD,2,7953,4,30.4,15,0,31.436,42.983,24.131,304.0,2023-03-05T15:50:15.168000+00:00
551,2023_1,hamilton,29,98.38,HARD,2,7953,5,34.063,16,0,31.319,42.914,24.147,309.0,2023-03-05T15:50:18.809000+00:00
552,2023_1,alonso,29,98.585,HARD,2,7953,6,35.909,14,0,31.49,42.916,24.179,307.0,2023-03-05T15:50:20.699000+00:00
553,2023_1,russell,29,98.792,HARD,2,7953,7,41.102,15,0,31.476,43.264,24.052,,2023-03-05T15:50:25.840000+00:00
554,2023_1,stroll,29,98.71,HARD,2,7953,8,43.28,13,0,31.461,42.966,24.283,303.0,2023-03-05T15:50:28.027000+00:00
555,2023_1,bottas,29,102.22,HARD,2,7953,9,51.75,17,0,32.154,43.012,27.054,284.0,2023-03-05T15:50:36.558000+00:00
556,2023_1,sargeant,29,99.673,SOFT,2,7953,10,64.888,16,0,31.672,43.498,24.503,305.0,2023-03-05T15:50:49.621000+00:00
557,2023_1,zhou,29,99.361,HARD,2,7953,11,68.211,16,0,31.669,43.346,24.346,295.0,2023-03-05T15:50:52.949000+00:00
558,2023_1,kevin_magnussen,29,101.979,HARD,2,7953,12,76.423,13,0,31.697,43.421,26.861,300.0,2023-03-05T15:51:01.105000+00:00
559,2023_1,albon,29,98.127,HARD,3,7953,13,80.248,2,0,31.1,43.034,23.993,,2023-03-05T15:51:04.902000+00:00
560,2023_1,gasly,29,98.012,HARD,3,7953,14,81.425,3,0,31.178,42.696,24.138,302.0,2023-03-05T15:51:06.089000+00:00
561,2023_1,tsunoda,29,97.779,HARD,3,7953,15,82.14099999999999,2,0,31.071,42.582,24.126,311.0,2023-03-05T15:51:06.823000+00:00
562,2023_1,de_vries,29,98.121,HARD,3,7953,16,93.91,1,0,31.275,42.759,24.087,292.0,2023-03-05T15:51:18.651000+00:00
563,2023_1,ocon,29,101.181,HARD,3,7953,17,96.11500000000001,13,0,31.685,44.908,24.588,293.0,2023-03-05T15:51:20.886000+00:00
564,2023_1,max_verstappen,30,97.549,SOFT,2,7953,1,0.0,17,0,31.185,42.443,23.921,299.0,2023-03-05T15:51:22.401000+00:00
565,2023_1,hulkenberg,29,97.398,HARD,3,7953,18,,2,0,30.954,42.329,24.115,298.0,2023-03-05T15:51:32.885000+00:00
566,2023_1,perez,30,97.4,SOFT,2,7953,2,13.604,14,0,31.031,42.483,23.886,298.0,2023-03-05T15:51:35.932000+00:00
567,2023_1,leclerc,30,98.39,HARD,2,7953,3,18.784,16,0,31.339,42.887,24.164,305.0,2023-03-05T15:51:41.136000+00:00
568,2023_1,norris,29,97.26,MEDIUM,4,7953,19,,1,0,31.144,42.226,23.89,300.0,2023-03-05T15:51:45.916000+00:00
569,2023_1,sainz,30,98.601,HARD,2,7953,4,31.379,16,0,31.445,43.033,24.123,,2023-03-05T15:51:53.682000+00:00
570,2023_1,hamilton,30,101.175,HARD,2,7953,5,34.872,17,0,31.375,42.964,26.836,,2023-03-05T15:51:57.183000+00:00
571,2023_1,alonso,30,98.282,HARD,2,7953,6,36.923,15,0,31.37,42.711,24.201,306.0,2023-03-05T15:51:59.276000+00:00
572,2023_1,russell,30,98.541,HARD,2,7953,7,42.323,16,0,31.301,43.18,24.06,,2023-03-05T15:52:04.697000+00:00
573,2023_1,stroll,30,101.467,HARD,2,7953,8,44.419,14,0,31.512,43.025,26.93,301.0,2023-03-05T15:52:06.744000+00:00
574,2023_1,bottas,30,118.886,HARD,3,7953,9,53.813,0,1,52.999,42.137,23.75,218.0,2023-03-05T15:52:18.713000+00:00
575,2023_1,sargeant,30,102.409,SOFT,2,7953,10,66.99,17,0,31.687,43.426,27.296,307.0,2023-03-05T15:52:29.291000+00:00
576,2023_1,zhou,30,99.382,HARD,2,7953,11,70.001,17,0,31.741,43.19,24.451,298.0,2023-03-05T15:52:32.322000+00:00
577,2023_1,albon,30,97.931,HARD,3,7953,12,80.804,3,0,31.11,42.857,23.964,311.0,2023-03-05T15:52:43.181000+00:00
578,2023_1,kevin_magnussen,30,120.933,SOFT,3,7953,13,78.35900000000001,0,1,52.88,43.703,24.35,221.0,2023-03-05T15:52:43.181000+00:00
579,2023_1,gasly,30,97.76,HARD,3,7953,14,81.866,4,0,30.885,42.716,24.159,319.0,2023-03-05T15:52:44.181000+00:00
580,2023_1,tsunoda,30,98.147,HARD,3,7953,15,82.349,3,0,31.111,42.762,24.274,309.0,2023-03-05T15:52:44.665000+00:00
581,2023_1,de_vries,30,97.709,HARD,3,7953,16,94.46000000000001,2,0,31.186,42.605,23.918,300.0,2023-03-05T15:52:56.759000+00:00
582,2023_1,max_verstappen,31,97.431,SOFT,2,7953,1,0.0,18,0,31.04,42.464,23.927,298.0,2023-03-05T15:52:59.837000+00:00
583,2023_1,ocon,30,99.757,HARD,3,7953,17,,14,0,31.696,43.535,24.526,296.0,2023-03-05T15:53:02.040000+00:00
584,2023_1,hulkenberg,30,97.617,HARD,3,7953,18,,3,0,31.178,42.467,23.972,,2023-03-05T15:53:10.274000+00:00
585,2023_1,perez,31,97.919,SOFT,2,7953,2,13.455,15,0,31.246,42.722,23.951,301.0,2023-03-05T15:53:13.337000+00:00
586,2023_1,leclerc,31,98.746,HARD,2,7953,3,19.625,17,0,31.444,43.121,24.181,,2023-03-05T15:53:19.493000+00:00
587,2023_1,norris,30,97.605,MEDIUM,4,7953,19,,2,0,31.235,42.354,24.016,297.0,2023-03-05T15:53:23.180000+00:00
588,2023_1,sainz,31,101.274,HARD,2,7953,4,32.431,17,0,31.438,43.032,26.804,,2023-03-05T15:53:32.352000+00:00
589,2023_1,alonso,31,98.009,HARD,2,7953,5,37.656,16,0,31.257,42.663,24.089,304.0,2023-03-05T15:53:37.446000+00:00
590,2023_1,hamilton,31,119.503,HARD,3,7953,6,36.012,0,1,52.363,43.477,23.663,219.0,2023-03-05T15:53:38.352000+00:00
591,2023_1,russell,31,101.035,HARD,2,7953,7,43.315,17,0,31.353,43.015,26.667,304.0,2023-03-05T15:53:43.164000+00:00
592,2023_1,stroll,31,117.063,HARD,3,7953,8,45.814,0,1,51.935,41.573,23.555,218.0,2023-03-05T15:53:48.258000+00:00
593,2023_1,sargeant,31,119.303,HARD,3,7953,9,69.126,0,1,53.34,42.124,23.839,221.0,2023-03-05T15:54:11.586000+00:00
594,2023_1,zhou,31,99.67,HARD,2,7953,9,71.834,18,0,31.824,43.5,24.346,295.0,2023-03-05T15:54:11.711000+00:00
595,2023_1,bottas,31,97.379,HARD,3,7953,11,77.736,1,0,31.079,42.337,23.963,294.0,2023-03-05T15:54:17.664000+00:00
596,2023_1,albon,31,98.104,HARD,3,7953,12,81.186,4,0,31.211,42.963,23.93,314.0,2023-03-05T15:54:21.085000+00:00
597,2023_1,gasly,31,97.968,HARD,3,7953,13,82.077,5,0,30.971,42.877,24.12,320.0,2023-03-05T15:54:21.960000+00:00
598,2023_1,tsunoda,31,97.813,HARD,3,7953,14,82.947,4,0,30.795,42.857,24.161,315.0,2023-03-05T15:54:22.726000+00:00
599,2023_1,de_vries,31,97.909,HARD,3,7953,15,94.62,3,0,31.126,42.804,23.979,299.0,2023-03-05T15:54:34.398000+00:00
600,2023_1,max_verstappen,32,97.691,SOFT,2,7953,1,0.0,19,0,31.139,42.523,24.029,300.0,2023-03-05T15:54:37.304000+00:00
601,2023_1,ocon,31,99.748,HARD,3,7953,16,,15,0,31.748,43.573,24.427,,2023-03-05T15:54:41.804000+00:00
602,2023_1,kevin_magnussen,31,98.593,SOFT,3,7953,17,,1,0,31.332,43.288,23.973,297.0,2023-03-05T15:54:44.085000+00:00
603,2023_1,hulkenberg,31,97.891,HARD,3,7953,18,,4,0,31.175,42.637,24.079,299.0,2023-03-05T15:54:47.882000+00:00
604,2023_1,perez,32,97.722,SOFT,2,7953,2,13.943,16,0,31.106,42.637,23.979,295.0,2023-03-05T15:54:51.257000+00:00
605,2023_1,leclerc,32,98.948,HARD,2,7953,3,20.94,18,0,31.506,43.272,24.17,,2023-03-05T15:54:58.272000+00:00
606,2023_1,norris,31,97.768,MEDIUM,4,7953,19,,3,0,31.174,42.459,24.135,,2023-03-05T15:55:00.757000+00:00
607,2023_1,sainz,32,118.492,HARD,3,7953,4,33.719,0,1,51.61,42.949,23.933,219.0,2023-03-05T15:55:13.585000+00:00
608,2023_1,alonso,32,97.871,HARD,2,7953,5,38.234,17,0,31.335,42.558,23.978,303.0,2023-03-05T15:55:15.522000+00:00
609,2023_1,russell,32,118.694,HARD,3,7953,6,44.475,0,1,52.322,42.773,23.599,216.0,2023-03-05T15:55:24.116000+00:00
610,2023_1,hamilton,32,97.563,HARD,3,7953,7,60.57,1,0,30.795,42.982,23.786,304.0,2023-03-05T15:55:38.209000+00:00
611,2023_1,stroll,32,96.546,HARD,3,7953,8,67.969,1,0,30.853,41.993,23.7,303.0,2023-03-05T15:55:45.615000+00:00
612,2023_1,zhou,32,102.096,HARD,2,7953,9,74.07300000000001,19,0,31.82,43.189,27.087,294.0,2023-03-05T15:55:51.365000+00:00
613,2023_1,bottas,32,97.675,HARD,3,7953,10,77.684,2,0,31.059,42.59,24.026,292.0,2023-03-05T15:55:54.974000+00:00
614,2023_1,albon,32,97.919,HARD,3,7953,11,81.85900000000001,5,0,31.133,42.843,23.943,313.0,2023-03-05T15:55:59.131000+00:00
615,2023_1,gasly,32,98.012,HARD,3,7953,12,82.614,6,0,30.969,42.824,24.219,,2023-03-05T15:55:59.865000+00:00
616,2023_1,tsunoda,32,98.017,HARD,3,7953,13,83.32900000000001,5,0,30.916,42.886,24.215,318.0,2023-03-05T15:56:00.537000+00:00
617,2023_1,sargeant,32,97.613,HARD,3,7953,14,93.72200000000001,1,0,30.975,42.694,23.944,305.0,2023-03-05T15:56:11.037000+00:00
618,2023_1,de_vries,32,97.902,HARD,3,7953,15,95.098,4,0,31.118,42.773,24.011,298.0,2023-03-05T15:56:12.505000+00:00
619,2023_1,max_verstappen,33,97.686,SOFT,2,7953,1,0.0,20,0,31.112,42.505,24.069,301.0,2023-03-05T15:56:14.974000+00:00
620,2023_1,ocon,32,104.296,HARD,3,7953,16,,16,0,31.727,43.947,28.622,292.0,2023-03-05T15:56:21.568000+00:00
621,2023_1,kevin_magnussen,32,97.644,SOFT,3,7953,17,,2,0,30.962,42.718,23.964,300.0,2023-03-05T15:56:22.677000+00:00
622,2023_1,hulkenberg,32,97.806,HARD,3,7953,18,,5,0,31.11,42.524,24.172,,2023-03-05T15:56:25.818000+00:00
623,2023_1,perez,33,97.869,SOFT,2,7953,2,13.974,17,0,31.229,42.546,24.094,302.0,2023-03-05T15:56:28.958000+00:00
624,2023_1,leclerc,33,101.323,HARD,2,7953,3,22.197,19,0,31.464,43.248,26.611,306.0,2023-03-05T15:56:37.210000+00:00
625,2023_1,norris,32,98.111,MEDIUM,4,7953,19,,4,0,31.113,42.775,24.223,303.0,2023-03-05T15:56:38.552000+00:00
626,2023_1,alonso,33,97.769,HARD,2,7953,4,38.414,18,0,31.266,42.549,23.954,,2023-03-05T15:56:53.333000+00:00
627,2023_1,sainz,33,97.548,HARD,3,7953,5,57.075,1,0,31.27,42.65,23.628,293.0,2023-03-05T15:57:12.129000+00:00
628,2023_1,hamilton,33,97.549,HARD,3,7953,6,60.442,2,0,30.882,42.999,23.668,306.0,2023-03-05T15:57:15.457000+00:00
629,2023_1,stroll,33,97.21,HARD,3,7953,7,66.824,2,0,31.057,42.487,23.666,301.0,2023-03-05T15:57:21.785000+00:00
630,2023_1,russell,33,97.221,HARD,3,7953,8,67.922,1,0,30.915,42.756,23.55,293.0,2023-03-05T15:57:22.895000+00:00
631,2023_1,bottas,33,97.775,HARD,3,7953,9,77.668,3,0,31.243,42.542,23.99,289.0,2023-03-05T15:57:32.551000+00:00
632,2023_1,zhou,33,119.659,SOFT,3,7953,10,75.849,3,1,53.038,42.807,23.814,216.0,2023-03-05T15:57:33.426000+00:00
633,2023_1,albon,33,98.104,HARD,3,7953,11,82.087,6,0,31.165,42.921,24.018,,2023-03-05T15:57:37.066000+00:00
634,2023_1,gasly,33,97.974,HARD,3,7953,12,82.935,7,0,30.942,42.828,24.204,,2023-03-05T15:57:37.957000+00:00
635,2023_1,tsunoda,33,98.094,HARD,3,7953,13,83.655,6,0,30.843,42.923,24.328,,2023-03-05T15:57:38.660000+00:00
636,2023_1,sargeant,33,97.862,HARD,3,7953,14,93.644,2,0,31.078,42.708,24.076,296.0,2023-03-05T15:57:48.629000+00:00
637,2023_1,de_vries,33,97.933,HARD,3,7953,15,95.309,5,0,31.115,42.729,24.089,300.0,2023-03-05T15:57:50.300000+00:00
638,2023_1,max_verstappen,34,97.839,SOFT,2,7953,1,0.0,21,0,31.129,42.615,24.095,299.0,2023-03-05T15:57:52.707000+00:00
639,2023_1,kevin_magnussen,33,97.097,SOFT,3,7953,16,,3,0,31.049,42.112,23.936,297.0,2023-03-05T15:58:00.363000+00:00
640,2023_1,hulkenberg,33,97.761,HARD,3,7953,17,,6,0,31.187,42.427,24.147,300.0,2023-03-05T15:58:03.519000+00:00
641,2023_1,ocon,33,138.694,HARD,4,7953,18,,0,1,72.748,42.304,23.642,215.0,2023-03-05T15:58:05.847000+00:00
642,2023_1,perez,34,100.686,SOFT,2,7953,2,14.157,18,0,31.289,42.624,26.773,298.0,2023-03-05T15:58:06.831000+00:00
643,2023_1,norris,33,97.52,MEDIUM,4,7953,19,,5,0,30.999,42.476,24.045,312.0,2023-03-05T15:58:16.691000+00:00
644,2023_1,leclerc,34,119.477,HARD,3,7953,3,23.474,0,1,52.321,43.143,24.013,222.0,2023-03-05T15:58:18.472000+00:00
645,2023_1,alonso,34,100.353,HARD,2,7953,4,38.497,19,0,31.259,42.545,26.549,,2023-03-05T15:58:31.159000+00:00
646,2023_1,sainz,34,97.475,HARD,3,7953,5,56.937,2,0,31.149,42.615,23.711,294.0,2023-03-05T15:58:49.643000+00:00
647,2023_1,hamilton,34,98.135,HARD,3,7953,6,60.305,3,0,30.81,43.571,23.754,305.0,2023-03-05T15:58:52.987000+00:00
648,2023_1,stroll,34,97.168,HARD,3,7953,7,66.348,3,0,30.988,42.474,23.706,300.0,2023-03-05T15:58:59.049000+00:00
649,2023_1,russell,34,97.311,HARD,3,7953,8,67.457,2,0,30.975,42.685,23.651,300.0,2023-03-05T15:59:00.159000+00:00
650,2023_1,bottas,34,97.774,HARD,3,7953,9,77.757,4,0,31.317,42.525,23.932,288.0,2023-03-05T15:59:10.424000+00:00
651,2023_1,albon,34,97.961,HARD,3,7953,10,82.505,7,0,31.19,42.832,23.939,,2023-03-05T15:59:15.111000+00:00
652,2023_1,gasly,34,98.022,HARD,3,7953,11,83.223,8,0,30.947,42.874,24.201,321.0,2023-03-05T15:59:15.830000+00:00
653,2023_1,tsunoda,34,98.13,HARD,3,7953,12,84.063,7,0,30.924,42.881,24.325,319.0,2023-03-05T15:59:16.658000+00:00
654,2023_1,sargeant,34,97.902,HARD,3,7953,13,93.82,3,0,31.157,42.798,23.947,307.0,2023-03-05T15:59:26.408000+00:00
655,2023_1,de_vries,34,98.266,HARD,3,7953,14,95.556,6,0,31.226,42.896,24.144,295.0,2023-03-05T15:59:28.142000+00:00
656,2023_1,max_verstappen,35,97.85,SOFT,2,7953,1,0.0,22,0,31.211,42.5,24.139,303.0,2023-03-05T15:59:30.533000+00:00
657,2023_1,zhou,34,97.037,SOFT,3,7953,15,,4,0,30.938,42.291,23.808,298.0,2023-03-05T15:59:33.142000+00:00
658,2023_1,kevin_magnussen,34,97.528,SOFT,3,7953,16,,4,0,31.133,42.454,23.941,298.0,2023-03-05T15:59:37.424000+00:00
659,2023_1,hulkenberg,34,97.895,HARD,3,7953,17,,7,0,31.192,42.592,24.111,304.0,2023-03-05T15:59:41.408000+00:00
660,2023_1,perez,35,118.785,HARD,3,7953,2,14.522,0,1,52.704,42.423,23.658,218.0,2023-03-05T15:59:47.564000+00:00
661,2023_1,norris,34,97.987,MEDIUM,4,7953,18,,6,0,31.333,42.606,24.048,294.0,2023-03-05T15:59:54.080000+00:00
662,2023_1,alonso,35,117.389,HARD,3,7953,3,38.556,0,1,52.333,41.52,23.536,217.0,2023-03-05T16:00:11.501000+00:00
663,2023_1,leclerc,35,98.073,HARD,3,7953,4,47.472,1,0,31.528,42.729,23.816,298.0,2023-03-05T16:00:18.001000+00:00
664,2023_1,ocon,34,96.797,HARD,4,7953,19,,1,0,30.92,42.107,23.77,296.0,2023-03-05T16:00:24.595000+00:00
665,2023_1,sainz,35,97.441,HARD,3,7953,5,56.573,3,0,31.161,42.601,23.679,301.0,2023-03-05T16:00:27.110000+00:00
666,2023_1,hamilton,35,96.831,HARD,3,7953,6,60.601,4,0,30.798,42.403,23.63,308.0,2023-03-05T16:00:31.110000+00:00
667,2023_1,stroll,35,97.521,HARD,3,7953,7,65.67699999999999,4,0,31.167,42.568,23.786,297.0,2023-03-05T16:00:36.172000+00:00
668,2023_1,russell,35,97.592,HARD,3,7953,8,66.929,3,0,30.949,42.96,23.683,308.0,2023-03-05T16:00:37.454000+00:00
669,2023_1,bottas,35,97.817,HARD,3,7953,9,77.69200000000001,5,0,31.277,42.617,23.923,289.0,2023-03-05T16:00:48.188000+00:00
670,2023_1,albon,35,97.984,HARD,3,7953,10,82.627,8,0,31.113,42.921,23.95,,2023-03-05T16:00:53.188000+00:00
671,2023_1,gasly,35,98.088,HARD,3,7953,11,83.406,9,0,31.01,42.851,24.227,320.0,2023-03-05T16:00:53.922000+00:00
672,2023_1,tsunoda,35,98.163,HARD,3,7953,12,84.354,8,0,31.053,42.779,24.331,321.0,2023-03-05T16:00:54.860000+00:00
673,2023_1,sargeant,35,98.029,HARD,3,7953,13,93.88300000000001,4,0,31.176,42.79,24.063,308.0,2023-03-05T16:01:04.406000+00:00
674,2023_1,de_vries,35,98.123,HARD,3,7953,14,95.983,7,0,31.249,42.716,24.158,296.0,2023-03-05T16:01:06.469000+00:00
675,2023_1,max_verstappen,36,100.964,SOFT,2,7953,1,0.0,23,0,31.35,42.582,27.032,299.0,2023-03-05T16:01:08.469000+00:00
676,2023_1,zhou,35,97.55,SOFT,3,7953,15,,5,0,31.122,42.475,23.953,299.0,2023-03-05T16:01:10.172000+00:00
677,2023_1,kevin_magnussen,35,97.46,SOFT,3,7953,16,,5,0,31.158,42.391,23.911,301.0,2023-03-05T16:01:14.969000+00:00
678,2023_1,hulkenberg,35,98.093,HARD,3,7953,17,,8,0,31.363,42.614,24.116,299.0,2023-03-05T16:01:19.234000+00:00
679,2023_1,norris,35,97.87,MEDIUM,4,7953,18,,7,0,31.336,42.535,23.999,300.0,2023-03-05T16:01:32.203000+00:00
680,2023_1,perez,36,96.82,HARD,3,7953,2,37.939,1,0,30.908,42.254,23.658,291.0,2023-03-05T16:01:46.327000+00:00
681,2023_1,leclerc,36,97.313,HARD,3,7953,3,47.695,2,0,31.07,42.615,23.628,303.0,2023-03-05T16:01:56.030000+00:00
682,2023_1,ocon,35,96.964,HARD,4,7953,19,,2,0,31.041,42.199,23.724,297.0,2023-03-05T16:02:01.358000+00:00
683,2023_1,sainz,36,97.706,HARD,3,7953,4,56.164,4,0,31.197,42.728,23.781,304.0,2023-03-05T16:02:04.499000+00:00
684,2023_1,hamilton,36,96.546,HARD,3,7953,5,59.582,5,0,30.869,42.013,23.664,,2023-03-05T16:02:07.874000+00:00
685,2023_1,alonso,36,96.156,HARD,3,7953,6,60.55,1,0,30.895,41.462,23.799,296.0,2023-03-05T16:02:08.905000+00:00
686,2023_1,stroll,36,97.72,HARD,3,7953,7,65.348,5,0,31.025,42.848,23.847,301.0,2023-03-05T16:02:13.749000+00:00
687,2023_1,russell,36,97.607,HARD,3,7953,8,66.671,4,0,30.979,42.831,23.797,310.0,2023-03-05T16:02:15.046000+00:00
688,2023_1,bottas,36,97.827,HARD,3,7953,9,77.65899999999999,6,0,31.342,42.528,23.957,290.0,2023-03-05T16:02:26.014000+00:00
689,2023_1,albon,36,98.176,HARD,3,7953,10,82.761,9,0,31.233,42.956,23.987,,2023-03-05T16:02:31.124000+00:00
690,2023_1,gasly,36,98.184,HARD,3,7953,11,83.644,10,0,31.045,42.821,24.318,318.0,2023-03-05T16:02:31.999000+00:00
691,2023_1,tsunoda,36,98.059,HARD,3,7953,12,84.667,9,0,30.891,42.924,24.244,322.0,2023-03-05T16:02:33.030000+00:00
692,2023_1,sargeant,36,97.717,HARD,3,7953,13,94.062,5,0,31.091,42.688,23.938,307.0,2023-03-05T16:02:42.436000+00:00
693,2023_1,de_vries,36,98.206,HARD,3,7953,14,96.256,8,0,31.265,42.791,24.15,,2023-03-05T16:02:44.623000+00:00
694,2023_1,zhou,36,97.957,SOFT,3,7953,15,99.34899999999999,6,0,31.13,42.836,23.991,298.0,2023-03-05T16:02:47.719000+00:00
695,2023_1,max_verstappen,37,118.49,HARD,3,7953,1,0.0,0,1,52.755,42.071,23.664,215.0,2023-03-05T16:02:49.389000+00:00
696,2023_1,kevin_magnussen,36,97.754,SOFT,3,7953,16,,6,0,31.223,42.466,24.065,299.0,2023-03-05T16:02:52.420000+00:00
697,2023_1,hulkenberg,36,98.245,HARD,3,7953,17,,9,0,31.451,42.707,24.087,298.0,2023-03-05T16:02:57.326000+00:00
698,2023_1,norris,36,99.886,MEDIUM,4,7953,18,,8,0,32.216,43.423,24.247,,2023-03-05T16:03:10.045000+00:00
699,2023_1,perez,37,96.344,HARD,3,7953,2,33.795,2,0,30.919,41.914,23.511,293.0,2023-03-05T16:03:23.123000+00:00
700,2023_1,leclerc,37,97.17,HARD,3,7953,3,44.044,3,0,,42.385,23.715,305.0,2023-03-05T16:03:33.357000+00:00
701,2023_1,ocon,36,97.364,HARD,4,7953,19,,3,0,31.036,42.488,23.84,299.0,2023-03-05T16:03:38.341000+00:00
702,2023_1,sainz,37,97.13,HARD,3,7953,4,52.906,5,0,31.018,42.443,23.669,,2023-03-05T16:03:42.263000+00:00
703,2023_1,hamilton,37,97.388,HARD,3,7953,5,55.164,6,0,31.413,42.243,23.732,310.0,2023-03-05T16:03:44.482000+00:00
704,2023_1,alonso,37,97.431,HARD,3,7953,6,55.742,2,0,31.186,42.184,24.061,328.0,2023-03-05T16:03:45.107000+00:00
705,2023_1,stroll,37,97.68,HARD,3,7953,7,62.104,6,0,31.117,42.684,23.879,291.0,2023-03-05T16:03:51.435000+00:00
706,2023_1,russell,37,97.822,HARD,3,7953,8,63.314,5,0,31.049,43.002,23.771,301.0,2023-03-05T16:03:52.638000+00:00
707,2023_1,bottas,37,97.774,HARD,3,7953,9,74.522,7,0,31.238,42.584,23.952,287.0,2023-03-05T16:04:03.856000+00:00
708,2023_1,albon,37,98.038,HARD,3,7953,10,79.973,10,0,31.265,42.801,23.972,312.0,2023-03-05T16:04:09.403000+00:00
709,2023_1,gasly,37,98.133,HARD,3,7953,11,80.864,11,0,31.117,42.864,24.152,,2023-03-05T16:04:10.200000+00:00
710,2023_1,tsunoda,37,98.075,HARD,3,7953,12,81.762,10,0,31.004,42.708,24.363,319.0,2023-03-05T16:04:11.106000+00:00
711,2023_1,sargeant,37,97.831,HARD,3,7953,13,90.815,6,0,31.087,42.803,23.941,,2023-03-05T16:04:20.184000+00:00
712,2023_1,de_vries,37,98.423,HARD,3,7953,14,93.49799999999999,9,0,31.401,42.905,24.117,299.0,2023-03-05T16:04:22.903000+00:00
713,2023_1,zhou,37,98.003,SOFT,3,7953,15,96.342,7,0,31.256,42.848,23.899,297.0,2023-03-05T16:04:25.685000+00:00
714,2023_1,kevin_magnussen,37,97.998,SOFT,3,7953,16,100.83,7,0,31.244,42.71,24.044,,2023-03-05T16:04:30.168000+00:00
715,2023_1,hulkenberg,37,98.108,HARD,3,7953,17,106.253,10,0,31.452,42.558,24.098,296.0,2023-03-05T16:04:35.606000+00:00
716,2023_1,max_verstappen,38,96.297,HARD,3,7953,1,0.0,1,0,31.034,41.772,23.491,288.0,2023-03-05T16:04:47.855000+00:00
717,2023_1,norris,37,100.197,MEDIUM,4,7953,18,,9,0,31.376,42.461,26.36,301.0,2023-03-05T16:04:49.887000+00:00
718,2023_1,perez,38,96.431,HARD,3,7953,2,11.649,3,0,30.847,42.011,23.573,294.0,2023-03-05T16:04:59.496000+00:00
719,2023_1,leclerc,38,97.17,HARD,3,7953,3,22.724,4,0,31.091,42.444,23.635,300.0,2023-03-05T16:05:10.558000+00:00
720,2023_1,ocon,37,97.338,HARD,4,7953,19,,4,0,31.098,42.381,23.859,291.0,2023-03-05T16:05:15.683000+00:00
721,2023_1,sainz,38,97.444,HARD,3,7953,4,31.546,6,0,31.096,42.608,23.74,305.0,2023-03-05T16:05:19.386000+00:00
722,2023_1,hamilton,38,98.304,HARD,3,7953,5,34.062,7,0,31.05,43.267,23.987,309.0,2023-03-05T16:05:21.886000+00:00
723,2023_1,alonso,38,97.002,HARD,3,7953,6,34.683,3,0,30.763,42.308,23.931,,2023-03-05T16:05:22.542000+00:00
724,2023_1,stroll,38,97.274,HARD,3,7953,7,41.294,7,0,31.062,42.463,23.749,299.0,2023-03-05T16:05:29.120000+00:00
725,2023_1,russell,38,97.66,HARD,3,7953,8,42.646,6,0,30.994,42.854,23.812,306.0,2023-03-05T16:05:30.448000+00:00
726,2023_1,bottas,38,97.658,HARD,3,7953,9,53.806,8,0,31.311,42.406,23.941,288.0,2023-03-05T16:05:41.589000+00:00
727,2023_1,albon,38,98.33,HARD,3,7953,10,59.521,11,0,31.372,42.907,24.051,313.0,2023-03-05T16:05:47.667000+00:00
728,2023_1,gasly,38,98.108,HARD,3,7953,11,60.507,12,0,31.025,42.822,24.261,317.0,2023-03-05T16:05:48.323000+00:00
729,2023_1,tsunoda,38,98.084,HARD,3,7953,12,61.347,11,0,30.904,42.811,24.369,321.0,2023-03-05T16:05:49.182000+00:00
730,2023_1,sargeant,38,98.015,HARD,3,7953,13,70.156,7,0,31.136,42.813,24.066,308.0,2023-03-05T16:05:57.995000+00:00
731,2023_1,de_vries,38,98.379,HARD,3,7953,14,73.431,10,0,31.355,42.877,24.147,,2023-03-05T16:06:01.229000+00:00
732,2023_1,zhou,38,98.422,SOFT,3,7953,15,75.855,8,0,31.438,42.996,23.988,,2023-03-05T16:06:03.667000+00:00
733,2023_1,kevin_magnussen,38,98.303,SOFT,3,7953,16,80.338,8,0,31.297,42.864,24.142,298.0,2023-03-05T16:06:08.151000+00:00
734,2023_1,hulkenberg,38,98.191,HARD,3,7953,17,85.871,11,0,31.377,42.608,24.206,,2023-03-05T16:06:13.698000+00:00
735,2023_1,max_verstappen,39,96.446,HARD,3,7953,1,0.0,2,0,30.818,42.125,23.503,,2023-03-05T16:06:24.135000+00:00
736,2023_1,norris,38,128.682,HARD,5,7953,18,,0,1,62.477,42.444,23.761,182.0,2023-03-05T16:06:30.072000+00:00
737,2023_1,perez,39,96.429,HARD,3,7953,2,11.783,4,0,30.833,42.027,23.569,297.0,2023-03-05T16:06:35.885000+00:00
738,2023_1,leclerc,39,97.287,HARD,3,7953,3,23.597,5,0,31.103,42.564,23.62,304.0,2023-03-05T16:06:47.728000+00:00
739,2023_1,ocon,38,97.216,HARD,4,7953,19,,5,0,31.045,42.382,23.789,297.0,2023-03-05T16:06:53.056000+00:00
740,2023_1,sainz,39,97.403,HARD,3,7953,4,32.693,7,0,31.044,42.593,23.766,,2023-03-05T16:06:56.806000+00:00
741,2023_1,alonso,39,97.243,HARD,3,7953,5,35.388,4,0,31.244,42.303,23.696,304.0,2023-03-05T16:06:59.447000+00:00
742,2023_1,hamilton,39,97.478,HARD,3,7953,6,36.069,8,0,30.837,42.719,23.922,330.0,2023-03-05T16:07:00.166000+00:00
743,2023_1,stroll,39,97.456,HARD,3,7953,7,42.271,8,0,31.045,42.644,23.767,301.0,2023-03-05T16:07:06.384000+00:00
744,2023_1,russell,39,97.495,HARD,3,7953,8,44.009,7,0,30.971,42.712,23.812,305.0,2023-03-05T16:07:08.181000+00:00
745,2023_1,bottas,39,97.784,HARD,3,7953,9,55.167,9,0,31.376,42.467,23.941,,2023-03-05T16:07:19.275000+00:00
746,2023_1,albon,39,98.346,HARD,3,7953,10,61.554,12,0,31.401,42.884,24.061,312.0,2023-03-05T16:07:25.696000+00:00
747,2023_1,gasly,39,98.537,HARD,3,7953,11,62.318,13,0,31.183,43.08,24.274,319.0,2023-03-05T16:07:26.431000+00:00
748,2023_1,tsunoda,39,98.419,HARD,3,7953,12,63.134,12,0,31.108,42.882,24.429,322.0,2023-03-05T16:07:27.274000+00:00
749,2023_1,sargeant,39,97.971,HARD,3,7953,13,71.874,8,0,31.148,42.76,24.063,,2023-03-05T16:07:35.977000+00:00
750,2023_1,de_vries,39,98.535,HARD,3,7953,14,75.513,11,0,31.31,42.977,24.248,297.0,2023-03-05T16:07:39.649000+00:00
751,2023_1,zhou,39,98.368,SOFT,3,7953,15,77.98,9,0,31.471,42.79,24.107,296.0,2023-03-05T16:07:42.071000+00:00
752,2023_1,kevin_magnussen,39,98.587,SOFT,3,7953,16,82.344,9,0,31.279,42.922,24.386,299.0,2023-03-05T16:07:46.462000+00:00
753,2023_1,hulkenberg,39,98.184,HARD,3,7953,17,87.765,12,0,31.355,42.622,24.207,294.0,2023-03-05T16:07:51.883000+00:00
754,2023_1,max_verstappen,40,96.942,HARD,3,7953,1,0.0,3,0,31.175,42.247,23.52,286.0,2023-03-05T16:08:00.555000+00:00
755,2023_1,perez,40,97.114,HARD,3,7953,2,11.766,5,0,30.926,42.564,23.624,294.0,2023-03-05T16:08:12.352000+00:00
756,2023_1,leclerc,40,,,,7953,3,24.438,,0,31.015,42.88,,305.0,2023-03-05T16:08:25.023000+00:00
757,2023_1,ocon,39,97.523,HARD,4,7953,18,,6,0,31.243,42.389,23.891,294.0,2023-03-05T16:08:30.148000+00:00
758,2023_1,sainz,40,97.587,HARD,3,7953,4,33.65,8,0,31.207,42.653,23.727,304.0,2023-03-05T16:08:34.227000+00:00
759,2023_1,alonso,40,97.208,HARD,3,7953,5,36.185,5,0,31.221,42.306,23.681,,2023-03-05T16:08:36.773000+00:00
760,2023_1,hamilton,40,97.494,HARD,3,7953,6,37.101,9,0,30.768,42.806,23.92,325.0,2023-03-05T16:08:37.633000+00:00
761,2023_1,norris,39,98.347,HARD,5,7953,19,,1,0,30.941,43.025,24.381,299.0,2023-03-05T16:08:38.804000+00:00
762,2023_1,stroll,40,97.916,HARD,3,7953,7,43.281,9,0,31.01,42.646,24.26,,2023-03-05T16:08:43.867000+00:00
763,2023_1,russell,40,98.085,HARD,3,7953,8,45.058,8,0,31.006,42.651,24.428,310.0,2023-03-05T16:08:45.632000+00:00
764,2023_1,bottas,40,110.376,HARD,3,7953,9,56.505,10,0,31.335,42.515,36.526,290.0,2023-03-05T16:08:57.070000+00:00
765,2023_1,albon,40,110.177,HARD,3,7953,10,63.454,13,0,31.353,42.999,35.825,,2023-03-05T16:09:04.023000+00:00
766,2023_1,gasly,40,109.707,HARD,3,7953,11,64.409,14,0,31.156,42.984,35.567,318.0,2023-03-05T16:09:05.366000+00:00
767,2023_1,tsunoda,40,110.35,HARD,3,7953,12,65.107,13,0,31.083,42.908,36.359,,2023-03-05T16:09:05.663000+00:00
768,2023_1,sargeant,40,113.753,HARD,3,7953,13,73.399,9,0,31.202,48.556,33.995,,2023-03-05T16:09:14.023000+00:00
769,2023_1,de_vries,40,113.544,HARD,3,7953,14,77.602,12,0,31.346,53.363,28.835,,2023-03-05T16:09:18.194000+00:00
770,2023_1,zhou,40,113.456,SOFT,3,7953,15,79.902,10,0,31.573,52.102,29.781,295.0,2023-03-05T16:09:20.491000+00:00
771,2023_1,kevin_magnussen,40,117.797,SOFT,3,7953,16,84.485,10,0,31.406,51.042,35.349,,2023-03-05T16:09:25.069000+00:00
772,2023_1,hulkenberg,40,118.689,HARD,3,7953,17,89.503,13,0,31.463,52.06,35.166,298.0,2023-03-05T16:09:30.054000+00:00
773,2023_1,max_verstappen,41,120.495,HARD,3,7953,1,0.0,4,0,31.381,55.533,33.581,,2023-03-05T16:09:37.506000+00:00
774,2023_1,perez,41,123.522,HARD,3,7953,2,11.938,6,0,30.922,59.493,33.107,295.0,2023-03-05T16:09:49.428000+00:00
775,2023_1,ocon,40,128.023,HARD,4,7953,18,,7,0,40.89,57.691,29.442,290.0,2023-03-05T16:10:07.772000+00:00
776,2023_1,sainz,41,126.436,HARD,3,7953,3,34.295,9,0,39.595,57.789,29.052,303.0,2023-03-05T16:10:11.803000+00:00
777,2023_1,alonso,41,126.713,HARD,3,7953,4,36.451,6,0,39.952,58.704,28.057,,2023-03-05T16:10:13.865000+00:00
778,2023_1,hamilton,41,126.491,HARD,3,7953,5,37.653,10,0,40.61,57.504,28.377,324.0,2023-03-05T16:10:15.084000+00:00
779,2023_1,norris,40,127.97,HARD,5,7953,19,,2,0,42.446,57.862,27.662,217.0,2023-03-05T16:10:17.131000+00:00
780,2023_1,stroll,41,126.809,HARD,3,7953,6,44.255,10,0,43.661,58.17,24.978,222.0,2023-03-05T16:10:21.724000+00:00
781,2023_1,russell,41,126.293,HARD,3,7953,7,46.201,9,0,46.011,56.1,24.182,246.0,2023-03-05T16:10:23.568000+00:00
782,2023_1,bottas,41,115.281,HARD,3,7953,8,69.939,11,0,37.625,53.676,23.98,263.0,2023-03-05T16:10:47.349000+00:00
783,2023_1,albon,41,128.659,SOFT,4,7953,9,74.004,0,1,59.22,45.873,23.566,217.0,2023-03-05T16:10:54.177000+00:00
784,2023_1,gasly,41,128.544,SOFT,4,7953,10,74.393,0,1,60.744,44.327,23.473,208.0,2023-03-05T16:10:54.536000+00:00
785,2023_1,tsunoda,41,130.782,SOFT,4,7953,11,76.087,3,1,63.303,43.564,23.915,223.0,2023-03-05T16:10:55.896000+00:00
786,2023_1,sargeant,41,125.614,SOFT,4,7953,12,87.438,0,1,59.069,42.812,23.733,220.0,2023-03-05T16:11:07.567000+00:00
787,2023_1,de_vries,41,114.359,HARD,3,7953,13,94.20400000000001,13,0,44.502,45.772,24.085,187.0,2023-03-05T16:11:11.645000+00:00
788,2023_1,zhou,41,112.5,SOFT,3,7953,14,96.416,11,0,44.129,44.401,23.97,188.0,2023-03-05T16:11:13.849000+00:00
789,2023_1,kevin_magnussen,41,122.547,SOFT,4,7953,15,102.497,0,1,56.351,42.391,23.805,222.0,2023-03-05T16:11:22.723000+00:00
790,2023_1,hulkenberg,41,125.275,SOFT,4,7953,16,108.54599999999999,3,1,56.839,44.428,24.008,211.0,2023-03-05T16:11:28.630000+00:00
791,2023_1,max_verstappen,42,104.824,HARD,3,7953,1,0.0,5,0,38.946,42.174,23.704,236.0,2023-03-05T16:11:37.989000+00:00
792,2023_1,perez,42,99.657,HARD,3,7953,2,14.965,7,0,34.119,42.002,23.536,265.0,2023-03-05T16:11:52.973000+00:00
793,2023_1,ocon,41,102.684,HARD,4,7953,17,,8,0,31.234,42.177,29.273,293.0,2023-03-05T16:12:15.707000+00:00
794,2023_1,sainz,42,97.375,HARD,3,7953,3,40.236,10,0,31.107,42.449,23.819,,2023-03-05T16:12:18.238000+00:00
795,2023_1,alonso,42,96.334,HARD,3,7953,4,42.669,7,0,30.908,41.746,23.68,,2023-03-05T16:12:20.660000+00:00
796,2023_1,hamilton,42,97.061,HARD,3,7953,5,43.649,11,0,30.924,42.354,23.783,311.0,2023-03-05T16:12:21.613000+00:00
797,2023_1,norris,41,96.705,HARD,5,7953,18,,3,0,31.101,41.67,23.934,301.0,2023-03-05T16:12:25.082000+00:00
798,2023_1,stroll,42,97.298,HARD,3,7953,6,50.569,11,0,31.035,42.477,23.786,303.0,2023-03-05T16:12:28.582000+00:00
799,2023_1,russell,42,97.035,HARD,3,7953,7,51.999,10,0,30.782,42.391,23.862,310.0,2023-03-05T16:12:29.988000+00:00
800,2023_1,bottas,42,97.736,HARD,3,7953,8,64.725,12,0,31.22,42.609,23.907,293.0,2023-03-05T16:12:42.691000+00:00
801,2023_1,albon,42,97.211,SOFT,4,7953,9,84.85300000000001,1,0,31.062,42.485,23.664,309.0,2023-03-05T16:13:02.878000+00:00
802,2023_1,gasly,42,95.068,SOFT,4,7953,10,85.223,1,0,30.069,41.393,23.606,327.0,2023-03-05T16:13:03.237000+00:00
803,2023_1,de_vries,42,99.873,HARD,3,7953,11,88.068,14,0,32.199,43.466,24.208,304.0,2023-03-05T16:13:06.065000+00:00
804,2023_1,zhou,42,99.904,SOFT,3,7953,12,88.42099999999999,12,0,31.967,43.74,24.197,311.0,2023-03-05T16:13:06.315000+00:00
805,2023_1,tsunoda,42,96.637,SOFT,4,7953,13,88.80199999999999,4,0,30.997,41.735,23.905,318.0,2023-03-05T16:13:06.784000+00:00
806,2023_1,sargeant,42,96.037,SOFT,4,7953,14,95.32900000000001,1,0,30.492,41.875,23.67,309.0,2023-03-05T16:13:13.346000+00:00
807,2023_1,max_verstappen,43,96.89,HARD,3,7953,1,0.0,6,0,31.13,42.295,23.465,290.0,2023-03-05T16:13:23.237000+00:00
808,2023_1,kevin_magnussen,42,96.471,SOFT,4,7953,15,,1,0,30.737,42.113,23.621,300.0,2023-03-05T16:13:25.409000+00:00
809,2023_1,perez,43,96.554,HARD,3,7953,2,9.798,8,0,30.774,42.092,23.688,302.0,2023-03-05T16:13:32.627000+00:00
810,2023_1,hulkenberg,42,96.616,SOFT,4,7953,16,,4,0,30.788,42.011,23.817,302.0,2023-03-05T16:13:34.049000+00:00
811,2023_1,sainz,43,97.294,HARD,3,7953,3,32.787,11,0,31.141,42.431,23.722,,2023-03-05T16:13:55.627000+00:00
812,2023_1,alonso,43,96.911,HARD,3,7953,4,34.179,8,0,30.956,42.096,23.859,305.0,2023-03-05T16:13:57.017000+00:00
813,2023_1,ocon,42,,,,7953,17,,,0,,,,,2023-03-05T16:13:58.471000+00:00
814,2023_1,hamilton,43,97.111,HARD,3,7953,5,35.886,12,0,30.89,42.235,23.986,310.0,2023-03-05T16:13:58.721000+00:00
815,2023_1,norris,42,96.668,HARD,5,7953,18,,4,0,30.948,41.864,23.856,302.0,2023-03-05T16:14:01.845000+00:00
816,2023_1,stroll,43,97.304,HARD,3,7953,6,43.043,12,0,31.123,42.318,23.863,,2023-03-05T16:14:05.877000+00:00
817,2023_1,russell,43,97.48,HARD,3,7953,7,44.21,11,0,30.954,42.679,23.847,311.0,2023-03-05T16:14:07.017000+00:00
818,2023_1,bottas,43,97.813,HARD,3,7953,8,57.637,13,0,31.253,42.525,24.035,288.0,2023-03-05T16:14:20.470000+00:00
819,2023_1,gasly,43,95.942,SOFT,4,7953,9,75.467,2,0,30.776,41.677,23.489,295.0,2023-03-05T16:14:38.298000+00:00
820,2023_1,albon,43,97.144,SOFT,4,7953,10,77.24,2,0,30.767,42.589,23.788,313.0,2023-03-05T16:14:40.110000+00:00
821,2023_1,tsunoda,43,97.028,SOFT,4,7953,11,80.615,5,0,31.115,42.08,23.833,303.0,2023-03-05T16:14:43.392000+00:00
822,2023_1,de_vries,43,100.177,HARD,3,7953,12,83.117,15,0,32.026,43.701,24.45,301.0,2023-03-05T16:14:45.970000+00:00
823,2023_1,zhou,43,98.311,SOFT,3,7953,13,83.501,13,0,31.159,43.152,24.0,318.0,2023-03-05T16:14:46.313000+00:00
824,2023_1,sargeant,43,96.801,SOFT,4,7953,14,86.542,2,0,30.693,42.146,23.962,,2023-03-05T16:14:49.376000+00:00
825,2023_1,max_verstappen,44,96.236,HARD,3,7953,1,0.0,7,0,30.783,42.005,23.448,296.0,2023-03-05T16:14:59.719000+00:00
826,2023_1,kevin_magnussen,43,96.942,SOFT,4,7953,15,,2,0,30.753,42.381,23.808,301.0,2023-03-05T16:15:01.907000+00:00
827,2023_1,perez,44,96.978,HARD,3,7953,2,9.462,9,0,31.055,42.36,23.563,297.0,2023-03-05T16:15:09.188000+00:00
828,2023_1,hulkenberg,43,96.793,SOFT,4,7953,16,,5,0,30.915,41.855,24.023,299.0,2023-03-05T16:15:10.657000+00:00
829,2023_1,sainz,44,97.389,HARD,3,7953,3,33.191,12,0,31.2,42.482,23.707,305.0,2023-03-05T16:15:32.906000+00:00
830,2023_1,alonso,44,97.022,HARD,3,7953,4,34.2,9,0,30.817,42.208,23.997,312.0,2023-03-05T16:15:33.922000+00:00
831,2023_1,hamilton,44,97.048,HARD,3,7953,5,36.107,13,0,30.807,42.353,23.888,309.0,2023-03-05T16:15:35.828000+00:00
832,2023_1,norris,43,96.687,HARD,5,7953,17,,5,0,30.898,41.964,23.825,304.0,2023-03-05T16:15:38.375000+00:00
833,2023_1,stroll,44,97.299,HARD,3,7953,6,43.457,13,0,31.066,42.331,23.902,299.0,2023-03-05T16:15:43.187000+00:00
834,2023_1,russell,44,97.597,HARD,3,7953,7,44.8,12,0,31.11,42.611,23.876,302.0,2023-03-05T16:15:44.484000+00:00
835,2023_1,bottas,44,97.868,HARD,3,7953,8,58.56,14,0,31.392,42.601,23.875,289.0,2023-03-05T16:15:58.234000+00:00
836,2023_1,gasly,44,95.792,SOFT,4,7953,9,74.519,3,0,30.785,41.542,23.465,296.0,2023-03-05T16:16:14.202000+00:00
837,2023_1,albon,44,97.327,SOFT,4,7953,10,77.494,3,0,30.953,42.567,23.807,312.0,2023-03-05T16:16:17.234000+00:00
838,2023_1,tsunoda,44,97.01,SOFT,4,7953,11,80.753,6,0,30.939,42.198,23.873,,2023-03-05T16:16:20.484000+00:00
839,2023_1,zhou,44,97.974,SOFT,3,7953,12,84.922,14,0,31.364,42.648,23.962,300.0,2023-03-05T16:16:24.530000+00:00
840,2023_1,de_vries,44,99.588,HARD,3,7953,13,86.404,16,0,31.78,43.483,24.325,298.0,2023-03-05T16:16:26.077000+00:00
841,2023_1,sargeant,44,97.407,SOFT,4,7953,14,86.453,3,0,30.808,42.689,23.91,323.0,2023-03-05T16:16:26.265000+00:00
842,2023_1,max_verstappen,45,97.015,HARD,3,7953,1,0.0,8,0,31.079,42.221,23.715,294.0,2023-03-05T16:16:35.936000+00:00
843,2023_1,kevin_magnussen,44,96.588,SOFT,4,7953,15,,3,0,30.76,42.049,23.779,,2023-03-05T16:16:38.811000+00:00
844,2023_1,perez,45,96.928,HARD,3,7953,2,10.204,10,0,30.944,42.434,23.55,293.0,2023-03-05T16:16:46.171000+00:00
845,2023_1,hulkenberg,44,97.076,SOFT,4,7953,16,,6,0,30.941,42.199,23.936,297.0,2023-03-05T16:16:47.452000+00:00
846,2023_1,sainz,45,99.561,HARD,3,7953,3,34.344,13,0,31.572,43.669,24.32,304.0,2023-03-05T16:17:10.342000+00:00
847,2023_1,alonso,45,97.931,HARD,3,7953,4,34.986,10,0,31.048,43.229,23.654,324.0,2023-03-05T16:17:10.936000+00:00
848,2023_1,hamilton,45,97.661,HARD,3,7953,5,36.919,14,0,30.902,42.666,24.093,,2023-03-05T16:17:12.858000+00:00
849,2023_1,norris,44,97.219,HARD,5,7953,17,,6,0,30.936,42.401,23.882,305.0,2023-03-05T16:17:15.170000+00:00
850,2023_1,stroll,45,97.222,HARD,3,7953,6,44.52,14,0,31.017,42.39,23.815,302.0,2023-03-05T16:17:20.483000+00:00
851,2023_1,russell,45,97.316,HARD,3,7953,7,46.161,13,0,30.892,42.59,23.834,308.0,2023-03-05T16:17:22.123000+00:00
852,2023_1,bottas,45,97.688,HARD,3,7953,8,60.192,15,0,31.254,42.539,23.895,291.0,2023-03-05T16:17:36.092000+00:00
853,2023_1,gasly,45,96.186,SOFT,4,7953,9,74.075,4,0,30.874,41.775,23.537,294.0,2023-03-05T16:17:50.013000+00:00
854,2023_1,albon,45,97.503,SOFT,4,7953,10,78.58500000000001,4,0,31.121,42.624,23.758,306.0,2023-03-05T16:17:54.544000+00:00
855,2023_1,tsunoda,45,97.021,SOFT,4,7953,11,81.527,7,0,30.93,42.107,23.984,305.0,2023-03-05T16:17:57.685000+00:00
856,2023_1,zhou,45,97.95,SOFT,3,7953,12,86.66,15,0,31.334,42.678,23.938,301.0,2023-03-05T16:18:02.591000+00:00
857,2023_1,sargeant,45,97.462,SOFT,4,7953,13,87.624,4,0,30.743,42.757,23.962,318.0,2023-03-05T16:18:03.482000+00:00
858,2023_1,de_vries,45,98.889,HARD,3,7953,14,89.756,17,0,31.481,43.144,24.264,293.0,2023-03-05T16:18:05.747000+00:00
859,2023_1,max_verstappen,46,96.701,HARD,3,7953,1,0.0,9,0,31.03,42.003,23.668,290.0,2023-03-05T16:18:12.872000+00:00
860,2023_1,kevin_magnussen,45,97.126,SOFT,4,7953,15,,4,0,30.983,42.268,23.875,299.0,2023-03-05T16:18:15.404000+00:00
861,2023_1,perez,46,97.257,HARD,3,7953,2,10.117,11,0,30.914,42.496,23.847,291.0,2023-03-05T16:18:23.075000+00:00
862,2023_1,hulkenberg,45,97.314,SOFT,4,7953,16,,7,0,31.074,42.194,24.046,,2023-03-05T16:18:24.528000+00:00
863,2023_1,alonso,46,97.087,HARD,3,7953,3,35.902,11,0,31.144,42.162,23.781,302.0,2023-03-05T16:18:48.793000+00:00
864,2023_1,sainz,46,97.844,HARD,3,7953,4,36.89,14,0,30.975,42.701,24.168,324.0,2023-03-05T16:18:49.872000+00:00
865,2023_1,hamilton,46,97.779,HARD,3,7953,5,37.565,15,0,30.898,42.786,24.095,333.0,2023-03-05T16:18:50.528000+00:00
866,2023_1,norris,45,97.426,HARD,5,7953,17,,7,0,31.112,42.179,24.135,307.0,2023-03-05T16:18:52.403000+00:00
867,2023_1,stroll,46,97.562,HARD,3,7953,6,44.727,15,0,31.04,42.675,23.847,301.0,2023-03-05T16:18:57.715000+00:00
868,2023_1,russell,46,97.571,HARD,3,7953,7,46.462,14,0,30.999,42.734,23.838,310.0,2023-03-05T16:18:59.434000+00:00
869,2023_1,bottas,46,97.83,HARD,3,7953,8,60.865,16,0,31.384,42.473,23.973,288.0,2023-03-05T16:19:13.841000+00:00
870,2023_1,gasly,46,96.041,SOFT,4,7953,9,73.246,5,0,30.831,41.707,23.503,297.0,2023-03-05T16:19:26.183000+00:00
871,2023_1,albon,46,97.577,SOFT,4,7953,10,79.07300000000001,5,0,31.025,42.764,23.788,311.0,2023-03-05T16:19:32.011000+00:00
872,2023_1,tsunoda,46,97.258,SOFT,4,7953,11,81.533,8,0,31.009,42.28,23.969,,2023-03-05T16:19:34.589000+00:00
873,2023_1,zhou,46,98.336,SOFT,3,7953,12,87.595,16,0,31.439,42.97,23.927,298.0,2023-03-05T16:19:40.558000+00:00
874,2023_1,sargeant,46,98.441,SOFT,4,7953,13,88.071,5,0,31.144,43.267,24.03,327.0,2023-03-05T16:19:41.027000+00:00
875,2023_1,de_vries,46,98.871,HARD,3,7953,14,91.63,18,0,31.557,43.061,24.253,295.0,2023-03-05T16:19:44.605000+00:00
876,2023_1,max_verstappen,47,97.009,HARD,3,7953,1,0.0,10,0,31.094,42.205,23.71,293.0,2023-03-05T16:19:49.683000+00:00
877,2023_1,kevin_magnussen,46,97.589,SOFT,4,7953,15,,5,0,31.046,42.533,24.01,302.0,2023-03-05T16:19:52.495000+00:00
878,2023_1,perez,47,96.661,HARD,3,7953,2,10.673,12,0,30.929,42.049,23.683,294.0,2023-03-05T16:20:00.433000+00:00
879,2023_1,hulkenberg,46,99.972,SOFT,4,7953,16,,8,0,30.962,44.939,24.071,300.0,2023-03-05T16:20:01.808000+00:00
880,2023_1,alonso,47,97.326,HARD,3,7953,3,36.288,12,0,31.293,42.342,23.691,,2023-03-05T16:20:26.010000+00:00
881,2023_1,sainz,47,98.222,HARD,3,7953,4,38.033,15,0,31.548,42.699,23.975,308.0,2023-03-05T16:20:27.760000+00:00
882,2023_1,hamilton,47,98.517,HARD,3,7953,5,38.643,16,0,31.32,43.157,24.04,329.0,2023-03-05T16:20:28.323000+00:00
883,2023_1,norris,46,97.656,HARD,5,7953,17,,8,0,31.106,42.351,24.199,306.0,2023-03-05T16:20:29.792000+00:00
884,2023_1,stroll,47,97.257,HARD,3,7953,6,45.588,16,0,31.043,42.368,23.846,302.0,2023-03-05T16:20:35.245000+00:00
885,2023_1,russell,47,97.432,HARD,3,7953,7,47.332,15,0,31.049,42.436,23.947,309.0,2023-03-05T16:20:36.963000+00:00
886,2023_1,bottas,47,97.815,HARD,3,7953,8,61.994,17,0,31.325,42.508,23.982,289.0,2023-03-05T16:20:51.697000+00:00
887,2023_1,gasly,47,96.12,SOFT,4,7953,9,72.586,6,0,30.806,41.735,23.579,298.0,2023-03-05T16:21:02.244000+00:00
888,2023_1,albon,47,97.545,SOFT,4,7953,10,79.949,6,0,31.048,42.675,23.822,312.0,2023-03-05T16:21:09.650000+00:00
889,2023_1,tsunoda,47,97.359,SOFT,4,7953,11,82.09,9,0,31.083,42.286,23.99,303.0,2023-03-05T16:21:11.744000+00:00
890,2023_1,zhou,47,99.553,SOFT,3,7953,12,89.23,17,0,32.022,43.31,24.221,,2023-03-05T16:21:18.884000+00:00
891,2023_1,sargeant,47,97.227,SOFT,4,7953,13,89.811,6,0,31.054,42.356,23.817,328.0,2023-03-05T16:21:19.463000+00:00
892,2023_1,de_vries,47,98.921,HARD,3,7953,14,93.8,19,0,31.53,43.186,24.205,298.0,2023-03-05T16:21:23.447000+00:00
893,2023_1,max_verstappen,48,96.918,HARD,3,7953,1,0.0,11,0,31.01,42.199,23.709,294.0,2023-03-05T16:21:26.603000+00:00
894,2023_1,kevin_magnussen,47,97.629,SOFT,4,7953,15,,6,0,31.029,42.64,23.96,,2023-03-05T16:21:30.103000+00:00
895,2023_1,perez,48,96.859,HARD,3,7953,2,10.325,13,0,31.01,42.316,23.533,293.0,2023-03-05T16:21:37.056000+00:00
896,2023_1,hulkenberg,47,96.806,SOFT,4,7953,16,,9,0,30.895,42.035,23.876,,2023-03-05T16:21:41.806000+00:00
897,2023_1,alonso,48,96.783,HARD,3,7953,3,36.605,13,0,31.076,41.97,23.737,292.0,2023-03-05T16:22:03.274000+00:00
898,2023_1,sainz,48,97.897,HARD,3,7953,4,39.246,16,0,31.407,42.577,23.913,298.0,2023-03-05T16:22:05.931000+00:00
899,2023_1,hamilton,48,97.844,HARD,3,7953,5,40.151,17,0,30.882,42.772,24.19,321.0,2023-03-05T16:22:06.821000+00:00
900,2023_1,norris,47,100.433,HARD,5,7953,17,,9,0,30.951,42.71,26.772,323.0,2023-03-05T16:22:07.524000+00:00
901,2023_1,stroll,48,97.448,HARD,3,7953,6,45.836,17,0,31.146,42.393,23.909,301.0,2023-03-05T16:22:12.540000+00:00
902,2023_1,russell,48,97.52,HARD,3,7953,7,47.755,16,0,31.101,42.509,23.91,308.0,2023-03-05T16:22:14.493000+00:00
903,2023_1,bottas,48,97.5,HARD,3,7953,8,62.8,18,0,31.316,42.265,23.919,292.0,2023-03-05T16:22:29.493000+00:00
904,2023_1,gasly,48,96.368,SOFT,4,7953,9,71.697,7,0,30.909,41.693,23.766,296.0,2023-03-05T16:22:38.383000+00:00
905,2023_1,albon,48,97.684,SOFT,4,7953,10,80.485,7,0,31.112,42.713,23.859,311.0,2023-03-05T16:22:47.211000+00:00
906,2023_1,tsunoda,48,97.238,SOFT,4,7953,11,82.44,10,0,30.963,42.173,24.102,304.0,2023-03-05T16:22:49.133000+00:00
907,2023_1,sargeant,48,97.068,SOFT,4,7953,12,90.029,7,0,30.916,42.28,23.872,308.0,2023-03-05T16:22:56.617000+00:00
908,2023_1,zhou,48,98.596,SOFT,3,7953,13,91.774,18,0,31.451,42.912,24.233,301.0,2023-03-05T16:22:58.445000+00:00
909,2023_1,de_vries,48,100.441,HARD,3,7953,14,95.712,20,0,32.523,43.596,24.322,302.0,2023-03-05T16:23:02.429000+00:00
910,2023_1,max_verstappen,49,96.962,HARD,3,7953,1,0.0,12,0,31.124,42.026,23.812,299.0,2023-03-05T16:23:03.617000+00:00
911,2023_1,kevin_magnussen,48,97.607,SOFT,4,7953,15,,7,0,31.059,42.581,23.967,299.0,2023-03-05T16:23:07.711000+00:00
912,2023_1,perez,49,97.049,HARD,3,7953,2,10.266,14,0,30.944,42.495,23.61,294.0,2023-03-05T16:23:13.882000+00:00
913,2023_1,hulkenberg,48,97.086,SOFT,4,7953,16,,10,0,31.014,42.126,23.946,298.0,2023-03-05T16:23:18.617000+00:00
914,2023_1,alonso,49,96.726,HARD,3,7953,3,36.47,14,0,31.058,41.981,23.687,302.0,2023-03-05T16:23:40.085000+00:00
915,2023_1,sainz,49,97.765,HARD,3,7953,4,40.225,17,0,,42.49,23.868,299.0,2023-03-05T16:23:43.835000+00:00
916,2023_1,hamilton,49,97.954,HARD,3,7953,5,41.077,18,0,30.947,42.945,24.062,328.0,2023-03-05T16:23:44.647000+00:00
917,2023_1,norris,48,126.905,SOFT,6,7953,17,,4,1,59.26,43.221,24.424,195.0,2023-03-05T16:23:47.835000+00:00
918,2023_1,stroll,49,97.551,HARD,3,7953,6,46.366,18,0,31.106,42.536,23.909,302.0,2023-03-05T16:23:49.975000+00:00
919,2023_1,russell,49,97.718,HARD,3,7953,7,48.357,17,0,31.097,42.623,23.998,307.0,2023-03-05T16:23:51.991000+00:00
920,2023_1,bottas,49,97.85,HARD,3,7953,8,63.382,19,0,31.434,42.484,23.932,289.0,2023-03-05T16:24:06.975000+00:00
921,2023_1,gasly,49,96.803,SOFT,4,7953,9,71.147,8,0,31.008,42.102,23.693,297.0,2023-03-05T16:24:14.741000+00:00
922,2023_1,albon,49,97.609,SOFT,4,7953,10,81.251,8,0,31.051,42.726,23.832,312.0,2023-03-05T16:24:24.850000+00:00
923,2023_1,tsunoda,49,97.528,SOFT,4,7953,11,82.76,11,0,31.034,42.419,24.075,,2023-03-05T16:24:26.381000+00:00
924,2023_1,sargeant,49,97.225,SOFT,4,7953,12,90.179,8,0,30.906,42.422,23.897,,2023-03-05T16:24:33.787000+00:00
925,2023_1,zhou,49,98.628,SOFT,3,7953,13,93.452,19,0,31.475,42.942,24.211,,2023-03-05T16:24:37.084000+00:00
926,2023_1,max_verstappen,50,97.25,HARD,3,7953,1,0.0,13,0,31.07,42.375,23.805,296.0,2023-03-05T16:24:40.537000+00:00
927,2023_1,de_vries,49,98.985,HARD,3,7953,14,,21,0,31.508,43.167,24.31,303.0,2023-03-05T16:24:42.818000+00:00
928,2023_1,kevin_magnussen,49,97.739,SOFT,4,7953,15,,8,0,31.077,42.715,23.947,300.0,2023-03-05T16:24:45.396000+00:00
929,2023_1,perez,50,97.731,HARD,3,7953,2,10.353,15,0,31.251,42.646,23.834,,2023-03-05T16:24:50.881000+00:00
930,2023_1,hulkenberg,49,97.077,SOFT,4,7953,16,,11,0,31.069,42.073,23.935,,2023-03-05T16:24:55.709000+00:00
931,2023_1,alonso,50,96.331,HARD,3,7953,3,36.234,15,0,30.933,41.764,23.634,303.0,2023-03-05T16:25:16.802000+00:00
932,2023_1,sainz,50,97.604,HARD,3,7953,4,41.028,18,0,31.261,42.436,23.907,298.0,2023-03-05T16:25:21.599000+00:00
933,2023_1,hamilton,50,97.77,HARD,3,7953,5,42.069,19,0,30.824,42.711,24.235,321.0,2023-03-05T16:25:22.630000+00:00
934,2023_1,stroll,50,97.388,HARD,3,7953,6,46.955,19,0,31.03,42.331,24.027,301.0,2023-03-05T16:25:27.552000+00:00
935,2023_1,russell,50,97.383,HARD,3,7953,7,49.113,18,0,31.014,42.413,23.956,308.0,2023-03-05T16:25:29.661000+00:00
936,2023_1,bottas,50,97.71,HARD,3,7953,8,64.27,20,0,31.491,42.241,23.978,291.0,2023-03-05T16:25:44.817000+00:00
937,2023_1,gasly,50,96.551,SOFT,4,7953,9,70.988,9,0,30.972,41.874,23.705,,2023-03-05T16:25:51.551000+00:00
938,2023_1,norris,49,99.08,SOFT,6,7953,17,,5,0,31.867,42.987,24.226,287.0,2023-03-05T16:25:54.833000+00:00
939,2023_1,albon,50,97.695,SOFT,4,7953,10,81.898,9,0,31.087,42.703,23.905,311.0,2023-03-05T16:26:02.457000+00:00
940,2023_1,tsunoda,50,97.624,SOFT,4,7953,11,83.326,12,0,31.076,42.378,24.17,306.0,2023-03-05T16:26:03.864000+00:00
941,2023_1,sargeant,50,97.29,SOFT,4,7953,12,90.44200000000001,9,0,30.955,42.418,23.917,,2023-03-05T16:26:11.004000+00:00
942,2023_1,zhou,50,99.893,SOFT,3,7953,13,95.118,20,0,31.561,42.916,25.416,,2023-03-05T16:26:15.660000+00:00
943,2023_1,max_verstappen,51,97.427,HARD,3,7953,1,0.0,14,0,31.154,42.202,24.071,295.0,2023-03-05T16:26:17.801000+00:00
944,2023_1,de_vries,50,99.089,HARD,3,7953,14,,22,0,31.532,43.24,24.317,297.0,2023-03-05T16:26:21.785000+00:00
945,2023_1,kevin_magnussen,50,98.315,SOFT,4,7953,15,,9,0,31.323,42.652,24.34,302.0,2023-03-05T16:26:23.145000+00:00
946,2023_1,perez,51,97.049,HARD,3,7953,2,10.834,16,0,31.153,42.153,23.743,292.0,2023-03-05T16:26:28.629000+00:00
947,2023_1,hulkenberg,50,97.242,SOFT,4,7953,16,,12,0,31.081,42.064,24.097,,2023-03-05T16:26:32.769000+00:00
948,2023_1,alonso,51,96.96,HARD,3,7953,3,35.315,16,0,31.158,42.005,23.797,,2023-03-05T16:26:53.144000+00:00
949,2023_1,sainz,51,97.672,HARD,3,7953,4,41.382,19,0,31.269,42.491,23.912,,2023-03-05T16:26:59.175000+00:00
950,2023_1,hamilton,51,98.014,HARD,3,7953,5,42.589,20,0,31.154,42.759,24.101,310.0,2023-03-05T16:27:00.441000+00:00
951,2023_1,stroll,51,97.866,HARD,3,7953,6,47.093,20,0,31.108,42.709,24.049,300.0,2023-03-05T16:27:04.909000+00:00
952,2023_1,russell,51,97.825,HARD,3,7953,7,49.246,19,0,31.187,42.705,23.933,303.0,2023-03-05T16:27:07.066000+00:00
953,2023_1,bottas,51,97.816,HARD,3,7953,8,64.73,21,0,31.383,42.463,23.97,290.0,2023-03-05T16:27:22.550000+00:00
954,2023_1,gasly,51,96.635,SOFT,4,7953,9,70.289,10,0,30.941,41.896,23.798,296.0,2023-03-05T16:27:28.112000+00:00
955,2023_1,norris,50,95.257,SOFT,6,7953,17,,6,0,30.533,41.13,23.594,301.0,2023-03-05T16:27:33.878000+00:00
956,2023_1,albon,51,97.727,SOFT,4,7953,10,82.343,10,0,31.157,42.662,23.908,312.0,2023-03-05T16:27:40.190000+00:00
957,2023_1,tsunoda,51,97.706,SOFT,4,7953,11,83.7,13,0,31.074,42.499,24.133,304.0,2023-03-05T16:27:41.534000+00:00
958,2023_1,sargeant,51,97.472,SOFT,4,7953,12,90.482,10,0,31.024,42.523,23.925,,2023-03-05T16:27:48.299000+00:00
959,2023_1,max_verstappen,52,96.919,HARD,3,7953,1,0.0,15,0,31.033,42.133,23.753,297.0,2023-03-05T16:27:55.237000+00:00
960,2023_1,zhou,51,98.719,SOFT,3,7953,13,,21,0,31.663,42.921,24.135,288.0,2023-03-05T16:27:55.612000+00:00
961,2023_1,de_vries,51,100.475,HARD,3,7953,14,,23,0,32.491,43.49,24.494,304.0,2023-03-05T16:28:00.908000+00:00
962,2023_1,kevin_magnussen,51,98.157,SOFT,4,7953,15,,10,0,31.364,42.723,24.07,313.0,2023-03-05T16:28:01.408000+00:00
963,2023_1,perez,52,97.062,HARD,3,7953,2,10.456,17,0,31.147,42.086,23.829,293.0,2023-03-05T16:28:05.690000+00:00
964,2023_1,hulkenberg,51,97.306,SOFT,4,7953,16,,13,0,31.116,42.192,23.998,299.0,2023-03-05T16:28:10.033000+00:00
965,2023_1,alonso,52,97.01,HARD,3,7953,3,34.848,17,0,31.043,42.243,23.724,302.0,2023-03-05T16:28:30.064000+00:00
966,2023_1,sainz,52,97.49,HARD,3,7953,4,41.627,20,0,31.184,42.381,23.925,301.0,2023-03-05T16:28:36.908000+00:00
967,2023_1,hamilton,52,97.803,HARD,3,7953,5,43.176,21,0,31.107,42.69,24.006,311.0,2023-03-05T16:28:38.392000+00:00
968,2023_1,stroll,52,97.579,HARD,3,7953,6,47.532,21,0,31.121,42.501,23.957,299.0,2023-03-05T16:28:42.783000+00:00
969,2023_1,russell,52,97.589,HARD,3,7953,7,49.644,20,0,31.107,42.517,23.965,305.0,2023-03-05T16:28:44.861000+00:00
970,2023_1,bottas,52,97.947,HARD,3,7953,8,65.119,22,0,31.512,42.44,23.995,283.0,2023-03-05T16:29:00.376000+00:00
971,2023_1,gasly,52,96.891,SOFT,4,7953,9,69.497,11,0,30.878,42.136,23.877,298.0,2023-03-05T16:29:04.704000+00:00
972,2023_1,norris,51,95.822,SOFT,6,7953,17,,7,0,30.749,41.366,23.707,,2023-03-05T16:29:09.157000+00:00
973,2023_1,albon,52,97.861,SOFT,4,7953,10,82.643,11,0,31.11,42.907,23.844,,2023-03-05T16:29:17.891000+00:00
974,2023_1,tsunoda,52,97.59,SOFT,4,7953,11,83.979,14,0,31.005,42.419,24.166,,2023-03-05T16:29:19.204000+00:00
975,2023_1,sargeant,52,97.456,SOFT,4,7953,12,90.527,11,0,31.031,42.485,23.94,309.0,2023-03-05T16:29:25.782000+00:00
976,2023_1,max_verstappen,53,96.89,HARD,3,7953,1,0.0,16,0,30.906,42.217,23.767,293.0,2023-03-05T16:29:32.188000+00:00
977,2023_1,zhou,52,98.713,SOFT,3,7953,13,,22,0,31.522,42.936,24.255,302.0,2023-03-05T16:29:34.282000+00:00
978,2023_1,kevin_magnussen,52,97.963,SOFT,4,7953,14,,11,0,31.275,42.598,24.09,296.0,2023-03-05T16:29:39.454000+00:00
979,2023_1,de_vries,52,100.33,HARD,3,7953,15,,24,0,31.497,44.208,24.625,300.0,2023-03-05T16:29:41.422000+00:00
980,2023_1,perez,53,97.345,HARD,3,7953,2,10.599,18,0,31.094,42.383,23.868,300.0,2023-03-05T16:29:42.782000+00:00
981,2023_1,hulkenberg,52,97.917,SOFT,4,7953,16,,14,0,31.146,42.515,24.256,301.0,2023-03-05T16:29:47.344000+00:00
982,2023_1,alonso,53,97.01,HARD,3,7953,3,34.939,18,0,31.159,42.135,23.716,303.0,2023-03-05T16:30:07.094000+00:00
983,2023_1,sainz,53,97.66,HARD,3,7953,4,42.198,21,0,31.248,42.531,23.881,302.0,2023-03-05T16:30:14.344000+00:00
984,2023_1,hamilton,53,97.988,HARD,3,7953,5,44.06,22,0,31.1,42.853,24.035,309.0,2023-03-05T16:30:16.234000+00:00
985,2023_1,stroll,53,98.379,HARD,3,7953,6,48.192,22,0,31.162,43.275,23.942,300.0,2023-03-05T16:30:20.406000+00:00
986,2023_1,russell,53,97.841,HARD,3,7953,7,50.314,21,0,31.065,42.707,24.069,,2023-03-05T16:30:22.484000+00:00
987,2023_1,bottas,53,97.856,HARD,3,7953,8,66.147,23,0,31.458,42.413,23.985,286.0,2023-03-05T16:30:38.281000+00:00
988,2023_1,gasly,53,96.979,SOFT,4,7953,9,69.469,12,0,30.964,42.046,23.969,301.0,2023-03-05T16:30:41.624000+00:00
989,2023_1,norris,52,96.152,SOFT,6,7953,17,,8,0,30.747,41.651,23.754,299.0,2023-03-05T16:30:44.984000+00:00
990,2023_1,albon,53,97.778,SOFT,4,7953,10,83.58500000000001,12,0,31.109,42.799,23.87,311.0,2023-03-05T16:30:55.765000+00:00
991,2023_1,tsunoda,53,97.675,SOFT,4,7953,11,84.65,15,0,30.863,42.461,24.351,317.0,2023-03-05T16:30:56.796000+00:00
992,2023_1,sargeant,53,97.662,SOFT,4,7953,12,91.064,12,0,31.044,42.593,24.025,308.0,2023-03-05T16:31:03.218000+00:00
993,2023_1,max_verstappen,54,96.678,HARD,3,7953,1,0.0,17,0,30.988,41.938,23.752,297.0,2023-03-05T16:31:09.077000+00:00
994,2023_1,zhou,53,98.634,SOFT,3,7953,13,,23,0,31.452,43.01,24.172,297.0,2023-03-05T16:31:12.983000+00:00
995,2023_1,kevin_magnussen,53,97.982,SOFT,4,7953,14,,12,0,31.324,42.612,24.046,301.0,2023-03-05T16:31:17.530000+00:00
996,2023_1,perez,54,97.296,HARD,3,7953,2,11.054,19,0,31.25,42.257,23.789,292.0,2023-03-05T16:31:20.092000+00:00
997,2023_1,de_vries,53,99.15,HARD,3,7953,15,,25,0,31.459,43.284,24.407,302.0,2023-03-05T16:31:21.749000+00:00
998,2023_1,hulkenberg,53,98.067,SOFT,4,7953,16,,15,0,31.267,42.619,24.181,302.0,2023-03-05T16:31:25.217000+00:00
999,2023_1,alonso,54,97.599,HARD,3,7953,3,35.059,19,0,31.305,42.469,23.825,,2023-03-05T16:31:44.108000+00:00
1000,2023_1,sainz,54,97.694,HARD,3,7953,4,42.968,22,0,31.234,42.543,23.917,,2023-03-05T16:31:51.998000+00:00
1001,2023_1,hamilton,54,98.076,HARD,3,7953,5,45.158,23,0,31.14,42.838,24.098,,2023-03-05T16:31:54.248000+00:00
1002,2023_1,stroll,54,97.597,HARD,3,7953,6,49.681,23,0,31.11,42.373,24.114,,2023-03-05T16:31:58.732000+00:00
1003,2023_1,russell,54,97.923,HARD,3,7953,7,51.265,22,0,31.192,42.658,24.073,,2023-03-05T16:32:00.404000+00:00
1004,2023_1,bottas,54,97.738,HARD,3,7953,8,67.113,24,0,31.461,42.3,23.977,283.0,2023-03-05T16:32:16.154000+00:00
1005,2023_1,gasly,54,97.222,SOFT,4,7953,9,69.55799999999999,13,0,31.101,42.251,23.87,302.0,2023-03-05T16:32:18.591000+00:00
1006,2023_1,norris,53,96.5,SOFT,6,7953,17,,9,0,30.909,41.607,23.984,298.0,2023-03-05T16:32:21.138000+00:00
1007,2023_1,albon,54,97.78,SOFT,4,7953,10,84.473,13,0,31.074,42.796,23.91,312.0,2023-03-05T16:32:33.513000+00:00
1008,2023_1,tsunoda,54,97.72,SOFT,4,7953,11,85.435,16,0,31.051,42.411,24.258,318.0,2023-03-05T16:32:34.482000+00:00
1009,2023_1,sargeant,54,97.936,SOFT,4,7953,12,91.836,13,0,31.046,42.824,24.066,309.0,2023-03-05T16:32:40.903000+00:00
1010,2023_1,max_verstappen,55,96.322,HARD,3,7953,1,0.0,18,0,30.964,41.747,23.611,295.0,2023-03-05T16:32:45.778000+00:00
1011,2023_1,zhou,54,101.967,SOFT,3,7953,13,,24,0,31.543,43.359,27.065,295.0,2023-03-05T16:32:51.622000+00:00
1012,2023_1,kevin_magnussen,54,99.651,SOFT,4,7953,14,,13,0,31.272,42.695,25.684,,2023-03-05T16:32:55.513000+00:00
1013,2023_1,perez,55,97.092,HARD,3,7953,2,11.672,20,0,31.084,42.076,23.932,301.0,2023-03-05T16:32:57.372000+00:00
1014,2023_1,de_vries,54,98.885,HARD,3,7953,15,,26,0,31.467,43.108,24.31,299.0,2023-03-05T16:33:00.856000+00:00
1015,2023_1,hulkenberg,54,98.458,SOFT,4,7953,16,,16,0,31.303,42.713,24.442,301.0,2023-03-05T16:33:03.372000+00:00
1016,2023_1,alonso,55,97.662,HARD,3,7953,3,35.98,20,0,31.237,42.575,23.85,296.0,2023-03-05T16:33:21.715000+00:00
1017,2023_1,sainz,55,97.821,HARD,3,7953,4,43.984,23,0,31.31,42.638,23.873,301.0,2023-03-05T16:33:29.715000+00:00
1018,2023_1,hamilton,55,97.955,HARD,3,7953,5,46.556,24,0,31.131,42.775,24.049,308.0,2023-03-05T16:33:32.246000+00:00
1019,2023_1,stroll,55,97.701,HARD,3,7953,6,50.6,24,0,31.149,42.517,24.035,301.0,2023-03-05T16:33:36.309000+00:00
1020,2023_1,russell,55,97.86,HARD,3,7953,7,52.51,23,0,31.118,42.621,24.121,298.0,2023-03-05T16:33:38.231000+00:00
1021,2023_1,bottas,55,97.807,HARD,3,7953,8,68.173,25,0,31.526,42.257,24.024,286.0,2023-03-05T16:33:53.949000+00:00
1022,2023_1,gasly,55,97.559,SOFT,4,7953,9,70.102,14,0,31.1,42.422,24.037,303.0,2023-03-05T16:33:55.855000+00:00
1023,2023_1,norris,54,99.789,SOFT,6,7953,17,,10,0,30.938,42.162,26.689,301.0,2023-03-05T16:33:57.668000+00:00
1024,2023_1,albon,55,97.803,SOFT,4,7953,10,85.575,14,0,31.113,42.777,23.913,,2023-03-05T16:34:11.292000+00:00
1025,2023_1,tsunoda,55,97.945,SOFT,4,7953,11,86.477,17,0,30.804,42.709,24.432,321.0,2023-03-05T16:34:12.214000+00:00
1026,2023_1,sargeant,55,98.316,SOFT,4,7953,12,93.094,14,0,31.122,43.107,24.087,,2023-03-05T16:34:18.824000+00:00
1027,2023_1,max_verstappen,56,97.205,HARD,3,7953,1,0.0,19,0,31.091,42.27,23.844,294.0,2023-03-05T16:34:22.058000+00:00
1028,2023_1,zhou,55,127.673,SOFT,4,7953,13,,3,1,58.478,44.129,25.066,209.0,2023-03-05T16:34:33.589000+00:00
1029,2023_1,perez,56,96.565,HARD,3,7953,2,12.442,21,0,31.165,41.786,23.614,293.0,2023-03-05T16:34:34.480000+00:00
1030,2023_1,kevin_magnussen,55,98.446,SOFT,4,7953,14,,14,0,31.366,42.971,24.109,315.0,2023-03-05T16:34:35.136000+00:00
1031,2023_1,de_vries,55,99.239,HARD,3,7953,15,,27,0,31.445,43.538,24.256,298.0,2023-03-05T16:34:39.792000+00:00
1032,2023_1,hulkenberg,55,98.564,SOFT,4,7953,16,,17,0,31.42,42.876,24.268,303.0,2023-03-05T16:34:41.776000+00:00
1033,2023_1,alonso,56,97.473,HARD,3,7953,3,37.32,21,0,31.425,42.157,23.891,303.0,2023-03-05T16:34:59.385000+00:00
1034,2023_1,sainz,56,98.126,HARD,3,7953,4,45.483,24,0,31.403,42.736,23.987,302.0,2023-03-05T16:35:07.526000+00:00
1035,2023_1,hamilton,56,98.111,HARD,3,7953,5,48.189,25,0,31.227,42.824,24.06,309.0,2023-03-05T16:35:10.213000+00:00
1036,2023_1,stroll,56,98.11,HARD,3,7953,6,51.979,25,0,31.287,42.737,24.086,,2023-03-05T16:35:14.041000+00:00
1037,2023_1,russell,56,97.636,HARD,3,7953,7,54.048,24,0,30.961,42.593,24.082,307.0,2023-03-05T16:35:16.119000+00:00
1038,2023_1,bottas,56,98.16,HARD,3,7953,8,69.658,26,0,31.687,42.384,24.089,288.0,2023-03-05T16:35:31.697000+00:00
1039,2023_1,gasly,56,97.845,SOFT,4,7953,9,71.339,15,0,31.196,42.539,24.11,305.0,2023-03-05T16:35:33.400000+00:00
1040,2023_1,norris,55,124.847,SOFT,7,7953,17,,6,1,59.558,41.73,23.559,215.0,2023-03-05T16:35:37.369000+00:00
1041,2023_1,albon,56,98.159,SOFT,4,7953,10,87.056,15,0,31.157,42.905,24.097,,2023-03-05T16:35:49.103000+00:00
1042,2023_1,tsunoda,56,98.102,SOFT,4,7953,11,88.1,18,0,30.921,42.841,24.34,323.0,2023-03-05T16:35:50.134000+00:00
1043,2023_1,sargeant,56,99.626,SOFT,4,7953,12,95.088,15,0,31.157,44.242,24.227,,2023-03-05T16:35:57.134000+00:00
1044,2023_1,max_verstappen,57,96.373,HARD,3,7953,1,0.0,20,0,30.96,41.763,23.65,295.0,2023-03-05T16:35:59.291000+00:00
1045,2023_1,perez,57,96.558,HARD,3,7953,2,11.802,22,0,30.969,41.799,23.79,300.0,2023-03-05T16:36:11.056000+00:00
1046,2023_1,kevin_magnussen,56,98.779,SOFT,4,7953,13,,15,0,31.633,42.882,24.264,302.0,2023-03-05T16:36:13.525000+00:00
1047,2023_1,de_vries,56,99.161,HARD,3,7953,14,,28,0,31.644,43.211,24.306,295.0,2023-03-05T16:36:18.915000+00:00
1048,2023_1,hulkenberg,56,99.206,SOFT,4,7953,15,,18,0,31.66,42.973,24.573,,2023-03-05T16:36:20.243000+00:00
1049,2023_1,alonso,57,97.422,HARD,3,7953,3,37.588,22,0,31.421,42.088,23.913,299.0,2023-03-05T16:36:36.884000+00:00
1050,2023_1,zhou,56,93.996,SOFT,4,7953,16,,4,0,30.183,40.533,23.28,292.0,2023-03-05T16:36:41.274000+00:00
1051,2023_1,sainz,57,98.021,HARD,3,7953,4,46.404,25,0,31.244,42.749,24.028,304.0,2023-03-05T16:36:45.649000+00:00
1052,2023_1,hamilton,57,98.255,HARD,3,7953,5,49.095,26,0,31.166,42.89,24.199,,2023-03-05T16:36:48.352000+00:00
1053,2023_1,stroll,57,97.991,HARD,3,7953,6,52.884,26,0,31.194,42.65,24.147,300.0,2023-03-05T16:36:52.180000+00:00
1054,2023_1,russell,57,97.767,HARD,3,7953,7,54.479,25,0,31.077,42.54,24.15,311.0,2023-03-05T16:36:53.727000+00:00
1055,2023_1,bottas,57,98.407,HARD,3,7953,8,70.613,27,0,31.543,42.623,24.241,285.0,2023-03-05T16:37:09.930000+00:00
1056,2023_1,gasly,57,98.147,SOFT,4,7953,9,71.979,16,0,31.26,42.631,24.256,306.0,2023-03-05T16:37:11.242000+00:00
1057,2023_1,albon,57,98.137,SOFT,4,7953,10,88.01,16,0,31.128,42.928,24.081,,2023-03-05T16:37:27.273000+00:00
1058,2023_1,tsunoda,57,98.246,SOFT,4,7953,11,88.997,19,0,30.946,42.795,24.505,320.0,2023-03-05T16:37:28.273000+00:00
1059,2023_2,perez,1,97.609,MEDIUM,1,7779,1,0.0,0,0,37.412,29.964,30.233,303.0,2023-03-19T17:03:50.717000+00:00
1060,2023_2,alonso,1,97.218,MEDIUM,1,7779,2,,0,0,36.589,30.025,30.604,293.0,2023-03-19T17:03:50.717000+00:00
1061,2023_2,sainz,1,99.796,MEDIUM,1,7779,4,,0,0,38.937,30.452,30.407,312.0,2023-03-19T17:03:50.717000+00:00
1062,2023_2,stroll,1,99.39,MEDIUM,1,7779,5,,0,0,38.953,30.101,30.336,304.0,2023-03-19T17:03:50.717000+00:00
1063,2023_2,ocon,1,100.577,MEDIUM,1,7779,6,,0,0,39.483,30.571,30.523,305.0,2023-03-19T17:03:50.717000+00:00
1064,2023_2,hamilton,1,101.374,HARD,1,7779,7,,0,0,40.061,30.681,30.632,304.0,2023-03-19T17:03:50.717000+00:00
1065,2023_2,russell,1,99.015,MEDIUM,1,7779,3,,0,0,38.452,30.241,30.322,310.0,2023-03-19T17:03:50.717000+00:00
1066,2023_2,piastri,1,107.593,MEDIUM,1,7779,8,,0,0,41.443,31.81,34.34,301.0,2023-03-19T17:03:50.717000+00:00
1067,2023_2,gasly,1,102.421,MEDIUM,1,7779,9,,0,0,41.515,30.518,30.388,300.0,2023-03-19T17:03:50.717000+00:00
1068,2023_2,hulkenberg,1,105.062,MEDIUM,1,7779,10,,0,0,42.046,31.654,31.362,322.0,2023-03-19T17:03:50.717000+00:00
1069,2023_2,zhou,1,104.843,MEDIUM,1,7779,11,,0,0,41.749,31.695,31.399,308.0,2023-03-19T17:03:50.717000+00:00
1070,2023_2,leclerc,1,103.577,SOFT,1,7779,12,,0,0,41.644,31.542,30.391,306.0,2023-03-19T17:03:50.717000+00:00
1071,2023_2,kevin_magnussen,1,104.937,MEDIUM,1,7779,13,,0,0,42.293,31.327,31.317,323.0,2023-03-19T17:03:50.717000+00:00
1072,2023_2,bottas,1,106.077,MEDIUM,1,7779,14,,0,0,42.857,31.285,31.935,304.0,2023-03-19T17:03:50.717000+00:00
1073,2023_2,max_verstappen,1,105.483,MEDIUM,1,7779,15,,0,0,42.923,31.408,31.152,326.0,2023-03-19T17:03:50.717000+00:00
1074,2023_2,tsunoda,1,105.999,MEDIUM,1,7779,16,,0,0,43.462,31.516,31.021,321.0,2023-03-19T17:03:50.717000+00:00
1075,2023_2,albon,1,106.374,MEDIUM,1,7779,17,,0,0,43.553,31.629,31.192,321.0,2023-03-19T17:03:50.717000+00:00
1076,2023_2,de_vries,1,107.015,MEDIUM,1,7779,18,,0,0,44.265,31.513,31.237,313.0,2023-03-19T17:03:50.717000+00:00
1077,2023_2,norris,1,106.608,SOFT,1,7779,19,,0,0,43.947,31.462,31.199,311.0,2023-03-19T17:03:50.717000+00:00
1078,2023_2,sargeant,1,107.64,HARD,1,7779,20,,0,0,44.672,31.376,31.592,330.0,2023-03-19T17:03:50.717000+00:00
1079,2023_2,alonso,2,95.567,MEDIUM,1,7779,1,0.0,1,0,35.455,29.923,30.189,302.0,2023-03-19T17:05:27.934000+00:00
1080,2023_2,perez,2,95.906,MEDIUM,1,7779,2,0.406,1,0,35.785,29.903,30.218,316.0,2023-03-19T17:05:28.325000+00:00
1081,2023_2,russell,2,96.114,MEDIUM,1,7779,3,1.801,1,0,35.845,29.989,30.28,303.0,2023-03-19T17:05:29.731000+00:00
1082,2023_2,stroll,2,96.324,MEDIUM,1,7779,4,2.242,1,0,36.054,30.067,30.203,302.0,2023-03-19T17:05:30.106000+00:00
1083,2023_2,sainz,2,96.583,MEDIUM,1,7779,5,2.562,1,0,36.252,30.222,30.109,310.0,2023-03-19T17:05:30.512000+00:00
1084,2023_2,ocon,2,97.006,MEDIUM,1,7779,6,3.394,1,0,36.175,30.442,30.389,306.0,2023-03-19T17:05:31.293000+00:00
1085,2023_2,hamilton,2,97.188,HARD,1,7779,7,4.187,1,0,36.475,30.265,30.448,310.0,2023-03-19T17:05:32.090000+00:00
1086,2023_2,gasly,2,97.056,MEDIUM,1,7779,8,5.321,1,0,36.017,30.638,30.401,301.0,2023-03-19T17:05:33.137000+00:00
1087,2023_2,leclerc,2,96.907,SOFT,1,7779,9,6.455,1,0,35.938,30.589,30.38,308.0,2023-03-19T17:05:34.293000+00:00
1088,2023_2,zhou,2,96.615,MEDIUM,1,7779,10,7.713,1,0,35.883,30.28,30.452,304.0,2023-03-19T17:05:35.559000+00:00
1089,2023_2,kevin_magnussen,2,97.219,MEDIUM,1,7779,11,7.843,1,0,36.351,30.551,30.317,310.0,2023-03-19T17:05:35.653000+00:00
1090,2023_2,hulkenberg,2,97.67,MEDIUM,1,7779,12,7.902,1,0,36.72,30.49,30.46,312.0,2023-03-19T17:05:35.778000+00:00
1091,2023_2,max_verstappen,2,97.68,MEDIUM,1,7779,13,8.371,1,0,36.595,30.654,30.431,318.0,2023-03-19T17:05:36.199000+00:00
1092,2023_2,tsunoda,2,98.171,MEDIUM,1,7779,14,8.738,1,0,36.882,30.821,30.468,308.0,2023-03-19T17:05:36.715000+00:00
1093,2023_2,bottas,2,98.763,MEDIUM,1,7779,15,8.761,1,0,37.285,30.801,30.677,313.0,2023-03-19T17:05:36.793000+00:00
1094,2023_2,albon,2,98.916,MEDIUM,1,7779,16,9.134,1,0,37.229,30.754,30.933,312.0,2023-03-19T17:05:37.090000+00:00
1095,2023_2,norris,2,103.07,SOFT,1,7779,17,9.472,1,0,38.124,31.129,33.817,306.0,2023-03-19T17:05:37.324000+00:00
1096,2023_2,de_vries,2,100.748,MEDIUM,1,7779,18,9.889,1,0,37.782,32.199,30.767,309.0,2023-03-19T17:05:37.731000+00:00
1097,2023_2,piastri,2,124.805,HARD,2,7779,19,7.671,0,1,64.015,30.316,30.474,294.0,2023-03-19T17:05:38.309000+00:00
1098,2023_2,sargeant,2,99.426,HARD,1,7779,20,10.413,1,0,37.672,31.009,30.745,313.0,2023-03-19T17:05:38.356000+00:00
1099,2023_2,alonso,3,95.14,MEDIUM,1,7779,1,0.0,2,0,35.124,29.831,30.185,297.0,2023-03-19T17:07:03.432000+00:00
1100,2023_2,perez,3,94.829,MEDIUM,1,7779,2,0.745,2,0,35.34,29.825,29.664,334.0,2023-03-19T17:07:04.213000+00:00
1101,2023_2,russell,3,95.3,MEDIUM,1,7779,3,2.348,2,0,35.308,30.037,29.955,314.0,2023-03-19T17:07:05.823000+00:00
1102,2023_2,stroll,3,95.239,MEDIUM,1,7779,4,2.999,2,0,35.585,29.803,29.851,317.0,2023-03-19T17:07:06.495000+00:00
1103,2023_2,sainz,3,95.354,MEDIUM,1,7779,5,3.578,2,0,35.683,29.962,29.709,326.0,2023-03-19T17:07:07.104000+00:00
1104,2023_2,ocon,3,96.066,MEDIUM,1,7779,6,4.833,2,0,35.611,30.21,30.245,306.0,2023-03-19T17:07:08.323000+00:00
1105,2023_2,hamilton,3,96.628,HARD,1,7779,7,5.808,2,0,36.103,30.205,30.32,306.0,2023-03-19T17:07:09.307000+00:00
1106,2023_2,gasly,3,96.044,MEDIUM,1,7779,8,6.81,2,0,35.901,30.121,30.022,317.0,2023-03-19T17:07:10.323000+00:00
1107,2023_2,leclerc,3,95.825,SOFT,1,7779,9,7.795,2,0,35.648,30.205,29.972,328.0,2023-03-19T17:07:11.338000+00:00
1108,2023_2,zhou,3,96.26,MEDIUM,1,7779,10,8.761,2,0,35.622,30.344,30.294,306.0,2023-03-19T17:07:12.260000+00:00
1109,2023_2,kevin_magnussen,3,96.796,MEDIUM,1,7779,11,9.495,2,0,35.996,30.378,30.422,307.0,2023-03-19T17:07:13.026000+00:00
1110,2023_2,hulkenberg,3,96.538,MEDIUM,1,7779,12,10.005,2,0,36.116,30.193,30.229,336.0,2023-03-19T17:07:13.495000+00:00
1111,2023_2,max_verstappen,3,96.526,MEDIUM,1,7779,13,10.484,2,0,36.02,30.417,30.089,342.0,2023-03-19T17:07:13.948000+00:00
1112,2023_2,tsunoda,3,97.15,MEDIUM,1,7779,14,11.342,2,0,36.148,30.536,30.466,312.0,2023-03-19T17:07:14.838000+00:00
1113,2023_2,bottas,3,96.956,MEDIUM,1,7779,15,11.957,2,0,35.987,30.606,30.363,320.0,2023-03-19T17:07:15.463000+00:00
1114,2023_2,albon,3,97.065,MEDIUM,1,7779,16,12.483,2,0,36.292,30.373,30.4,329.0,2023-03-19T17:07:15.994000+00:00
1115,2023_2,sargeant,3,96.997,HARD,1,7779,17,14.272,2,0,36.195,30.357,30.445,311.0,2023-03-19T17:07:17.682000+00:00
1116,2023_2,de_vries,3,96.945,MEDIUM,1,7779,18,15.07,2,0,36.176,30.405,30.364,320.0,2023-03-19T17:07:18.463000+00:00
1117,2023_2,norris,3,123.534,HARD,2,7779,19,14.224,0,1,61.889,30.814,30.831,287.0,2023-03-19T17:07:20.448000+00:00
1118,2023_2,piastri,3,95.634,HARD,2,7779,20,39.641,1,0,35.048,30.082,30.504,295.0,2023-03-19T17:07:43.119000+00:00
1119,2023_2,alonso,4,96.664,MEDIUM,1,7779,1,0.0,3,0,36.573,30.03,30.061,315.0,2023-03-19T17:08:38.665000+00:00
1120,2023_2,perez,4,95.651,MEDIUM,1,7779,2,0.434,3,0,35.484,30.147,30.02,307.0,2023-03-19T17:08:39.165000+00:00
1121,2023_2,russell,4,95.596,MEDIUM,1,7779,3,2.508,3,0,35.451,30.01,30.135,304.0,2023-03-19T17:08:41.165000+00:00
1122,2023_2,stroll,4,95.56,MEDIUM,1,7779,4,3.098,3,0,35.629,29.951,29.98,316.0,2023-03-19T17:08:41.744000+00:00
1123,2023_2,sainz,4,95.428,MEDIUM,1,7779,5,3.792,3,0,35.562,30.086,29.78,325.0,2023-03-19T17:08:42.477000+00:00
1124,2023_2,ocon,4,95.729,MEDIUM,1,7779,6,5.759,3,0,35.173,30.333,30.223,307.0,2023-03-19T17:08:44.415000+00:00
1125,2023_2,hamilton,4,96.263,HARD,1,7779,7,7.296,3,0,35.85,30.138,30.275,306.0,2023-03-19T17:08:45.915000+00:00
1126,2023_2,gasly,4,96.291,MEDIUM,1,7779,8,7.714,3,0,35.96,30.109,30.222,320.0,2023-03-19T17:08:46.415000+00:00
1127,2023_2,leclerc,4,95.871,SOFT,1,7779,9,8.48,3,0,35.805,30.204,29.862,328.0,2023-03-19T17:08:47.118000+00:00
1128,2023_2,zhou,4,96.359,MEDIUM,1,7779,10,9.881,3,0,35.667,30.421,30.271,306.0,2023-03-19T17:08:48.508000+00:00
1129,2023_2,kevin_magnussen,4,97.098,MEDIUM,1,7779,11,11.151,3,0,36.293,30.445,30.36,305.0,2023-03-19T17:08:49.805000+00:00
1130,2023_2,hulkenberg,4,97.593,MEDIUM,1,7779,12,11.403,3,0,37.098,30.267,30.228,326.0,2023-03-19T17:08:50.133000+00:00
1131,2023_2,max_verstappen,4,96.503,MEDIUM,1,7779,13,11.87,3,0,36.021,30.177,30.305,321.0,2023-03-19T17:08:50.524000+00:00
1132,2023_2,tsunoda,4,97.006,MEDIUM,1,7779,14,13.352,3,0,36.013,30.739,30.254,312.0,2023-03-19T17:08:52.040000+00:00
1133,2023_2,bottas,4,97.211,MEDIUM,1,7779,15,13.773,3,0,36.134,30.653,30.424,321.0,2023-03-19T17:08:52.415000+00:00
1134,2023_2,albon,4,96.913,MEDIUM,1,7779,16,14.408,3,0,36.096,30.377,30.44,334.0,2023-03-19T17:08:53.118000+00:00
1135,2023_2,sargeant,4,96.844,HARD,1,7779,17,16.129,3,0,36.08,30.345,30.419,312.0,2023-03-19T17:08:54.774000+00:00
1136,2023_2,de_vries,4,96.847,MEDIUM,1,7779,18,16.875,3,0,36.114,30.516,30.217,319.0,2023-03-19T17:08:55.524000+00:00
1137,2023_2,piastri,4,95.512,HARD,2,7779,19,40.135,2,0,35.088,30.084,30.34,296.0,2023-03-19T17:09:18.680000+00:00
1138,2023_2,norris,4,96.627,HARD,2,7779,20,45.369,1,0,36.023,30.224,30.38,299.0,2023-03-19T17:09:24.008000+00:00
1139,2023_2,perez,5,94.873,MEDIUM,1,7779,1,0.0,4,0,35.024,29.903,29.946,312.0,2023-03-19T17:10:14.663000+00:00
1140,2023_2,alonso,5,94.92,MEDIUM,1,7779,2,0.579,4,0,35.148,29.797,29.975,320.0,2023-03-19T17:10:15.351000+00:00
1141,2023_2,russell,5,95.423,MEDIUM,1,7779,3,2.019,4,0,35.261,30.013,30.149,313.0,2023-03-19T17:10:16.757000+00:00
1142,2023_2,stroll,5,95.471,MEDIUM,1,7779,4,2.573,4,0,35.541,29.912,30.018,318.0,2023-03-19T17:10:17.304000+00:00
1143,2023_2,sainz,5,95.433,MEDIUM,1,7779,5,3.135,4,0,35.789,29.919,29.725,328.0,2023-03-19T17:10:17.882000+00:00
1144,2023_2,ocon,5,95.849,MEDIUM,1,7779,6,5.403,4,0,35.198,30.387,30.264,305.0,2023-03-19T17:10:20.116000+00:00
1145,2023_2,hamilton,5,95.867,HARD,1,7779,7,7.474,4,0,35.612,30.02,30.235,306.0,2023-03-19T17:10:22.194000+00:00
1146,2023_2,gasly,5,95.973,MEDIUM,1,7779,8,7.92,4,0,35.92,30.07,29.983,317.0,2023-03-19T17:10:22.663000+00:00
1147,2023_2,leclerc,5,96.275,SOFT,1,7779,9,8.266,4,0,36.017,30.274,29.984,325.0,2023-03-19T17:10:22.991000+00:00
1148,2023_2,zhou,5,96.314,MEDIUM,1,7779,10,10.155,4,0,35.647,30.329,30.338,311.0,2023-03-19T17:10:24.897000+00:00
1149,2023_2,kevin_magnussen,5,97.298,MEDIUM,1,7779,11,12.164,4,0,36.328,30.464,30.506,307.0,2023-03-19T17:10:26.944000+00:00
1150,2023_2,max_verstappen,5,95.359,MEDIUM,1,7779,12,12.288,4,0,35.096,30.116,30.147,318.0,2023-03-19T17:10:26.944000+00:00
1151,2023_2,hulkenberg,5,96.753,MEDIUM,1,7779,13,12.911,4,0,36.077,30.149,30.527,329.0,2023-03-19T17:10:27.632000+00:00
1152,2023_2,tsunoda,5,96.705,MEDIUM,1,7779,14,14.273,4,0,35.7,30.622,30.383,312.0,2023-03-19T17:10:29.053000+00:00
1153,2023_2,bottas,5,96.597,MEDIUM,1,7779,15,14.899,4,0,35.803,30.574,30.22,319.0,2023-03-19T17:10:29.647000+00:00
1154,2023_2,albon,5,97.108,MEDIUM,1,7779,16,15.236,4,0,36.085,30.336,30.687,327.0,2023-03-19T17:10:29.975000+00:00
1155,2023_2,sargeant,5,96.881,HARD,1,7779,17,16.888,4,0,36.17,30.386,30.325,312.0,2023-03-19T17:10:31.616000+00:00
1156,2023_2,de_vries,5,96.992,MEDIUM,1,7779,18,17.637,4,0,36.134,30.555,30.303,321.0,2023-03-19T17:10:32.350000+00:00
1157,2023_2,piastri,5,95.662,HARD,2,7779,19,39.562,3,0,35.127,30.127,30.408,293.0,2023-03-19T17:10:54.272000+00:00
1158,2023_2,norris,5,95.929,HARD,2,7779,20,45.911,2,0,35.157,30.317,30.455,296.0,2023-03-19T17:11:00.662000+00:00
1159,2023_2,perez,6,94.621,MEDIUM,1,7779,1,0.0,5,0,34.934,29.815,29.872,310.0,2023-03-19T17:11:49.599000+00:00
1160,2023_2,alonso,6,94.658,MEDIUM,1,7779,2,0.626,5,0,35.123,29.671,29.864,318.0,2023-03-19T17:11:50.255000+00:00
1161,2023_2,russell,6,95.477,MEDIUM,1,7779,3,2.569,5,0,35.384,29.855,30.238,302.0,2023-03-19T17:11:52.161000+00:00
1162,2023_2,stroll,6,95.551,MEDIUM,1,7779,4,3.171,5,0,35.592,29.883,30.076,316.0,2023-03-19T17:11:52.802000+00:00
1163,2023_2,sainz,6,95.667,MEDIUM,1,7779,5,3.695,5,0,35.778,30.123,29.766,328.0,2023-03-19T17:11:53.302000+00:00
1164,2023_2,ocon,6,95.794,MEDIUM,1,7779,6,6.379,5,0,35.216,30.297,30.281,308.0,2023-03-19T17:11:55.989000+00:00
1165,2023_2,hamilton,6,95.973,HARD,1,7779,7,8.468,5,0,35.513,30.14,30.32,302.0,2023-03-19T17:11:58.036000+00:00
1166,2023_2,gasly,6,95.837,MEDIUM,1,7779,8,9.02,5,0,35.678,30.09,30.069,317.0,2023-03-19T17:11:58.614000+00:00
1167,2023_2,leclerc,6,95.347,SOFT,1,7779,9,9.668,5,0,35.591,30.106,29.65,327.0,2023-03-19T17:11:59.286000+00:00
1168,2023_2,zhou,6,95.928,MEDIUM,1,7779,10,11.596,5,0,35.515,30.277,30.136,309.0,2023-03-19T17:12:01.192000+00:00
1169,2023_2,max_verstappen,6,95.84,MEDIUM,1,7779,11,12.774,5,0,35.547,30.1,30.193,313.0,2023-03-19T17:12:02.286000+00:00
1170,2023_2,kevin_magnussen,6,97.01,MEDIUM,1,7779,12,14.589,5,0,36.686,30.223,30.101,326.0,2023-03-19T17:12:04.208000+00:00
1171,2023_2,hulkenberg,6,96.095,MEDIUM,1,7779,13,14.791,5,0,35.658,30.257,30.18,310.0,2023-03-19T17:12:04.380000+00:00
1172,2023_2,tsunoda,6,96.788,MEDIUM,1,7779,14,16.105,5,0,35.977,30.504,30.307,313.0,2023-03-19T17:12:05.692000+00:00
1173,2023_2,bottas,6,97.418,MEDIUM,1,7779,15,16.623,5,0,36.112,30.698,30.608,309.0,2023-03-19T17:12:06.208000+00:00
1174,2023_2,albon,6,97.004,MEDIUM,1,7779,16,17.471,5,0,36.026,30.468,30.51,327.0,2023-03-19T17:12:07.052000+00:00
1175,2023_2,sargeant,6,97.043,HARD,1,7779,17,18.896,5,0,36.296,30.383,30.364,311.0,2023-03-19T17:12:08.505000+00:00
1176,2023_2,de_vries,6,96.862,MEDIUM,1,7779,18,19.756,5,0,36.1,30.418,30.344,321.0,2023-03-19T17:12:09.333000+00:00
1177,2023_2,piastri,6,95.359,HARD,2,7779,19,40.351,4,0,35.077,30.012,30.27,295.0,2023-03-19T17:12:29.926000+00:00
1178,2023_2,norris,6,95.963,HARD,2,7779,20,46.967,3,0,35.238,30.39,30.335,296.0,2023-03-19T17:12:36.551000+00:00
1179,2023_2,perez,7,94.277,MEDIUM,1,7779,1,0.0,6,0,34.729,29.78,29.768,311.0,2023-03-19T17:13:24.222000+00:00
1180,2023_2,alonso,7,94.422,MEDIUM,1,7779,2,0.663,6,0,34.921,29.68,29.821,317.0,2023-03-19T17:13:24.863000+00:00
1181,2023_2,russell,7,95.256,MEDIUM,1,7779,3,3.425,6,0,35.248,29.896,30.112,299.0,2023-03-19T17:13:27.660000+00:00
1182,2023_2,stroll,7,95.14,MEDIUM,1,7779,4,4.101,6,0,35.344,29.925,29.871,328.0,2023-03-19T17:13:28.331000+00:00
1183,2023_2,sainz,7,95.216,MEDIUM,1,7779,5,4.741,6,0,35.49,30.054,29.672,327.0,2023-03-19T17:13:29.019000+00:00
1184,2023_2,ocon,7,95.847,MEDIUM,1,7779,6,7.552,6,0,35.276,30.314,30.257,305.0,2023-03-19T17:13:31.753000+00:00
1185,2023_2,hamilton,7,96.093,HARD,1,7779,7,9.82,6,0,35.669,30.158,30.266,303.0,2023-03-19T17:13:34.003000+00:00
1186,2023_2,gasly,7,97.137,MEDIUM,1,7779,8,10.236,6,0,36.83,30.282,30.025,319.0,2023-03-19T17:13:34.472000+00:00
1187,2023_2,leclerc,7,96.117,SOFT,1,7779,9,10.394,6,0,35.938,30.273,29.906,322.0,2023-03-19T17:13:34.659000+00:00
1188,2023_2,zhou,7,96.506,MEDIUM,1,7779,10,12.903,6,0,35.59,30.571,30.345,307.0,2023-03-19T17:13:37.441000+00:00
1189,2023_2,max_verstappen,7,95.687,MEDIUM,1,7779,11,13.993,6,0,35.409,30.025,30.253,336.0,2023-03-19T17:13:38.238000+00:00
1190,2023_2,hulkenberg,7,96.398,MEDIUM,1,7779,12,16.265,6,0,35.715,30.316,30.367,307.0,2023-03-19T17:13:40.425000+00:00
1191,2023_2,kevin_magnussen,7,96.304,MEDIUM,1,7779,13,16.978,6,0,35.909,30.32,30.075,325.0,2023-03-19T17:13:41.238000+00:00
1192,2023_2,tsunoda,7,96.655,MEDIUM,1,7779,14,18.272,6,0,35.728,30.569,30.358,311.0,2023-03-19T17:13:42.456000+00:00
1193,2023_2,bottas,7,97.674,MEDIUM,1,7779,15,19.42,6,0,36.095,30.642,30.937,301.0,2023-03-19T17:13:43.612000+00:00
1194,2023_2,albon,7,97.577,MEDIUM,1,7779,16,19.854,6,0,36.296,30.235,31.046,319.0,2023-03-19T17:13:44.050000+00:00
1195,2023_2,sargeant,7,97.282,HARD,1,7779,17,21.318,6,0,36.384,30.486,30.412,311.0,2023-03-19T17:13:45.519000+00:00
1196,2023_2,de_vries,7,97.087,MEDIUM,1,7779,18,21.997,6,0,36.26,30.407,30.42,321.0,2023-03-19T17:13:46.175000+00:00
1197,2023_2,piastri,7,95.636,HARD,2,7779,19,41.089,5,0,35.123,30.112,30.401,293.0,2023-03-19T17:14:05.300000+00:00
1198,2023_2,norris,7,95.771,HARD,2,7779,20,48.309,4,0,35.175,30.229,30.367,294.0,2023-03-19T17:14:12.518000+00:00
1199,2023_2,perez,8,94.477,MEDIUM,1,7779,1,0.0,7,0,34.767,29.802,29.908,307.0,2023-03-19T17:14:58.517000+00:00
1200,2023_2,alonso,8,94.398,MEDIUM,1,7779,2,0.808,7,0,34.912,29.621,29.865,316.0,2023-03-19T17:14:59.283000+00:00
1201,2023_2,russell,8,95.157,MEDIUM,1,7779,3,4.404,7,0,35.066,29.967,30.124,298.0,2023-03-19T17:15:02.908000+00:00
1202,2023_2,stroll,8,95.616,MEDIUM,1,7779,4,4.964,7,0,35.337,30.179,30.1,300.0,2023-03-19T17:15:03.470000+00:00
1203,2023_2,sainz,8,95.321,MEDIUM,1,7779,5,5.68,7,0,35.571,29.929,29.821,333.0,2023-03-19T17:15:04.173000+00:00
1204,2023_2,ocon,8,96.212,MEDIUM,1,7779,6,9.122,7,0,35.576,30.327,30.309,304.0,2023-03-19T17:15:07.611000+00:00
1205,2023_2,hamilton,8,96.122,HARD,1,7779,7,11.636,7,0,35.713,30.134,30.275,303.0,2023-03-19T17:15:10.142000+00:00
1206,2023_2,leclerc,8,95.858,SOFT,1,7779,8,12.234,7,0,35.781,30.018,30.059,323.0,2023-03-19T17:15:10.658000+00:00
1207,2023_2,gasly,8,96.645,MEDIUM,1,7779,9,13.096,7,0,35.98,30.443,30.222,300.0,2023-03-19T17:15:11.595000+00:00
1208,2023_2,zhou,8,97.134,MEDIUM,1,7779,10,15.132,7,0,36.42,30.382,30.332,308.0,2023-03-19T17:15:13.611000+00:00
1209,2023_2,max_verstappen,8,95.129,MEDIUM,1,7779,11,15.403,7,0,35.091,30.143,29.895,314.0,2023-03-19T17:15:13.923000+00:00
1210,2023_2,hulkenberg,8,96.282,MEDIUM,1,7779,12,18.386,7,0,35.559,30.369,30.354,310.0,2023-03-19T17:15:16.908000+00:00
1211,2023_2,kevin_magnussen,8,99.187,MEDIUM,1,7779,13,19.005,7,0,36.11,30.215,32.862,332.0,2023-03-19T17:15:17.533000+00:00
1212,2023_2,tsunoda,8,96.569,MEDIUM,1,7779,14,20.65,7,0,35.745,30.508,30.316,312.0,2023-03-19T17:15:19.173000+00:00
1213,2023_2,bottas,8,98.831,MEDIUM,1,7779,15,22.817,7,0,37.436,30.705,30.69,303.0,2023-03-19T17:15:21.314000+00:00
1214,2023_2,albon,8,97.053,MEDIUM,1,7779,16,23.154,7,0,36.31,30.285,30.458,305.0,2023-03-19T17:15:21.642000+00:00
1215,2023_2,sargeant,8,98.259,HARD,1,7779,17,24.323,7,0,37.555,30.393,30.311,334.0,2023-03-19T17:15:22.814000+00:00
1216,2023_2,de_vries,8,97.22,MEDIUM,1,7779,18,24.807,7,0,36.363,30.503,30.354,321.0,2023-03-19T17:15:23.298000+00:00
1217,2023_2,piastri,8,95.626,HARD,2,7779,19,42.448,6,0,35.205,30.044,30.377,294.0,2023-03-19T17:15:40.907000+00:00
1218,2023_2,norris,8,95.523,HARD,2,7779,20,49.803,5,0,35.054,30.118,30.351,296.0,2023-03-19T17:15:48.313000+00:00
1219,2023_2,perez,9,94.255,MEDIUM,1,7779,1,0.0,8,0,34.621,29.735,29.899,311.0,2023-03-19T17:16:33.359000+00:00
1220,2023_2,alonso,9,94.4,MEDIUM,1,7779,2,0.729,8,0,34.878,29.666,29.856,316.0,2023-03-19T17:16:33.703000+00:00
1221,2023_2,russell,9,95.89,MEDIUM,1,7779,3,5.084,8,0,35.327,30.296,30.267,300.0,2023-03-19T17:16:38.031000+00:00
1222,2023_2,stroll,9,96.118,MEDIUM,1,7779,4,6.103,8,0,35.905,30.115,30.098,301.0,2023-03-19T17:16:39.062000+00:00
1223,2023_2,sainz,9,96.378,MEDIUM,1,7779,5,6.524,8,0,36.227,30.143,30.008,322.0,2023-03-19T17:16:39.516000+00:00
1224,2023_2,ocon,9,95.924,MEDIUM,1,7779,6,10.857,8,0,35.3,30.325,30.299,304.0,2023-03-19T17:16:43.875000+00:00
1225,2023_2,hamilton,9,96.978,HARD,1,7779,7,13.281,8,0,36.517,30.175,30.286,306.0,2023-03-19T17:16:46.250000+00:00
1226,2023_2,leclerc,9,95.364,SOFT,1,7779,8,13.615,8,0,35.033,30.283,30.048,313.0,2023-03-19T17:16:46.656000+00:00
1227,2023_2,gasly,9,96.549,MEDIUM,1,7779,9,15.264,8,0,35.675,30.349,30.525,304.0,2023-03-19T17:16:48.281000+00:00
1228,2023_2,max_verstappen,9,95.561,MEDIUM,1,7779,10,16.055,8,0,35.45,30.017,30.094,325.0,2023-03-19T17:16:48.937000+00:00
1229,2023_2,zhou,9,96.451,MEDIUM,1,7779,11,17.789,8,0,35.535,30.439,30.477,307.0,2023-03-19T17:16:50.765000+00:00
1230,2023_2,hulkenberg,9,96.613,MEDIUM,1,7779,12,20.191,8,0,35.657,30.246,30.71,309.0,2023-03-19T17:16:53.156000+00:00
1231,2023_2,tsunoda,9,96.285,MEDIUM,1,7779,13,22.742,8,0,35.557,30.381,30.347,308.0,2023-03-19T17:16:55.640000+00:00
1232,2023_2,kevin_magnussen,9,112.964,HARD,2,7779,14,21.005,0,1,52.627,30.14,30.197,298.0,2023-03-19T17:16:56.687000+00:00
1233,2023_2,albon,9,96.126,MEDIUM,1,7779,15,25.73,8,0,35.551,30.19,30.385,307.0,2023-03-19T17:16:58.593000+00:00
1234,2023_2,bottas,9,99.617,MEDIUM,1,7779,16,27.171,8,0,36.077,30.398,33.142,299.0,2023-03-19T17:17:00.125000+00:00
1235,2023_2,de_vries,9,97.249,MEDIUM,1,7779,17,27.55,8,0,36.536,30.325,30.388,319.0,2023-03-19T17:17:00.515000+00:00
1236,2023_2,sargeant,9,97.159,HARD,1,7779,18,28.105,8,0,36.602,30.361,30.196,329.0,2023-03-19T17:17:01.078000+00:00
1237,2023_2,piastri,9,95.9,HARD,2,7779,19,43.597,7,0,35.365,30.098,30.437,294.0,2023-03-19T17:17:16.749000+00:00
1238,2023_2,norris,9,95.721,HARD,2,7779,20,50.849,6,0,35.056,30.125,30.54,292.0,2023-03-19T17:17:23.812000+00:00
1239,2023_2,perez,10,94.106,MEDIUM,1,7779,1,0.0,9,0,34.58,29.708,29.818,308.0,2023-03-19T17:18:07.248000+00:00
1240,2023_2,alonso,10,94.835,MEDIUM,1,7779,2,0.874,9,0,34.913,29.739,30.183,300.0,2023-03-19T17:18:08.108000+00:00
1241,2023_2,russell,10,95.265,MEDIUM,1,7779,3,6.719,9,0,35.133,29.965,30.167,303.0,2023-03-19T17:18:13.951000+00:00
1242,2023_2,stroll,10,95.443,MEDIUM,1,7779,4,7.966,9,0,35.28,30.108,30.055,298.0,2023-03-19T17:18:15.217000+00:00
1243,2023_2,sainz,10,96.056,MEDIUM,1,7779,5,8.647,9,0,35.619,30.202,30.235,305.0,2023-03-19T17:18:15.889000+00:00
1244,2023_2,ocon,10,95.955,MEDIUM,1,7779,6,12.526,9,0,35.371,30.247,30.337,303.0,2023-03-19T17:18:19.732000+00:00
1245,2023_2,leclerc,10,95.612,SOFT,1,7779,7,14.724,9,0,35.189,30.224,30.199,301.0,2023-03-19T17:18:21.873000+00:00
1246,2023_2,hamilton,10,95.976,HARD,1,7779,8,16.004,9,0,35.711,30.071,30.194,305.0,2023-03-19T17:18:23.217000+00:00
1247,2023_2,max_verstappen,10,95.443,MEDIUM,1,7779,9,17.361,9,0,35.434,30.05,29.959,314.0,2023-03-19T17:18:24.529000+00:00
1248,2023_2,gasly,10,96.262,MEDIUM,1,7779,10,17.558,9,0,36.148,30.188,29.926,317.0,2023-03-19T17:18:24.779000+00:00
1249,2023_2,zhou,10,96.253,MEDIUM,1,7779,11,19.985,9,0,35.578,30.376,30.299,304.0,2023-03-19T17:18:27.201000+00:00
1250,2023_2,hulkenberg,10,96.166,MEDIUM,1,7779,12,22.549,9,0,35.667,30.269,30.23,308.0,2023-03-19T17:18:29.764000+00:00
1251,2023_2,tsunoda,10,96.187,MEDIUM,1,7779,13,24.772,9,0,35.502,30.397,30.288,305.0,2023-03-19T17:18:31.998000+00:00
1252,2023_2,albon,10,96.311,MEDIUM,1,7779,14,27.601,9,0,35.8,30.213,30.298,307.0,2023-03-19T17:18:34.732000+00:00
1253,2023_2,de_vries,10,96.592,MEDIUM,1,7779,15,30.544,9,0,35.515,30.551,30.526,300.0,2023-03-19T17:18:37.670000+00:00
1254,2023_2,sargeant,10,96.757,HARD,1,7779,16,31.009,9,0,36.189,30.339,30.229,325.0,2023-03-19T17:18:38.185000+00:00
1255,2023_2,bottas,10,114.489,HARD,2,7779,17,29.94,0,1,53.557,30.453,30.479,295.0,2023-03-19T17:18:39.732000+00:00
1256,2023_2,kevin_magnussen,10,95.834,HARD,2,7779,18,42.424,1,0,35.282,30.269,30.283,300.0,2023-03-19T17:18:49.654000+00:00
1257,2023_2,piastri,10,95.782,HARD,2,7779,19,45.242,8,0,35.32,30.165,30.297,296.0,2023-03-19T17:18:52.435000+00:00
1258,2023_2,norris,10,96.141,HARD,2,7779,20,52.315,7,0,35.339,30.3,30.502,296.0,2023-03-19T17:18:59.529000+00:00
1259,2023_2,perez,11,94.075,MEDIUM,1,7779,1,0.0,10,0,34.583,29.677,29.815,310.0,2023-03-19T17:19:41.356000+00:00
1260,2023_2,alonso,11,94.982,MEDIUM,1,7779,2,1.603,10,0,35.137,29.742,30.103,300.0,2023-03-19T17:19:42.950000+00:00
1261,2023_2,russell,11,95.4,MEDIUM,1,7779,3,7.878,10,0,35.215,30.009,30.176,299.0,2023-03-19T17:19:49.200000+00:00
1262,2023_2,stroll,11,95.512,MEDIUM,1,7779,4,9.303,10,0,35.319,30.173,30.02,299.0,2023-03-19T17:19:50.668000+00:00
1263,2023_2,sainz,11,95.842,MEDIUM,1,7779,5,10.597,10,0,35.408,30.107,30.327,304.0,2023-03-19T17:19:51.996000+00:00
1264,2023_2,ocon,11,95.901,MEDIUM,1,7779,6,14.375,10,0,35.334,30.261,30.306,302.0,2023-03-19T17:19:55.699000+00:00
1265,2023_2,leclerc,11,95.125,SOFT,1,7779,7,16.23,10,0,35.104,29.894,30.127,311.0,2023-03-19T17:19:57.606000+00:00
1266,2023_2,hamilton,11,95.909,HARD,1,7779,8,17.874,10,0,35.495,30.128,30.286,304.0,2023-03-19T17:19:59.215000+00:00
1267,2023_2,max_verstappen,11,95.306,MEDIUM,1,7779,9,18.698,10,0,35.387,29.767,30.152,295.0,2023-03-19T17:20:00.043000+00:00
1268,2023_2,gasly,11,96.022,MEDIUM,1,7779,10,19.714,10,0,35.527,30.305,30.19,301.0,2023-03-19T17:20:01.043000+00:00
1269,2023_2,zhou,11,99.247,MEDIUM,1,7779,11,22.132,10,0,35.683,30.315,33.249,304.0,2023-03-19T17:20:03.449000+00:00
1270,2023_2,hulkenberg,11,99.066,MEDIUM,1,7779,12,24.609,10,0,35.802,30.23,33.034,309.0,2023-03-19T17:20:05.949000+00:00
1271,2023_2,tsunoda,11,96.2,MEDIUM,1,7779,13,26.853,10,0,35.469,30.352,30.379,304.0,2023-03-19T17:20:08.215000+00:00
1272,2023_2,albon,11,95.911,MEDIUM,1,7779,14,29.806,10,0,35.469,30.055,30.387,305.0,2023-03-19T17:20:11.105000+00:00
1273,2023_2,de_vries,11,96.52,MEDIUM,1,7779,15,33.03,10,0,35.54,30.425,30.555,299.0,2023-03-19T17:20:14.371000+00:00
1274,2023_2,sargeant,11,96.735,HARD,1,7779,16,33.66,10,0,36.03,30.337,30.368,312.0,2023-03-19T17:20:14.996000+00:00
1275,2023_2,kevin_magnussen,11,95.756,HARD,2,7779,17,44.152,2,0,35.076,30.268,30.412,301.0,2023-03-19T17:20:25.402000+00:00
1276,2023_2,piastri,11,95.899,HARD,2,7779,18,46.918,9,0,35.286,30.264,30.349,295.0,2023-03-19T17:20:28.168000+00:00
1277,2023_2,bottas,11,96.218,HARD,2,7779,19,52.916,1,0,35.311,30.359,30.548,294.0,2023-03-19T17:20:34.277000+00:00
1278,2023_2,norris,11,96.1,HARD,2,7779,20,54.35,8,0,35.385,30.236,30.479,297.0,2023-03-19T17:20:35.683000+00:00
1279,2023_2,perez,12,94.16,MEDIUM,1,7779,1,0.0,11,0,34.494,29.695,29.971,307.0,2023-03-19T17:21:15.417000+00:00
1280,2023_2,alonso,12,94.927,MEDIUM,1,7779,2,2.51,11,0,34.857,29.907,30.163,300.0,2023-03-19T17:21:17.917000+00:00
1281,2023_2,russell,12,95.283,MEDIUM,1,7779,3,9.203,11,0,35.173,29.953,30.157,298.0,2023-03-19T17:21:24.604000+00:00
1282,2023_2,stroll,12,96.522,MEDIUM,1,7779,4,10.74,11,0,35.894,30.346,30.282,296.0,2023-03-19T17:21:26.151000+00:00
1283,2023_2,sainz,12,95.944,MEDIUM,1,7779,5,12.364,11,0,35.558,30.151,30.235,308.0,2023-03-19T17:21:27.776000+00:00
1284,2023_2,ocon,12,96.266,MEDIUM,1,7779,6,16.201,11,0,35.496,30.356,30.414,302.0,2023-03-19T17:21:31.588000+00:00
1285,2023_2,leclerc,12,95.438,SOFT,1,7779,7,17.28,11,0,35.281,29.92,30.237,317.0,2023-03-19T17:21:32.760000+00:00
1286,2023_2,hamilton,12,96.568,HARD,1,7779,8,19.708,11,0,36.173,30.166,30.229,306.0,2023-03-19T17:21:35.088000+00:00
1287,2023_2,max_verstappen,12,94.848,MEDIUM,1,7779,9,19.929,11,0,34.856,29.984,30.008,309.0,2023-03-19T17:21:35.291000+00:00
1288,2023_2,gasly,12,96.128,MEDIUM,1,7779,10,21.661,11,0,35.656,30.268,30.204,301.0,2023-03-19T17:21:37.073000+00:00
1289,2023_2,zhou,12,115.874,HARD,2,7779,11,24.53,0,1,55.211,30.14,30.523,298.0,2023-03-19T17:21:42.698000+00:00
1290,2023_2,tsunoda,12,95.839,MEDIUM,1,7779,12,28.978,11,0,35.255,30.232,30.352,303.0,2023-03-19T17:21:44.338000+00:00
1291,2023_2,hulkenberg,12,113.453,HARD,2,7779,13,27.038,0,1,53.513,29.925,30.015,324.0,2023-03-19T17:21:45.057000+00:00
1292,2023_2,albon,12,96.066,MEDIUM,1,7779,14,31.642,11,0,35.463,30.255,30.348,306.0,2023-03-19T17:21:47.041000+00:00
1293,2023_2,de_vries,12,96.282,MEDIUM,1,7779,15,35.475,11,0,35.372,30.407,30.503,300.0,2023-03-19T17:21:50.885000+00:00
1294,2023_2,sargeant,12,96.645,HARD,1,7779,16,36.32,11,0,36.067,30.146,30.432,310.0,2023-03-19T17:21:51.713000+00:00
1295,2023_2,kevin_magnussen,12,95.805,HARD,2,7779,17,45.833,3,0,35.461,30.047,30.297,302.0,2023-03-19T17:22:01.260000+00:00
1296,2023_2,piastri,12,96.364,HARD,2,7779,18,48.742,10,0,35.515,30.381,30.468,298.0,2023-03-19T17:22:04.135000+00:00
1297,2023_2,bottas,12,95.927,HARD,2,7779,19,55.059,2,0,35.129,30.366,30.432,298.0,2023-03-19T17:22:10.463000+00:00
1298,2023_2,norris,12,96.285,HARD,2,7779,20,56.375,9,0,35.314,30.375,30.596,296.0,2023-03-19T17:22:11.775000+00:00
1299,2023_2,perez,13,94.263,MEDIUM,1,7779,1,0.0,12,0,34.547,29.804,29.912,309.0,2023-03-19T17:22:49.603000+00:00
1300,2023_2,alonso,13,94.918,MEDIUM,1,7779,2,3.277,12,0,34.975,29.846,30.097,302.0,2023-03-19T17:22:52.837000+00:00
1301,2023_2,russell,13,95.043,MEDIUM,1,7779,3,10.326,12,0,34.973,29.898,30.172,301.0,2023-03-19T17:22:59.899000+00:00
1302,2023_2,stroll,13,98.543,MEDIUM,1,7779,4,13.102,12,0,35.442,30.29,32.811,294.0,2023-03-19T17:23:02.649000+00:00
1303,2023_2,sainz,13,95.256,MEDIUM,1,7779,5,14.148,12,0,35.376,29.991,29.889,325.0,2023-03-19T17:23:03.712000+00:00
1304,2023_2,ocon,13,97.156,MEDIUM,1,7779,6,18.307,12,0,36.284,30.428,30.444,305.0,2023-03-19T17:23:07.868000+00:00
1305,2023_2,leclerc,13,95.226,SOFT,1,7779,7,18.558,12,0,34.84,30.104,30.282,303.0,2023-03-19T17:23:08.196000+00:00
1306,2023_2,max_verstappen,13,95.183,MEDIUM,1,7779,8,20.617,12,0,35.069,29.867,30.247,334.0,2023-03-19T17:23:10.102000+00:00
1307,2023_2,hamilton,13,95.822,HARD,1,7779,9,22.116,12,0,35.518,30.056,30.248,305.0,2023-03-19T17:23:11.680000+00:00
1308,2023_2,gasly,13,96.17,MEDIUM,1,7779,10,23.629,12,0,35.579,30.285,30.306,301.0,2023-03-19T17:23:13.180000+00:00
1309,2023_2,tsunoda,13,96.087,MEDIUM,1,7779,11,30.657,12,0,35.257,30.322,30.508,300.0,2023-03-19T17:23:20.133000+00:00
1310,2023_2,albon,13,96.026,MEDIUM,1,7779,12,33.548,12,0,35.39,30.282,30.354,306.0,2023-03-19T17:23:23.008000+00:00
1311,2023_2,de_vries,13,96.014,MEDIUM,1,7779,13,37.597,12,0,35.312,30.272,30.43,300.0,2023-03-19T17:23:27.086000+00:00
1312,2023_2,sargeant,13,96.126,HARD,1,7779,14,38.805,12,0,35.752,30.021,30.353,310.0,2023-03-19T17:23:28.289000+00:00
1313,2023_2,kevin_magnussen,13,95.552,HARD,2,7779,15,47.478,4,0,35.133,30.137,30.282,300.0,2023-03-19T17:23:36.945000+00:00
1314,2023_2,hulkenberg,13,95.892,HARD,2,7779,16,48.893,1,0,35.946,29.984,29.962,322.0,2023-03-19T17:23:38.399000+00:00
1315,2023_2,zhou,13,95.263,HARD,2,7779,17,49.018,1,0,34.978,30.002,30.283,303.0,2023-03-19T17:23:38.602000+00:00
1316,2023_2,piastri,13,96.654,HARD,2,7779,18,50.946,11,0,35.819,30.339,30.496,295.0,2023-03-19T17:23:40.492000+00:00
1317,2023_2,bottas,13,96.495,HARD,2,7779,19,56.826,3,0,35.439,30.491,30.565,295.0,2023-03-19T17:23:46.367000+00:00
1318,2023_2,norris,13,96.269,HARD,2,7779,20,58.5,10,0,35.484,30.298,30.487,298.0,2023-03-19T17:23:48.055000+00:00
1319,2023_2,perez,14,94.409,MEDIUM,1,7779,1,0.0,13,0,34.688,29.793,29.928,309.0,2023-03-19T17:24:23.835000+00:00
1320,2023_2,alonso,14,94.837,MEDIUM,1,7779,2,3.932,13,0,34.852,29.842,30.143,301.0,2023-03-19T17:24:27.851000+00:00
1321,2023_2,russell,14,94.94,MEDIUM,1,7779,3,11.106,13,0,34.925,29.864,30.151,298.0,2023-03-19T17:24:34.929000+00:00
1322,2023_2,sainz,14,95.001,MEDIUM,1,7779,4,15.141,13,0,34.772,30.131,30.098,303.0,2023-03-19T17:24:38.882000+00:00
1323,2023_2,stroll,14,114.305,HARD,2,7779,5,14.738,0,1,53.174,30.418,30.713,287.0,2023-03-19T17:24:41.194000+00:00
1324,2023_2,leclerc,14,94.609,SOFT,1,7779,6,19.521,13,0,34.643,29.958,30.008,304.0,2023-03-19T17:24:43.272000+00:00
1325,2023_2,ocon,14,96.579,MEDIUM,1,7779,7,21.2,13,0,36.085,30.298,30.196,305.0,2023-03-19T17:24:45.054000+00:00
1326,2023_2,max_verstappen,14,94.2,MEDIUM,1,7779,8,21.537,13,0,34.609,29.784,29.807,309.0,2023-03-19T17:24:45.350000+00:00
1327,2023_2,hamilton,14,95.708,HARD,1,7779,9,23.675,13,0,35.503,30.038,30.167,304.0,2023-03-19T17:24:47.491000+00:00
1328,2023_2,gasly,14,98.551,MEDIUM,1,7779,10,25.536,13,0,35.478,30.21,32.863,301.0,2023-03-19T17:24:49.366000+00:00
1329,2023_2,tsunoda,14,95.938,MEDIUM,1,7779,11,32.481,13,0,35.276,30.304,30.358,302.0,2023-03-19T17:24:56.350000+00:00
1330,2023_2,albon,14,96.878,MEDIUM,1,7779,12,35.311,13,0,35.841,30.332,30.705,330.0,2023-03-19T17:24:59.131000+00:00
1331,2023_2,de_vries,14,96.449,MEDIUM,1,7779,13,39.348,13,0,35.513,30.451,30.485,301.0,2023-03-19T17:25:03.178000+00:00
1332,2023_2,sargeant,14,96.434,HARD,1,7779,14,40.668,13,0,35.86,30.276,30.298,312.0,2023-03-19T17:25:04.491000+00:00
1333,2023_2,kevin_magnussen,14,95.199,HARD,2,7779,15,48.767,5,0,35.071,29.963,30.165,304.0,2023-03-19T17:25:12.600000+00:00
1334,2023_2,zhou,14,95.547,HARD,2,7779,16,50.018,2,0,35.229,30.062,30.256,304.0,2023-03-19T17:25:13.772000+00:00
1335,2023_2,hulkenberg,14,96.821,HARD,2,7779,17,50.522,2,0,36.134,30.356,30.331,306.0,2023-03-19T17:25:14.366000+00:00
1336,2023_2,piastri,14,96.275,HARD,2,7779,18,53.337,12,0,35.622,30.213,30.44,298.0,2023-03-19T17:25:17.178000+00:00
1337,2023_2,bottas,14,96.207,HARD,2,7779,19,59.058,4,0,35.318,30.431,30.458,297.0,2023-03-19T17:25:22.865000+00:00
1338,2023_2,norris,14,96.289,HARD,2,7779,20,60.506,11,0,35.394,30.282,30.613,297.0,2023-03-19T17:25:24.334000+00:00
1339,2023_2,perez,15,94.392,MEDIUM,1,7779,1,0.0,14,0,34.641,29.849,29.902,310.0,2023-03-19T17:25:58.271000+00:00
1340,2023_2,alonso,15,94.717,MEDIUM,1,7779,2,4.36,14,0,34.865,29.771,30.081,300.0,2023-03-19T17:26:02.662000+00:00
1341,2023_2,russell,15,94.946,MEDIUM,1,7779,3,11.637,14,0,34.801,29.994,30.151,295.0,2023-03-19T17:26:09.849000+00:00
1342,2023_2,sainz,15,97.523,MEDIUM,1,7779,4,15.733,14,0,34.916,30.053,32.554,302.0,2023-03-19T17:26:13.989000+00:00
1343,2023_2,leclerc,15,95.071,SOFT,1,7779,5,19.721,14,0,34.81,30.062,30.199,304.0,2023-03-19T17:26:17.864000+00:00
1344,2023_2,max_verstappen,15,94.499,MEDIUM,1,7779,6,21.328,14,0,34.815,29.832,29.852,313.0,2023-03-19T17:26:19.489000+00:00
1345,2023_2,ocon,15,96.209,MEDIUM,1,7779,7,23.37,14,0,35.355,30.376,30.478,302.0,2023-03-19T17:26:21.521000+00:00
1346,2023_2,hamilton,15,95.693,HARD,1,7779,8,24.974,14,0,35.337,30.139,30.217,303.0,2023-03-19T17:26:23.114000+00:00
1347,2023_2,gasly,15,113.128,HARD,2,7779,9,27.064,0,1,52.805,30.262,30.061,301.0,2023-03-19T17:26:27.802000+00:00
1348,2023_2,tsunoda,15,95.616,MEDIUM,1,7779,10,34.01,14,0,35.075,30.191,30.35,302.0,2023-03-19T17:26:32.130000+00:00
1349,2023_2,stroll,15,96.262,HARD,2,7779,11,37.278,1,0,35.481,30.118,30.663,293.0,2023-03-19T17:26:35.552000+00:00
1350,2023_2,albon,15,96.622,MEDIUM,1,7779,12,37.78,14,0,35.879,30.304,30.439,310.0,2023-03-19T17:26:36.020000+00:00
1351,2023_2,de_vries,15,96.017,MEDIUM,1,7779,13,41.388,14,0,35.384,30.208,30.425,301.0,2023-03-19T17:26:39.630000+00:00
1352,2023_2,sargeant,15,96.19,HARD,1,7779,14,42.693,14,0,35.711,30.175,30.304,309.0,2023-03-19T17:26:40.926000+00:00
1353,2023_2,kevin_magnussen,15,95.179,HARD,2,7779,15,49.557,6,0,34.977,29.959,30.243,306.0,2023-03-19T17:26:47.833000+00:00
1354,2023_2,zhou,15,95.618,HARD,2,7779,16,51.156,3,0,35.273,30.079,30.266,301.0,2023-03-19T17:26:49.395000+00:00
1355,2023_2,hulkenberg,15,96.004,HARD,2,7779,17,52.934,3,0,35.472,30.268,30.264,305.0,2023-03-19T17:26:51.223000+00:00
1356,2023_2,piastri,15,96.082,HARD,2,7779,18,55.203,13,0,35.477,30.226,30.379,297.0,2023-03-19T17:26:53.442000+00:00
1357,2023_2,bottas,15,96.259,HARD,2,7779,19,60.856,5,0,35.342,30.451,30.466,298.0,2023-03-19T17:26:59.395000+00:00
1358,2023_2,norris,15,96.228,HARD,2,7779,20,62.386,12,0,35.381,30.358,30.489,297.0,2023-03-19T17:27:00.645000+00:00
1359,2023_2,perez,16,94.19,MEDIUM,1,7779,1,0.0,15,0,34.554,29.775,29.861,310.0,2023-03-19T17:27:32.629000+00:00
1360,2023_2,alonso,16,94.842,MEDIUM,1,7779,2,4.685,15,0,34.872,29.77,30.2,299.0,2023-03-19T17:27:37.316000+00:00
1361,2023_2,russell,16,95.12,MEDIUM,1,7779,3,12.191,15,0,34.954,29.958,30.208,299.0,2023-03-19T17:27:44.816000+00:00
1362,2023_2,sainz,16,113.399,HARD,2,7779,4,16.291,0,1,53.073,30.196,30.13,303.0,2023-03-19T17:27:51.535000+00:00
1363,2023_2,leclerc,16,97.681,SOFT,1,7779,5,20.4,15,0,34.837,30.099,32.745,306.0,2023-03-19T17:27:53.050000+00:00
1364,2023_2,max_verstappen,16,94.443,MEDIUM,1,7779,6,21.435,15,0,34.863,29.584,29.996,310.0,2023-03-19T17:27:54.050000+00:00
1365,2023_2,ocon,16,98.567,MEDIUM,1,7779,7,25.187,15,0,35.207,30.273,33.087,303.0,2023-03-19T17:27:57.831000+00:00
1366,2023_2,hamilton,16,95.228,HARD,1,7779,8,26.275,15,0,35.358,29.906,29.964,323.0,2023-03-19T17:27:58.894000+00:00
1367,2023_2,tsunoda,16,95.638,MEDIUM,1,7779,9,35.234,15,0,35.036,30.265,30.337,303.0,2023-03-19T17:28:07.784000+00:00
1368,2023_2,stroll,16,96.485,HARD,2,7779,10,39.148,2,0,35.535,30.293,30.657,288.0,2023-03-19T17:28:11.675000+00:00
1369,2023_2,albon,16,96.83,MEDIUM,1,7779,11,40.01,15,0,35.979,30.354,30.497,310.0,2023-03-19T17:28:12.597000+00:00
1370,2023_2,de_vries,16,96.126,MEDIUM,1,7779,12,43.013,15,0,35.371,30.304,30.451,303.0,2023-03-19T17:28:15.565000+00:00
1371,2023_2,sargeant,16,96.154,HARD,1,7779,13,44.491,15,0,35.625,30.226,30.303,309.0,2023-03-19T17:28:17.097000+00:00
1372,2023_2,gasly,16,95.536,HARD,2,7779,14,48.414,1,0,35.156,30.244,30.136,302.0,2023-03-19T17:28:21.034000+00:00
1373,2023_2,kevin_magnussen,16,95.561,HARD,2,7779,15,50.344,7,0,35.258,30.085,30.218,307.0,2023-03-19T17:28:22.987000+00:00
1374,2023_2,zhou,16,95.98,HARD,2,7779,16,52.382,4,0,35.417,30.157,30.406,302.0,2023-03-19T17:28:25.003000+00:00
1375,2023_2,hulkenberg,16,95.932,HARD,2,7779,17,54.546,4,0,35.621,30.094,30.217,309.0,2023-03-19T17:28:27.175000+00:00
1376,2023_2,piastri,16,96.304,HARD,2,7779,18,56.893,14,0,35.595,30.252,30.457,296.0,2023-03-19T17:28:29.518000+00:00
1377,2023_2,bottas,16,96.153,HARD,2,7779,19,62.723,6,0,35.427,30.315,30.411,298.0,2023-03-19T17:28:35.346000+00:00
1378,2023_2,norris,16,96.446,HARD,2,7779,20,64.222,13,0,35.715,30.265,30.466,297.0,2023-03-19T17:28:36.846000+00:00
1379,2023_2,perez,17,93.961,MEDIUM,1,7779,1,0.0,16,0,34.468,29.688,29.805,311.0,2023-03-19T17:29:06.799000+00:00
1380,2023_2,alonso,17,94.595,MEDIUM,1,7779,2,5.337,16,0,34.856,29.735,30.004,300.0,2023-03-19T17:29:12.174000+00:00
1381,2023_2,russell,17,94.892,MEDIUM,1,7779,3,13.121,16,0,34.825,29.893,30.174,300.0,2023-03-19T17:29:19.908000+00:00
1382,2023_2,max_verstappen,17,93.79,MEDIUM,1,7779,4,21.688,16,0,34.315,29.711,29.764,310.0,2023-03-19T17:29:28.455000+00:00
1383,2023_2,leclerc,17,119.434,HARD,2,7779,5,21.533,0,1,52.39,30.321,36.723,300.0,2023-03-19T17:29:30.595000+00:00
1384,2023_2,hamilton,17,95.047,HARD,1,7779,6,27.313,16,0,34.931,29.96,30.156,302.0,2023-03-19T17:29:34.048000+00:00
1385,2023_2,ocon,17,125.968,HARD,2,7779,7,26.662,0,1,53.492,30.809,41.667,128.0,2023-03-19T17:29:36.298000+00:00
1386,2023_2,tsunoda,17,102.41,MEDIUM,1,7779,8,36.682,16,0,35.124,30.278,37.008,302.0,2023-03-19T17:29:43.423000+00:00
1387,2023_2,sainz,17,102.111,HARD,2,7779,9,38.073,1,0,35.116,29.946,37.049,304.0,2023-03-19T17:29:44.892000+00:00
1388,2023_2,stroll,17,,,,7779,10,41.443,,0,35.728,,,,2023-03-19T17:29:48.282000+00:00
1389,2023_2,albon,17,104.635,MEDIUM,1,7779,11,42.65,16,0,35.86,30.332,38.443,308.0,2023-03-19T17:29:49.454000+00:00
1390,2023_2,de_vries,17,109.322,MEDIUM,1,7779,12,44.949,16,0,35.539,30.409,43.374,169.0,2023-03-19T17:29:51.782000+00:00
1391,2023_2,sargeant,17,107.279,HARD,1,7779,13,46.455,16,0,35.942,30.296,41.041,137.0,2023-03-19T17:29:53.282000+00:00
1392,2023_2,gasly,17,107.735,HARD,2,7779,14,49.76,2,0,35.548,31.099,41.088,145.0,2023-03-19T17:29:56.595000+00:00
1393,2023_2,kevin_magnussen,17,108.27,HARD,2,7779,15,51.715,8,0,35.336,30.792,42.142,162.0,2023-03-19T17:29:58.564000+00:00
1394,2023_2,zhou,17,109.326,HARD,2,7779,16,54.172,5,0,35.244,30.68,43.402,185.0,2023-03-19T17:30:00.986000+00:00
1395,2023_2,hulkenberg,17,109.761,HARD,2,7779,17,56.288,5,0,35.533,31.043,43.185,235.0,2023-03-19T17:30:03.126000+00:00
1396,2023_2,piastri,17,111.27,HARD,2,7779,18,59.007,15,0,35.446,30.996,44.828,280.0,2023-03-19T17:30:05.813000+00:00
1397,2023_2,bottas,17,118.961,HARD,2,7779,19,64.686,7,0,35.24,37.5,46.221,169.0,2023-03-19T17:30:11.501000+00:00
1398,2023_2,norris,17,116.008,HARD,2,7779,20,66.478,14,0,35.293,40.028,40.687,283.0,2023-03-19T17:30:13.282000+00:00
1399,2023_2,perez,18,127.357,MEDIUM,1,7779,1,0.0,17,0,39.183,47.443,40.731,282.0,2023-03-19T17:30:40.797000+00:00
1400,2023_2,alonso,18,129.623,MEDIUM,1,7779,2,5.971,17,0,39.863,43.937,45.823,186.0,2023-03-19T17:30:46.781000+00:00
1401,2023_2,russell,18,132.217,MEDIUM,1,7779,3,14.052,17,0,43.181,42.922,46.114,241.0,2023-03-19T17:30:54.828000+00:00
1402,2023_2,max_verstappen,18,134.348,MEDIUM,1,7779,4,21.517,17,0,48.991,40.059,45.298,197.0,2023-03-19T17:31:02.219000+00:00
1403,2023_2,hamilton,18,136.76,HARD,1,7779,5,28.399,17,0,47.21,43.956,45.594,189.0,2023-03-19T17:31:09.094000+00:00
1404,2023_2,tsunoda,18,149.289,HARD,2,7779,6,41.895,0,1,62.976,43.957,42.356,212.0,2023-03-19T17:31:25.812000+00:00
1405,2023_2,sainz,18,132.896,HARD,2,7779,7,46.223,2,0,44.914,43.977,44.005,161.0,2023-03-19T17:31:26.921000+00:00
1406,2023_2,leclerc,18,134.267,HARD,2,7779,8,49.364,1,0,47.328,43.675,43.264,197.0,2023-03-19T17:31:30.140000+00:00
1407,2023_2,albon,18,150.389,HARD,2,7779,9,50.673,0,1,64.081,42.854,43.454,226.0,2023-03-19T17:31:34.109000+00:00
1408,2023_2,sargeant,18,136.225,HARD,1,7779,10,59.773,17,0,47.148,43.768,45.309,213.0,2023-03-19T17:31:40.468000+00:00
1409,2023_2,de_vries,18,149.507,HARD,2,7779,11,56.651,0,1,62.125,43.231,44.151,168.0,2023-03-19T17:31:40.984000+00:00
1410,2023_2,ocon,18,134.175,HARD,2,7779,12,61.571,1,0,48.193,43.987,41.995,208.0,2023-03-19T17:31:42.327000+00:00
1411,2023_2,gasly,18,135.212,HARD,2,7779,13,63.534,3,0,48.952,43.951,42.309,185.0,2023-03-19T17:31:44.187000+00:00
1412,2023_2,kevin_magnussen,18,136.205,HARD,2,7779,14,66.024,9,0,50.144,42.885,43.176,165.0,2023-03-19T17:31:46.702000+00:00
1413,2023_2,zhou,18,137.713,HARD,2,7779,15,69.537,6,0,49.47,42.617,45.626,222.0,2023-03-19T17:31:50.343000+00:00
1414,2023_2,hulkenberg,18,136.855,HARD,2,7779,16,72.088,6,0,48.894,43.578,44.383,157.0,2023-03-19T17:31:52.765000+00:00
1415,2023_2,piastri,18,136.427,HARD,2,7779,17,76.316,16,0,49.867,42.495,44.065,139.0,2023-03-19T17:31:56.983000+00:00
1416,2023_2,norris,18,137.711,HARD,2,7779,18,88.525,15,0,50.87,42.522,44.319,154.0,2023-03-19T17:32:09.217000+00:00
1417,2023_2,bottas,18,151.15,MEDIUM,3,7779,19,86.268,0,1,63.337,44.781,43.032,221.0,2023-03-19T17:32:10.405000+00:00
1418,2023_2,perez,19,190.334,HARD,2,7779,1,0.0,0,1,76.74,59.741,53.853,135.0,2023-03-19T17:32:48.139000+00:00
1419,2023_2,alonso,19,184.156,HARD,2,7779,2,8.609,1,1,71.379,58.365,54.412,150.0,2023-03-19T17:32:56.357000+00:00
1420,2023_2,russell,19,175.488,HARD,2,7779,3,19.249,0,1,62.374,57.74,55.374,117.0,2023-03-19T17:33:07.029000+00:00
1421,2023_2,max_verstappen,19,167.259,HARD,2,7779,4,29.106,0,1,63.956,47.565,55.738,106.0,2023-03-19T17:33:16.638000+00:00
1422,2023_2,hamilton,19,160.428,MEDIUM,2,7779,5,38.295,0,1,61.749,44.841,53.838,98.0,2023-03-19T17:33:25.950000+00:00
1423,2023_2,sainz,19,145.323,HARD,2,7779,6,51.762,3,0,42.02,46.951,56.352,108.0,2023-03-19T17:33:39.825000+00:00
1424,2023_2,leclerc,19,143.866,HARD,2,7779,7,56.274,2,0,44.796,44.189,54.881,99.0,2023-03-19T17:33:44.356000+00:00
1425,2023_2,tsunoda,19,134.657,HARD,2,7779,8,67.063,1,0,38.333,41.681,54.643,99.0,2023-03-19T17:33:55.169000+00:00
1426,2023_2,ocon,19,134.215,HARD,2,7779,9,68.389,2,0,37.776,41.996,54.443,93.0,2023-03-19T17:33:56.434000+00:00
1427,2023_2,sargeant,19,142.638,MEDIUM,2,7779,10,69.197,0,1,57.247,32.173,53.218,95.0,2023-03-19T17:33:56.669000+00:00
1428,2023_2,gasly,19,132.712,HARD,2,7779,11,71.389,4,0,39.817,39.013,53.882,100.0,2023-03-19T17:33:59.419000+00:00
1429,2023_2,kevin_magnussen,19,131.086,HARD,2,7779,12,74.872,10,0,38.936,37.863,54.287,113.0,2023-03-19T17:34:02.918000+00:00
1430,2023_2,albon,19,130.688,HARD,2,7779,13,76.356,1,0,39.237,38.483,52.968,116.0,2023-03-19T17:34:04.497000+00:00
1431,2023_2,zhou,19,135.298,MEDIUM,3,7779,14,80.401,0,1,58.987,32.236,44.075,242.0,2023-03-19T17:34:07.950000+00:00
1432,2023_2,hulkenberg,19,127.15,HARD,2,7779,15,81.586,7,0,39.247,34.367,53.536,116.0,2023-03-19T17:34:09.653000+00:00
1433,2023_2,de_vries,19,127.643,HARD,2,7779,16,82.46000000000001,1,0,39.253,34.672,53.718,113.0,2023-03-19T17:34:10.590000+00:00
1434,2023_2,piastri,19,127.588,HARD,2,7779,17,85.386,17,0,43.384,32.011,52.193,108.0,2023-03-19T17:34:13.512000+00:00
1435,2023_2,norris,19,120.488,HARD,2,7779,18,98.87899999999999,16,0,43.889,33.388,43.211,254.0,2023-03-19T17:34:27.027000+00:00
1436,2023_2,bottas,19,115.77,MEDIUM,3,7779,19,113.479,1,0,41.452,36.714,37.604,256.0,2023-03-19T17:34:41.637000+00:00
1437,2023_2,perez,20,160.799,HARD,2,7779,1,0.0,1,0,57.869,49.019,53.911,165.0,2023-03-19T17:35:58.385000+00:00
1438,2023_2,alonso,20,159.344,HARD,2,7779,2,2.059,2,0,57.396,48.719,53.229,146.0,2023-03-19T17:36:00.541000+00:00
1439,2023_2,russell,20,157.575,HARD,2,7779,3,4.066,1,0,56.645,49.07,51.86,162.0,2023-03-19T17:36:02.526000+00:00
1440,2023_2,max_verstappen,20,156.511,HARD,2,7779,4,5.433,1,0,56.723,49.419,50.369,195.0,2023-03-19T17:36:04.323000+00:00
1441,2023_2,sainz,20,155.497,HARD,2,7779,5,6.751,4,0,56.071,49.731,49.695,188.0,2023-03-19T17:36:05.135000+00:00
1442,2023_2,hamilton,20,154.637,MEDIUM,2,7779,6,7.896,1,0,56.877,48.702,49.058,201.0,2023-03-19T17:36:06.369000+00:00
1443,2023_2,leclerc,20,153.149,HARD,2,7779,7,9.806,3,0,55.982,49.189,47.978,212.0,2023-03-19T17:36:08.291000+00:00
1444,2023_2,tsunoda,20,152.401,HARD,2,7779,8,11.386,2,0,55.882,49.118,47.401,189.0,2023-03-19T17:36:09.838000+00:00
1445,2023_2,ocon,20,151.924,HARD,2,7779,9,12.27,3,0,56.406,48.688,46.83,186.0,2023-03-19T17:36:10.729000+00:00
1446,2023_2,gasly,20,150.632,HARD,2,7779,10,13.767,5,0,56.309,48.658,45.665,184.0,2023-03-19T17:36:12.182000+00:00
1447,2023_2,kevin_magnussen,20,149.075,HARD,2,7779,11,15.624,11,0,55.204,48.933,44.938,195.0,2023-03-19T17:36:14.010000+00:00
1448,2023_2,albon,20,148.46,HARD,2,7779,12,16.71,2,0,54.761,49.276,44.423,235.0,2023-03-19T17:36:15.104000+00:00
1449,2023_2,hulkenberg,20,146.826,HARD,2,7779,13,18.402,8,0,55.097,48.247,43.482,234.0,2023-03-19T17:36:16.775000+00:00
1450,2023_2,de_vries,20,146.031,HARD,2,7779,14,19.769,2,0,54.556,49.266,42.209,226.0,2023-03-19T17:36:18.135000+00:00
1451,2023_2,sargeant,20,144.92,MEDIUM,2,7779,15,20.945,1,0,54.066,49.709,41.145,226.0,2023-03-19T17:36:19.432000+00:00
1452,2023_2,piastri,20,143.704,HARD,2,7779,16,22.64,18,0,53.965,49.015,40.724,217.0,2023-03-19T17:36:21.041000+00:00
1453,2023_2,zhou,20,141.617,MEDIUM,3,7779,17,24.857,1,0,53.529,48.283,39.805,256.0,2023-03-19T17:36:23.307000+00:00
1454,2023_2,norris,20,138.348,MEDIUM,3,7779,18,27.445,0,1,53.844,46.022,38.482,249.0,2023-03-19T17:36:27.510000+00:00
1455,2023_2,bottas,20,128.105,MEDIUM,3,7779,19,38.915,2,0,40.69,48.009,39.406,243.0,2023-03-19T17:36:37.353000+00:00
1456,2023_2,perez,21,94.557,HARD,2,7779,1,0.0,2,0,34.992,29.798,29.767,306.0,2023-03-19T17:38:39.320000+00:00
1457,2023_2,alonso,21,96.033,HARD,2,7779,2,0.604,3,0,36.023,29.89,30.12,297.0,2023-03-19T17:38:39.898000+00:00
1458,2023_2,russell,21,96.802,HARD,2,7779,3,0.842,2,0,36.791,30.01,30.001,311.0,2023-03-19T17:38:40.101000+00:00
1459,2023_2,max_verstappen,21,96.946,HARD,2,7779,4,1.145,2,0,36.872,29.989,30.085,318.0,2023-03-19T17:38:40.413000+00:00
1460,2023_2,sainz,21,97.37,HARD,2,7779,5,1.449,5,0,37.081,30.138,30.151,307.0,2023-03-19T17:38:40.742000+00:00
1461,2023_2,hamilton,21,97.234,MEDIUM,2,7779,6,1.734,2,0,37.212,29.993,30.029,310.0,2023-03-19T17:38:40.976000+00:00
1462,2023_2,leclerc,21,98.031,HARD,2,7779,7,2.156,4,0,37.363,30.336,30.332,305.0,2023-03-19T17:38:41.429000+00:00
1463,2023_2,tsunoda,21,98.152,HARD,2,7779,8,2.988,3,0,37.266,30.53,30.356,311.0,2023-03-19T17:38:42.242000+00:00
1464,2023_2,ocon,21,98.033,HARD,2,7779,9,3.395,4,0,37.158,30.373,30.502,311.0,2023-03-19T17:38:42.679000+00:00
1465,2023_2,gasly,21,98.374,HARD,2,7779,10,3.6,6,0,37.458,30.381,30.535,301.0,2023-03-19T17:38:42.882000+00:00
1466,2023_2,kevin_magnussen,21,98.649,HARD,2,7779,11,3.9,12,0,37.604,30.519,30.526,314.0,2023-03-19T17:38:43.210000+00:00
1467,2023_2,albon,21,99.011,HARD,2,7779,12,4.371,3,0,37.749,30.516,30.746,313.0,2023-03-19T17:38:43.679000+00:00
1468,2023_2,hulkenberg,21,98.42,HARD,2,7779,13,4.429,9,0,37.492,30.449,30.479,313.0,2023-03-19T17:38:43.820000+00:00
1469,2023_2,de_vries,21,99.388,HARD,2,7779,14,5.001,3,0,37.986,30.664,30.738,306.0,2023-03-19T17:38:44.304000+00:00
1470,2023_2,sargeant,21,98.699,MEDIUM,2,7779,15,5.066,2,0,37.381,30.502,30.816,316.0,2023-03-19T17:38:44.429000+00:00
1471,2023_2,piastri,21,99.663,HARD,2,7779,16,5.545,19,0,38.186,30.77,30.707,302.0,2023-03-19T17:38:44.820000+00:00
1472,2023_2,zhou,21,98.769,MEDIUM,3,7779,17,5.675,2,0,37.616,30.496,30.657,318.0,2023-03-19T17:38:45.288000+00:00
1473,2023_2,bottas,21,99.065,MEDIUM,3,7779,18,6.221,3,0,37.672,30.751,30.642,318.0,2023-03-19T17:38:45.398000+00:00
1474,2023_2,norris,21,99.3,MEDIUM,3,7779,19,6.582,1,0,37.85,30.643,30.807,317.0,2023-03-19T17:38:46.195000+00:00
1475,2023_2,perez,22,93.895,HARD,2,7779,1,0.0,3,0,34.515,29.661,29.719,308.0,2023-03-19T17:40:13.851000+00:00
1476,2023_2,alonso,22,94.738,HARD,2,7779,2,2.08,4,0,35.173,29.668,29.897,304.0,2023-03-19T17:40:15.912000+00:00
1477,2023_2,russell,22,95.07,HARD,2,7779,3,3.087,3,0,35.387,29.805,29.878,312.0,2023-03-19T17:40:16.927000+00:00
1478,2023_2,max_verstappen,22,94.973,HARD,2,7779,4,3.534,3,0,35.462,29.71,29.801,319.0,2023-03-19T17:40:17.380000+00:00
1479,2023_2,sainz,22,96.313,HARD,2,7779,5,4.262,6,0,36.526,29.894,29.893,310.0,2023-03-19T17:40:18.130000+00:00
1480,2023_2,hamilton,22,95.182,MEDIUM,2,7779,6,4.411,3,0,35.454,29.8,29.928,302.0,2023-03-19T17:40:18.302000+00:00
1481,2023_2,leclerc,22,95.7,HARD,2,7779,7,5.63,5,0,35.65,29.942,30.108,311.0,2023-03-19T17:40:19.490000+00:00
1482,2023_2,tsunoda,22,96.197,HARD,2,7779,8,6.583,4,0,35.785,30.243,30.169,308.0,2023-03-19T17:40:20.412000+00:00
1483,2023_2,ocon,22,96.558,HARD,2,7779,9,6.871,5,0,36.007,30.251,30.3,303.0,2023-03-19T17:40:20.709000+00:00
1484,2023_2,gasly,22,96.576,HARD,2,7779,10,7.417,7,0,36.043,30.366,30.167,300.0,2023-03-19T17:40:21.255000+00:00
1485,2023_2,kevin_magnussen,22,96.88,HARD,2,7779,11,7.992,13,0,36.005,30.499,30.376,308.0,2023-03-19T17:40:21.818000+00:00
1486,2023_2,hulkenberg,22,96.951,HARD,2,7779,12,8.292,10,0,36.389,30.247,30.315,315.0,2023-03-19T17:40:22.068000+00:00
1487,2023_2,albon,22,96.964,HARD,2,7779,13,8.825,4,0,36.191,30.205,30.568,310.0,2023-03-19T17:40:22.693000+00:00
1488,2023_2,sargeant,22,97.11,MEDIUM,2,7779,14,9.208,3,0,36.372,30.302,30.436,309.0,2023-03-19T17:40:23.021000+00:00
1489,2023_2,de_vries,22,97.424,HARD,2,7779,15,9.832,4,0,36.522,30.4,30.502,302.0,2023-03-19T17:40:23.677000+00:00
1490,2023_2,zhou,22,97.391,MEDIUM,3,7779,16,9.887,3,0,36.854,30.292,30.245,319.0,2023-03-19T17:40:23.708000+00:00
1491,2023_2,piastri,22,97.626,HARD,2,7779,17,10.651,20,0,36.622,30.603,30.401,300.0,2023-03-19T17:40:24.474000+00:00
1492,2023_2,bottas,22,98.366,MEDIUM,3,7779,18,10.729,4,0,36.934,30.723,30.709,305.0,2023-03-19T17:40:24.599000+00:00
1493,2023_2,norris,22,97.7,MEDIUM,3,7779,19,11.325,2,0,36.728,30.725,30.247,315.0,2023-03-19T17:40:25.146000+00:00
1494,2023_2,perez,23,93.464,HARD,2,7779,1,0.0,4,0,34.361,29.544,29.559,311.0,2023-03-19T17:41:47.723000+00:00
1495,2023_2,alonso,23,94.771,HARD,2,7779,2,2.923,5,0,35.076,29.755,29.94,300.0,2023-03-19T17:41:50.676000+00:00
1496,2023_2,russell,23,94.958,HARD,2,7779,3,4.262,4,0,34.995,29.648,30.315,296.0,2023-03-19T17:41:52.019000+00:00
1497,2023_2,max_verstappen,23,94.115,HARD,2,7779,4,4.612,4,0,35.197,29.397,29.521,334.0,2023-03-19T17:41:52.332000+00:00
1498,2023_2,hamilton,23,94.715,MEDIUM,2,7779,5,5.698,4,0,35.111,29.694,29.91,309.0,2023-03-19T17:41:53.410000+00:00
1499,2023_2,sainz,23,95.041,HARD,2,7779,6,6.68,7,0,35.113,29.93,29.998,307.0,2023-03-19T17:41:54.410000+00:00
1500,2023_2,leclerc,23,94.853,HARD,2,7779,7,7.435,6,0,35.369,29.747,29.737,329.0,2023-03-19T17:41:55.191000+00:00
1501,2023_2,tsunoda,23,95.717,HARD,2,7779,8,8.885,5,0,35.41,30.164,30.143,309.0,2023-03-19T17:41:56.676000+00:00
1502,2023_2,ocon,23,95.212,HARD,2,7779,9,9.534,6,0,35.385,29.942,29.885,316.0,2023-03-19T17:41:57.254000+00:00
1503,2023_2,gasly,23,95.918,HARD,2,7779,10,10.098,8,0,35.633,30.159,30.126,318.0,2023-03-19T17:41:57.816000+00:00
1504,2023_2,kevin_magnussen,23,95.702,HARD,2,7779,11,10.977,14,0,35.645,29.896,30.161,328.0,2023-03-19T17:41:58.707000+00:00
1505,2023_2,hulkenberg,23,95.533,HARD,2,7779,12,11.348,11,0,35.998,29.791,29.744,334.0,2023-03-19T17:41:59.082000+00:00
1506,2023_2,albon,23,95.656,HARD,2,7779,13,11.894,5,0,35.895,29.943,29.818,334.0,2023-03-19T17:41:59.644000+00:00
1507,2023_2,sargeant,23,95.822,MEDIUM,2,7779,14,12.423,4,0,36.024,29.862,29.936,336.0,2023-03-19T17:42:00.129000+00:00
1508,2023_2,de_vries,23,97.103,HARD,2,7779,15,13.361,5,0,36.75,30.377,29.976,325.0,2023-03-19T17:42:01.160000+00:00
1509,2023_2,zhou,23,96.346,MEDIUM,3,7779,16,13.383,4,0,35.996,30.335,30.015,308.0,2023-03-19T17:42:01.316000+00:00
1510,2023_2,piastri,23,96.562,HARD,2,7779,17,14.382,21,0,36.136,30.38,30.046,332.0,2023-03-19T17:42:02.113000+00:00
1511,2023_2,norris,23,96.253,MEDIUM,3,7779,18,15.13,3,0,35.885,30.273,30.095,330.0,2023-03-19T17:42:02.785000+00:00
1512,2023_2,bottas,23,98.218,MEDIUM,3,7779,19,15.2,5,0,36.947,30.803,30.468,304.0,2023-03-19T17:42:03.285000+00:00
1513,2023_2,perez,24,93.44,HARD,2,7779,1,0.0,5,0,34.378,29.499,29.563,311.0,2023-03-19T17:43:21.237000+00:00
1514,2023_2,alonso,24,94.836,HARD,2,7779,2,4.23,6,0,34.959,29.734,30.143,301.0,2023-03-19T17:43:25.424000+00:00
1515,2023_2,max_verstappen,24,94.146,HARD,2,7779,3,5.263,5,0,34.754,29.349,30.043,312.0,2023-03-19T17:43:26.346000+00:00
1516,2023_2,russell,24,95.063,HARD,2,7779,4,5.756,5,0,35.3,29.796,29.967,306.0,2023-03-19T17:43:26.908000+00:00
1517,2023_2,hamilton,24,94.335,MEDIUM,2,7779,5,6.949,5,0,35.024,29.629,29.682,326.0,2023-03-19T17:43:28.127000+00:00
1518,2023_2,sainz,24,94.656,HARD,2,7779,6,8.257,8,0,35.005,29.826,29.825,307.0,2023-03-19T17:43:29.439000+00:00
1519,2023_2,leclerc,24,95.403,HARD,2,7779,7,8.824,7,0,35.412,30.033,29.958,309.0,2023-03-19T17:43:30.018000+00:00
1520,2023_2,tsunoda,24,96.425,HARD,2,7779,8,11.138,6,0,35.871,30.342,30.212,311.0,2023-03-19T17:43:32.314000+00:00
1521,2023_2,ocon,24,94.882,HARD,2,7779,9,11.282,7,0,34.703,30.04,30.139,303.0,2023-03-19T17:43:32.486000+00:00
1522,2023_2,gasly,24,95.322,HARD,2,7779,10,12.552,9,0,35.264,29.957,30.101,320.0,2023-03-19T17:43:33.736000+00:00
1523,2023_2,kevin_magnussen,24,95.279,HARD,2,7779,11,13.215,15,0,35.329,29.966,29.984,332.0,2023-03-19T17:43:34.393000+00:00
1524,2023_2,hulkenberg,24,95.782,HARD,2,7779,12,13.417,12,0,35.964,29.838,29.98,329.0,2023-03-19T17:43:34.596000+00:00
1525,2023_2,albon,24,95.567,HARD,2,7779,13,14.086,6,0,35.643,29.962,29.962,333.0,2023-03-19T17:43:35.268000+00:00
1526,2023_2,sargeant,24,95.557,MEDIUM,2,7779,14,14.781,5,0,35.579,30.017,29.961,332.0,2023-03-19T17:43:35.986000+00:00
1527,2023_2,zhou,24,95.452,MEDIUM,3,7779,15,16.265,5,0,35.17,30.079,30.203,305.0,2023-03-19T17:43:37.377000+00:00
1528,2023_2,de_vries,24,95.386,HARD,2,7779,16,17.0,6,0,35.436,30.062,29.888,325.0,2023-03-19T17:43:38.174000+00:00
1529,2023_2,piastri,24,96.405,HARD,2,7779,17,17.48,22,0,35.778,30.316,30.311,298.0,2023-03-19T17:43:38.674000+00:00
1530,2023_2,norris,24,96.251,MEDIUM,3,7779,18,17.919,4,0,36.02,30.178,30.053,321.0,2023-03-19T17:43:39.142000+00:00
1531,2023_2,bottas,24,96.239,MEDIUM,3,7779,19,19.954,6,0,35.583,30.371,30.285,306.0,2023-03-19T17:43:41.127000+00:00
1532,2023_2,perez,25,93.426,HARD,2,7779,1,0.0,6,0,34.297,29.514,29.615,310.0,2023-03-19T17:44:54.672000+00:00
1533,2023_2,alonso,25,94.136,HARD,2,7779,2,5.626,7,0,35.384,29.245,29.507,319.0,2023-03-19T17:45:00.500000+00:00
1534,2023_2,max_verstappen,25,92.933,HARD,2,7779,3,5.969,6,0,33.994,29.387,29.552,310.0,2023-03-19T17:45:00.625000+00:00
1535,2023_2,russell,25,94.106,HARD,2,7779,4,7.379,6,0,34.714,29.586,29.806,305.0,2023-03-19T17:45:02.016000+00:00
1536,2023_2,hamilton,25,94.734,MEDIUM,2,7779,5,7.844,6,0,35.197,29.641,29.896,306.0,2023-03-19T17:45:02.485000+00:00
1537,2023_2,sainz,25,94.814,HARD,2,7779,6,9.473,9,0,34.965,29.917,29.932,305.0,2023-03-19T17:45:04.125000+00:00
1538,2023_2,leclerc,25,94.742,HARD,2,7779,7,10.787,8,0,34.895,29.874,29.973,308.0,2023-03-19T17:45:05.407000+00:00
1539,2023_2,ocon,25,95.131,HARD,2,7779,8,12.724,8,0,34.995,30.074,30.062,303.0,2023-03-19T17:45:07.266000+00:00
1540,2023_2,tsunoda,25,96.833,HARD,2,7779,9,14.123,7,0,36.443,30.251,30.139,310.0,2023-03-19T17:45:08.781000+00:00
1541,2023_2,gasly,25,95.27,HARD,2,7779,10,14.434,10,0,35.223,30.027,30.02,300.0,2023-03-19T17:45:09.063000+00:00
1542,2023_2,kevin_magnussen,25,96.317,HARD,2,7779,11,15.054,16,0,36.118,29.969,30.23,330.0,2023-03-19T17:45:09.703000+00:00
1543,2023_2,hulkenberg,25,95.891,HARD,2,7779,12,15.759,13,0,36.105,29.866,29.92,330.0,2023-03-19T17:45:10.391000+00:00
1544,2023_2,albon,25,96.007,HARD,2,7779,13,16.213,7,0,35.973,29.944,30.09,333.0,2023-03-19T17:45:10.844000+00:00
1545,2023_2,sargeant,25,95.738,MEDIUM,2,7779,14,16.898,6,0,35.844,30.003,29.891,331.0,2023-03-19T17:45:11.547000+00:00
1546,2023_2,zhou,25,95.56,MEDIUM,3,7779,15,18.277,6,0,35.476,30.044,30.04,314.0,2023-03-19T17:45:12.922000+00:00
1547,2023_2,de_vries,25,95.686,HARD,2,7779,16,18.946,7,0,35.711,30.12,29.855,321.0,2023-03-19T17:45:13.578000+00:00
1548,2023_2,piastri,25,96.735,HARD,2,7779,17,20.445,23,0,36.32,30.286,30.129,306.0,2023-03-19T17:45:15.078000+00:00
1549,2023_2,norris,25,95.515,MEDIUM,3,7779,18,20.73,5,0,34.966,30.31,30.239,301.0,2023-03-19T17:45:15.375000+00:00
1550,2023_2,bottas,25,96.412,MEDIUM,3,7779,19,22.753,7,0,35.765,30.36,30.287,307.0,2023-03-19T17:45:17.406000+00:00
1551,2023_2,perez,26,93.072,HARD,2,7779,1,0.0,7,0,34.241,29.351,29.48,310.0,2023-03-19T17:46:28.046000+00:00
1552,2023_2,max_verstappen,26,92.94,HARD,2,7779,2,5.476,7,0,34.131,29.347,29.462,309.0,2023-03-19T17:46:33.499000+00:00
1553,2023_2,alonso,26,94.119,HARD,2,7779,3,6.336,8,0,34.67,29.587,29.862,304.0,2023-03-19T17:46:34.421000+00:00
1554,2023_2,russell,26,94.493,HARD,2,7779,4,8.059,7,0,34.954,29.744,29.795,310.0,2023-03-19T17:46:36.124000+00:00
1555,2023_2,hamilton,26,93.998,MEDIUM,2,7779,5,9.152,7,0,34.941,29.463,29.594,325.0,2023-03-19T17:46:37.280000+00:00
1556,2023_2,sainz,26,94.415,HARD,2,7779,6,10.861,10,0,34.872,29.823,29.72,305.0,2023-03-19T17:46:38.920000+00:00
1557,2023_2,leclerc,26,94.432,HARD,2,7779,7,12.103,9,0,34.832,29.779,29.821,308.0,2023-03-19T17:46:40.202000+00:00
1558,2023_2,ocon,26,94.609,HARD,2,7779,8,14.429,9,0,34.762,29.881,29.966,303.0,2023-03-19T17:46:42.483000+00:00
1559,2023_2,gasly,26,95.105,HARD,2,7779,9,16.278,11,0,35.184,29.948,29.973,300.0,2023-03-19T17:46:44.264000+00:00
1560,2023_2,tsunoda,26,95.513,HARD,2,7779,10,17.53,8,0,35.364,30.084,30.065,310.0,2023-03-19T17:46:45.577000+00:00
1561,2023_2,kevin_magnussen,26,95.544,HARD,2,7779,11,17.945,17,0,35.626,29.977,29.941,329.0,2023-03-19T17:46:46.045000+00:00
1562,2023_2,hulkenberg,26,96.043,HARD,2,7779,12,18.224,14,0,36.101,30.023,29.919,325.0,2023-03-19T17:46:46.280000+00:00
1563,2023_2,albon,26,98.229,HARD,2,7779,13,18.794,8,0,36.237,30.742,31.25,315.0,2023-03-19T17:46:46.889000+00:00
1564,2023_2,sargeant,26,96.912,MEDIUM,2,7779,14,19.21,7,0,36.356,30.448,30.108,326.0,2023-03-19T17:46:47.295000+00:00
1565,2023_2,zhou,26,96.338,MEDIUM,3,7779,15,20.411,7,0,35.745,30.365,30.228,327.0,2023-03-19T17:46:48.467000+00:00
1566,2023_2,de_vries,26,96.074,HARD,2,7779,16,21.206,8,0,35.792,30.185,30.097,330.0,2023-03-19T17:46:49.311000+00:00
1567,2023_2,norris,26,95.315,MEDIUM,3,7779,17,22.819,6,0,35.187,30.037,30.091,325.0,2023-03-19T17:46:50.780000+00:00
1568,2023_2,piastri,26,95.752,HARD,2,7779,18,23.754,24,0,35.472,30.039,30.241,304.0,2023-03-19T17:46:51.811000+00:00
1569,2023_2,bottas,26,96.343,MEDIUM,3,7779,19,25.739,8,0,35.62,30.447,30.276,303.0,2023-03-19T17:46:53.795000+00:00
1570,2023_2,perez,27,92.891,HARD,2,7779,1,0.0,8,0,34.112,29.284,29.495,311.0,2023-03-19T17:48:01.153000+00:00
1571,2023_2,max_verstappen,27,92.838,HARD,2,7779,2,5.344,8,0,34.129,29.235,29.474,310.0,2023-03-19T17:48:06.466000+00:00
1572,2023_2,alonso,27,94.246,HARD,2,7779,3,7.383,9,0,34.815,29.586,29.845,302.0,2023-03-19T17:48:08.544000+00:00
1573,2023_2,russell,27,94.118,HARD,2,7779,4,9.48,8,0,34.807,29.52,29.791,306.0,2023-03-19T17:48:10.606000+00:00
1574,2023_2,hamilton,27,93.985,MEDIUM,2,7779,5,10.078,8,0,35.029,29.402,29.554,324.0,2023-03-19T17:48:11.200000+00:00
1575,2023_2,sainz,27,94.539,HARD,2,7779,6,12.204,11,0,34.795,29.855,29.889,303.0,2023-03-19T17:48:13.731000+00:00
1576,2023_2,leclerc,27,94.681,HARD,2,7779,7,13.463,10,0,34.766,29.913,30.002,306.0,2023-03-19T17:48:14.606000+00:00
1577,2023_2,ocon,27,94.903,HARD,2,7779,8,15.966,10,0,34.89,29.971,30.042,307.0,2023-03-19T17:48:17.153000+00:00
1578,2023_2,gasly,27,95.0,HARD,2,7779,9,18.311,12,0,35.158,29.873,29.969,301.0,2023-03-19T17:48:19.450000+00:00
1579,2023_2,tsunoda,27,95.392,HARD,2,7779,10,19.971,9,0,35.318,30.085,29.989,309.0,2023-03-19T17:48:21.137000+00:00
1580,2023_2,kevin_magnussen,27,95.501,HARD,2,7779,11,20.417,18,0,35.638,29.952,29.911,328.0,2023-03-19T17:48:21.559000+00:00
1581,2023_2,hulkenberg,27,96.238,HARD,2,7779,12,21.195,15,0,35.797,30.202,30.239,313.0,2023-03-19T17:48:22.340000+00:00
1582,2023_2,sargeant,27,95.604,MEDIUM,2,7779,13,23.05,8,0,35.532,29.868,30.204,306.0,2023-03-19T17:48:24.090000+00:00
1583,2023_2,zhou,27,95.629,MEDIUM,3,7779,14,23.677,8,0,35.716,29.879,30.034,324.0,2023-03-19T17:48:24.747000+00:00
1584,2023_2,albon,27,151.949,HARD,2,7779,15,23.951,9,0,52.325,42.259,57.365,193.0,2023-03-19T17:48:25.325000+00:00
1585,2023_2,de_vries,27,95.766,HARD,2,7779,16,24.303,9,0,35.889,30.023,29.854,323.0,2023-03-19T17:48:25.372000+00:00
1586,2023_2,norris,27,95.574,MEDIUM,3,7779,17,25.062,7,0,35.49,29.991,30.093,327.0,2023-03-19T17:48:26.231000+00:00
1587,2023_2,piastri,27,95.973,HARD,2,7779,18,26.434,25,0,35.543,30.151,30.279,303.0,2023-03-19T17:48:27.590000+00:00
1588,2023_2,bottas,27,96.993,MEDIUM,3,7779,19,29.01,9,0,35.914,30.522,30.557,301.0,2023-03-19T17:48:30.137000+00:00
1589,2023_2,perez,28,93.025,HARD,2,7779,1,0.0,9,0,34.182,29.345,29.498,309.0,2023-03-19T17:49:34.027000+00:00
1590,2023_2,max_verstappen,28,92.869,HARD,2,7779,2,5.291,9,0,34.108,29.273,29.488,311.0,2023-03-19T17:49:39.308000+00:00
1591,2023_2,alonso,28,94.062,HARD,2,7779,3,8.738,10,0,34.679,29.571,29.812,303.0,2023-03-19T17:49:42.776000+00:00
1592,2023_2,russell,28,94.091,HARD,2,7779,4,10.707,9,0,34.764,29.575,29.752,303.0,2023-03-19T17:49:44.714000+00:00
1593,2023_2,hamilton,28,94.234,MEDIUM,2,7779,5,11.172,9,0,35.118,29.541,29.575,321.0,2023-03-19T17:49:45.230000+00:00
1594,2023_2,sainz,28,94.762,HARD,2,7779,6,13.852,12,0,34.873,29.997,29.892,302.0,2023-03-19T17:49:47.886000+00:00
1595,2023_2,leclerc,28,94.886,HARD,2,7779,7,15.253,11,0,35.019,29.957,29.91,308.0,2023-03-19T17:49:49.292000+00:00
1596,2023_2,ocon,28,94.918,HARD,2,7779,8,17.978,11,0,34.893,30.013,30.012,301.0,2023-03-19T17:49:52.011000+00:00
1597,2023_2,gasly,28,94.65,HARD,2,7779,9,20.42,13,0,34.892,29.813,29.945,301.0,2023-03-19T17:49:54.511000+00:00
1598,2023_2,tsunoda,28,95.155,HARD,2,7779,10,22.472,10,0,35.162,30.021,29.972,312.0,2023-03-19T17:49:56.526000+00:00
1599,2023_2,kevin_magnussen,28,95.564,HARD,2,7779,11,23.027,19,0,35.553,30.038,29.973,325.0,2023-03-19T17:49:57.057000+00:00
1600,2023_2,hulkenberg,28,95.62,HARD,2,7779,12,24.542,16,0,35.439,29.912,30.269,310.0,2023-03-19T17:49:58.589000+00:00
1601,2023_2,sargeant,28,95.208,MEDIUM,2,7779,13,25.763,9,0,35.382,29.886,29.94,310.0,2023-03-19T17:49:59.807000+00:00
1602,2023_2,zhou,28,95.4,MEDIUM,3,7779,14,26.415,9,0,35.671,29.814,29.915,322.0,2023-03-19T17:50:00.464000+00:00
1603,2023_2,de_vries,28,95.508,HARD,2,7779,15,27.083,10,0,35.646,30.064,29.798,321.0,2023-03-19T17:50:01.026000+00:00
1604,2023_2,norris,28,95.724,MEDIUM,3,7779,16,27.745,8,0,35.616,30.057,30.051,321.0,2023-03-19T17:50:01.682000+00:00
1605,2023_2,piastri,28,95.543,HARD,2,7779,17,29.516,26,0,35.424,29.973,30.146,301.0,2023-03-19T17:50:03.432000+00:00
1606,2023_2,bottas,28,96.128,MEDIUM,3,7779,18,33.112,10,0,35.502,30.351,30.275,302.0,2023-03-19T17:50:07.042000+00:00
1607,2023_2,albon,28,,,,7779,19,74.48,,0,,,,,2023-03-19T17:50:57.010000+00:00
1608,2023_2,perez,29,92.726,HARD,2,7779,1,0.0,10,0,34.043,29.262,29.421,313.0,2023-03-19T17:51:07.041000+00:00
1609,2023_2,max_verstappen,29,92.67,HARD,2,7779,2,5.135,10,0,34.023,29.222,29.425,309.0,2023-03-19T17:51:12.165000+00:00
1610,2023_2,alonso,29,93.988,HARD,2,7779,3,9.775,11,0,34.661,29.501,29.826,299.0,2023-03-19T17:51:16.853000+00:00
1611,2023_2,russell,29,93.688,HARD,2,7779,4,11.773,10,0,34.505,29.425,29.758,298.0,2023-03-19T17:51:18.790000+00:00
1612,2023_2,hamilton,29,94.186,MEDIUM,2,7779,5,12.381,10,0,34.887,29.487,29.812,305.0,2023-03-19T17:51:19.384000+00:00
1613,2023_2,sainz,29,94.331,HARD,2,7779,6,15.589,13,0,34.597,29.842,29.892,303.0,2023-03-19T17:51:22.681000+00:00
1614,2023_2,leclerc,29,94.321,HARD,2,7779,7,17.114,12,0,34.731,29.784,29.806,306.0,2023-03-19T17:51:24.165000+00:00
1615,2023_2,ocon,29,94.582,HARD,2,7779,8,19.871,12,0,34.778,29.928,29.876,304.0,2023-03-19T17:51:26.946000+00:00
1616,2023_2,gasly,29,94.601,HARD,2,7779,9,22.045,14,0,34.831,29.864,29.906,301.0,2023-03-19T17:51:29.071000+00:00
1617,2023_2,tsunoda,29,94.791,HARD,2,7779,10,24.602,11,0,34.889,30.007,29.895,310.0,2023-03-19T17:51:31.665000+00:00
1618,2023_2,kevin_magnussen,29,95.001,HARD,2,7779,11,25.566,20,0,35.17,29.794,30.037,309.0,2023-03-19T17:51:32.618000+00:00
1619,2023_2,hulkenberg,29,95.176,HARD,2,7779,12,27.137,17,0,35.171,29.875,30.13,313.0,2023-03-19T17:51:34.196000+00:00
1620,2023_2,sargeant,29,94.738,MEDIUM,2,7779,13,27.946,10,0,35.229,29.702,29.807,328.0,2023-03-19T17:51:35.009000+00:00
1621,2023_2,zhou,29,94.811,MEDIUM,3,7779,14,28.79,10,0,35.246,29.84,29.725,319.0,2023-03-19T17:51:35.821000+00:00
1622,2023_2,de_vries,29,95.759,HARD,2,7779,15,29.566,11,0,35.467,30.104,30.188,303.0,2023-03-19T17:51:36.696000+00:00
1623,2023_2,norris,29,95.729,MEDIUM,3,7779,16,30.444,9,0,35.382,30.191,30.156,317.0,2023-03-19T17:51:37.556000+00:00
1624,2023_2,piastri,29,95.949,HARD,2,7779,17,32.034,27,0,35.499,30.21,30.24,304.0,2023-03-19T17:51:39.056000+00:00
1625,2023_2,bottas,29,96.166,MEDIUM,3,7779,18,36.215,11,0,35.363,30.388,30.415,302.0,2023-03-19T17:51:43.227000+00:00
1626,2023_2,perez,30,92.726,HARD,2,7779,1,0.0,11,0,33.99,29.276,29.46,309.0,2023-03-19T17:52:39.789000+00:00
1627,2023_2,max_verstappen,30,92.877,HARD,2,7779,2,5.079,11,0,34.18,29.228,29.469,312.0,2023-03-19T17:52:44.742000+00:00
1628,2023_2,alonso,30,93.654,HARD,2,7779,3,11.037,12,0,34.46,29.453,29.741,301.0,2023-03-19T17:52:50.820000+00:00
1629,2023_2,russell,30,94.165,HARD,2,7779,4,12.735,11,0,34.598,29.682,29.885,301.0,2023-03-19T17:52:52.492000+00:00
1630,2023_2,hamilton,30,94.447,MEDIUM,2,7779,5,13.841,11,0,35.012,29.603,29.832,303.0,2023-03-19T17:52:53.617000+00:00
1631,2023_2,sainz,30,94.498,HARD,2,7779,6,17.194,14,0,34.735,29.891,29.872,304.0,2023-03-19T17:52:57.007000+00:00
1632,2023_2,leclerc,30,94.334,HARD,2,7779,7,18.709,13,0,34.889,29.714,29.731,306.0,2023-03-19T17:52:58.492000+00:00
1633,2023_2,ocon,30,94.978,HARD,2,7779,8,21.727,13,0,34.899,29.979,30.1,301.0,2023-03-19T17:53:01.507000+00:00
1634,2023_2,gasly,30,94.869,HARD,2,7779,9,23.92,15,0,35.08,29.883,29.906,300.0,2023-03-19T17:53:03.726000+00:00
1635,2023_2,tsunoda,30,95.113,HARD,2,7779,10,26.667,12,0,35.004,30.111,29.998,308.0,2023-03-19T17:53:06.429000+00:00
1636,2023_2,kevin_magnussen,30,95.139,HARD,2,7779,11,27.841,21,0,35.163,29.854,30.122,309.0,2023-03-19T17:53:07.632000+00:00
1637,2023_2,hulkenberg,30,96.263,HARD,2,7779,12,29.587,18,0,36.309,29.923,30.031,307.0,2023-03-19T17:53:09.398000+00:00
1638,2023_2,sargeant,30,96.407,MEDIUM,2,7779,13,29.958,11,0,36.596,29.831,29.98,324.0,2023-03-19T17:53:09.757000+00:00
1639,2023_2,zhou,30,96.153,MEDIUM,3,7779,14,30.875,11,0,36.055,30.021,30.077,320.0,2023-03-19T17:53:10.648000+00:00
1640,2023_2,de_vries,30,95.778,HARD,2,7779,15,32.599,12,0,35.577,30.186,30.015,305.0,2023-03-19T17:53:12.351000+00:00
1641,2023_2,norris,30,95.446,MEDIUM,3,7779,16,33.447,10,0,,30.043,30.021,327.0,2023-03-19T17:53:13.226000+00:00
1642,2023_2,piastri,30,95.673,HARD,2,7779,17,35.257,28,0,35.46,30.04,30.173,301.0,2023-03-19T17:53:15.054000+00:00
1643,2023_2,bottas,30,95.846,MEDIUM,3,7779,18,39.655,12,0,35.357,30.207,30.282,300.0,2023-03-19T17:53:19.398000+00:00
1644,2023_2,perez,31,92.554,HARD,2,7779,1,0.0,12,0,34.028,29.154,29.372,313.0,2023-03-19T17:54:12.506000+00:00
1645,2023_2,max_verstappen,31,92.382,HARD,2,7779,2,5.23,12,0,33.896,29.086,29.4,311.0,2023-03-19T17:54:17.740000+00:00
1646,2023_2,alonso,31,93.605,HARD,2,7779,3,11.965,13,0,34.417,29.408,29.78,300.0,2023-03-19T17:54:24.459000+00:00
1647,2023_2,russell,31,93.433,HARD,2,7779,4,14.174,12,0,34.298,29.385,29.75,306.0,2023-03-19T17:54:26.662000+00:00
1648,2023_2,hamilton,31,93.846,MEDIUM,2,7779,5,15.562,12,0,34.637,29.429,29.78,304.0,2023-03-19T17:54:28.068000+00:00
1649,2023_2,sainz,31,94.104,HARD,2,7779,6,18.966,15,0,34.493,29.748,29.863,303.0,2023-03-19T17:54:31.474000+00:00
1650,2023_2,leclerc,31,94.082,HARD,2,7779,7,20.317,14,0,34.465,29.659,29.958,311.0,2023-03-19T17:54:32.818000+00:00
1651,2023_2,ocon,31,94.79,HARD,2,7779,8,23.979,14,0,34.741,29.95,30.099,300.0,2023-03-19T17:54:36.474000+00:00
1652,2023_2,gasly,31,94.735,HARD,2,7779,9,26.063,16,0,35.034,29.882,29.819,299.0,2023-03-19T17:54:38.552000+00:00
1653,2023_2,tsunoda,31,94.929,HARD,2,7779,10,29.054,13,0,34.898,29.993,30.038,308.0,2023-03-19T17:54:41.646000+00:00
1654,2023_2,kevin_magnussen,31,95.057,HARD,2,7779,11,30.254,22,0,35.146,29.775,30.136,310.0,2023-03-19T17:54:42.755000+00:00
1655,2023_2,hulkenberg,31,95.038,HARD,2,7779,12,33.124,19,0,35.077,29.805,30.156,306.0,2023-03-19T17:54:45.646000+00:00
1656,2023_2,sargeant,31,95.039,MEDIUM,2,7779,13,33.639,12,0,35.385,29.724,29.93,324.0,2023-03-19T17:54:46.162000+00:00
1657,2023_2,zhou,31,95.268,MEDIUM,3,7779,14,34.302,12,0,35.511,29.919,29.838,318.0,2023-03-19T17:54:46.787000+00:00
1658,2023_2,de_vries,31,95.64,HARD,2,7779,15,35.651,13,0,35.59,29.965,30.085,306.0,2023-03-19T17:54:48.146000+00:00
1659,2023_2,norris,31,95.694,MEDIUM,3,7779,16,36.167,11,0,35.572,30.102,30.02,314.0,2023-03-19T17:54:48.662000+00:00
1660,2023_2,piastri,31,95.446,HARD,2,7779,17,38.204,29,0,35.276,30.053,30.117,304.0,2023-03-19T17:54:50.724000+00:00
1661,2023_2,bottas,31,96.248,MEDIUM,3,7779,18,42.775,13,0,35.449,30.406,30.393,299.0,2023-03-19T17:54:55.271000+00:00
1662,2023_2,perez,32,92.498,HARD,2,7779,1,0.0,13,0,33.955,29.106,29.437,312.0,2023-03-19T17:55:45.082000+00:00
1663,2023_2,max_verstappen,32,92.4,HARD,2,7779,2,5.058,13,0,33.879,29.152,29.369,312.0,2023-03-19T17:55:50.129000+00:00
1664,2023_2,alonso,32,93.401,HARD,2,7779,3,13.016,14,0,34.257,29.397,29.747,300.0,2023-03-19T17:55:58.113000+00:00
1665,2023_2,russell,32,93.633,HARD,2,7779,4,15.053,13,0,34.355,29.513,29.765,303.0,2023-03-19T17:56:00.113000+00:00
1666,2023_2,hamilton,32,94.071,MEDIUM,2,7779,5,16.854,13,0,34.726,29.598,29.747,304.0,2023-03-19T17:56:01.910000+00:00
1667,2023_2,sainz,32,93.867,HARD,2,7779,6,20.516,16,0,34.447,29.646,29.774,305.0,2023-03-19T17:56:05.582000+00:00
1668,2023_2,leclerc,32,94.701,HARD,2,7779,7,21.845,15,0,35.337,29.681,29.683,312.0,2023-03-19T17:56:06.895000+00:00
1669,2023_2,ocon,32,94.641,HARD,2,7779,8,26.215,15,0,34.841,29.891,29.909,302.0,2023-03-19T17:56:11.269000+00:00
1670,2023_2,gasly,32,94.626,HARD,2,7779,9,28.244,17,0,34.85,29.891,29.885,301.0,2023-03-19T17:56:13.316000+00:00
1671,2023_2,tsunoda,32,95.246,HARD,2,7779,10,31.429,14,0,35.056,30.198,29.992,308.0,2023-03-19T17:56:16.488000+00:00
1672,2023_2,kevin_magnussen,32,94.959,HARD,2,7779,11,32.757,23,0,35.076,29.868,30.015,327.0,2023-03-19T17:56:17.816000+00:00
1673,2023_2,hulkenberg,32,95.368,HARD,2,7779,12,35.608,20,0,35.335,29.936,30.097,306.0,2023-03-19T17:56:21.035000+00:00
1674,2023_2,sargeant,32,95.314,MEDIUM,2,7779,13,36.124,13,0,35.383,29.775,30.156,331.0,2023-03-19T17:56:21.238000+00:00
1675,2023_2,zhou,32,95.136,MEDIUM,3,7779,14,37.016,13,0,35.313,29.99,29.833,321.0,2023-03-19T17:56:22.082000+00:00
1676,2023_2,de_vries,32,95.141,HARD,2,7779,15,38.737,14,0,35.148,29.977,30.016,306.0,2023-03-19T17:56:23.785000+00:00
1677,2023_2,norris,32,95.478,MEDIUM,3,7779,16,39.307,12,0,35.286,30.003,30.189,324.0,2023-03-19T17:56:24.363000+00:00
1678,2023_2,piastri,32,95.224,HARD,2,7779,17,41.096,30,0,35.216,29.95,30.058,303.0,2023-03-19T17:56:26.160000+00:00
1679,2023_2,bottas,32,96.142,MEDIUM,3,7779,18,46.469,14,0,35.299,30.397,30.446,299.0,2023-03-19T17:56:31.519000+00:00
1680,2023_2,perez,33,92.55,HARD,2,7779,1,0.0,14,0,34.073,29.135,29.342,310.0,2023-03-19T17:57:17.471000+00:00
1681,2023_2,max_verstappen,33,92.387,HARD,2,7779,2,4.96,14,0,33.895,29.164,29.328,312.0,2023-03-19T17:57:22.518000+00:00
1682,2023_2,alonso,33,93.337,HARD,2,7779,3,13.919,15,0,34.253,29.39,29.694,299.0,2023-03-19T17:57:31.487000+00:00
1683,2023_2,russell,33,93.52,HARD,2,7779,4,16.188,14,0,34.438,29.465,29.617,305.0,2023-03-19T17:57:33.737000+00:00
1684,2023_2,hamilton,33,93.874,MEDIUM,2,7779,5,18.427,14,0,34.799,29.449,29.626,305.0,2023-03-19T17:57:35.987000+00:00
1685,2023_2,sainz,33,93.989,HARD,2,7779,6,21.885,17,0,34.573,29.65,29.766,303.0,2023-03-19T17:57:39.471000+00:00
1686,2023_2,leclerc,33,93.787,HARD,2,7779,7,24.048,16,0,34.53,29.582,29.675,310.0,2023-03-19T17:57:41.627000+00:00
1687,2023_2,ocon,33,94.394,HARD,2,7779,8,28.358,16,0,34.546,29.89,29.958,302.0,2023-03-19T17:57:45.908000+00:00
1688,2023_2,gasly,33,94.516,HARD,2,7779,9,30.372,18,0,34.827,29.903,29.786,300.0,2023-03-19T17:57:47.924000+00:00
1689,2023_2,tsunoda,33,94.797,HARD,2,7779,10,34.177,15,0,34.937,29.998,29.862,308.0,2023-03-19T17:57:51.705000+00:00
1690,2023_2,kevin_magnussen,33,94.402,HARD,2,7779,11,35.218,24,0,35.14,29.71,29.552,334.0,2023-03-19T17:57:52.768000+00:00
1691,2023_2,hulkenberg,33,95.028,HARD,2,7779,12,38.478,21,0,35.177,29.928,29.923,307.0,2023-03-19T17:57:56.064000+00:00
1692,2023_2,sargeant,33,95.325,MEDIUM,2,7779,13,38.94,14,0,35.608,29.899,29.818,322.0,2023-03-19T17:57:56.486000+00:00
1693,2023_2,zhou,33,95.397,MEDIUM,3,7779,14,39.654,14,0,35.515,30.035,29.847,326.0,2023-03-19T17:57:57.205000+00:00
1694,2023_2,de_vries,33,95.188,HARD,2,7779,15,41.38,15,0,35.186,30.066,29.936,305.0,2023-03-19T17:57:58.939000+00:00
1695,2023_2,norris,33,95.49,MEDIUM,3,7779,16,42.287,13,0,35.177,30.207,30.106,301.0,2023-03-19T17:57:59.877000+00:00
1696,2023_2,piastri,33,95.644,HARD,2,7779,17,43.822,31,0,35.324,30.266,30.054,303.0,2023-03-19T17:58:01.408000+00:00
1697,2023_2,bottas,33,95.997,MEDIUM,3,7779,18,50.113,15,0,35.29,30.37,30.337,299.0,2023-03-19T17:58:07.658000+00:00
1698,2023_2,perez,34,92.294,HARD,2,7779,1,0.0,15,0,33.89,29.064,29.34,313.0,2023-03-19T17:58:50.126000+00:00
1699,2023_2,max_verstappen,34,92.341,HARD,2,7779,2,4.797,15,0,33.965,29.029,29.347,311.0,2023-03-19T17:58:54.907000+00:00
1700,2023_2,alonso,34,93.22,HARD,2,7779,3,14.706,16,0,34.337,29.274,29.609,300.0,2023-03-19T17:59:04.813000+00:00
1701,2023_2,russell,34,93.758,HARD,2,7779,4,17.158,15,0,34.527,29.491,29.74,303.0,2023-03-19T17:59:07.282000+00:00
1702,2023_2,hamilton,34,93.864,MEDIUM,2,7779,5,19.751,15,0,34.579,29.516,29.769,304.0,2023-03-19T17:59:09.844000+00:00
1703,2023_2,sainz,34,93.861,HARD,2,7779,6,23.324,18,0,34.467,29.626,29.768,303.0,2023-03-19T17:59:13.454000+00:00
1704,2023_2,leclerc,34,93.716,HARD,2,7779,7,25.285,17,0,34.467,29.612,29.637,308.0,2023-03-19T17:59:15.422000+00:00
1705,2023_2,ocon,34,94.698,HARD,2,7779,8,30.202,17,0,34.804,29.912,29.982,305.0,2023-03-19T17:59:20.313000+00:00
1706,2023_2,gasly,34,94.394,HARD,2,7779,9,32.338,19,0,34.792,29.848,29.754,300.0,2023-03-19T17:59:22.422000+00:00
1707,2023_2,tsunoda,34,94.925,HARD,2,7779,10,36.424,16,0,34.895,30.036,29.994,306.0,2023-03-19T17:59:26.547000+00:00
1708,2023_2,kevin_magnussen,34,94.852,HARD,2,7779,11,37.07,25,0,35.003,29.807,30.042,335.0,2023-03-19T17:59:27.469000+00:00
1709,2023_2,hulkenberg,34,95.478,HARD,2,7779,12,40.956,22,0,35.447,30.029,30.002,304.0,2023-03-19T17:59:31.094000+00:00
1710,2023_2,sargeant,34,95.069,MEDIUM,2,7779,13,41.715,15,0,35.353,29.808,29.908,327.0,2023-03-19T17:59:31.813000+00:00
1711,2023_2,zhou,34,95.361,MEDIUM,3,7779,14,42.501,15,0,35.442,30.021,29.898,322.0,2023-03-19T17:59:32.625000+00:00
1712,2023_2,de_vries,34,95.25,HARD,2,7779,15,44.018,16,0,35.141,30.057,30.052,304.0,2023-03-19T17:59:34.094000+00:00
1713,2023_2,norris,34,95.481,MEDIUM,3,7779,16,45.227,14,0,35.0,30.235,30.246,300.0,2023-03-19T17:59:35.344000+00:00
1714,2023_2,piastri,34,95.47,HARD,2,7779,17,46.916,32,0,35.19,30.047,30.233,301.0,2023-03-19T17:59:37.047000+00:00
1715,2023_2,bottas,34,96.148,MEDIUM,3,7779,18,53.56,16,0,35.404,30.385,30.359,297.0,2023-03-19T17:59:43.641000+00:00
1716,2023_2,perez,35,92.68,HARD,2,7779,1,0.0,16,0,33.959,29.282,29.439,309.0,2023-03-19T18:00:22.406000+00:00
1717,2023_2,max_verstappen,35,92.249,HARD,2,7779,2,4.844,16,0,33.736,29.176,29.337,309.0,2023-03-19T18:00:27.218000+00:00
1718,2023_2,alonso,35,93.514,HARD,2,7779,3,15.632,17,0,34.29,29.458,29.766,299.0,2023-03-19T18:00:38.015000+00:00
1719,2023_2,russell,35,93.756,HARD,2,7779,4,18.622,16,0,34.486,29.535,29.735,303.0,2023-03-19T18:00:40.999000+00:00
1720,2023_2,hamilton,35,93.887,MEDIUM,2,7779,5,21.321,16,0,34.653,29.499,29.735,304.0,2023-03-19T18:00:43.718000+00:00
1721,2023_2,sainz,35,93.862,HARD,2,7779,6,24.891,19,0,34.441,29.663,29.758,303.0,2023-03-19T18:00:47.311000+00:00
1722,2023_2,leclerc,35,94.341,HARD,2,7779,7,26.707,18,0,34.747,29.702,29.892,307.0,2023-03-19T18:00:49.108000+00:00
1723,2023_2,ocon,35,94.644,HARD,2,7779,8,32.606,18,0,34.776,29.943,29.925,301.0,2023-03-19T18:00:54.999000+00:00
1724,2023_2,gasly,35,94.5,HARD,2,7779,9,34.438,20,0,34.819,29.842,29.839,300.0,2023-03-19T18:00:56.842000+00:00
1725,2023_2,tsunoda,35,94.878,HARD,2,7779,10,39.055,17,0,34.829,29.986,30.063,305.0,2023-03-19T18:01:01.436000+00:00
1726,2023_2,kevin_magnussen,35,95.659,HARD,2,7779,11,39.628,26,0,35.872,29.77,30.017,305.0,2023-03-19T18:01:02.014000+00:00
1727,2023_2,hulkenberg,35,95.013,HARD,2,7779,12,44.14,23,0,35.078,29.98,29.955,302.0,2023-03-19T18:01:06.561000+00:00
1728,2023_2,sargeant,35,95.523,MEDIUM,2,7779,13,44.49,16,0,35.628,29.965,29.93,322.0,2023-03-19T18:01:06.905000+00:00
1729,2023_2,zhou,35,95.164,MEDIUM,3,7779,14,45.568,16,0,35.358,30.039,29.767,327.0,2023-03-19T18:01:07.952000+00:00
1730,2023_2,de_vries,35,95.027,HARD,2,7779,15,46.974,17,0,34.996,30.021,30.01,310.0,2023-03-19T18:01:09.373000+00:00
1731,2023_2,norris,35,95.261,MEDIUM,3,7779,16,48.414,15,0,34.781,30.195,30.285,301.0,2023-03-19T18:01:10.795000+00:00
1732,2023_2,piastri,35,95.277,HARD,2,7779,17,50.092,33,0,35.171,30.058,30.048,303.0,2023-03-19T18:01:12.467000+00:00
1733,2023_2,bottas,35,98.834,MEDIUM,3,7779,18,57.414,17,0,35.319,30.431,33.084,298.0,2023-03-19T18:01:19.795000+00:00
1734,2023_2,perez,36,92.292,HARD,2,7779,1,0.0,17,0,33.794,29.133,29.365,313.0,2023-03-19T18:01:55.076000+00:00
1735,2023_2,max_verstappen,36,92.384,HARD,2,7779,2,4.413,17,0,33.812,29.204,29.368,311.0,2023-03-19T18:01:59.498000+00:00
1736,2023_2,alonso,36,93.323,HARD,2,7779,3,16.466,18,0,34.262,29.348,29.713,299.0,2023-03-19T18:02:11.544000+00:00
1737,2023_2,russell,36,93.625,HARD,2,7779,4,19.698,17,0,34.459,29.494,29.672,302.0,2023-03-19T18:02:14.794000+00:00
1738,2023_2,hamilton,36,93.39,MEDIUM,2,7779,5,22.528,17,0,34.353,29.411,29.626,303.0,2023-03-19T18:02:17.622000+00:00
1739,2023_2,sainz,36,93.539,HARD,2,7779,6,26.073,20,0,34.29,29.568,29.681,305.0,2023-03-19T18:02:21.169000+00:00
1740,2023_2,leclerc,36,93.749,HARD,2,7779,7,28.368,19,0,34.414,29.566,29.769,307.0,2023-03-19T18:02:23.450000+00:00
1741,2023_2,ocon,36,94.286,HARD,2,7779,8,34.57,19,0,34.537,29.797,29.952,302.0,2023-03-19T18:02:29.653000+00:00
1742,2023_2,gasly,36,94.436,HARD,2,7779,9,36.258,21,0,34.769,29.815,29.852,301.0,2023-03-19T18:02:31.309000+00:00
1743,2023_2,tsunoda,36,94.61,HARD,2,7779,10,41.253,18,0,34.693,30.002,29.915,307.0,2023-03-19T18:02:36.341000+00:00
1744,2023_2,kevin_magnussen,36,94.662,HARD,2,7779,11,42.607,27,0,34.756,29.828,30.078,308.0,2023-03-19T18:02:37.684000+00:00
1745,2023_2,hulkenberg,36,94.957,HARD,2,7779,12,46.473,24,0,34.969,29.914,30.074,305.0,2023-03-19T18:02:41.590000+00:00
1746,2023_2,sargeant,36,95.534,MEDIUM,2,7779,13,47.333,17,0,35.293,30.024,30.217,307.0,2023-03-19T18:02:42.403000+00:00
1747,2023_2,zhou,36,95.233,MEDIUM,3,7779,14,48.052,17,0,35.337,29.963,29.933,329.0,2023-03-19T18:02:43.122000+00:00
1748,2023_2,de_vries,36,94.763,HARD,2,7779,15,49.321,18,0,35.199,29.894,29.67,323.0,2023-03-19T18:02:44.372000+00:00
1749,2023_2,norris,36,95.158,MEDIUM,3,7779,16,50.995,16,0,34.918,30.061,30.179,300.0,2023-03-19T18:02:46.059000+00:00
1750,2023_2,piastri,36,95.005,HARD,2,7779,17,52.689,34,0,35.071,29.911,30.023,304.0,2023-03-19T18:02:47.778000+00:00
1751,2023_2,bottas,36,114.109,SOFT,4,7779,18,60.901,0,1,53.574,30.333,30.202,293.0,2023-03-19T18:02:58.653000+00:00
1752,2023_2,perez,37,92.638,HARD,2,7779,1,0.0,18,0,33.821,29.069,29.748,314.0,2023-03-19T18:03:27.387000+00:00
1753,2023_2,max_verstappen,37,92.496,HARD,2,7779,2,4.505,18,0,33.844,29.29,29.362,312.0,2023-03-19T18:03:31.855000+00:00
1754,2023_2,alonso,37,93.175,HARD,2,7779,3,17.497,19,0,34.266,29.261,29.648,299.0,2023-03-19T18:03:44.871000+00:00
1755,2023_2,russell,37,93.524,HARD,2,7779,4,21.031,18,0,34.432,29.521,29.571,303.0,2023-03-19T18:03:48.417000+00:00
1756,2023_2,hamilton,37,93.625,MEDIUM,2,7779,5,23.626,18,0,34.3,29.476,29.849,305.0,2023-03-19T18:03:50.995000+00:00
1757,2023_2,sainz,37,93.803,HARD,2,7779,6,27.32,21,0,34.365,29.664,29.774,304.0,2023-03-19T18:03:54.699000+00:00
1758,2023_2,leclerc,37,93.839,HARD,2,7779,7,29.825,20,0,34.424,29.621,29.794,306.0,2023-03-19T18:03:57.277000+00:00
1759,2023_2,ocon,37,94.136,HARD,2,7779,8,36.564,20,0,34.586,29.772,29.778,306.0,2023-03-19T18:04:03.933000+00:00
1760,2023_2,gasly,37,94.289,HARD,2,7779,9,38.402,22,0,34.698,29.776,29.815,300.0,2023-03-19T18:04:05.776000+00:00
1761,2023_2,tsunoda,37,94.715,HARD,2,7779,10,43.571,19,0,34.768,29.975,29.972,306.0,2023-03-19T18:04:10.933000+00:00
1762,2023_2,kevin_magnussen,37,94.357,HARD,2,7779,11,44.977,28,0,34.728,29.659,29.97,309.0,2023-03-19T18:04:12.339000+00:00
1763,2023_2,hulkenberg,37,94.809,HARD,2,7779,12,49.138,25,0,34.941,29.859,30.009,304.0,2023-03-19T18:04:16.511000+00:00
1764,2023_2,sargeant,37,95.437,MEDIUM,2,7779,13,50.575,18,0,35.36,29.984,30.093,305.0,2023-03-19T18:04:17.933000+00:00
1765,2023_2,zhou,37,95.391,MEDIUM,3,7779,14,50.993,18,0,35.679,29.905,29.807,329.0,2023-03-19T18:04:18.386000+00:00
1766,2023_2,de_vries,37,95.127,HARD,2,7779,15,51.792,19,0,35.485,29.869,29.773,326.0,2023-03-19T18:04:19.198000+00:00
1767,2023_2,norris,37,95.005,MEDIUM,3,7779,16,53.861,17,0,34.753,30.103,30.149,300.0,2023-03-19T18:04:21.214000+00:00
1768,2023_2,piastri,37,94.859,HARD,2,7779,17,55.402,35,0,34.976,29.888,29.995,301.0,2023-03-19T18:04:22.761000+00:00
1769,2023_2,bottas,37,94.384,SOFT,4,7779,18,85.385,1,0,34.584,29.88,29.92,298.0,2023-03-19T18:04:52.744000+00:00
1770,2023_2,perez,38,92.188,HARD,2,7779,1,0.0,19,0,33.721,29.122,29.345,315.0,2023-03-19T18:05:00.010000+00:00
1771,2023_2,max_verstappen,38,93.123,HARD,2,7779,2,4.363,19,0,34.607,29.176,29.34,312.0,2023-03-19T18:05:04.369000+00:00
1772,2023_2,alonso,38,93.174,HARD,2,7779,3,18.034,20,0,34.168,29.302,29.704,299.0,2023-03-19T18:05:18.088000+00:00
1773,2023_2,russell,38,93.42,HARD,2,7779,4,21.917,19,0,34.261,29.407,29.752,304.0,2023-03-19T18:05:21.900000+00:00
1774,2023_2,hamilton,38,93.653,MEDIUM,2,7779,5,24.613,19,0,34.471,29.423,29.759,305.0,2023-03-19T18:05:24.588000+00:00
1775,2023_2,sainz,38,93.913,HARD,2,7779,6,28.485,22,0,34.618,29.541,29.754,303.0,2023-03-19T18:05:28.509000+00:00
1776,2023_2,leclerc,38,93.713,HARD,2,7779,7,31.026,21,0,34.296,29.653,29.764,308.0,2023-03-19T18:05:31.041000+00:00
1777,2023_2,ocon,38,94.216,HARD,2,7779,8,38.062,21,0,34.542,29.84,29.834,301.0,2023-03-19T18:05:38.087000+00:00
1778,2023_2,gasly,38,94.355,HARD,2,7779,9,40.053,23,0,34.719,29.81,29.826,301.0,2023-03-19T18:05:40.103000+00:00
1779,2023_2,tsunoda,38,94.488,HARD,2,7779,10,45.648,20,0,34.665,29.928,29.895,307.0,2023-03-19T18:05:45.650000+00:00
1780,2023_2,kevin_magnussen,38,94.047,HARD,2,7779,11,46.696,29,0,34.689,29.572,29.786,327.0,2023-03-19T18:05:46.697000+00:00
1781,2023_2,hulkenberg,38,94.03,HARD,2,7779,12,51.309,26,0,34.547,29.644,29.839,309.0,2023-03-19T18:05:51.353000+00:00
1782,2023_2,sargeant,38,96.144,MEDIUM,2,7779,13,53.374,19,0,36.336,29.885,29.923,325.0,2023-03-19T18:05:53.400000+00:00
1783,2023_2,zhou,38,95.158,MEDIUM,3,7779,14,53.746,19,0,35.027,30.008,30.123,298.0,2023-03-19T18:05:53.743000+00:00
1784,2023_2,de_vries,38,95.591,HARD,2,7779,15,54.281,20,0,36.087,29.76,29.744,325.0,2023-03-19T18:05:54.587000+00:00
1785,2023_2,norris,38,94.658,MEDIUM,3,7779,16,56.228,18,0,34.856,29.888,29.914,322.0,2023-03-19T18:05:56.212000+00:00
1786,2023_2,piastri,38,94.827,HARD,2,7779,17,57.623,36,0,34.928,29.896,30.003,305.0,2023-03-19T18:05:57.649000+00:00
1787,2023_2,bottas,38,94.976,SOFT,4,7779,18,87.131,2,0,34.741,30.081,30.154,296.0,2023-03-19T18:06:27.133000+00:00
1788,2023_2,perez,39,93.19,HARD,2,7779,1,0.0,20,0,34.355,29.362,29.473,312.0,2023-03-19T18:06:32.211000+00:00
1789,2023_2,max_verstappen,39,92.432,HARD,2,7779,2,5.298,20,0,33.87,29.263,29.299,314.0,2023-03-19T18:06:37.492000+00:00
1790,2023_2,alonso,39,93.249,HARD,2,7779,3,19.02,21,0,34.242,29.35,29.657,300.0,2023-03-19T18:06:51.242000+00:00
1791,2023_2,russell,39,93.555,HARD,2,7779,4,23.149,20,0,34.407,29.509,29.639,302.0,2023-03-19T18:06:55.336000+00:00
1792,2023_2,hamilton,39,93.383,MEDIUM,2,7779,5,26.078,20,0,34.304,29.429,29.65,304.0,2023-03-19T18:06:58.273000+00:00
1793,2023_2,sainz,39,93.465,HARD,2,7779,6,30.21,23,0,34.249,29.564,29.652,305.0,2023-03-19T18:07:02.398000+00:00
1794,2023_2,leclerc,39,93.479,HARD,2,7779,7,32.551,22,0,34.277,29.608,29.594,309.0,2023-03-19T18:07:04.773000+00:00
1795,2023_2,ocon,39,94.039,HARD,2,7779,8,40.09,22,0,34.529,29.735,29.775,303.0,2023-03-19T18:07:12.289000+00:00
1796,2023_2,gasly,39,93.929,HARD,2,7779,9,42.22,24,0,34.556,29.662,29.711,302.0,2023-03-19T18:07:14.414000+00:00
1797,2023_2,tsunoda,39,94.353,HARD,2,7779,10,47.948,21,0,34.593,29.907,29.853,308.0,2023-03-19T18:07:20.132000+00:00
1798,2023_2,kevin_magnussen,39,94.189,HARD,2,7779,11,48.555,30,0,34.822,29.514,29.853,328.0,2023-03-19T18:07:20.757000+00:00
1799,2023_2,hulkenberg,39,94.263,HARD,2,7779,12,53.151,27,0,34.703,29.646,29.914,308.0,2023-03-19T18:07:25.398000+00:00
1800,2023_2,zhou,39,94.646,MEDIUM,3,7779,13,56.716,20,0,34.718,29.924,30.004,299.0,2023-03-19T18:07:28.835000+00:00
1801,2023_2,sargeant,39,95.718,MEDIUM,2,7779,14,57.33,20,0,35.517,29.99,30.211,308.0,2023-03-19T18:07:29.554000+00:00
1802,2023_2,de_vries,39,95.769,HARD,2,7779,15,57.684,21,0,35.687,29.775,30.307,329.0,2023-03-19T18:07:29.898000+00:00
1803,2023_2,norris,39,95.057,MEDIUM,3,7779,16,58.698,19,0,35.196,29.926,29.935,324.0,2023-03-19T18:07:30.867000+00:00
1804,2023_2,piastri,39,94.949,HARD,2,7779,17,60.262,37,0,35.029,29.864,30.056,303.0,2023-03-19T18:07:32.476000+00:00
1805,2023_2,bottas,39,95.348,SOFT,4,7779,18,89.919,3,0,34.907,30.077,30.364,296.0,2023-03-19T18:08:02.116000+00:00
1806,2023_2,perez,40,92.83,HARD,2,7779,1,0.0,21,0,34.138,29.218,29.474,319.0,2023-03-19T18:08:05.397000+00:00
1807,2023_2,max_verstappen,40,92.606,HARD,2,7779,2,4.54,21,0,33.947,29.238,29.421,312.0,2023-03-19T18:08:09.928000+00:00
1808,2023_2,alonso,40,92.768,HARD,2,7779,3,19.079,22,0,34.115,29.16,29.493,301.0,2023-03-19T18:08:24.459000+00:00
1809,2023_2,russell,40,93.459,HARD,2,7779,4,23.514,21,0,34.44,29.352,29.667,302.0,2023-03-19T18:08:28.897000+00:00
1810,2023_2,hamilton,40,93.507,MEDIUM,2,7779,5,26.271,21,0,34.342,29.468,29.697,304.0,2023-03-19T18:08:31.647000+00:00
1811,2023_2,sainz,40,93.403,HARD,2,7779,6,30.485,24,0,34.251,29.511,29.641,306.0,2023-03-19T18:08:35.865000+00:00
1812,2023_2,leclerc,40,93.569,HARD,2,7779,7,32.84,23,0,34.356,29.507,29.706,308.0,2023-03-19T18:08:38.240000+00:00
1813,2023_2,ocon,40,93.826,HARD,2,7779,8,40.939,23,0,34.4,29.649,29.777,303.0,2023-03-19T18:08:46.334000+00:00
1814,2023_2,gasly,40,94.11,HARD,2,7779,9,42.959,25,0,34.696,29.719,29.695,302.0,2023-03-19T18:08:48.365000+00:00
1815,2023_2,tsunoda,40,94.373,HARD,2,7779,10,49.111,22,0,34.694,29.881,29.798,308.0,2023-03-19T18:08:54.474000+00:00
1816,2023_2,kevin_magnussen,40,95.449,HARD,2,7779,11,49.554,31,0,35.513,29.885,30.051,305.0,2023-03-19T18:08:54.959000+00:00
1817,2023_2,hulkenberg,40,94.365,HARD,2,7779,12,54.224,28,0,34.772,29.663,29.93,308.0,2023-03-19T18:08:59.646000+00:00
1818,2023_2,zhou,40,94.764,MEDIUM,3,7779,13,58.172,21,0,34.787,29.919,30.058,299.0,2023-03-19T18:09:03.552000+00:00
1819,2023_2,sargeant,40,95.18,MEDIUM,2,7779,14,59.858,21,0,35.217,29.897,30.066,307.0,2023-03-19T18:09:05.255000+00:00
1820,2023_2,de_vries,40,95.091,HARD,2,7779,15,60.263,22,0,35.505,29.7,29.886,323.0,2023-03-19T18:09:05.677000+00:00
1821,2023_2,norris,40,95.549,MEDIUM,3,7779,16,60.565,20,0,35.651,29.957,29.941,321.0,2023-03-19T18:09:05.927000+00:00
1822,2023_2,piastri,40,94.429,HARD,2,7779,17,62.021,38,0,35.162,29.669,29.598,331.0,2023-03-19T18:09:07.396000+00:00
1823,2023_2,bottas,40,96.474,SOFT,4,7779,18,92.077,4,0,36.139,30.143,30.192,296.0,2023-03-19T18:09:37.442000+00:00
1824,2023_2,perez,41,92.637,HARD,2,7779,1,0.0,22,0,33.911,29.329,29.397,311.0,2023-03-19T18:09:38.224000+00:00
1825,2023_2,max_verstappen,41,92.638,HARD,2,7779,2,4.316,22,0,34.131,29.221,29.286,315.0,2023-03-19T18:09:42.520000+00:00
1826,2023_2,alonso,41,93.127,HARD,2,7779,3,19.017,23,0,34.174,29.272,29.681,299.0,2023-03-19T18:09:57.223000+00:00
1827,2023_2,russell,41,92.998,HARD,2,7779,4,24.143,22,0,34.181,29.273,29.544,303.0,2023-03-19T18:10:02.364000+00:00
1828,2023_2,hamilton,41,93.22,MEDIUM,2,7779,5,26.948,22,0,34.246,29.304,29.67,305.0,2023-03-19T18:10:05.129000+00:00
1829,2023_2,sainz,41,93.411,HARD,2,7779,6,31.058,25,0,34.22,29.557,29.634,304.0,2023-03-19T18:10:09.270000+00:00
1830,2023_2,leclerc,41,93.155,HARD,2,7779,7,33.579,24,0,34.129,29.437,29.589,308.0,2023-03-19T18:10:11.817000+00:00
1831,2023_2,ocon,41,93.915,HARD,2,7779,8,41.935,24,0,34.432,29.658,29.825,301.0,2023-03-19T18:10:20.145000+00:00
1832,2023_2,gasly,41,93.829,HARD,2,7779,9,44.239,26,0,34.495,29.676,29.658,301.0,2023-03-19T18:10:22.457000+00:00
1833,2023_2,tsunoda,41,94.316,HARD,2,7779,10,50.654,23,0,34.614,29.832,29.87,307.0,2023-03-19T18:10:28.863000+00:00
1834,2023_2,kevin_magnussen,41,94.27,HARD,2,7779,11,52.173,32,0,34.55,29.591,30.129,304.0,2023-03-19T18:10:30.379000+00:00
1835,2023_2,hulkenberg,41,94.047,HARD,2,7779,12,55.759,29,0,34.647,29.544,29.856,309.0,2023-03-19T18:10:33.988000+00:00
1836,2023_2,zhou,41,94.363,MEDIUM,3,7779,13,60.106,22,0,34.607,29.767,29.989,302.0,2023-03-19T18:10:38.316000+00:00
1837,2023_2,sargeant,41,95.974,MEDIUM,2,7779,14,62.208,22,0,35.177,29.779,31.018,305.0,2023-03-19T18:10:40.472000+00:00
1838,2023_2,de_vries,41,95.319,HARD,2,7779,15,62.524,23,0,35.508,29.746,30.065,324.0,2023-03-19T18:10:40.722000+00:00
1839,2023_2,norris,41,94.969,MEDIUM,3,7779,16,63.284,21,0,35.19,29.911,29.868,323.0,2023-03-19T18:10:41.519000+00:00
1840,2023_2,piastri,41,95.301,HARD,2,7779,17,63.62,39,0,35.756,29.899,29.646,323.0,2023-03-19T18:10:41.847000+00:00
1841,2023_2,perez,42,92.235,HARD,2,7779,1,0.0,23,0,33.851,29.083,29.301,314.0,2023-03-19T18:11:10.847000+00:00
1842,2023_2,bottas,41,96.7,SOFT,4,7779,18,,5,0,36.656,29.954,30.09,301.0,2023-03-19T18:11:13.909000+00:00
1843,2023_2,max_verstappen,42,92.274,HARD,2,7779,2,4.317,23,0,33.899,29.131,29.244,317.0,2023-03-19T18:11:15.159000+00:00
1844,2023_2,alonso,42,93.156,HARD,2,7779,3,19.507,24,0,34.288,29.155,29.713,301.0,2023-03-19T18:11:30.362000+00:00
1845,2023_2,russell,42,93.041,HARD,2,7779,4,24.504,23,0,34.243,29.279,29.519,303.0,2023-03-19T18:11:35.362000+00:00
1846,2023_2,hamilton,42,93.314,MEDIUM,2,7779,5,27.531,23,0,34.295,29.309,29.71,302.0,2023-03-19T18:11:38.346000+00:00
1847,2023_2,sainz,42,93.432,HARD,2,7779,6,31.832,26,0,34.319,29.445,29.668,305.0,2023-03-19T18:11:42.675000+00:00
1848,2023_2,leclerc,42,93.384,HARD,2,7779,7,34.097,25,0,34.237,29.412,29.735,308.0,2023-03-19T18:11:44.956000+00:00
1849,2023_2,ocon,42,93.964,HARD,2,7779,8,43.213,25,0,34.38,29.702,29.882,301.0,2023-03-19T18:11:54.143000+00:00
1850,2023_2,gasly,42,93.96,HARD,2,7779,9,45.431,27,0,34.566,29.705,29.689,301.0,2023-03-19T18:11:56.284000+00:00
1851,2023_2,tsunoda,42,94.056,HARD,2,7779,10,52.333,24,0,34.343,29.846,29.867,308.0,2023-03-19T18:12:03.190000+00:00
1852,2023_2,kevin_magnussen,42,93.753,HARD,2,7779,11,53.806,33,0,34.366,29.545,29.842,308.0,2023-03-19T18:12:04.705000+00:00
1853,2023_2,hulkenberg,42,94.351,HARD,2,7779,12,57.169,30,0,34.752,29.642,29.957,309.0,2023-03-19T18:12:08.033000+00:00
1854,2023_2,zhou,42,94.825,MEDIUM,3,7779,13,61.832,23,0,34.746,29.923,30.156,301.0,2023-03-19T18:12:12.768000+00:00
1855,2023_2,de_vries,42,94.968,HARD,2,7779,14,65.206,24,0,35.22,29.669,30.079,305.0,2023-03-19T18:12:16.018000+00:00
1856,2023_2,sargeant,42,95.92,MEDIUM,2,7779,15,65.545,23,0,35.852,29.839,30.229,310.0,2023-03-19T18:12:16.408000+00:00
1857,2023_2,norris,42,96.183,MEDIUM,3,7779,16,65.616,22,0,36.194,29.941,30.048,318.0,2023-03-19T18:12:16.580000+00:00
1858,2023_2,piastri,42,95.951,HARD,2,7779,17,66.284,40,0,36.126,30.055,29.77,325.0,2023-03-19T18:12:17.189000+00:00
1859,2023_2,perez,43,92.308,HARD,2,7779,1,0.0,24,0,33.976,29.04,29.292,315.0,2023-03-19T18:12:43.095000+00:00
1860,2023_2,max_verstappen,43,92.343,HARD,2,7779,2,4.356,24,0,33.863,29.151,29.329,311.0,2023-03-19T18:12:47.439000+00:00
1861,2023_2,bottas,42,95.325,SOFT,4,7779,18,,6,0,35.091,30.048,30.186,299.0,2023-03-19T18:12:50.642000+00:00
1862,2023_2,alonso,43,93.207,HARD,2,7779,3,20.428,25,0,34.313,29.208,29.686,299.0,2023-03-19T18:13:03.501000+00:00
1863,2023_2,russell,43,93.083,HARD,2,7779,4,25.31,24,0,34.195,29.25,29.638,303.0,2023-03-19T18:13:08.392000+00:00
1864,2023_2,hamilton,43,93.011,MEDIUM,2,7779,5,28.61,24,0,34.199,29.248,29.564,304.0,2023-03-19T18:13:11.704000+00:00
1865,2023_2,sainz,43,93.288,HARD,2,7779,6,33.029,27,0,34.156,29.532,29.6,304.0,2023-03-19T18:13:16.126000+00:00
1866,2023_2,leclerc,43,93.447,HARD,2,7779,7,35.246,26,0,34.2,29.505,29.742,308.0,2023-03-19T18:13:18.345000+00:00
1867,2023_2,ocon,43,93.897,HARD,2,7779,8,44.942,26,0,34.406,29.633,29.858,301.0,2023-03-19T18:13:28.048000+00:00
1868,2023_2,gasly,43,94.026,HARD,2,7779,9,47.156,28,0,34.703,29.57,29.753,301.0,2023-03-19T18:13:30.266000+00:00
1869,2023_2,tsunoda,43,93.989,HARD,2,7779,10,54.154,25,0,34.447,29.704,29.838,307.0,2023-03-19T18:13:37.266000+00:00
1870,2023_2,kevin_magnussen,43,94.108,HARD,2,7779,11,55.324,34,0,34.537,29.527,30.044,308.0,2023-03-19T18:13:38.422000+00:00
1871,2023_2,hulkenberg,43,94.388,HARD,2,7779,12,59.285,31,0,34.736,29.691,29.961,306.0,2023-03-19T18:13:42.391000+00:00
1872,2023_2,zhou,43,94.514,MEDIUM,3,7779,13,64.422,24,0,34.732,29.784,29.998,304.0,2023-03-19T18:13:47.516000+00:00
1873,2023_2,de_vries,43,94.22,HARD,2,7779,14,67.939,25,0,34.65,29.746,29.824,305.0,2023-03-19T18:13:51.016000+00:00
1874,2023_2,sargeant,43,95.229,MEDIUM,2,7779,15,69.23,24,0,35.158,29.895,30.176,307.0,2023-03-19T18:13:52.328000+00:00
1875,2023_2,norris,43,95.228,MEDIUM,3,7779,16,69.564,23,0,35.213,29.94,30.075,329.0,2023-03-19T18:13:52.735000+00:00
1876,2023_2,piastri,43,95.257,HARD,2,7779,17,70.0,41,0,35.405,29.686,30.166,323.0,2023-03-19T18:13:53.094000+00:00
1877,2023_2,perez,44,92.267,HARD,2,7779,1,0.0,25,0,33.81,29.112,29.345,314.0,2023-03-19T18:14:15.406000+00:00
1878,2023_2,max_verstappen,44,92.848,HARD,2,7779,2,4.391,25,0,33.922,29.333,29.593,312.0,2023-03-19T18:14:19.765000+00:00
1879,2023_2,bottas,43,95.288,SOFT,4,7779,18,,7,0,35.137,30.003,30.148,297.0,2023-03-19T18:14:25.953000+00:00
1880,2023_2,alonso,44,93.189,HARD,2,7779,3,21.327,26,0,34.252,29.183,29.754,299.0,2023-03-19T18:14:36.734000+00:00
1881,2023_2,russell,44,93.243,HARD,2,7779,4,26.085,25,0,34.26,29.381,29.602,301.0,2023-03-19T18:14:41.499000+00:00
1882,2023_2,hamilton,44,93.099,MEDIUM,2,7779,5,29.313,25,0,34.196,29.277,29.626,302.0,2023-03-19T18:14:44.687000+00:00
1883,2023_2,sainz,44,93.358,HARD,2,7779,6,34.009,28,0,34.201,29.459,29.698,302.0,2023-03-19T18:14:49.405000+00:00
1884,2023_2,leclerc,44,93.322,HARD,2,7779,7,36.385,27,0,34.086,29.571,29.665,307.0,2023-03-19T18:14:51.796000+00:00
1885,2023_2,ocon,44,93.841,HARD,2,7779,8,46.531,27,0,34.312,29.655,29.874,300.0,2023-03-19T18:15:01.937000+00:00
1886,2023_2,gasly,44,94.131,HARD,2,7779,9,48.874,29,0,34.652,29.659,29.82,300.0,2023-03-19T18:15:04.249000+00:00
1887,2023_2,tsunoda,44,94.189,HARD,2,7779,10,55.835,26,0,34.514,29.773,29.902,306.0,2023-03-19T18:15:11.280000+00:00
1888,2023_2,kevin_magnussen,44,93.374,HARD,2,7779,11,57.124,35,0,34.389,29.287,29.698,326.0,2023-03-19T18:15:12.530000+00:00
1889,2023_2,hulkenberg,44,94.168,HARD,2,7779,12,61.365,32,0,34.616,29.635,29.917,307.0,2023-03-19T18:15:16.780000+00:00
1890,2023_2,zhou,44,94.622,MEDIUM,3,7779,13,66.628,25,0,34.763,29.772,30.087,301.0,2023-03-19T18:15:21.999000+00:00
1891,2023_2,de_vries,44,94.036,HARD,2,7779,14,69.851,26,0,34.556,29.667,29.813,305.0,2023-03-19T18:15:25.233000+00:00
1892,2023_2,sargeant,44,94.905,MEDIUM,2,7779,15,72.151,25,0,34.928,29.873,30.104,308.0,2023-03-19T18:15:27.561000+00:00
1893,2023_2,norris,44,95.519,MEDIUM,3,7779,16,72.484,24,0,35.243,30.024,30.252,315.0,2023-03-19T18:15:27.889000+00:00
1894,2023_2,piastri,44,94.861,HARD,2,7779,17,72.949,42,0,35.451,29.79,29.62,330.0,2023-03-19T18:15:28.342000+00:00
1895,2023_2,perez,45,92.419,HARD,2,7779,1,0.0,26,0,33.903,29.16,29.356,312.0,2023-03-19T18:15:47.686000+00:00
1896,2023_2,max_verstappen,45,92.968,HARD,2,7779,2,4.972,26,0,34.195,29.328,29.445,315.0,2023-03-19T18:15:52.623000+00:00
1897,2023_2,bottas,44,95.004,SOFT,4,7779,18,,8,0,34.932,29.918,30.154,298.0,2023-03-19T18:16:01.232000+00:00
1898,2023_2,alonso,45,93.075,HARD,2,7779,3,22.249,27,0,34.293,29.216,29.566,299.0,2023-03-19T18:16:09.920000+00:00
1899,2023_2,russell,45,92.917,HARD,2,7779,4,27.061,26,0,34.139,29.27,29.508,303.0,2023-03-19T18:16:14.701000+00:00
1900,2023_2,hamilton,45,93.054,MEDIUM,2,7779,5,30.145,26,0,34.154,29.26,29.64,305.0,2023-03-19T18:16:17.857000+00:00
1901,2023_2,sainz,45,93.512,HARD,2,7779,6,35.1,29,0,34.267,29.613,29.632,302.0,2023-03-19T18:16:22.779000+00:00
1902,2023_2,leclerc,45,93.238,HARD,2,7779,7,37.44,28,0,34.204,29.407,29.627,311.0,2023-03-19T18:16:25.123000+00:00
1903,2023_2,ocon,45,93.815,HARD,2,7779,8,48.105,28,0,34.357,29.638,29.82,300.0,2023-03-19T18:16:35.810000+00:00
1904,2023_2,gasly,45,93.82,HARD,2,7779,9,50.738,30,0,34.515,29.636,29.669,300.0,2023-03-19T18:16:38.388000+00:00
1905,2023_2,tsunoda,45,94.599,HARD,2,7779,10,57.757,27,0,34.674,29.754,30.171,307.0,2023-03-19T18:16:45.435000+00:00
1906,2023_2,kevin_magnussen,45,94.134,HARD,2,7779,11,58.231,36,0,34.966,29.571,29.597,336.0,2023-03-19T18:16:45.888000+00:00
1907,2023_2,hulkenberg,45,94.822,HARD,2,7779,12,63.266,33,0,35.204,29.635,29.983,308.0,2023-03-19T18:16:50.981000+00:00
1908,2023_2,zhou,45,94.541,MEDIUM,3,7779,13,68.983,26,0,34.749,29.846,29.946,301.0,2023-03-19T18:16:56.653000+00:00
1909,2023_2,de_vries,45,94.126,HARD,2,7779,14,71.62,27,0,34.689,29.687,29.75,302.0,2023-03-19T18:16:59.263000+00:00
1910,2023_2,sargeant,45,95.13,MEDIUM,2,7779,15,74.789,26,0,35.094,29.893,30.143,310.0,2023-03-19T18:17:02.481000+00:00
1911,2023_2,piastri,45,95.625,HARD,2,7779,16,75.543,43,0,36.174,29.788,29.663,322.0,2023-03-19T18:17:03.106000+00:00
1912,2023_2,norris,45,94.871,MEDIUM,3,7779,17,75.736,25,0,35.037,29.846,29.988,310.0,2023-03-19T18:17:03.403000+00:00
1913,2023_2,perez,46,92.933,HARD,2,7779,1,0.0,27,0,34.254,29.289,29.39,314.0,2023-03-19T18:17:20.090000+00:00
1914,2023_2,max_verstappen,46,93.148,HARD,2,7779,2,5.521,27,0,34.3,29.362,29.486,313.0,2023-03-19T18:17:25.590000+00:00
1915,2023_2,bottas,45,95.227,SOFT,4,7779,18,,9,0,34.931,30.305,29.991,297.0,2023-03-19T18:17:36.231000+00:00
1916,2023_2,alonso,46,92.979,HARD,2,7779,3,22.905,28,0,34.213,29.201,29.565,300.0,2023-03-19T18:17:42.980000+00:00
1917,2023_2,russell,46,92.982,HARD,2,7779,4,27.559,27,0,34.188,29.299,29.495,303.0,2023-03-19T18:17:47.637000+00:00
1918,2023_2,hamilton,46,93.316,MEDIUM,2,7779,5,30.78,27,0,34.257,29.363,29.696,300.0,2023-03-19T18:17:50.824000+00:00
1919,2023_2,sainz,46,93.149,HARD,2,7779,6,36.193,30,0,34.067,29.48,29.602,303.0,2023-03-19T18:17:56.277000+00:00
1920,2023_2,leclerc,46,93.419,HARD,2,7779,7,38.259,29,0,34.307,29.518,29.594,308.0,2023-03-19T18:17:58.371000+00:00
1921,2023_2,ocon,46,93.976,HARD,2,7779,8,49.501,29,0,34.47,29.723,29.783,300.0,2023-03-19T18:18:09.605000+00:00
1922,2023_2,gasly,46,94.068,HARD,2,7779,9,52.139,31,0,34.7,29.69,29.678,300.0,2023-03-19T18:18:12.214000+00:00
1923,2023_2,tsunoda,46,97.002,HARD,2,7779,10,59.937,28,0,36.789,30.256,29.957,307.0,2023-03-19T18:18:20.183000+00:00
1924,2023_2,kevin_magnussen,46,95.329,HARD,2,7779,11,59.946,37,0,35.812,29.658,29.859,302.0,2023-03-19T18:18:20.183000+00:00
1925,2023_2,hulkenberg,46,94.481,HARD,2,7779,12,65.669,34,0,34.924,29.614,29.943,309.0,2023-03-19T18:18:25.761000+00:00
1926,2023_2,zhou,46,94.538,MEDIUM,3,7779,13,71.105,27,0,34.688,29.765,30.085,301.0,2023-03-19T18:18:31.183000+00:00
1927,2023_2,de_vries,46,94.135,HARD,2,7779,14,73.327,28,0,34.568,29.683,29.884,305.0,2023-03-19T18:18:33.401000+00:00
1928,2023_2,sargeant,46,94.569,MEDIUM,2,7779,15,77.5,27,0,34.835,29.692,30.042,307.0,2023-03-19T18:18:37.589000+00:00
1929,2023_2,norris,46,94.532,MEDIUM,3,7779,16,78.188,26,0,34.728,29.781,30.023,311.0,2023-03-19T18:18:38.229000+00:00
1930,2023_2,piastri,46,94.467,HARD,2,7779,17,78.749,44,0,35.037,29.757,29.673,325.0,2023-03-19T18:18:38.839000+00:00
1931,2023_2,perez,47,92.895,HARD,2,7779,1,0.0,28,0,34.214,29.228,29.453,316.0,2023-03-19T18:18:53.042000+00:00
1932,2023_2,max_verstappen,47,93.238,HARD,2,7779,2,5.736,28,0,34.414,29.397,29.427,314.0,2023-03-19T18:18:58.776000+00:00
1933,2023_2,bottas,46,95.283,SOFT,4,7779,18,,10,0,35.124,30.066,30.093,298.0,2023-03-19T18:19:11.479000+00:00
1934,2023_2,alonso,47,92.887,HARD,2,7779,3,22.951,29,0,34.113,29.21,29.564,300.0,2023-03-19T18:19:15.979000+00:00
1935,2023_2,russell,47,92.901,HARD,2,7779,4,27.608,28,0,34.167,29.235,29.499,306.0,2023-03-19T18:19:20.619000+00:00
1936,2023_2,hamilton,47,92.941,MEDIUM,2,7779,5,31.163,28,0,34.026,29.225,29.69,303.0,2023-03-19T18:19:24.166000+00:00
1937,2023_2,sainz,47,93.128,HARD,2,7779,6,36.409,31,0,34.152,29.386,29.59,305.0,2023-03-19T18:19:29.447000+00:00
1938,2023_2,leclerc,47,93.056,HARD,2,7779,7,38.745,30,0,34.048,29.457,29.551,310.0,2023-03-19T18:19:31.760000+00:00
1939,2023_2,ocon,47,93.998,HARD,2,7779,8,50.544,30,0,34.429,29.741,29.828,301.0,2023-03-19T18:19:43.556000+00:00
1940,2023_2,gasly,47,93.81,HARD,2,7779,9,53.274,32,0,34.507,29.595,29.708,300.0,2023-03-19T18:19:46.306000+00:00
1941,2023_2,kevin_magnussen,47,93.833,HARD,2,7779,10,62.342,38,0,34.389,29.581,29.863,301.0,2023-03-19T18:19:55.275000+00:00
1942,2023_2,tsunoda,47,94.282,HARD,2,7779,11,64.006,29,0,34.624,29.796,29.862,311.0,2023-03-19T18:19:56.994000+00:00
1943,2023_2,hulkenberg,47,94.426,HARD,2,7779,12,67.217,35,0,34.829,29.69,29.907,307.0,2023-03-19T18:20:00.275000+00:00
1944,2023_2,zhou,47,94.18,MEDIUM,3,7779,13,72.71000000000001,28,0,34.556,29.679,29.945,302.0,2023-03-19T18:20:05.728000+00:00
1945,2023_2,de_vries,47,94.183,HARD,2,7779,14,74.529,29,0,34.668,29.656,29.859,305.0,2023-03-19T18:20:07.556000+00:00
1946,2023_2,sargeant,47,94.896,MEDIUM,2,7779,15,79.136,28,0,35.019,29.88,29.997,309.0,2023-03-19T18:20:12.134000+00:00
1947,2023_2,norris,47,94.818,MEDIUM,3,7779,16,79.787,27,0,34.868,29.814,30.136,318.0,2023-03-19T18:20:12.790000+00:00
1948,2023_2,piastri,47,94.509,HARD,2,7779,17,80.283,45,0,35.003,29.835,29.671,327.0,2023-03-19T18:20:13.290000+00:00
1949,2023_2,perez,48,93.075,HARD,2,7779,1,0.0,29,0,34.145,29.386,29.544,313.0,2023-03-19T18:20:25.946000+00:00
1950,2023_2,max_verstappen,48,93.607,HARD,2,7779,2,6.079,29,0,34.375,29.582,29.65,315.0,2023-03-19T18:20:32.274000+00:00
1951,2023_2,bottas,47,96.694,SOFT,4,7779,18,,11,0,34.841,31.63,30.223,304.0,2023-03-19T18:20:46.743000+00:00
1952,2023_2,alonso,48,92.802,HARD,2,7779,3,22.943,30,0,34.118,29.146,29.538,298.0,2023-03-19T18:20:48.868000+00:00
1953,2023_2,russell,48,92.756,HARD,2,7779,4,27.614,29,0,33.841,29.174,29.741,299.0,2023-03-19T18:20:53.571000+00:00
1954,2023_2,hamilton,48,93.367,MEDIUM,2,7779,5,31.209,29,0,34.147,29.442,29.778,300.0,2023-03-19T18:20:57.086000+00:00
1955,2023_2,sainz,48,92.92,HARD,2,7779,6,36.642,32,0,34.005,29.301,29.614,303.0,2023-03-19T18:21:02.539000+00:00
1956,2023_2,leclerc,48,94.119,HARD,2,7779,7,38.906,31,0,34.298,29.78,30.041,308.0,2023-03-19T18:21:04.821000+00:00
1957,2023_2,ocon,48,93.723,HARD,2,7779,8,51.647,31,0,34.277,29.678,29.768,301.0,2023-03-19T18:21:17.680000+00:00
1958,2023_2,gasly,48,93.624,HARD,2,7779,9,54.189,33,0,34.412,29.528,29.684,300.0,2023-03-19T18:21:20.086000+00:00
1959,2023_2,kevin_magnussen,48,93.829,HARD,2,7779,10,63.28,39,0,34.312,29.66,29.857,302.0,2023-03-19T18:21:29.195000+00:00
1960,2023_2,tsunoda,48,94.125,HARD,2,7779,11,65.393,30,0,34.541,29.711,29.873,303.0,2023-03-19T18:21:31.320000+00:00
1961,2023_2,hulkenberg,48,94.026,HARD,2,7779,12,68.748,36,0,34.656,29.576,29.794,308.0,2023-03-19T18:21:34.695000+00:00
1962,2023_2,zhou,48,94.138,MEDIUM,3,7779,13,73.995,29,0,34.551,29.714,29.873,305.0,2023-03-19T18:21:39.976000+00:00
1963,2023_2,de_vries,48,94.199,HARD,2,7779,14,75.81700000000001,30,0,34.627,29.688,29.884,304.0,2023-03-19T18:21:41.695000+00:00
1964,2023_2,sargeant,48,94.584,MEDIUM,2,7779,15,81.137,29,0,34.942,29.695,29.947,308.0,2023-03-19T18:21:47.039000+00:00
1965,2023_2,norris,48,95.378,MEDIUM,3,7779,16,81.71000000000001,28,0,35.632,29.909,29.837,316.0,2023-03-19T18:21:47.617000+00:00
1966,2023_2,piastri,48,94.287,HARD,2,7779,17,81.89699999999999,46,0,34.907,29.686,29.694,317.0,2023-03-19T18:21:47.804000+00:00
1967,2023_2,perez,49,93.306,HARD,2,7779,1,0.0,30,0,34.169,29.538,29.599,318.0,2023-03-19T18:21:58.991000+00:00
1968,2023_2,max_verstappen,49,93.835,HARD,2,7779,2,6.611,30,0,34.363,29.448,30.024,299.0,2023-03-19T18:22:05.570000+00:00
1969,2023_2,alonso,49,92.815,HARD,2,7779,3,22.67,31,0,34.046,29.224,29.545,299.0,2023-03-19T18:22:21.679000+00:00
1970,2023_2,bottas,48,96.607,SOFT,4,7779,18,,12,0,35.366,29.877,31.364,301.0,2023-03-19T18:22:23.460000+00:00
1971,2023_2,russell,49,93.135,HARD,2,7779,4,27.295,30,0,34.245,29.248,29.642,305.0,2023-03-19T18:22:26.272000+00:00
1972,2023_2,hamilton,49,93.537,MEDIUM,2,7779,5,31.501,30,0,34.37,29.437,29.73,302.0,2023-03-19T18:22:30.475000+00:00
1973,2023_2,sainz,49,93.564,HARD,2,7779,6,36.487,33,0,34.465,29.499,29.6,307.0,2023-03-19T18:22:35.475000+00:00
1974,2023_2,leclerc,49,93.942,HARD,2,7779,7,39.95,32,0,34.45,29.716,29.776,310.0,2023-03-19T18:22:39.006000+00:00
1975,2023_2,ocon,49,93.222,HARD,2,7779,8,52.295,32,0,34.178,29.49,29.554,311.0,2023-03-19T18:22:51.303000+00:00
1976,2023_2,gasly,49,93.614,HARD,2,7779,9,54.738,34,0,34.487,29.493,29.634,299.0,2023-03-19T18:22:53.709000+00:00
1977,2023_2,kevin_magnussen,49,93.746,HARD,2,7779,10,64.034,40,0,34.26,29.484,30.002,303.0,2023-03-19T18:23:03.068000+00:00
1978,2023_2,tsunoda,49,94.117,HARD,2,7779,11,66.443,31,0,34.572,29.706,29.839,304.0,2023-03-19T18:23:05.459000+00:00
1979,2023_2,hulkenberg,49,94.106,HARD,2,7779,12,69.699,37,0,34.666,29.577,29.863,308.0,2023-03-19T18:23:08.740000+00:00
1980,2023_2,zhou,49,93.894,MEDIUM,3,7779,13,75.05799999999999,30,0,34.426,29.505,29.963,306.0,2023-03-19T18:23:14.037000+00:00
1981,2023_2,de_vries,49,93.609,HARD,2,7779,14,76.941,31,0,34.354,29.506,29.749,305.0,2023-03-19T18:23:15.943000+00:00
1982,2023_2,sargeant,49,94.469,MEDIUM,2,7779,15,82.646,30,0,34.76,29.761,29.948,311.0,2023-03-19T18:23:21.662000+00:00
1983,2023_2,piastri,49,94.291,HARD,2,7779,16,83.10900000000001,47,0,34.952,29.607,29.732,321.0,2023-03-19T18:23:22.006000+00:00
1984,2023_2,norris,49,94.122,MEDIUM,3,7779,17,84.013,29,0,34.58,29.678,29.864,317.0,2023-03-19T18:23:23.021000+00:00
1985,2023_2,perez,50,93.691,HARD,2,7779,1,0.0,31,0,34.337,29.466,29.888,314.0,2023-03-19T18:23:32.318000+00:00
1986,2023_2,max_verstappen,50,91.906,HARD,2,7779,2,7.14,31,0,33.543,29.045,29.318,316.0,2023-03-19T18:23:39.412000+00:00
1987,2023_2,alonso,50,92.24,HARD,2,7779,3,22.179,32,0,33.731,29.096,29.413,311.0,2023-03-19T18:23:54.489000+00:00
1988,2023_2,russell,50,92.433,HARD,2,7779,4,27.124,31,0,33.785,29.221,29.427,311.0,2023-03-19T18:23:59.380000+00:00
1989,2023_2,bottas,49,95.501,SOFT,4,7779,18,,13,0,35.029,30.147,30.325,303.0,2023-03-19T18:24:00.052000+00:00
1990,2023_2,hamilton,50,93.024,MEDIUM,2,7779,5,31.732,31,0,34.212,29.21,29.602,305.0,2023-03-19T18:24:04.020000+00:00
1991,2023_2,sainz,50,92.822,HARD,2,7779,6,36.745,34,0,33.929,29.367,29.526,310.0,2023-03-19T18:24:09.083000+00:00
1992,2023_2,leclerc,50,96.267,HARD,2,7779,7,40.586,33,0,35.322,30.056,30.889,297.0,2023-03-19T18:24:12.895000+00:00
1993,2023_2,ocon,50,94.312,HARD,2,7779,8,52.211,33,0,34.565,29.852,29.895,304.0,2023-03-19T18:24:24.520000+00:00
1994,2023_2,gasly,50,93.392,HARD,2,7779,9,55.046,35,0,34.284,29.499,29.609,301.0,2023-03-19T18:24:27.333000+00:00
1995,2023_2,kevin_magnussen,50,94.043,HARD,2,7779,10,64.474,41,0,34.471,29.664,29.908,313.0,2023-03-19T18:24:36.770000+00:00
1996,2023_2,tsunoda,50,93.931,HARD,2,7779,11,67.254,32,0,34.408,29.737,29.786,306.0,2023-03-19T18:24:39.535000+00:00
1997,2023_2,hulkenberg,50,93.78,HARD,2,7779,12,70.499,38,0,34.597,29.415,29.768,317.0,2023-03-19T18:24:42.817000+00:00
1998,2023_2,zhou,50,94.105,MEDIUM,3,7779,13,75.646,31,0,34.322,29.732,30.051,304.0,2023-03-19T18:24:47.926000+00:00
1999,2023_2,de_vries,50,93.925,HARD,2,7779,14,77.244,32,0,34.467,29.59,29.868,306.0,2023-03-19T18:24:49.535000+00:00
2000,2023_2,sargeant,50,96.175,MEDIUM,2,7779,15,83.809,31,0,36.176,29.877,30.122,309.0,2023-03-19T18:24:56.113000+00:00
