id,session_key,driver_id,driver_number,stint_number,compound,lap_start,lap_end,tyre_age_at_start
1,7953,sargeant,2,1,SOFT,1,12,0
2,7953,tsunoda,22,1,SOFT,1,10,0
3,7953,albon,23,1,SOFT,1,11,0
4,7953,russell,63,1,SOFT,1,13,3
5,7953,stroll,18,1,SOFT,1,15,3
6,7953,norris,4,1,SOFT,1,10,0
7,7953,zhou,24,1,SOFT,1,12,0
8,7953,hamilton,44,1,SOFT,1,12,3
9,7953,alonso,14,1,SOFT,1,14,3
10,7953,kevin_magnussen,20,1,HARD,1,15,0
11,7953,sainz,55,1,SOFT,1,13,3
12,7953,gasly,10,1,SOFT,1,9,0
13,7953,de_vries,21,1,SOFT,1,11,0
14,7953,piastri,81,1,SOFT,1,13,0
15,7953,leclerc,16,1,SOFT,1,13,0
16,7953,perez,11,1,SOFT,1,17,3
17,7953,ocon,31,1,SOFT,1,12,3
18,7953,bottas,77,1,SOFT,1,11,0
19,7953,max_verstappen,1,1,SOFT,1,14,3
20,7953,hulkenberg,27,1,SOFT,1,11,3
21,7953,gasly,10,2,HARD,10,25,0
22,7953,tsunoda,22,2,HARD,11,26,0
23,7953,norris,4,2,HARD,11,17,0
24,7953,bottas,77,2,HARD,12,29,0
25,7953,albon,23,2,SOFT,12,26,0
26,7953,hulkenberg,27,2,HARD,12,26,0
27,7953,de_vries,21,2,HARD,12,27,0
28,7953,hamilton,44,2,HARD,13,30,0
29,7953,ocon,31,2,HARD,13,15,0
30,7953,sargeant,2,2,SOFT,13,30,0
31,7953,zhou,24,2,HARD,13,32,0
32,7953,leclerc,16,2,HARD,14,33,0
33,7953,sainz,55,2,HARD,14,31,0
34,7953,russell,63,2,HARD,14,31,0
35,7953,max_verstappen,1,2,SOFT,15,36,2
36,7953,alonso,14,2,HARD,15,34,0
37,7953,stroll,18,2,HARD,16,30,0
38,7953,kevin_magnussen,20,2,HARD,16,29,0
39,7953,ocon,31,3,HARD,16,32,0
40,7953,perez,11,2,SOFT,18,34,2
41,7953,norris,4,3,SOFT,18,27,3
42,7953,gasly,10,3,HARD,26,40,0
43,7953,albon,23,3,HARD,27,40,0
44,7953,tsunoda,22,3,HARD,27,40,0
45,7953,hulkenberg,27,3,HARD,27,40,0
46,7953,de_vries,21,3,HARD,28,56,0
47,7953,norris,4,4,MEDIUM,28,37,0
48,7953,bottas,77,3,HARD,30,57,0
49,7953,kevin_magnussen,20,3,SOFT,30,40,0
50,7953,hamilton,44,3,HARD,31,57,0
51,7953,stroll,18,3,HARD,31,57,0
52,7953,sargeant,2,3,HARD,31,40,0
53,7953,sainz,55,3,HARD,32,57,0
54,7953,russell,63,3,HARD,32,57,0
55,7953,zhou,24,3,SOFT,33,54,3
56,7953,leclerc,16,3,HARD,34,39,0
57,7953,ocon,31,4,HARD,33,41,0
58,7953,perez,11,3,HARD,35,57,0
59,7953,alonso,14,3,HARD,35,57,0
60,7953,max_verstappen,1,3,HARD,37,57,0
61,7953,norris,4,5,HARD,38,47,0
62,7953,gasly,10,4,SOFT,41,57,0
63,7953,albon,23,4,SOFT,41,57,0
64,7953,tsunoda,22,4,SOFT,41,57,3
65,7953,sargeant,2,4,SOFT,41,56,0
66,7953,kevin_magnussen,20,4,SOFT,41,56,0
67,7953,hulkenberg,27,4,SOFT,41,56,3
68,7953,norris,4,6,SOFT,48,54,4
69,7953,zhou,24,4,SOFT,55,56,3
70,7953,norris,4,7,SOFT,55,55,6
71,7779,bottas,77,1,MEDIUM,1,9,0
72,7779,russell,63,1,MEDIUM,1,18,0
73,7779,hulkenberg,27,1,MEDIUM,1,11,0
74,7779,sargeant,2,1,HARD,1,18,0
75,7779,albon,23,1,MEDIUM,1,17,0
76,7779,stroll,18,1,MEDIUM,1,13,0
77,7779,norris,4,1,SOFT,1,2,0
78,7779,sainz,55,1,MEDIUM,1,15,0
79,7779,zhou,24,1,MEDIUM,1,11,0
80,7779,hamilton,44,1,HARD,1,18,0
81,7779,alonso,14,1,MEDIUM,1,18,0
82,7779,kevin_magnussen,20,1,MEDIUM,1,8,0
83,7779,gasly,10,1,MEDIUM,1,14,0
84,7779,max_verstappen,1,1,MEDIUM,1,18,0
85,7779,de_vries,21,1,MEDIUM,1,17,0
86,7779,leclerc,16,1,SOFT,1,16,0
87,7779,piastri,81,1,MEDIUM,1,1,0
88,7779,perez,11,1,MEDIUM,1,18,0
89,7779,tsunoda,22,1,MEDIUM,1,17,0
90,7779,ocon,31,1,MEDIUM,1,16,0
91,7779,piastri,81,2,HARD,2,50,0
92,7779,norris,4,2,HARD,3,19,0
93,7779,kevin_magnussen,20,2,HARD,9,50,0
94,7779,bottas,77,2,HARD,10,17,0
95,7779,zhou,24,2,HARD,12,18,0
96,7779,hulkenberg,27,2,HARD,12,50,0
97,7779,stroll,18,2,HARD,14,16,0
98,7779,gasly,10,2,HARD,15,50,0
99,7779,sainz,55,2,HARD,16,50,0
100,7779,leclerc,16,2,HARD,17,50,0
101,7779,ocon,31,2,HARD,17,50,0
102,7779,tsunoda,22,2,HARD,18,50,0
103,7779,albon,23,2,HARD,18,27,0
104,7779,de_vries,21,2,HARD,18,50,0
105,7779,bottas,77,3,MEDIUM,18,35,0
106,7779,perez,11,2,HARD,19,50,0
107,7779,alonso,14,2,HARD,19,50,1
108,7779,russell,63,2,HARD,19,50,0
109,7779,max_verstappen,1,2,HARD,19,50,0
110,7779,hamilton,44,2,MEDIUM,19,50,0
111,7779,sargeant,2,2,MEDIUM,19,50,0
112,7779,zhou,24,3,MEDIUM,19,50,0
113,7779,norris,4,3,MEDIUM,20,50,0
114,7779,bottas,77,4,SOFT,36,49,0
115,7787,bottas,77,1,SOFT,1,1,0
116,7787,de_vries,21,1,HARD,1,8,0
117,7787,max_verstappen,1,1,MEDIUM,1,8,0
118,7787,leclerc,16,1,MEDIUM,,,0
119,7787,hulkenberg,27,1,MEDIUM,1,8,0
120,7787,tsunoda,22,1,MEDIUM,1,8,0
121,7787,sargeant,2,1,HARD,1,1,0
122,7787,perez,11,1,HARD,1,1,0
123,7787,albon,23,1,MEDIUM,1,6,0
124,7787,russell,63,1,MEDIUM,1,7,0
125,7787,stroll,18,1,MEDIUM,1,8,1
126,7787,alonso,14,1,MEDIUM,1,8,1
127,7787,norris,4,1,MEDIUM,1,8,0
128,7787,zhou,24,1,SOFT,1,1,0
129,7787,sainz,55,1,MEDIUM,1,7,0
130,7787,hamilton,44,1,MEDIUM,1,8,0
131,7787,gasly,10,1,SOFT,1,8,0
132,7787,piastri,81,1,MEDIUM,1,8,0
133,7787,ocon,31,1,SOFT,1,1,0
134,7787,kevin_magnussen,20,1,MEDIUM,1,7,0
135,7787,ocon,31,2,HARD,1,8,0
136,7787,perez,11,2,MEDIUM,1,2,0
137,7787,sargeant,2,2,MEDIUM,1,2,0
138,7787,zhou,24,2,HARD,1,8,0
139,7787,bottas,77,2,HARD,1,8,0
140,7787,sargeant,2,3,HARD,2,8,1
141,7787,perez,11,3,HARD,2,8,0
142,7787,russell,63,2,HARD,7,8,0
143,7787,sainz,55,2,HARD,7,8,0
144,7787,kevin_magnussen,20,2,HARD,7,8,0
145,7787,max_verstappen,1,2,HARD,8,55,0
146,7787,hamilton,44,2,HARD,9,55,0
147,7787,alonso,14,2,HARD,8,55,0
148,7787,gasly,10,2,HARD,8,55,0
149,7787,hulkenberg,27,2,HARD,8,55,0
150,7787,stroll,18,2,HARD,8,55,0
151,7787,russell,63,3,HARD,8,17,1
152,7787,tsunoda,22,2,HARD,8,54,0
153,7787,norris,4,2,HARD,8,55,0
154,7787,piastri,81,2,HARD,8,54,0
155,7787,sainz,55,3,HARD,8,55,1
156,7787,ocon,31,3,HARD,8,55,7
157,7787,de_vries,21,2,MEDIUM,8,45,0
158,7787,perez,11,4,HARD,8,55,1
159,7787,zhou,24,3,HARD,8,54,7
160,7787,sargeant,2,4,MEDIUM,8,36,0
161,7787,bottas,77,3,HARD,8,53,7
162,7787,kevin_magnussen,20,3,HARD,8,52,1
163,7787,sargeant,2,5,HARD,36,54,7
164,7787,de_vries,21,3,SOFT,45,54,0
165,7787,bottas,77,4,SOFT,53,54,0
166,7787,piastri,81,3,SOFT,54,55,0
167,7787,zhou,24,4,SOFT,54,55,0
168,7787,tsunoda,22,3,SOFT,54,55,0
169,7787,sargeant,2,6,SOFT,55,55,0
170,7787,bottas,77,5,SOFT,55,54,0
171,7787,de_vries,21,4,SOFT,55,55,4
172,7787,max_verstappen,1,3,SOFT,56,57,3
173,7787,hamilton,44,3,SOFT,56,57,4
174,7787,alonso,14,3,SOFT,55,57,4
175,7787,sainz,55,4,SOFT,55,57,4
176,7787,gasly,10,3,SOFT,55,56,0
177,7787,stroll,18,3,SOFT,55,57,5
178,7787,perez,11,5,SOFT,55,57,0
179,7787,norris,4,3,SOFT,55,57,0
180,7787,ocon,31,4,SOFT,55,56,0
181,7787,hulkenberg,27,3,SOFT,55,57,4
182,7787,piastri,81,4,SOFT,55,57,0
183,7787,zhou,24,5,SOFT,55,57,0
184,7787,tsunoda,22,4,SOFT,55,57,4
185,7787,bottas,77,6,SOFT,55,57,2
186,7787,sargeant,2,7,SOFT,55,56,1
187,7787,de_vries,21,5,SOFT,55,56,0
188,7787,max_verstappen,1,4,SOFT,58,58,5
189,7787,alonso,14,4,SOFT,57,58,4
190,7787,hamilton,44,4,SOFT,58,58,4
191,7787,stroll,18,4,SOFT,57,58,6
192,7787,sainz,55,5,SOFT,57,58,4
193,7787,perez,11,6,SOFT,57,58,0
194,7787,hulkenberg,27,4,SOFT,57,58,0
195,7787,norris,4,4,SOFT,57,58,4
196,7787,tsunoda,22,5,SOFT,57,58,8
197,7787,zhou,24,6,SOFT,57,58,2
198,7787,piastri,81,5,SOFT,57,58,0
199,7787,bottas,77,7,SOFT,57,58,4
200,9069,zhou,24,1,MEDIUM,1,17,0
201,9069,alonso,14,1,MEDIUM,1,17,5
202,9069,kevin_magnussen,20,1,MEDIUM,1,17,0
203,9069,sainz,55,1,MEDIUM,1,17,0
204,9069,de_vries,21,1,MEDIUM,1,17,0
205,9069,gasly,10,1,MEDIUM,1,17,0
206,9069,piastri,81,1,MEDIUM,1,17,0
207,9069,leclerc,16,1,MEDIUM,1,17,0
208,9069,perez,11,1,MEDIUM,1,17,4
209,9069,ocon,31,1,MEDIUM,1,3,5
210,9069,bottas,77,1,SOFT,1,17,0
211,9069,russell,63,1,MEDIUM,1,17,7
212,9069,max_verstappen,1,1,MEDIUM,1,17,3
213,9069,hulkenberg,27,1,MEDIUM,1,17,6
214,9069,tsunoda,22,1,MEDIUM,1,1,0
215,9069,albon,23,1,MEDIUM,1,17,6
216,9069,stroll,18,1,MEDIUM,1,17,6
217,9069,hamilton,44,1,MEDIUM,1,17,6
218,9069,norris,4,1,SOFT,1,10,3
219,9069,tsunoda,22,2,MEDIUM,2,2,6
220,9069,ocon,31,2,SOFT,4,12,4
221,9069,norris,4,2,MEDIUM,11,17,6
222,9069,ocon,31,3,SOFT,13,17,0
223,9070,kevin_magnussen,20,1,MEDIUM,1,10,0
224,9070,sainz,55,1,MEDIUM,1,11,0
225,9070,gasly,10,1,MEDIUM,1,5,0
226,9070,leclerc,16,1,MEDIUM,1,11,0
227,9070,piastri,81,1,MEDIUM,1,8,0
228,9070,perez,11,1,MEDIUM,1,11,0
229,9070,ocon,31,1,HARD,1,50,0
230,9070,bottas,77,1,MEDIUM,1,6,0
231,9070,max_verstappen,1,1,MEDIUM,1,10,0
232,9070,de_vries,21,1,HARD,1,9,0
233,9070,hulkenberg,27,1,HARD,1,49,0
234,9070,tsunoda,22,1,MEDIUM,1,8,0
235,9070,sargeant,2,1,MEDIUM,1,8,0
236,9070,albon,23,1,MEDIUM,1,7,0
237,9070,russell,63,1,MEDIUM,1,11,0
238,9070,stroll,18,1,MEDIUM,1,11,0
239,9070,norris,4,1,MEDIUM,1,9,0
240,9070,hamilton,44,1,MEDIUM,1,9,0
241,9070,zhou,24,1,MEDIUM,1,11,0
242,9070,alonso,14,1,MEDIUM,1,11,0
243,9070,gasly,10,2,HARD,6,23,0
244,9070,bottas,77,2,HARD,7,12,0
245,9070,albon,23,2,HARD,8,51,0
246,9070,tsunoda,22,2,HARD,9,51,0
247,9070,piastri,81,2,HARD,9,51,0
248,9070,sargeant,2,2,HARD,9,51,0
249,9070,hamilton,44,2,HARD,10,51,0
250,9070,norris,4,2,HARD,10,51,0
251,9070,max_verstappen,1,2,HARD,11,51,0
252,9070,kevin_magnussen,20,2,HARD,11,51,0
253,9070,perez,11,2,HARD,12,51,0
254,9070,leclerc,16,2,HARD,12,51,0
255,9070,sainz,55,2,HARD,12,51,0
256,9070,alonso,14,2,HARD,12,51,0
257,9070,russell,63,2,HARD,12,49,0
258,9070,stroll,18,2,HARD,12,51,3
259,9070,zhou,24,2,HARD,12,36,0
260,9070,bottas,77,3,HARD,13,34,0
261,9070,gasly,10,3,HARD,24,51,0
262,9070,bottas,77,4,MEDIUM,35,50,0
263,9070,russell,63,3,SOFT,50,51,0
264,9070,hulkenberg,27,2,SOFT,50,50,0
265,9070,ocon,31,2,SOFT,51,51,0
266,9078,stroll,18,1,HARD,1,42,1
267,9078,norris,4,1,SOFT,1,4,0
268,9078,hamilton,44,1,HARD,1,37,0
269,9078,sainz,55,1,MEDIUM,1,18,0
270,9078,zhou,24,1,HARD,1,31,0
271,9078,alonso,14,1,MEDIUM,1,24,1
272,9078,kevin_magnussen,20,1,MEDIUM,1,14,0
273,9078,de_vries,21,1,MEDIUM,1,15,0
274,9078,gasly,10,1,MEDIUM,1,15,0
275,9078,piastri,81,1,SOFT,1,5,0
276,9078,leclerc,16,1,MEDIUM,1,17,0
277,9078,perez,11,1,MEDIUM,1,20,0
278,9078,ocon,31,1,HARD,1,39,0
279,9078,bottas,77,1,MEDIUM,1,15,0
280,9078,russell,63,1,MEDIUM,1,17,0
281,9078,max_verstappen,1,1,HARD,1,45,0
282,9078,hulkenberg,27,1,HARD,1,33,0
283,9078,sargeant,2,1,MEDIUM,1,2,0
284,9078,tsunoda,22,1,HARD,1,36,0
285,9078,albon,23,1,MEDIUM,1,22,0
286,9078,sargeant,2,2,HARD,3,56,0
287,9078,norris,4,2,HARD,5,57,0
288,9078,piastri,81,2,HARD,6,56,0
289,9078,kevin_magnussen,20,2,HARD,15,57,0
290,9078,gasly,10,2,HARD,16,57,0
291,9078,bottas,77,2,HARD,16,57,0
292,9078,de_vries,21,2,HARD,16,57,0
293,9078,russell,63,2,HARD,18,57,0
294,9078,leclerc,16,2,HARD,18,57,0
295,9078,sainz,55,2,HARD,19,57,0
296,9078,perez,11,2,HARD,21,57,0
297,9078,albon,23,2,HARD,23,57,0
298,9078,alonso,14,2,HARD,25,57,1
299,9078,zhou,24,2,MEDIUM,32,57,0
300,9078,hulkenberg,27,2,MEDIUM,34,57,0
301,9078,tsunoda,22,2,MEDIUM,37,57,0
302,9078,hamilton,44,2,MEDIUM,38,57,0
303,9078,ocon,31,2,MEDIUM,40,57,0
304,9078,stroll,18,2,MEDIUM,43,57,1
305,9078,max_verstappen,1,2,MEDIUM,46,57,0
306,9094,hulkenberg,27,1,MEDIUM,1,1,0
307,9094,leclerc,16,1,HARD,1,44,0
308,9094,sargeant,2,1,MEDIUM,1,20,0
309,9094,perez,11,1,MEDIUM,1,1,0
310,9094,tsunoda,22,1,MEDIUM,1,53,0
311,9094,russell,63,1,HARD,1,54,0
312,9094,albon,23,1,MEDIUM,1,18,0
313,9094,stroll,18,1,HARD,1,51,1
314,9094,hamilton,44,1,MEDIUM,1,31,0
315,9094,alonso,14,1,HARD,1,54,1
316,9094,norris,4,1,MEDIUM,1,50,0
317,9094,zhou,24,1,SOFT,1,1,0
318,9094,sainz,55,1,HARD,1,33,0
319,9094,gasly,10,1,HARD,1,47,0
320,9094,piastri,81,1,HARD,1,54,0
321,9094,ocon,31,1,MEDIUM,1,32,0
322,9094,kevin_magnussen,20,1,HARD,1,56,0
323,9094,bottas,77,1,HARD,1,51,0
324,9094,max_verstappen,1,1,MEDIUM,1,55,0
325,9094,de_vries,21,1,MEDIUM,1,53,0
326,9094,perez,11,2,HARD,1,34,0
327,9094,zhou,24,2,HARD,1,52,0
328,9094,hulkenberg,27,2,HARD,1,54,0
329,9094,albon,23,2,HARD,18,52,0
330,9094,sargeant,2,2,HARD,20,23,0
331,9094,sargeant,2,3,SOFT,23,52,0
332,9094,hamilton,44,2,HARD,31,54,0
333,9094,ocon,31,2,HARD,32,54,0
334,9094,sainz,55,2,MEDIUM,33,55,0
335,9094,perez,11,3,MEDIUM,34,53,1
336,9094,leclerc,16,2,MEDIUM,44,55,0
337,9094,gasly,10,2,MEDIUM,47,54,0
338,9094,norris,4,2,HARD,50,54,0
339,9094,stroll,18,2,INTERMEDIATE,51,53,0
340,9094,bottas,77,2,INTERMEDIATE,51,77,0
341,9094,zhou,24,3,INTERMEDIATE,52,77,0
342,9094,albon,23,3,INTERMEDIATE,52,77,0
343,9094,sargeant,2,4,INTERMEDIATE,52,76,0
344,9094,tsunoda,22,2,INTERMEDIATE,53,76,0
345,9094,alonso,14,2,MEDIUM,54,55,1
346,9094,de_vries,21,2,INTERMEDIATE,53,77,0
347,9094,russell,63,2,INTERMEDIATE,54,78,0
348,9094,ocon,31,3,INTERMEDIATE,54,78,0
349,9094,hamilton,44,3,INTERMEDIATE,54,78,0
350,9094,perez,11,4,INTERMEDIATE,53,57,0
351,9094,gasly,10,3,INTERMEDIATE,54,78,0
352,9094,max_verstappen,1,2,INTERMEDIATE,55,78,0
353,9094,piastri,81,2,INTERMEDIATE,54,77,0
354,9094,norris,4,3,INTERMEDIATE,54,77,0
355,9094,alonso,14,3,INTERMEDIATE,55,78,0
356,9094,leclerc,16,3,INTERMEDIATE,55,78,0
357,9094,sainz,55,3,INTERMEDIATE,55,78,0
358,9094,hulkenberg,27,3,INTERMEDIATE,54,59,0
359,9094,kevin_magnussen,20,2,WET,56,70,0
360,9094,perez,11,5,WET,57,70,0
361,9094,hulkenberg,27,4,WET,59,76,0
362,9094,perez,11,6,INTERMEDIATE,70,76,0
363,9102,perez,11,1,MEDIUM,1,27,0
364,9102,ocon,31,1,SOFT,1,13,3
365,9102,bottas,77,1,SOFT,1,5,0
366,9102,de_vries,21,1,SOFT,1,9,0
367,9102,max_verstappen,1,1,MEDIUM,1,26,0
368,9102,leclerc,16,1,HARD,1,16,0
369,9102,hulkenberg,27,1,SOFT,1,8,3
370,9102,sargeant,2,1,MEDIUM,1,17,0
371,9102,tsunoda,22,1,SOFT,1,10,0
372,9102,albon,23,1,SOFT,1,16,0
373,9102,russell,63,1,SOFT,1,25,0
374,9102,stroll,18,1,SOFT,1,14,3
375,9102,zhou,24,1,SOFT,1,9,0
376,9102,hamilton,44,1,SOFT,1,24,3
377,9102,alonso,14,1,SOFT,1,19,3
378,9102,kevin_magnussen,20,1,SOFT,1,10,0
379,9102,norris,4,1,SOFT,1,1,2
380,9102,sainz,55,1,SOFT,1,15,3
381,9102,gasly,10,1,SOFT,1,19,3
382,9102,piastri,81,1,SOFT,1,17,2
383,9102,norris,4,2,HARD,2,22,0
384,9102,bottas,77,2,HARD,6,39,0
385,9102,hulkenberg,27,2,MEDIUM,9,26,0
386,9102,zhou,24,2,HARD,10,36,0
387,9102,de_vries,21,2,HARD,10,38,0
388,9102,tsunoda,22,2,HARD,11,34,0
389,9102,kevin_magnussen,20,2,MEDIUM,11,24,0
390,9102,ocon,31,2,MEDIUM,14,35,0
391,9102,stroll,18,2,SOFT,15,34,0
392,9102,sainz,55,2,MEDIUM,16,41,0
393,9102,leclerc,16,2,SOFT,17,41,0
394,9102,albon,23,2,HARD,17,37,0
395,9102,piastri,81,2,HARD,18,39,0
396,9102,sargeant,2,2,HARD,18,36,0
397,9102,alonso,14,2,SOFT,20,44,0
398,9102,gasly,10,2,MEDIUM,20,39,0
399,9102,norris,4,3,MEDIUM,23,50,0
400,9102,hamilton,44,2,MEDIUM,25,50,0
401,9102,kevin_magnussen,20,3,HARD,25,42,0
402,9102,russell,63,2,MEDIUM,26,45,0
403,9102,max_verstappen,1,2,HARD,27,52,0
404,9102,hulkenberg,27,3,HARD,27,43,0
405,9102,perez,11,2,HARD,28,50,0
406,9102,tsunoda,22,3,MEDIUM,35,66,0
407,9102,stroll,18,3,HARD,35,66,0
408,9102,ocon,31,3,HARD,36,66,0
409,9102,zhou,24,3,HARD,37,66,0
410,9102,sargeant,2,3,HARD,37,65,0
411,9102,albon,23,3,MEDIUM,38,65,0
412,9102,de_vries,21,3,MEDIUM,39,65,0
413,9102,piastri,81,3,MEDIUM,40,65,0
414,9102,gasly,10,3,HARD,40,66,0
415,9102,bottas,77,3,HARD,40,65,0
416,9102,sainz,55,3,HARD,42,66,0
417,9102,leclerc,16,3,HARD,42,66,0
418,9102,kevin_magnussen,20,4,MEDIUM,43,65,0
419,9102,hulkenberg,27,4,MEDIUM,44,65,0
420,9102,alonso,14,3,HARD,45,66,0
421,9102,russell,63,3,SOFT,46,66,3
422,9102,hamilton,44,3,SOFT,51,66,3
423,9102,perez,11,3,SOFT,51,66,0
424,9102,norris,4,4,SOFT,51,65,0
425,9102,max_verstappen,1,3,SOFT,53,66,2
426,9110,piastri,81,1,MEDIUM,1,12,0
427,9110,tsunoda,22,1,MEDIUM,1,1,0
428,9110,perez,11,1,HARD,1,37,0
429,9110,ocon,31,1,MEDIUM,1,12,0
430,9110,bottas,77,1,HARD,1,36,0
431,9110,russell,63,1,MEDIUM,1,12,0
432,9110,stroll,18,1,MEDIUM,1,11,0
433,9110,hulkenberg,27,1,MEDIUM,1,11,0
434,9110,sargeant,2,1,MEDIUM,1,6,0
435,9110,alonso,14,1,MEDIUM,1,12,0
436,9110,albon,23,1,MEDIUM,1,12,1
437,9110,sainz,55,1,MEDIUM,1,38,0
438,9110,max_verstappen,1,1,MEDIUM,1,12,0
439,9110,norris,4,1,MEDIUM,1,12,0
440,9110,zhou,24,1,MEDIUM,1,12,0
441,9110,hamilton,44,1,MEDIUM,1,12,0
442,9110,kevin_magnussen,20,1,HARD,1,35,0
443,9110,gasly,10,1,SOFT,1,10,0
444,9110,de_vries,21,1,MEDIUM,1,11,0
445,9110,leclerc,16,1,MEDIUM,1,39,0
446,9110,tsunoda,22,2,HARD,1,2,0
447,9110,tsunoda,22,3,HARD,3,70,0
448,9110,gasly,10,2,HARD,10,33,0
449,9110,hulkenberg,27,2,HARD,11,31,0
450,9110,stroll,18,2,HARD,11,27,0
451,9110,de_vries,21,2,HARD,11,50,0
452,9110,max_verstappen,1,2,HARD,12,42,0
453,9110,alonso,14,2,HARD,12,41,0
454,9110,hamilton,44,2,HARD,12,40,0
455,9110,ocon,31,2,HARD,12,36,0
456,9110,piastri,81,2,HARD,12,37,0
457,9110,albon,23,2,HARD,12,70,0
458,9110,norris,4,2,HARD,12,35,0
459,9110,zhou,24,2,HARD,12,32,0
460,9110,russell,63,2,HARD,12,53,0
461,9110,stroll,18,3,HARD,27,70,0
462,9110,hulkenberg,27,3,HARD,31,69,0
463,9110,zhou,24,3,HARD,32,69,0
464,9110,gasly,10,3,HARD,33,70,0
465,9110,norris,4,3,HARD,35,70,0
466,9110,kevin_magnussen,20,2,MEDIUM,35,53,0
467,9110,ocon,31,3,HARD,36,70,0
468,9110,bottas,77,2,MEDIUM,36,70,0
469,9110,perez,11,2,MEDIUM,37,68,0
470,9110,piastri,81,3,HARD,37,70,0
471,9110,sainz,55,2,HARD,38,70,0
472,9110,leclerc,16,2,HARD,39,70,0
473,9110,hamilton,44,3,MEDIUM,40,70,0
474,9110,alonso,14,3,HARD,41,70,0
475,9110,max_verstappen,1,3,MEDIUM,42,70,0
476,9110,de_vries,21,3,HARD,50,69,0
477,9110,kevin_magnussen,20,3,MEDIUM,53,69,0
478,9110,perez,11,3,SOFT,68,70,0
479,9117,max_verstappen,1,1,INTERMEDIATE,1,24,0
480,9117,hulkenberg,27,1,INTERMEDIATE,1,17,0
481,9117,sargeant,2,1,INTERMEDIATE,1,17,0
482,9117,tsunoda,22,1,INTERMEDIATE,1,18,0
483,9117,albon,23,1,INTERMEDIATE,1,18,0
484,9117,russell,63,1,INTERMEDIATE,1,15,0
485,9117,stroll,18,1,INTERMEDIATE,1,24,0
486,9117,norris,4,1,INTERMEDIATE,1,24,0
487,9117,hamilton,44,1,INTERMEDIATE,1,17,0
488,9117,zhou,24,1,INTERMEDIATE,1,17,0
489,9117,alonso,14,1,INTERMEDIATE,1,24,0
490,9117,kevin_magnussen,20,1,INTERMEDIATE,1,17,0
491,9117,sainz,55,1,INTERMEDIATE,1,24,0
492,9117,de_vries,21,1,INTERMEDIATE,1,17,0
493,9117,gasly,10,1,INTERMEDIATE,1,24,0
494,9117,leclerc,16,1,INTERMEDIATE,1,18,0
495,9117,piastri,81,1,INTERMEDIATE,1,16,0
496,9117,perez,11,1,INTERMEDIATE,1,24,0
497,9117,ocon,31,1,INTERMEDIATE,1,24,0
498,9117,bottas,77,1,INTERMEDIATE,1,24,4
499,9117,russell,63,2,SOFT,16,24,3
500,9117,piastri,81,2,SOFT,17,24,0
501,9117,hulkenberg,27,2,MEDIUM,18,24,0
502,9117,hamilton,44,2,SOFT,18,24,5
503,9117,kevin_magnussen,20,2,MEDIUM,18,24,0
504,9117,sargeant,2,2,MEDIUM,18,24,0
505,9117,de_vries,21,2,SOFT,18,24,8
506,9117,zhou,24,2,SOFT,18,24,7
507,9117,albon,23,2,MEDIUM,19,24,2
508,9117,leclerc,16,2,MEDIUM,19,24,0
509,9117,tsunoda,22,2,SOFT,19,24,3
510,9118,alonso,14,1,HARD,1,2,0
511,9118,hulkenberg,27,1,MEDIUM,1,2,3
512,9118,stroll,18,1,MEDIUM,1,2,0
513,9118,leclerc,16,1,MEDIUM,1,2,0
514,9118,sargeant,2,1,MEDIUM,1,2,0
515,9118,tsunoda,22,1,MEDIUM,1,1,0
516,9118,ocon,31,1,MEDIUM,1,2,0
517,9118,hamilton,44,1,MEDIUM,1,2,0
518,9118,kevin_magnussen,20,1,HARD,1,1,0
519,9118,albon,23,1,MEDIUM,1,2,0
520,9118,zhou,24,1,MEDIUM,1,2,0
521,9118,sainz,55,1,MEDIUM,1,2,0
522,9118,bottas,77,1,HARD,1,2,0
523,9118,gasly,10,1,MEDIUM,1,2,0
524,9118,max_verstappen,1,1,MEDIUM,1,2,0
525,9118,de_vries,21,1,MEDIUM,1,2,0
526,9118,russell,63,1,MEDIUM,1,2,0
527,9118,norris,4,1,MEDIUM,1,2,0
528,9118,piastri,81,1,MEDIUM,1,2,0
529,9118,perez,11,1,MEDIUM,1,2,0
530,9118,kevin_magnussen,20,2,MEDIUM,2,2,0
531,9118,tsunoda,22,2,HARD,2,2,0
532,9118,max_verstappen,1,2,MEDIUM,3,24,0
533,9118,sainz,55,2,MEDIUM,3,15,0
534,9118,leclerc,16,2,MEDIUM,3,15,0
535,9118,hamilton,44,2,MEDIUM,3,14,2
536,9118,norris,4,2,MEDIUM,3,14,2
537,9118,hulkenberg,27,2,MEDIUM,3,11,0
538,9118,stroll,18,2,MEDIUM,3,15,2
539,9118,alonso,14,2,HARD,3,15,2
540,9118,gasly,10,2,MEDIUM,3,14,0
541,9118,albon,23,2,MEDIUM,3,14,0
542,9118,perez,11,2,MEDIUM,3,25,2
543,9118,russell,63,2,MEDIUM,3,14,2
544,9118,ocon,31,2,MEDIUM,3,14,2
545,9118,zhou,24,2,MEDIUM,3,8,0
546,9118,bottas,77,2,HARD,3,21,0
547,9118,piastri,81,2,MEDIUM,3,14,2
548,9118,sargeant,2,2,MEDIUM,3,14,0
549,9118,de_vries,21,2,MEDIUM,3,12,2
550,9118,tsunoda,22,3,HARD,3,23,1
551,9118,kevin_magnussen,20,3,HARD,3,34,0
552,9118,zhou,24,3,HARD,9,38,0
553,9118,hulkenberg,27,3,HARD,12,12,0
554,9118,de_vries,21,3,HARD,13,37,0
555,9118,norris,4,3,HARD,15,41,0
556,9118,hamilton,44,3,HARD,15,42,0
557,9118,gasly,10,3,HARD,15,44,0
558,9118,ocon,31,3,HARD,15,40,0
559,9118,russell,63,3,HARD,15,41,0
560,9118,albon,23,3,HARD,15,41,0
561,9118,piastri,81,3,HARD,15,22,0
562,9118,sargeant,2,3,HARD,15,43,0
563,9118,leclerc,16,3,MEDIUM,16,47,0
564,9118,sainz,55,3,MEDIUM,16,45,0
565,9118,alonso,14,3,MEDIUM,16,44,0
566,9118,stroll,18,3,HARD,16,36,0
567,9118,bottas,77,3,MEDIUM,22,40,0
568,9118,piastri,81,4,HARD,23,41,0
569,9118,tsunoda,22,4,HARD,24,43,0
570,9118,max_verstappen,1,3,HARD,25,49,0
571,9118,perez,11,3,MEDIUM,26,50,0
572,9118,kevin_magnussen,20,4,HARD,35,70,1
573,9118,stroll,18,4,HARD,37,54,0
574,9118,de_vries,21,4,MEDIUM,38,70,0
575,9118,zhou,24,4,HARD,39,70,0
576,9118,ocon,31,4,HARD,41,70,0
577,9118,bottas,77,4,HARD,41,70,0
578,9118,norris,4,4,HARD,42,71,0
579,9118,russell,63,4,MEDIUM,42,71,0
580,9118,albon,23,4,HARD,42,71,0
581,9118,piastri,81,5,MEDIUM,42,70,0
582,9118,hamilton,44,4,MEDIUM,43,71,0
583,9118,sargeant,2,4,HARD,44,70,0
584,9118,tsunoda,22,5,MEDIUM,44,70,0
585,9118,alonso,14,4,MEDIUM,45,71,0
586,9118,gasly,10,4,MEDIUM,45,71,0
587,9118,sainz,55,4,HARD,46,71,0
588,9118,leclerc,16,4,HARD,48,71,0
589,9118,max_verstappen,1,4,MEDIUM,50,69,0
590,9118,perez,11,4,HARD,51,71,0
591,9118,stroll,18,5,MEDIUM,55,71,0
592,9118,max_verstappen,1,5,SOFT,70,71,3
593,9126,ocon,31,1,SOFT,1,9,0
594,9126,gasly,10,1,MEDIUM,1,31,0
595,9126,de_vries,21,1,SOFT,1,27,0
596,9126,bottas,77,1,HARD,1,32,0
597,9126,alonso,14,1,MEDIUM,1,33,1
598,9126,albon,23,1,MEDIUM,1,32,0
599,9126,stroll,18,1,MEDIUM,1,31,0
600,9126,tsunoda,22,1,SOFT,1,14,0
601,9126,kevin_magnussen,20,1,MEDIUM,1,31,0
602,9126,hulkenberg,27,1,HARD,1,7,0
603,9126,sargeant,2,1,MEDIUM,1,29,0
604,9126,hamilton,44,1,MEDIUM,1,33,0
605,9126,norris,4,1,MEDIUM,1,33,0
606,9126,sainz,55,1,MEDIUM,1,26,0
607,9126,zhou,24,1,MEDIUM,1,24,0
608,9126,max_verstappen,1,1,MEDIUM,1,33,0
609,9126,piastri,81,1,MEDIUM,1,29,0
610,9126,russell,63,1,SOFT,1,28,3
611,9126,leclerc,16,1,MEDIUM,1,18,0
612,9126,perez,11,1,MEDIUM,1,28,0
613,9126,hulkenberg,27,2,MEDIUM,8,32,0
614,9126,tsunoda,22,2,HARD,15,32,0
615,9126,leclerc,16,2,HARD,19,32,0
616,9126,zhou,24,2,HARD,25,33,0
617,9126,sainz,55,2,HARD,27,52,0
618,9126,de_vries,21,2,MEDIUM,28,32,0
619,9126,russell,63,2,MEDIUM,29,52,0
620,9126,perez,11,2,SOFT,29,52,0
621,9126,piastri,81,2,HARD,30,52,0
622,9126,sargeant,2,2,SOFT,30,52,0
623,9126,gasly,10,2,SOFT,32,46,3
624,9126,stroll,18,2,SOFT,32,52,3
625,9126,albon,23,2,SOFT,33,52,4
626,9126,leclerc,16,3,MEDIUM,33,52,0
627,9126,bottas,77,2,SOFT,33,52,0
628,9126,tsunoda,22,3,SOFT,33,52,0
629,9126,de_vries,21,3,SOFT,33,52,0
630,9126,hulkenberg,27,3,SOFT,33,52,0
631,9126,max_verstappen,1,2,SOFT,34,52,3
632,9126,norris,4,2,HARD,34,52,0
633,9126,hamilton,44,2,SOFT,34,52,3
634,9126,alonso,14,2,SOFT,34,52,3
635,9126,zhou,24,3,SOFT,34,36,0
636,9126,zhou,24,4,SOFT,37,52,3
637,9133,max_verstappen,1,1,MEDIUM,1,23,3
638,9133,piastri,81,1,MEDIUM,1,18,2
639,9133,albon,23,1,MEDIUM,1,8,0
640,9133,hulkenberg,27,1,MEDIUM,1,16,3
641,9133,kevin_magnussen,20,1,MEDIUM,1,14,0
642,9133,perez,11,1,HARD,1,24,3
643,9133,sargeant,2,1,MEDIUM,1,13,0
644,9133,norris,4,1,MEDIUM,1,17,0
645,9133,sainz,55,1,SOFT,1,15,0
646,9133,bottas,77,1,MEDIUM,1,9,3
647,9133,ricciardo,3,1,MEDIUM,1,18,3
648,9133,gasly,10,1,SOFT,1,1,0
649,9133,russell,63,1,HARD,1,28,0
650,9133,alonso,14,1,MEDIUM,1,20,3
651,9133,stroll,18,1,SOFT,1,9,0
652,9133,leclerc,16,1,MEDIUM,1,17,3
653,9133,tsunoda,22,1,SOFT,1,9,0
654,9133,hamilton,44,1,MEDIUM,1,16,3
655,9133,ocon,31,1,MEDIUM,1,2,3
656,9133,zhou,24,1,MEDIUM,1,10,3
657,9133,albon,23,2,HARD,9,31,3
658,9133,stroll,18,2,HARD,10,34,5
659,9133,bottas,77,2,HARD,10,40,5
660,9133,tsunoda,22,2,HARD,10,44,3
661,9133,zhou,24,2,HARD,11,38,5
662,9133,sargeant,2,2,HARD,14,34,3
663,9133,kevin_magnussen,20,2,HARD,15,41,3
664,9133,sainz,55,2,HARD,16,44,0
665,9133,hamilton,44,2,HARD,17,49,0
666,9133,hulkenberg,27,2,HARD,17,38,3
667,9133,norris,4,2,HARD,18,44,0
668,9133,leclerc,16,2,HARD,18,43,0
669,9133,piastri,81,2,HARD,19,42,0
670,9133,ricciardo,3,2,HARD,19,29,3
671,9133,alonso,14,2,HARD,21,43,4
672,9133,max_verstappen,1,2,HARD,24,51,0
673,9133,perez,11,2,MEDIUM,25,42,6
674,9133,russell,63,2,MEDIUM,29,46,0
675,9133,ricciardo,3,3,MEDIUM,30,69,3
676,9133,albon,23,3,HARD,32,69,0
677,9133,stroll,18,3,HARD,35,69,4
678,9133,sargeant,2,3,HARD,35,67,0
679,9133,hulkenberg,27,3,HARD,39,69,5
680,9133,zhou,24,3,HARD,39,69,5
681,9133,bottas,77,3,HARD,41,69,3
682,9133,kevin_magnussen,20,3,HARD,42,69,5
683,9133,piastri,81,3,MEDIUM,43,70,3
684,9133,perez,11,3,MEDIUM,43,70,3
685,9133,leclerc,16,3,HARD,44,70,4
686,9133,alonso,14,3,HARD,44,70,0
687,9133,norris,4,3,MEDIUM,45,70,3
688,9133,sainz,55,3,HARD,45,70,3
689,9133,tsunoda,22,3,MEDIUM,45,69,0
690,9133,russell,63,3,MEDIUM,47,70,0
691,9133,hamilton,44,3,MEDIUM,50,70,3
692,9133,max_verstappen,1,3,MEDIUM,52,70,3
693,9140,albon,23,1,WET,,,0
694,9140,norris,4,1,WET,1,1,0
695,9140,zhou,24,1,WET,1,1,0
696,9140,sainz,55,1,WET,,,0
697,9140,hamilton,44,1,WET,,,0
698,9140,gasly,10,1,WET,,,0
699,9140,piastri,81,1,WET,,,0
700,9140,ocon,31,1,WET,1,1,0
701,9140,kevin_magnussen,20,1,WET,1,1,0
702,9140,bottas,77,1,WET,,,0
703,9140,max_verstappen,1,1,WET,1,1,0
704,9140,hulkenberg,27,1,WET,,,0
705,9140,leclerc,16,1,WET,1,1,0
706,9140,sargeant,2,1,WET,1,1,0
707,9140,tsunoda,22,1,WET,1,1,0
708,9140,perez,11,1,WET,,,0
709,9140,russell,63,1,WET,1,1,0
710,9140,stroll,18,1,WET,,,0
711,9140,alonso,14,1,WET,1,1,0
712,9140,ricciardo,3,1,WET,,,0
713,9140,piastri,81,2,INTERMEDIATE,1,11,3
714,9140,perez,11,2,INTERMEDIATE,1,8,3
715,9140,gasly,10,2,INTERMEDIATE,1,11,5
716,9140,albon,23,2,INTERMEDIATE,1,11,3
717,9140,ricciardo,3,2,INTERMEDIATE,1,11,1
718,9140,stroll,18,2,INTERMEDIATE,1,11,3
719,9140,sainz,55,2,INTERMEDIATE,1,11,0
720,9140,hamilton,44,2,INTERMEDIATE,1,11,0
721,9140,bottas,77,2,INTERMEDIATE,1,11,3
722,9140,hulkenberg,27,2,INTERMEDIATE,1,11,0
723,9140,max_verstappen,1,2,INTERMEDIATE,2,11,0
724,9140,norris,4,2,INTERMEDIATE,2,11,0
725,9140,ocon,31,2,INTERMEDIATE,2,11,1
726,9140,russell,63,2,INTERMEDIATE,2,11,0
727,9140,leclerc,16,2,INTERMEDIATE,2,11,3
728,9140,alonso,14,2,INTERMEDIATE,2,2,1
729,9140,tsunoda,22,2,INTERMEDIATE,2,11,3
730,9140,sargeant,2,2,INTERMEDIATE,2,11,3
731,9140,zhou,24,2,INTERMEDIATE,2,11,4
732,9140,kevin_magnussen,20,2,INTERMEDIATE,2,11,3
733,9140,sainz,55,3,INTERMEDIATE,12,12,3
734,9140,leclerc,16,3,INTERMEDIATE,12,12,3
735,9141,kevin_magnussen,20,1,SOFT,1,5,0
736,9141,max_verstappen,1,1,SOFT,1,14,0
737,9141,gasly,10,1,SOFT,1,23,0
738,9141,piastri,81,1,MEDIUM,,,0
739,9141,leclerc,16,1,SOFT,1,13,0
740,9141,perez,11,1,SOFT,1,13,0
741,9141,tsunoda,22,1,MEDIUM,1,9,0
742,9141,ocon,31,1,SOFT,1,6,0
743,9141,bottas,77,1,SOFT,1,6,0
744,9141,russell,63,1,MEDIUM,1,22,0
745,9141,stroll,18,1,MEDIUM,1,20,0
746,9141,hulkenberg,27,1,MEDIUM,1,12,0
747,9141,sargeant,2,1,SOFT,1,8,0
748,9141,alonso,14,1,MEDIUM,1,10,0
749,9141,albon,23,1,SOFT,1,7,0
750,9141,ricciardo,3,1,SOFT,1,5,0
751,9141,hamilton,44,1,SOFT,1,12,0
752,9141,norris,4,1,MEDIUM,1,5,0
753,9141,sainz,55,1,SOFT,1,7,0
754,9141,zhou,24,1,SOFT,1,7,0
755,9141,norris,4,2,HARD,6,17,0
756,9141,ricciardo,3,2,MEDIUM,6,22,0
757,9141,kevin_magnussen,20,2,MEDIUM,6,25,0
758,9141,ocon,31,2,MEDIUM,7,25,0
759,9141,bottas,77,2,MEDIUM,7,24,0
760,9141,albon,23,2,MEDIUM,8,23,0
761,9141,sainz,55,2,MEDIUM,8,23,0
762,9141,zhou,24,2,MEDIUM,8,25,0
763,9141,sargeant,2,2,MEDIUM,9,24,0
764,9141,tsunoda,22,2,MEDIUM,10,24,0
765,9141,alonso,14,2,MEDIUM,11,29,0
766,9141,hamilton,44,2,MEDIUM,13,27,0
767,9141,hulkenberg,27,2,SOFT,13,24,0
768,9141,perez,11,2,MEDIUM,14,29,0
769,9141,leclerc,16,2,MEDIUM,14,28,0
770,9141,max_verstappen,1,2,MEDIUM,15,30,0
771,9141,norris,4,3,SOFT,18,44,0
772,9141,stroll,18,2,SOFT,21,44,0
773,9141,russell,63,2,SOFT,23,44,0
774,9141,ricciardo,3,3,MEDIUM,23,44,0
775,9141,albon,23,3,MEDIUM,24,33,0
776,9141,gasly,10,2,MEDIUM,24,44,0
777,9141,tsunoda,22,3,SOFT,25,44,0
778,9141,bottas,77,3,MEDIUM,25,44,0
779,9141,hulkenberg,27,3,SOFT,25,44,0
780,9141,sargeant,2,3,MEDIUM,25,34,0
781,9141,ocon,31,3,SOFT,26,44,0
782,9141,kevin_magnussen,20,3,MEDIUM,26,44,0
783,9141,zhou,24,3,SOFT,26,44,0
784,9141,hamilton,44,3,SOFT,28,42,0
785,9141,leclerc,16,3,SOFT,29,44,0
786,9141,perez,11,3,SOFT,30,44,0
787,9141,alonso,14,3,SOFT,30,44,0
788,9141,max_verstappen,1,3,SOFT,31,44,0
789,9141,albon,23,4,SOFT,34,44,0
790,9141,sargeant,2,4,SOFT,35,44,0
791,9141,hamilton,44,4,MEDIUM,43,44,0
792,9149,alonso,14,1,SOFT,1,2,0
793,9149,stroll,18,1,SOFT,1,4,0
794,9149,lawson,40,1,SOFT,1,1,0
795,9149,hulkenberg,27,1,SOFT,1,16,0
796,9149,kevin_magnussen,20,1,SOFT,1,1,0
797,9149,tsunoda,22,1,SOFT,1,1,0
798,9149,zhou,24,1,SOFT,1,1,0
799,9149,gasly,10,1,SOFT,1,1,0
800,9149,max_verstappen,1,1,SOFT,1,2,0
801,9149,piastri,81,1,SOFT,1,15,0
802,9149,russell,63,1,SOFT,1,4,0
803,9149,albon,23,1,SOFT,1,44,0
804,9149,leclerc,16,1,SOFT,1,1,0
805,9149,hamilton,44,1,MEDIUM,1,3,0
806,9149,perez,11,1,SOFT,1,1,0
807,9149,ocon,31,1,SOFT,1,2,0
808,9149,sargeant,2,1,SOFT,1,14,0
809,9149,norris,4,1,SOFT,1,3,0
810,9149,sainz,55,1,SOFT,1,2,0
811,9149,bottas,77,1,SOFT,1,16,0
812,9149,perez,11,2,INTERMEDIATE,2,12,0
813,9149,zhou,24,2,INTERMEDIATE,2,10,0
814,9149,gasly,10,2,INTERMEDIATE,2,11,0
815,9149,tsunoda,22,2,INTERMEDIATE,2,10,5
816,9149,leclerc,16,2,INTERMEDIATE,2,11,8
817,9149,kevin_magnussen,20,2,INTERMEDIATE,2,9,0
818,9149,lawson,40,2,INTERMEDIATE,2,10,5
819,9149,max_verstappen,1,2,INTERMEDIATE,3,11,0
820,9149,alonso,14,2,INTERMEDIATE,3,10,0
821,9149,sainz,55,2,INTERMEDIATE,3,10,7
822,9149,ocon,31,2,INTERMEDIATE,3,10,0
823,9149,norris,4,2,INTERMEDIATE,4,10,0
824,9149,hamilton,44,2,INTERMEDIATE,4,9,0
825,9149,russell,63,2,INTERMEDIATE,5,10,0
826,9149,stroll,18,2,INTERMEDIATE,5,9,0
827,9149,kevin_magnussen,20,3,SOFT,10,35,0
828,9149,hamilton,44,3,SOFT,10,45,0
829,9149,stroll,18,3,SOFT,10,16,0
830,9149,zhou,24,3,MEDIUM,11,37,0
831,9149,alonso,14,3,SOFT,11,48,0
832,9149,sainz,55,3,SOFT,11,41,0
833,9149,tsunoda,22,3,SOFT,11,60,0
834,9149,ocon,31,3,SOFT,11,43,0
835,9149,norris,4,3,SOFT,11,42,0
836,9149,lawson,40,3,SOFT,11,17,0
837,9149,russell,63,3,SOFT,11,16,0
838,9149,max_verstappen,1,3,SOFT,12,49,0
839,9149,gasly,10,3,SOFT,12,46,0
840,9149,leclerc,16,3,SOFT,12,41,0
841,9149,perez,11,3,SOFT,13,45,0
842,9149,piastri,81,2,SOFT,16,46,0
843,9149,bottas,77,2,MEDIUM,17,47,0
844,9149,hulkenberg,27,2,MEDIUM,17,48,0
845,9149,russell,63,4,HARD,17,60,0
846,9149,stroll,18,4,MEDIUM,17,34,0
847,9149,lawson,40,4,MEDIUM,18,46,0
848,9149,stroll,18,5,SOFT,35,60,0
849,9149,kevin_magnussen,20,4,MEDIUM,36,60,0
850,9149,zhou,24,4,SOFT,38,60,0
851,9149,sainz,55,4,SOFT,42,60,2
852,9149,norris,4,4,SOFT,43,60,3
853,9149,ocon,31,4,SOFT,44,61,0
854,9149,albon,23,2,MEDIUM,45,61,0
855,9149,perez,11,4,SOFT,46,60,1
856,9149,hamilton,44,4,SOFT,46,60,3
857,9149,gasly,10,4,SOFT,47,60,0
858,9149,piastri,81,3,MEDIUM,47,60,0
859,9149,lawson,40,5,SOFT,47,59,0
860,9149,bottas,77,3,SOFT,48,59,0
861,9149,alonso,14,4,SOFT,49,61,2
862,9149,hulkenberg,27,3,SOFT,49,60,0
863,9149,max_verstappen,1,4,SOFT,50,61,1
864,9149,bottas,77,4,INTERMEDIATE,60,63,0
865,9149,lawson,40,6,INTERMEDIATE,60,63,7
866,9149,perez,11,5,INTERMEDIATE,61,63,6
867,9149,sainz,55,5,INTERMEDIATE,61,64,15
868,9149,gasly,10,5,INTERMEDIATE,61,64,0
869,9149,hamilton,44,5,INTERMEDIATE,61,64,6
870,9149,russell,63,5,INTERMEDIATE,61,63,12
871,9149,norris,4,5,INTERMEDIATE,61,63,4
872,9149,piastri,81,4,INTERMEDIATE,61,63,5
873,9149,tsunoda,22,4,INTERMEDIATE,61,63,5
874,9149,zhou,24,5,INTERMEDIATE,61,62,0
875,9149,stroll,18,6,INTERMEDIATE,61,63,5
876,9149,hulkenberg,27,4,INTERMEDIATE,61,63,3
877,9149,max_verstappen,1,5,INTERMEDIATE,62,63,12
878,9149,kevin_magnussen,20,5,INTERMEDIATE,61,63,0
879,9149,alonso,14,5,INTERMEDIATE,62,64,3
880,9149,albon,23,3,INTERMEDIATE,62,63,5
881,9149,ocon,31,5,WET,62,63,0
882,9149,max_verstappen,1,6,WET,64,64,0
883,9149,perez,11,6,INTERMEDIATE,64,64,6
884,9149,norris,4,6,INTERMEDIATE,64,64,11
885,9149,russell,63,6,INTERMEDIATE,64,64,5
886,9149,albon,23,4,INTERMEDIATE,64,64,5
887,9149,piastri,81,5,INTERMEDIATE,64,64,4
888,9149,tsunoda,22,5,INTERMEDIATE,64,64,5
889,9149,ocon,31,6,INTERMEDIATE,64,64,0
890,9149,stroll,18,7,INTERMEDIATE,64,64,5
891,9149,hulkenberg,27,5,INTERMEDIATE,64,64,4
892,9149,lawson,40,7,INTERMEDIATE,64,64,0
893,9149,bottas,77,5,INTERMEDIATE,64,64,0
894,9149,kevin_magnussen,20,6,INTERMEDIATE,64,64,3
895,9149,max_verstappen,1,7,INTERMEDIATE,65,72,4
896,9149,alonso,14,6,INTERMEDIATE,65,72,6
897,9149,gasly,10,6,INTERMEDIATE,65,72,4
898,9149,perez,11,7,INTERMEDIATE,65,72,7
899,9149,sainz,55,6,INTERMEDIATE,65,72,4
900,9149,hamilton,44,6,INTERMEDIATE,65,72,6
901,9149,norris,4,7,INTERMEDIATE,65,72,12
902,9149,russell,63,7,INTERMEDIATE,65,67,0
903,9149,albon,23,5,INTERMEDIATE,65,72,6
904,9149,piastri,81,6,INTERMEDIATE,65,72,5
905,9149,ocon,31,7,INTERMEDIATE,65,72,1
906,9149,tsunoda,22,6,INTERMEDIATE,65,72,6
907,9149,hulkenberg,27,6,INTERMEDIATE,65,72,5
908,9149,stroll,18,8,INTERMEDIATE,65,72,0
909,9149,bottas,77,6,INTERMEDIATE,65,72,0
910,9149,lawson,40,8,INTERMEDIATE,65,72,8
911,9149,kevin_magnussen,20,7,INTERMEDIATE,65,72,4
912,9149,russell,63,8,INTERMEDIATE,68,72,15
913,9157,kevin_magnussen,20,1,HARD,1,12,4
914,9157,lawson,40,1,MEDIUM,1,13,3
915,9157,max_verstappen,1,1,MEDIUM,1,20,0
916,9157,leclerc,16,1,MEDIUM,1,20,0
917,9157,tsunoda,22,1,MEDIUM,,,3
918,9157,perez,11,1,MEDIUM,1,21,0
919,9157,ocon,31,1,MEDIUM,1,24,0
920,9157,bottas,77,1,HARD,1,25,3
921,9157,russell,63,1,MEDIUM,1,19,0
922,9157,stroll,18,1,MEDIUM,1,20,0
923,9157,hulkenberg,27,1,MEDIUM,1,14,3
924,9157,sargeant,2,1,MEDIUM,1,14,3
925,9157,alonso,14,1,MEDIUM,1,21,0
926,9157,albon,23,1,MEDIUM,1,15,3
927,9157,sainz,55,1,MEDIUM,1,19,0
928,9157,zhou,24,1,MEDIUM,1,11,0
929,9157,gasly,10,1,MEDIUM,1,10,0
930,9157,hamilton,44,1,HARD,1,27,3
931,9157,piastri,81,1,MEDIUM,1,23,0
932,9157,norris,4,1,MEDIUM,1,22,0
933,9157,gasly,10,2,HARD,11,31,3
934,9157,zhou,24,2,HARD,12,33,3
935,9157,kevin_magnussen,20,2,MEDIUM,13,33,0
936,9157,lawson,40,2,HARD,14,33,3
937,9157,sargeant,2,2,HARD,15,51,3
938,9157,hulkenberg,27,2,HARD,15,39,5
939,9157,albon,23,2,HARD,16,51,3
940,9157,russell,63,2,HARD,20,51,0
941,9157,sainz,55,2,HARD,20,51,0
942,9157,max_verstappen,1,2,HARD,21,51,0
943,9157,leclerc,16,2,HARD,21,51,0
944,9157,stroll,18,2,HARD,21,51,4
945,9157,perez,11,2,HARD,22,51,0
946,9157,alonso,14,2,HARD,22,51,3
947,9157,norris,4,2,HARD,23,51,4
948,9157,piastri,81,2,HARD,24,41,5
949,9157,ocon,31,2,HARD,25,39,3
950,9157,bottas,77,2,MEDIUM,26,51,3
951,9157,hamilton,44,2,MEDIUM,28,51,0
952,9157,gasly,10,3,MEDIUM,32,51,0
953,9157,lawson,40,3,MEDIUM,34,51,0
954,9157,zhou,24,3,MEDIUM,34,51,0
955,9157,kevin_magnussen,20,3,MEDIUM,34,50,0
956,9157,hulkenberg,27,3,MEDIUM,40,50,3
957,9157,piastri,81,3,MEDIUM,42,51,3
958,9165,gasly,10,1,MEDIUM,1,20,0
959,9165,piastri,81,1,MEDIUM,1,20,0
960,9165,leclerc,16,1,SOFT,1,20,3
961,9165,perez,11,1,HARD,1,39,0
962,9165,tsunoda,22,1,SOFT,,,0
963,9165,ocon,31,1,MEDIUM,1,20,0
964,9165,bottas,77,1,HARD,1,40,0
965,9165,russell,63,1,MEDIUM,1,20,0
966,9165,hulkenberg,27,1,MEDIUM,1,20,0
967,9165,sargeant,2,1,MEDIUM,1,19,0
968,9165,albon,23,1,MEDIUM,1,20,0
969,9165,norris,4,1,MEDIUM,1,20,0
970,9165,sainz,55,1,MEDIUM,1,20,0
971,9165,hamilton,44,1,MEDIUM,1,20,0
972,9165,zhou,24,1,SOFT,1,2,0
973,9165,alonso,14,1,MEDIUM,1,20,0
974,9165,kevin_magnussen,20,1,MEDIUM,1,20,0
975,9165,lawson,40,1,MEDIUM,1,20,0
976,9165,max_verstappen,1,1,HARD,1,40,0
977,9165,zhou,24,2,HARD,3,20,0
978,9165,sainz,55,2,HARD,21,62,0
979,9165,sargeant,2,2,HARD,20,43,0
980,9165,russell,63,2,HARD,21,44,0
981,9165,leclerc,16,2,HARD,21,62,0
982,9165,norris,4,2,HARD,21,62,0
983,9165,hamilton,44,2,HARD,21,44,0
984,9165,alonso,14,2,HARD,21,44,0
985,9165,ocon,31,2,HARD,21,42,0
986,9165,kevin_magnussen,20,2,HARD,21,43,0
987,9165,piastri,81,2,HARD,21,62,0
988,9165,lawson,40,2,HARD,21,62,0
989,9165,hulkenberg,27,2,HARD,21,62,0
990,9165,gasly,10,2,HARD,21,62,0
991,9165,albon,23,2,HARD,21,43,0
992,9165,zhou,24,3,MEDIUM,21,62,0
993,9165,perez,11,2,MEDIUM,40,62,0
994,9165,max_verstappen,1,2,MEDIUM,41,62,0
995,9165,bottas,77,2,MEDIUM,41,51,0
996,9165,albon,23,3,MEDIUM,44,62,0
997,9165,kevin_magnussen,20,3,SOFT,44,62,3
998,9165,sargeant,2,3,MEDIUM,44,62,0
999,9165,russell,63,3,MEDIUM,45,61,0
1000,9165,hamilton,44,3,MEDIUM,45,62,0
1001,9165,alonso,14,3,SOFT,45,62,2
1002,9173,kevin_magnussen,20,1,MEDIUM,1,12,0
1003,9173,lawson,40,1,SOFT,1,10,0
1004,9173,sargeant,2,1,MEDIUM,1,2,0
1005,9173,tsunoda,22,1,SOFT,1,9,3
1006,9173,gasly,10,1,MEDIUM,1,18,0
1007,9173,albon,23,1,MEDIUM,1,1,0
1008,9173,hulkenberg,27,1,SOFT,1,8,0
1009,9173,sainz,55,1,MEDIUM,1,18,0
1010,9173,perez,11,1,MEDIUM,1,2,0
1011,9173,zhou,24,1,SOFT,1,1,0
1012,9173,norris,4,1,MEDIUM,1,17,0
1013,9173,hamilton,44,1,MEDIUM,1,16,0
1014,9173,ocon,31,1,MEDIUM,1,1,0
1015,9173,bottas,77,1,SOFT,1,1,0
1016,9173,russell,63,1,MEDIUM,1,24,0
1017,9173,max_verstappen,1,1,MEDIUM,1,16,0
1018,9173,piastri,81,1,MEDIUM,1,13,0
1019,9173,alonso,14,1,SOFT,1,11,3
1020,9173,leclerc,16,1,MEDIUM,1,17,0
1021,9173,stroll,18,1,SOFT,1,14,0
1022,9173,ocon,31,2,HARD,2,28,0
1023,9173,zhou,24,2,SOFT,2,10,0
1024,9173,albon,23,2,MEDIUM,2,13,0
1025,9173,bottas,77,2,SOFT,2,6,0
1026,9173,perez,11,2,HARD,3,12,0
1027,9173,sargeant,2,2,MEDIUM,3,5,2
1028,9173,sargeant,2,3,MEDIUM,6,21,0
1029,9173,bottas,77,3,HARD,7,7,0
1030,9173,hulkenberg,27,2,MEDIUM,9,21,0
1031,9173,tsunoda,22,2,MEDIUM,10,30,0
1032,9173,lawson,40,2,MEDIUM,11,25,0
1033,9173,zhou,24,3,SOFT,11,29,0
1034,9173,alonso,14,2,HARD,12,25,0
1035,9173,kevin_magnussen,20,2,HARD,13,31,0
1036,9173,perez,11,3,SOFT,13,13,3
1037,9173,piastri,81,2,HARD,14,35,0
1038,9173,albon,23,3,SOFT,14,26,0
1039,9173,stroll,18,2,MEDIUM,15,20,0
1040,9173,max_verstappen,1,2,MEDIUM,17,37,0
1041,9173,hamilton,44,2,HARD,17,34,0
1042,9173,norris,4,2,HARD,18,36,0
1043,9173,leclerc,16,2,MEDIUM,18,34,0
1044,9173,sainz,55,2,MEDIUM,19,38,0
1045,9173,gasly,10,2,HARD,19,34,0
1046,9173,hulkenberg,27,3,HARD,22,37,0
1047,9173,sargeant,2,4,HARD,22,22,0
1048,9173,russell,63,2,HARD,25,53,0
1049,9173,alonso,14,3,HARD,26,53,0
1050,9173,lawson,40,3,HARD,26,52,0
1051,9173,ocon,31,3,HARD,29,53,0
1052,9173,zhou,24,4,HARD,30,52,0
1053,9173,tsunoda,22,3,HARD,31,52,0
1054,9173,kevin_magnussen,20,3,HARD,32,52,0
1055,9173,leclerc,16,3,HARD,35,53,0
1056,9173,hamilton,44,3,HARD,35,53,0
1057,9173,gasly,10,3,HARD,35,53,0
1058,9173,piastri,81,3,HARD,36,53,0
1059,9173,norris,4,3,HARD,37,53,0
1060,9173,max_verstappen,1,3,HARD,38,53,0
1061,9173,hulkenberg,27,4,MEDIUM,38,52,0
1062,9173,sainz,55,3,HARD,39,53,0
1063,9173,perez,11,4,SOFT,14,14,3
1064,9173,perez,11,5,SOFT,15,15,6
1065,9220,alonso,14,1,SOFT,1,19,3
1066,9220,norris,4,1,MEDIUM,1,19,3
1067,9220,sainz,55,1,SOFT,1,19,0
1068,9220,zhou,24,1,MEDIUM,1,11,5
1069,9220,gasly,10,1,SOFT,1,19,3
1070,9220,piastri,81,1,MEDIUM,1,19,2
1071,9220,ocon,31,1,SOFT,1,10,3
1072,9220,kevin_magnussen,20,1,MEDIUM,1,11,5
1073,9220,lawson,40,1,MEDIUM,,,6
1074,9220,bottas,77,1,MEDIUM,1,19,5
1075,9220,max_verstappen,1,1,MEDIUM,1,19,0
1076,9220,leclerc,16,1,SOFT,1,19,6
1077,9220,hulkenberg,27,1,MEDIUM,1,11,0
1078,9220,tsunoda,22,1,MEDIUM,1,19,6
1079,9220,sargeant,2,1,SOFT,1,2,0
1080,9220,perez,11,1,MEDIUM,1,10,0
1081,9220,albon,23,1,MEDIUM,1,19,6
1082,9220,russell,63,1,SOFT,1,19,3
1083,9220,stroll,18,1,SOFT,1,11,0
1084,9220,hamilton,44,1,MEDIUM,1,19,7
1085,9220,zhou,24,2,SOFT,12,19,3
1086,9220,stroll,18,2,SOFT,12,19,6
1087,9220,kevin_magnussen,20,2,SOFT,12,19,0
1088,9221,zhou,24,1,MEDIUM,1,18,0
1089,9221,norris,4,1,MEDIUM,1,13,7
1090,9221,hamilton,44,1,SOFT,,,0
1091,9221,gasly,10,1,MEDIUM,1,11,7
1092,9221,piastri,81,1,MEDIUM,1,12,6
1093,9221,ocon,31,1,MEDIUM,1,10,7
1094,9221,kevin_magnussen,20,1,SOFT,1,3,0
1095,9221,lawson,40,1,SOFT,1,3,0
1096,9221,bottas,77,1,SOFT,1,3,3
1097,9221,max_verstappen,1,1,MEDIUM,1,17,3
1098,9221,leclerc,16,1,MEDIUM,1,12,8
1099,9221,perez,11,1,HARD,1,17,0
1100,9221,tsunoda,22,1,MEDIUM,1,9,0
1101,9221,russell,63,1,MEDIUM,1,1,7
1102,9221,stroll,18,1,MEDIUM,1,3,8
1103,9221,hulkenberg,27,1,MEDIUM,1,13,7
1104,9221,sargeant,2,1,MEDIUM,1,13,0
1105,9221,alonso,14,1,MEDIUM,1,11,5
1106,9221,albon,23,1,MEDIUM,1,18,0
1107,9221,russell,63,2,MEDIUM,2,14,7
1108,9221,bottas,77,2,MEDIUM,4,21,0
1109,9221,lawson,40,2,HARD,4,21,0
1110,9221,kevin_magnussen,20,2,MEDIUM,4,21,0
1111,9221,stroll,18,2,MEDIUM,4,21,0
1112,9221,tsunoda,22,2,MEDIUM,10,22,0
1113,9221,ocon,31,2,MEDIUM,11,25,5
1114,9221,alonso,14,2,MEDIUM,12,26,5
1115,9221,gasly,10,2,MEDIUM,12,26,5
1116,9221,leclerc,16,2,MEDIUM,13,25,0
1117,9221,piastri,81,2,MEDIUM,13,25,7
1118,9221,norris,4,2,MEDIUM,14,27,6
1119,9221,sargeant,2,2,MEDIUM,14,26,0
1120,9221,hulkenberg,27,2,HARD,14,27,0
1121,9221,russell,63,3,MEDIUM,15,32,0
1122,9221,max_verstappen,1,2,MEDIUM,18,34,3
1123,9221,perez,11,2,MEDIUM,18,31,6
1124,9221,albon,23,2,MEDIUM,19,31,0
1125,9221,zhou,24,2,HARD,19,35,0
1126,9221,bottas,77,3,HARD,22,39,0
1127,9221,stroll,18,3,HARD,22,39,0
1128,9221,lawson,40,3,HARD,22,39,0
1129,9221,kevin_magnussen,20,3,HARD,22,39,0
1130,9221,tsunoda,22,3,HARD,23,40,0
1131,9221,piastri,81,3,MEDIUM,26,43,0
1132,9221,ocon,31,3,HARD,26,43,0
1133,9221,leclerc,16,3,HARD,26,43,0
1134,9221,alonso,14,3,HARD,27,44,0
1135,9221,gasly,10,3,HARD,27,44,0
1136,9221,sargeant,2,3,HARD,27,40,0
1137,9221,norris,4,3,MEDIUM,28,44,0
1138,9221,hulkenberg,27,3,MEDIUM,28,39,6
1139,9221,perez,11,3,MEDIUM,32,43,0
1140,9221,albon,23,3,HARD,32,44,0
1141,9221,russell,63,4,HARD,33,50,0
1142,9221,max_verstappen,1,3,HARD,35,51,0
1143,9221,zhou,24,3,HARD,36,52,0
1144,9221,bottas,77,4,HARD,40,57,1
1145,9221,stroll,18,4,MEDIUM,40,57,0
1146,9221,kevin_magnussen,20,4,HARD,40,56,0
1147,9221,lawson,40,4,MEDIUM,40,56,0
1148,9221,hulkenberg,27,4,HARD,40,56,0
1149,9221,tsunoda,22,4,HARD,41,56,0
1150,9221,piastri,81,4,HARD,44,57,0
1151,9221,leclerc,16,4,MEDIUM,44,57,0
1152,9221,ocon,31,4,MEDIUM,44,57,0
1153,9221,perez,11,4,MEDIUM,44,57,0
1154,9221,norris,4,4,HARD,45,57,0
1155,9221,alonso,14,4,MEDIUM,45,57,0
1156,9221,gasly,10,4,MEDIUM,45,57,0
1157,9221,albon,23,4,HARD,45,57,0
1158,9221,russell,63,5,SOFT,51,57,3
1159,9221,max_verstappen,1,4,MEDIUM,52,57,0
1160,9221,zhou,24,4,SOFT,53,57,0
1161,9212,alonso,14,1,MEDIUM,1,19,3
1162,9212,kevin_magnussen,20,1,MEDIUM,1,19,6
1163,9212,max_verstappen,1,1,MEDIUM,1,19,3
1164,9212,gasly,10,1,MEDIUM,1,19,3
1165,9212,piastri,81,1,MEDIUM,1,19,5
1166,9212,leclerc,16,1,MEDIUM,1,19,5
1167,9212,perez,11,1,MEDIUM,1,19,5
1168,9212,tsunoda,22,1,MEDIUM,1,19,5
1169,9212,ocon,31,1,MEDIUM,1,19,3
1170,9212,bottas,77,1,MEDIUM,1,19,6
1171,9212,russell,63,1,MEDIUM,1,19,3
1172,9212,stroll,18,1,MEDIUM,1,16,6
1173,9212,hulkenberg,27,1,MEDIUM,1,19,0
1174,9212,sargeant,2,1,MEDIUM,1,19,6
1175,9212,albon,23,1,MEDIUM,1,19,0
1176,9212,ricciardo,3,1,MEDIUM,1,19,6
1177,9212,hamilton,44,1,MEDIUM,1,19,3
1178,9212,norris,4,1,MEDIUM,1,19,5
1179,9212,sainz,55,1,SOFT,1,19,3
1180,9212,zhou,24,1,MEDIUM,1,19,5
1181,9213,alonso,14,1,MEDIUM,1,19,0
1182,9213,ricciardo,3,1,MEDIUM,1,22,0
1183,9213,albon,23,1,MEDIUM,1,10,3
1184,9213,norris,4,1,MEDIUM,1,17,0
1185,9213,sainz,55,1,MEDIUM,1,17,0
1186,9213,zhou,24,1,MEDIUM,1,9,0
1187,9213,hamilton,44,1,MEDIUM,1,20,0
1188,9213,gasly,10,1,MEDIUM,1,18,0
1189,9213,piastri,81,1,MEDIUM,1,10,0
1190,9213,ocon,31,1,MEDIUM,1,6,0
1191,9213,kevin_magnussen,20,1,MEDIUM,1,10,0
1192,9213,bottas,77,1,MEDIUM,1,10,0
1193,9213,max_verstappen,1,1,MEDIUM,1,16,0
1194,9213,leclerc,16,1,MEDIUM,1,23,0
1195,9213,hulkenberg,27,1,HARD,1,19,0
1196,9213,sargeant,2,1,MEDIUM,1,11,0
1197,9213,tsunoda,22,1,MEDIUM,1,17,0
1198,9213,perez,11,1,MEDIUM,1,17,0
1199,9213,stroll,18,1,HARD,1,20,0
1200,9213,russell,63,1,MEDIUM,1,21,0
1201,9213,zhou,24,2,HARD,10,27,0
1202,9213,albon,23,2,HARD,11,29,0
1203,9213,bottas,77,2,HARD,11,28,0
1204,9213,kevin_magnussen,20,2,HARD,11,29,0
1205,9213,sargeant,2,2,HARD,12,32,0
1206,9213,max_verstappen,1,2,MEDIUM,17,35,0
1207,9213,norris,4,2,HARD,18,34,0
1208,9213,sainz,55,2,MEDIUM,18,35,0
1209,9213,perez,11,2,MEDIUM,18,37,0
1210,9213,tsunoda,22,2,HARD,18,34,0
1211,9213,gasly,10,2,MEDIUM,19,37,0
1212,9213,alonso,14,2,MEDIUM,20,42,0
1213,9213,hulkenberg,27,2,MEDIUM,20,34,0
1214,9213,hamilton,44,2,HARD,21,38,0
1215,9213,stroll,18,2,MEDIUM,21,40,0
1216,9213,russell,63,2,HARD,22,39,0
1217,9213,ricciardo,3,2,HARD,23,47,0
1218,9213,leclerc,16,2,HARD,24,56,0
1219,9213,zhou,24,3,HARD,28,55,0
1220,9213,bottas,77,3,HARD,29,56,0
1221,9213,albon,23,3,MEDIUM,30,56,6
1222,9213,kevin_magnussen,20,3,MEDIUM,30,55,0
1223,9213,sargeant,2,3,MEDIUM,33,56,0
1224,9213,norris,4,3,HARD,35,56,0
1225,9213,tsunoda,22,3,MEDIUM,35,54,0
1226,9213,hulkenberg,27,3,MEDIUM,35,56,6
1227,9213,max_verstappen,1,3,HARD,36,56,0
1228,9213,sainz,55,3,HARD,36,56,0
1229,9213,perez,11,3,HARD,38,56,0
1230,9213,gasly,10,3,HARD,38,56,0
1231,9213,hamilton,44,3,MEDIUM,39,56,0
1232,9213,russell,63,3,MEDIUM,40,56,0
1233,9213,stroll,18,3,MEDIUM,41,56,0
1234,9213,alonso,14,3,HARD,43,49,0
1235,9213,ricciardo,3,3,SOFT,48,55,0
1236,9213,tsunoda,22,4,SOFT,55,56,0
1237,9181,stroll,18,1,MEDIUM,1,30,1
1238,9181,albon,23,1,HARD,1,33,0
1239,9181,hulkenberg,27,1,MEDIUM,1,23,0
1240,9181,tsunoda,22,1,MEDIUM,1,9,0
1241,9181,kevin_magnussen,20,1,MEDIUM,1,23,0
1242,9181,perez,11,1,MEDIUM,1,1,0
1243,9181,sargeant,2,1,MEDIUM,1,22,0
1244,9181,ocon,31,1,HARD,1,34,0
1245,9181,sainz,55,1,MEDIUM,1,30,0
1246,9181,zhou,24,1,MEDIUM,1,21,0
1247,9181,hamilton,44,1,MEDIUM,1,24,0
1248,9181,alonso,14,1,MEDIUM,1,29,1
1249,9181,max_verstappen,1,1,MEDIUM,1,19,0
1250,9181,ricciardo,3,1,MEDIUM,1,27,0
1251,9181,russell,63,1,MEDIUM,1,26,0
1252,9181,gasly,10,1,MEDIUM,1,28,0
1253,9181,bottas,77,1,MEDIUM,1,31,0
1254,9181,leclerc,16,1,MEDIUM,1,31,0
1255,9181,norris,4,1,SOFT,1,11,0
1256,9181,piastri,81,1,MEDIUM,1,25,0
1257,9181,tsunoda,22,2,HARD,10,34,0
1258,9181,norris,4,2,HARD,12,33,0
1259,9181,max_verstappen,1,2,HARD,20,33,0
1260,9181,zhou,24,2,HARD,22,34,0
1261,9181,sargeant,2,2,HARD,23,34,0
1262,9181,hulkenberg,27,2,HARD,24,34,0
1263,9181,kevin_magnussen,20,2,HARD,24,31,0
1264,9181,hamilton,44,2,HARD,25,34,0
1265,9181,piastri,81,2,HARD,26,34,0
1266,9181,russell,63,2,HARD,27,34,0
1267,9181,ricciardo,3,2,HARD,28,34,0
1268,9181,gasly,10,2,HARD,29,34,0
1269,9181,alonso,14,2,HARD,30,34,1
1270,9181,sainz,55,2,HARD,31,34,0
1271,9181,stroll,18,2,HARD,31,34,1
1272,9181,leclerc,16,2,HARD,32,34,0
1273,9181,bottas,77,2,HARD,32,34,0
1274,9181,max_verstappen,1,3,HARD,34,34,0
1275,9181,norris,4,3,MEDIUM,34,34,0
1276,9181,albon,23,2,MEDIUM,34,34,0
1277,9181,max_verstappen,1,4,HARD,35,71,1
1278,9181,leclerc,16,3,HARD,35,71,3
1279,9181,hamilton,44,3,MEDIUM,35,71,4
1280,9181,sainz,55,3,HARD,35,71,4
1281,9181,piastri,81,3,MEDIUM,35,71,3
1282,9181,ricciardo,3,3,HARD,35,71,7
1283,9181,russell,63,3,MEDIUM,35,71,5
1284,9181,tsunoda,22,3,HARD,35,71,0
1285,9181,hulkenberg,27,3,MEDIUM,35,71,0
1286,9181,norris,4,4,MEDIUM,35,71,1
1287,9181,gasly,10,3,HARD,35,71,6
1288,9181,albon,23,3,MEDIUM,35,71,1
1289,9181,zhou,24,3,HARD,35,71,13
1290,9181,ocon,31,2,MEDIUM,35,71,0
1291,9181,sargeant,2,3,MEDIUM,35,70,0
1292,9181,stroll,18,3,HARD,35,66,5
1293,9181,bottas,77,3,HARD,35,71,3
1294,9181,alonso,14,3,HARD,35,47,6
1295,9204,albon,23,1,SOFT,1,24,3
1296,9204,stroll,18,1,SOFT,1,24,3
1297,9204,zhou,24,1,SOFT,1,24,0
1298,9204,hamilton,44,1,SOFT,1,24,3
1299,9204,norris,4,1,SOFT,1,24,3
1300,9204,alonso,14,1,SOFT,1,24,3
1301,9204,kevin_magnussen,20,1,MEDIUM,1,24,4
1302,9204,sainz,55,1,SOFT,1,24,3
1303,9204,gasly,10,1,SOFT,1,24,3
1304,9204,piastri,81,1,SOFT,1,24,3
1305,9204,leclerc,16,1,SOFT,1,24,3
1306,9204,perez,11,1,SOFT,1,24,3
1307,9204,ocon,31,1,SOFT,1,24,3
1308,9204,bottas,77,1,SOFT,1,24,0
1309,9204,russell,63,1,SOFT,1,24,3
1310,9204,max_verstappen,1,1,SOFT,1,24,3
1311,9204,hulkenberg,27,1,MEDIUM,1,24,4
1312,9204,tsunoda,22,1,SOFT,1,24,0
1313,9204,sargeant,2,1,MEDIUM,1,24,0
1314,9204,ricciardo,3,1,SOFT,1,24,0
1315,9205,ricciardo,3,1,SOFT,1,1,0
1316,9205,albon,23,1,SOFT,,,3
1317,9205,russell,63,1,SOFT,1,1,3
1318,9205,stroll,18,1,SOFT,1,1,0
1319,9205,norris,4,1,SOFT,1,1,3
1320,9205,zhou,24,1,SOFT,1,1,0
1321,9205,hamilton,44,1,SOFT,1,1,3
1322,9205,alonso,14,1,SOFT,1,1,3
1323,9205,kevin_magnussen,20,1,SOFT,,,0
1324,9205,sainz,55,1,SOFT,1,1,2
1325,9205,gasly,10,1,SOFT,1,1,2
1326,9205,piastri,81,1,SOFT,1,1,2
1327,9205,leclerc,16,1,SOFT,,,0
1328,9205,perez,11,1,SOFT,1,1,3
1329,9205,ocon,31,1,SOFT,1,1,3
1330,9205,bottas,77,1,SOFT,1,1,0
1331,9205,max_verstappen,1,1,SOFT,1,1,3
1332,9205,sargeant,2,1,MEDIUM,1,1,0
1333,9205,hulkenberg,27,1,SOFT,1,1,0
1334,9205,tsunoda,22,1,SOFT,1,1,3
1335,9205,max_verstappen,1,2,SOFT,2,2,0
1336,9205,hamilton,44,2,SOFT,2,2,4
1337,9205,norris,4,2,SOFT,2,2,0
1338,9205,stroll,18,2,SOFT,2,2,1
1339,9205,alonso,14,2,SOFT,2,2,4
1340,9205,perez,11,2,SOFT,2,2,0
1341,9205,russell,63,2,SOFT,2,2,4
1342,9205,sainz,55,2,SOFT,2,2,3
1343,9205,ocon,31,2,SOFT,2,2,4
1344,9205,bottas,77,2,SOFT,2,2,1
1345,9205,tsunoda,22,2,SOFT,2,2,4
1346,9205,gasly,10,2,SOFT,2,2,3
1347,9205,zhou,24,2,SOFT,2,2,1
1348,9205,sargeant,2,2,MEDIUM,2,2,1
1349,9205,hulkenberg,27,2,MEDIUM,2,2,0
1350,9205,max_verstappen,1,3,SOFT,3,27,3
1351,9205,norris,4,3,SOFT,3,27,0
1352,9205,hamilton,44,3,SOFT,3,18,3
1353,9205,alonso,14,3,SOFT,3,25,3
1354,9205,stroll,18,3,SOFT,3,22,3
1355,9205,russell,63,3,SOFT,3,19,3
1356,9205,perez,11,3,SOFT,3,20,3
1357,9205,sainz,55,3,SOFT,3,26,4
1358,9205,ocon,31,3,SOFT,3,14,3
1359,9205,tsunoda,22,3,SOFT,3,26,0
1360,9205,gasly,10,3,SOFT,3,26,3
1361,9205,bottas,77,3,SOFT,3,18,0
1362,9205,zhou,24,3,SOFT,3,15,0
1363,9205,sargeant,2,3,SOFT,3,17,0
1364,9205,hulkenberg,27,3,SOFT,3,21,3
1365,9205,piastri,81,2,MEDIUM,2,2,0
1366,9205,ricciardo,3,2,SOFT,2,2,3
1367,9205,piastri,81,3,MEDIUM,3,24,1
1368,9205,ricciardo,3,3,SOFT,3,26,4
1369,9205,ocon,31,4,MEDIUM,15,31,0
1370,9205,zhou,24,4,MEDIUM,16,22,0
1371,9205,sargeant,2,4,SOFT,18,44,0
1372,9205,hamilton,44,4,MEDIUM,19,46,0
1373,9205,bottas,77,4,MEDIUM,19,39,0
1374,9205,russell,63,4,MEDIUM,20,45,0
1375,9205,perez,11,4,MEDIUM,21,46,0
1376,9205,hulkenberg,27,4,SOFT,22,46,3
1377,9205,stroll,18,4,MEDIUM,23,52,0
1378,9205,alonso,14,4,MEDIUM,26,47,0
1379,9205,piastri,81,4,SOFT,25,52,2
1380,9205,sainz,55,4,MEDIUM,27,51,0
1381,9205,gasly,10,4,MEDIUM,27,46,0
1382,9205,tsunoda,22,4,MEDIUM,27,55,0
1383,9205,max_verstappen,1,4,MEDIUM,28,56,0
1384,9205,norris,4,4,MEDIUM,28,59,3
1385,9205,ricciardo,3,4,MEDIUM,27,55,0
1386,9205,ocon,31,5,SOFT,32,51,3
1387,9205,sargeant,2,5,SOFT,45,70,0
1388,9205,russell,63,5,SOFT,46,57,3
1389,9205,perez,11,5,SOFT,47,71,3
1390,9205,hamilton,44,5,SOFT,47,71,3
1391,9205,gasly,10,5,SOFT,47,71,0
1392,9205,hulkenberg,27,5,SOFT,47,70,0
1393,9205,alonso,14,5,SOFT,48,71,0
1394,9205,sainz,55,5,SOFT,52,71,3
1395,9205,ocon,31,6,SOFT,52,70,0
1396,9205,stroll,18,5,SOFT,53,71,2
1397,9205,piastri,81,5,SOFT,53,69,5
1398,9205,tsunoda,22,5,SOFT,56,71,0
1399,9205,max_verstappen,1,5,SOFT,57,71,0
1400,9205,ricciardo,3,5,SOFT,56,70,0
1401,9205,norris,4,5,SOFT,60,71,3
1402,9189,gasly,10,1,MEDIUM,1,17,0
1403,9189,piastri,81,1,HARD,1,16,1
1404,9189,leclerc,16,1,MEDIUM,1,21,0
1405,9189,perez,11,1,MEDIUM,1,1,0
1406,9189,ocon,31,1,MEDIUM,1,20,0
1407,9189,bottas,77,1,MEDIUM,1,1,0
1408,9189,russell,63,1,MEDIUM,1,15,0
1409,9189,max_verstappen,1,1,MEDIUM,1,16,0
1410,9189,hulkenberg,27,1,MEDIUM,1,12,0
1411,9189,tsunoda,22,1,SOFT,1,10,0
1412,9189,sargeant,2,1,MEDIUM,1,15,0
1413,9189,ricciardo,3,1,MEDIUM,1,17,0
1414,9189,albon,23,1,MEDIUM,1,16,0
1415,9189,stroll,18,1,SOFT,1,3,4
1416,9189,sainz,55,1,MEDIUM,1,3,0
1417,9189,hamilton,44,1,HARD,1,17,0
1418,9189,norris,4,1,MEDIUM,1,2,1
1419,9189,zhou,24,1,HARD,1,26,0
1420,9189,alonso,14,1,MEDIUM,1,1,0
1421,9189,kevin_magnussen,20,1,MEDIUM,1,14,0
1422,9189,perez,11,2,HARD,2,26,0
1423,9189,alonso,14,2,HARD,2,26,0
1424,9189,bottas,77,2,HARD,2,24,0
1425,9189,stroll,18,2,HARD,4,26,1
1426,9189,sainz,55,2,HARD,4,26,0
1427,9189,tsunoda,22,2,MEDIUM,11,21,0
1428,9189,hulkenberg,27,2,HARD,13,26,0
1429,9189,kevin_magnussen,20,2,HARD,15,26,0
1430,9189,russell,63,2,HARD,16,26,0
1431,9189,sargeant,2,2,HARD,16,50,0
1432,9189,max_verstappen,1,2,HARD,17,26,0
1433,9189,albon,23,2,HARD,17,50,0
1434,9189,piastri,81,2,HARD,17,43,1
1435,9189,gasly,10,2,HARD,18,50,0
1436,9189,ricciardo,3,2,HARD,18,50,0
1437,9189,hamilton,44,2,MEDIUM,18,26,0
1438,9189,ocon,31,2,HARD,21,50,0
1439,9189,leclerc,16,2,HARD,22,50,0
1440,9189,tsunoda,22,3,HARD,22,46,0
1441,9189,bottas,77,3,MEDIUM,25,50,0
1442,9189,perez,11,3,HARD,27,50,0
1443,9189,max_verstappen,1,3,HARD,27,50,0
1444,9189,stroll,18,3,HARD,27,50,0
1445,9189,sainz,55,3,HARD,27,50,0
1446,9189,russell,63,3,HARD,27,50,0
1447,9189,alonso,14,3,HARD,27,50,0
1448,9189,zhou,24,2,MEDIUM,27,50,0
1449,9189,kevin_magnussen,20,3,HARD,27,50,0
1450,9189,hulkenberg,27,3,HARD,27,45,0
1451,9189,hamilton,44,3,HARD,27,50,0
1452,9189,piastri,81,3,MEDIUM,44,50,1
1453,9197,kevin_magnussen,20,1,MEDIUM,1,5,0
1454,9197,perez,11,1,MEDIUM,1,17,0
1455,9197,hamilton,44,1,MEDIUM,1,15,0
1456,9197,norris,4,1,MEDIUM,1,14,0
1457,9197,zhou,24,1,MEDIUM,1,13,0
1458,9197,ocon,31,1,MEDIUM,1,15,0
1459,9197,tsunoda,22,1,MEDIUM,1,22,0
1460,9197,sainz,55,1,HARD,1,23,0
1461,9197,ricciardo,3,1,MEDIUM,1,7,0
1462,9197,russell,63,1,MEDIUM,1,14,0
1463,9197,bottas,77,1,HARD,1,29,0
1464,9197,gasly,10,1,MEDIUM,1,17,0
1465,9197,max_verstappen,1,1,MEDIUM,1,16,0
1466,9197,piastri,81,1,MEDIUM,1,13,0
1467,9197,alonso,14,1,MEDIUM,1,12,0
1468,9197,leclerc,16,1,MEDIUM,1,17,0
1469,9197,hulkenberg,27,1,MEDIUM,1,13,0
1470,9197,stroll,18,1,HARD,1,22,1
1471,9197,albon,23,1,MEDIUM,1,16,1
1472,9197,sargeant,2,1,MEDIUM,1,15,1
1473,9197,kevin_magnussen,20,2,HARD,6,22,0
1474,9197,ricciardo,3,2,HARD,8,31,0
1475,9197,alonso,14,2,HARD,13,36,1
1476,9197,piastri,81,2,HARD,14,36,0
1477,9197,hulkenberg,27,2,HARD,14,33,0
1478,9197,zhou,24,2,HARD,14,37,0
1479,9197,norris,4,2,HARD,15,33,0
1480,9197,russell,63,2,HARD,15,34,0
1481,9197,ocon,31,2,HARD,16,58,0
1482,9197,hamilton,44,2,HARD,16,35,0
1483,9197,sargeant,2,2,HARD,16,41,0
1484,9197,max_verstappen,1,2,HARD,17,43,0
1485,9197,albon,23,2,HARD,17,43,0
1486,9197,leclerc,16,2,HARD,18,35,0
1487,9197,perez,11,2,HARD,18,42,0
1488,9197,gasly,10,2,HARD,18,32,0
1489,9197,tsunoda,22,2,HARD,23,58,0
1490,9197,stroll,18,2,HARD,23,42,1
1491,9197,kevin_magnussen,20,3,HARD,23,57,0
1492,9197,sainz,55,2,HARD,24,56,0
1493,9197,bottas,77,2,MEDIUM,30,57,0
1494,9197,ricciardo,3,3,HARD,32,58,0
1495,9197,gasly,10,3,HARD,33,58,0
1496,9197,norris,4,3,HARD,34,58,0
1497,9197,hulkenberg,27,3,HARD,34,58,0
1498,9197,russell,63,3,HARD,35,58,0
1499,9197,leclerc,16,3,HARD,36,58,0
1500,9197,hamilton,44,3,HARD,36,58,0
1501,9197,piastri,81,3,HARD,37,58,0
1502,9197,alonso,14,3,HARD,37,58,1
1503,9197,zhou,24,3,MEDIUM,38,58,0
1504,9197,sargeant,2,3,HARD,42,58,0
1505,9197,perez,11,3,HARD,43,58,0
1506,9197,stroll,18,3,MEDIUM,43,58,0
1507,9197,max_verstappen,1,3,HARD,44,58,0
1508,9197,albon,23,3,HARD,44,58,0
1509,9197,sainz,55,3,SOFT,57,57,0
1510,9472,max_verstappen,1,1,SOFT,1,17,3
1511,9472,ricciardo,3,1,SOFT,1,13,3
1512,9472,alonso,14,1,SOFT,1,15,3
1513,9472,gasly,10,1,SOFT,1,12,0
1514,9472,piastri,81,1,SOFT,1,12,3
1515,9472,stroll,18,1,SOFT,1,9,0
1516,9472,hulkenberg,27,1,SOFT,1,1,0
1517,9472,tsunoda,22,1,SOFT,1,14,0
1518,9472,ocon,31,1,SOFT,1,10,0
1519,9472,norris,4,1,SOFT,1,13,3
1520,9472,sargeant,2,1,SOFT,1,10,0
1521,9472,bottas,77,1,SOFT,1,12,0
1522,9472,russell,63,1,SOFT,1,11,3
1523,9472,albon,23,1,SOFT,1,15,0
1524,9472,leclerc,16,1,SOFT,1,11,3
1525,9472,hamilton,44,1,SOFT,1,12,3
1526,9472,kevin_magnussen,20,1,SOFT,1,11,0
1527,9472,perez,11,1,SOFT,1,12,3
1528,9472,zhou,24,1,SOFT,1,9,0
1529,9472,sainz,55,1,SOFT,1,14,3
1530,9472,hulkenberg,27,2,HARD,2,20,0
1531,9472,zhou,24,2,HARD,10,28,0
1532,9472,stroll,18,2,HARD,10,27,0
1533,9472,ocon,31,2,HARD,11,30,0
1534,9472,sargeant,2,2,HARD,11,28,0
1535,9472,russell,63,2,HARD,12,31,0
1536,9472,leclerc,16,2,HARD,12,34,0
1537,9472,kevin_magnussen,20,2,HARD,12,32,0
1538,9472,perez,11,2,HARD,13,36,0
1539,9472,piastri,81,2,HARD,13,34,0
1540,9472,hamilton,44,2,HARD,13,33,0
1541,9472,bottas,77,2,HARD,13,30,0
1542,9472,gasly,10,2,HARD,13,31,0
1543,9472,norris,4,2,HARD,14,33,0
1544,9472,ricciardo,3,2,HARD,14,35,0
1545,9472,sainz,55,2,HARD,15,35,0
1546,9472,tsunoda,22,2,HARD,15,34,0
1547,9472,alonso,14,2,HARD,16,41,0
1548,9472,albon,23,2,HARD,16,36,0
1549,9472,max_verstappen,1,2,HARD,18,37,0
1550,9472,hulkenberg,27,3,HARD,21,41,0
1551,9472,stroll,18,3,HARD,28,57,0
1552,9472,zhou,24,3,HARD,29,56,0
1553,9472,sargeant,2,3,HARD,29,40,0
1554,9472,ocon,31,3,HARD,31,56,0
1555,9472,russell,63,3,HARD,32,57,0
1556,9472,bottas,77,3,HARD,31,56,0
1557,9472,gasly,10,3,HARD,32,43,0
1558,9472,kevin_magnussen,20,3,HARD,33,56,0
1559,9472,norris,4,3,HARD,34,57,0
1560,9472,hamilton,44,3,HARD,34,57,0
1561,9472,leclerc,16,3,HARD,35,57,0
1562,9472,piastri,81,3,HARD,35,57,0
1563,9472,tsunoda,22,3,HARD,35,56,0
1564,9472,sainz,55,3,HARD,36,57,0
1565,9472,ricciardo,3,3,SOFT,36,56,0
1566,9472,perez,11,3,SOFT,37,57,0
1567,9472,albon,23,3,HARD,37,56,0
1568,9472,max_verstappen,1,3,SOFT,38,57,0
1569,9472,alonso,14,3,HARD,42,57,0
1570,9472,sargeant,2,4,SOFT,41,55,0
1571,9472,hulkenberg,27,4,SOFT,42,56,0
1572,9472,gasly,10,4,SOFT,44,56,0
1573,9480,tsunoda,22,1,MEDIUM,1,7,0
1574,9480,sargeant,2,1,MEDIUM,1,7,0
1575,9480,perez,11,1,MEDIUM,1,7,0
1576,9480,albon,23,1,MEDIUM,1,7,0
1577,9480,russell,63,1,MEDIUM,1,7,0
1578,9480,stroll,18,1,MEDIUM,1,5,1
1579,9480,hamilton,44,1,MEDIUM,1,36,0
1580,9480,ricciardo,3,1,MEDIUM,1,7,0
1581,9480,alonso,14,1,MEDIUM,1,7,1
1582,9480,norris,4,1,MEDIUM,1,37,0
1583,9480,zhou,24,1,MEDIUM,1,41,0
1584,9480,gasly,10,1,MEDIUM,1,1,0
1585,9480,piastri,81,1,MEDIUM,1,7,0
1586,9480,kevin_magnussen,20,1,MEDIUM,1,7,0
1587,9480,ocon,31,1,MEDIUM,1,7,0
1588,9480,bottas,77,1,SOFT,1,7,0
1589,9480,max_verstappen,1,1,MEDIUM,1,7,0
1590,9480,hulkenberg,27,1,MEDIUM,1,33,0
1591,9480,leclerc,16,1,MEDIUM,1,7,0
1592,9480,bearman,38,1,SOFT,1,7,0
1593,9480,max_verstappen,1,2,HARD,8,50,0
1594,9480,perez,11,2,HARD,8,50,0
1595,9480,leclerc,16,2,HARD,8,50,0
1596,9480,alonso,14,2,HARD,8,50,1
1597,9480,piastri,81,2,HARD,8,50,1
1598,9480,russell,63,2,HARD,8,50,0
1599,9480,kevin_magnussen,20,2,HARD,8,50,0
1600,9480,tsunoda,22,2,HARD,8,49,0
1601,9480,bearman,38,2,HARD,8,50,0
1602,9480,albon,23,2,HARD,8,50,0
1603,9480,bottas,77,2,HARD,8,35,0
1604,9480,sargeant,2,2,HARD,8,49,0
1605,9480,ocon,31,2,HARD,8,49,0
1606,9480,ricciardo,3,2,HARD,8,49,0
1607,9480,hulkenberg,27,2,HARD,34,50,0
1608,9480,bottas,77,3,SOFT,36,49,0
1609,9480,hamilton,44,2,SOFT,37,50,3
1610,9480,norris,4,2,SOFT,38,50,1
1611,9480,zhou,24,2,SOFT,42,49,0
1612,9488,hulkenberg,27,1,HARD,1,17,0
1613,9488,leclerc,16,1,MEDIUM,1,9,0
1614,9488,perez,11,1,MEDIUM,1,14,0
1615,9488,tsunoda,22,1,MEDIUM,1,9,0
1616,9488,russell,63,1,MEDIUM,1,8,0
1617,9488,stroll,18,1,MEDIUM,1,8,1
1618,9488,alonso,14,1,HARD,1,17,1
1619,9488,albon,23,1,MEDIUM,1,6,0
1620,9488,ricciardo,3,1,SOFT,1,5,0
1621,9488,norris,4,1,MEDIUM,1,14,0
1622,9488,zhou,24,1,SOFT,1,6,1
1623,9488,sainz,55,1,MEDIUM,1,16,0
1624,9488,hamilton,44,1,SOFT,1,7,0
1625,9488,gasly,10,1,MEDIUM,1,17,0
1626,9488,piastri,81,1,MEDIUM,1,9,0
1627,9488,kevin_magnussen,20,1,MEDIUM,1,7,0
1628,9488,ocon,31,1,MEDIUM,1,9,0
1629,9488,bottas,77,1,MEDIUM,1,8,1
1630,9488,max_verstappen,1,1,MEDIUM,1,3,0
1631,9488,ricciardo,3,2,HARD,5,29,0
1632,9488,albon,23,2,HARD,6,27,0
1633,9488,zhou,24,2,HARD,6,35,1
1634,9488,hamilton,44,2,HARD,7,15,0
1635,9488,kevin_magnussen,20,2,HARD,7,33,0
1636,9488,russell,63,2,HARD,8,45,0
1637,9488,stroll,18,2,HARD,8,37,1
1638,9488,bottas,77,2,HARD,8,36,0
1639,9488,piastri,81,2,HARD,9,39,1
1640,9488,leclerc,16,2,HARD,9,34,0
1641,9488,tsunoda,22,2,HARD,9,36,0
1642,9488,ocon,31,2,HARD,9,16,0
1643,9488,norris,4,2,HARD,14,40,1
1644,9488,perez,11,2,HARD,14,35,0
1645,9488,sainz,55,2,HARD,16,41,0
1646,9488,ocon,31,3,HARD,16,42,0
1647,9488,alonso,14,2,MEDIUM,17,41,1
1648,9488,hulkenberg,27,2,MEDIUM,17,35,0
1649,9488,gasly,10,2,HARD,17,41,0
1650,9488,albon,23,3,HARD,27,57,0
1651,9488,ricciardo,3,3,HARD,29,57,0
1652,9488,kevin_magnussen,20,3,HARD,33,57,0
1653,9488,leclerc,16,3,HARD,34,58,0
1654,9488,perez,11,3,HARD,35,58,0
1655,9488,hulkenberg,27,3,HARD,35,58,0
1656,9488,zhou,24,3,HARD,35,57,0
1657,9488,tsunoda,22,3,HARD,36,58,0
1658,9488,bottas,77,3,HARD,36,57,0
1659,9488,stroll,18,3,HARD,37,58,0
1660,9488,piastri,81,3,HARD,39,58,1
1661,9488,norris,4,3,HARD,40,58,1
1662,9488,sainz,55,3,HARD,41,58,0
1663,9488,alonso,14,3,HARD,41,58,1
1664,9488,gasly,10,3,HARD,41,57,0
1665,9488,ocon,31,4,HARD,42,57,7
1666,9488,russell,63,3,HARD,45,56,0
1667,9496,max_verstappen,1,1,MEDIUM,1,1,0
1668,9496,piastri,81,1,MEDIUM,1,1,0
1669,9496,russell,63,1,MEDIUM,1,1,0
1670,9496,ricciardo,3,1,MEDIUM,,,0
1671,9496,norris,4,1,MEDIUM,1,1,0
1672,9496,hamilton,44,1,MEDIUM,1,1,0
1673,9496,tsunoda,22,1,MEDIUM,1,1,0
1674,9496,zhou,24,1,MEDIUM,1,1,0
1675,9496,bottas,77,1,SOFT,1,1,0
1676,9496,gasly,10,1,SOFT,1,1,0
1677,9496,albon,23,1,SOFT,,,0
1678,9496,alonso,14,1,SOFT,1,1,0
1679,9496,hulkenberg,27,1,SOFT,1,1,0
1680,9496,stroll,18,1,SOFT,1,1,0
1681,9496,perez,11,1,MEDIUM,1,1,0
1682,9496,leclerc,16,1,MEDIUM,1,1,0
1683,9496,ocon,31,1,SOFT,1,1,0
1684,9496,sargeant,2,1,SOFT,1,1,0
1685,9496,kevin_magnussen,20,1,MEDIUM,1,1,0
1686,9496,sainz,55,1,MEDIUM,1,1,0
1687,9496,max_verstappen,1,2,MEDIUM,2,16,1
1688,9496,perez,11,2,MEDIUM,2,15,1
1689,9496,norris,4,2,MEDIUM,2,11,0
1690,9496,sainz,55,2,MEDIUM,2,15,0
1691,9496,alonso,14,2,SOFT,2,13,1
1692,9496,piastri,81,2,MEDIUM,2,12,1
1693,9496,hamilton,44,2,HARD,2,23,0
1694,9496,leclerc,16,2,MEDIUM,2,26,0
1695,9496,russell,63,2,HARD,2,22,0
1696,9496,bottas,77,2,SOFT,2,6,0
1697,9496,hulkenberg,27,2,SOFT,2,5,1
1698,9496,tsunoda,22,2,SOFT,2,7,0
1699,9496,ocon,31,2,HARD,2,19,0
1700,9496,gasly,10,2,HARD,2,16,0
1701,9496,stroll,18,2,SOFT,2,12,0
1702,9496,kevin_magnussen,20,2,MEDIUM,2,22,0
1703,9496,sargeant,2,2,HARD,2,22,0
1704,9496,zhou,24,2,SOFT,2,7,0
1705,9496,hulkenberg,27,3,HARD,6,33,0
1706,9496,bottas,77,3,HARD,7,22,0
1707,9496,tsunoda,22,3,HARD,8,22,0
1708,9496,zhou,24,3,HARD,8,11,0
1709,9496,norris,4,3,HARD,12,26,0
1710,9496,zhou,24,4,HARD,12,12,4
1711,9496,piastri,81,3,HARD,13,32,0
1712,9496,stroll,18,3,MEDIUM,13,22,0
1713,9496,alonso,14,3,MEDIUM,14,33,0
1714,9496,perez,11,3,MEDIUM,16,33,0
1715,9496,sainz,55,3,MEDIUM,16,36,1
1716,9496,max_verstappen,1,3,MEDIUM,17,34,0
1717,9496,gasly,10,3,MEDIUM,17,32,0
1718,9496,ocon,31,3,HARD,20,33,0
1719,9496,russell,63,3,HARD,23,37,0
1720,9496,tsunoda,22,4,HARD,23,52,0
1721,9496,bottas,77,4,HARD,23,52,0
1722,9496,kevin_magnussen,20,3,HARD,23,52,0
1723,9496,sargeant,2,3,HARD,23,34,0
1724,9496,stroll,18,4,HARD,23,34,0
1725,9496,hamilton,44,3,HARD,24,39,0
1726,9496,leclerc,16,3,HARD,27,53,0
1727,9496,norris,4,4,HARD,27,53,0
1728,9496,piastri,81,4,HARD,33,53,0
1729,9496,gasly,10,4,HARD,33,52,0
1730,9496,perez,11,4,HARD,34,53,0
1731,9496,alonso,14,4,HARD,34,53,0
1732,9496,hulkenberg,27,4,HARD,34,52,0
1733,9496,ocon,31,4,MEDIUM,34,52,0
1734,9496,max_verstappen,1,4,HARD,35,53,0
1735,9496,stroll,18,5,SOFT,35,52,0
1736,9496,sargeant,2,4,MEDIUM,35,41,0
1737,9496,sainz,55,4,HARD,37,53,0
1738,9496,russell,63,4,MEDIUM,38,53,1
1739,9496,hamilton,44,4,MEDIUM,40,53,0
1740,9496,sargeant,2,5,SOFT,42,52,0
1741,9672,stroll,18,1,MEDIUM,1,19,3
1742,9672,ocon,31,1,MEDIUM,1,19,0
1743,9672,perez,11,1,MEDIUM,1,19,3
1744,9672,max_verstappen,1,1,MEDIUM,1,19,3
1745,9672,alonso,14,1,MEDIUM,1,16,3
1746,9672,leclerc,16,1,MEDIUM,1,19,4
1747,9672,sargeant,2,1,MEDIUM,1,19,6
1748,9672,kevin_magnussen,20,1,MEDIUM,1,19,4
1749,9672,tsunoda,22,1,MEDIUM,1,19,0
1750,9672,hamilton,44,1,MEDIUM,1,19,0
1751,9672,sainz,55,1,MEDIUM,1,19,0
1752,9672,bottas,77,1,MEDIUM,1,19,4
1753,9672,norris,4,1,MEDIUM,1,19,0
1754,9672,zhou,24,1,MEDIUM,1,19,4
1755,9672,gasly,10,1,MEDIUM,1,19,0
1756,9672,piastri,81,1,MEDIUM,1,19,3
1757,9672,albon,23,1,MEDIUM,1,19,6
1758,9672,hulkenberg,27,1,MEDIUM,1,19,4
1759,9672,ricciardo,3,1,MEDIUM,1,19,3
1760,9672,russell,63,1,SOFT,1,19,0
1761,9672,alonso,14,2,MEDIUM,17,17,6
1762,9673,zhou,24,1,MEDIUM,1,8,0
1763,9673,hamilton,44,1,SOFT,1,9,0
1764,9673,bottas,77,1,MEDIUM,1,9,0
1765,9673,ricciardo,3,1,MEDIUM,1,14,0
1766,9673,gasly,10,1,MEDIUM,1,11,0
1767,9673,max_verstappen,1,1,MEDIUM,1,13,0
1768,9673,piastri,81,1,MEDIUM,1,16,0
1769,9673,leclerc,16,1,MEDIUM,1,21,0
1770,9673,russell,63,1,MEDIUM,1,11,0
1771,9673,alonso,14,1,MEDIUM,1,11,0
1772,9673,perez,11,1,MEDIUM,1,13,0
1773,9673,stroll,18,1,SOFT,1,9,0
1774,9673,norris,4,1,MEDIUM,1,22,0
1775,9673,ocon,31,1,MEDIUM,1,9,0
1776,9673,tsunoda,22,1,SOFT,1,8,0
1777,9673,sainz,55,1,MEDIUM,1,17,0
1778,9673,albon,23,1,MEDIUM,1,9,0
1779,9673,kevin_magnussen,20,1,HARD,1,17,0
1780,9673,hulkenberg,27,1,MEDIUM,1,8,0
1781,9673,sargeant,2,1,SOFT,1,12,0
1782,9673,hulkenberg,27,2,HARD,9,23,0
1783,9673,tsunoda,22,2,MEDIUM,9,23,0
1784,9673,zhou,24,2,HARD,9,23,0
1785,9673,stroll,18,2,MEDIUM,10,21,0
1786,9673,albon,23,2,MEDIUM,10,23,0
1787,9673,bottas,77,2,HARD,10,19,0
1788,9673,ocon,31,2,HARD,10,23,0
1789,9673,hamilton,44,2,MEDIUM,10,21,0
1790,9673,russell,63,2,MEDIUM,12,23,0
1791,9673,alonso,14,2,HARD,12,23,0
1792,9673,gasly,10,2,HARD,12,23,0
1793,9673,sargeant,2,2,MEDIUM,13,24,0
1794,9673,max_verstappen,1,2,HARD,14,23,0
1795,9673,perez,11,2,HARD,14,23,0
1796,9673,ricciardo,3,2,MEDIUM,15,33,0
1797,9673,piastri,81,2,MEDIUM,17,24,1
1798,9673,sainz,55,2,HARD,18,56,0
1799,9673,kevin_magnussen,20,2,HARD,18,27,0
1800,9673,leclerc,16,2,HARD,22,56,0
1801,9673,stroll,18,3,HARD,22,26,0
1802,9673,hamilton,44,3,HARD,22,56,0
1803,9673,norris,4,2,HARD,23,56,0
1804,9673,max_verstappen,1,3,HARD,24,56,0
1805,9673,perez,11,3,HARD,24,56,0
1806,9673,alonso,14,3,SOFT,24,43,0
1807,9673,russell,63,3,HARD,24,56,0
1808,9673,hulkenberg,27,3,HARD,24,56,0
1809,9673,ocon,31,3,HARD,24,56,0
1810,9673,tsunoda,22,3,HARD,24,26,0
1811,9673,albon,23,3,HARD,24,56,0
1812,9673,zhou,24,3,HARD,24,40,0
1813,9673,gasly,10,3,HARD,24,38,0
1814,9673,piastri,81,3,HARD,25,56,0
1815,9673,sargeant,2,3,HARD,25,56,0
1816,9673,stroll,18,4,MEDIUM,27,35,0
1817,9673,kevin_magnussen,20,3,MEDIUM,28,56,0
1818,9673,stroll,18,5,HARD,36,56,0
1819,9673,gasly,10,4,MEDIUM,39,56,0
1820,9673,zhou,24,4,SOFT,41,56,0
1821,9673,alonso,14,4,MEDIUM,44,56,0
1822,9506,bottas,77,1,MEDIUM,1,1,0
1823,9506,max_verstappen,1,1,MEDIUM,1,1,3
1824,9506,hulkenberg,27,1,MEDIUM,1,1,6
1825,9506,sargeant,2,1,SOFT,1,1,0
1826,9506,tsunoda,22,1,SOFT,1,1,0
1827,9506,ricciardo,3,1,MEDIUM,1,1,0
1828,9506,albon,23,1,MEDIUM,1,1,0
1829,9506,russell,63,1,MEDIUM,1,1,6
1830,9506,stroll,18,1,MEDIUM,1,1,6
1831,9506,zhou,24,1,MEDIUM,1,1,0
1832,9506,hamilton,44,1,MEDIUM,1,1,6
1833,9506,alonso,14,1,MEDIUM,1,1,5
1834,9506,perez,11,1,MEDIUM,1,1,3
1835,9506,kevin_magnussen,20,1,MEDIUM,1,1,6
1836,9506,norris,4,1,MEDIUM,,,3
1837,9506,sainz,55,1,MEDIUM,1,1,0
1838,9506,gasly,10,1,MEDIUM,1,1,0
1839,9506,leclerc,16,1,MEDIUM,1,1,0
1840,9506,piastri,81,1,MEDIUM,1,1,0
1841,9506,ocon,31,1,MEDIUM,1,1,0
1842,9506,max_verstappen,1,2,MEDIUM,2,2,4
1843,9506,leclerc,16,2,MEDIUM,2,2,0
1844,9506,ricciardo,3,2,MEDIUM,2,2,1
1845,9506,sainz,55,2,MEDIUM,2,2,1
1846,9506,perez,11,2,MEDIUM,2,2,4
1847,9506,piastri,81,2,MEDIUM,2,2,1
1848,9506,kevin_magnussen,20,2,MEDIUM,2,2,0
1849,9506,hulkenberg,27,2,MEDIUM,2,2,0
1850,9506,tsunoda,22,2,SOFT,2,2,1
1851,9506,hamilton,44,2,MEDIUM,2,2,7
1852,9506,sargeant,2,2,SOFT,2,2,0
1853,9506,gasly,10,2,MEDIUM,2,2,0
1854,9506,zhou,24,2,MEDIUM,2,2,0
1855,9506,russell,63,2,MEDIUM,2,2,7
1856,9506,albon,23,2,MEDIUM,2,2,0
1857,9506,bottas,77,2,MEDIUM,2,2,1
1858,9506,ocon,31,2,MEDIUM,2,2,1
1859,9506,alonso,14,2,MEDIUM,2,2,6
1860,9506,max_verstappen,1,3,MEDIUM,3,19,0
1861,9506,ricciardo,3,3,MEDIUM,3,19,2
1862,9506,leclerc,16,3,MEDIUM,3,19,2
1863,9506,perez,11,3,MEDIUM,3,19,5
1864,9506,sainz,55,3,MEDIUM,3,19,2
1865,9506,piastri,81,3,MEDIUM,3,19,2
1866,9506,kevin_magnussen,20,3,MEDIUM,3,19,0
1867,9506,hulkenberg,27,3,MEDIUM,3,19,0
1868,9506,hamilton,44,3,MEDIUM,3,19,8
1869,9506,tsunoda,22,3,SOFT,3,19,2
1870,9506,gasly,10,3,MEDIUM,3,19,2
1871,9506,zhou,24,3,MEDIUM,3,19,2
1872,9506,sargeant,2,3,SOFT,3,19,0
1873,9506,bottas,77,3,MEDIUM,3,19,2
1874,9506,russell,63,3,MEDIUM,3,19,8
1875,9506,ocon,31,3,MEDIUM,3,19,2
1876,9506,albon,23,3,MEDIUM,3,19,0
1877,9506,alonso,14,3,MEDIUM,3,18,7
1878,9506,alonso,14,4,MEDIUM,19,19,23
1879,9507,gasly,10,1,MEDIUM,1,12,0
1880,9507,piastri,81,1,MEDIUM,1,27,0
1881,9507,ocon,31,1,MEDIUM,1,22,0
1882,9507,kevin_magnussen,20,1,HARD,1,22,0
1883,9507,bottas,77,1,SOFT,1,11,0
1884,9507,max_verstappen,1,1,MEDIUM,1,23,0
1885,9507,norris,4,1,MEDIUM,1,29,0
1886,9507,leclerc,16,1,MEDIUM,1,19,0
1887,9507,tsunoda,22,1,MEDIUM,1,28,0
1888,9507,perez,11,1,MEDIUM,1,17,0
1889,9507,russell,63,1,MEDIUM,1,24,3
1890,9507,stroll,18,1,MEDIUM,1,11,0
1891,9507,hulkenberg,27,1,MEDIUM,1,12,0
1892,9507,sargeant,2,1,MEDIUM,1,11,0
1893,9507,alonso,14,1,HARD,1,22,1
1894,9507,albon,23,1,MEDIUM,1,10,0
1895,9507,ricciardo,3,1,HARD,1,28,0
1896,9507,zhou,24,1,MEDIUM,1,28,0
1897,9507,sainz,55,1,MEDIUM,1,27,0
1898,9507,hamilton,44,1,HARD,1,26,0
1899,9507,albon,23,2,HARD,11,53,0
1900,9507,stroll,18,2,HARD,12,28,1
1901,9507,sargeant,2,2,HARD,12,27,0
1902,9507,bottas,77,2,HARD,12,29,0
1903,9507,gasly,10,2,HARD,13,57,0
1904,9507,hulkenberg,27,2,HARD,13,28,0
1905,9507,perez,11,2,HARD,18,28,0
1906,9507,leclerc,16,2,HARD,20,57,0
1907,9507,ocon,31,2,HARD,23,57,0
1908,9507,alonso,14,2,MEDIUM,23,57,1
1909,9507,kevin_magnussen,20,2,MEDIUM,23,28,0
1910,9507,max_verstappen,1,2,HARD,24,57,0
1911,9507,russell,63,2,HARD,25,57,0
1912,9507,hamilton,44,2,MEDIUM,27,57,3
1913,9507,sainz,55,2,HARD,28,57,0
1914,9507,piastri,81,2,HARD,28,40,0
1915,9507,perez,11,3,MEDIUM,29,57,5
1916,9507,tsunoda,22,2,HARD,29,57,0
1917,9507,zhou,24,2,SOFT,29,57,0
1918,9507,ricciardo,3,2,MEDIUM,29,57,5
1919,9507,hulkenberg,27,3,MEDIUM,29,57,0
1920,9507,stroll,18,3,MEDIUM,29,57,0
1921,9507,kevin_magnussen,20,3,MEDIUM,29,31,0
1922,9507,norris,4,2,HARD,30,57,0
1923,9507,bottas,77,3,MEDIUM,30,57,0
1924,9507,kevin_magnussen,20,4,MEDIUM,32,57,3
1925,9507,piastri,81,3,MEDIUM,41,57,6
1926,9507,albon,23,3,SOFT,54,57,0
1927,9515,alonso,14,1,SOFT,1,7,0
1928,9515,stroll,18,1,MEDIUM,1,37,1
1929,9515,tsunoda,22,1,MEDIUM,1,12,0
1930,9515,zhou,24,1,HARD,1,33,0
1931,9515,ocon,31,1,MEDIUM,1,25,0
1932,9515,bottas,77,1,MEDIUM,1,8,0
1933,9515,gasly,10,1,SOFT,1,8,0
1934,9515,ricciardo,3,1,MEDIUM,1,11,0
1935,9515,russell,63,1,MEDIUM,1,21,0
1936,9515,leclerc,16,1,MEDIUM,1,25,0
1937,9515,hulkenberg,27,1,MEDIUM,1,13,0
1938,9515,kevin_magnussen,20,1,MEDIUM,1,37,0
1939,9515,perez,11,1,HARD,1,37,0
1940,9515,sargeant,2,1,HARD,1,31,0
1941,9515,norris,4,1,MEDIUM,1,22,0
1942,9515,hamilton,44,1,MEDIUM,1,27,0
1943,9515,sainz,55,1,MEDIUM,1,27,0
1944,9515,max_verstappen,1,1,MEDIUM,1,24,0
1945,9515,piastri,81,1,MEDIUM,1,23,0
1946,9515,albon,23,1,MEDIUM,1,8,0
1947,9515,alonso,14,2,HARD,8,40,1
1948,9515,albon,23,2,HARD,9,9,0
1949,9515,gasly,10,2,HARD,9,30,0
1950,9515,bottas,77,2,HARD,9,62,0
1951,9515,albon,23,3,MEDIUM,10,23,8
1952,9515,ricciardo,3,2,HARD,12,62,0
1953,9515,tsunoda,22,2,HARD,13,62,0
1954,9515,hulkenberg,27,2,HARD,14,62,0
1955,9515,russell,63,2,HARD,22,52,0
1956,9515,norris,4,2,HARD,23,63,1
1957,9515,piastri,81,2,HARD,24,63,1
1958,9515,max_verstappen,1,2,HARD,25,63,0
1959,9515,albon,23,4,MEDIUM,24,28,14
1960,9515,leclerc,16,2,HARD,26,63,0
1961,9515,ocon,31,2,HARD,26,62,0
1962,9515,sainz,55,2,HARD,28,63,0
1963,9515,hamilton,44,2,HARD,28,63,0
1964,9515,albon,23,5,MEDIUM,29,51,8
1965,9515,gasly,10,3,MEDIUM,31,62,0
1966,9515,sargeant,2,2,MEDIUM,32,62,0
1967,9515,zhou,24,2,MEDIUM,34,62,0
1968,9515,perez,11,2,MEDIUM,38,63,0
1969,9515,stroll,18,2,HARD,38,63,1
1970,9515,kevin_magnussen,20,2,HARD,38,62,0
1971,9515,alonso,14,3,MEDIUM,41,59,1
1972,9515,russell,63,3,MEDIUM,53,63,2
1973,9515,alonso,14,4,SOFT,60,62,0
1974,9523,ricciardo,3,1,MEDIUM,1,1,0
1975,9523,russell,63,1,HARD,1,1,0
1976,9523,gasly,10,1,HARD,1,1,0
1977,9523,piastri,81,1,MEDIUM,1,1,1
1978,9523,hamilton,44,1,HARD,1,1,0
1979,9523,norris,4,1,MEDIUM,1,1,1
1980,9523,ocon,31,1,HARD,,,0
1981,9523,tsunoda,22,1,MEDIUM,1,1,0
1982,9523,zhou,24,1,MEDIUM,1,1,0
1983,9523,bottas,77,1,HARD,1,1,0
1984,9523,albon,23,1,MEDIUM,1,1,0
1985,9523,leclerc,16,1,MEDIUM,1,1,0
1986,9523,hulkenberg,27,1,MEDIUM,,,0
1987,9523,alonso,14,1,HARD,1,1,1
1988,9523,kevin_magnussen,20,1,HARD,,,0
1989,9523,perez,11,1,HARD,,,0
1990,9523,stroll,18,1,HARD,1,1,1
1991,9523,sainz,55,1,MEDIUM,1,1,0
1992,9523,sargeant,2,1,HARD,1,1,0
1993,9523,max_verstappen,1,1,HARD,1,1,0
1994,9523,leclerc,16,2,HARD,1,78,0
1995,9523,piastri,81,2,HARD,1,78,1
1996,9523,sainz,55,2,HARD,1,78,0
1997,9523,norris,4,2,HARD,1,78,0
1998,9523,russell,63,2,MEDIUM,1,78,0
1999,9523,max_verstappen,1,2,MEDIUM,1,52,0
2000,9523,hamilton,44,2,MEDIUM,1,51,0
2001,9523,tsunoda,22,2,HARD,1,77,1
2002,9523,gasly,10,2,MEDIUM,1,77,0
2003,9523,albon,23,2,HARD,1,77,0
2004,9523,stroll,18,2,MEDIUM,1,42,1
2005,9523,ricciardo,3,2,HARD,1,76,1
2006,9523,sargeant,2,2,HARD,1,57,1
2007,9523,alonso,14,2,MEDIUM,1,76,1
2008,9523,bottas,77,2,MEDIUM,1,15,0
2009,9523,zhou,24,2,HARD,1,70,0
2010,9523,bottas,77,3,HARD,15,76,1
2011,9523,stroll,18,3,HARD,42,48,0
2012,9523,stroll,18,4,SOFT,48,76,0
2013,9523,hamilton,44,3,HARD,51,78,0
2014,9523,max_verstappen,1,3,HARD,52,78,0
2015,9523,sargeant,2,3,MEDIUM,57,76,0
2016,9523,zhou,24,3,SOFT,70,76,0
2017,9531,perez,11,1,INTERMEDIATE,1,25,0
2018,9531,ocon,31,1,INTERMEDIATE,1,44,0
2019,9531,bottas,77,1,INTERMEDIATE,1,42,0
2020,9531,max_verstappen,1,1,INTERMEDIATE,1,25,0
2021,9531,hulkenberg,27,1,WET,1,12,0
2022,9531,sargeant,2,1,INTERMEDIATE,1,23,0
2023,9531,tsunoda,22,1,INTERMEDIATE,1,44,0
2024,9531,ricciardo,3,1,INTERMEDIATE,1,26,0
2025,9531,albon,23,1,INTERMEDIATE,1,25,0
2026,9531,russell,63,1,INTERMEDIATE,1,25,0
2027,9531,stroll,18,1,INTERMEDIATE,1,25,0
2028,9531,norris,4,1,INTERMEDIATE,1,26,0
2029,9531,zhou,24,1,INTERMEDIATE,1,24,0
2030,9531,hamilton,44,1,INTERMEDIATE,1,25,0
2031,9531,alonso,14,1,INTERMEDIATE,1,25,0
2032,9531,kevin_magnussen,20,1,WET,1,7,0
2033,9531,sainz,55,1,INTERMEDIATE,1,25,0
2034,9531,gasly,10,1,INTERMEDIATE,1,25,0
2035,9531,leclerc,16,1,INTERMEDIATE,1,25,0
2036,9531,piastri,81,1,INTERMEDIATE,1,25,0
2037,9531,kevin_magnussen,20,2,INTERMEDIATE,7,25,0
2038,9531,hulkenberg,27,2,INTERMEDIATE,12,25,0
2039,9531,zhou,24,2,INTERMEDIATE,24,44,0
2040,9531,russell,63,2,INTERMEDIATE,25,45,0
2041,9531,max_verstappen,1,2,INTERMEDIATE,25,45,0
2042,9531,piastri,81,2,INTERMEDIATE,25,44,0
2043,9531,hamilton,44,2,INTERMEDIATE,25,43,0
2044,9531,alonso,14,2,INTERMEDIATE,25,44,0
2045,9531,stroll,18,2,INTERMEDIATE,25,44,0
2046,9531,albon,23,2,INTERMEDIATE,25,44,0
2047,9531,leclerc,16,2,INTERMEDIATE,25,28,0
2048,9531,gasly,10,2,INTERMEDIATE,25,40,0
2049,9531,sainz,55,2,INTERMEDIATE,25,43,0
2050,9531,kevin_magnussen,20,3,INTERMEDIATE,25,41,0
2051,9531,perez,11,2,INTERMEDIATE,25,43,0
2052,9531,hulkenberg,27,3,INTERMEDIATE,25,44,0
2053,9531,norris,4,2,INTERMEDIATE,26,47,0
2054,9531,ricciardo,3,2,INTERMEDIATE,26,43,0
2055,9531,leclerc,16,3,HARD,28,31,0
2056,9531,leclerc,16,4,INTERMEDIATE,31,40,0
2057,9531,gasly,10,3,HARD,40,70,0
2058,9531,kevin_magnussen,20,4,MEDIUM,41,54,0
2059,9531,bottas,77,2,MEDIUM,42,70,0
2060,9531,hamilton,44,3,MEDIUM,43,54,0
2061,9531,perez,11,3,MEDIUM,43,51,0
2062,9531,sainz,55,3,MEDIUM,43,52,0
2063,9531,ricciardo,3,3,MEDIUM,43,70,1
2064,9531,piastri,81,3,MEDIUM,44,70,0
2065,9531,tsunoda,22,2,MEDIUM,44,70,0
2066,9531,alonso,14,3,HARD,44,70,0
2067,9531,ocon,31,2,MEDIUM,44,70,0
2068,9531,stroll,18,3,HARD,44,70,1
2069,9531,albon,23,3,MEDIUM,44,52,0
2070,9531,hulkenberg,27,4,MEDIUM,44,70,0
2071,9531,max_verstappen,1,3,MEDIUM,45,70,0
2072,9531,zhou,24,3,MEDIUM,44,52,0
2073,9531,russell,63,3,HARD,46,54,0
2074,9531,norris,4,3,MEDIUM,47,70,0
2075,9531,zhou,24,4,MEDIUM,52,69,0
2076,9531,russell,63,4,MEDIUM,54,70,0
2077,9531,hamilton,44,4,HARD,54,70,0
2078,9531,kevin_magnussen,20,5,MEDIUM,54,70,0
2079,9539,russell,63,1,SOFT,1,15,3
2080,9539,albon,23,1,MEDIUM,1,18,0
2081,9539,stroll,18,1,SOFT,1,17,0
2082,9539,hamilton,44,1,SOFT,1,16,8
2083,9539,ricciardo,3,1,SOFT,1,16,0
2084,9539,alonso,14,1,SOFT,1,19,0
2085,9539,sainz,55,1,SOFT,1,15,0
2086,9539,norris,4,1,SOFT,1,23,0
2087,9539,gasly,10,1,SOFT,1,14,3
2088,9539,zhou,24,1,SOFT,1,9,0
2089,9539,piastri,81,1,SOFT,1,21,3
2090,9539,sargeant,2,1,SOFT,1,14,0
2091,9539,ocon,31,1,SOFT,1,13,3
2092,9539,kevin_magnussen,20,1,SOFT,1,10,0
2093,9539,bottas,77,1,SOFT,1,11,0
2094,9539,max_verstappen,1,1,SOFT,1,17,3
2095,9539,hulkenberg,27,1,SOFT,1,12,0
2096,9539,leclerc,16,1,SOFT,1,24,0
2097,9539,tsunoda,22,1,SOFT,1,9,0
2098,9539,perez,11,1,SOFT,1,13,3
2099,9539,tsunoda,22,2,MEDIUM,10,27,0
2100,9539,zhou,24,2,MEDIUM,10,41,0
2101,9539,kevin_magnussen,20,2,MEDIUM,11,29,0
2102,9539,bottas,77,2,SOFT,12,28,3
2103,9539,hulkenberg,27,2,MEDIUM,13,38,0
2104,9539,ocon,31,2,MEDIUM,14,37,0
2105,9539,perez,11,2,SOFT,14,31,3
2106,9539,gasly,10,2,MEDIUM,15,38,0
2107,9539,sargeant,2,2,MEDIUM,15,34,0
2108,9539,sainz,55,2,MEDIUM,16,36,0
2109,9539,russell,63,2,MEDIUM,16,36,0
2110,9539,hamilton,44,2,MEDIUM,17,43,0
2111,9539,ricciardo,3,2,MEDIUM,17,42,0
2112,9539,max_verstappen,1,2,MEDIUM,18,44,0
2113,9539,stroll,18,2,MEDIUM,18,37,1
2114,9539,albon,23,2,SOFT,19,43,0
2115,9539,alonso,14,2,MEDIUM,20,45,1
2116,9539,piastri,81,2,MEDIUM,22,46,0
2117,9539,norris,4,2,MEDIUM,24,47,0
2118,9539,leclerc,16,2,MEDIUM,25,47,0
2119,9539,tsunoda,22,3,HARD,28,44,0
2120,9539,bottas,77,3,HARD,29,65,0
2121,9539,kevin_magnussen,20,3,HARD,30,65,0
2122,9539,perez,11,3,MEDIUM,32,49,0
2123,9539,sargeant,2,3,HARD,35,64,0
2124,9539,russell,63,3,HARD,37,66,0
2125,9539,sainz,55,3,HARD,37,66,0
2126,9539,ocon,31,3,HARD,38,66,0
2127,9539,stroll,18,3,HARD,38,65,1
2128,9539,gasly,10,3,HARD,39,66,0
2129,9539,hulkenberg,27,3,HARD,39,66,0
2130,9539,zhou,24,3,HARD,42,65,0
2131,9539,ricciardo,3,3,HARD,43,65,0
2132,9539,hamilton,44,3,SOFT,44,66,3
2133,9539,max_verstappen,1,3,SOFT,45,66,0
2134,9539,albon,23,3,SOFT,44,65,0
2135,9539,tsunoda,22,4,SOFT,45,65,0
2136,9539,alonso,14,3,HARD,46,65,0
2137,9539,piastri,81,3,SOFT,47,66,3
2138,9539,norris,4,3,SOFT,48,66,0
2139,9539,leclerc,16,3,SOFT,48,66,3
2140,9539,perez,11,4,SOFT,50,66,3
2141,9549,max_verstappen,1,1,MEDIUM,1,23,5
2142,9549,gasly,10,1,MEDIUM,1,23,3
2143,9549,piastri,81,1,MEDIUM,1,23,3
2144,9549,leclerc,16,1,MEDIUM,1,23,4
2145,9549,perez,11,1,MEDIUM,1,23,6
2146,9549,ocon,31,1,MEDIUM,1,23,6
2147,9549,bottas,77,1,MEDIUM,1,23,0
2148,9549,russell,63,1,MEDIUM,1,23,3
2149,9549,hulkenberg,27,1,MEDIUM,1,23,6
2150,9549,tsunoda,22,1,MEDIUM,1,23,3
2151,9549,sargeant,2,1,MEDIUM,1,23,3
2152,9549,ricciardo,3,1,MEDIUM,1,23,6
2153,9549,albon,23,1,MEDIUM,1,23,6
2154,9549,stroll,18,1,MEDIUM,1,23,3
2155,9549,sainz,55,1,MEDIUM,1,23,3
2156,9549,norris,4,1,MEDIUM,1,23,4
2157,9549,hamilton,44,1,MEDIUM,1,23,4
2158,9549,zhou,24,1,MEDIUM,1,23,0
2159,9549,alonso,14,1,MEDIUM,1,23,6
2160,9549,kevin_magnussen,20,1,MEDIUM,1,23,3
2161,9550,perez,11,1,MEDIUM,1,21,0
2162,9550,ocon,31,1,MEDIUM,1,19,0
2163,9550,bottas,77,1,MEDIUM,1,19,0
2164,9550,russell,63,1,MEDIUM,1,22,0
2165,9550,max_verstappen,1,1,MEDIUM,1,23,0
2166,9550,hulkenberg,27,1,MEDIUM,1,11,0
2167,9550,tsunoda,22,1,MEDIUM,1,21,0
2168,9550,sargeant,2,1,MEDIUM,1,1,0
2169,9550,albon,23,1,MEDIUM,1,12,0
2170,9550,ricciardo,3,1,MEDIUM,1,10,0
2171,9550,stroll,18,1,MEDIUM,1,20,1
2172,9550,norris,4,1,MEDIUM,1,23,0
2173,9550,hamilton,44,1,MEDIUM,1,21,0
2174,9550,zhou,24,1,HARD,1,28,0
2175,9550,alonso,14,1,MEDIUM,1,11,3
2176,9550,kevin_magnussen,20,1,MEDIUM,1,10,0
2177,9550,sainz,55,1,MEDIUM,1,22,0
2178,9550,gasly,10,1,MEDIUM,1,20,0
2179,9550,piastri,81,1,MEDIUM,1,25,0
2180,9550,leclerc,16,1,MEDIUM,1,1,0
2181,9550,leclerc,16,2,HARD,2,16,0
2182,9550,sargeant,2,2,MEDIUM,2,20,0
2183,9550,kevin_magnussen,20,2,HARD,11,38,0
2184,9550,ricciardo,3,2,HARD,11,37,0
2185,9550,hulkenberg,27,2,HARD,12,39,0
2186,9550,alonso,14,2,MEDIUM,12,35,0
2187,9550,albon,23,2,HARD,13,39,0
2188,9550,leclerc,16,3,MEDIUM,17,33,0
2189,9550,ocon,31,2,HARD,20,43,0
2190,9550,bottas,77,2,HARD,20,42,0
2191,9550,gasly,10,2,HARD,21,42,0
2192,9550,stroll,18,2,MEDIUM,21,43,0
2193,9550,sargeant,2,3,HARD,21,49,0
2194,9550,hamilton,44,2,HARD,22,53,0
2195,9550,perez,11,2,HARD,22,51,0
2196,9550,tsunoda,22,2,HARD,22,44,0
2197,9550,sainz,55,2,HARD,23,47,0
2198,9550,russell,63,2,MEDIUM,23,46,0
2199,9550,max_verstappen,1,2,HARD,24,51,0
2200,9550,norris,4,2,HARD,24,51,0
2201,9550,piastri,81,2,HARD,26,51,0
2202,9550,zhou,24,2,MEDIUM,29,51,0
2203,9550,leclerc,16,4,MEDIUM,34,51,1
2204,9550,alonso,14,3,HARD,36,68,1
2205,9550,ricciardo,3,3,HARD,38,71,0
2206,9550,kevin_magnussen,20,3,HARD,39,71,0
2207,9550,hulkenberg,27,3,HARD,40,71,0
2208,9550,albon,23,3,HARD,40,70,0
2209,9550,gasly,10,3,MEDIUM,43,71,0
2210,9550,bottas,77,3,HARD,43,70,0
2211,9550,ocon,31,3,MEDIUM,44,71,0
2212,9550,stroll,18,3,HARD,44,70,1
2213,9550,tsunoda,22,3,HARD,45,70,0
2214,9550,russell,63,3,HARD,47,71,0
2215,9550,sainz,55,3,MEDIUM,48,71,0
2216,9550,sargeant,2,4,MEDIUM,50,69,0
2217,9550,max_verstappen,1,3,MEDIUM,52,64,3
2218,9550,norris,4,3,MEDIUM,52,64,0
2219,9550,piastri,81,3,MEDIUM,52,71,0
2220,9550,perez,11,3,MEDIUM,52,71,5
2221,9550,leclerc,16,5,MEDIUM,52,71,6
2222,9550,zhou,24,3,HARD,52,70,0
2223,9550,hamilton,44,3,MEDIUM,54,71,0
2224,9550,max_verstappen,1,4,SOFT,65,71,0
2225,9550,alonso,14,4,SOFT,69,70,0
2226,9558,bottas,77,1,MEDIUM,1,26,0
2227,9558,gasly,10,1,MEDIUM,,,0
2228,9558,ricciardo,3,1,MEDIUM,1,26,0
2229,9558,zhou,24,1,SOFT,1,12,0
2230,9558,ocon,31,1,SOFT,1,19,0
2231,9558,tsunoda,22,1,MEDIUM,1,27,0
2232,9558,norris,4,1,MEDIUM,1,27,0
2233,9558,piastri,81,1,MEDIUM,1,28,0
2234,9558,albon,23,1,MEDIUM,1,27,0
2235,9558,alonso,14,1,MEDIUM,1,27,0
2236,9558,max_verstappen,1,1,MEDIUM,1,26,0
2237,9558,leclerc,16,1,MEDIUM,1,19,0
2238,9558,russell,63,1,MEDIUM,1,27,0
2239,9558,kevin_magnussen,20,1,MEDIUM,1,27,0
2240,9558,hulkenberg,27,1,MEDIUM,1,26,0
2241,9558,stroll,18,1,MEDIUM,1,26,0
2242,9558,perez,11,1,HARD,1,19,0
2243,9558,sargeant,2,1,MEDIUM,1,27,0
2244,9558,hamilton,44,1,MEDIUM,1,27,0
2245,9558,sainz,55,1,MEDIUM,1,26,0
2246,9558,zhou,24,2,MEDIUM,13,19,0
2247,9558,leclerc,16,2,INTERMEDIATE,20,27,0
2248,9558,perez,11,2,INTERMEDIATE,20,28,0
2249,9558,ocon,31,2,INTERMEDIATE,20,21,0
2250,9558,zhou,24,3,INTERMEDIATE,20,26,0
2251,9558,ocon,31,3,MEDIUM,22,26,0
2252,9558,max_verstappen,1,2,INTERMEDIATE,27,38,0
2253,9558,sainz,55,2,INTERMEDIATE,27,39,0
2254,9558,hulkenberg,27,2,INTERMEDIATE,27,39,0
2255,9558,stroll,18,2,INTERMEDIATE,27,39,0
2256,9558,ricciardo,3,2,INTERMEDIATE,27,37,0
2257,9558,bottas,77,2,INTERMEDIATE,27,37,0
2258,9558,norris,4,2,INTERMEDIATE,28,39,0
2259,9558,hamilton,44,2,INTERMEDIATE,28,38,0
2260,9558,russell,63,2,INTERMEDIATE,28,33,0
2261,9558,alonso,14,2,INTERMEDIATE,28,38,0
2262,9558,tsunoda,22,2,INTERMEDIATE,28,38,0
2263,9558,albon,23,2,INTERMEDIATE,28,38,0
2264,9558,ocon,31,4,INTERMEDIATE,27,38,0
2265,9558,kevin_magnussen,20,2,INTERMEDIATE,28,37,0
2266,9558,sargeant,2,2,INTERMEDIATE,28,38,0
2267,9558,zhou,24,4,INTERMEDIATE,27,37,0
2268,9558,piastri,81,2,INTERMEDIATE,29,38,0
2269,9558,leclerc,16,3,INTERMEDIATE,28,37,0
2270,9558,perez,11,3,INTERMEDIATE,29,37,0
2271,9558,kevin_magnussen,20,3,SOFT,38,52,0
2272,9558,ricciardo,3,3,SOFT,38,51,0
2273,9558,bottas,77,3,SOFT,38,51,0
2274,9558,hamilton,44,3,SOFT,39,52,0
2275,9558,max_verstappen,1,3,HARD,39,52,0
2276,9558,piastri,81,3,MEDIUM,39,52,0
2277,9558,leclerc,16,4,SOFT,38,51,0
2278,9558,perez,11,4,MEDIUM,38,47,0
2279,9558,alonso,14,3,MEDIUM,39,52,0
2280,9558,tsunoda,22,3,SOFT,39,52,0
2281,9558,albon,23,3,MEDIUM,39,52,0
2282,9558,sargeant,2,3,SOFT,39,52,0
2283,9558,norris,4,3,SOFT,40,52,2
2284,9558,zhou,24,5,SOFT,38,50,1
2285,9558,sainz,55,3,HARD,40,50,0
2286,9558,hulkenberg,27,3,SOFT,40,52,3
2287,9558,stroll,18,3,MEDIUM,40,52,0
2288,9558,ocon,31,5,MEDIUM,39,50,0
2289,9558,perez,11,5,SOFT,48,50,0
2290,9558,sainz,55,4,SOFT,51,52,3
2291,9566,bottas,77,1,MEDIUM,1,16,1
2292,9566,russell,63,1,HARD,1,33,0
2293,9566,max_verstappen,1,1,MEDIUM,1,21,0
2294,9566,hulkenberg,27,1,MEDIUM,1,2,0
2295,9566,tsunoda,22,1,MEDIUM,1,29,0
2296,9566,sargeant,2,1,MEDIUM,1,8,0
2297,9566,ricciardo,3,1,MEDIUM,1,7,0
2298,9566,albon,23,1,SOFT,1,6,0
2299,9566,stroll,18,1,SOFT,1,14,3
2300,9566,norris,4,1,MEDIUM,1,17,0
2301,9566,hamilton,44,1,MEDIUM,1,16,0
2302,9566,zhou,24,1,MEDIUM,1,7,1
2303,9566,alonso,14,1,SOFT,1,7,2
2304,9566,kevin_magnussen,20,1,SOFT,1,6,0
2305,9566,sainz,55,1,MEDIUM,1,21,0
2306,9566,ocon,31,1,MEDIUM,1,6,0
2307,9566,gasly,10,1,HARD,1,28,0
2308,9566,piastri,81,1,MEDIUM,1,18,0
2309,9566,leclerc,16,1,MEDIUM,1,23,0
2310,9566,perez,11,1,HARD,1,28,0
2311,9566,hulkenberg,27,2,HARD,3,29,0
2312,9566,ocon,31,2,HARD,7,30,0
2313,9566,albon,23,2,HARD,7,29,0
2314,9566,kevin_magnussen,20,2,HARD,7,34,0
2315,9566,alonso,14,2,MEDIUM,8,37,1
2316,9566,ricciardo,3,2,HARD,8,28,0
2317,9566,zhou,24,2,HARD,8,36,0
2318,9566,sargeant,2,2,HARD,9,33,0
2319,9566,stroll,18,2,MEDIUM,15,45,1
2320,9566,hamilton,44,2,HARD,17,40,0
2321,9566,bottas,77,2,HARD,17,45,0
2322,9566,norris,4,2,HARD,18,45,1
2323,9566,piastri,81,2,HARD,19,47,1
2324,9566,max_verstappen,1,2,HARD,22,49,0
2325,9566,sainz,55,2,HARD,22,47,0
2326,9566,leclerc,16,2,HARD,24,40,0
2327,9566,perez,11,2,MEDIUM,29,47,0
2328,9566,gasly,10,2,MEDIUM,29,33,0
2329,9566,ricciardo,3,3,HARD,29,69,0
2330,9566,tsunoda,22,2,HARD,30,70,0
2331,9566,hulkenberg,27,3,HARD,30,69,0
2332,9566,albon,23,3,HARD,30,69,0
2333,9566,ocon,31,3,HARD,31,64,0
2334,9566,russell,63,2,MEDIUM,34,53,0
2335,9566,sargeant,2,3,HARD,34,63,0
2336,9566,kevin_magnussen,20,3,HARD,35,69,0
2337,9566,zhou,24,3,HARD,37,69,0
2338,9566,alonso,14,3,HARD,38,70,1
2339,9566,leclerc,16,3,MEDIUM,41,70,0
2340,9566,hamilton,44,3,HARD,41,70,0
2341,9566,norris,4,3,MEDIUM,46,70,1
2342,9566,stroll,18,3,HARD,46,70,1
2343,9566,bottas,77,3,HARD,46,69,0
2344,9566,piastri,81,3,MEDIUM,48,70,1
2345,9566,sainz,55,3,MEDIUM,48,70,0
2346,9566,perez,11,3,MEDIUM,48,70,0
2347,9566,max_verstappen,1,3,MEDIUM,50,70,0
2348,9566,russell,63,3,HARD,54,70,0
2349,9566,sargeant,2,4,SOFT,64,69,0
2350,9566,ocon,31,4,SOFT,65,69,0
2351,9574,alonso,14,1,MEDIUM,1,13,0
2352,9574,russell,63,1,MEDIUM,1,10,0
2353,9574,hulkenberg,27,1,MEDIUM,1,7,0
2354,9574,stroll,18,1,MEDIUM,1,12,0
2355,9574,ocon,31,1,MEDIUM,1,12,0
2356,9574,tsunoda,22,1,MEDIUM,1,15,0
2357,9574,hamilton,44,1,MEDIUM,1,11,0
2358,9574,kevin_magnussen,20,1,MEDIUM,1,17,0
2359,9574,gasly,10,1,MEDIUM,1,9,0
2360,9574,max_verstappen,1,1,MEDIUM,1,10,0
2361,9574,ricciardo,3,1,SOFT,1,8,0
2362,9574,perez,11,1,MEDIUM,1,11,0
2363,9574,leclerc,16,1,MEDIUM,1,12,0
2364,9574,sainz,55,1,HARD,1,20,0
2365,9574,bottas,77,1,MEDIUM,1,11,0
2366,9574,zhou,24,1,HARD,1,5,0
2367,9574,sargeant,2,1,MEDIUM,1,8,0
2368,9574,norris,4,1,MEDIUM,1,15,0
2369,9574,piastri,81,1,MEDIUM,1,11,0
2370,9574,albon,23,1,MEDIUM,1,8,0
2371,9574,hulkenberg,27,2,HARD,8,20,0
2372,9574,albon,23,2,MEDIUM,9,23,0
2373,9574,ricciardo,3,2,MEDIUM,9,21,0
2374,9574,sargeant,2,2,MEDIUM,9,24,0
2375,9574,gasly,10,2,HARD,10,28,0
2376,9574,russell,63,2,HARD,11,44,0
2377,9574,max_verstappen,1,2,HARD,11,28,0
2378,9574,hamilton,44,2,HARD,12,26,0
2379,9574,perez,11,2,MEDIUM,12,21,0
2380,9574,piastri,81,2,HARD,12,30,0
2381,9574,bottas,77,2,HARD,12,35,0
2382,9574,leclerc,16,2,HARD,13,25,0
2383,9574,ocon,31,2,HARD,13,30,0
2384,9574,stroll,18,2,HARD,13,44,0
2385,9574,alonso,14,2,HARD,14,44,0
2386,9574,norris,4,2,HARD,16,29,0
2387,9574,tsunoda,22,2,HARD,16,44,1
2388,9574,kevin_magnussen,20,2,HARD,18,44,0
2389,9574,sainz,55,2,MEDIUM,21,28,0
2390,9574,hulkenberg,27,3,MEDIUM,21,44,0
2391,9574,perez,11,3,HARD,22,42,0
2392,9574,ricciardo,3,3,HARD,22,44,1
2393,9574,albon,23,3,HARD,24,44,0
2394,9574,sargeant,2,3,HARD,25,44,0
2395,9574,leclerc,16,3,HARD,26,44,0
2396,9574,hamilton,44,3,HARD,27,44,0
2397,9574,max_verstappen,1,3,MEDIUM,29,44,0
2398,9574,sainz,55,3,HARD,29,44,0
2399,9574,gasly,10,3,HARD,29,44,0
2400,9574,norris,4,3,HARD,30,44,0
2401,9574,piastri,81,3,HARD,31,44,0
2402,9574,ocon,31,3,HARD,31,44,0
2403,9574,bottas,77,3,MEDIUM,36,44,0
2404,9574,perez,11,4,SOFT,43,44,0
2405,9574,alonso,14,3,MEDIUM,45,45,0
2406,9574,ricciardo,3,4,SOFT,45,45,0
2407,9574,stroll,18,3,MEDIUM,45,45,0
2408,9574,tsunoda,22,3,SOFT,45,45,0
2409,9582,bottas,77,1,SOFT,1,15,0
2410,9582,max_verstappen,1,1,MEDIUM,1,27,0
2411,9582,hulkenberg,27,1,MEDIUM,1,14,0
2412,9582,tsunoda,22,1,SOFT,1,14,0
2413,9582,sargeant,2,1,MEDIUM,1,22,0
2414,9582,ricciardo,3,1,MEDIUM,1,29,0
2415,9582,albon,23,1,MEDIUM,1,12,0
2416,9582,russell,63,1,MEDIUM,1,25,0
2417,9582,stroll,18,1,MEDIUM,1,30,0
2418,9582,zhou,24,1,MEDIUM,1,18,0
2419,9582,hamilton,44,1,SOFT,1,23,0
2420,9582,alonso,14,1,MEDIUM,1,31,0
2421,9582,kevin_magnussen,20,1,HARD,1,40,0
2422,9582,norris,4,1,MEDIUM,1,28,0
2423,9582,sainz,55,1,MEDIUM,1,30,0
2424,9582,gasly,10,1,MEDIUM,1,32,0
2425,9582,piastri,81,1,MEDIUM,1,33,0
2426,9582,leclerc,16,1,MEDIUM,1,24,0
2427,9582,perez,11,1,MEDIUM,1,29,0
2428,9582,ocon,31,1,MEDIUM,1,30,0
2429,9582,albon,23,2,HARD,13,54,0
2430,9582,tsunoda,22,2,MEDIUM,15,32,0
2431,9582,hulkenberg,27,2,HARD,15,71,0
2432,9582,bottas,77,2,HARD,16,43,0
2433,9582,zhou,24,2,HARD,19,51,0
2434,9582,sargeant,2,2,HARD,23,71,0
2435,9582,hamilton,44,2,HARD,24,48,0
2436,9582,leclerc,16,2,HARD,25,72,0
2437,9582,russell,63,2,HARD,26,54,0
2438,9582,max_verstappen,1,2,HARD,28,72,0
2439,9582,norris,4,2,HARD,29,72,0
2440,9582,perez,11,2,HARD,30,72,0
2441,9582,ricciardo,3,2,HARD,30,71,0
2442,9582,sainz,55,2,HARD,31,72,0
2443,9582,stroll,18,2,HARD,31,71,0
2444,9582,ocon,31,2,HARD,31,71,0
2445,9582,alonso,14,2,HARD,32,71,0
2446,9582,gasly,10,2,HARD,33,71,0
2447,9582,tsunoda,22,3,HARD,33,71,0
2448,9582,piastri,81,2,HARD,34,72,0
2449,9582,kevin_magnussen,20,2,MEDIUM,41,71,0
2450,9582,bottas,77,3,MEDIUM,44,70,0
2451,9582,hamilton,44,3,SOFT,49,72,0
2452,9582,zhou,24,3,SOFT,52,70,0
2453,9582,russell,63,3,SOFT,55,72,3
2454,9582,albon,23,3,MEDIUM,55,71,0
2455,9590,stroll,18,1,HARD,1,19,1
2456,9590,ocon,31,1,HARD,1,31,0
2457,9590,tsunoda,22,1,HARD,1,7,1
2458,9590,hamilton,44,1,MEDIUM,1,15,0
2459,9590,bottas,77,1,HARD,1,33,1
2460,9590,norris,4,1,MEDIUM,1,14,0
2461,9590,gasly,10,1,MEDIUM,1,10,0
2462,9590,zhou,24,1,MEDIUM,1,15,1
2463,9590,piastri,81,1,MEDIUM,1,16,0
2464,9590,ricciardo,3,1,MEDIUM,1,11,0
2465,9590,alonso,14,1,MEDIUM,1,12,1
2466,9590,russell,63,1,MEDIUM,1,11,0
2467,9590,leclerc,16,1,MEDIUM,1,15,0
2468,9590,perez,11,1,HARD,1,23,0
2469,9590,sainz,55,1,MEDIUM,1,19,0
2470,9590,kevin_magnussen,20,1,MEDIUM,1,14,0
2471,9590,albon,23,1,MEDIUM,1,17,0
2472,9590,max_verstappen,1,1,HARD,1,22,0
2473,9590,colapinto,43,1,MEDIUM,1,16,0
2474,9590,hulkenberg,27,1,MEDIUM,1,5,0
2475,9590,hulkenberg,27,2,HARD,6,32,0
2476,9590,gasly,10,2,HARD,11,30,0
2477,9590,russell,63,2,HARD,12,33,0
2478,9590,ricciardo,3,2,HARD,12,53,1
2479,9590,alonso,14,2,HARD,13,35,1
2480,9590,norris,4,2,HARD,15,32,0
2481,9590,kevin_magnussen,20,2,HARD,15,53,0
2482,9590,leclerc,16,2,HARD,16,53,0
2483,9590,hamilton,44,2,HARD,16,37,0
2484,9590,zhou,24,2,HARD,16,52,1
2485,9590,piastri,81,2,HARD,17,38,0
2486,9590,colapinto,43,2,HARD,17,53,0
2487,9590,albon,23,2,HARD,18,53,0
2488,9590,sainz,55,2,HARD,20,53,0
2489,9590,stroll,18,2,HARD,20,36,1
2490,9590,max_verstappen,1,2,HARD,23,41,0
2491,9590,perez,11,2,HARD,24,35,0
2492,9590,gasly,10,3,HARD,31,52,0
2493,9590,ocon,31,2,MEDIUM,32,52,0
2494,9590,norris,4,3,HARD,33,53,0
2495,9590,hulkenberg,27,3,HARD,33,52,0
2496,9590,russell,63,3,HARD,34,53,0
2497,9590,bottas,77,2,MEDIUM,34,52,1
2498,9590,perez,11,3,MEDIUM,36,53,0
2499,9590,alonso,14,3,HARD,36,53,2
2500,9590,stroll,18,3,MEDIUM,37,50,1
2501,9590,hamilton,44,3,HARD,38,53,0
2502,9590,piastri,81,3,HARD,39,53,0
2503,9590,max_verstappen,1,3,MEDIUM,42,53,0
2504,9590,stroll,18,4,SOFT,51,52,0
2505,9598,stroll,18,1,MEDIUM,1,1,1
2506,9598,hamilton,44,1,MEDIUM,1,12,0
2507,9598,ricciardo,3,1,HARD,1,49,1
2508,9598,alonso,14,1,MEDIUM,1,11,1
2509,9598,tsunoda,22,1,MEDIUM,1,12,1
2510,9598,norris,4,1,HARD,1,37,0
2511,9598,zhou,24,1,HARD,1,34,1
2512,9598,sainz,55,1,MEDIUM,1,17,0
2513,9598,perez,11,1,MEDIUM,1,13,0
2514,9598,ocon,31,1,HARD,1,49,3
2515,9598,bearman,50,1,MEDIUM,1,14,0
2516,9598,max_verstappen,1,1,MEDIUM,1,12,0
2517,9598,bottas,77,1,MEDIUM,1,11,1
2518,9598,colapinto,43,1,MEDIUM,1,10,0
2519,9598,gasly,10,1,HARD,1,50,0
2520,9598,piastri,81,1,MEDIUM,1,15,0
2521,9598,albon,23,1,HARD,1,31,0
2522,9598,russell,63,1,MEDIUM,1,12,0
2523,9598,leclerc,16,1,MEDIUM,1,16,0
2524,9598,hulkenberg,27,1,MEDIUM,1,15,0
2525,9598,stroll,18,2,HARD,2,22,1
2526,9598,colapinto,43,2,HARD,11,51,0
2527,9598,alonso,14,2,HARD,12,51,0
2528,9598,bottas,77,2,HARD,12,50,1
2529,9598,max_verstappen,1,2,HARD,13,49,0
2530,9598,russell,63,2,HARD,13,51,0
2531,9598,hamilton,44,2,HARD,13,51,0
2532,9598,tsunoda,22,2,HARD,13,14,1
2533,9598,perez,11,2,HARD,14,49,0
2534,9598,bearman,50,2,HARD,15,51,0
2535,9598,piastri,81,2,HARD,16,51,0
2536,9598,hulkenberg,27,2,HARD,16,51,0
2537,9598,leclerc,16,2,HARD,17,51,0
2538,9598,sainz,55,2,HARD,18,49,0
2539,9598,stroll,18,3,HARD,23,45,0
2540,9598,albon,23,2,MEDIUM,32,51,0
2541,9598,zhou,24,2,MEDIUM,35,51,1
2542,9598,norris,4,2,MEDIUM,38,51,0
2543,9598,max_verstappen,1,3,SOFT,50,51,3
2544,9598,ricciardo,3,2,SOFT,50,51,0
2545,9598,ocon,31,2,SOFT,50,50,0
2546,9598,gasly,10,2,SOFT,51,51,0
2547,9606,ocon,31,1,MEDIUM,1,29,0
2548,9606,tsunoda,22,1,MEDIUM,1,33,0
2549,9606,perez,11,1,MEDIUM,1,28,0
2550,9606,hamilton,44,1,SOFT,1,17,2
2551,9606,gasly,10,1,MEDIUM,1,37,0
2552,9606,max_verstappen,1,1,MEDIUM,1,29,0
2553,9606,alonso,14,1,MEDIUM,1,25,1
2554,9606,stroll,18,1,HARD,1,26,1
2555,9606,leclerc,16,1,MEDIUM,1,36,0
2556,9606,kevin_magnussen,20,1,HARD,1,28,0
2557,9606,sainz,55,1,MEDIUM,1,13,0
2558,9606,bottas,77,1,HARD,1,33,0
2559,9606,norris,4,1,MEDIUM,1,30,0
2560,9606,zhou,24,1,HARD,1,34,0
2561,9606,piastri,81,1,MEDIUM,1,38,0
2562,9606,ricciardo,3,1,SOFT,1,10,0
2563,9606,albon,23,1,MEDIUM,1,11,0
2564,9606,colapinto,43,1,MEDIUM,1,29,0
2565,9606,hulkenberg,27,1,MEDIUM,1,29,0
2566,9606,russell,63,1,MEDIUM,1,27,0
2567,9606,ricciardo,3,2,MEDIUM,11,46,0
2568,9606,albon,23,2,HARD,12,15,0
2569,9606,sainz,55,2,HARD,14,62,0
2570,9606,hamilton,44,2,HARD,18,62,0
2571,9606,alonso,14,2,HARD,26,61,1
2572,9606,stroll,18,2,MEDIUM,27,61,1
2573,9606,russell,63,2,HARD,28,62,0
2574,9606,perez,11,2,HARD,29,61,0
2575,9606,kevin_magnussen,20,2,MEDIUM,29,49,0
2576,9606,max_verstappen,1,2,HARD,30,62,0
2577,9606,colapinto,43,2,HARD,30,61,0
2578,9606,hulkenberg,27,2,HARD,30,61,0
2579,9606,ocon,31,2,HARD,30,61,0
2580,9606,norris,4,2,HARD,31,62,0
2581,9606,tsunoda,22,2,SOFT,34,61,0
2582,9606,bottas,77,2,MEDIUM,34,61,0
2583,9606,zhou,24,2,MEDIUM,35,61,0
2584,9606,leclerc,16,2,HARD,37,62,0
2585,9606,gasly,10,2,SOFT,38,61,0
2586,9606,piastri,81,2,HARD,39,62,0
2587,9606,ricciardo,3,3,SOFT,47,58,0
2588,9606,kevin_magnussen,20,3,SOFT,50,57,0
2589,9606,ricciardo,3,4,SOFT,59,61,3
2590,9616,alonso,14,1,MEDIUM,1,19,3
2591,9616,norris,4,1,MEDIUM,1,19,5
2592,9616,zhou,24,1,MEDIUM,1,19,0
2593,9616,lawson,30,1,MEDIUM,1,19,3
2594,9616,sainz,55,1,MEDIUM,1,19,3
2595,9616,gasly,10,1,MEDIUM,1,19,3
2596,9616,piastri,81,1,MEDIUM,1,19,0
2597,9616,perez,11,1,MEDIUM,1,19,3
2598,9616,kevin_magnussen,20,1,MEDIUM,1,19,5
2599,9616,ocon,31,1,MEDIUM,1,19,0
2600,9616,bottas,77,1,MEDIUM,1,19,6
2601,9616,max_verstappen,1,1,MEDIUM,1,19,3
2602,9616,hulkenberg,27,1,MEDIUM,1,19,5
2603,9616,leclerc,16,1,MEDIUM,1,19,3
2604,9616,tsunoda,22,1,MEDIUM,1,19,0
2605,9616,albon,23,1,MEDIUM,1,19,0
2606,9616,russell,63,1,MEDIUM,1,19,5
2607,9616,colapinto,43,1,MEDIUM,1,19,4
2608,9616,stroll,18,1,MEDIUM,1,19,3
2609,9616,hamilton,44,1,MEDIUM,1,19,4
2610,9617,tsunoda,22,1,MEDIUM,1,18,0
2611,9617,norris,4,1,MEDIUM,1,31,0
2612,9617,hamilton,44,1,HARD,1,1,0
2613,9617,sainz,55,1,MEDIUM,1,21,0
2614,9617,perez,11,1,MEDIUM,1,26,0
2615,9617,zhou,24,1,MEDIUM,1,13,0
2616,9617,bottas,77,1,MEDIUM,1,15,0
2617,9617,gasly,10,1,MEDIUM,1,18,0
2618,9617,max_verstappen,1,1,MEDIUM,1,25,0
2619,9617,piastri,81,1,MEDIUM,1,32,0
2620,9617,lawson,30,1,HARD,1,36,0
2621,9617,alonso,14,1,MEDIUM,1,26,0
2622,9617,leclerc,16,1,MEDIUM,1,26,0
2623,9617,hulkenberg,27,1,MEDIUM,1,27,0
2624,9617,russell,63,1,HARD,1,40,0
2625,9617,ocon,31,1,MEDIUM,1,31,0
2626,9617,stroll,18,1,HARD,1,27,1
2627,9617,kevin_magnussen,20,1,MEDIUM,1,17,0
2628,9617,albon,23,1,MEDIUM,1,3,0
2629,9617,colapinto,43,1,HARD,1,39,0
2630,9617,albon,23,2,MEDIUM,4,33,0
2631,9617,zhou,24,2,MEDIUM,14,35,0
2632,9617,bottas,77,2,HARD,16,55,0
2633,9617,kevin_magnussen,20,2,HARD,18,38,0
2634,9617,gasly,10,2,HARD,19,56,0
2635,9617,tsunoda,22,2,HARD,19,55,0
2636,9617,sainz,55,2,HARD,22,56,0
2637,9617,max_verstappen,1,2,HARD,26,56,0
2638,9617,leclerc,16,2,HARD,27,56,0
2639,9617,perez,11,2,HARD,27,56,0
2640,9617,alonso,14,2,HARD,27,55,1
2641,9617,hulkenberg,27,2,HARD,28,56,0
2642,9617,stroll,18,2,MEDIUM,28,55,0
2643,9617,norris,4,2,HARD,32,56,0
2644,9617,ocon,31,2,HARD,32,51,0
2645,9617,piastri,81,2,HARD,33,56,0
2646,9617,albon,23,3,HARD,34,55,0
2647,9617,zhou,24,3,HARD,36,55,0
2648,9617,lawson,30,2,MEDIUM,37,56,0
2649,9617,kevin_magnussen,20,3,MEDIUM,39,56,0
2650,9617,colapinto,43,2,MEDIUM,40,56,0
2651,9617,russell,63,2,MEDIUM,41,56,0
2652,9617,ocon,31,3,SOFT,52,55,3
2653,9625,stroll,18,1,MEDIUM,1,26,1
2654,9625,zhou,24,1,HARD,1,43,1
2655,9625,hamilton,44,1,MEDIUM,1,28,0
2656,9625,alonso,14,1,MEDIUM,1,15,1
2657,9625,kevin_magnussen,20,1,MEDIUM,1,30,0
2658,9625,sainz,55,1,MEDIUM,1,32,0
2659,9625,norris,4,1,MEDIUM,1,30,0
2660,9625,gasly,10,1,MEDIUM,1,28,0
2661,9625,albon,23,1,MEDIUM,,,0
2662,9625,piastri,81,1,MEDIUM,1,39,0
2663,9625,lawson,30,1,HARD,1,39,0
2664,9625,perez,11,1,HARD,1,20,0
2665,9625,ocon,31,1,HARD,1,48,0
2666,9625,bottas,77,1,HARD,1,49,1
2667,9625,max_verstappen,1,1,MEDIUM,1,26,0
2668,9625,hulkenberg,27,1,MEDIUM,1,29,0
2669,9625,leclerc,16,1,MEDIUM,1,31,0
2670,9625,tsunoda,22,1,MEDIUM,,,0
2671,9625,colapinto,43,1,HARD,1,47,0
2672,9625,russell,63,1,MEDIUM,1,31,0
2673,9625,perez,11,2,MEDIUM,21,43,0
2674,9625,max_verstappen,1,2,HARD,27,71,0
2675,9625,stroll,18,2,HARD,27,70,1
2676,9625,hamilton,44,2,HARD,29,71,0
2677,9625,gasly,10,2,HARD,29,70,0
2678,9625,hulkenberg,27,2,HARD,30,70,0
2679,9625,norris,4,2,HARD,31,71,0
2680,9625,kevin_magnussen,20,2,HARD,31,71,0
2681,9625,leclerc,16,2,HARD,32,69,0
2682,9625,russell,63,2,HARD,32,71,0
2683,9625,sainz,55,2,HARD,33,71,0
2684,9625,piastri,81,2,HARD,40,71,0
2685,9625,lawson,30,2,MEDIUM,40,65,0
2686,9625,zhou,24,2,MEDIUM,44,70,1
2687,9625,perez,11,3,MEDIUM,44,68,0
2688,9625,colapinto,43,2,MEDIUM,48,70,0
2689,9625,ocon,31,2,MEDIUM,49,70,0
2690,9625,bottas,77,2,MEDIUM,50,70,0
2691,9625,lawson,30,3,SOFT,66,70,0
2692,9625,leclerc,16,3,SOFT,70,71,0
2693,9625,perez,11,4,SOFT,69,70,0
2694,9635,piastri,81,1,MEDIUM,1,24,4
2695,9635,norris,4,1,MEDIUM,1,24,3
2696,9635,lawson,30,1,MEDIUM,1,24,0
2697,9635,max_verstappen,1,1,MEDIUM,1,24,3
2698,9635,albon,23,1,MEDIUM,1,24,3
2699,9635,colapinto,43,1,MEDIUM,1,24,3
2700,9635,alonso,14,1,MEDIUM,1,24,6
2701,9635,leclerc,16,1,MEDIUM,1,24,6
2702,9635,hulkenberg,27,1,MEDIUM,1,19,5
2703,9635,stroll,18,1,MEDIUM,1,24,6
2704,9635,sainz,55,1,MEDIUM,1,24,3
2705,9635,perez,11,1,MEDIUM,1,24,4
2706,9635,ocon,31,1,MEDIUM,1,24,6
2707,9635,tsunoda,22,1,MEDIUM,1,24,3
2708,9635,hamilton,44,1,MEDIUM,1,24,7
2709,9635,zhou,24,1,MEDIUM,1,24,5
2710,9635,bottas,77,1,MEDIUM,1,24,6
2711,9635,gasly,10,1,MEDIUM,1,24,0
2712,9635,bearman,50,1,MEDIUM,1,24,6
2713,9635,russell,63,1,MEDIUM,1,24,6
2714,9636,colapinto,43,1,INTERMEDIATE,1,26,0
2715,9636,stroll,18,1,INTERMEDIATE,,,0
2716,9636,norris,4,1,INTERMEDIATE,1,28,4
2717,9636,sainz,55,1,INTERMEDIATE,1,27,0
2718,9636,zhou,24,1,INTERMEDIATE,1,27,0
2719,9636,lawson,30,1,INTERMEDIATE,1,28,0
2720,9636,hamilton,44,1,INTERMEDIATE,1,27,0
2721,9636,bearman,50,1,INTERMEDIATE,1,27,0
2722,9636,alonso,14,1,INTERMEDIATE,1,27,0
2723,9636,gasly,10,1,INTERMEDIATE,1,32,0
2724,9636,leclerc,16,1,INTERMEDIATE,1,24,2
2725,9636,piastri,81,1,INTERMEDIATE,1,27,2
2726,9636,perez,11,1,INTERMEDIATE,1,27,0
2727,9636,ocon,31,1,INTERMEDIATE,1,32,2
2728,9636,bottas,77,1,INTERMEDIATE,1,32,0
2729,9636,russell,63,1,INTERMEDIATE,1,28,3
2730,9636,max_verstappen,1,1,INTERMEDIATE,1,32,0
2731,9636,hulkenberg,27,1,INTERMEDIATE,1,25,0
2732,9636,tsunoda,22,1,INTERMEDIATE,1,28,3
2733,9636,leclerc,16,2,INTERMEDIATE,25,32,3
2734,9636,hulkenberg,27,2,INTERMEDIATE,26,27,0
2735,9636,colapinto,43,2,INTERMEDIATE,27,30,0
2736,9636,piastri,81,2,INTERMEDIATE,28,32,4
2737,9636,alonso,14,2,INTERMEDIATE,28,32,3
2738,9636,hamilton,44,2,INTERMEDIATE,28,32,0
2739,9636,bearman,50,2,INTERMEDIATE,28,32,0
2740,9636,sainz,55,2,INTERMEDIATE,28,32,0
2741,9636,perez,11,2,WET,28,32,5
2742,9636,zhou,24,2,INTERMEDIATE,28,28,0
2743,9636,norris,4,2,INTERMEDIATE,29,32,4
2744,9636,russell,63,2,INTERMEDIATE,29,32,3
2745,9636,tsunoda,22,2,WET,29,32,0
2746,9636,lawson,30,2,WET,29,32,0
2747,9636,zhou,24,3,WET,29,31,5
2748,9636,hulkenberg,27,3,WET,28,29,0
2749,9636,colapinto,43,3,INTERMEDIATE,31,31,0
2750,9636,hulkenberg,27,4,INTERMEDIATE,30,30,0
2751,9636,zhou,24,4,INTERMEDIATE,32,32,0
2752,9636,ocon,31,2,INTERMEDIATE,33,69,2
2753,9636,max_verstappen,1,2,INTERMEDIATE,33,69,0
2754,9636,gasly,10,2,INTERMEDIATE,33,69,0
2755,9636,norris,4,3,INTERMEDIATE,33,69,4
2756,9636,russell,63,3,INTERMEDIATE,33,69,3
2757,9636,tsunoda,22,3,INTERMEDIATE,33,69,3
2758,9636,leclerc,16,3,INTERMEDIATE,33,69,3
2759,9636,piastri,81,3,INTERMEDIATE,33,69,0
2760,9636,alonso,14,3,INTERMEDIATE,33,69,0
2761,9636,lawson,30,3,INTERMEDIATE,33,69,3
2762,9636,bottas,77,2,INTERMEDIATE,33,69,0
2763,9636,hamilton,44,3,INTERMEDIATE,33,69,0
2764,9636,perez,11,3,INTERMEDIATE,33,69,0
2765,9636,sainz,55,3,INTERMEDIATE,33,38,0
2766,9636,bearman,50,3,INTERMEDIATE,33,69,0
2767,9636,zhou,24,5,INTERMEDIATE,33,69,0
2768,9644,bottas,77,1,HARD,1,17,0
2769,9644,russell,63,1,MEDIUM,1,12,1
2770,9644,max_verstappen,1,1,MEDIUM,1,11,0
2771,9644,hulkenberg,27,1,MEDIUM,1,14,0
2772,9644,tsunoda,22,1,MEDIUM,1,10,0
2773,9644,albon,23,1,MEDIUM,1,9,0
2774,9644,colapinto,43,1,HARD,1,16,0
2775,9644,perez,11,1,HARD,1,17,0
2776,9644,stroll,18,1,MEDIUM,1,9,1
2777,9644,norris,4,1,MEDIUM,1,9,0
2778,9644,hamilton,44,1,MEDIUM,1,13,0
2779,9644,zhou,24,1,MEDIUM,1,11,1
2780,9644,sainz,55,1,MEDIUM,1,10,0
2781,9644,lawson,30,1,MEDIUM,1,11,0
2782,9644,alonso,14,1,SOFT,1,4,0
2783,9644,kevin_magnussen,20,1,MEDIUM,1,17,0
2784,9644,gasly,10,1,MEDIUM,1,10,0
2785,9644,leclerc,16,1,MEDIUM,1,9,0
2786,9644,piastri,81,1,MEDIUM,1,10,0
2787,9644,ocon,31,1,MEDIUM,1,11,0
2788,9644,alonso,14,2,HARD,5,24,0
2789,9644,leclerc,16,2,HARD,10,31,0
2790,9644,norris,4,2,HARD,10,30,0
2791,9644,albon,23,2,HARD,10,25,0
2792,9644,stroll,18,2,HARD,10,28,0
2793,9644,sainz,55,2,HARD,11,28,0
2794,9644,tsunoda,22,2,HARD,11,29,0
2795,9644,gasly,10,2,HARD,11,15,0
2796,9644,piastri,81,2,HARD,11,25,0
2797,9644,max_verstappen,1,2,HARD,12,27,0
2798,9644,ocon,31,2,MEDIUM,12,12,0
2799,9644,zhou,24,2,HARD,12,34,0
2800,9644,lawson,30,2,HARD,12,38,1
2801,9644,russell,63,2,HARD,13,32,1
2802,9644,ocon,31,3,HARD,13,45,0
2803,9644,hamilton,44,2,HARD,14,27,1
2804,9644,hulkenberg,27,2,HARD,15,33,0
2805,9644,colapinto,43,2,MEDIUM,17,26,0
2806,9644,perez,11,2,MEDIUM,18,32,0
2807,9644,bottas,77,2,MEDIUM,18,35,0
2808,9644,kevin_magnussen,20,2,HARD,18,50,0
2809,9644,alonso,14,3,HARD,25,50,1
2810,9644,piastri,81,3,HARD,26,50,0
2811,9644,colapinto,43,3,HARD,27,50,0
2812,9644,max_verstappen,1,3,HARD,28,50,0
2813,9644,hamilton,44,3,HARD,28,50,1
2814,9644,sainz,55,3,HARD,29,50,0
2815,9644,stroll,18,3,HARD,29,50,0
2816,9644,tsunoda,22,3,HARD,30,50,1
2817,9644,norris,4,3,HARD,31,48,0
2818,9644,leclerc,16,3,HARD,32,50,0
2819,9644,russell,63,3,HARD,33,50,0
2820,9644,perez,11,3,HARD,33,50,0
2821,9644,hulkenberg,27,3,HARD,34,50,0
2822,9644,zhou,24,3,HARD,35,50,0
2823,9644,bottas,77,3,HARD,36,49,0
2824,9644,lawson,30,3,HARD,39,50,1
2825,9644,ocon,31,4,SOFT,46,49,0
2826,9644,norris,4,4,SOFT,49,50,4
2827,9654,russell,63,1,MEDIUM,1,19,4
2828,9654,albon,23,1,MEDIUM,1,19,6
2829,9654,leclerc,16,1,MEDIUM,1,19,1
2830,9654,stroll,18,1,MEDIUM,1,19,6
2831,9654,hulkenberg,27,1,MEDIUM,1,19,6
2832,9654,tsunoda,22,1,MEDIUM,1,19,7
2833,9654,norris,4,1,MEDIUM,1,19,5
2834,9654,sainz,55,1,MEDIUM,1,19,1
2835,9654,kevin_magnussen,20,1,MEDIUM,1,19,6
2836,9654,ocon,31,1,MEDIUM,1,19,7
2837,9654,hamilton,44,1,MEDIUM,1,19,6
2838,9654,gasly,10,1,MEDIUM,1,19,7
2839,9654,max_verstappen,1,1,MEDIUM,1,19,8
2840,9654,piastri,81,1,MEDIUM,1,19,5
2841,9654,lawson,30,1,MEDIUM,1,19,7
2842,9654,zhou,24,1,SOFT,1,10,0
2843,9654,alonso,14,1,MEDIUM,1,19,6
2844,9654,bottas,77,1,MEDIUM,1,19,12
2845,9654,colapinto,43,1,MEDIUM,1,19,4
2846,9654,perez,11,1,MEDIUM,1,14,11
2847,9654,zhou,24,2,MEDIUM,11,19,8
2848,9654,perez,11,2,MEDIUM,15,19,21
2849,9655,tsunoda,22,1,MEDIUM,1,35,0
2850,9655,lawson,30,1,MEDIUM,1,35,0
2851,9655,alonso,14,1,MEDIUM,1,35,0
2852,9655,hamilton,44,1,MEDIUM,1,34,0
2853,9655,max_verstappen,1,1,MEDIUM,1,35,0
2854,9655,bottas,77,1,MEDIUM,1,24,0
2855,9655,russell,63,1,MEDIUM,1,23,1
2856,9655,gasly,10,1,MEDIUM,1,35,0
2857,9655,piastri,81,1,MEDIUM,1,34,0
2858,9655,albon,23,1,MEDIUM,1,35,0
2859,9655,colapinto,43,1,UNKNOWN,,,0
2860,9655,leclerc,16,1,MEDIUM,1,35,1
2861,9655,hulkenberg,27,1,HARD,1,1,0
2862,9655,stroll,18,1,MEDIUM,1,1,0
2863,9655,kevin_magnussen,20,1,MEDIUM,1,27,0
2864,9655,perez,11,1,MEDIUM,1,35,0
2865,9655,zhou,24,1,MEDIUM,1,35,0
2866,9655,sainz,55,1,MEDIUM,1,34,1
2867,9655,ocon,31,1,UNKNOWN,,,0
2868,9655,norris,4,1,MEDIUM,1,35,0
2869,9655,stroll,18,2,HARD,2,7,0
2870,9655,hulkenberg,27,2,HARD,2,31,0
2871,9655,stroll,18,3,HARD,8,8,0
2872,9655,russell,63,2,HARD,24,35,0
2873,9655,bottas,77,2,HARD,25,35,0
2874,9655,kevin_magnussen,20,2,HARD,28,36,0
2875,9655,hulkenberg,27,3,MEDIUM,32,36,0
2876,9655,piastri,81,2,HARD,35,36,0
2877,9655,sainz,55,2,HARD,35,36,0
2878,9655,norris,4,2,HARD,36,36,0
2879,9655,hamilton,44,2,HARD,35,35,0
2880,9655,max_verstappen,1,2,HARD,36,36,0
2881,9655,leclerc,16,2,HARD,36,36,0
2882,9655,perez,11,2,HARD,36,36,0
2883,9655,gasly,10,2,HARD,36,36,0
2884,9655,alonso,14,2,HARD,36,36,0
2885,9655,russell,63,3,HARD,36,36,0
2886,9655,zhou,24,2,HARD,36,36,0
2887,9655,albon,23,2,SOFT,36,36,0
2888,9655,tsunoda,22,2,HARD,36,36,0
2889,9655,lawson,30,2,HARD,36,36,0
2890,9655,hamilton,44,3,HARD,36,36,0
2891,9655,max_verstappen,1,3,HARD,37,37,1
2892,9655,norris,4,3,HARD,37,37,0
2893,9655,bottas,77,3,MEDIUM,36,36,0
2894,9655,leclerc,16,3,HARD,37,37,0
2895,9655,piastri,81,3,HARD,37,37,0
2896,9655,perez,11,3,HARD,37,37,1
2897,9655,gasly,10,3,HARD,37,37,0
2898,9655,russell,63,4,HARD,37,37,1
2899,9655,sainz,55,3,HARD,37,37,2
2900,9655,zhou,24,3,HARD,37,37,0
2901,9655,kevin_magnussen,20,3,HARD,37,37,27
2902,9655,alonso,14,3,MEDIUM,37,37,6
2903,9655,tsunoda,22,3,HARD,37,37,1
2904,9655,albon,23,3,SOFT,37,37,0
2905,9655,hulkenberg,27,4,MEDIUM,37,37,5
2906,9655,lawson,30,3,HARD,37,37,1
2907,9655,max_verstappen,1,4,HARD,38,57,0
2908,9655,hamilton,44,4,HARD,37,47,0
2909,9655,bottas,77,4,MEDIUM,37,57,0
2910,9655,norris,4,4,HARD,38,45,2
2911,9655,leclerc,16,4,HARD,38,57,2
2912,9655,perez,11,4,HARD,38,38,0
2913,9655,piastri,81,4,HARD,38,57,3
2914,9655,gasly,10,4,HARD,38,57,2
2915,9655,russell,63,5,HARD,38,57,2
2916,9655,sainz,55,4,HARD,38,57,3
2917,9655,alonso,14,4,MEDIUM,38,57,7
2918,9655,zhou,24,4,HARD,38,57,0
2919,9655,kevin_magnussen,20,4,HARD,38,57,28
2920,9655,tsunoda,22,4,HARD,38,40,2
2921,9655,albon,23,4,SOFT,38,55,0
2922,9655,lawson,30,4,HARD,38,40,0
2923,9655,hulkenberg,27,5,MEDIUM,38,39,6
2924,9655,tsunoda,22,5,SOFT,41,57,0
2925,9655,lawson,30,5,SOFT,41,57,0
2926,9655,norris,4,5,HARD,46,57,0
2927,9655,hamilton,44,5,HARD,48,57,13
2928,9655,albon,23,5,SOFT,56,56,0
2929,9655,colapinto,43,2,MEDIUM,,,0
2930,9655,ocon,31,2,MEDIUM,,,0
2931,9662,stroll,18,1,MEDIUM,1,11,1
2932,9662,norris,4,1,MEDIUM,1,26,0
2933,9662,zhou,24,1,MEDIUM,1,12,0
2934,9662,hamilton,44,1,HARD,1,34,0
2935,9662,alonso,14,1,MEDIUM,1,13,1
2936,9662,russell,63,1,MEDIUM,1,26,1
2937,9662,kevin_magnussen,20,1,MEDIUM,1,12,0
2938,9662,sainz,55,1,MEDIUM,1,25,0
2939,9662,gasly,10,1,MEDIUM,1,14,0
2940,9662,doornbos,61,1,MEDIUM,1,22,0
2941,9662,piastri,81,1,MEDIUM,1,4,0
2942,9662,lawson,30,1,MEDIUM,1,23,0
2943,9662,leclerc,16,1,MEDIUM,1,20,0
2944,9662,colapinto,43,1,MEDIUM,1,3,0
2945,9662,perez,11,1,MEDIUM,,,0
2946,9662,bottas,77,1,MEDIUM,1,6,0
2947,9662,max_verstappen,1,1,MEDIUM,1,29,0
2948,9662,hulkenberg,27,1,MEDIUM,1,13,0
2949,9662,tsunoda,22,1,MEDIUM,1,22,0
2950,9662,albon,23,1,MEDIUM,1,12,0
2951,9662,colapinto,43,2,HARD,4,26,0
2952,9662,piastri,81,2,HARD,5,32,0
2953,9662,bottas,77,2,HARD,7,30,0
2954,9662,stroll,18,2,HARD,12,32,1
2955,9662,kevin_magnussen,20,2,HARD,13,29,0
2956,9662,albon,23,2,HARD,13,57,0
2957,9662,zhou,24,2,HARD,13,39,0
2958,9662,hulkenberg,27,2,HARD,14,58,0
2959,9662,alonso,14,2,HARD,14,37,1
2960,9662,gasly,10,2,HARD,15,58,0
2961,9662,leclerc,16,2,HARD,21,58,0
2962,9662,doornbos,61,2,HARD,23,57,0
2963,9662,tsunoda,22,2,HARD,23,57,0
2964,9662,lawson,30,2,HARD,24,24,0
2965,9662,lawson,30,3,HARD,25,29,1
2966,9662,sainz,55,2,HARD,26,58,0
2967,9662,norris,4,2,HARD,27,58,0
2968,9662,russell,63,2,HARD,27,58,0
2969,9662,max_verstappen,1,2,HARD,30,58,0
2970,9662,kevin_magnussen,20,3,HARD,30,30,0
2971,9662,lawson,30,4,HARD,30,55,6
2972,9662,kevin_magnussen,20,4,SOFT,31,55,0
2973,9662,stroll,18,3,HARD,33,57,0
2974,9662,piastri,81,3,HARD,33,58,0
2975,9662,hamilton,44,2,MEDIUM,35,58,1
2976,9662,alonso,14,3,HARD,38,58,1
2977,9662,zhou,24,3,HARD,40,57,0
2978,9662,kevin_magnussen,20,5,SOFT,56,57,3
2979,9693,stroll,18,1,INTERMEDIATE,1,2,0
2980,9693,antonelli,12,1,INTERMEDIATE,1,2,0
2981,9693,alonso,14,1,INTERMEDIATE,1,2,0
2982,9693,russell,63,1,INTERMEDIATE,1,2,0
2983,9693,doornbos,7,1,INTERMEDIATE,,,0
2984,9693,norris,4,1,INTERMEDIATE,1,2,0
2985,9693,hulkenberg,27,1,INTERMEDIATE,1,2,0
2986,9693,sainz,55,1,INTERMEDIATE,,,0
2987,9693,ocon,31,1,INTERMEDIATE,1,2,0
2988,9693,tsunoda,22,1,INTERMEDIATE,1,2,0
2989,9693,gasly,10,1,INTERMEDIATE,1,2,0
2990,9693,hamilton,44,1,INTERMEDIATE,1,2,0
2991,9693,max_verstappen,1,1,INTERMEDIATE,1,2,0
2992,9693,hadjar,6,1,INTERMEDIATE,,,0
2993,9693,albon,23,1,INTERMEDIATE,1,2,0
2994,9693,lawson,30,1,INTERMEDIATE,,,0
2995,9693,leclerc,16,1,INTERMEDIATE,1,2,0
2996,9693,piastri,81,1,INTERMEDIATE,1,2,0
2997,9693,bearman,87,1,INTERMEDIATE,1,2,0
2998,9693,bortoleto,5,1,INTERMEDIATE,1,2,0
2999,9693,lawson,30,2,INTERMEDIATE,,,0
3000,9693,lawson,30,3,INTERMEDIATE,1,2,0
3001,9693,norris,4,2,INTERMEDIATE,2,3,0
3002,9693,max_verstappen,1,2,INTERMEDIATE,2,3,2
3003,9693,piastri,81,2,INTERMEDIATE,2,3,0
3004,9693,russell,63,2,INTERMEDIATE,2,3,2
3005,9693,leclerc,16,2,INTERMEDIATE,2,3,2
3006,9693,albon,23,2,INTERMEDIATE,2,3,0
3007,9693,tsunoda,22,2,INTERMEDIATE,2,3,2
3008,9693,gasly,10,2,INTERMEDIATE,2,3,0
3009,9693,hamilton,44,2,INTERMEDIATE,2,3,2
3010,9693,alonso,14,2,INTERMEDIATE,2,3,2
3011,9693,hulkenberg,27,2,INTERMEDIATE,2,3,0
3012,9693,stroll,18,2,INTERMEDIATE,2,3,2
3013,9693,bortoleto,5,2,INTERMEDIATE,2,2,0
3014,9693,ocon,31,2,INTERMEDIATE,2,3,2
3015,9693,antonelli,12,2,INTERMEDIATE,2,3,2
3016,9693,lawson,30,4,INTERMEDIATE,2,3,2
3017,9693,bearman,87,2,INTERMEDIATE,2,2,0
3018,9693,bortoleto,5,3,INTERMEDIATE,3,3,0
3019,9693,bearman,87,3,INTERMEDIATE,3,3,0
3020,9693,max_verstappen,1,3,INTERMEDIATE,3,4,0
3021,9693,norris,4,3,INTERMEDIATE,3,4,0
3022,9693,piastri,81,3,INTERMEDIATE,3,4,0
3023,9693,russell,63,3,INTERMEDIATE,3,4,3
3024,9693,leclerc,16,3,INTERMEDIATE,3,4,3
3025,9693,tsunoda,22,3,INTERMEDIATE,3,4,0
3026,9693,albon,23,3,INTERMEDIATE,3,4,1
3027,9693,hamilton,44,3,INTERMEDIATE,3,4,3
3028,9693,alonso,14,3,INTERMEDIATE,3,4,3
3029,9693,gasly,10,3,INTERMEDIATE,3,4,3
3030,9693,hulkenberg,27,3,INTERMEDIATE,3,4,3
3031,9693,stroll,18,3,INTERMEDIATE,3,4,3
3032,9693,antonelli,12,3,INTERMEDIATE,3,4,0
3033,9693,bortoleto,5,4,INTERMEDIATE,3,3,0
3034,9693,ocon,31,3,INTERMEDIATE,3,4,3
3035,9693,bearman,87,4,INTERMEDIATE,3,3,0
3036,9693,lawson,30,5,INTERMEDIATE,3,4,3
3037,9693,bortoleto,5,5,INTERMEDIATE,4,4,3
3038,9693,bearman,87,5,INTERMEDIATE,4,4,3
3039,9693,norris,4,4,INTERMEDIATE,4,34,0
3040,9693,max_verstappen,1,4,INTERMEDIATE,4,34,0
3041,9693,russell,63,4,INTERMEDIATE,4,34,4
3042,9693,piastri,81,4,INTERMEDIATE,4,34,0
3043,9693,tsunoda,22,4,INTERMEDIATE,4,33,0
3044,9693,leclerc,16,4,INTERMEDIATE,4,34,4
3045,9693,albon,23,4,INTERMEDIATE,4,33,2
3046,9693,hamilton,44,4,INTERMEDIATE,4,33,4
3047,9693,alonso,14,4,INTERMEDIATE,4,32,4
3048,9693,gasly,10,4,INTERMEDIATE,4,33,4
3049,9693,hulkenberg,27,4,INTERMEDIATE,4,33,4
3050,9693,stroll,18,4,INTERMEDIATE,4,33,4
3051,9693,bortoleto,5,6,MEDIUM,4,44,4
3052,9693,antonelli,12,4,INTERMEDIATE,4,33,4
3053,9693,lawson,30,6,INTERMEDIATE,4,33,0
3054,9693,ocon,31,4,INTERMEDIATE,4,39,0
3055,9693,bearman,87,6,MEDIUM,4,44,0
3056,9693,hamilton,44,5,HARD,33,47,1
3057,9693,albon,23,5,MEDIUM,33,44,0
3058,9693,tsunoda,22,5,MEDIUM,33,47,0
3059,9693,gasly,10,5,HARD,33,46,0
3060,9693,antonelli,12,5,HARD,33,44,0
3061,9693,stroll,18,5,HARD,33,44,1
3062,9693,hulkenberg,27,5,MEDIUM,33,44,0
3063,9693,norris,4,5,HARD,34,44,1
3064,9693,piastri,81,5,HARD,34,44,1
3065,9693,lawson,30,7,MEDIUM,33,46,0
3066,9693,max_verstappen,1,5,MEDIUM,34,46,0
3067,9693,russell,63,5,HARD,34,44,0
3068,9693,leclerc,16,5,HARD,34,47,1
3069,9693,ocon,31,5,MEDIUM,39,46,0
3070,9693,norris,4,6,INTERMEDIATE,44,57,0
3071,9693,albon,23,6,INTERMEDIATE,44,57,0
3072,9693,russell,63,6,INTERMEDIATE,44,57,0
3073,9693,stroll,18,6,INTERMEDIATE,44,57,0
3074,9693,hulkenberg,27,6,INTERMEDIATE,44,57,0
3075,9693,antonelli,12,6,INTERMEDIATE,44,57,0
3076,9693,bortoleto,5,7,INTERMEDIATE,44,45,0
3077,9693,piastri,81,6,INTERMEDIATE,44,57,0
3078,9693,bearman,87,7,INTERMEDIATE,44,57,0
3079,9693,max_verstappen,1,6,INTERMEDIATE,46,57,0
3080,9693,gasly,10,6,INTERMEDIATE,46,57,0
3081,9693,ocon,31,6,INTERMEDIATE,46,57,0
3082,9693,hamilton,44,6,INTERMEDIATE,47,57,0
3083,9693,tsunoda,22,6,INTERMEDIATE,47,57,0
3084,9693,leclerc,16,6,INTERMEDIATE,47,57,0
3085,9993,russell,63,1,MEDIUM,1,19,8
3086,9993,bortoleto,5,1,MEDIUM,1,19,6
3087,9993,leclerc,16,1,MEDIUM,1,19,6
3088,9993,piastri,81,1,MEDIUM,1,19,4
3089,9993,albon,23,1,MEDIUM,1,19,4
3090,9993,alonso,14,1,MEDIUM,1,19,3
3091,9993,tsunoda,22,1,MEDIUM,1,19,3
3092,9993,stroll,18,1,MEDIUM,1,19,3
3093,9993,hulkenberg,27,1,MEDIUM,1,19,6
3094,9993,hamilton,44,1,MEDIUM,1,19,6
3095,9993,norris,4,1,MEDIUM,1,19,3
3096,9993,max_verstappen,1,1,MEDIUM,1,19,3
3097,9993,sainz,55,1,MEDIUM,1,11,4
3098,9993,hadjar,6,1,MEDIUM,1,19,2
3099,9993,lawson,30,1,MEDIUM,1,19,5
3100,9993,antonelli,12,1,MEDIUM,1,19,7
3101,9993,ocon,31,1,MEDIUM,1,19,6
3102,9993,gasly,10,1,MEDIUM,1,19,6
3103,9993,doornbos,7,1,MEDIUM,1,19,6
3104,9993,bearman,87,1,MEDIUM,1,19,3
3105,9993,sainz,55,2,MEDIUM,12,19,0
3106,9998,albon,23,1,MEDIUM,1,20,0
3107,9998,alonso,14,1,MEDIUM,1,4,5
3108,9998,leclerc,16,1,MEDIUM,1,15,0
3109,9998,hulkenberg,27,1,MEDIUM,1,20,0
3110,9998,stroll,18,1,HARD,1,36,0
3111,9998,doornbos,7,1,MEDIUM,1,11,0
3112,9998,hamilton,44,1,MEDIUM,1,13,0
3113,9998,sainz,55,1,MEDIUM,1,17,0
3114,9998,tsunoda,22,1,MEDIUM,1,11,0
3115,9998,lawson,30,1,HARD,1,18,0
3116,9998,max_verstappen,1,1,MEDIUM,1,13,0
3117,9998,hadjar,6,1,MEDIUM,1,12,0
3118,9998,russell,63,1,MEDIUM,1,14,0
3119,9998,gasly,10,1,MEDIUM,1,10,0
3120,9998,bortoleto,5,1,MEDIUM,1,1,0
3121,9998,antonelli,12,1,MEDIUM,1,12,0
3122,9998,ocon,31,1,MEDIUM,1,11,0
3123,9998,piastri,81,1,MEDIUM,1,14,0
3124,9998,bearman,87,1,HARD,1,26,0
3125,9998,norris,4,1,MEDIUM,1,15,0
3126,9998,bortoleto,5,2,HARD,2,26,0
3127,9998,gasly,10,2,HARD,11,56,0
3128,9998,tsunoda,22,2,HARD,12,35,0
3129,9998,ocon,31,2,HARD,12,56,0
3130,9998,doornbos,7,2,HARD,12,56,0
3131,9998,hadjar,6,2,HARD,13,33,0
3132,9998,antonelli,12,2,HARD,13,56,0
3133,9998,hamilton,44,2,HARD,14,37,0
3134,9998,max_verstappen,1,2,HARD,14,56,0
3135,9998,piastri,81,2,HARD,15,56,0
3136,9998,russell,63,2,HARD,15,56,0
3137,9998,norris,4,2,HARD,16,56,0
3138,9998,leclerc,16,2,HARD,16,56,0
3139,9998,sainz,55,2,HARD,18,56,0
3140,9998,lawson,30,2,MEDIUM,19,30,0
3141,9998,albon,23,2,HARD,21,56,0
3142,9998,hulkenberg,27,2,HARD,21,55,0
3143,9998,bearman,87,2,MEDIUM,27,56,0
3144,9998,bortoleto,5,3,HARD,27,55,0
3145,9998,lawson,30,3,HARD,31,56,0
3146,9998,hadjar,6,3,HARD,34,56,0
3147,9998,tsunoda,22,3,HARD,36,46,0
3148,9998,stroll,18,2,MEDIUM,37,56,0
3149,9998,hamilton,44,3,HARD,38,56,0
3150,9998,tsunoda,22,4,MEDIUM,47,55,6
3151,10006,antonelli,12,1,MEDIUM,1,31,0
3152,10006,russell,63,1,MEDIUM,1,19,0
3153,10006,doornbos,7,1,SOFT,1,15,0
3154,10006,stroll,18,1,SOFT,1,9,0
3155,10006,alonso,14,1,MEDIUM,1,24,1
3156,10006,albon,23,1,MEDIUM,1,24,0
3157,10006,norris,4,1,MEDIUM,1,21,0
3158,10006,sainz,55,1,MEDIUM,1,33,0
3159,10006,hamilton,44,1,HARD,1,30,0
3160,10006,gasly,10,1,MEDIUM,1,24,0
3161,10006,lawson,30,1,MEDIUM,1,33,0
3162,10006,piastri,81,1,MEDIUM,1,20,0
3163,10006,bortoleto,5,1,HARD,1,31,0
3164,10006,ocon,31,1,HARD,1,32,1
3165,10006,hadjar,6,1,MEDIUM,1,25,0
3166,10006,max_verstappen,1,1,MEDIUM,1,21,0
3167,10006,leclerc,16,1,MEDIUM,1,21,0
3168,10006,bearman,87,1,MEDIUM,1,23,0
3169,10006,hulkenberg,27,1,MEDIUM,1,22,0
3170,10006,tsunoda,22,1,MEDIUM,1,23,0
3171,10006,stroll,18,2,HARD,10,30,1
3172,10006,doornbos,7,2,HARD,16,53,0
3173,10006,russell,63,2,HARD,20,53,0
3174,10006,piastri,81,2,HARD,21,53,0
3175,10006,max_verstappen,1,2,HARD,22,53,0
3176,10006,norris,4,2,HARD,22,53,0
3177,10006,leclerc,16,2,HARD,22,53,0
3178,10006,hulkenberg,27,2,HARD,23,53,0
3179,10006,bearman,87,2,HARD,24,53,1
3180,10006,tsunoda,22,2,HARD,24,53,0
3181,10006,albon,23,2,HARD,25,53,0
3182,10006,alonso,14,2,HARD,25,53,1
3183,10006,gasly,10,2,HARD,25,53,0
3184,10006,hadjar,6,2,HARD,26,53,0
3185,10006,hamilton,44,2,MEDIUM,31,53,0
3186,10006,stroll,18,3,MEDIUM,31,52,0
3187,10006,antonelli,12,2,HARD,32,53,0
3188,10006,bortoleto,5,2,MEDIUM,32,53,0
3189,10006,ocon,31,2,MEDIUM,33,53,0
3190,10006,sainz,55,2,SOFT,34,53,0
3191,10006,lawson,30,2,SOFT,34,53,0
3192,10014,stroll,18,1,SOFT,1,12,0
3193,10014,norris,4,1,SOFT,1,10,3
3194,10014,sainz,55,1,SOFT,1,14,3
3195,10014,hamilton,44,1,MEDIUM,1,17,0
3196,10014,lawson,30,1,MEDIUM,1,14,0
3197,10014,bortoleto,5,1,MEDIUM,1,13,0
3198,10014,alonso,14,1,MEDIUM,1,16,0
3199,10014,gasly,10,1,SOFT,1,10,3
3200,10014,piastri,81,1,SOFT,1,14,3
3201,10014,leclerc,16,1,MEDIUM,1,17,0
3202,10014,tsunoda,22,1,SOFT,1,11,3
3203,10014,bearman,87,1,SOFT,1,14,0
3204,10014,ocon,31,1,SOFT,1,8,0
3205,10014,hadjar,6,1,SOFT,1,6,0
3206,10014,antonelli,12,1,SOFT,1,12,3
3207,10014,russell,63,1,SOFT,1,13,3
3208,10014,doornbos,7,1,SOFT,1,9,0
3209,10014,hulkenberg,27,1,SOFT,1,5,0
3210,10014,albon,23,1,SOFT,1,16,0
3211,10014,max_verstappen,1,1,SOFT,1,10,3
3212,10014,hulkenberg,27,2,MEDIUM,6,27,0
3213,10014,hadjar,6,2,MEDIUM,7,28,0
3214,10014,ocon,31,2,MEDIUM,9,27,0
3215,10014,doornbos,7,2,MEDIUM,10,28,0
3216,10014,norris,4,2,MEDIUM,11,32,0
3217,10014,max_verstappen,1,2,HARD,11,26,0
3218,10014,gasly,10,2,MEDIUM,11,28,0
3219,10014,tsunoda,22,2,MEDIUM,12,32,0
3220,10014,antonelli,12,2,MEDIUM,13,27,0
3221,10014,stroll,18,2,MEDIUM,13,32,0
3222,10014,russell,63,2,MEDIUM,14,32,0
3223,10014,bortoleto,5,2,HARD,14,32,0
3224,10014,piastri,81,2,MEDIUM,15,32,0
3225,10014,sainz,55,2,MEDIUM,15,32,0
3226,10014,bearman,87,2,HARD,15,32,0
3227,10014,lawson,30,2,HARD,15,32,0
3228,10014,albon,23,2,HARD,17,32,0
3229,10014,alonso,14,2,MEDIUM,17,32,0
3230,10014,leclerc,16,2,MEDIUM,18,32,0
3231,10014,hamilton,44,2,MEDIUM,18,32,0
3232,10014,max_verstappen,1,3,MEDIUM,27,57,0
3233,10014,antonelli,12,3,SOFT,28,32,3
3234,10014,ocon,31,3,HARD,28,57,0
3235,10014,hulkenberg,27,3,MEDIUM,28,57,0
3236,10014,gasly,10,3,HARD,29,57,0
3237,10014,doornbos,7,3,HARD,29,57,0
3238,10014,hadjar,6,3,HARD,29,57,0
3239,10014,piastri,81,3,MEDIUM,33,57,0
3240,10014,russell,63,3,SOFT,33,57,3
3241,10014,leclerc,16,3,HARD,33,57,0
3242,10014,norris,4,3,MEDIUM,33,57,0
3243,10014,hamilton,44,3,HARD,33,57,0
3244,10014,sainz,55,3,HARD,33,44,0
3245,10014,tsunoda,22,3,SOFT,33,57,0
3246,10014,bearman,87,3,SOFT,33,57,0
3247,10014,antonelli,12,4,SOFT,33,57,3
3248,10014,albon,23,3,MEDIUM,33,57,0
3249,10014,alonso,14,3,HARD,33,57,0
3250,10014,lawson,30,3,SOFT,33,57,0
3251,10014,stroll,18,3,HARD,33,57,0
3252,10014,bortoleto,5,3,MEDIUM,33,57,0
3253,10014,sainz,55,4,SOFT,45,45,3
3254,10022,gasly,10,1,MEDIUM,,,0
3255,10022,doornbos,7,1,MEDIUM,1,1,0
3256,10022,ocon,31,1,MEDIUM,1,1,0
3257,10022,bortoleto,5,1,MEDIUM,1,1,0
3258,10022,tsunoda,22,1,MEDIUM,1,1,0
3259,10022,bearman,87,1,MEDIUM,1,18,0
3260,10022,piastri,81,1,MEDIUM,1,19,0
3261,10022,antonelli,12,1,MEDIUM,1,19,0
3262,10022,alonso,14,1,MEDIUM,1,19,1
3263,10022,russell,63,1,MEDIUM,1,20,0
3264,10022,lawson,30,1,MEDIUM,1,20,0
3265,10022,max_verstappen,1,1,MEDIUM,1,21,0
3266,10022,sainz,55,1,MEDIUM,1,21,0
3267,10022,albon,23,1,MEDIUM,1,22,0
3268,10022,hamilton,44,1,MEDIUM,1,23,0
3269,10022,leclerc,16,1,MEDIUM,1,29,0
3270,10022,doornbos,7,2,HARD,2,32,0
3271,10022,hulkenberg,27,1,HARD,1,33,0
3272,10022,norris,4,1,HARD,1,34,0
3273,10022,hadjar,6,1,HARD,1,34,0
3274,10022,stroll,18,1,HARD,1,39,1
3275,10022,piastri,81,2,HARD,20,50,0
3276,10022,max_verstappen,1,2,HARD,22,50,0
3277,10022,hulkenberg,27,2,MEDIUM,34,49,0
3278,10022,stroll,18,2,MEDIUM,40,49,1
3279,10022,leclerc,16,2,HARD,30,50,0
3280,10022,norris,4,2,MEDIUM,35,50,0
3281,10022,doornbos,7,3,HARD,33,49,0
3282,10022,bortoleto,5,2,HARD,2,49,0
3283,10022,russell,63,2,HARD,21,50,0
3284,10022,antonelli,12,2,HARD,20,50,0
3285,10022,hamilton,44,2,HARD,24,50,0
3286,10022,sainz,55,2,HARD,22,50,0
3287,10022,albon,23,2,HARD,23,50,0
3288,10022,hadjar,6,2,MEDIUM,35,50,0
3289,10022,lawson,30,2,HARD,21,50,1
3290,10022,alonso,14,2,HARD,20,50,1
3291,10022,bearman,87,2,HARD,19,50,0
3292,10022,ocon,31,2,HARD,2,50,0
3293,10028,hamilton,44,1,INTERMEDIATE,1,1,0
3294,10028,sainz,55,1,INTERMEDIATE,1,1,0
3295,10028,hadjar,6,1,INTERMEDIATE,1,1,0
3296,10028,lawson,30,1,INTERMEDIATE,1,1,0
3297,10028,gasly,10,1,INTERMEDIATE,1,1,0
3298,10028,piastri,81,1,INTERMEDIATE,1,1,0
3299,10028,albon,23,1,INTERMEDIATE,1,1,0
3300,10028,alonso,14,1,INTERMEDIATE,1,1,0
3301,10028,max_verstappen,1,1,INTERMEDIATE,1,1,0
3302,10028,doornbos,7,1,INTERMEDIATE,1,1,0
3303,10028,bortoleto,5,1,INTERMEDIATE,1,1,0
3304,10028,hulkenberg,27,1,INTERMEDIATE,1,1,0
3305,10028,stroll,18,1,INTERMEDIATE,1,1,0
3306,10028,norris,4,1,INTERMEDIATE,1,1,0
3307,10028,antonelli,12,1,INTERMEDIATE,1,1,0
3308,10028,bearman,87,1,INTERMEDIATE,1,1,0
3309,10028,russell,63,1,INTERMEDIATE,1,1,0
3310,10028,ocon,31,1,INTERMEDIATE,1,1,0
3311,10028,tsunoda,22,1,INTERMEDIATE,1,1,0
3312,10028,antonelli,12,2,INTERMEDIATE,2,13,0
3313,10028,piastri,81,2,MEDIUM,2,18,0
3314,10028,norris,4,2,SOFT,2,18,0
3315,10028,max_verstappen,1,2,SOFT,2,18,0
3316,10028,russell,63,2,MEDIUM,2,18,0
3317,10028,hamilton,44,2,SOFT,2,18,0
3318,10028,albon,23,2,MEDIUM,2,18,0
3319,10028,hadjar,6,2,MEDIUM,2,18,0
3320,10028,hulkenberg,27,2,MEDIUM,2,18,0
3321,10028,alonso,14,2,MEDIUM,2,13,0
3322,10028,ocon,31,2,MEDIUM,2,18,0
3323,10028,lawson,30,2,MEDIUM,2,18,0
3324,10028,gasly,10,2,MEDIUM,2,18,0
3325,10028,stroll,18,2,MEDIUM,2,18,0
3326,10028,sainz,55,2,MEDIUM,2,12,0
3327,10028,doornbos,7,2,SOFT,2,18,0
3328,10028,bortoleto,5,2,MEDIUM,2,18,0
3329,10028,bearman,87,2,MEDIUM,2,18,0
3330,10028,tsunoda,22,2,MEDIUM,2,18,0
3331,10028,antonelli,12,3,MEDIUM,14,18,0
3332,10033,max_verstappen,1,1,MEDIUM,1,32,24
3333,10033,antonelli,12,1,MEDIUM,1,32,24
3334,10033,piastri,81,1,MEDIUM,1,32,24
3335,10033,russell,63,1,HARD,1,32,24
3336,10033,albon,23,1,MEDIUM,1,32,24
3337,10033,norris,4,1,MEDIUM,1,32,24
3338,10033,sainz,55,1,MEDIUM,1,32,30
3339,10033,leclerc,16,1,MEDIUM,1,32,24
3340,10033,tsunoda,22,1,MEDIUM,1,32,24
3341,10033,ocon,31,1,MEDIUM,1,23,23
3342,10033,hadjar,6,1,MEDIUM,1,23,22
3343,10033,hamilton,44,1,HARD,1,32,23
3344,10033,bortoleto,5,1,MEDIUM,1,23,19
3345,10033,hulkenberg,27,1,HARD,1,36,23
3346,10033,stroll,18,1,MEDIUM,1,23,21
3347,10033,bearman,87,1,HARD,1,27,23
3348,10033,alonso,14,1,HARD,1,32,24
3349,10033,gasly,10,1,HARD,1,32,23
3350,10033,lawson,30,1,HARD,1,31,23
3351,10033,bortoleto,5,2,HARD,24,30,4
3352,10033,ocon,31,2,HARD,24,57,0
3353,10033,hadjar,6,2,HARD,24,57,1
3354,10033,stroll,18,2,HARD,24,56,4
3355,10033,doornbos,7,1,MEDIUM,1,1,0
3356,10033,russell,63,2,MEDIUM,33,57,3
3357,10033,alonso,14,2,MEDIUM,33,56,5
3358,10033,gasly,10,2,MEDIUM,33,57,0
3359,10033,piastri,81,2,HARD,33,57,3
3360,10033,antonelli,12,2,HARD,33,57,7
3361,10033,albon,23,2,HARD,33,57,6
3362,10033,leclerc,16,2,HARD,33,57,3
3363,10033,tsunoda,22,2,HARD,33,57,5
3364,10033,norris,4,2,HARD,33,57,3
3365,10033,sainz,55,2,HARD,33,57,7
3366,10033,hamilton,44,2,MEDIUM,33,57,4
3367,10033,lawson,30,2,MEDIUM,32,36,3
3368,10033,max_verstappen,1,2,HARD,33,57,6
3369,10033,hulkenberg,27,2,MEDIUM,37,56,0
3370,9987,ocon,31,1,MEDIUM,1,1,0
3371,9987,gasly,10,1,MEDIUM,1,9,0
3372,9987,leclerc,16,1,MEDIUM,1,10,0
3373,9987,lawson,30,1,MEDIUM,1,10,0
3374,9987,russell,63,1,MEDIUM,1,11,3
3375,9987,sainz,55,1,MEDIUM,1,11,0
3376,9987,alonso,14,1,MEDIUM,1,12,3
3377,9987,bortoleto,5,1,MEDIUM,1,12,0
3378,9987,piastri,81,1,MEDIUM,1,13,0
3379,9987,stroll,18,1,MEDIUM,1,14,3
3380,9987,colapinto,43,1,MEDIUM,1,22,0
3381,9987,ocon,31,2,HARD,2,27,0
3382,9987,norris,4,1,MEDIUM,1,28,0
3383,9987,max_verstappen,1,1,MEDIUM,1,29,0
3384,9987,albon,23,1,MEDIUM,1,29,0
3385,9987,hadjar,6,1,MEDIUM,1,29,0
3386,9987,antonelli,12,1,HARD,1,29,0
3387,9987,hamilton,44,1,HARD,1,29,0
3388,9987,leclerc,16,2,HARD,11,29,0
3389,9987,hulkenberg,27,1,HARD,1,29,0
3390,9987,bearman,87,1,HARD,1,29,0
3391,9987,russell,63,2,HARD,12,29,0
3392,9987,tsunoda,22,1,HARD,1,29,0
3393,9987,sainz,55,2,HARD,12,29,0
3394,9987,gasly,10,2,HARD,10,29,0
3395,9987,lawson,30,2,HARD,11,29,0
3396,9987,bortoleto,5,2,HARD,13,29,0
3397,9987,piastri,81,2,HARD,14,30,0
3398,9987,bearman,87,2,MEDIUM,30,31,0
3399,9987,antonelli,12,2,MEDIUM,30,44,0
3400,9987,max_verstappen,1,2,HARD,30,46,0
3401,9987,norris,4,2,HARD,29,46,0
3402,9987,hamilton,44,2,MEDIUM,30,46,0
3403,9987,hadjar,6,2,HARD,30,46,0
3404,9987,alonso,14,2,HARD,13,46,1
3405,9987,stroll,18,2,HARD,15,46,1
3406,9987,colapinto,43,2,HARD,23,46,0
3407,9987,bortoleto,5,3,HARD,30,46,0
3408,9987,albon,23,2,HARD,30,47,0
3409,9987,max_verstappen,1,3,HARD,47,63,0
3410,9987,norris,4,3,HARD,47,63,1
3411,9987,piastri,81,3,HARD,31,63,0
3412,9987,hamilton,44,3,HARD,47,63,0
3413,9987,albon,23,3,HARD,48,63,0
3414,9987,leclerc,16,3,HARD,30,63,0
3415,9987,russell,63,3,HARD,30,63,0
3416,9987,sainz,55,3,HARD,30,63,0
3417,9987,hadjar,6,3,HARD,47,63,0
3418,9987,tsunoda,22,2,MEDIUM,30,63,0
3419,9987,alonso,14,3,MEDIUM,47,63,4
3420,9987,hulkenberg,27,2,MEDIUM,30,63,0
3421,9987,gasly,10,3,HARD,30,63,0
3422,9987,lawson,30,3,HARD,30,63,0
3423,9987,stroll,18,3,MEDIUM,47,63,6
3424,9987,colapinto,43,3,HARD,47,63,0
3425,9987,bearman,87,3,HARD,32,63,0
3426,9987,bortoleto,5,4,MEDIUM,47,63,12
3427,9979,tsunoda,22,1,SOFT,1,0,0
3428,9979,gasly,10,1,MEDIUM,1,0,6
3429,9979,bearman,87,1,MEDIUM,1,0,0
3430,9979,bortoleto,5,1,MEDIUM,1,0,0
3431,9979,gasly,10,2,MEDIUM,1,7,0
3432,9979,hulkenberg,27,1,MEDIUM,1,11,0
3433,9979,colapinto,43,1,HARD,1,12,0
3434,9979,hadjar,6,1,MEDIUM,1,13,0
3435,9979,alonso,14,1,HARD,1,15,1
3436,9979,ocon,31,1,MEDIUM,1,15,0
3437,9979,stroll,18,1,HARD,1,16,1
3438,9979,bearman,87,2,HARD,1,16,0
3439,9979,hamilton,44,1,HARD,1,17,0
3440,9979,norris,4,1,MEDIUM,1,18,0
3441,9979,hadjar,6,2,SOFT,14,18,3
3442,9979,piastri,81,1,MEDIUM,1,19,0
3443,9979,leclerc,16,1,MEDIUM,1,21,0
3444,9979,colapinto,43,2,MEDIUM,13,25,7
3445,9979,bortoleto,5,2,HARD,1,25,0
3446,9979,max_verstappen,1,1,HARD,1,27,0
3447,9979,ocon,31,2,MEDIUM,16,27,4
3448,9979,lawson,30,1,MEDIUM,1,30,6
3449,9979,albon,23,1,MEDIUM,1,31,4
3450,9979,alonso,14,2,HARD,16,36,1
3451,9979,bortoleto,5,3,SOFT,26,34,0
3452,9979,albon,23,2,MEDIUM,32,39,8
3453,9979,lawson,30,2,SOFT,31,39,3
3454,9979,hulkenberg,27,2,HARD,12,43,0
3455,9979,piastri,81,2,HARD,20,47,0
3456,9979,leclerc,16,2,HARD,22,48,0
3457,9979,sainz,55,1,HARD,1,47,0
3458,9979,norris,4,2,HARD,19,49,0
3459,9979,sainz,55,2,MEDIUM,48,52,0
3460,9979,russell,63,1,HARD,1,52,0
3461,9979,hamilton,44,2,HARD,18,55,1
3462,9979,stroll,18,2,HARD,17,63,1
3463,9979,russell,63,2,MEDIUM,53,67,53
3464,9979,antonelli,12,1,HARD,1,68,0
3465,9979,antonelli,12,2,MEDIUM,69,70,0
3466,9979,tsunoda,22,2,HARD,1,72,0
3467,9979,max_verstappen,1,2,MEDIUM,28,76,0
3468,9979,norris,4,3,HARD,50,78,0
3469,9979,leclerc,16,3,MEDIUM,49,78,0
3470,9979,piastri,81,3,HARD,48,78,0
3471,9979,antonelli,12,3,HARD,71,75,0
3472,9979,albon,23,3,HARD,40,76,0
3473,9979,sainz,55,3,MEDIUM,53,76,8
3474,9979,max_verstappen,1,3,SOFT,77,78,3
3475,9979,russell,63,3,HARD,68,76,0
3476,9979,hamilton,44,3,MEDIUM,56,78,0
3477,9979,bearman,87,3,MEDIUM,17,76,0
3478,9979,colapinto,43,3,MEDIUM,26,76,0
3479,9979,hadjar,6,3,HARD,19,77,1
3480,9979,ocon,31,3,HARD,28,77,0
3481,9979,lawson,30,3,HARD,40,77,1
3482,9979,bortoleto,5,4,MEDIUM,35,76,0
3483,9979,stroll,18,3,MEDIUM,64,76,1
3484,9979,hulkenberg,27,3,SOFT,44,76,0
3485,9979,tsunoda,22,3,MEDIUM,73,76,0
3486,9971,albon,23,1,SOFT,1,6,3
3487,9971,bearman,87,1,SOFT,1,8,0
3488,9971,tsunoda,22,1,MEDIUM,1,8,0
3489,9971,hulkenberg,27,1,SOFT,1,9,0
3490,9971,sainz,55,1,SOFT,1,9,0
3491,9971,gasly,10,1,SOFT,1,10,2
3492,9971,max_verstappen,1,1,SOFT,1,13,3
3493,9971,colapinto,43,1,SOFT,1,14,0
3494,9971,alonso,14,1,SOFT,1,15,2
3495,9971,hamilton,44,1,SOFT,1,16,3
3496,9971,leclerc,16,1,SOFT,1,17,1
3497,9971,lawson,30,1,SOFT,1,18,0
3498,9971,hadjar,6,1,SOFT,1,19,3
3499,9971,bortoleto,5,1,SOFT,1,19,3
3500,9971,russell,63,1,SOFT,1,20,3
3501,9971,ocon,31,1,SOFT,1,20,0
3502,9971,norris,4,1,SOFT,1,21,0
3503,9971,antonelli,12,1,SOFT,1,21,3
3504,9971,piastri,81,1,SOFT,1,22,0
3505,9971,tsunoda,22,2,SOFT,9,24,0
3506,9971,albon,23,2,SOFT,7,26,0
3507,9971,albon,23,3,SOFT,27,27,20
3508,9971,max_verstappen,1,2,SOFT,14,29,0
3509,9971,gasly,10,2,SOFT,11,31,3
3510,9971,sainz,55,2,SOFT,10,34,0
3511,9971,bearman,87,2,MEDIUM,9,35,0
3512,9971,leclerc,16,2,MEDIUM,18,40,0
3513,9971,colapinto,43,2,MEDIUM,15,39,0
3514,9971,russell,63,2,MEDIUM,21,41,0
3515,9971,alonso,14,2,MEDIUM,16,42,1
3516,9971,ocon,31,2,MEDIUM,21,43,0
3517,9971,lawson,30,2,MEDIUM,19,44,0
3518,9971,tsunoda,22,3,SOFT,25,44,0
3519,9971,hulkenberg,27,2,MEDIUM,10,45,0
3520,9971,hamilton,44,2,MEDIUM,17,46,0
3521,9971,max_verstappen,1,3,MEDIUM,30,47,0
3522,9971,norris,4,2,MEDIUM,22,48,0
3523,9971,hadjar,6,2,MEDIUM,20,48,0
3524,9971,piastri,81,2,MEDIUM,23,49,0
3525,9971,antonelli,12,2,MEDIUM,22,49,0
3526,9971,bortoleto,5,2,MEDIUM,20,49,0
3527,9971,antonelli,12,3,SOFT,50,53,3
3528,9971,piastri,81,3,SOFT,50,55,3
3529,9971,norris,4,3,SOFT,49,55,3
3530,9971,max_verstappen,1,4,SOFT,48,55,3
3531,9971,alonso,14,3,SOFT,43,54,3
3532,9971,bearman,87,3,MEDIUM,36,54,0
3533,9971,tsunoda,22,4,SOFT,45,54,0
3534,9971,leclerc,16,3,MEDIUM,41,55,0
3535,9971,russell,63,3,SOFT,42,55,0
3536,9971,hamilton,44,3,SOFT,47,55,3
3537,9971,colapinto,43,3,SOFT,40,54,0
3538,9971,hadjar,6,3,SOFT,49,55,0
3539,9971,gasly,10,3,MEDIUM,32,55,0
3540,9971,sainz,55,3,MEDIUM,35,55,0
3541,9971,hulkenberg,27,3,SOFT,46,56,0
3542,9971,piastri,81,4,SOFT,56,66,3
3543,9971,norris,4,4,SOFT,56,66,3
3544,9971,leclerc,16,4,SOFT,56,66,3
3545,9971,russell,63,4,SOFT,56,66,0
3546,9971,max_verstappen,1,5,HARD,56,66,0
3547,9971,hulkenberg,27,4,SOFT,57,66,0
3548,9971,hamilton,44,4,SOFT,56,66,3
3549,9971,hadjar,6,4,SOFT,56,66,3
3550,9971,gasly,10,4,SOFT,56,66,3
3551,9971,alonso,14,4,SOFT,55,66,3
3552,9971,lawson,30,3,SOFT,45,66,0
3553,9971,bortoleto,5,3,SOFT,50,66,0
3554,9971,bearman,87,4,SOFT,55,66,6
3555,9971,tsunoda,22,5,SOFT,55,66,3
3556,9971,sainz,55,4,SOFT,56,66,0
3557,9971,colapinto,43,4,SOFT,55,66,1
3558,9971,ocon,31,3,MEDIUM,44,66,0
3559,9963,max_verstappen,1,1,MEDIUM,1,11,3
3560,9963,russell,63,1,MEDIUM,1,12,3
3561,9963,hadjar,6,1,MEDIUM,1,12,0
3562,9963,antonelli,12,1,MEDIUM,1,13,6
3563,9963,colapinto,43,1,MEDIUM,1,13,5
3564,9963,hamilton,44,1,MEDIUM,1,14,0
3565,9963,alonso,14,1,MEDIUM,1,14,4
3566,9963,piastri,81,1,MEDIUM,1,15,0
3567,9963,bearman,87,1,MEDIUM,1,17,0
3568,9963,hulkenberg,27,1,MEDIUM,1,18,0
3569,9963,albon,23,1,MEDIUM,1,22,4
3570,9963,stroll,18,1,HARD,1,23,1
3571,9963,leclerc,16,1,HARD,1,27,0
3572,9963,norris,4,1,HARD,1,28,0
3573,9963,max_verstappen,1,2,HARD,12,36,0
3574,9963,antonelli,12,2,HARD,14,37,1
3575,9963,lawson,30,1,HARD,1,37,1
3576,9963,russell,63,2,HARD,13,41,1
3577,9963,piastri,81,2,HARD,16,44,0
3578,9963,hamilton,44,2,HARD,15,44,0
3579,9963,albon,23,2,HARD,23,46,0
3580,9963,norris,4,2,MEDIUM,29,46,0
3581,9963,bortoleto,5,1,HARD,1,48,0
3582,9963,alonso,14,2,HARD,15,49,1
3583,9963,stroll,18,2,HARD,24,50,1
3584,9963,leclerc,16,2,HARD,28,52,0
3585,9963,gasly,10,1,HARD,1,52,0
3586,9963,lawson,30,2,MEDIUM,38,53,0
3587,9963,tsunoda,22,1,HARD,1,55,0
3588,9963,ocon,31,1,HARD,1,56,0
3589,9963,sainz,55,1,HARD,1,56,0
3590,9963,norris,4,3,HARD,47,66,0
3591,9963,alonso,14,3,HARD,50,65,1
3592,9963,russell,63,3,HARD,42,66,0
3593,9963,hulkenberg,27,2,HARD,19,65,0
3594,9963,max_verstappen,1,3,HARD,37,66,0
3595,9963,antonelli,12,3,HARD,38,66,0
3596,9963,sainz,55,2,MEDIUM,57,65,0
3597,9963,ocon,31,2,MEDIUM,57,65,0
3598,9963,piastri,81,3,HARD,45,66,0
3599,9963,leclerc,16,3,MEDIUM,53,66,0
3600,9963,bearman,87,2,HARD,18,65,0
3601,9963,tsunoda,22,2,MEDIUM,56,65,0
3602,9963,gasly,10,2,MEDIUM,53,65,0
3603,9963,colapinto,43,2,HARD,14,65,0
3604,9963,bortoleto,5,2,MEDIUM,49,65,0
3605,9963,stroll,18,3,MEDIUM,51,65,0
3606,9963,hadjar,6,2,HARD,13,65,1
3607,9963,hamilton,44,3,HARD,45,66,0
3608,9963,hulkenberg,27,3,HARD,66,66,47
3609,9963,alonso,14,4,HARD,66,66,17
3610,9963,max_verstappen,1,4,HARD,67,67,0
3611,9963,russell,63,4,HARD,67,67,25
3612,9963,antonelli,12,4,HARD,67,67,29
3613,9963,piastri,81,4,SOFT,67,67,0
3614,9963,sainz,55,3,MEDIUM,66,66,9
3615,9963,ocon,31,3,MEDIUM,66,66,9
3616,9963,leclerc,16,4,MEDIUM,67,67,14
3617,9963,tsunoda,22,3,MEDIUM,66,66,10
3618,9963,bearman,87,3,SOFT,66,66,0
3619,9963,bortoleto,5,3,MEDIUM,66,66,0
3620,9963,colapinto,43,3,HARD,66,66,52
3621,9963,gasly,10,3,MEDIUM,66,66,13
3622,9963,hadjar,6,3,SOFT,66,66,3
3623,9963,stroll,18,4,SOFT,66,66,0
3624,9963,hamilton,44,4,HARD,67,67,22
3625,9963,hulkenberg,27,4,HARD,67,67,0
3626,9963,alonso,14,5,HARD,67,67,18
3627,9963,max_verstappen,1,5,HARD,68,68,0
3628,9963,ocon,31,4,MEDIUM,67,67,10
3629,9963,sainz,55,4,MEDIUM,67,67,10
3630,9963,antonelli,12,5,HARD,68,68,30
3631,9963,russell,63,5,HARD,68,68,26
3632,9963,leclerc,16,5,MEDIUM,68,68,15
3633,9963,piastri,81,5,SOFT,68,68,0
3634,9963,bearman,87,4,SOFT,67,67,1
3635,9963,colapinto,43,4,HARD,67,67,53
3636,9963,bortoleto,5,4,MEDIUM,67,67,0
3637,9963,tsunoda,22,4,MEDIUM,67,67,0
3638,9963,hadjar,6,4,SOFT,67,67,0
3639,9963,gasly,10,4,MEDIUM,67,67,14
3640,9963,hamilton,44,5,HARD,68,68,0
3641,9963,stroll,18,5,SOFT,67,67,1
3642,9963,hulkenberg,27,5,HARD,68,68,0
3643,9963,alonso,14,6,HARD,68,68,19
3644,9963,russell,63,6,HARD,69,70,27
3645,9963,max_verstappen,1,6,HARD,69,70,32
3646,9963,antonelli,12,6,HARD,69,70,31
3647,9963,ocon,31,5,MEDIUM,68,69,11
3648,9963,sainz,55,5,MEDIUM,68,69,0
3649,9963,piastri,81,6,SOFT,69,70,5
3650,9963,leclerc,16,6,MEDIUM,69,70,16
3651,9963,bearman,87,5,SOFT,68,69,2
3652,9963,tsunoda,22,5,MEDIUM,68,69,12
3653,9963,colapinto,43,5,HARD,68,69,54
3654,9963,bortoleto,5,5,MEDIUM,68,69,0
3655,9963,gasly,10,5,MEDIUM,68,69,15
3656,9963,hadjar,6,5,SOFT,68,69,0
3657,9963,stroll,18,6,SOFT,68,69,2
3658,9963,hamilton,44,6,HARD,69,70,24
3659,9963,alonso,14,7,HARD,69,70,20
3660,9963,hulkenberg,27,6,HARD,69,70,0
3661,9955,antonelli,12,1,MEDIUM,1,1,0
3662,9955,sainz,55,1,MEDIUM,1,1,0
3663,9955,max_verstappen,1,1,MEDIUM,1,1,0
3664,9955,hadjar,6,1,SOFT,1,2,0
3665,9955,bearman,87,1,SOFT,1,11,0
3666,9955,gasly,10,1,SOFT,1,12,3
3667,9955,hulkenberg,27,1,SOFT,1,12,0
3668,9955,albon,23,1,MEDIUM,1,13,0
3669,9955,colapinto,43,1,SOFT,1,13,0
3670,9955,albon,23,2,MEDIUM,14,15,0
3671,9955,russell,63,1,MEDIUM,1,18,0
3672,9955,tsunoda,22,1,MEDIUM,1,18,0
3673,9955,ocon,31,1,MEDIUM,1,19,0
3674,9955,norris,4,1,MEDIUM,1,20,0
3675,9955,bortoleto,5,1,MEDIUM,1,21,0
3676,9955,piastri,81,1,MEDIUM,1,24,0
3677,9955,leclerc,16,1,MEDIUM,1,25,0
3678,9955,hamilton,44,1,MEDIUM,1,26,0
3679,9955,stroll,18,1,MEDIUM,1,26,1
3680,9955,hadjar,6,2,MEDIUM,3,28,0
3681,9955,tsunoda,22,2,HARD,19,30,0
3682,9955,lawson,30,1,MEDIUM,1,32,0
3683,9955,alonso,14,1,MEDIUM,1,33,1
3684,9955,gasly,10,2,HARD,13,38,0
3685,9955,bearman,87,2,HARD,12,39,0
3686,9955,colapinto,43,2,MEDIUM,14,39,0
3687,9955,hulkenberg,27,2,MEDIUM,13,42,0
3688,9955,russell,63,2,MEDIUM,19,45,0
3689,9955,leclerc,16,2,HARD,26,49,0
3690,9955,bortoleto,5,2,MEDIUM,22,49,0
3691,9955,hamilton,44,2,HARD,27,50,0
3692,9955,ocon,31,2,HARD,20,50,0
3693,9955,norris,4,2,HARD,21,52,0
3694,9955,piastri,81,2,HARD,25,53,0
3695,9955,stroll,18,2,HARD,27,53,1
3696,9955,tsunoda,22,3,MEDIUM,31,60,0
3697,9955,norris,4,3,MEDIUM,53,70,0
3698,9955,alonso,14,2,HARD,34,69,1
3699,9955,bortoleto,5,3,HARD,50,69,0
3700,9955,piastri,81,3,MEDIUM,54,70,0
3701,9955,tsunoda,22,4,SOFT,61,68,0
3702,9955,hulkenberg,27,3,MEDIUM,43,69,0
3703,9955,ocon,31,3,HARD,51,69,0
3704,9955,leclerc,16,3,MEDIUM,50,70,0
3705,9955,bearman,87,3,MEDIUM,40,69,0
3706,9955,hadjar,6,3,HARD,29,69,0
3707,9955,hamilton,44,3,MEDIUM,51,70,0
3708,9955,gasly,10,3,MEDIUM,39,69,0
3709,9955,stroll,18,3,SOFT,54,69,0
3710,9955,colapinto,43,3,HARD,40,69,0
3711,9955,russell,63,3,HARD,46,70,0
3712,9955,lawson,30,2,HARD,33,70,0
3713,9947,lawson,30,1,INTERMEDIATE,1,1,0
3714,9947,colapinto,43,1,HARD,1,1,0
3715,9947,antonelli,12,1,INTERMEDIATE,1,2,0
3716,9947,bortoleto,5,1,MEDIUM,1,3,0
3717,9947,stroll,18,1,INTERMEDIATE,1,6,0
3718,9947,hulkenberg,27,1,INTERMEDIATE,1,9,0
3719,9947,antonelli,12,2,HARD,3,9,0
3720,9947,stroll,18,2,SOFT,7,10,0
3721,9947,russell,63,1,HARD,1,10,0
3722,9947,leclerc,16,1,MEDIUM,1,10,0
3723,9947,hadjar,6,1,MEDIUM,1,10,0
3724,9947,bearman,87,1,HARD,1,10,0
3725,9947,piastri,81,1,INTERMEDIATE,1,11,0
3726,9947,norris,4,1,INTERMEDIATE,1,11,0
3727,9947,max_verstappen,1,1,INTERMEDIATE,1,11,0
3728,9947,hamilton,44,1,INTERMEDIATE,1,11,0
3729,9947,gasly,10,1,INTERMEDIATE,1,11,0
3730,9947,alonso,14,1,INTERMEDIATE,1,11,0
3731,9947,sainz,55,1,INTERMEDIATE,1,11,0
3732,9947,tsunoda,22,1,INTERMEDIATE,1,11,0
3733,9947,albon,23,1,INTERMEDIATE,1,12,0
3734,9947,hadjar,6,2,INTERMEDIATE,11,17,0
3735,9947,ocon,31,1,INTERMEDIATE,1,18,0
3736,9947,antonelli,12,3,INTERMEDIATE,10,20,0
3737,9947,antonelli,12,4,INTERMEDIATE,21,23,0
3738,9947,alonso,14,2,INTERMEDIATE,12,37,0
3739,9947,russell,63,2,INTERMEDIATE,11,38,0
3740,9947,hamilton,44,2,INTERMEDIATE,12,41,0
3741,9947,stroll,18,3,INTERMEDIATE,11,41,0
3742,9947,max_verstappen,1,2,INTERMEDIATE,12,41,0
3743,9947,gasly,10,2,INTERMEDIATE,12,41,0
3744,9947,sainz,55,2,INTERMEDIATE,12,41,0
3745,9947,bearman,87,2,INTERMEDIATE,11,41,0
3746,9947,tsunoda,22,2,INTERMEDIATE,12,41,0
3747,9947,hulkenberg,27,2,INTERMEDIATE,10,42,0
3748,9947,leclerc,16,2,INTERMEDIATE,11,42,0
3749,9947,albon,23,2,INTERMEDIATE,13,42,0
3750,9947,ocon,31,2,INTERMEDIATE,19,42,0
3751,9947,piastri,81,2,INTERMEDIATE,12,43,0
3752,9947,norris,4,2,INTERMEDIATE,12,44,0
3753,9947,norris,4,3,MEDIUM,45,52,0
3754,9947,piastri,81,3,MEDIUM,44,52,0
3755,9947,tsunoda,22,3,MEDIUM,42,51,0
3756,9947,hulkenberg,27,3,MEDIUM,43,52,0
3757,9947,hamilton,44,3,SOFT,42,52,3
3758,9947,max_verstappen,1,3,MEDIUM,42,52,0
3759,9947,gasly,10,3,MEDIUM,42,52,0
3760,9947,stroll,18,4,SOFT,42,52,0
3761,9947,albon,23,3,MEDIUM,43,52,0
3762,9947,alonso,14,3,MEDIUM,38,52,1
3763,9947,russell,63,3,HARD,39,52,0
3764,9947,bearman,87,3,MEDIUM,42,52,0
3765,9947,sainz,55,3,MEDIUM,42,52,0
3766,9947,ocon,31,3,MEDIUM,43,52,0
3767,9947,leclerc,16,3,SOFT,43,52,3
3768,9934,gasly,10,1,MEDIUM,1,1,0
3769,9934,gasly,10,2,MEDIUM,2,12,6
3770,9934,max_verstappen,1,1,MEDIUM,1,15,3
3771,9934,piastri,81,1,MEDIUM,1,15,0
3772,9934,norris,4,1,MEDIUM,1,15,0
3773,9934,leclerc,16,1,MEDIUM,1,15,3
3774,9934,ocon,31,1,MEDIUM,1,15,3
3775,9934,sainz,55,1,MEDIUM,1,15,0
3776,9934,bearman,87,1,MEDIUM,1,15,3
3777,9934,hadjar,6,1,MEDIUM,1,15,0
3778,9934,bortoleto,5,1,MEDIUM,1,15,0
3779,9934,lawson,30,1,MEDIUM,1,15,3
3780,9934,tsunoda,22,1,MEDIUM,1,15,5
3781,9934,russell,63,1,MEDIUM,1,15,3
3782,9934,stroll,18,1,MEDIUM,1,15,3
3783,9934,alonso,14,1,MEDIUM,1,15,3
3784,9934,hamilton,44,1,MEDIUM,1,15,0
3785,9934,albon,23,1,MEDIUM,1,15,0
3786,9934,antonelli,12,1,MEDIUM,1,15,3
3787,9934,hulkenberg,27,1,MEDIUM,1,15,0
3788,9934,colapinto,43,1,SOFT,1,15,0
3789,9939,hamilton,44,1,INTERMEDIATE,1,1,0
3790,9939,alonso,14,1,INTERMEDIATE,1,1,0
3791,9939,norris,4,1,INTERMEDIATE,1,1,0
3792,9939,sainz,55,1,INTERMEDIATE,1,1,0
3793,9939,lawson,30,1,INTERMEDIATE,1,1,0
3794,9939,gasly,10,1,INTERMEDIATE,1,1,0
3795,9939,piastri,81,1,INTERMEDIATE,1,1,0
3796,9939,bortoleto,5,1,INTERMEDIATE,1,1,0
3797,9939,ocon,31,1,INTERMEDIATE,1,1,0
3798,9939,hadjar,6,1,INTERMEDIATE,1,1,0
3799,9939,max_verstappen,1,1,INTERMEDIATE,1,1,0
3800,9939,hulkenberg,27,1,INTERMEDIATE,1,1,0
3801,9939,leclerc,16,1,INTERMEDIATE,1,1,0
3802,9939,tsunoda,22,1,INTERMEDIATE,1,1,0
3803,9939,albon,23,1,INTERMEDIATE,1,1,0
3804,9939,russell,63,1,INTERMEDIATE,1,1,0
3805,9939,antonelli,12,1,INTERMEDIATE,1,1,0
3806,9939,stroll,18,1,INTERMEDIATE,1,1,0
3807,9939,colapinto,43,1,INTERMEDIATE,1,1,0
3808,9939,bearman,87,1,INTERMEDIATE,1,1,0
3809,9939,max_verstappen,1,2,MEDIUM,2,12,0
3810,9939,bearman,87,2,MEDIUM,2,12,0
3811,9939,norris,4,2,HARD,2,13,0
3812,9939,bortoleto,5,2,MEDIUM,2,12,0
3813,9939,hadjar,6,2,MEDIUM,2,13,0
3814,9939,gasly,10,2,MEDIUM,2,11,0
3815,9939,antonelli,12,2,MEDIUM,2,12,0
3816,9939,alonso,14,2,MEDIUM,2,11,0
3817,9939,stroll,18,2,MEDIUM,2,12,0
3818,9939,tsunoda,22,2,MEDIUM,2,13,0
3819,9939,albon,23,2,MEDIUM,2,12,0
3820,9939,hulkenberg,27,2,MEDIUM,2,11,0
3821,9939,lawson,30,2,MEDIUM,2,12,0
3822,9939,ocon,31,2,MEDIUM,2,13,0
3823,9939,colapinto,43,2,MEDIUM,2,12,0
3824,9939,sainz,55,2,MEDIUM,2,12,0
3825,9939,russell,63,2,MEDIUM,2,12,0
3826,9939,piastri,81,2,MEDIUM,2,12,0
3827,9939,leclerc,16,2,MEDIUM,2,12,0
3828,9939,hamilton,44,2,MEDIUM,2,11,0
3829,9939,piastri,81,3,MEDIUM,13,44,0
3830,9939,norris,4,3,HARD,14,44,0
3831,9939,hadjar,6,3,HARD,14,43,3
3832,9939,leclerc,16,3,MEDIUM,13,44,0
3833,9939,max_verstappen,1,3,MEDIUM,13,44,0
3834,9939,russell,63,3,MEDIUM,13,44,0
3835,9939,albon,23,3,MEDIUM,13,44,0
3836,9939,hamilton,44,3,MEDIUM,12,44,0
3837,9939,lawson,30,3,MEDIUM,13,44,0
3838,9939,bortoleto,5,3,MEDIUM,13,44,0
3839,9939,gasly,10,3,MEDIUM,12,44,0
3840,9939,bearman,87,3,MEDIUM,13,44,0
3841,9939,hulkenberg,27,3,MEDIUM,12,44,0
3842,9939,tsunoda,22,3,MEDIUM,14,44,0
3843,9939,stroll,18,3,MEDIUM,13,44,0
3844,9939,ocon,31,3,MEDIUM,14,44,7
3845,9939,antonelli,12,3,MEDIUM,13,44,0
3846,9939,alonso,14,3,MEDIUM,12,44,0
3847,9939,sainz,55,3,HARD,13,44,0
3848,9939,colapinto,43,3,MEDIUM,13,44,0
3849,9928,hulkenberg,27,1,SOFT,1,5,0
3850,9928,colapinto,43,1,MEDIUM,1,13,0
3851,9928,ocon,31,1,MEDIUM,1,14,0
3852,9928,albon,23,1,SOFT,1,14,0
3853,9928,sainz,55,1,SOFT,1,15,0
3854,9928,max_verstappen,1,1,MEDIUM,1,17,0
3855,9928,piastri,81,1,MEDIUM,1,18,0
3856,9928,leclerc,16,1,MEDIUM,1,19,0
3857,9928,russell,63,1,MEDIUM,1,19,0
3858,9928,tsunoda,22,1,MEDIUM,1,20,0
3859,9928,antonelli,12,1,MEDIUM,1,21,0
3860,9928,bearman,87,1,MEDIUM,1,30,0
3861,9928,norris,4,1,MEDIUM,1,31,0
3862,9928,gasly,10,1,HARD,1,32,0
3863,9928,hadjar,6,1,MEDIUM,1,33,0
3864,9928,colapinto,43,2,HARD,14,35,0
3865,9928,stroll,18,1,MEDIUM,1,36,1
3866,9928,tsunoda,22,2,SOFT,21,37,0
3867,9928,albon,23,2,MEDIUM,15,38,0
3868,9928,alonso,14,1,MEDIUM,1,39,1
3869,9928,leclerc,16,2,HARD,20,40,0
3870,9928,bortoleto,5,1,MEDIUM,1,40,0
3871,9928,lawson,30,1,MEDIUM,1,40,0
3872,9928,hulkenberg,27,2,MEDIUM,6,41,0
3873,9928,hamilton,44,1,HARD,1,42,0
3874,9928,russell,63,2,HARD,20,43,0
3875,9928,piastri,81,2,HARD,19,45,1
3876,9928,max_verstappen,1,2,HARD,18,48,0
3877,9928,bearman,87,2,HARD,31,48,0
3878,9928,sainz,55,2,HARD,16,51,0
3879,9928,norris,4,2,HARD,32,70,0
3880,9928,piastri,81,3,HARD,46,70,0
3881,9928,antonelli,12,2,HARD,22,69,0
3882,9928,hadjar,6,2,HARD,34,69,0
3883,9928,hamilton,44,2,MEDIUM,43,69,0
3884,9928,russell,63,3,HARD,44,70,0
3885,9928,hulkenberg,27,3,MEDIUM,42,69,0
3886,9928,sainz,55,3,MEDIUM,52,69,0
3887,9928,leclerc,16,3,HARD,41,70,0
3888,9928,albon,23,3,HARD,39,69,0
3889,9928,ocon,31,2,HARD,15,69,0
3890,9928,gasly,10,2,MEDIUM,33,69,0
3891,9928,tsunoda,22,3,HARD,38,69,0
3892,9928,colapinto,43,3,HARD,36,69,0
3893,9928,alonso,14,2,HARD,40,70,1
3894,9928,bortoleto,5,2,HARD,41,70,0
3895,9928,stroll,18,2,HARD,37,70,1
3896,9928,lawson,30,2,HARD,41,70,0
3897,9928,max_verstappen,1,3,HARD,49,70,0
3898,9920,colapinto,43,1,SOFT,1,19,0
3899,9920,alonso,14,1,MEDIUM,1,18,0
3900,9920,hulkenberg,27,1,SOFT,1,19,0
3901,9920,stroll,18,1,MEDIUM,1,8,0
3902,9920,bortoleto,5,1,MEDIUM,1,22,0
3903,9920,lawson,30,1,MEDIUM,1,23,0
3904,9920,sainz,55,1,MEDIUM,1,23,0
3905,9920,hadjar,6,1,MEDIUM,1,23,0
3906,9920,antonelli,12,1,MEDIUM,1,23,0
3907,9920,albon,23,1,MEDIUM,1,23,0
3908,9920,russell,63,1,MEDIUM,1,23,0
3909,9920,gasly,10,1,MEDIUM,1,23,0
3910,9920,piastri,81,1,MEDIUM,1,23,0
3911,9920,bearman,87,1,HARD,1,53,0
3912,9920,norris,4,1,MEDIUM,1,23,0
3913,9920,ocon,31,1,HARD,1,52,0
3914,9920,hamilton,44,1,MEDIUM,1,22,0
3915,9920,leclerc,16,1,MEDIUM,1,22,0
3916,9920,max_verstappen,1,1,SOFT,1,23,0
3917,9920,tsunoda,22,1,SOFT,1,19,0
3918,9920,stroll,18,2,HARD,9,52,0
3919,9920,alonso,14,2,HARD,19,40,0
3920,9920,colapinto,43,2,HARD,20,53,0
3921,9920,tsunoda,22,2,HARD,20,53,0
3922,9920,hulkenberg,27,2,HARD,20,53,0
3923,9920,leclerc,16,2,HARD,23,52,1
3924,9920,bortoleto,5,2,HARD,23,60,0
3925,9920,piastri,81,2,HARD,24,53,0
3926,9920,norris,4,2,HARD,24,53,0
3927,9920,hadjar,6,2,HARD,24,53,0
3928,9920,max_verstappen,1,2,MEDIUM,24,53,0
3929,9920,russell,63,2,HARD,24,53,0
3930,9920,lawson,30,2,HARD,24,27,0
3931,9920,sainz,55,2,HARD,24,27,0
3932,9920,antonelli,12,2,HARD,24,51,0
3933,9920,albon,23,2,HARD,24,53,0
3934,9920,gasly,10,2,HARD,24,72,0
3935,9920,lawson,30,3,SOFT,28,52,3
3936,9920,sainz,55,3,SOFT,28,51,3
3937,9920,alonso,14,3,HARD,41,72,0
3938,9920,antonelli,12,3,SOFT,52,53,0
3939,9920,leclerc,16,3,SOFT,53,53,3
3940,9920,stroll,18,3,HARD,53,72,0
3941,9920,sainz,55,4,SOFT,52,65,3
3942,9920,ocon,31,2,MEDIUM,53,72,0
3943,9920,piastri,81,3,HARD,54,72,0
3944,9920,norris,4,3,HARD,54,64,1
3945,9920,max_verstappen,1,3,SOFT,54,72,0
3946,9920,hadjar,6,3,SOFT,54,72,2
3947,9920,albon,23,3,SOFT,54,72,0
3948,9920,russell,63,3,SOFT,54,72,3
3949,9920,lawson,30,4,SOFT,53,72,3
3950,9920,antonelli,12,4,SOFT,54,72,0
3951,9920,tsunoda,22,3,SOFT,54,72,3
3952,9920,bearman,87,2,MEDIUM,54,72,0
3953,9920,colapinto,43,3,MEDIUM,54,65,0
3954,9920,hulkenberg,27,3,MEDIUM,54,72,0
3955,9920,bortoleto,5,3,SOFT,61,72,0
3956,9920,colapinto,43,4,SOFT,66,72,0
3957,9920,sainz,55,5,SOFT,66,72,3
3958,9912,hulkenberg,27,1,MEDIUM,1,1,0
3959,9912,lawson,30,1,SOFT,1,9,0
3960,9912,bearman,87,1,MEDIUM,1,18,0
3961,9912,tsunoda,22,1,MEDIUM,1,19,0
3962,9912,bortoleto,5,1,MEDIUM,1,20,0
3963,9912,alonso,14,1,MEDIUM,1,20,1
3964,9912,alonso,14,2,HARD,21,24,1
3965,9912,russell,63,1,MEDIUM,1,27,0
3966,9912,antonelli,12,1,MEDIUM,1,28,0
3967,9912,sainz,55,1,MEDIUM,1,30,0
3968,9912,hadjar,6,1,HARD,1,32,1
3969,9912,leclerc,16,1,MEDIUM,1,33,0
3970,9912,colapinto,43,1,MEDIUM,1,33,0
3971,9912,max_verstappen,1,1,MEDIUM,1,37,0
3972,9912,hamilton,44,1,MEDIUM,1,38,0
3973,9912,albon,23,1,HARD,1,41,0
3974,9912,piastri,81,1,MEDIUM,1,45,0
3975,9912,norris,4,1,MEDIUM,1,46,0
3976,9912,stroll,18,1,HARD,1,49,1
3977,9912,gasly,10,1,HARD,1,49,0
3978,9912,ocon,31,1,HARD,1,51,0
3979,9912,max_verstappen,1,2,HARD,38,53,0
3980,9912,ocon,31,2,SOFT,52,52,0
3981,9912,gasly,10,2,SOFT,50,52,0
3982,9912,colapinto,43,2,HARD,34,52,0
3983,9912,stroll,18,2,SOFT,50,52,0
3984,9912,norris,4,2,SOFT,47,53,2
3985,9912,piastri,81,2,SOFT,46,53,3
3986,9912,leclerc,16,2,HARD,34,53,0
3987,9912,russell,63,2,HARD,28,53,0
3988,9912,hamilton,44,2,HARD,39,53,0
3989,9912,albon,23,2,MEDIUM,42,53,0
3990,9912,antonelli,12,2,HARD,29,53,0
3991,9912,bortoleto,5,2,HARD,21,53,0
3992,9912,hadjar,6,2,MEDIUM,33,53,0
3993,9912,sainz,55,2,HARD,31,53,0
3994,9912,bearman,87,2,HARD,19,53,0
3995,9912,tsunoda,22,2,HARD,20,53,0
3996,9912,lawson,30,2,HARD,10,53,0
3997,9904,ocon,31,1,HARD,1,1,0
3998,9904,albon,23,1,MEDIUM,1,1,0
3999,9904,ocon,31,2,MEDIUM,2,2,0
4000,9904,albon,23,2,MEDIUM,2,15,0
4001,9904,colapinto,43,1,MEDIUM,1,16,0
4002,9904,antonelli,12,1,MEDIUM,1,18,5
4003,9904,leclerc,16,1,MEDIUM,1,19,3
4004,9904,lawson,30,1,MEDIUM,1,20,6
4005,9904,alonso,14,1,MEDIUM,1,21,3
4006,9904,piastri,81,1,MEDIUM,1,1,0
4007,9904,bortoleto,5,1,HARD,1,26,0
4008,9904,sainz,55,1,MEDIUM,1,27,5
4009,9904,bearman,87,1,HARD,1,28,0
4010,9904,hadjar,6,1,MEDIUM,1,29,4
4011,9904,gasly,10,1,HARD,1,35,0
4012,9904,hamilton,44,1,HARD,1,36,0
4013,9904,hulkenberg,27,1,HARD,1,36,0
4014,9904,norris,4,1,MEDIUM,1,37,0
4015,9904,stroll,18,1,MEDIUM,1,37,3
4016,9904,tsunoda,22,1,HARD,1,38,0
4017,9904,russell,63,1,HARD,1,39,0
4018,9904,max_verstappen,1,1,HARD,1,40,0
4019,9904,max_verstappen,1,2,MEDIUM,41,51,4
4020,9904,gasly,10,2,MEDIUM,36,50,0
4021,9904,colapinto,43,2,HARD,17,50,0
4022,9904,russell,63,2,MEDIUM,40,51,6
4023,9904,sainz,55,2,HARD,28,51,0
4024,9904,antonelli,12,2,HARD,19,51,0
4025,9904,lawson,30,2,HARD,21,51,1
4026,9904,tsunoda,22,2,MEDIUM,39,51,6
4027,9904,norris,4,2,HARD,38,51,0
4028,9904,hamilton,44,2,MEDIUM,37,51,0
4029,9904,leclerc,16,2,HARD,20,51,0
4030,9904,hadjar,6,2,HARD,30,51,1
4031,9904,albon,23,3,HARD,16,51,0
4032,9904,bortoleto,5,2,MEDIUM,27,51,0
4033,9904,bearman,87,2,MEDIUM,29,51,0
4034,9904,ocon,31,3,HARD,3,51,1
4035,9904,alonso,14,2,HARD,22,51,0
4036,9904,hulkenberg,27,2,MEDIUM,37,51,0
4037,9904,stroll,18,2,HARD,38,51,0
4038,9896,bortoleto,5,1,MEDIUM,1,13,0
4039,9896,tsunoda,22,1,SOFT,1,13,0
4040,9896,colapinto,43,1,SOFT,1,14,0
4041,9896,max_verstappen,1,1,SOFT,1,19,3
4042,9896,hadjar,6,1,SOFT,1,20,2
4043,9896,leclerc,16,1,MEDIUM,1,21,0
4044,9896,bearman,87,1,MEDIUM,1,23,0
4045,9896,hamilton,44,1,MEDIUM,1,24,0
4046,9896,gasly,10,1,MEDIUM,1,24,0
4047,9896,russell,63,1,MEDIUM,1,25,0
4048,9896,antonelli,12,1,MEDIUM,1,25,0
4049,9896,hulkenberg,27,1,MEDIUM,1,25,0
4050,9896,norris,4,1,MEDIUM,1,26,0
4051,9896,piastri,81,1,MEDIUM,1,27,0
4052,9896,alonso,14,1,SOFT,1,27,3
4053,9896,ocon,31,1,MEDIUM,1,30,0
4054,9896,stroll,18,1,SOFT,1,38,0
4055,9896,albon,23,1,MEDIUM,1,42,0
4056,9896,hulkenberg,27,2,HARD,26,44,0
4057,9896,hamilton,44,2,HARD,25,46,0
4058,9896,lawson,30,1,MEDIUM,1,48,0
4059,9896,sainz,55,1,MEDIUM,1,50,0
4060,9896,gasly,10,2,HARD,25,51,0
4061,9896,russell,63,2,HARD,26,62,0
4062,9896,max_verstappen,1,2,HARD,20,62,0
4063,9896,norris,4,2,HARD,27,62,0
4064,9896,piastri,81,2,HARD,28,62,0
4065,9896,sainz,55,2,SOFT,51,61,0
4066,9896,hadjar,6,2,HARD,21,61,0
4067,9896,tsunoda,22,2,HARD,14,61,0
4068,9896,stroll,18,2,MEDIUM,39,61,1
4069,9896,albon,23,2,SOFT,43,61,0
4070,9896,lawson,30,2,SOFT,49,61,0
4071,9896,antonelli,12,2,HARD,26,62,0
4072,9896,colapinto,43,2,MEDIUM,15,61,0
4073,9896,leclerc,16,2,HARD,22,62,0
4074,9896,bortoleto,5,2,HARD,14,61,0
4075,9896,ocon,31,2,HARD,31,61,0
4076,9896,gasly,10,3,SOFT,52,61,0
4077,9896,hulkenberg,27,3,SOFT,45,61,0
4078,9896,hamilton,44,3,SOFT,47,62,3
4079,9896,alonso,14,2,MEDIUM,28,62,1
4080,9896,bearman,87,2,HARD,24,62,0
4081,9883,alonso,14,1,MEDIUM,1,1,0
4082,9883,piastri,81,1,MEDIUM,1,1,0
4083,9883,norris,4,1,MEDIUM,1,1,0
4084,9883,stroll,18,1,MEDIUM,1,1,5
4085,9883,hulkenberg,27,1,MEDIUM,1,1,0
4086,9883,colapinto,43,1,MEDIUM,1,1,0
4087,9883,colapinto,43,2,,2,2,6
4088,9883,ocon,31,1,MEDIUM,1,15,0
4089,9883,stroll,18,2,MEDIUM,2,15,5
4090,9883,max_verstappen,1,1,MEDIUM,1,19,0
4091,9883,russell,63,1,MEDIUM,1,19,5
4092,9883,sainz,55,1,MEDIUM,1,19,0
4093,9883,hamilton,44,1,MEDIUM,1,19,5
4094,9883,leclerc,16,1,MEDIUM,1,19,1
4095,9883,albon,23,1,MEDIUM,1,19,0
4096,9883,tsunoda,22,1,MEDIUM,1,19,0
4097,9883,bearman,87,1,MEDIUM,1,19,0
4098,9883,antonelli,12,1,MEDIUM,1,19,5
4099,9883,lawson,30,1,MEDIUM,1,19,5
4100,9883,gasly,10,1,MEDIUM,1,19,0
4101,9883,bortoleto,5,1,MEDIUM,1,19,0
4102,9883,hadjar,6,1,MEDIUM,1,19,6
4103,9883,hulkenberg,27,2,MEDIUM,2,19,0
4104,9883,colapinto,43,3,MEDIUM,3,19,0
4105,9888,sainz,55,1,MEDIUM,1,5,0
4106,9888,albon,23,1,HARD,1,7,0
4107,9888,bortoleto,5,1,SOFT,1,14,0
4108,9888,leclerc,16,1,SOFT,1,22,3
4109,9888,ocon,31,1,HARD,1,24,0
4110,9888,gasly,10,1,MEDIUM,1,27,0
4111,9888,stroll,18,1,SOFT,1,28,0
4112,9888,hadjar,6,1,HARD,1,28,0
4113,9888,tsunoda,22,1,MEDIUM,1,29,0
4114,9888,piastri,81,1,MEDIUM,1,30,0
4115,9888,bearman,87,1,MEDIUM,1,30,0
4116,9888,alonso,14,1,MEDIUM,1,30,1
4117,9888,lawson,30,1,MEDIUM,1,30,0
4118,9888,hamilton,44,1,MEDIUM,1,31,0
4119,9888,antonelli,12,1,MEDIUM,1,31,0
4120,9888,norris,4,1,MEDIUM,1,32,0
4121,9888,colapinto,43,1,MEDIUM,1,32,0
4122,9888,max_verstappen,1,1,MEDIUM,1,33,0
4123,9888,russell,63,1,MEDIUM,1,33,0
4124,9888,hulkenberg,27,1,MEDIUM,1,33,0
4125,9888,albon,23,2,MEDIUM,8,36,0
4126,9888,bortoleto,5,2,MEDIUM,15,36,0
4127,9888,max_verstappen,1,2,SOFT,34,56,2
4128,9888,colapinto,43,2,SOFT,33,55,2
4129,9888,bortoleto,5,3,SOFT,37,55,0
4130,9888,gasly,10,2,SOFT,28,55,2
4131,9888,norris,4,2,SOFT,33,56,6
4132,9888,leclerc,16,2,MEDIUM,23,56,0
4133,9888,hamilton,44,2,SOFT,32,56,2
4134,9888,piastri,81,2,SOFT,31,56,3
4135,9888,russell,63,2,SOFT,34,56,3
4136,9888,tsunoda,22,2,SOFT,30,56,0
4137,9888,hulkenberg,27,2,SOFT,34,56,0
4138,9888,bearman,87,2,SOFT,31,56,3
4139,9888,alonso,14,2,SOFT,31,56,3
4140,9888,lawson,30,2,SOFT,31,56,0
4141,9888,stroll,18,2,MEDIUM,29,56,1
4142,9888,antonelli,12,2,SOFT,32,56,3
4143,9888,albon,23,3,SOFT,37,56,0
4144,9888,ocon,31,2,MEDIUM,25,56,0
4145,9888,hadjar,6,2,SOFT,29,56,0
4146,9877,lawson,30,1,SOFT,1,2,0
4147,9877,lawson,30,2,HARD,3,5,0
4148,9877,sainz,55,1,MEDIUM,1,17,0
4149,9877,alonso,14,1,SOFT,1,20,0
4150,9877,antonelli,12,1,SOFT,1,22,3
4151,9877,hamilton,44,1,SOFT,1,23,3
4152,9877,bearman,87,1,SOFT,1,24,3
4153,9877,piastri,81,1,SOFT,1,24,3
4154,9877,russell,63,1,SOFT,1,25,3
4155,9877,hulkenberg,27,1,SOFT,1,25,0
4156,9877,stroll,18,1,SOFT,1,26,0
4157,9877,ocon,31,1,SOFT,1,27,0
4158,9877,leclerc,16,1,SOFT,1,31,0
4159,9877,gasly,10,1,MEDIUM,1,33,0
4160,9877,norris,4,1,SOFT,1,34,0
4161,9877,hadjar,6,1,MEDIUM,1,34,0
4162,9877,alonso,14,2,MEDIUM,21,34,1
4163,9877,tsunoda,22,1,MEDIUM,1,36,0
4164,9877,max_verstappen,1,1,MEDIUM,1,37,0
4165,9877,bortoleto,5,1,MEDIUM,1,37,0
4166,9877,albon,23,1,HARD,1,41,0
4167,9877,stroll,18,2,MEDIUM,27,43,1
4168,9877,sainz,55,2,SOFT,18,46,0
4169,9877,antonelli,12,2,MEDIUM,23,47,0
4170,9877,piastri,81,2,MEDIUM,25,47,0
4171,9877,hamilton,44,2,MEDIUM,24,47,0
4172,9877,bearman,87,2,MEDIUM,25,48,0
4173,9877,russell,63,2,MEDIUM,26,48,0
4174,9877,colapinto,43,1,HARD,1,48,0
4175,9877,sainz,55,3,SOFT,47,56,3
4176,9877,sainz,55,4,SOFT,57,67,13
4177,9877,norris,4,2,MEDIUM,35,71,0
4178,9877,albon,23,2,SOFT,42,70,0
4179,9877,hadjar,6,2,SOFT,35,70,3
4180,9877,stroll,18,3,SOFT,44,70,1
4181,9877,leclerc,16,2,MEDIUM,32,71,0
4182,9877,max_verstappen,1,2,SOFT,38,71,3
4183,9877,bearman,87,3,SOFT,49,71,3
4184,9877,piastri,81,3,SOFT,48,71,3
4185,9877,gasly,10,2,SOFT,34,70,0
4186,9877,colapinto,43,2,SOFT,49,70,0
4187,9877,antonelli,12,3,SOFT,48,71,3
4188,9877,russell,63,3,SOFT,49,71,3
4189,9877,hamilton,44,3,SOFT,48,71,3
4190,9877,ocon,31,2,MEDIUM,28,71,0
4191,9877,bortoleto,5,2,SOFT,38,71,0
4192,9877,tsunoda,22,2,SOFT,37,71,0
4193,9864,piastri,81,1,MEDIUM,1,5,4
4194,9864,colapinto,43,1,MEDIUM,1,5,6
4195,9864,hulkenberg,27,1,MEDIUM,1,6,6
4196,9864,norris,4,1,MEDIUM,1,7,5
4197,9864,antonelli,12,1,SOFT,1,7,6
4198,9864,russell,63,1,SOFT,1,7,6
4199,9864,max_verstappen,1,1,SOFT,1,7,3
4200,9864,alonso,14,1,MEDIUM,1,7,3
4201,9864,leclerc,16,1,SOFT,1,7,6
4202,9864,hamilton,44,1,MEDIUM,1,7,6
4203,9864,stroll,18,1,MEDIUM,1,7,0
4204,9864,gasly,10,1,MEDIUM,1,7,6
4205,9864,albon,23,1,SOFT,1,7,0
4206,9864,hadjar,6,1,SOFT,1,7,3
4207,9864,bortoleto,5,1,MEDIUM,1,7,6
4208,9864,lawson,30,1,MEDIUM,1,7,5
4209,9864,ocon,31,1,MEDIUM,1,7,6
4210,9864,bearman,87,1,MEDIUM,1,7,6
4211,9864,tsunoda,22,1,MEDIUM,1,7,6
4212,9864,sainz,55,1,MEDIUM,1,7,6
4213,9864,hulkenberg,27,2,MEDIUM,7,7,0
4214,9864,bortoleto,5,2,MEDIUM,8,23,10
4215,9864,norris,4,2,SOFT,8,24,6
4216,9864,antonelli,12,2,MEDIUM,8,24,5
4217,9864,russell,63,2,MEDIUM,8,24,6
4218,9864,max_verstappen,1,2,MEDIUM,8,24,0
4219,9864,leclerc,16,2,MEDIUM,8,24,8
4220,9864,alonso,14,2,SOFT,8,24,3
4221,9864,hamilton,44,2,MEDIUM,8,24,8
4222,9864,gasly,10,2,SOFT,8,24,0
4223,9864,stroll,18,2,SOFT,8,24,3
4224,9864,hadjar,6,2,MEDIUM,8,24,6
4225,9864,ocon,31,2,MEDIUM,8,24,10
4226,9864,bearman,87,2,MEDIUM,8,24,10
4227,9864,lawson,30,2,MEDIUM,8,24,12
4228,9864,tsunoda,22,2,MEDIUM,8,24,13
4229,9864,sainz,55,2,MEDIUM,8,24,12
4230,9864,hulkenberg,27,3,MEDIUM,8,24,11
4231,9864,albon,23,2,SOFT,8,24,7
4232,9869,russell,63,1,MEDIUM,1,34,4
4233,9869,tsunoda,22,1,HARD,1,2,0
4234,9869,sainz,55,1,SOFT,1,17,0
4235,9869,gasly,10,1,SOFT,1,18,3
4236,9869,max_verstappen,1,1,HARD,1,7,0
4237,9869,colapinto,43,1,MEDIUM,1,29,0
4238,9869,antonelli,12,1,SOFT,1,21,3
4239,9869,hulkenberg,27,1,MEDIUM,1,36,0
4240,9869,ocon,31,1,HARD,1,8,0
4241,9869,leclerc,16,1,MEDIUM,1,5,0
4242,9869,bearman,87,1,SOFT,1,17,2
4243,9869,stroll,18,1,HARD,1,29,0
4244,9869,norris,4,1,MEDIUM,1,30,0
4245,9869,hamilton,44,1,SOFT,1,2,0
4246,9869,hadjar,6,1,SOFT,1,18,3
4247,9869,lawson,30,1,SOFT,1,19,3
4248,9869,piastri,81,1,MEDIUM,1,38,0
4249,9869,albon,23,1,MEDIUM,1,35,6
4250,9869,alonso,14,1,HARD,1,28,0
4251,9869,bortoleto,5,1,SOFT,1,1,0
4252,9869,tsunoda,22,2,MEDIUM,3,24,0
4253,9869,hamilton,44,2,HARD,3,14,0
4254,9869,max_verstappen,1,2,MEDIUM,8,34,0
4255,9869,ocon,31,2,MEDIUM,9,47,0
4256,9869,hamilton,44,3,MEDIUM,15,32,0
4257,9869,bearman,87,2,MEDIUM,18,42,0
4258,9869,sainz,55,2,MEDIUM,18,38,0
4259,9869,hadjar,6,2,MEDIUM,19,37,6
4260,9869,gasly,10,2,MEDIUM,19,39,0
4261,9869,lawson,30,2,MEDIUM,20,71,0
4262,9869,antonelli,12,2,MEDIUM,22,47,0
4263,9869,tsunoda,22,3,MEDIUM,25,47,0
4264,9869,alonso,14,2,MEDIUM,29,46,6
4265,9869,stroll,18,2,MEDIUM,30,54,0
4266,9869,colapinto,43,2,SOFT,30,43,0
4267,9869,norris,4,2,SOFT,31,50,3
4268,9869,hamilton,44,4,MEDIUM,33,37,0
4269,9869,russell,63,2,SOFT,35,48,1
4270,9869,max_verstappen,1,3,MEDIUM,35,54,0
4271,9869,albon,23,2,SOFT,36,55,2
4272,9869,hulkenberg,27,2,SOFT,37,71,0
4273,9869,hadjar,6,3,MEDIUM,38,71,0
4274,9869,piastri,81,2,SOFT,39,51,2
4275,9869,sainz,55,3,MEDIUM,39,71,0
4276,9869,gasly,10,3,MEDIUM,40,71,6
4277,9869,bearman,87,3,MEDIUM,43,71,0
4278,9869,colapinto,43,3,MEDIUM,44,71,0
4279,9869,alonso,14,3,MEDIUM,47,71,0
4280,9869,antonelli,12,3,MEDIUM,48,71,5
4281,9869,ocon,31,3,MEDIUM,48,71,0
4282,9869,tsunoda,22,4,MEDIUM,48,71,0
4283,9869,russell,63,3,MEDIUM,49,71,3
4284,9869,norris,4,3,MEDIUM,51,71,9
4285,9869,piastri,81,3,MEDIUM,52,71,0
4286,9869,max_verstappen,1,4,SOFT,55,71,0
4287,9869,stroll,18,3,MEDIUM,55,71,0
4288,9869,albon,23,3,MEDIUM,56,71,0
4289,9858,bortoleto,5,1,HARD,1,1,0
4290,9858,ocon,31,1,MEDIUM,1,27,0
4291,9858,hadjar,6,1,MEDIUM,1,20,0
4292,9858,antonelli,12,1,SOFT,1,2,0
4293,9858,max_verstappen,1,1,MEDIUM,1,25,0
4294,9858,hulkenberg,27,1,HARD,1,30,0
4295,9858,tsunoda,22,1,MEDIUM,1,1,0
4296,9858,albon,23,1,HARD,1,13,0
4297,9858,lawson,30,1,MEDIUM,1,2,0
4298,9858,colapinto,43,1,HARD,1,25,0
4299,9858,russell,63,1,MEDIUM,1,17,0
4300,9858,stroll,18,1,MEDIUM,1,1,0
4301,9858,norris,4,1,MEDIUM,1,22,0
4302,9858,hamilton,44,1,HARD,1,29,0
4303,9858,alonso,14,1,MEDIUM,1,16,0
4304,9858,sainz,55,1,MEDIUM,1,22,0
4305,9858,gasly,10,1,MEDIUM,1,2,0
4306,9858,leclerc,16,1,MEDIUM,1,24,0
4307,9858,piastri,81,1,MEDIUM,1,21,0
4308,9858,bearman,87,1,MEDIUM,1,17,0
4309,9858,tsunoda,22,2,HARD,2,27,0
4310,9858,bortoleto,5,2,MEDIUM,2,2,0
4311,9858,antonelli,12,2,HARD,3,50,0
4312,9858,gasly,10,2,HARD,3,50,0
4313,9858,lawson,30,2,HARD,3,28,0
4314,9858,albon,23,2,MEDIUM,14,14,0
4315,9858,albon,23,3,HARD,15,34,0
4316,9858,alonso,14,2,HARD,17,50,0
4317,9858,russell,63,2,HARD,18,18,0
4318,9858,russell,63,3,HARD,19,50,0
4319,9858,bearman,87,2,HARD,18,50,0
4320,9858,hadjar,6,2,HARD,21,50,0
4321,9858,piastri,81,2,HARD,22,50,0
4322,9858,norris,4,2,HARD,23,50,0
4323,9858,sainz,55,2,HARD,23,50,0
4324,9858,leclerc,16,2,HARD,25,50,0
4325,9858,max_verstappen,1,2,HARD,26,50,0
4326,9858,colapinto,43,2,MEDIUM,26,49,0
4327,9858,ocon,31,2,HARD,28,50,0
4328,9858,tsunoda,22,3,MEDIUM,28,50,0
4329,9858,lawson,30,3,HARD,29,49,0
4330,9858,hamilton,44,2,MEDIUM,30,50,0
4331,9858,hulkenberg,27,2,MEDIUM,31,50,0
4332,9858,albon,23,4,MEDIUM,35,35,1
4333,9845,lawson,30,1,MEDIUM,1,19,6
4334,9845,hadjar,6,1,MEDIUM,1,1,6
4335,9845,max_verstappen,1,1,MEDIUM,1,1,6
4336,9845,albon,23,1,MEDIUM,1,1,6
4337,9845,alonso,14,1,MEDIUM,1,1,6
4338,9845,stroll,18,1,MEDIUM,1,13,7
4339,9845,sainz,55,1,MEDIUM,1,19,6
4340,9845,tsunoda,22,1,MEDIUM,1,1,6
4341,9845,hamilton,44,1,MEDIUM,1,19,0
4342,9845,antonelli,12,1,MEDIUM,1,1,6
4343,9845,russell,63,1,MEDIUM,1,19,6
4344,9845,gasly,10,1,MEDIUM,1,1,0
4345,9845,bortoleto,5,1,MEDIUM,1,1,6
4346,9845,piastri,81,1,MEDIUM,1,19,5
4347,9845,colapinto,43,1,MEDIUM,1,17,0
4348,9845,leclerc,16,1,MEDIUM,1,1,6
4349,9845,hulkenberg,27,1,MEDIUM,1,19,6
4350,9845,bearman,87,1,MEDIUM,1,19,6
4351,9845,ocon,31,1,MEDIUM,1,19,6
4352,9845,norris,4,1,MEDIUM,1,1,5
4353,9845,antonelli,12,2,HARD,2,19,0
4354,9845,bortoleto,5,2,HARD,2,19,0
4355,9845,hadjar,6,2,HARD,2,19,0
4356,9845,norris,4,2,HARD,2,19,0
4357,9845,gasly,10,2,SOFT,2,19,0
4358,9845,max_verstappen,1,2,HARD,2,19,0
4359,9845,alonso,14,2,HARD,2,19,0
4360,9845,tsunoda,22,2,HARD,2,19,0
4361,9845,leclerc,16,2,HARD,2,19,0
4362,9845,albon,23,2,HARD,2,19,0
4363,9845,stroll,18,2,SOFT,14,19,10
4364,9845,colapinto,43,2,SOFT,18,19,6
4365,9850,bortoleto,5,1,MEDIUM,1,7,0
4366,9850,ocon,31,1,MEDIUM,1,8,0
4367,9850,hadjar,6,1,MEDIUM,1,7,0
4368,9850,max_verstappen,1,1,MEDIUM,1,7,0
4369,9850,leclerc,16,1,MEDIUM,1,7,0
4370,9850,bearman,87,1,MEDIUM,1,7,0
4371,9850,tsunoda,22,1,MEDIUM,1,7,0
4372,9850,antonelli,12,1,MEDIUM,1,7,0
4373,9850,russell,63,1,MEDIUM,1,7,0
4374,9850,colapinto,43,1,HARD,1,7,0
4375,9850,stroll,18,1,MEDIUM,1,7,0
4376,9850,hulkenberg,27,1,SOFT,1,6,0
4377,9850,albon,23,1,HARD,1,7,0
4378,9850,alonso,14,1,MEDIUM,1,7,0
4379,9850,norris,4,1,MEDIUM,1,25,0
4380,9850,hamilton,44,1,SOFT,1,7,0
4381,9850,gasly,10,1,MEDIUM,1,7,0
4382,9850,sainz,55,1,MEDIUM,1,7,0
4383,9850,lawson,30,1,MEDIUM,1,7,0
4384,9850,piastri,81,1,MEDIUM,1,24,0
4385,9850,max_verstappen,1,2,MEDIUM,8,32,0
4386,9850,antonelli,12,2,MEDIUM,8,32,0
4387,9850,sainz,55,2,MEDIUM,8,32,0
4388,9850,alonso,14,2,MEDIUM,8,32,0
4389,9850,russell,63,2,MEDIUM,8,32,0
4390,9850,hadjar,6,2,MEDIUM,8,32,0
4391,9850,leclerc,16,2,MEDIUM,8,32,0
4392,9850,lawson,30,2,MEDIUM,8,32,0
4393,9850,bearman,87,2,MEDIUM,8,32,0
4394,9850,albon,23,2,MEDIUM,8,32,0
4395,9850,bortoleto,5,2,MEDIUM,8,32,0
4396,9850,stroll,18,2,MEDIUM,8,24,0
4397,9850,tsunoda,22,2,MEDIUM,8,32,0
4398,9850,hamilton,44,2,MEDIUM,8,32,0
4399,9850,colapinto,43,2,MEDIUM,8,32,0
4400,9850,gasly,10,2,HARD,8,32,0
4401,9850,ocon,31,2,HARD,9,9,0
4402,9850,ocon,31,3,MEDIUM,10,34,0
4403,9850,piastri,81,2,MEDIUM,25,42,0
4404,9850,stroll,18,3,MEDIUM,25,49,0
4405,9850,norris,4,2,MEDIUM,26,44,0
4406,9850,max_verstappen,1,3,HARD,33,57,0
4407,9850,sainz,55,3,HARD,33,57,0
4408,9850,antonelli,12,3,HARD,33,57,0
4409,9850,hadjar,6,3,HARD,33,55,0
4410,9850,alonso,14,3,HARD,33,57,0
4411,9850,russell,63,3,HARD,33,57,0
4412,9850,leclerc,16,3,HARD,33,57,0
4413,9850,tsunoda,22,3,HARD,33,57,0
4414,9850,lawson,30,3,HARD,33,57,0
4415,9850,bortoleto,5,3,SOFT,33,57,0
4416,9850,hamilton,44,3,MEDIUM,33,57,0
4417,9850,albon,23,3,MEDIUM,33,57,0
4418,9850,colapinto,43,3,MEDIUM,33,56,0
4419,9850,gasly,10,3,MEDIUM,33,56,0
4420,9850,bearman,87,3,HARD,33,40,0
4421,9850,ocon,31,4,HARD,35,56,1
4422,9850,bearman,87,4,HARD,41,41,8
4423,9850,piastri,81,3,HARD,43,57,0
4424,9850,norris,4,3,HARD,45,57,0
4425,9850,stroll,18,4,SOFT,50,55,0
4426,9839,sainz,55,1,MEDIUM,1,18,0
4427,9839,gasly,10,1,MEDIUM,1,13,0
4428,9839,colapinto,43,1,MEDIUM,1,15,0
4429,9839,antonelli,12,1,HARD,1,32,0
4430,9839,russell,63,1,MEDIUM,1,14,0
4431,9839,hamilton,44,1,SOFT,1,8,0
4432,9839,hadjar,6,1,MEDIUM,1,14,0
4433,9839,max_verstappen,1,1,MEDIUM,1,23,0
4434,9839,piastri,81,1,HARD,1,41,0
4435,9839,albon,23,1,SOFT,1,8,0
4436,9839,bortoleto,5,1,MEDIUM,1,15,0
4437,9839,lawson,30,1,MEDIUM,1,21,0
4438,9839,hulkenberg,27,1,SOFT,1,7,0
4439,9839,alonso,14,1,MEDIUM,1,16,1
4440,9839,leclerc,16,1,MEDIUM,1,16,0
4441,9839,ocon,31,1,MEDIUM,1,19,0
4442,9839,bearman,87,1,MEDIUM,1,14,0
4443,9839,stroll,18,1,HARD,1,42,1
4444,9839,tsunoda,22,1,HARD,1,32,0
4445,9839,norris,4,1,MEDIUM,1,16,0
4446,9839,hulkenberg,27,2,HARD,8,42,0
4447,9839,hamilton,44,2,HARD,9,31,0
4448,9839,albon,23,2,HARD,9,33,0
4449,9839,gasly,10,2,HARD,14,40,0
4450,9839,russell,63,2,HARD,15,58,0
4451,9839,hadjar,6,2,HARD,15,57,0
4452,9839,bearman,87,2,HARD,15,58,0
4453,9839,bortoleto,5,2,HARD,16,58,0
4454,9839,colapinto,43,2,HARD,16,40,0
4455,9839,norris,4,2,HARD,17,40,0
4456,9839,leclerc,16,2,HARD,17,39,0
4457,9839,alonso,14,2,HARD,17,58,1
4458,9839,sainz,55,2,HARD,19,58,0
4459,9839,ocon,31,2,HARD,20,58,0
4460,9839,lawson,30,2,HARD,22,57,0
4461,9839,max_verstappen,1,2,HARD,24,58,0
4462,9839,hamilton,44,3,MEDIUM,32,58,0
4463,9839,tsunoda,22,2,MEDIUM,33,58,0
4464,9839,antonelli,12,2,MEDIUM,33,58,0
4465,9839,albon,23,3,MEDIUM,34,58,0
4466,9839,leclerc,16,3,MEDIUM,40,58,3
4467,9839,norris,4,3,HARD,41,58,0
4468,9839,gasly,10,3,MEDIUM,41,57,3
4469,9839,colapinto,43,3,MEDIUM,41,57,0
4470,9839,piastri,81,2,MEDIUM,42,58,0
4471,9839,stroll,18,2,MEDIUM,43,58,0
4472,9839,hulkenberg,27,3,MEDIUM,43,58,0
4473,11234,hulkenberg,27,1,HARD,1,1,0
4474,11234,colapinto,43,1,HARD,1,8,0
4475,11234,hadjar,6,1,MEDIUM,1,10,0
4476,11234,norris,1,1,MEDIUM,1,10,0
4477,11234,ocon,31,1,,1,10,2
4478,11234,gasly,10,1,,1,10,2
4479,11234,sainz,55,1,SOFT,1,10,0
4480,11234,lawson,30,1,,1,10,2
4481,11234,alonso,14,1,SOFT,1,10,0
4482,11234,stroll,18,1,MEDIUM,1,10,0
4483,11234,russell,63,1,,1,11,2
4484,11234,antonelli,12,1,MEDIUM,1,11,0
4485,11234,albon,23,1,,1,11,2
4486,11234,bottas,77,1,HARD,1,11,0
4487,11234,bottas,77,2,HARD,12,15,12
4488,11234,arvid_lindblad,41,1,MEDIUM,1,17,0
4489,11234,bearman,87,1,MEDIUM,1,17,0
4490,11234,max_verstappen,3,1,HARD,1,17,0
4491,11234,bortoleto,5,1,MEDIUM,1,17,0
4492,11234,perez,11,1,,1,17,2
4493,11234,alonso,14,2,SOFT,11,12,0
4494,11234,leclerc,16,1,MEDIUM,1,24,0
4495,11234,stroll,18,2,HARD,11,25,0
4496,11234,hamilton,44,1,MEDIUM,1,27,0
4497,11234,alonso,14,3,SOFT,13,21,2
4498,11234,bortoleto,5,2,HARD,18,32,0
4499,11234,albon,23,2,HARD,12,32,0
4500,11234,lawson,30,2,HARD,11,32,0
4501,11234,sainz,55,2,HARD,11,32,0
4502,11234,norris,1,2,HARD,11,33,0
4503,11234,max_verstappen,3,2,MEDIUM,18,40,0
4504,11234,perez,11,2,HARD,18,42,0
4505,11234,sainz,55,3,MEDIUM,33,44,0
4506,11234,colapinto,43,2,HARD,9,45,9
4507,11234,stroll,18,3,SOFT,26,33,0
4508,11234,stroll,18,4,SOFT,34,38,0
4509,11234,russell,63,2,HARD,12,58,0
4510,11234,antonelli,12,2,HARD,12,58,0
4511,11234,bearman,87,2,HARD,18,57,0
4512,11234,perez,11,3,SOFT,43,55,0
4513,11234,colapinto,43,3,SOFT,46,56,0
4514,11234,arvid_lindblad,41,2,HARD,18,57,0
4515,11234,bortoleto,5,3,HARD,33,57,0
4516,11234,leclerc,16,2,HARD,25,58,0
4517,11234,hamilton,44,2,HARD,28,58,0
4518,11234,gasly,10,2,HARD,11,57,0
4519,11234,ocon,31,2,HARD,11,57,0
4520,11234,sainz,55,4,SOFT,45,56,0
4521,11234,norris,1,3,MEDIUM,34,58,0
4522,11234,max_verstappen,3,3,HARD,41,58,0
4523,11234,albon,23,3,SOFT,33,57,0
4524,11234,lawson,30,3,SOFT,33,57,0
4525,11234,stroll,18,5,SOFT,39,43,0
4526,11240,sainz,55,1,HARD,1,19,0
4527,11240,russell,63,2,SOFT,14,19,0
4528,11240,hamilton,44,2,SOFT,14,19,5
4529,11240,leclerc,16,2,SOFT,14,19,0
4530,11240,norris,1,2,SOFT,14,19,3
4531,11240,piastri,81,2,SOFT,14,19,0
4532,11240,gasly,10,1,MEDIUM,1,19,6
4533,11240,bearman,87,1,MEDIUM,1,19,6
4534,11240,antonelli,12,2,SOFT,14,19,5
4535,11240,hadjar,6,2,SOFT,14,19,7
4536,11240,lawson,30,1,HARD,1,19,0
4537,11240,ocon,31,1,MEDIUM,1,19,7
4538,11240,colapinto,43,2,SOFT,14,19,0
4539,11240,bortoleto,5,1,MEDIUM,1,19,6
4540,11240,max_verstappen,3,2,SOFT,14,19,8
4541,11240,stroll,18,2,MEDIUM,14,19,0
4542,11240,albon,23,2,SOFT,14,19,0
4543,11240,perez,11,2,SOFT,14,19,0
4544,11240,alonso,14,1,HARD,1,19,0
4545,11240,hulkenberg,27,1,MEDIUM,1,12,6
4546,11240,bottas,77,1,MEDIUM,1,12,0
4547,11240,arvid_lindblad,41,1,MEDIUM,1,11,6
4548,11245,hadjar,6,1,SOFT,1,1,3
4549,11245,max_verstappen,3,1,SOFT,1,9,3
4550,11245,sainz,55,1,MEDIUM,1,9,0
4551,11245,perez,11,1,MEDIUM,1,11,0
4552,11245,bottas,77,1,MEDIUM,1,10,0
4553,11245,piastri,81,1,MEDIUM,1,1,0
4554,11245,albon,23,1,HARD,1,1,0
4555,11245,alonso,14,1,HARD,1,31,0
4556,11245,arvid_lindblad,41,1,HARD,1,42,0
4557,11245,antonelli,12,1,MEDIUM,1,10,0
4558,11245,russell,63,1,MEDIUM,1,10,0
4559,11245,bearman,87,1,MEDIUM,1,10,0
4560,11245,stroll,18,1,HARD,1,9,0
4561,11245,ocon,31,1,HARD,1,29,0
4562,11245,lawson,30,1,MEDIUM,1,9,0
4563,11245,gasly,10,1,MEDIUM,1,10,0
4564,11245,norris,1,1,HARD,1,1,0
4565,11245,colapinto,43,1,HARD,1,32,0
4566,11245,bortoleto,5,1,HARD,1,1,0
4567,11245,leclerc,16,1,MEDIUM,1,10,0
4568,11245,hulkenberg,27,1,HARD,1,35,0
4569,11245,hamilton,44,1,MEDIUM,1,10,0
4570,11245,hadjar,6,2,HARD,2,10,0
4571,11245,lawson,30,2,HARD,10,56,0
4572,11245,sainz,55,2,HARD,10,55,0
4573,11245,max_verstappen,3,2,HARD,10,45,0
4574,11245,antonelli,12,2,HARD,11,56,0
4575,11245,hamilton,44,2,HARD,11,56,0
4576,11245,russell,63,2,HARD,11,56,0
4577,11245,leclerc,16,2,HARD,11,56,0
4578,11245,gasly,10,2,HARD,11,56,0
4579,11245,bearman,87,2,HARD,11,56,0
4580,11245,bottas,77,2,HARD,11,55,0
4581,11245,hadjar,6,3,HARD,11,56,0
4582,11245,perez,11,2,HARD,12,55,0
4583,11245,ocon,31,2,MEDIUM,30,46,0
4584,11245,alonso,14,2,MEDIUM,32,32,0
4585,11245,colapinto,43,2,MEDIUM,33,55,0
4586,11245,hulkenberg,27,2,MEDIUM,36,55,0
4587,11245,arvid_lindblad,41,2,MEDIUM,43,55,0
4588,11245,ocon,31,3,SOFT,47,55,0
4589,11253,norris,1,1,MEDIUM,1,16,0
4590,11253,bearman,87,1,MEDIUM,1,16,0
4591,11253,leclerc,16,1,MEDIUM,1,17,0
4592,11253,colapinto,43,1,MEDIUM,1,17,0
4593,11253,piastri,81,1,MEDIUM,1,18,0
4594,11253,arvid_lindblad,41,1,MEDIUM,1,18,0
4595,11253,ocon,31,1,MEDIUM,1,19,0
4596,11253,hadjar,6,1,MEDIUM,1,19,0
4597,11253,bottas,77,1,HARD,1,19,0
4598,11253,bearman,87,2,HARD,17,20,0
4599,11253,russell,63,1,MEDIUM,1,21,0
4600,11253,perez,11,1,MEDIUM,1,21,0
4601,11253,stroll,18,1,MEDIUM,1,21,0
4602,11253,alonso,14,1,MEDIUM,1,21,0
4603,11253,antonelli,12,1,MEDIUM,1,22,0
4604,11253,hamilton,44,1,MEDIUM,1,22,0
4605,11253,gasly,10,1,MEDIUM,1,22,0
4606,11253,max_verstappen,3,1,MEDIUM,1,22,0
4607,11253,lawson,30,1,MEDIUM,1,22,0
4608,11253,bortoleto,5,1,MEDIUM,1,22,0
4609,11253,sainz,55,1,MEDIUM,1,22,0
4610,11253,albon,23,1,MEDIUM,1,22,0
4611,11253,hulkenberg,27,1,MEDIUM,1,23,0
4612,11253,alonso,14,2,HARD,22,23,0
4613,11253,stroll,18,2,HARD,22,24,0
4614,11253,stroll,18,3,MEDIUM,25,30,0
4615,11253,albon,23,2,HARD,23,45,0
4616,11253,albon,23,3,SOFT,46,46,0
4617,11253,albon,23,4,SOFT,47,47,1
4618,11253,albon,23,5,SOFT,48,48,2
4619,11253,albon,23,6,SOFT,49,49,3
4620,11253,antonelli,12,2,HARD,23,53,0
4621,11253,albon,23,7,MEDIUM,50,51,0
4622,11253,piastri,81,2,HARD,19,53,0
4623,11253,leclerc,16,2,HARD,18,53,0
4624,11253,russell,63,2,HARD,22,53,0
4625,11253,norris,1,2,HARD,17,53,0
4626,11253,hamilton,44,2,HARD,23,53,0
4627,11253,alonso,14,3,MEDIUM,24,52,0
4628,11253,gasly,10,2,HARD,23,53,0
4629,11253,max_verstappen,3,2,HARD,23,53,0
4630,11253,bottas,77,2,MEDIUM,20,52,0
4631,11253,lawson,30,2,HARD,23,53,0
4632,11253,ocon,31,2,HARD,20,53,0
4633,11253,hulkenberg,27,2,HARD,24,53,0
4634,11253,hadjar,6,2,HARD,20,53,0
4635,11253,bortoleto,5,2,HARD,23,53,0
4636,11253,arvid_lindblad,41,2,HARD,19,53,0
4637,11253,sainz,55,2,HARD,23,53,0
4638,11253,colapinto,43,2,HARD,18,53,0
4639,11253,perez,11,2,HARD,22,53,0
4640,11275,arvid_lindblad,41,1,MEDIUM,1,1,3
4641,11275,hulkenberg,27,1,MEDIUM,1,1,6
4642,11275,albon,23,1,MEDIUM,1,13,6
4643,11275,norris,1,1,MEDIUM,1,19,0
4644,11275,piastri,81,1,MEDIUM,1,19,0
4645,11275,leclerc,16,1,MEDIUM,1,19,0
4646,11275,antonelli,12,1,MEDIUM,1,19,0
4647,11275,russell,63,1,MEDIUM,1,19,0
4648,11275,max_verstappen,3,1,MEDIUM,1,19,3
4649,11275,hamilton,44,1,MEDIUM,1,19,0
4650,11275,gasly,10,1,MEDIUM,1,19,0
4651,11275,hadjar,6,1,MEDIUM,1,19,6
4652,11275,colapinto,43,1,MEDIUM,1,19,0
4653,11275,bortoleto,5,1,MEDIUM,1,19,6
4654,11275,ocon,31,1,MEDIUM,1,19,3
4655,11275,bearman,87,1,MEDIUM,1,19,3
4656,11275,sainz,55,1,MEDIUM,1,19,6
4657,11275,lawson,30,1,MEDIUM,1,19,0
4658,11275,alonso,14,1,SOFT,1,19,0
4659,11275,perez,11,1,HARD,1,19,0
4660,11275,stroll,18,1,SOFT,1,19,0
4661,11275,albon,23,2,MEDIUM,14,19,6
4662,11275,bottas,77,1,HARD,1,19,0
4663,11280,leclerc,16,1,MEDIUM,1,21,0
4664,11280,max_verstappen,3,1,MEDIUM,1,6,0
4665,11280,sainz,55,1,MEDIUM,1,28,0
4666,11280,hamilton,44,1,MEDIUM,1,27,0
4667,11280,lawson,30,1,MEDIUM,1,6,0
4668,11280,arvid_lindblad,41,1,MEDIUM,1,28,0
4669,11280,russell,63,1,MEDIUM,1,20,0
4670,11280,antonelli,12,1,MEDIUM,1,26,0
4671,11280,albon,23,1,MEDIUM,1,27,3
4672,11280,alonso,14,1,MEDIUM,1,41,0
4673,11280,bortoleto,5,1,MEDIUM,1,32,0
4674,11280,hulkenberg,27,1,MEDIUM,1,1,0
4675,11280,bearman,87,1,MEDIUM,1,26,0
4676,11280,perez,11,1,MEDIUM,1,29,0
4677,11280,stroll,18,1,MEDIUM,1,21,0
4678,11280,ocon,31,1,MEDIUM,1,31,0
4679,11280,colapinto,43,1,MEDIUM,1,31,0
4680,11280,norris,1,1,MEDIUM,1,27,0
4681,11280,hadjar,6,1,HARD,1,4,0
4682,11280,bottas,77,1,MEDIUM,1,6,0
4683,11280,gasly,10,1,MEDIUM,1,4,0
4684,11280,piastri,81,1,MEDIUM,1,28,0
4685,11280,hulkenberg,27,2,MEDIUM,2,7,0
4686,11280,max_verstappen,3,2,HARD,7,57,0
4687,11280,bottas,77,2,SOFT,7,21,0
4688,11280,russell,63,2,HARD,21,57,0
4689,11280,leclerc,16,2,HARD,22,57,0
4690,11280,stroll,18,2,SOFT,22,37,3
4691,11280,bottas,77,3,MEDIUM,22,30,0
4692,11280,antonelli,12,2,HARD,27,57,0
4693,11280,bearman,87,2,HARD,27,56,0
4694,11280,norris,1,2,HARD,28,57,0
4695,11280,hamilton,44,2,HARD,28,57,0
4696,11280,albon,23,2,HARD,28,57,0
4697,11280,piastri,81,2,HARD,29,57,0
4698,11280,sainz,55,2,HARD,29,57,0
4699,11280,arvid_lindblad,41,2,HARD,29,56,0
4700,11280,perez,11,2,HARD,30,56,0
4701,11280,bottas,77,4,MEDIUM,31,55,9
4702,11280,colapinto,43,2,HARD,32,57,0
4703,11280,ocon,31,2,HARD,32,56,0
4704,11280,bortoleto,5,2,HARD,33,56,0
4705,11280,stroll,18,3,SOFT,38,56,0
4706,11280,alonso,14,2,SOFT,42,56,0
4707,11286,hadjar,6,1,MEDIUM,1,6,0
4708,11286,hadjar,6,2,MEDIUM,7,8,0
4709,11286,albon,23,1,MEDIUM,1,13,0
4710,11286,alonso,14,1,MEDIUM,1,14,4
4711,11286,alonso,14,2,HARD,15,15,0
4712,11286,bearman,87,1,MEDIUM,1,17,9
4713,11286,gasly,10,1,MEDIUM,1,18,0
4714,11286,russell,63,1,MEDIUM,1,23,6
4715,11286,norris,1,1,MEDIUM,1,23,0
4716,11286,antonelli,12,1,MEDIUM,1,23,6
4717,11286,piastri,81,1,MEDIUM,1,23,0
4718,11286,leclerc,16,1,MEDIUM,1,23,0
4719,11286,hamilton,44,1,MEDIUM,1,23,0
4720,11286,stroll,18,1,SOFT,1,22,0
4721,11286,max_verstappen,3,1,MEDIUM,1,23,0
4722,11286,bottas,77,1,SOFT,1,22,0
4723,11286,hadjar,6,3,SOFT,9,20,5
4724,11286,bearman,87,2,MEDIUM,18,22,8
4725,11286,arvid_lindblad,41,1,HARD,1,23,0
4726,11286,colapinto,43,1,MEDIUM,1,23,8
4727,11286,sainz,55,1,MEDIUM,1,23,0
4728,11286,albon,23,2,SOFT,14,22,0
4729,11286,perez,11,1,SOFT,1,23,0
4730,11286,lawson,30,1,MEDIUM,1,23,0
4731,11286,bortoleto,5,1,MEDIUM,1,23,7
4732,11286,hulkenberg,27,1,MEDIUM,1,23,6
4733,11286,ocon,31,1,MEDIUM,1,23,7
4734,11286,gasly,10,2,SOFT,19,22,0
4735,11291,arvid_lindblad,41,1,MEDIUM,1,1,0
4736,11291,piastri,81,1,INTERMEDIATE,1,0,0
4737,11291,norris,1,1,INTERMEDIATE,1,1,0
4738,11291,hulkenberg,27,1,INTERMEDIATE,1,1,0
4739,11291,bortoleto,5,1,INTERMEDIATE,1,1,0
4740,11291,perez,11,1,INTERMEDIATE,1,1,0
4741,11291,sainz,55,1,INTERMEDIATE,1,1,0
4742,11291,bottas,77,1,INTERMEDIATE,1,2,0
4743,11291,bottas,77,2,SOFT,3,8,0
4744,11291,albon,23,1,SOFT,1,11,0
4745,11291,piastri,81,2,MEDIUM,1,11,0
4746,11291,stroll,18,1,SOFT,1,13,0
4747,11291,norris,1,2,MEDIUM,2,14,0
4748,11291,perez,11,2,SOFT,2,14,0
4749,11291,ocon,31,1,SOFT,1,15,0
4750,11291,bortoleto,5,2,SOFT,2,17,0
4751,11291,hulkenberg,27,2,SOFT,2,19,4
4752,11291,alonso,14,1,SOFT,1,19,0
4753,11291,alonso,14,2,SOFT,20,23,0
4754,11291,russell,63,1,SOFT,1,29,3
4755,11291,colapinto,43,1,MEDIUM,1,29,0
4756,11291,lawson,30,1,MEDIUM,1,29,0
4757,11291,perez,11,3,MEDIUM,15,28,0
4758,11291,gasly,10,1,MEDIUM,1,29,0
4759,11291,sainz,55,2,MEDIUM,2,29,8
4760,11291,antonelli,12,1,SOFT,1,30,4
4761,11291,bearman,87,1,SOFT,1,29,5
4762,11291,max_verstappen,3,1,SOFT,1,30,5
4763,11291,hamilton,44,1,SOFT,1,30,3
4764,11291,hadjar,6,1,SOFT,1,30,4
4765,11291,leclerc,16,1,SOFT,1,30,4
4766,11291,bottas,77,3,MEDIUM,9,28,0
4767,11291,ocon,31,2,MEDIUM,16,29,0
4768,11291,norris,1,3,MEDIUM,15,38,3
4769,11291,perez,11,4,SOFT,29,39,0
4770,11291,stroll,18,2,SOFT,14,48,0
4771,11291,hadjar,6,2,MEDIUM,31,51,0
4772,11291,bottas,77,4,SOFT,29,48,0
4773,11291,piastri,81,3,MEDIUM,12,50,0
4774,11291,hadjar,6,3,SOFT,52,61,4
4775,11291,antonelli,12,2,MEDIUM,31,68,0
4776,11291,hadjar,6,4,SOFT,62,67,14
4777,11291,hamilton,44,2,MEDIUM,31,68,0
4778,11291,max_verstappen,3,2,MEDIUM,31,68,0
4779,11291,piastri,81,4,SOFT,51,66,4
4780,11291,hulkenberg,27,3,MEDIUM,20,66,0
4781,11291,bortoleto,5,3,MEDIUM,18,66,0
4782,11291,stroll,18,3,MEDIUM,49,64,0
4783,11291,colapinto,43,2,HARD,30,67,0
4784,11291,lawson,30,2,SOFT,30,67,0
4785,11291,gasly,10,2,HARD,30,67,0
4786,11291,leclerc,16,2,MEDIUM,31,68,0
4787,11291,bottas,77,5,MEDIUM,49,64,0
4788,11291,sainz,55,3,MEDIUM,30,67,0
4789,11291,bearman,87,2,MEDIUM,30,67,0
4790,11291,ocon,31,3,SOFT,30,66,0
4791,11299,max_verstappen,3,1,MEDIUM,1,1,0
4792,11299,bortoleto,5,1,SOFT,1,0,0
4793,11299,bottas,77,1,SOFT,1,0,0
4794,11299,bearman,87,1,MEDIUM,1,0,0
4795,11299,alonso,14,1,MEDIUM,1,2,0
4796,11299,perez,11,1,SOFT,1,3,0
4797,11299,stroll,18,1,MEDIUM,1,3,0
4798,11299,ocon,31,1,MEDIUM,1,8,0
4799,11299,perez,11,2,MEDIUM,4,8,0
4800,11299,hulkenberg,27,1,MEDIUM,1,11,0
4801,11299,bottas,77,2,MEDIUM,1,15,0
4802,11299,hamilton,44,1,MEDIUM,1,27,0
4803,11299,bearman,87,2,HARD,1,27,0
4804,11299,russell,63,1,MEDIUM,1,30,0
4805,11299,hadjar,6,1,MEDIUM,1,31,0
4806,11299,leclerc,16,1,MEDIUM,1,34,0
4807,11299,colapinto,43,1,MEDIUM,1,34,0
4808,11299,antonelli,12,1,MEDIUM,1,36,0
4809,11299,norris,1,1,MEDIUM,1,43,0
4810,11299,albon,23,1,MEDIUM,1,42,0
4811,11299,bortoleto,5,2,HARD,1,42,0
4812,11299,lawson,30,1,MEDIUM,1,43,0
4813,11299,gasly,10,1,MEDIUM,1,44,0
4814,11299,piastri,81,1,MEDIUM,1,47,0
4815,11299,sainz,55,1,MEDIUM,1,51,0
4816,11299,stroll,18,2,SOFT,4,56,0
4817,11299,hulkenberg,27,2,HARD,12,57,0
4818,11299,hamilton,44,2,HARD,28,59,0
4819,11299,piastri,81,2,HARD,48,58,0
4820,11299,alonso,14,2,SOFT,3,57,0
4821,11299,leclerc,16,2,HARD,35,59,0
4822,11299,bortoleto,5,3,MEDIUM,43,57,0
4823,11299,antonelli,12,2,HARD,37,60,0
4824,11299,hadjar,6,2,HARD,32,59,0
4825,11299,arvid_lindblad,41,1,MEDIUM,1,58,0
4826,11299,russell,63,2,HARD,31,59,0
4827,11299,sainz,55,2,SOFT,52,58,0
4828,11299,albon,23,2,SOFT,43,58,0
4829,11299,ocon,31,2,HARD,9,58,0
4830,11299,hulkenberg,27,3,HARD,58,58,0
4831,11299,gasly,10,2,HARD,45,59,0
4832,11299,colapinto,43,2,HARD,35,58,0
4833,11299,piastri,81,3,SOFT,59,59,4
4834,11299,hamilton,44,3,SOFT,60,60,4
4835,11299,alonso,14,3,SOFT,58,58,0
4836,11299,leclerc,16,3,SOFT,60,60,4
4837,11299,lawson,30,2,SOFT,44,59,4
4838,11299,perez,11,3,MEDIUM,9,58,5
4839,11299,bortoleto,5,4,MEDIUM,58,58,0
4840,11299,leclerc,16,4,SOFT,61,64,5
4841,11299,antonelli,12,3,SOFT,61,65,4
4842,11299,hamilton,44,4,SOFT,61,65,5
4843,11299,hadjar,6,3,HARD,60,65,28
4844,11299,russell,63,3,SOFT,60,65,4
4845,11299,arvid_lindblad,41,2,MEDIUM,59,64,0
4846,11299,sainz,55,3,SOFT,59,64,7
4847,11299,hulkenberg,27,4,HARD,59,64,0
4848,11299,albon,23,3,SOFT,59,64,16
4849,11299,ocon,31,3,HARD,59,64,50
4850,11299,gasly,10,3,HARD,60,65,0
4851,11299,perez,11,4,SOFT,59,64,0
4852,11299,piastri,81,4,SOFT,60,65,5
4853,11299,alonso,14,4,SOFT,59,64,0
4854,11299,colapinto,43,3,HARD,59,64,24
4855,11299,bortoleto,5,5,SOFT,59,64,0
4856,11299,lawson,30,3,SOFT,60,65,0
4857,11299,arvid_lindblad,41,3,MEDIUM,65,66,65
4858,11299,sainz,55,4,SOFT,65,66,13
4859,11299,albon,23,4,SOFT,65,66,22
4860,11299,ocon,31,4,HARD,65,66,56
4861,11299,hulkenberg,27,5,HARD,65,66,53
4862,11299,alonso,14,5,SOFT,65,66,7
4863,11299,colapinto,43,4,HARD,65,66,0
4864,11299,perez,11,5,SOFT,65,66,6
4865,11299,bortoleto,5,6,SOFT,65,66,0
4866,11299,antonelli,12,4,SOFT,66,67,9
4867,11299,hamilton,44,5,SOFT,66,67,10
4868,11299,hadjar,6,4,HARD,66,67,34
4869,11299,russell,63,4,SOFT,66,67,10
4870,11299,gasly,10,4,HARD,66,67,0
4871,11299,piastri,81,5,SOFT,66,67,11
4872,11299,lawson,30,4,SOFT,66,67,26
4873,11299,arvid_lindblad,41,4,SOFT,67,67,0
4874,11299,sainz,55,5,SOFT,67,67,0
4875,11299,albon,23,5,SOFT,67,67,6
4876,11299,ocon,31,5,SOFT,67,67,0
4877,11299,hulkenberg,27,6,SOFT,67,67,0
4878,11299,alonso,14,6,SOFT,67,67,8
4879,11299,colapinto,43,5,SOFT,67,67,0
4880,11299,perez,11,6,SOFT,67,67,6
4881,11299,bortoleto,5,7,SOFT,67,67,0
4882,11299,sainz,55,6,SOFT,68,70,4
4883,11299,russell,63,5,SOFT,68,71,4
4884,11299,antonelli,12,5,SOFT,68,78,4
4885,11299,hamilton,44,6,SOFT,68,78,4
4886,11299,gasly,10,5,SOFT,68,78,4
4887,11299,hadjar,6,5,SOFT,68,78,4
4888,11299,piastri,81,6,SOFT,68,78,4
4889,11299,lawson,30,5,SOFT,68,78,6
4890,11299,arvid_lindblad,41,5,SOFT,68,78,0
4891,11299,albon,23,6,SOFT,68,78,6
4892,11299,hulkenberg,27,7,SOFT,68,78,0
4893,11299,ocon,31,6,SOFT,68,78,0
4894,11299,perez,11,7,SOFT,68,78,0
4895,11299,alonso,14,7,SOFT,68,78,8
4896,11299,bortoleto,5,8,SOFT,68,78,0
4897,11299,russell,63,6,SOFT,72,78,8
4898,11299,colapinto,43,6,SOFT,68,78,0
4899,11307,russell,63,1,MEDIUM,1,12,0
4900,11307,albon,23,1,MEDIUM,1,13,0
4901,11307,arvid_lindblad,41,1,MEDIUM,1,22,0
4902,11307,hadjar,6,1,MEDIUM,1,15,0
4903,11307,lawson,30,1,MEDIUM,1,11,0
4904,11307,max_verstappen,3,1,SOFT,1,12,3
4905,11307,antonelli,12,1,MEDIUM,1,14,0
4906,11307,perez,11,1,SOFT,1,12,0
4907,11307,ocon,31,1,SOFT,1,13,0
4908,11307,bearman,87,1,MEDIUM,1,18,0
4909,11307,stroll,18,1,HARD,1,5,0
4910,11307,hamilton,44,1,SOFT,1,11,2
4911,11307,sainz,55,1,SOFT,1,14,0
4912,11307,bottas,77,1,MEDIUM,1,14,0
4913,11307,gasly,10,1,MEDIUM,1,14,0
4914,11307,leclerc,16,1,MEDIUM,1,16,0
4915,11307,piastri,81,1,MEDIUM,1,14,0
4916,11307,norris,1,1,MEDIUM,1,13,0
4917,11307,colapinto,43,1,SOFT,1,12,0
4918,11307,alonso,14,1,HARD,1,21,0
4919,11307,bortoleto,5,1,MEDIUM,1,15,0
4920,11307,hulkenberg,27,1,SOFT,1,13,0
4921,11307,hamilton,44,2,HARD,12,27,0
4922,11307,lawson,30,2,HARD,12,35,0
4923,11307,russell,63,2,HARD,13,36,0
4924,11307,max_verstappen,3,2,MEDIUM,13,29,0
4925,11307,colapinto,43,2,HARD,13,34,0
4926,11307,perez,11,2,HARD,13,31,0
4927,11307,norris,1,2,HARD,14,35,0
4928,11307,hulkenberg,27,2,HARD,14,29,0
4929,11307,albon,23,2,HARD,14,29,0
4930,11307,ocon,31,2,HARD,14,34,0
4931,11307,antonelli,12,2,HARD,15,37,0
4932,11307,piastri,81,2,HARD,15,36,0
4933,11307,gasly,10,2,HARD,15,40,0
4934,11307,sainz,55,2,HARD,15,30,0
4935,11307,bottas,77,2,HARD,15,15,0
4936,11307,hadjar,6,2,HARD,16,32,0
4937,11307,bortoleto,5,2,HARD,16,33,0
4938,11307,leclerc,16,2,HARD,17,39,0
4939,11307,bearman,87,2,HARD,19,28,0
4940,11307,alonso,14,2,HARD,22,37,0
4941,11307,arvid_lindblad,41,2,HARD,23,37,0
4942,11307,hamilton,44,3,MEDIUM,28,41,0
4943,11307,max_verstappen,3,3,HARD,30,40,0
4944,11307,bearman,87,3,SOFT,29,60,0
4945,11307,albon,23,3,HARD,30,34,0
4946,11307,sainz,55,3,HARD,31,55,0
4947,11307,perez,11,3,HARD,32,39,0
4948,11307,hadjar,6,3,HARD,33,58,0
4949,11307,bortoleto,5,3,HARD,34,53,0
4950,11307,colapinto,43,3,HARD,35,65,0
4951,11307,norris,1,3,HARD,36,66,0
4952,11307,ocon,31,3,MEDIUM,35,58,0
4953,11307,lawson,30,3,HARD,36,65,0
4954,11307,russell,63,3,HARD,37,66,0
4955,11307,piastri,81,3,HARD,37,66,0
4956,11307,antonelli,12,3,HARD,38,61,0
4957,11307,arvid_lindblad,41,3,HARD,38,65,0
4958,11307,leclerc,16,3,HARD,40,62,0
4959,11307,max_verstappen,3,4,MEDIUM,41,66,0
4960,11307,perez,11,4,MEDIUM,40,63,0
4961,11307,hamilton,44,4,HARD,42,66,0
4962,11307,gasly,10,3,HARD,41,65,0
4963,11307,albon,23,4,SOFT,35,50,0
4964,11307,bortoleto,5,4,SOFT,54,64,0
4965,11307,sainz,55,4,MEDIUM,56,64,0
4966,11307,hadjar,6,4,SOFT,59,65,3
4967,11307,ocon,31,4,SOFT,59,64,0
4968,11307,albon,23,5,SOFT,51,55,3
4969,11315,bottas,77,1,MEDIUM,1,2,0
4970,11315,perez,11,1,MEDIUM,1,4,0
4971,11315,hamilton,44,1,MEDIUM,1,12,0
4972,11315,leclerc,16,1,MEDIUM,1,13,0
4973,11315,gasly,10,1,MEDIUM,1,13,0
4974,11315,sainz,55,1,SOFT,1,14,0
4975,11315,bortoleto,5,1,SOFT,1,17,0
4976,11315,max_verstappen,3,1,MEDIUM,1,18,0
4977,11315,hadjar,6,1,MEDIUM,1,18,0
4978,11315,arvid_lindblad,41,1,MEDIUM,1,18,0
4979,11315,ocon,31,1,MEDIUM,1,18,0
4980,11315,albon,23,1,MEDIUM,1,18,0
4981,11315,russell,63,1,MEDIUM,1,19,0
4982,11315,piastri,81,1,MEDIUM,1,19,0
4983,11315,lawson,30,1,MEDIUM,1,19,0
4984,11315,colapinto,43,1,MEDIUM,1,20,0
4985,11315,norris,1,1,MEDIUM,1,21,0
4986,11315,hulkenberg,27,1,MEDIUM,1,21,0
4987,11315,sainz,55,2,MEDIUM,15,23,0
4988,11315,antonelli,12,1,MEDIUM,1,24,0
4989,11315,bearman,87,1,MEDIUM,1,24,0
4990,11315,alonso,14,1,MEDIUM,1,24,0
4991,11315,stroll,18,1,MEDIUM,1,24,0
4992,11315,hamilton,44,2,HARD,13,25,0
4993,11315,ocon,31,2,MEDIUM,19,33,0
4994,11315,leclerc,16,2,HARD,14,37,0
4995,11315,albon,23,2,MEDIUM,19,37,0
4996,11315,gasly,10,2,HARD,14,38,0
4997,11315,hadjar,6,2,MEDIUM,19,40,0
4998,11315,piastri,81,2,HARD,20,42,0
4999,11315,hamilton,44,3,SOFT,26,42,0
5000,11315,russell,63,2,HARD,20,43,0
5001,11315,bortoleto,5,2,MEDIUM,18,44,0
5002,11315,lawson,30,2,HARD,20,45,0
5003,11315,hulkenberg,27,2,MEDIUM,22,45,0
5004,11315,bearman,87,2,HARD,25,45,0
5005,11315,arvid_lindblad,41,2,HARD,19,46,0
5006,11315,norris,1,2,HARD,22,47,0
5007,11315,stroll,18,2,SOFT,25,45,0
5008,11315,colapinto,43,2,HARD,21,46,0
5009,11315,max_verstappen,3,2,HARD,19,49,0
5010,11315,antonelli,12,2,HARD,25,51,0
5011,11315,alonso,14,2,SOFT,25,49,0
5012,11315,gasly,10,3,MEDIUM,39,51,0
5013,11315,leclerc,16,3,HARD,38,59,0
5014,11315,russell,63,3,HARD,44,71,0
5015,11315,max_verstappen,3,3,HARD,50,71,0
5016,11315,antonelli,12,3,HARD,52,71,0
5017,11315,alonso,14,3,SOFT,50,68,0
5018,11315,lawson,30,3,MEDIUM,46,70,0
5019,11315,arvid_lindblad,41,3,MEDIUM,47,70,0
5020,11315,piastri,81,3,HARD,43,71,0
5021,11315,ocon,31,3,HARD,34,69,0
5022,11315,hamilton,44,4,HARD,43,71,0
5023,11315,albon,23,3,HARD,38,69,0
5024,11315,hadjar,6,3,HARD,41,71,0
5025,11315,bortoleto,5,3,HARD,45,70,0
5026,11315,norris,1,3,HARD,48,71,0
5027,11315,hulkenberg,27,3,HARD,46,70,0
5028,11315,gasly,10,4,SOFT,52,70,0
5029,11315,leclerc,16,4,SOFT,60,71,3
5030,11315,bearman,87,3,MEDIUM,46,70,0
5031,11315,colapinto,43,3,MEDIUM,47,70,0
5032,11321,lawson,30,1,MEDIUM,1,17,3
5033,11321,hamilton,44,1,MEDIUM,1,17,0
5034,11321,antonelli,12,1,MEDIUM,1,17,0
5035,11321,russell,63,1,MEDIUM,1,17,0
5036,11321,norris,1,1,MEDIUM,1,17,0
5037,11321,piastri,81,1,MEDIUM,1,17,0
5038,11321,max_verstappen,3,1,MEDIUM,1,17,3
5039,11321,leclerc,16,1,MEDIUM,1,17,0
5040,11321,gasly,10,1,MEDIUM,1,17,3
5041,11321,arvid_lindblad,41,1,MEDIUM,1,17,3
5042,11321,colapinto,43,1,MEDIUM,1,17,3
5043,11321,bearman,87,1,MEDIUM,1,17,0
5044,11321,hadjar,6,1,MEDIUM,1,17,5
5045,11321,hulkenberg,27,1,MEDIUM,1,17,6
5046,11321,ocon,31,1,MEDIUM,1,17,0
5047,11321,bortoleto,5,1,MEDIUM,1,17,6
5048,11321,sainz,55,1,MEDIUM,1,17,0
5049,11321,alonso,14,1,SOFT,1,17,0
5050,11321,perez,11,2,MEDIUM,3,16,2
5051,11321,stroll,18,2,MEDIUM,15,16,5
5052,11321,bottas,77,1,SOFT,1,17,0
5053,11321,albon,23,1,MEDIUM,1,17,0
5054,11326,albon,23,1,MEDIUM,1,1,0
5055,11326,piastri,81,1,MEDIUM,1,2,0
5056,11326,albon,23,2,HARD,2,14,0
5057,11326,max_verstappen,3,1,MEDIUM,1,17,0
5058,11326,hulkenberg,27,1,MEDIUM,1,17,0
5059,11326,stroll,18,1,MEDIUM,1,18,0
5060,11326,hadjar,6,1,MEDIUM,1,19,0
5061,11326,sainz,55,1,MEDIUM,1,20,0
5062,11326,alonso,14,1,MEDIUM,1,20,0
5063,11326,ocon,31,1,MEDIUM,1,21,0
5064,11326,perez,11,1,MEDIUM,1,21,0
5065,11326,colapinto,43,1,MEDIUM,1,22,0
5066,11326,hamilton,44,1,MEDIUM,1,23,0
5067,11326,russell,63,1,MEDIUM,1,23,0
5068,11326,gasly,10,1,MEDIUM,1,23,0
5069,11326,albon,23,3,MEDIUM,15,23,7
5070,11326,leclerc,16,1,MEDIUM,1,25,0
5071,11326,bortoleto,5,1,MEDIUM,1,26,0
5072,11326,arvid_lindblad,41,1,MEDIUM,1,27,0
5073,11326,norris,1,1,MEDIUM,1,28,0
5074,11326,lawson,30,1,MEDIUM,1,28,0
5075,11326,bearman,87,1,MEDIUM,1,29,0
5076,11326,bottas,77,1,MEDIUM,1,29,0
5077,11326,russell,63,2,HARD,24,34,0
5078,11326,hulkenberg,27,2,HARD,18,34,0
5079,11326,antonelli,12,1,MEDIUM,1,35,0
5080,11326,piastri,81,2,HARD,3,36,0
5081,11326,hulkenberg,27,3,SOFT,35,36,0
5082,11326,albon,23,4,SOFT,24,35,2
5083,11326,max_verstappen,3,2,HARD,18,38,0
5084,11326,norris,1,2,HARD,29,38,0
5085,11326,hadjar,6,2,HARD,20,38,0
5086,11326,antonelli,12,2,HARD,36,41,0
5087,11326,albon,23,5,SOFT,36,40,3
5088,11326,antonelli,12,3,MEDIUM,42,43,6
5089,11326,albon,23,6,SOFT,41,43,3
5090,11326,max_verstappen,3,3,MEDIUM,39,46,0
5091,11326,hadjar,6,3,MEDIUM,39,47,0
5092,11326,perez,11,2,HARD,22,46,0
5093,11326,lawson,30,2,HARD,29,47,0
5094,11326,arvid_lindblad,41,2,HARD,28,47,0
5095,11326,bortoleto,5,2,HARD,27,47,0
5096,11326,bottas,77,2,HARD,30,46,0
5097,11326,colapinto,43,2,HARD,23,47,0
5098,11326,leclerc,16,2,HARD,26,48,0
5099,11326,hamilton,44,2,HARD,24,48,0
5100,11326,piastri,81,3,MEDIUM,37,47,0
5101,11326,alonso,14,2,HARD,21,46,0
5102,11326,stroll,18,2,HARD,19,46,0
5103,11326,bearman,87,2,HARD,30,47,0
5104,11326,ocon,31,2,HARD,22,47,0
5105,11326,norris,1,3,MEDIUM,39,48,6
5106,11326,gasly,10,2,HARD,24,48,0
5107,11326,sainz,55,2,HARD,21,48,0
5108,11326,leclerc,16,3,SOFT,49,52,3
5109,11326,russell,63,3,MEDIUM,35,52,6
5110,11326,hamilton,44,3,SOFT,49,52,3
5111,11326,norris,1,4,SOFT,49,52,3
5112,11326,hadjar,6,4,SOFT,48,52,0
5113,11326,lawson,30,3,SOFT,48,52,3
5114,11326,arvid_lindblad,41,3,SOFT,48,52,0
5115,11326,bortoleto,5,3,SOFT,48,52,0
5116,11326,antonelli,12,4,MEDIUM,44,52,8
5117,11326,colapinto,43,3,SOFT,48,52,0
5118,11326,gasly,10,3,SOFT,49,52,0
5119,11326,piastri,81,4,SOFT,48,52,3
5120,11326,sainz,55,3,SOFT,49,52,0
5121,11326,alonso,14,3,SOFT,47,51,0
5122,11326,bearman,87,3,SOFT,48,52,3
5123,11326,ocon,31,3,SOFT,48,52,0
5124,11326,stroll,18,3,SOFT,47,51,0
5125,11326,perez,11,3,SOFT,47,52,0
5126,11326,bottas,77,3,SOFT,47,52,0
5127,11334,russell,63,1,MEDIUM,1,1,0
5128,11334,stroll,18,1,HARD,1,17,0
5129,11334,hamilton,44,1,MEDIUM,1,20,0
5130,11334,alonso,14,1,HARD,1,19,0
5131,11334,sainz,55,1,SOFT,1,14,0
5132,11334,gasly,10,1,MEDIUM,1,14,0
5133,11334,piastri,81,1,MEDIUM,1,20,0
5134,11334,arvid_lindblad,41,1,MEDIUM,1,16,0
5135,11334,lawson,30,1,MEDIUM,1,15,0
5136,11334,leclerc,16,1,MEDIUM,1,20,0
5137,11334,bearman,87,1,MEDIUM,1,1,0
5138,11334,colapinto,43,1,MEDIUM,1,15,0
5139,11334,bortoleto,5,1,MEDIUM,1,20,0
5140,11334,perez,11,1,HARD,1,1,0
5141,11334,ocon,31,1,MEDIUM,1,1,0
5142,11334,hadjar,6,1,HARD,1,1,0
5143,11334,bottas,77,1,SOFT,1,1,0
5144,11334,antonelli,12,1,MEDIUM,1,18,0
5145,11334,norris,1,1,HARD,1,30,0
5146,11334,hulkenberg,27,1,MEDIUM,1,20,0
5147,11334,max_verstappen,3,1,MEDIUM,1,17,0
5148,11334,albon,23,1,MEDIUM,1,18,0
5149,11334,hadjar,6,2,MEDIUM,2,2,0
5150,11334,bearman,87,2,HARD,2,20,0
5151,11334,perez,11,2,SOFT,2,12,0
5152,11334,bottas,77,2,HARD,2,32,0
5153,11334,ocon,31,2,HARD,2,16,0
5154,11334,hadjar,6,3,HARD,3,20,0
5155,11334,perez,11,3,HARD,13,13,1
5156,11334,gasly,10,2,HARD,15,44,0
5157,11334,sainz,55,2,HARD,15,44,0
5158,11334,lawson,30,2,HARD,16,44,0
5159,11334,colapinto,43,2,HARD,16,44,0
5160,11334,arvid_lindblad,41,2,HARD,17,44,0
5161,11334,ocon,31,3,HARD,17,44,0
5162,11334,max_verstappen,3,2,HARD,18,44,0
5163,11334,stroll,18,2,SOFT,18,25,0
5164,11334,antonelli,12,2,HARD,19,44,0
5165,11334,albon,23,2,HARD,19,44,0
5166,11334,alonso,14,2,SOFT,20,31,0
5167,11334,leclerc,16,2,HARD,21,44,0
5168,11334,hamilton,44,2,HARD,21,44,0
5169,11334,piastri,81,2,HARD,21,44,0
5170,11334,hadjar,6,4,HARD,21,44,1
5171,11334,bortoleto,5,2,HARD,21,44,0
5172,11334,hulkenberg,27,2,HARD,21,44,0
5173,11334,bearman,87,3,HARD,21,44,0
5174,11334,norris,1,2,MEDIUM,31,44,0
5175,11334,alonso,14,3,HARD,32,42,0
5176,11334,bottas,77,3,SOFT,33,43,0
5177,11334,antonelli,12,3,SOFT,45,45,3
5178,11342,perez,11,1,MEDIUM,1,1,0
5179,11342,stroll,18,1,SOFT,1,8,0
5180,11342,hamilton,44,1,SOFT,1,13,0
5181,11342,bottas,77,1,MEDIUM,1,13,0
5182,11342,max_verstappen,3,1,MEDIUM,1,14,0
5183,11342,colapinto,43,1,MEDIUM,1,15,0
5184,11342,piastri,81,1,MEDIUM,1,16,0
5185,11342,leclerc,16,1,SOFT,1,16,3
5186,11342,gasly,10,1,MEDIUM,1,16,0
5187,11342,norris,1,1,MEDIUM,1,17,0
5188,11342,ocon,31,1,MEDIUM,1,17,0
5189,11342,sainz,55,1,SOFT,1,18,0
5190,11342,hadjar,6,1,MEDIUM,1,19,0
5191,11342,hulkenberg,27,1,MEDIUM,1,19,0
5192,11342,arvid_lindblad,41,1,MEDIUM,1,20,0
5193,11342,lawson,30,1,MEDIUM,1,21,0
5194,11342,antonelli,12,1,MEDIUM,1,22,0
5195,11342,bearman,87,1,MEDIUM,1,22,0
5196,11342,albon,23,1,MEDIUM,1,26,0
5197,11342,russell,63,1,MEDIUM,1,27,0
5198,11342,bortoleto,5,1,SOFT,1,29,0
5199,11342,hamilton,44,2,HARD,14,30,0
5200,11342,piastri,81,2,HARD,17,33,0
5201,11342,alonso,14,1,SOFT,1,34,0
5202,11342,ocon,31,2,HARD,18,35,0
5203,11342,leclerc,16,2,HARD,17,36,0
5204,11342,stroll,18,2,MEDIUM,9,37,0
5205,11342,colapinto,43,2,HARD,16,37,0
5206,11342,hulkenberg,27,2,HARD,20,39,0
5207,11342,gasly,10,2,HARD,17,39,0
5208,11342,norris,1,2,HARD,18,39,0
5209,11342,max_verstappen,3,2,HARD,15,41,0
5210,11342,hadjar,6,2,HARD,20,42,0
5211,11342,lawson,30,2,HARD,22,42,0
5212,11342,bearman,87,2,HARD,23,42,0
5213,11342,sainz,55,2,MEDIUM,19,43,0
5214,11342,perez,11,2,MEDIUM,2,46,0
5215,11342,perez,11,3,SOFT,47,48,0
5216,11342,antonelli,12,2,HARD,23,53,0
5217,11342,russell,63,2,HARD,28,54,0
5218,11342,piastri,81,3,HARD,34,55,0
5219,11342,albon,23,2,HARD,27,54,0
5220,11342,norris,1,3,,40,56,1
5221,11342,sainz,55,3,SOFT,44,54,3
5222,11342,hamilton,44,3,HARD,31,56,0
5223,11342,leclerc,16,3,HARD,37,56,0
5224,11342,gasly,10,3,HARD,40,55,0
5225,11342,alonso,14,2,MEDIUM,35,55,0
5226,11342,norris,1,4,SOFT,57,70,3
5227,11342,colapinto,43,3,HARD,38,68,0
5228,11342,ocon,31,3,HARD,36,68,0
5229,11342,max_verstappen,3,3,SOFT,42,70,3
5230,11342,antonelli,12,3,HARD,54,70,0
5231,11342,hamilton,44,4,SOFT,57,70,3
5232,11342,leclerc,16,4,SOFT,57,70,3
5233,11342,lawson,30,3,SOFT,43,69,0
5234,11342,hulkenberg,27,3,SOFT,40,69,0
5235,11342,arvid_lindblad,41,2,HARD,21,69,0
5236,11342,bortoleto,5,2,HARD,30,69,0
5237,11342,bearman,87,3,HARD,43,68,0
5238,11342,albon,23,3,SOFT,55,68,0
5239,11342,sainz,55,4,SOFT,55,68,0
5240,11342,gasly,10,4,SOFT,56,69,0
5241,11342,hadjar,6,3,HARD,43,70,0
5242,11342,russell,63,3,HARD,55,70,0
5243,11342,stroll,18,3,SOFT,38,69,0
5244,11342,alonso,14,3,SOFT,56,69,3
5245,11348,hulkenberg,27,1,MEDIUM,1,5,7
5246,11348,sainz,55,1,MEDIUM,1,16,7
5247,11348,russell,63,1,MEDIUM,1,24,4
5248,11348,leclerc,16,1,SOFT,1,24,4
5249,11348,bottas,77,1,MEDIUM,1,23,0
5250,11348,norris,1,1,MEDIUM,1,24,4
5251,11348,antonelli,12,1,MEDIUM,1,24,4
5252,11348,piastri,81,1,MEDIUM,1,24,4
5253,11348,max_verstappen,3,1,MEDIUM,1,24,4
5254,11348,hamilton,44,1,MEDIUM,1,24,7
5255,11348,hulkenberg,27,2,MEDIUM,6,7,0
5256,11348,sainz,55,2,MEDIUM,17,23,0
5257,11348,gasly,10,1,MEDIUM,1,24,0
5258,11348,bortoleto,5,1,MEDIUM,1,24,6
5259,11348,arvid_lindblad,41,1,MEDIUM,1,24,4
5260,11348,lawson,30,1,MEDIUM,1,24,6
5261,11348,colapinto,43,1,MEDIUM,1,24,3
5262,11348,tsunoda,22,1,MEDIUM,1,24,4
5263,11348,perez,11,1,MEDIUM,1,21,0
5264,11348,ocon,31,1,MEDIUM,1,24,6
5265,11348,bearman,87,1,SOFT,1,24,0
5266,11348,albon,23,1,MEDIUM,1,24,5
5267,11348,stroll,18,1,MEDIUM,1,24,0
5268,11348,alonso,14,1,MEDIUM,1,24,0
5269,11353,max_verstappen,3,1,SOFT,1,1,0
5270,11353,norris,1,1,MEDIUM,1,2,0
5271,11353,antonelli,12,1,MEDIUM,1,2,0
5272,11353,russell,63,1,MEDIUM,1,2,0
5273,11353,leclerc,16,1,SOFT,1,2,0
5274,11353,piastri,81,1,MEDIUM,1,2,0
5275,11353,hamilton,44,1,SOFT,1,2,0
5276,11353,lawson,30,1,SOFT,1,2,3
5277,11353,arvid_lindblad,41,1,SOFT,1,2,3
5278,11353,gasly,10,1,MEDIUM,1,2,0
5279,11353,colapinto,43,1,MEDIUM,1,2,0
5280,11353,tsunoda,22,1,SOFT,1,2,0
5281,11353,hulkenberg,27,1,SOFT,1,2,0
5282,11353,ocon,31,1,MEDIUM,1,2,0
5283,11353,albon,23,1,SOFT,1,2,0
5284,11353,alonso,14,1,SOFT,1,2,0
5285,11353,bearman,87,1,SOFT,1,2,0
5286,11353,stroll,18,1,SOFT,1,2,0
5287,11353,bortoleto,5,1,SOFT,1,2,3
5288,11353,sainz,55,1,SOFT,1,2,0
5289,11353,perez,11,1,SOFT,1,2,0
5290,11353,bottas,77,1,HARD,1,2,0
5291,11353,bearman,87,2,SOFT,3,3,3
5292,11353,arvid_lindblad,41,2,MEDIUM,3,5,0
5293,11353,colapinto,43,2,MEDIUM,3,8,0
5294,11353,bortoleto,5,2,SOFT,3,11,3
5295,11353,stroll,18,2,SOFT,3,15,0
5296,11353,ocon,31,2,SOFT,3,16,3
5297,11353,russell,63,2,MEDIUM,3,17,2
5298,11353,piastri,81,2,HARD,3,18,0
5299,11353,gasly,10,2,MEDIUM,3,18,3
5300,11353,tsunoda,22,2,SOFT,3,18,3
5301,11353,hulkenberg,27,2,SOFT,3,19,3
5302,11353,antonelli,12,2,MEDIUM,3,21,2
5303,11353,norris,1,2,SOFT,3,21,3
5304,11353,leclerc,16,2,SOFT,3,21,0
5305,11353,lawson,30,2,SOFT,3,21,0
5306,11353,colapinto,43,3,MEDIUM,9,21,0
5307,11353,hamilton,44,2,SOFT,3,25,3
5308,11353,albon,23,2,HARD,3,26,0
5309,11353,bottas,77,2,HARD,3,28,0
5310,11353,perez,11,2,HARD,3,29,0
5311,11353,sainz,55,2,SOFT,3,30,0
5312,11353,alonso,14,2,SOFT,3,34,0
5313,11353,bortoleto,5,3,MEDIUM,12,34,0
5314,11353,stroll,18,3,HARD,16,35,0
5315,11353,arvid_lindblad,41,3,MEDIUM,6,36,0
5316,11353,ocon,31,3,HARD,17,36,0
5317,11353,antonelli,12,3,HARD,22,40,0
5318,11353,russell,63,3,HARD,18,40,0
5319,11353,leclerc,16,3,MEDIUM,22,43,0
5320,11353,piastri,81,3,HARD,19,44,0
5321,11353,tsunoda,22,3,HARD,19,44,0
5322,11353,colapinto,43,4,HARD,22,45,0
5323,11353,stroll,18,4,HARD,36,45,0
5324,11353,norris,1,3,HARD,22,47,0
5325,11353,gasly,10,3,HARD,19,46,0
5326,11353,lawson,30,3,MEDIUM,22,47,0
5327,11353,hulkenberg,27,3,SOFT,20,48,0
5328,11353,albon,23,3,HARD,27,49,0
5329,11353,bottas,77,3,HARD,29,51,0
5330,11353,ocon,31,4,HARD,37,52,0
5331,11353,perez,11,3,HARD,30,52,0
5332,11353,bortoleto,5,4,HARD,35,53,0
5333,11353,hamilton,44,3,HARD,26,55,0
5334,11353,leclerc,16,4,HARD,44,55,0
5335,11353,piastri,81,4,SOFT,45,55,0
5336,11353,antonelli,12,4,HARD,41,56,0
5337,11353,bottas,77,4,SOFT,52,61,0
5338,11353,sainz,55,3,HARD,31,65,0
5339,11353,albon,23,4,MEDIUM,50,66,0
5340,11353,norris,1,4,HARD,48,72,0
5341,11353,colapinto,43,5,SOFT,46,70,0
5342,11353,antonelli,12,5,SOFT,57,72,3
5343,11353,russell,63,4,HARD,41,72,0
5344,11353,hamilton,44,4,SOFT,56,72,0
5345,11353,leclerc,16,5,SOFT,56,72,0
5346,11353,piastri,81,5,SOFT,56,72,0
5347,11353,hulkenberg,27,4,HARD,49,71,0
5348,11353,alonso,14,3,HARD,35,71,0
5349,11353,gasly,10,4,MEDIUM,47,71,2
5350,11353,tsunoda,22,4,SOFT,45,71,0
5351,11353,perez,11,4,SOFT,53,70,0
5352,11353,sainz,55,4,SOFT,66,70,2
5353,11353,arvid_lindblad,41,4,HARD,37,71,0
5354,11353,bortoleto,5,5,SOFT,54,71,0
5355,11353,lawson,30,4,MEDIUM,48,72,0
